JDTDB,Calendar Date (TDB),delta-T,X,Y,Z,VX,VY,VZ,Calendar Date (UTC)
2461132.925162037, A.D. 2026-Apr-02 10:12:14.0000,69.185634,-350160205.2615675,641642639.2107177,283555871.7074574,-11.84750124394229,-4.899734519468128,-1.811740969923089,2026-04-02T10:11:04.814365
2461132.925856481, A.D. 2026-Apr-02 10:13:14.0000,69.185634,-350160916.1100535,641642345.2268988,283555763.0030637,-11.84749777045514,-4.899746573836024,-1.811746387518639,2026-04-02T10:12:04.814321
2461132.926550926, A.D. 2026-Apr-02 10:14:14.0000,69.185634,-350161626.9583297,641642051.2423571,283555654.298345,-11.84749429410523,-4.899758632651288,-1.811751807188229,2026-04-02T10:13:04.814398
2461132.927245371, A.D. 2026-Apr-02 10:15:14.0000,69.185634,-350162337.8063986,641641757.2570912,283555545.5933009,-11.8474908148812,-4.899770695908106,-1.811757228928903,2026-04-02T10:14:04.814435
2461132.927939815, A.D. 2026-Apr-02 10:16:14.0000,69.185634,-350163048.6542587,641641463.2711012,283555436.8879315,-11.84748733277172,-4.899782763600579,-1.811762652737662,2026-04-02T10:15:04.814391
2461132.928634259, A.D. 2026-Apr-02 10:17:14.0000,69.185634,-350163759.5019098,641641169.2843872,283555328.1822366,-11.84748384776544,-4.899794835722799,-1.81176807861151,2026-04-02T10:16:04.814347
2461132.929328704, A.D. 2026-Apr-02 10:18:14.0000,69.185634,-350164470.3493517,641640875.2969487,283555219.476216,-11.84748035985108,-4.899806912268835,-1.811773506547434,2026-04-02T10:17:04.814384
2461132.930023148, A.D. 2026-Apr-02 10:19:14.0000,69.185634,-350165181.1965828,641640581.308786,283555110.76987,-11.84747686901732,-4.89981899323271,-1.811778936542402,2026-04-02T10:18:04.814380
2461132.930717593, A.D. 2026-Apr-02 10:20:14.0000,69.185634,-350165892.0436058,641640287.3198978,283555002.0631978,-11.8474733752529,-4.899831078608497,-1.811784368593403,2026-04-02T10:19:04.814417
2461132.931412037, A.D. 2026-Apr-02 10:21:14.0000,69.185634,-350166602.8904191,641639993.3302844,283554893.3561997,-11.84746987854656,-4.899843168390164,-1.811789802697382,2026-04-02T10:20:04.814373
2461132.932106481, A.D. 2026-Apr-02 10:22:14.0000,69.185634,-350167313.7370225,641639699.3399453,283554784.6488754,-11.84746637888705,-4.899855262571685,-1.811795238851283,2026-04-02T10:21:04.814329
2461132.932800926, A.D. 2026-Apr-02 10:23:14.0000,69.185634,-350168024.5834157,641639405.3488805,283554675.941225,-11.84746287626316,-4.899867361147011,-1.811800677052038,2026-04-02T10:22:04.814366
2461132.93349537, A.D. 2026-Apr-02 10:24:14.0000,69.185634,-350168735.4295974,641639111.3570902,283554567.2332484,-11.84745937066367,-4.899879464110039,-1.811806117296559,2026-04-02T10:23:04.814362
2461132.934189815, A.D. 2026-Apr-02 10:25:14.0000,69.185634,-350169446.27557,641638817.364573,283554458.5249451,-11.8474558620774,-4.899891571454718,-1.811811559581777,2026-04-02T10:24:04.814399
2461132.934884259, A.D. 2026-Apr-02 10:26:14.0000,69.185634,-350170157.121332,641638523.3713294,283554349.8163152,-11.84745235049317,-4.899903683174902,-1.811817003904581,2026-04-02T10:25:04.814355
2461132.935578704, A.D. 2026-Apr-02 10:27:14.0000,69.185634,-350170867.9668834,641638229.3773589,283554241.1073586,-11.84744883589983,-4.899915799264439,-1.811822450261858,2026-04-02T10:26:04.814392
2461132.936273148, A.D. 2026-Apr-02 10:28:14.0000,69.185634,-350171578.8122236,641637935.3826611,283554132.3980751,-11.84744531828624,-4.899927919717157,-1.811827898650485,2026-04-02T10:27:04.814348
2461132.936967593, A.D. 2026-Apr-02 10:29:14.0000,69.185634,-350172289.6573514,641637641.3872368,283554023.6884649,-11.8474417976413,-4.899940044526839,-1.811833349067316,2026-04-02T10:28:04.814425
2461132.937662037, A.D. 2026-Apr-02 10:30:14.0000,69.185634,-350173000.5022691,641637347.3910842,283553914.9785274,-11.84743827395388,-4.899952173687309,-1.811838801509228,2026-04-02T10:29:04.814381
2461132.938356481, A.D. 2026-Apr-02 10:31:14.0000,69.185634,-350173711.3469754,641637053.3942037,283553806.2682627,-11.84743474721291,-4.899964307192301,-1.811844255973054,2026-04-02T10:30:04.814337
2461132.939050926, A.D. 2026-Apr-02 10:32:14.0000,69.185634,-350174422.19147,641636759.396595,283553697.5576707,-11.84743121740733,-4.899976445035544,-1.811849712455624,2026-04-02T10:31:04.814374
2461132.93974537, A.D. 2026-Apr-02 10:33:14.0000,69.185634,-350175133.0357528,641636465.398258,283553588.8467512,-11.84742768452608,-4.899988587210747,-1.81185517095376,2026-04-02T10:32:04.814330
2461132.940439815, A.D. 2026-Apr-02 10:34:14.0000,69.185634,-350175843.8798234,641636171.3991923,283553480.1355041,-11.84742414855814,-4.900000733711596,-1.811860631464271,2026-04-02T10:33:04.814407
2461132.941134259, A.D. 2026-Apr-02 10:35:14.0000,69.185634,-350176554.7236804,641635877.3993982,283553371.4239296,-11.84742060949251,-4.900012884531723,-1.811866093983946,2026-04-02T10:34:04.814363
2461132.941828704, A.D. 2026-Apr-02 10:36:14.0000,69.185634,-350177265.5673264,641635583.3988745,283553262.712027,-11.84741706731816,-4.900025039664816,-1.811871558509594,2026-04-02T10:35:04.814400
2461132.942523148, A.D. 2026-Apr-02 10:37:14.0000,69.185634,-350177976.4107597,641635289.3976213,283553153.9997965,-11.84741352202414,-4.900037199104461,-1.81187702503798,2026-04-02T10:36:04.814356
2461132.943217593, A.D. 2026-Apr-02 10:38:14.0000,69.185634,-350178687.2539803,641634995.3956383,283553045.2872379,-11.8474099735995,-4.900049362844249,-1.811882493565871,2026-04-02T10:37:04.814393
2461132.943912037, A.D. 2026-Apr-02 10:39:14.0000,69.185634,-350179398.0969878,641634701.3929255,283552936.5743513,-11.84740642203328,-4.900061530877745,-1.811887964090022,2026-04-02T10:38:04.814389
2461132.944606482, A.D. 2026-Apr-02 10:40:14.0000,69.185634,-350180108.9397808,641634407.389483,283552827.8611364,-11.84740286731458,-4.900073703198466,-1.811893436607164,2026-04-02T10:39:04.814426
2461132.945300926, A.D. 2026-Apr-02 10:41:14.0000,69.185634,-350180819.7823617,641634113.3853095,283552719.1475931,-11.84739930943248,-4.900085879799979,-1.811898911114054,2026-04-02T10:40:04.814382
2461132.94599537, A.D. 2026-Apr-02 10:42:14.0000,69.185634,-350181530.6247291,641633819.3804052,283552610.4337211,-11.8473957483761,-4.900098060675756,-1.811904387607401,2026-04-02T10:41:04.814338
2461132.946689815, A.D. 2026-Apr-02 10:43:14.0000,69.185634,-350182241.4668828,641633525.3747699,283552501.7195206,-11.84739218413459,-4.900110245819266,-1.811909866083917,2026-04-02T10:42:04.814375
2461132.947384259, A.D. 2026-Apr-02 10:44:14.0000,69.185634,-350182952.3088225,641633231.3684034,283552393.0049912,-11.84738861669708,-4.900122435223959,-1.811915346540303,2026-04-02T10:43:04.814371
2461132.948078704, A.D. 2026-Apr-02 10:45:14.0000,69.185634,-350183663.150548,641632937.3613056,283552284.2901329,-11.84738504605276,-4.900134628883259,-1.811920828973247,2026-04-02T10:44:04.814408
2461132.948773148, A.D. 2026-Apr-02 10:46:14.0000,69.185634,-350184373.9920579,641632643.3534763,283552175.5749459,-11.84738147219083,-4.900146826790542,-1.811926313379417,2026-04-02T10:45:04.814364
2461132.949467592, A.D. 2026-Apr-02 10:47:14.0000,69.185634,-350185084.8333545,641632349.3449147,283552066.8594295,-11.84737789510047,-4.900159028939237,-1.811931799755504,2026-04-02T10:46:04.814320
2461132.950162037, A.D. 2026-Apr-02 10:48:14.0000,69.185634,-350185795.6744365,641632055.3356208,283551958.143584,-11.84737431477093,-4.900171235322674,-1.811937288098151,2026-04-02T10:47:04.814357
2461132.950856482, A.D. 2026-Apr-02 10:49:14.0000,69.185634,-350186506.5153035,641631761.3255942,283551849.427409,-11.84737073119144,-4.900183445934183,-1.811942778404009,2026-04-02T10:48:04.814434
2461132.951550926, A.D. 2026-Apr-02 10:50:14.0000,69.185634,-350187217.3559555,641631467.314835,283551740.7109045,-11.84736714435129,-4.900195660767074,-1.811948270669709,2026-04-02T10:49:04.814390
2461132.95224537, A.D. 2026-Apr-02 10:51:14.0000,69.185634,-350187928.1963921,641631173.3033427,283551631.9940705,-11.84736355423975,-4.900207879814633,-1.811953764891879,2026-04-02T10:50:04.814346
2461132.952939815, A.D. 2026-Apr-02 10:52:14.0000,69.185634,-350188639.0366118,641630879.2911178,283551523.2769069,-11.84735996084614,-4.900220103070096,-1.81195926106712,2026-04-02T10:51:04.814383
2461132.953634259, A.D. 2026-Apr-02 10:53:14.0000,69.185634,-350189349.8766173,641630585.2781587,283551414.5594134,-11.84735636415976,-4.900232330526754,-1.811964759192058,2026-04-02T10:52:04.814339
2461132.954328704, A.D. 2026-Apr-02 10:54:14.0000,69.185634,-350190060.7164068,641630291.2644659,283551305.8415898,-11.84735276416996,-4.9002445621778,-1.811970259263276,2026-04-02T10:53:04.814416
2461132.955023148, A.D. 2026-Apr-02 10:55:14.0000,69.185634,-350190771.5559801,641629997.2500391,283551197.1234362,-11.84734916086611,-4.900256798016423,-1.811975761277355,2026-04-02T10:54:04.814372
2461132.955717593, A.D. 2026-Apr-02 10:56:14.0000,69.185634,-350191482.3953373,641629703.234878,283551088.4049525,-11.84734555423759,-4.900269038035799,-1.811981265230868,2026-04-02T10:55:04.814409
2461132.956412037, A.D. 2026-Apr-02 10:57:14.0000,69.185634,-350192193.2344779,641629409.2189822,283550979.6861385,-11.8473419442738,-4.900281282229074,-1.811986771120376,2026-04-02T10:56:04.814365
2461132.957106481, A.D. 2026-Apr-02 10:58:14.0000,69.185634,-350192904.0734019,641629115.2023518,283550870.966994,-11.84733833096416,-4.900293530589374,-1.811992278942427,2026-04-02T10:57:04.814321
2461132.957800926, A.D. 2026-Apr-02 10:59:14.0000,69.185634,-350193614.9121075,641628821.1849871,283550762.2475192,-11.84733471429812,-4.900305783109776,-1.811997788693554,2026-04-02T10:58:04.814398
2461132.958495371, A.D. 2026-Apr-02 11:00:14.0000,69.185634,-350194325.7505974,641628527.1668863,283550653.5277135,-11.84733109426512,-4.900318039783409,-1.812003300370306,2026-04-02T10:59:04.814435
2461132.959189815, A.D. 2026-Apr-02 11:01:14.0000,69.185634,-350195036.58887,641628233.1480501,283550544.8075771,-11.84732747085465,-4.900330300603307,-1.812008813969192,2026-04-02T11:00:04.814391
2461132.959884259, A.D. 2026-Apr-02 11:02:14.0000,69.185634,-350195747.4269252,641627939.1284782,283550436.0871099,-11.84732384405621,-4.900342565562505,-1.81201432948672,2026-04-02T11:01:04.814347
2461132.960578704, A.D. 2026-Apr-02 11:03:14.0000,69.185634,-350196458.2647626,641627645.10817,283550327.3663116,-11.84732021385931,-4.900354834654014,-1.812019846919389,2026-04-02T11:02:04.814384
2461132.961273148, A.D. 2026-Apr-02 11:04:14.0000,69.185634,-350197169.1023821,641627351.0871258,283550218.6451823,-11.8473165802535,-4.900367107870825,-1.812025366263686,2026-04-02T11:03:04.814380
2461132.961967593, A.D. 2026-Apr-02 11:05:14.0000,69.185634,-350197879.9397835,641627057.0653449,283550109.9237217,-11.84731294322833,-4.900379385205905,-1.81203088751609,2026-04-02T11:04:04.814417
2461132.962662037, A.D. 2026-Apr-02 11:06:14.0000,69.185634,-350198590.7769651,641626763.042828,283550001.20193,-11.84730930277339,-4.900391666652176,-1.812036410673055,2026-04-02T11:05:04.814373
2461132.963356481, A.D. 2026-Apr-02 11:07:14.0000,69.185634,-350199301.6139296,641626469.0195735,283549892.4798067,-11.84730565887826,-4.900403952202606,-1.812041935731062,2026-04-02T11:06:04.814329
2461132.964050926, A.D. 2026-Apr-02 11:08:14.0000,69.185634,-350200012.4506754,641626174.9955816,283549783.7573518,-11.84730201153257,-4.900416241850076,-1.812047462686544,2026-04-02T11:07:04.814366
2461132.96474537, A.D. 2026-Apr-02 11:09:14.0000,69.185634,-350200723.2872023,641625880.9708523,283549675.0345652,-11.84729836072595,-4.900428535587461,-1.81205299153594,2026-04-02T11:08:04.814362
2461132.965439815, A.D. 2026-Apr-02 11:10:14.0000,69.185634,-350201434.12351,641625586.9453852,283549566.3114468,-11.84729470644807,-4.900440833407617,-1.812058522275674,2026-04-02T11:09:04.814399
2461132.966134259, A.D. 2026-Apr-02 11:11:14.0000,69.185634,-350202144.9595983,641625292.9191802,283549457.5879965,-11.8472910486886,-4.90045313530338,-1.812064054902162,2026-04-02T11:10:04.814355
2461132.966828704, A.D. 2026-Apr-02 11:12:14.0000,69.185634,-350202855.7954671,641624998.8922367,283549348.8642142,-11.84728738743724,-4.900465441267561,-1.812069589411809,2026-04-02T11:11:04.814392
2461132.967523148, A.D. 2026-Apr-02 11:13:14.0000,69.185634,-350203566.6311147,641624704.8645556,283549240.1401,-11.84728372268372,-4.900477751292924,-1.812075125801002,2026-04-02T11:12:04.814348
2461132.968217593, A.D. 2026-Apr-02 11:14:14.0000,69.185634,-350204277.4665437,641624410.836135,283549131.4156533,-11.84728005441777,-4.900490065372287,-1.812080664066145,2026-04-02T11:13:04.814425
2461132.968912037, A.D. 2026-Apr-02 11:15:14.0000,69.185634,-350204988.3017525,641624116.8069756,283549022.6908743,-11.84727638262915,-4.900502383498372,-1.812086204203603,2026-04-02T11:14:04.814381
2461132.969606481, A.D. 2026-Apr-02 11:16:14.0000,69.185634,-350205699.1367409,641623822.777077,283548913.9657629,-11.84727270730763,-4.900514705663901,-1.812091746209741,2026-04-02T11:15:04.814337
2461132.970300926, A.D. 2026-Apr-02 11:17:14.0000,69.185634,-350206409.9715086,641623528.7464389,283548805.2403188,-11.84726902844304,-4.900527031861579,-1.812097290080914,2026-04-02T11:16:04.814374
2461132.97099537, A.D. 2026-Apr-02 11:18:14.0000,69.185634,-350207120.8060555,641623234.7150611,283548696.5145421,-11.84726534602517,-4.900539362084085,-1.812102835813467,2026-04-02T11:17:04.814330
2461132.971689815, A.D. 2026-Apr-02 11:19:14.0000,69.185634,-350207831.6403814,641622940.6829432,283548587.7884326,-11.84726166004389,-4.900551696324075,-1.812108383403735,2026-04-02T11:18:04.814407
2461132.972384259, A.D. 2026-Apr-02 11:20:14.0000,69.185634,-350208542.474486,641622646.6500853,283548479.0619901,-11.84725797048904,-4.900564034574192,-1.812113932848041,2026-04-02T11:19:04.814363
2461132.973078704, A.D. 2026-Apr-02 11:21:14.0000,69.185634,-350209253.3083691,641622352.616487,283548370.3352147,-11.84725427735052,-4.900576376827045,-1.812119484142701,2026-04-02T11:20:04.814400
2461132.973773148, A.D. 2026-Apr-02 11:22:14.0000,69.185634,-350209964.1420292,641622058.5821487,283548261.6081063,-11.84725058061824,-4.900588723075209,-1.812125037284008,2026-04-02T11:21:04.814356
2461132.974467593, A.D. 2026-Apr-02 11:23:14.0000,69.185634,-350210674.9754687,641621764.5470687,283548152.8806645,-11.8472468802821,-4.900601073311299,-1.81213059226828,2026-04-02T11:22:04.814393
2461132.975162037, A.D. 2026-Apr-02 11:24:14.0000,69.185634,-350211385.808686,641621470.5112478,283548044.1528893,-11.84724317633207,-4.900613427527847,-1.81213614909179,2026-04-02T11:23:04.814389
2461132.975856482, A.D. 2026-Apr-02 11:25:14.0000,69.185634,-350212096.6416811,641621176.4746853,283547935.4247806,-11.8472394687581,-4.900625785717378,-1.812141707750812,2026-04-02T11:24:04.814426
2461132.976550926, A.D. 2026-Apr-02 11:26:14.0000,69.185634,-350212807.4744536,641620882.4373813,283547826.6963384,-11.8472357575502,-4.900638147872403,-1.812147268241614,2026-04-02T11:25:04.814382
2461132.97724537, A.D. 2026-Apr-02 11:27:14.0000,69.185634,-350213518.3070033,641620588.3993354,283547717.9675624,-11.84723204269836,-4.900650513985407,-1.812152830560448,2026-04-02T11:26:04.814338
2461132.977939815, A.D. 2026-Apr-02 11:28:14.0000,69.185634,-350214229.13933,641620294.3605477,283547609.2384528,-11.84722832419262,-4.900662884048853,-1.812158394703562,2026-04-02T11:27:04.814375
2461132.978634259, A.D. 2026-Apr-02 11:29:14.0000,69.185634,-350214939.9714334,641620000.3210174,283547500.5090091,-11.84722460202304,-4.90067525805519,-1.81216396066719,2026-04-02T11:28:04.814371
2461132.979328704, A.D. 2026-Apr-02 11:30:14.0000,69.185634,-350215650.8033134,641619706.2807444,283547391.7792315,-11.84722087617967,-4.900687635996837,-1.812169528447558,2026-04-02T11:29:04.814408
2461132.980023148, A.D. 2026-Apr-02 11:31:14.0000,69.185634,-350216361.6349684,641619412.2397295,283547283.04912,-11.84721714665265,-4.900700017866171,-1.812175098040872,2026-04-02T11:30:04.814364
2461132.980717592, A.D. 2026-Apr-02 11:32:14.0000,69.185634,-350217072.466401,641619118.1979709,283547174.318674,-11.84721341343204,-4.900712403655623,-1.812180669443359,2026-04-02T11:31:04.814320
2461132.981412037, A.D. 2026-Apr-02 11:33:14.0000,69.185634,-350217783.2976093,641618824.1554691,283547065.5878937,-11.84720967650801,-4.900724793357529,-1.812186242651207,2026-04-02T11:32:04.814357
2461132.982106482, A.D. 2026-Apr-02 11:34:14.0000,69.185634,-350218494.1285934,641618530.1122236,283546956.856779,-11.84720593587072,-4.900737186964225,-1.812191817660602,2026-04-02T11:33:04.814434
2461132.982800926, A.D. 2026-Apr-02 11:35:14.0000,69.185634,-350219204.9593529,641618236.0682344,283546848.1253297,-11.84720219151034,-4.90074958446803,-1.812197394467719,2026-04-02T11:34:04.814390
2461132.98349537, A.D. 2026-Apr-02 11:36:14.0000,69.185634,-350219915.7898877,641617942.0235014,283546739.3935457,-11.84719844341707,-4.90076198586124,-1.81220297306873,2026-04-02T11:35:04.814346
2461132.984189815, A.D. 2026-Apr-02 11:37:14.0000,69.185634,-350220626.6201974,641617647.9780241,283546630.661427,-11.84719469158115,-4.900774391136132,-1.81220855345979,2026-04-02T11:36:04.814383
2461132.984884259, A.D. 2026-Apr-02 11:38:14.0000,69.185634,-350221337.4502819,641617353.9318025,283546521.9289733,-11.84719093599282,-4.90078680028496,-1.812214135637049,2026-04-02T11:37:04.814339
2461132.985578704, A.D. 2026-Apr-02 11:39:14.0000,69.185634,-350222048.280141,641617059.8848361,283546413.1961848,-11.84718717664234,-4.900799213299958,-1.812219719596645,2026-04-02T11:38:04.814416
2461132.986273148, A.D. 2026-Apr-02 11:40:14.0000,69.185634,-350222759.1097744,641616765.8371248,283546304.4630611,-11.84718341352,-4.900811630173339,-1.812225305334708,2026-04-02T11:39:04.814372
2461132.986967593, A.D. 2026-Apr-02 11:41:14.0000,69.185634,-350223469.9391819,641616471.7886685,283546195.7296022,-11.84717964661612,-4.900824050897299,-1.81223089284736,2026-04-02T11:40:04.814409
2461132.987662037, A.D. 2026-Apr-02 11:42:14.0000,69.185634,-350224180.7683619,641616177.7394673,283546086.9958082,-11.84717587592104,-4.900836475463983,-1.812236482130697,2026-04-02T11:41:04.814365
2461132.988356481, A.D. 2026-Apr-02 11:43:14.0000,69.185634,-350224891.5973169,641615883.6895199,283545978.2616786,-11.84717210142509,-4.900848903865594,-1.812242073180846,2026-04-02T11:42:04.814321
2461132.989050926, A.D. 2026-Apr-02 11:44:14.0000,69.185634,-350225602.4260454,641615589.6388267,283545869.5272135,-11.84716832311866,-4.900861336094236,-1.812247665993884,2026-04-02T11:43:04.814398
2461132.989745371, A.D. 2026-Apr-02 11:45:14.0000,69.185634,-350226313.2545469,641615295.5873876,283545760.7924128,-11.84716454099215,-4.900873772142022,-1.812253260565896,2026-04-02T11:44:04.814435
2461132.990439815, A.D. 2026-Apr-02 11:46:14.0000,69.185634,-350227024.0828215,641615001.5352021,283545652.0572763,-11.84716075503599,-4.900886212001041,-1.812258856892954,2026-04-02T11:45:04.814391
2461132.991134259, A.D. 2026-Apr-02 11:47:14.0000,69.185634,-350227734.9108688,641614707.48227,283545543.321804,-11.84715696524061,-4.900898655663368,-1.812264454971122,2026-04-02T11:46:04.814347
2461132.991828704, A.D. 2026-Apr-02 11:48:14.0000,69.185634,-350228445.7386886,641614413.4285914,283545434.5859958,-11.84715317159648,-4.900911103121047,-1.812270054796454,2026-04-02T11:47:04.814384
2461132.992523148, A.D. 2026-Apr-02 11:49:14.0000,69.185634,-350229156.5662807,641614119.3741658,283545325.8498515,-11.84714937409409,-4.900923554366111,-1.812275656364995,2026-04-02T11:48:04.814380
2461132.993217593, A.D. 2026-Apr-02 11:50:14.0000,69.185634,-350229867.3936448,641613825.3189927,283545217.1133711,-11.84714557272395,-4.900936009390569,-1.81228125967278,2026-04-02T11:49:04.814417
2461132.993912037, A.D. 2026-Apr-02 11:51:14.0000,69.185634,-350230578.2207807,641613531.2630725,283545108.3765544,-11.8471417674766,-4.900948468186409,-1.812286864715837,2026-04-02T11:50:04.814373
2461132.994606481, A.D. 2026-Apr-02 11:52:14.0000,69.185634,-350231289.0476882,641613237.2064047,283544999.6394014,-11.84713795834258,-4.900960930745604,-1.812292471490183,2026-04-02T11:51:04.814329
2461132.995300926, A.D. 2026-Apr-02 11:53:14.0000,69.185634,-350231999.8743671,641612943.148989,283544890.901912,-11.84713414531248,-4.900973397060099,-1.812298079991825,2026-04-02T11:52:04.814366
2461132.99599537, A.D. 2026-Apr-02 11:54:14.0000,69.185634,-350232710.7008169,641612649.090825,283544782.1640859,-11.84713032837689,-4.900985867121828,-1.812303690216763,2026-04-02T11:53:04.814362
2461132.996689815, A.D. 2026-Apr-02 11:55:14.0000,69.185634,-350233421.5270377,641612355.0319128,283544673.4259232,-11.84712650752645,-4.900998340922697,-1.812309302160987,2026-04-02T11:54:04.814399
2461132.997384259, A.D. 2026-Apr-02 11:56:14.0000,69.185634,-350234132.3530291,641612060.9722521,283544564.6874238,-11.84712268275179,-4.901010818454597,-1.812314915820477,2026-04-02T11:55:04.814355
2461132.998078704, A.D. 2026-Apr-02 11:57:14.0000,69.185634,-350234843.1787909,641611766.9118426,283544455.9485874,-11.84711885404358,-4.901023299709398,-1.812320531191205,2026-04-02T11:56:04.814392
2461132.998773148, A.D. 2026-Apr-02 11:58:14.0000,69.185634,-350235554.0043215,641611472.8506848,283544347.2094143,-11.84711502139253,-4.901035784678925,-1.812326148269123,2026-04-02T11:57:04.814348
2461132.999467593, A.D. 2026-Apr-02 11:59:14.0000,69.185634,-350236264.8296234,641611178.7887771,283544238.4699039,-11.84711118478933,-4.90104827335506,-1.812331767050206,2026-04-02T11:58:04.814425
2461133.000162037, A.D. 2026-Apr-02 12:00:14.0000,69.185634,-350236975.654695,641610884.72612,283544129.7300563,-11.84710734422472,-4.901060765729587,-1.812337387530387,2026-04-02T11:59:04.814381
2461133.000856481, A.D. 2026-Apr-02 12:01:14.0000,69.185634,-350237686.479536,641610590.6627132,283544020.9898715,-11.84710349968947,-4.901073261794296,-1.812343009705603,2026-04-02T12:00:04.814337
2461133.001550926, A.D. 2026-Apr-02 12:02:14.0000,69.185634,-350238397.3041462,641610296.5985565,283543912.2493493,-11.84709965117436,-4.901085761540961,-1.81234863357178,2026-04-02T12:01:04.814374
2461133.00224537, A.D. 2026-Apr-02 12:03:14.0000,69.185634,-350239108.1285254,641610002.5336498,283543803.5084895,-11.84709579867019,-4.901098264961334,-1.812354259124835,2026-04-02T12:02:04.814330
2461133.002939815, A.D. 2026-Apr-02 12:04:14.0000,69.185634,-350239818.9526734,641609708.4679928,283543694.7672923,-11.8470919421678,-4.901110772047147,-1.812359886360678,2026-04-02T12:03:04.814407
2461133.003634259, A.D. 2026-Apr-02 12:05:14.0000,69.185634,-350240529.7765898,641609414.4015852,283543586.0257573,-11.84708808165802,-4.901123282790115,-1.812365515275208,2026-04-02T12:04:04.814363
2461133.004328704, A.D. 2026-Apr-02 12:06:14.0000,69.185634,-350241240.6002744,641609120.334427,283543477.2838846,-11.84708421713175,-4.901135797181932,-1.812371145864317,2026-04-02T12:05:04.814400
2461133.005023148, A.D. 2026-Apr-02 12:07:14.0000,69.185634,-350241951.4237272,641608826.2665176,283543368.541674,-11.84708034857987,-4.90114831521427,-1.812376778123886,2026-04-02T12:06:04.814356
2461133.005717593, A.D. 2026-Apr-02 12:08:14.0000,69.185634,-350242662.2469476,641608532.1978571,283543259.7991253,-11.84707647599332,-4.901160836878789,-1.81238241204979,2026-04-02T12:07:04.814393
2461133.006412037, A.D. 2026-Apr-02 12:09:14.0000,69.185634,-350243373.0699356,641608238.1284451,283543151.0562386,-11.84707259936302,-4.901173362167122,-1.812388047637893,2026-04-02T12:08:04.814389
2461133.007106482, A.D. 2026-Apr-02 12:10:14.0000,69.185634,-350244083.8926908,641607944.0582817,283543042.3130137,-11.84706871867996,-4.901185891070889,-1.812393684884052,2026-04-02T12:09:04.814426
2461133.007800926, A.D. 2026-Apr-02 12:11:14.0000,69.185634,-350244794.7152132,641607649.9873663,283542933.5694505,-11.84706483393512,-4.901198423581685,-1.812399323784112,2026-04-02T12:10:04.814382
2461133.00849537, A.D. 2026-Apr-02 12:12:14.0000,69.185634,-350245505.5375022,641607355.915699,283542824.825549,-11.84706094511952,-4.901210959691094,-1.812404964333913,2026-04-02T12:11:04.814338
2461133.009189815, A.D. 2026-Apr-02 12:13:14.0000,69.185634,-350246216.3595579,641607061.8432792,283542716.081309,-11.84705705222419,-4.901223499390674,-1.812410606529286,2026-04-02T12:12:04.814375
2461133.009884259, A.D. 2026-Apr-02 12:14:14.0000,69.185634,-350246927.1813798,641606767.7701072,283542607.3367303,-11.8470531552402,-4.901236042671965,-1.812416250366049,2026-04-02T12:13:04.814371
2461133.010578704, A.D. 2026-Apr-02 12:15:14.0000,69.185634,-350247638.0029678,641606473.6961823,283542498.591813,-11.84704925415863,-4.901248589526493,-1.812421895840019,2026-04-02T12:14:04.814408
2461133.011273148, A.D. 2026-Apr-02 12:16:14.0000,69.185634,-350248348.8243216,641606179.6215043,283542389.8465569,-11.8470453489706,-4.901261139945761,-1.812427542946998,2026-04-02T12:15:04.814364
2461133.011967592, A.D. 2026-Apr-02 12:17:14.0000,69.185634,-350249059.645441,641605885.5460736,283542281.100962,-11.84704143966723,-4.901273693921254,-1.812433191682781,2026-04-02T12:16:04.814320
2461133.012662037, A.D. 2026-Apr-02 12:18:14.0000,69.185634,-350249770.4663256,641605591.4698892,283542172.355028,-11.84703752623968,-4.901286251444437,-1.812438842043156,2026-04-02T12:17:04.814357
2461133.013356482, A.D. 2026-Apr-02 12:19:14.0000,69.185634,-350250481.2869754,641605297.3929514,283542063.6087551,-11.84703360867913,-4.90129881250676,-1.812444494023901,2026-04-02T12:18:04.814434
2461133.014050926, A.D. 2026-Apr-02 12:20:14.0000,69.185634,-350251192.10739,641605003.3152598,283541954.8621429,-11.84702968697679,-4.901311377099653,-1.812450147620786,2026-04-02T12:19:04.814390
2461133.01474537, A.D. 2026-Apr-02 12:21:14.0000,69.185634,-350251902.9275692,641604709.2368143,283541846.1151915,-11.84702576112388,-4.901323945214526,-1.812455802829573,2026-04-02T12:20:04.814346
2461133.015439815, A.D. 2026-Apr-02 12:22:14.0000,69.185634,-350252613.7475127,641604415.1576146,283541737.3679007,-11.84702183111166,-4.901336516842771,-1.812461459646016,2026-04-02T12:21:04.814383
2461133.016134259, A.D. 2026-Apr-02 12:23:14.0000,69.185634,-350253324.5672203,641604121.0776603,283541628.6202704,-11.84701789693139,-4.901349091975765,-1.81246711806586,2026-04-02T12:22:04.814339
2461133.016828704, A.D. 2026-Apr-02 12:24:14.0000,69.185634,-350254035.3866916,641603826.9969516,283541519.8723006,-11.84701395857439,-4.90136167060486,-1.812472778084839,2026-04-02T12:23:04.814416
2461133.017523148, A.D. 2026-Apr-02 12:25:14.0000,69.185634,-350254746.2059266,641603532.9154879,283541411.1239912,-11.84701001603197,-4.901374252721395,-1.812478439698683,2026-04-02T12:24:04.814372
2461133.018217593, A.D. 2026-Apr-02 12:26:14.0000,69.185634,-350255457.0249248,641603238.8332694,283541302.375342,-11.84700606929549,-4.901386838316691,-1.812484102903113,2026-04-02T12:25:04.814409
2461133.018912037, A.D. 2026-Apr-02 12:27:14.0000,69.185634,-350256167.8436862,641602944.7502954,283541193.626353,-11.8470021183563,-4.901399427382048,-1.812489767693838,2026-04-02T12:26:04.814365
2461133.019606481, A.D. 2026-Apr-02 12:28:14.0000,69.185634,-350256878.6622104,641602650.6665661,283541084.8770241,-11.84699816320582,-4.901412019908749,-1.812495434066564,2026-04-02T12:27:04.814321
2461133.020300926, A.D. 2026-Apr-02 12:29:14.0000,69.185634,-350257589.4804971,641602356.5820812,283540976.127355,-11.84699420383547,-4.901424615888059,-1.812501102016984,2026-04-02T12:28:04.814398
2461133.020995371, A.D. 2026-Apr-02 12:30:14.0000,69.185634,-350258300.2985461,641602062.4968404,283540867.3773459,-11.84699024023667,-4.901437215311224,-1.812506771540786,2026-04-02T12:29:04.814435
2461133.021689815, A.D. 2026-Apr-02 12:31:14.0000,69.185634,-350259011.1163572,641601768.4108435,283540758.6269966,-11.84698627240091,-4.901449818169477,-1.812512442633647,2026-04-02T12:30:04.814391
2461133.022384259, A.D. 2026-Apr-02 12:32:14.0000,69.185634,-350259721.9339302,641601474.3240904,283540649.876307,-11.84698230031968,-4.901462424454027,-1.812518115291241,2026-04-02T12:31:04.814347
2461133.023078704, A.D. 2026-Apr-02 12:33:14.0000,69.185634,-350260432.7512646,641601180.2365806,283540541.1252769,-11.84697832398449,-4.901475034156065,-1.812523789509227,2026-04-02T12:32:04.814384
2461133.023773148, A.D. 2026-Apr-02 12:34:14.0000,69.185634,-350261143.5683604,641600886.1483144,283540432.3739064,-11.84697434338689,-4.90148764726677,-1.812529465283262,2026-04-02T12:33:04.814380
2461133.024467593, A.D. 2026-Apr-02 12:35:14.0000,69.185634,-350261854.3852171,641600592.0592911,283540323.6221952,-11.84697035851844,-4.9015002637773,-1.812535142608991,2026-04-02T12:34:04.814417
2461133.025162037, A.D. 2026-Apr-02 12:36:14.0000,69.185634,-350262565.2018347,641600297.9695109,283540214.8701434,-11.84696636937075,-4.901512883678793,-1.812540821482053,2026-04-02T12:35:04.814373
2461133.025856481, A.D. 2026-Apr-02 12:37:14.0000,69.185634,-350263276.0182128,641600003.8789732,283540106.1177508,-11.84696237593541,-4.901525506962374,-1.812546501898078,2026-04-02T12:36:04.814329
2461133.026550926, A.D. 2026-Apr-02 12:38:14.0000,69.185634,-350263986.8343512,641599709.7876781,283539997.3650173,-11.84695837820407,-4.901538133619146,-1.812552183852688,2026-04-02T12:37:04.814366
2461133.02724537, A.D. 2026-Apr-02 12:39:14.0000,69.185634,-350264697.6502495,641599415.6956254,283539888.6119429,-11.8469543761684,-4.901550763640198,-1.812557867341499,2026-04-02T12:38:04.814362
2461133.027939815, A.D. 2026-Apr-02 12:40:14.0000,69.185634,-350265408.4659076,641599121.6028146,283539779.8585274,-11.84695036982009,-4.901563397016602,-1.812563552360115,2026-04-02T12:39:04.814399
2461133.028634259, A.D. 2026-Apr-02 12:41:14.0000,69.185634,-350266119.2813252,641598827.5092459,283539671.1047708,-11.84694635915085,-4.901576033739408,-1.812569238904136,2026-04-02T12:40:04.814355
2461133.029328704, A.D. 2026-Apr-02 12:42:14.0000,69.185634,-350266830.0965021,641598533.4149188,283539562.3506729,-11.84694234415242,-4.901588673799653,-1.812574926969153,2026-04-02T12:41:04.814392
2461133.030023148, A.D. 2026-Apr-02 12:43:14.0000,69.185634,-350267540.9114379,641598239.3198333,283539453.5962337,-11.84693832481656,-4.901601317188355,-1.812580616550749,2026-04-02T12:42:04.814348
2461133.030717593, A.D. 2026-Apr-02 12:44:14.0000,69.185634,-350268251.7261324,641597945.2239889,283539344.8414531,-11.84693430113507,-4.901613963896516,-1.812586307644499,2026-04-02T12:43:04.814425
2461133.031412037, A.D. 2026-Apr-02 12:45:14.0000,69.185634,-350268962.5405853,641597651.1273857,283539236.0863309,-11.84693027309975,-4.90162661391512,-1.812592000245969,2026-04-02T12:44:04.814381
2461133.032106481, A.D. 2026-Apr-02 12:46:14.0000,69.185634,-350269673.3547979,641597357.0300229,283539127.3308669,-11.84692624070244,-4.901639267235158,-1.812597694350731,2026-04-02T12:45:04.814337
2461133.032800926, A.D. 2026-Apr-02 12:47:14.0000,69.185634,-350270384.1687669,641597062.9319012,283539018.5750616,-11.84692220393502,-4.90165192384753,-1.812603389954315,2026-04-02T12:46:04.814374
2461133.03349537, A.D. 2026-Apr-02 12:48:14.0000,69.185634,-350271094.9824936,641596768.8330201,283538909.8189144,-11.84691816278938,-4.901664583743195,-1.812609087052275,2026-04-02T12:47:04.814330
2461133.034189815, A.D. 2026-Apr-02 12:49:14.0000,69.185634,-350271805.7959778,641596474.7333792,283538801.0624253,-11.84691411725741,-4.901677246913069,-1.812614785640148,2026-04-02T12:48:04.814407
2461133.034884259, A.D. 2026-Apr-02 12:50:14.0000,69.185634,-350272516.6092191,641596180.6329787,283538692.3055943,-11.84691006733107,-4.901689913348051,-1.812620485713464,2026-04-02T12:49:04.814363
2461133.035578704, A.D. 2026-Apr-02 12:51:14.0000,69.185634,-350273227.4222172,641595886.5318179,283538583.5484212,-11.84690601300231,-4.901702583039022,-1.812626187267742,2026-04-02T12:50:04.814400
2461133.036273148, A.D. 2026-Apr-02 12:52:14.0000,69.185634,-350273938.2349719,641595592.429897,283538474.790906,-11.84690195426314,-4.901715255976851,-1.812631890298498,2026-04-02T12:51:04.814356
2461133.036967593, A.D. 2026-Apr-02 12:53:14.0000,69.185634,-350274649.0474831,641595298.3272154,283538366.0330485,-11.84689789110555,-4.901727932152382,-1.812637594801237,2026-04-02T12:52:04.814393
2461133.037662037, A.D. 2026-Apr-02 12:54:14.0000,69.185634,-350275359.8597503,641595004.2237732,283538257.2748488,-11.84689382352159,-4.901740611556452,-1.812643300771457,2026-04-02T12:53:04.814389
2461133.038356482, A.D. 2026-Apr-02 12:55:14.0000,69.185634,-350276070.6717733,641594710.1195701,283538148.5163066,-11.84688975150333,-4.901753294179876,-1.812649008204651,2026-04-02T12:54:04.814426
2461133.039050926, A.D. 2026-Apr-02 12:56:14.0000,69.185634,-350276781.4835518,641594416.0146061,283538039.757422,-11.84688567504286,-4.901765980013452,-1.812654717096301,2026-04-02T12:55:04.814382
2461133.03974537, A.D. 2026-Apr-02 12:57:14.0000,69.185634,-350277492.2950856,641594121.9088808,283537930.9981948,-11.84688159413229,-4.901778669047963,-1.812660427441882,2026-04-02T12:56:04.814338
2461133.040439815, A.D. 2026-Apr-02 12:58:14.0000,69.185634,-350278203.1063744,641593827.802394,283537822.2386249,-11.84687750876377,-4.901791361274177,-1.812666139236867,2026-04-02T12:57:04.814375
2461133.041134259, A.D. 2026-Apr-02 12:59:14.0000,69.185634,-350278913.917418,641593533.6951457,283537713.4787122,-11.84687341892946,-4.901804056682843,-1.812671852476713,2026-04-02T12:58:04.814371
2461133.041828704, A.D. 2026-Apr-02 13:00:14.0000,69.185634,-350279624.7282175,641593239.587135,283537604.7184565,-11.84686932462155,-4.90181675526472,-1.812677567156888,2026-04-02T12:59:04.814408
2461133.042523148, A.D. 2026-Apr-02 13:01:14.0000,69.185634,-350280335.5387697,641592945.4783627,283537495.9578581,-11.84686522583227,-4.901829457010477,-1.812683283272815,2026-04-02T13:00:04.814364
2461133.043217592, A.D. 2026-Apr-02 13:02:14.0000,69.185634,-350281046.3490759,641592651.3688283,283537387.1969167,-11.84686112255386,-4.901842161910839,-1.812689000819945,2026-04-02T13:01:04.814320
2461133.043912037, A.D. 2026-Apr-02 13:03:14.0000,69.185634,-350281757.1591358,641592357.2585315,283537278.4356322,-11.84685701477859,-4.901854869956492,-1.812694719793711,2026-04-02T13:02:04.814357
2461133.044606482, A.D. 2026-Apr-02 13:04:14.0000,69.185634,-350282467.968949,641592063.1474721,283537169.6740045,-11.84685290249874,-4.901867581138106,-1.812700440189536,2026-04-02T13:03:04.814434
2461133.045300926, A.D. 2026-Apr-02 13:05:14.0000,69.185634,-350283178.7785154,641591769.03565,283537060.9120336,-11.84684878570665,-4.901880295446333,-1.81270616200284,2026-04-02T13:04:04.814390
2461133.04599537, A.D. 2026-Apr-02 13:06:14.0000,69.185634,-350283889.5878347,641591474.923065,283536952.1497193,-11.84684466439467,-4.901893012871814,-1.812711885229032,2026-04-02T13:05:04.814346
2461133.046689815, A.D. 2026-Apr-02 13:07:14.0000,69.185634,-350284600.3969065,641591180.8097167,283536843.3870615,-11.84684053855515,-4.901905733405166,-1.812717609863515,2026-04-02T13:06:04.814383
2461133.047384259, A.D. 2026-Apr-02 13:08:14.0000,69.185634,-350285311.2057306,641590886.6956052,283536734.6240603,-11.84683640818051,-4.901918457037,-1.812723335901687,2026-04-02T13:07:04.814339
2461133.048078704, A.D. 2026-Apr-02 13:09:14.0000,69.185634,-350286022.0143068,641590592.5807302,283536625.8607154,-11.84683227326316,-4.901931183757902,-1.812729063338936,2026-04-02T13:08:04.814416
2461133.048773148, A.D. 2026-Apr-02 13:10:14.0000,69.185634,-350286732.8226362,641590298.4650908,283536517.0970267,-11.84682813379555,-4.901943913558473,-1.812734792170656,2026-04-02T13:09:04.814372
2461133.049467593, A.D. 2026-Apr-02 13:11:14.0000,69.185634,-350287443.6307157,641590004.3486881,283536408.3329943,-11.84682398977016,-4.901956646429222,-1.812740522392199,2026-04-02T13:10:04.814409
2461133.050162037, A.D. 2026-Apr-02 13:12:14.0000,69.185634,-350288154.4385464,641589710.2315215,283536299.5686182,-11.8468198411795,-4.901969382360718,-1.812746253998944,2026-04-02T13:11:04.814365
2461133.050856481, A.D. 2026-Apr-02 13:13:14.0000,69.185634,-350288865.246128,641589416.1135905,283536190.8038981,-11.8468156880161,-4.901982121343488,-1.812751986986253,2026-04-02T13:12:04.814321
2461133.051550926, A.D. 2026-Apr-02 13:14:14.0000,69.185634,-350289576.0534602,641589121.9948951,283536082.038834,-11.8468115302725,-4.901994863368045,-1.81275772134948,2026-04-02T13:13:04.814398
2461133.052245371, A.D. 2026-Apr-02 13:15:14.0000,69.185634,-350290286.860543,641588827.8754352,283535973.2734258,-11.84680736794128,-4.902007608424886,-1.812763457083971,2026-04-02T13:14:04.814435
2461133.052939815, A.D. 2026-Apr-02 13:16:14.0000,69.185634,-350290997.6673757,641588533.7552104,283535864.5076733,-11.84680320101506,-4.902020356504492,-1.812769194185069,2026-04-02T13:15:04.814391
2461133.053634259, A.D. 2026-Apr-02 13:17:14.0000,69.185634,-350291708.4739584,641588239.6342207,283535755.7415767,-11.84679902948646,-4.90203310759733,-1.812774932648104,2026-04-02T13:16:04.814347
2461133.054328704, A.D. 2026-Apr-02 13:18:14.0000,69.185634,-350292419.2802921,641587945.5124652,283535646.9751354,-11.84679485334815,-4.902045861693876,-1.812780672468416,2026-04-02T13:17:04.814384
2461133.055023148, A.D. 2026-Apr-02 13:19:14.0000,69.185634,-350293130.0863736,641587651.389945,283535538.2083499,-11.8467906725928,-4.902058618784517,-1.812786413641303,2026-04-02T13:18:04.814380
2461133.055717593, A.D. 2026-Apr-02 13:20:14.0000,69.185634,-350293840.8922042,641587357.2666593,283535429.44122,-11.84678648721314,-4.902071378859698,-1.812792156162087,2026-04-02T13:19:04.814417
2461133.056412037, A.D. 2026-Apr-02 13:21:14.0000,69.185634,-350294551.6977834,641587063.1426078,283535320.6737455,-11.8467822972019,-4.902084141909826,-1.812797900026076,2026-04-02T13:20:04.814373
2461133.057106481, A.D. 2026-Apr-02 13:22:14.0000,69.185634,-350295262.5031112,641586769.0177904,283535211.9059262,-11.84677810255184,-4.902096907925291,-1.812803645228569,2026-04-02T13:21:04.814329
2461133.057800926, A.D. 2026-Apr-02 13:23:14.0000,69.185634,-350295973.3081871,641586474.8922073,283535103.1377622,-11.84677390325575,-4.902109676896469,-1.812809391764859,2026-04-02T13:22:04.814366
2461133.05849537, A.D. 2026-Apr-02 13:24:14.0000,69.185634,-350296684.1130109,641586180.7658576,283534994.3692534,-11.84676969930646,-4.902122448813723,-1.812815139630232,2026-04-02T13:23:04.814362
2461133.059189815, A.D. 2026-Apr-02 13:25:14.0000,69.185634,-350297394.9175838,641585886.638741,283534885.6003995,-11.84676549069679,-4.902135223667424,-1.81282088881998,2026-04-02T13:24:04.814399
2461133.059884259, A.D. 2026-Apr-02 13:26:14.0000,69.185634,-350298105.7219026,641585592.5108585,283534776.8312008,-11.84676127741963,-4.902148001447852,-1.812826639329352,2026-04-02T13:25:04.814355
2461133.060578704, A.D. 2026-Apr-02 13:27:14.0000,69.185634,-350298816.5259685,641585298.3822091,283534668.061657,-11.84675705946787,-4.902160782145351,-1.812832391153625,2026-04-02T13:26:04.814392
2461133.061273148, A.D. 2026-Apr-02 13:28:14.0000,69.185634,-350299527.3297811,641585004.2527928,283534559.2917681,-11.84675283683443,-4.902173565750224,-1.812838144288063,2026-04-02T13:27:04.814348
2461133.061967593, A.D. 2026-Apr-02 13:29:14.0000,69.185634,-350300238.1333402,641584710.1226096,283534450.5215339,-11.84674860951227,-4.902186352252756,-1.812843898727914,2026-04-02T13:28:04.814425
2461133.062662037, A.D. 2026-Apr-02 13:30:14.0000,69.185634,-350300948.9366456,641584415.9916589,283534341.7509544,-11.84674437749435,-4.902199141643226,-1.812849654468429,2026-04-02T13:29:04.814381
2461133.063356481, A.D. 2026-Apr-02 13:31:14.0000,69.185634,-350301659.7396983,641584121.8599404,283534232.9800294,-11.84674014077368,-4.902211933911913,-1.812855411504857,2026-04-02T13:30:04.814337
2461133.064050926, A.D. 2026-Apr-02 13:32:14.0000,69.185634,-350302370.5424953,641583827.7274547,283534124.2087591,-11.8467358993433,-4.902224729049013,-1.812861169832412,2026-04-02T13:31:04.814374
2461133.06474537, A.D. 2026-Apr-02 13:33:14.0000,69.185634,-350303081.3450376,641583533.5942012,283534015.4371432,-11.84673165319625,-4.902237527044783,-1.812866929446331,2026-04-02T13:32:04.814330
2461133.065439815, A.D. 2026-Apr-02 13:34:14.0000,69.185634,-350303792.147325,641583239.4601798,283533906.6651818,-11.84672740232563,-4.902250327889438,-1.812872690341836,2026-04-02T13:33:04.814407
2461133.066134259, A.D. 2026-Apr-02 13:35:14.0000,69.185634,-350304502.9493573,641582945.3253902,283533797.8928747,-11.84672314672453,-4.90226313157318,-1.812878452514141,2026-04-02T13:34:04.814363
2461133.066828704, A.D. 2026-Apr-02 13:36:14.0000,69.185634,-350305213.751134,641582651.1898323,283533689.1202217,-11.84671888638611,-4.902275938086198,-1.812884215958456,2026-04-02T13:35:04.814400
2461133.067523148, A.D. 2026-Apr-02 13:37:14.0000,69.185634,-350305924.5526565,641582357.0535053,283533580.3472227,-11.8467146213035,-4.902288747418692,-1.812889980669995,2026-04-02T13:36:04.814356
2461133.068217593, A.D. 2026-Apr-02 13:38:14.0000,69.185634,-350306635.3539214,641582062.9164104,283533471.573878,-11.84671035146993,-4.90230155956077,-1.81289574664393,2026-04-02T13:37:04.814393
2461133.068912037, A.D. 2026-Apr-02 13:39:14.0000,69.185634,-350307346.15493,641581768.7785466,283533362.8001874,-11.8467060768786,-4.902314374502603,-1.812901513875462,2026-04-02T13:38:04.814389
2461133.069606482, A.D. 2026-Apr-02 13:40:14.0000,69.185634,-350308056.955682,641581474.6399138,283533254.0261506,-11.84670179752275,-4.902327192234322,-1.812907282359776,2026-04-02T13:39:04.814426
2461133.070300926, A.D. 2026-Apr-02 13:41:14.0000,69.185634,-350308767.7561771,641581180.5005119,283533145.2517678,-11.84669751339565,-4.902340012746048,-1.81291305209205,2026-04-02T13:40:04.814382
2461133.07099537, A.D. 2026-Apr-02 13:42:14.0000,69.185634,-350309478.5564165,641580886.36034,283533036.4770385,-11.8466932244906,-4.90235283602791,-1.812918823067465,2026-04-02T13:41:04.814338
2461133.071689815, A.D. 2026-Apr-02 13:43:14.0000,69.185634,-350310189.3563969,641580592.2193993,283532927.7019631,-11.84668893080094,-4.902365662069949,-1.812924595281165,2026-04-02T13:42:04.814375
2461133.072384259, A.D. 2026-Apr-02 13:44:14.0000,69.185634,-350310900.1561195,641580298.0776889,283532818.9265413,-11.84668463232001,-4.902378490862265,-1.812930368728319,2026-04-02T13:43:04.814371
2461133.073078704, A.D. 2026-Apr-02 13:45:14.0000,69.185634,-350311610.955584,641580003.9352088,283532710.150773,-11.84668032904119,-4.902391322394923,-1.812936143404082,2026-04-02T13:44:04.814408
2461133.073773148, A.D. 2026-Apr-02 13:46:14.0000,69.185634,-350312321.7547904,641579709.7919587,283532601.3746583,-11.84667602095789,-4.902404156657975,-1.812941919303601,2026-04-02T13:45:04.814364
2461133.074467592, A.D. 2026-Apr-02 13:47:14.0000,69.185634,-350313032.5537394,641579415.6479378,283532492.5981967,-11.84667170806354,-4.902416993641482,-1.812947696422027,2026-04-02T13:46:04.814320
2461133.075162037, A.D. 2026-Apr-02 13:48:14.0000,69.185634,-350313743.3524281,641579121.5031471,283532383.8213888,-11.84666739035161,-4.902429833335415,-1.812953474754474,2026-04-02T13:47:04.814357
2461133.075856482, A.D. 2026-Apr-02 13:49:14.0000,69.185634,-350314454.1508576,641578827.3575861,283532275.044234,-11.84666306781558,-4.902442675729812,-1.812959254296084,2026-04-02T13:48:04.814434
2461133.076550926, A.D. 2026-Apr-02 13:50:14.0000,69.185634,-350315164.9490277,641578533.2112545,283532166.2667326,-11.84665874044897,-4.902455520814669,-1.812965035041977,2026-04-02T13:49:04.814390
2461133.07724537, A.D. 2026-Apr-02 13:51:14.0000,69.185634,-350315875.7469393,641578239.0641515,283532057.4888839,-11.84665440824532,-4.902468368579994,-1.812970816987285,2026-04-02T13:50:04.814346
2461133.077939815, A.D. 2026-Apr-02 13:52:14.0000,69.185634,-350316586.5445895,641577944.9162781,283531948.7106885,-11.8466500711982,-4.902481219015709,-1.812976600127095,2026-04-02T13:51:04.814383
2461133.078634259, A.D. 2026-Apr-02 13:53:14.0000,69.185634,-350317297.3419792,641577650.7676336,283531839.9321462,-11.84664572930122,-4.902494072111794,-1.812982384456526,2026-04-02T13:52:04.814339
2461133.079328704, A.D. 2026-Apr-02 13:54:14.0000,69.185634,-350318008.1391084,641577356.6182178,283531731.1532567,-11.846641382548,-4.902506927858196,-1.812988169970678,2026-04-02T13:53:04.814416
2461133.080023148, A.D. 2026-Apr-02 13:55:14.0000,69.185634,-350318718.9359766,641577062.4680307,283531622.37402,-11.84663703093218,-4.902519786244845,-1.812993956664645,2026-04-02T13:54:04.814372
2461133.080717593, A.D. 2026-Apr-02 13:56:14.0000,69.185634,-350319429.7325849,641576768.3170713,283531513.5944359,-11.84663267444745,-4.902532647261686,-1.812999744533527,2026-04-02T13:55:04.814409
2461133.081412037, A.D. 2026-Apr-02 13:57:14.0000,69.185634,-350320140.5289302,641576474.1653409,283531404.8145048,-11.84662831308752,-4.902545510898572,-1.813005533572384,2026-04-02T13:56:04.814365
2461133.082106481, A.D. 2026-Apr-02 13:58:14.0000,69.185634,-350320851.3250139,641576180.0128384,283531296.0342262,-11.84662394684613,-4.902558377145424,-1.813011323776306,2026-04-02T13:57:04.814321
2461133.082800926, A.D. 2026-Apr-02 13:59:14.0000,69.185634,-350321562.1208353,641575885.859564,283531187.2536002,-11.84661957571703,-4.902571245992122,-1.813017115140365,2026-04-02T13:58:04.814398
2461133.083495371, A.D. 2026-Apr-02 14:00:14.0000,69.185634,-350322272.9163958,641575591.7055167,283531078.4726264,-11.84661519969401,-4.902584117428558,-1.813022907659637,2026-04-02T13:59:04.814435
2461133.084189815, A.D. 2026-Apr-02 14:01:14.0000,69.185634,-350322983.711692,641575297.5506977,283530969.6913053,-11.84661081877091,-4.902596991444536,-1.81302870132916,2026-04-02T14:00:04.814391
2461133.084884259, A.D. 2026-Apr-02 14:02:14.0000,69.185634,-350323694.5067254,641575003.3951062,283530860.9096366,-11.84660643294155,-4.902609868029925,-1.813034496144003,2026-04-02T14:01:04.814347
2461133.085578704, A.D. 2026-Apr-02 14:03:14.0000,69.185634,-350324405.3014968,641574709.2387414,283530752.1276199,-11.84660204219981,-4.902622747174583,-1.813040292099225,2026-04-02T14:02:04.814384
2461133.086273148, A.D. 2026-Apr-02 14:04:14.0000,69.185634,-350325116.0960033,641574415.0816044,283530643.3452556,-11.84659764653961,-4.90263562886827,-1.813046089189848,2026-04-02T14:03:04.814380
2461133.086967593, A.D. 2026-Apr-02 14:05:14.0000,69.185634,-350325826.8902459,641574120.9236945,283530534.5625434,-11.84659324595486,-4.902648513100825,-1.813051887410922,2026-04-02T14:04:04.814417
2461133.087662037, A.D. 2026-Apr-02 14:06:14.0000,69.185634,-350326537.6842242,641573826.7650113,283530425.7794834,-11.84658884043952,-4.902661399862036,-1.81305768675748,2026-04-02T14:05:04.814373
2461133.088356481, A.D. 2026-Apr-02 14:07:14.0000,69.185634,-350327248.4779395,641573532.6055542,283530316.9960751,-11.84658442998757,-4.902674289141712,-1.813063487224562,2026-04-02T14:06:04.814329
2461133.089050926, A.D. 2026-Apr-02 14:08:14.0000,69.185634,-350327959.2713886,641573238.4453244,283530208.212319,-11.84658001459303,-4.902687180929571,-1.813069288807168,2026-04-02T14:07:04.814366
2461133.08974537, A.D. 2026-Apr-02 14:09:14.0000,69.185634,-350328670.0645727,641572944.284321,283530099.4282148,-11.84657559424994,-4.902700075215393,-1.813075091500326,2026-04-02T14:08:04.814362
2461133.090439815, A.D. 2026-Apr-02 14:10:14.0000,69.185634,-350329380.8574913,641572650.1225438,283529990.6437623,-11.84657116895237,-4.902712971988925,-1.813080895299048,2026-04-02T14:09:04.814399
2461133.091134259, A.D. 2026-Apr-02 14:11:14.0000,69.185634,-350330091.6501458,641572355.9599923,283529881.8589614,-11.84656673869441,-4.902725871239926,-1.813086700198354,2026-04-02T14:10:04.814355
2461133.091828704, A.D. 2026-Apr-02 14:12:14.0000,69.185634,-350330802.4425328,641572061.7966672,283529773.0738124,-11.84656230347018,-4.902738772958062,-1.813092506193221,2026-04-02T14:11:04.814392
2461133.092523148, A.D. 2026-Apr-02 14:13:14.0000,69.185634,-350331513.2346536,641571767.632568,283529664.2883149,-11.84655786327385,-4.902751677133073,-1.813098313278657,2026-04-02T14:12:04.814348
2461133.093217593, A.D. 2026-Apr-02 14:14:14.0000,69.185634,-350332224.0265092,641571473.4676938,283529555.5024688,-11.84655341809957,-4.902764583754679,-1.813104121449664,2026-04-02T14:13:04.814425
2461133.093912037, A.D. 2026-Apr-02 14:15:14.0000,69.185634,-350332934.8180966,641571179.3020458,283529446.7162745,-11.84654896794158,-4.902777492812515,-1.813109930701207,2026-04-02T14:14:04.814381
2461133.094606481, A.D. 2026-Apr-02 14:16:14.0000,69.185634,-350333645.6094168,641570885.1356231,283529337.9297315,-11.8465445127941,-4.902790404296282,-1.813115741028277,2026-04-02T14:15:04.814337
2461133.095300926, A.D. 2026-Apr-02 14:17:14.0000,69.185634,-350334356.4004695,641570590.9684259,283529229.1428398,-11.84654005265139,-4.902803318195639,-1.81312155242585,2026-04-02T14:16:04.814374
2461133.09599537, A.D. 2026-Apr-02 14:18:14.0000,69.185634,-350335067.191256,641570296.8004528,283529120.3555993,-11.84653558750774,-4.902816234500266,-1.813127364888909,2026-04-02T14:17:04.814330
2461133.096689815, A.D. 2026-Apr-02 14:19:14.0000,69.185634,-350335777.9817729,641570002.6317055,283529011.5680102,-11.84653111735749,-4.902829153199751,-1.813133178412397,2026-04-02T14:18:04.814407
2461133.097384259, A.D. 2026-Apr-02 14:20:14.0000,69.185634,-350336488.7720214,641569708.462183,283528902.7800722,-11.84652664219497,-4.902842074283747,-1.813138992991286,2026-04-02T14:19:04.814363
2461133.098078704, A.D. 2026-Apr-02 14:21:14.0000,69.185634,-350337199.5620028,641569414.2918845,283528793.9917851,-11.84652216201455,-4.902854997741898,-1.813144808620542,2026-04-02T14:20:04.814400
2461133.098773148, A.D. 2026-Apr-02 14:22:14.0000,69.185634,-350337910.3517137,641569120.1208112,283528685.2031493,-11.84651767681066,-4.902867923563757,-1.813150625295095,2026-04-02T14:21:04.814356
2461133.099467593, A.D. 2026-Apr-02 14:23:14.0000,69.185634,-350338621.1411554,641568825.9489622,283528576.4141644,-11.84651318657772,-4.902880851738943,-1.813156443009902,2026-04-02T14:22:04.814393
2461133.100162037, A.D. 2026-Apr-02 14:24:14.0000,69.185634,-350339331.930329,641568531.7763369,283528467.6248302,-11.84650869131018,-4.902893782257067,-1.813162261759916,2026-04-02T14:23:04.814389
2461133.100856482, A.D. 2026-Apr-02 14:25:14.0000,69.185634,-350340042.7192312,641568237.6029363,283528358.8351471,-11.84650419100254,-4.902906715107651,-1.81316808154005,2026-04-02T14:24:04.814426
2461133.101550926, A.D. 2026-Apr-02 14:26:14.0000,69.185634,-350340753.5078633,641567943.4287597,283528250.0451147,-11.84649968564933,-4.902919650280279,-1.813173902345247,2026-04-02T14:25:04.814382
2461133.10224537, A.D. 2026-Apr-02 14:27:14.0000,69.185634,-350341464.2962263,641567649.2538061,283528141.2547328,-11.84649517524506,-4.902932587764529,-1.813179724170446,2026-04-02T14:26:04.814338
2461133.102939815, A.D. 2026-Apr-02 14:28:14.0000,69.185634,-350342175.0843172,641567355.0780771,283528032.464002,-11.84649065978434,-4.902945527549888,-1.813185547010545,2026-04-02T14:27:04.814375
2461133.103634259, A.D. 2026-Apr-02 14:29:14.0000,69.185634,-350342885.872137,641567060.9015714,283527923.6729215,-11.84648613926177,-4.902958469625911,-1.813191370860474,2026-04-02T14:28:04.814371
2461133.104328704, A.D. 2026-Apr-02 14:30:14.0000,69.185634,-350343596.6596867,641566766.7242886,283527814.8814915,-11.84648161367194,-4.902971413982143,-1.813197195715157,2026-04-02T14:29:04.814408
2461133.105023148, A.D. 2026-Apr-02 14:31:14.0000,69.185634,-350344307.4469634,641566472.5462296,283527706.0897122,-11.84647708300956,-4.902984360608039,-1.813203021569479,2026-04-02T14:30:04.814364
2461133.105717592, A.D. 2026-Apr-02 14:32:14.0000,69.185634,-350345018.2339681,641566178.3673939,283527597.2975833,-11.8464725472693,-4.902997309493118,-1.813208848418355,2026-04-02T14:31:04.814320
2461133.106412037, A.D. 2026-Apr-02 14:33:14.0000,69.185634,-350345729.0207019,641565884.1877805,283527488.5051045,-11.84646800644586,-4.903010260626897,-1.813214676256695,2026-04-02T14:32:04.814357
2461133.107106482, A.D. 2026-Apr-02 14:34:14.0000,69.185634,-350346439.8071617,641565590.0073906,283527379.7122762,-11.846463460534,-4.903023213998797,-1.813220505079371,2026-04-02T14:33:04.814434
2461133.107800926, A.D. 2026-Apr-02 14:35:14.0000,69.185634,-350347150.5933501,641565295.8262228,283527270.919098,-11.84645890952849,-4.903036169598336,-1.813226334881296,2026-04-02T14:34:04.814390
2461133.10849537, A.D. 2026-Apr-02 14:36:14.0000,69.185634,-350347861.3792638,641565001.6442782,283527162.1255702,-11.84645435342414,-4.903049127414918,-1.813232165657331,2026-04-02T14:35:04.814346
2461133.109189815, A.D. 2026-Apr-02 14:37:14.0000,69.185634,-350348572.1649039,641564707.4615561,283527053.3316925,-11.84644979221577,-4.903062087438011,-1.81323799740237,2026-04-02T14:36:04.814383
2461133.109884259, A.D. 2026-Apr-02 14:38:14.0000,69.185634,-350349282.9502716,641564413.2780557,283526944.5374646,-11.84644522589823,-4.903075049657076,-1.8132438301113,2026-04-02T14:37:04.814339
2461133.110578704, A.D. 2026-Apr-02 14:39:14.0000,69.185634,-350349993.7353638,641564119.093778,283526835.742887,-11.84644065446643,-4.903088014061487,-1.813249663778971,2026-04-02T14:38:04.814416
2461133.111273148, A.D. 2026-Apr-02 14:40:14.0000,69.185634,-350350704.5201817,641563824.9087225,283526726.9479592,-11.84643607791528,-4.903100980640682,-1.813255498400261,2026-04-02T14:39:04.814372
2461133.111967593, A.D. 2026-Apr-02 14:41:14.0000,69.185634,-350351415.3047261,641563530.7228884,283526618.1526813,-11.84643149623971,-4.903113949384091,-1.813261333970045,2026-04-02T14:40:04.814409
2461133.112662037, A.D. 2026-Apr-02 14:42:14.0000,69.185634,-350352126.088994,641563236.5362766,283526509.3570533,-11.8464269094347,-4.903126920281058,-1.81326717048316,2026-04-02T14:41:04.814365
2461133.113356481, A.D. 2026-Apr-02 14:43:14.0000,69.185634,-350352836.872988,641562942.3488859,283526400.5610749,-11.84642231749526,-4.903139893321018,-1.813273007934483,2026-04-02T14:42:04.814321
2461133.114050926, A.D. 2026-Apr-02 14:44:14.0000,69.185634,-350353547.656705,641562648.1607174,283526291.7647465,-11.84641772041641,-4.903152868493291,-1.813278846318842,2026-04-02T14:43:04.814398
2461133.114745371, A.D. 2026-Apr-02 14:45:14.0000,69.185634,-350354258.440146,641562353.9717702,283526182.9680678,-11.84641311819322,-4.903165845787272,-1.813284685631094,2026-04-02T14:44:04.814435
2461133.115439815, A.D. 2026-Apr-02 14:46:14.0000,69.185634,-350354969.2233121,641562059.7820438,283526074.1710383,-11.84640851082077,-4.903178825192337,-1.813290525866094,2026-04-02T14:45:04.814391
2461133.116134259, A.D. 2026-Apr-02 14:47:14.0000,69.185634,-350355680.0062001,641561765.5915393,283525965.3736588,-11.84640389829418,-4.903191806697782,-1.813296367018656,2026-04-02T14:46:04.814347
2461133.116828704, A.D. 2026-Apr-02 14:48:14.0000,69.185634,-350356390.7888127,641561471.4002551,283525856.5759285,-11.84639928060859,-4.903204790292994,-1.813302209083636,2026-04-02T14:47:04.814384
2461133.117523148, A.D. 2026-Apr-02 14:49:14.0000,69.185634,-350357101.5711467,641561177.2081925,283525747.7778478,-11.84639465775919,-4.903217775967247,-1.813308052055844,2026-04-02T14:48:04.814380
2461133.118217593, A.D. 2026-Apr-02 14:50:14.0000,69.185634,-350357812.3532031,641560883.0153506,283525638.9794166,-11.84639002974117,-4.903230763709883,-1.813313895930114,2026-04-02T14:49:04.814417
2461133.118912037, A.D. 2026-Apr-02 14:51:14.0000,69.185634,-350358523.1349831,641560588.8217288,283525530.1806344,-11.84638539654975,-4.903243753510236,-1.81331974070128,2026-04-02T14:50:04.814373
2461133.119606481, A.D. 2026-Apr-02 14:52:14.0000,69.185634,-350359233.9164835,641560294.6273282,283525421.3815019,-11.84638075818022,-4.903256745357551,-1.813325586364137,2026-04-02T14:51:04.814329
2461133.120300926, A.D. 2026-Apr-02 14:53:14.0000,69.185634,-350359944.6977069,641560000.4321474,283525312.5820183,-11.84637611462784,-4.903269739241167,-1.813331432913522,2026-04-02T14:52:04.814366
2461133.12099537, A.D. 2026-Apr-02 14:54:14.0000,69.185634,-350360655.4786502,641559706.2361876,283525203.782184,-11.84637146588796,-4.903282735150315,-1.813337280344221,2026-04-02T14:53:04.814362
2461133.121689815, A.D. 2026-Apr-02 14:55:14.0000,69.185634,-350361366.2593143,641559412.0394478,283525094.981999,-11.84636681195591,-4.903295733074289,-1.813343128651053,2026-04-02T14:54:04.814399
2461133.122384259, A.D. 2026-Apr-02 14:56:14.0000,69.185634,-350362077.0397005,641559117.8419275,283524986.1814628,-11.84636215282706,-4.903308733002374,-1.813348977828831,2026-04-02T14:55:04.814355
2461133.123078704, A.D. 2026-Apr-02 14:57:14.0000,69.185634,-350362787.8198055,641558823.6436279,283524877.3805758,-11.84635748849683,-4.903321734923775,-1.813354827872328,2026-04-02T14:56:04.814392
2461133.123773148, A.D. 2026-Apr-02 14:58:14.0000,69.185634,-350363498.599632,641558529.4445474,283524768.5793376,-11.84635281896064,-4.903334738827781,-1.813360678776364,2026-04-02T14:57:04.814348
2461133.124467593, A.D. 2026-Apr-02 14:59:14.0000,69.185634,-350364209.3791767,641558235.2446872,283524659.7777485,-11.84634814421397,-4.903347744703581,-1.813366530535706,2026-04-02T14:58:04.814425
2461133.125162037, A.D. 2026-Apr-02 15:00:14.0000,69.185634,-350364920.1584421,641557941.0440462,283524550.975808,-11.84634346425229,-4.903360752540447,-1.813372383145163,2026-04-02T14:59:04.814381
2461133.125856481, A.D. 2026-Apr-02 15:01:14.0000,69.185634,-350365630.9374252,641557646.8426249,283524442.1735166,-11.84633877907115,-4.903373762327545,-1.813378236599496,2026-04-02T15:00:04.814337
2461133.126550926, A.D. 2026-Apr-02 15:02:14.0000,69.185634,-350366341.7161285,641557352.6404227,283524333.3708738,-11.84633408866607,-4.903386774054137,-1.813384090893507,2026-04-02T15:01:04.814374
2461133.12724537, A.D. 2026-Apr-02 15:03:14.0000,69.185634,-350367052.4945488,641557058.4374402,283524224.5678799,-11.84632939303266,-4.903399787709369,-1.813389946021949,2026-04-02T15:02:04.814330
2461133.127939815, A.D. 2026-Apr-02 15:04:14.0000,69.185634,-350367763.2726871,641556764.2336768,283524115.7645347,-11.84632469216652,-4.903412803282456,-1.813395801979605,2026-04-02T15:03:04.814407
2461133.128634259, A.D. 2026-Apr-02 15:05:14.0000,69.185634,-350368474.0505447,641556470.0291318,283524006.9608378,-11.84631998606326,-4.903425820762608,-1.813401658761257,2026-04-02T15:04:04.814363
2461133.129328704, A.D. 2026-Apr-02 15:06:14.0000,69.185634,-350369184.8281183,641556175.8238063,283523898.1567898,-11.84631527471859,-4.903438840138948,-1.813407516361645,2026-04-02T15:05:04.814400
2461133.130023148, A.D. 2026-Apr-02 15:07:14.0000,69.185634,-350369895.6054106,641555881.617699,283523789.3523901,-11.84631055812817,-4.903451861400691,-1.813413374775554,2026-04-02T15:06:04.814356
2461133.130717593, A.D. 2026-Apr-02 15:08:14.0000,69.185634,-350370606.3824182,641555587.4108111,283523680.547639,-11.84630583628775,-4.903464884536944,-1.81341923399772,2026-04-02T15:07:04.814393
2461133.131412037, A.D. 2026-Apr-02 15:09:14.0000,69.185634,-350371317.1591438,641555293.203141,283523571.7425361,-11.84630110919306,-4.903477909536908,-1.813425094022919,2026-04-02T15:08:04.814389
2461133.132106482, A.D. 2026-Apr-02 15:10:14.0000,69.185634,-350372027.9355841,641554998.99469,283523462.9370819,-11.84629637683991,-4.90349093638967,-1.81343095484588,2026-04-02T15:09:04.814426
2461133.132800926, A.D. 2026-Apr-02 15:11:14.0000,69.185634,-350372738.7117419,641554704.7854567,283523354.1312757,-11.8462916392241,-4.903503965084416,-1.813436816461374,2026-04-02T15:10:04.814382
2461133.13349537, A.D. 2026-Apr-02 15:12:14.0000,69.185634,-350373449.4876138,641554410.5754422,283523245.3251181,-11.84628689634147,-4.903516995610216,-1.813442678864122,2026-04-02T15:11:04.814338
2461133.134189815, A.D. 2026-Apr-02 15:13:14.0000,69.185634,-350374160.2632023,641554116.3646454,283523136.5186085,-11.84628214818789,-4.903530027956243,-1.813448542048888,2026-04-02T15:12:04.814375
2461133.134884259, A.D. 2026-Apr-02 15:14:14.0000,69.185634,-350374871.0385045,641553822.153067,283523027.7117472,-11.84627739475928,-4.903543062111551,-1.813454406010386,2026-04-02T15:13:04.814371
2461133.135578704, A.D. 2026-Apr-02 15:15:14.0000,69.185634,-350375581.8135226,641553527.9407059,283522918.9045339,-11.84627263605154,-4.903556098065295,-1.813460270743375,2026-04-02T15:14:04.814408
2461133.136273148, A.D. 2026-Apr-02 15:16:14.0000,69.185634,-350376292.5882537,641553233.7275634,283522810.0969689,-11.84626787206065,-4.903569135806513,-1.81346613624256,2026-04-02T15:15:04.814364
2461133.136967592, A.D. 2026-Apr-02 15:17:14.0000,69.185634,-350377003.3627002,641552939.5136378,283522701.2890517,-11.84626310278258,-4.903582175324344,-1.813472002502696,2026-04-02T15:16:04.814320
2461133.137662037, A.D. 2026-Apr-02 15:18:14.0000,69.185634,-350377714.1368589,641552645.2989304,283522592.4807827,-11.84625832821338,-4.903595216607814,-1.813477869518482,2026-04-02T15:17:04.814357
2461133.138356482, A.D. 2026-Apr-02 15:19:14.0000,69.185634,-350378424.9107324,641552351.08344,283522483.6721616,-11.84625354834905,-4.903608259646044,-1.813483737284663,2026-04-02T15:18:04.814434
2461133.139050926, A.D. 2026-Apr-02 15:20:14.0000,69.185634,-350379135.6843176,641552056.8671674,283522374.8631884,-11.84624876318571,-4.903621304428045,-1.813489605795935,2026-04-02T15:19:04.814390
2461133.13974537, A.D. 2026-Apr-02 15:21:14.0000,69.185634,-350379846.4576169,641551762.6501116,283522266.053863,-11.84624397271944,-4.903634350942925,-1.813495475047036,2026-04-02T15:20:04.814346
2461133.140439815, A.D. 2026-Apr-02 15:22:14.0000,69.185634,-350380557.2306272,641551468.4322734,283522157.2441857,-11.84623917694639,-4.903647399179678,-1.813501345032655,2026-04-02T15:21:04.814383
2461133.141134259, A.D. 2026-Apr-02 15:23:14.0000,69.185634,-350381268.003351,641551174.2136518,283522048.4341558,-11.84623437586271,-4.903660449127399,-1.813507215747526,2026-04-02T15:22:04.814339
2461133.141828704, A.D. 2026-Apr-02 15:24:14.0000,69.185634,-350381978.7757852,641550879.9942476,283521939.623774,-11.84622956946462,-4.903673500775068,-1.81351308718633,2026-04-02T15:23:04.814416
2461133.142523148, A.D. 2026-Apr-02 15:25:14.0000,69.185634,-350382689.5479323,641550585.7740598,283521830.8130396,-11.8462247577483,-4.90368655411176,-1.813518959343794,2026-04-02T15:24:04.814372
2461133.143217593, A.D. 2026-Apr-02 15:26:14.0000,69.185634,-350383400.3197904,641550291.5530887,283521722.0019529,-11.84621994071003,-4.903699609126473,-1.813524832214608,2026-04-02T15:25:04.814409
2461133.143912037, A.D. 2026-Apr-02 15:27:14.0000,69.185634,-350384111.0913581,641549997.3313348,283521613.1905139,-11.84621511834611,-4.903712665808189,-1.813530705793457,2026-04-02T15:26:04.814365
2461133.144606481, A.D. 2026-Apr-02 15:28:14.0000,69.185634,-350384821.8626375,641549703.108797,283521504.3787223,-11.84621029065281,-4.903725724145965,-1.813536580075058,2026-04-02T15:27:04.814321
2461133.145300926, A.D. 2026-Apr-02 15:29:14.0000,69.185634,-350385532.6336258,641549408.8854761,283521395.5665785,-11.8462054576265,-4.90373878412875,-1.81354245505408,2026-04-02T15:28:04.814398
2461133.145995371, A.D. 2026-Apr-02 15:30:14.0000,69.185634,-350386243.4043254,641549114.661371,283521286.754082,-11.84620061926354,-4.903751845745583,-1.813548330725236,2026-04-02T15:29:04.814435
2461133.146689815, A.D. 2026-Apr-02 15:31:14.0000,69.185634,-350386954.1747331,641548820.4364828,283521177.941233,-11.84619577556034,-4.903764908985399,-1.813554207083189,2026-04-02T15:30:04.814391
2461133.147384259, A.D. 2026-Apr-02 15:32:14.0000,69.185634,-350387664.9448513,641548526.21081,283521069.1280313,-11.84619092651331,-4.903777973837224,-1.813560084122644,2026-04-02T15:31:04.814347
2461133.148078704, A.D. 2026-Apr-02 15:33:14.0000,69.185634,-350388375.7146772,641548231.984354,283520960.3144771,-11.84618607211893,-4.90379104028998,-1.81356596183826,2026-04-02T15:32:04.814384
2461133.148773148, A.D. 2026-Apr-02 15:34:14.0000,69.185634,-350389086.4842129,641547937.7571135,283520851.5005701,-11.84618121237367,-4.903804108332682,-1.813571840224737,2026-04-02T15:33:04.814380
2461133.149467593, A.D. 2026-Apr-02 15:35:14.0000,69.185634,-350389797.253457,641547643.5290886,283520742.6863103,-11.84617634727406,-4.90381717795426,-1.81357771927674,2026-04-02T15:34:04.814417
2461133.150162037, A.D. 2026-Apr-02 15:36:14.0000,69.185634,-350390508.0224075,641547349.3002802,283520633.871698,-11.84617147681666,-4.903830249143642,-1.81358359898893,2026-04-02T15:35:04.814373
2461133.150856481, A.D. 2026-Apr-02 15:37:14.0000,69.185634,-350391218.7910671,641547055.0706868,283520525.0567327,-11.84616660099802,-4.903843321889823,-1.813589479355999,2026-04-02T15:36:04.814329
2461133.151550926, A.D. 2026-Apr-02 15:38:14.0000,69.185634,-350391929.5594326,641546760.8403099,283520416.2414147,-11.84616171981476,-4.903856396181689,-1.813595360372593,2026-04-02T15:37:04.814366
2461133.15224537, A.D. 2026-Apr-02 15:39:14.0000,69.185634,-350392640.3275064,641546466.6091475,283520307.4257436,-11.84615683326352,-4.903869472008225,-1.813601242033399,2026-04-02T15:38:04.814362
2461133.152939815, A.D. 2026-Apr-02 15:40:14.0000,69.185634,-350393351.0952855,641546172.3772013,283520198.6097199,-11.84615194134097,-4.903882549358303,-1.813607124333057,2026-04-02T15:39:04.814399
2461133.153634259, A.D. 2026-Apr-02 15:41:14.0000,69.185634,-350394061.8627722,641545878.1444697,283520089.7933429,-11.84614704404378,-4.903895628220896,-1.81361300726625,2026-04-02T15:40:04.814355
2461133.154328704, A.D. 2026-Apr-02 15:42:14.0000,69.185634,-350394772.6299651,641545583.9109535,283519980.976613,-11.84614214136869,-4.903908708584892,-1.813618890827624,2026-04-02T15:41:04.814392
2461133.155023148, A.D. 2026-Apr-02 15:43:14.0000,69.185634,-350395483.3968621,641545289.676653,283519872.1595303,-11.84613723331248,-4.903921790439171,-1.813624775011823,2026-04-02T15:42:04.814348
2461133.155717593, A.D. 2026-Apr-02 15:44:14.0000,69.185634,-350396194.163466,641544995.441567,283519763.3420942,-11.8461323198719,-4.903934873772687,-1.813630659813522,2026-04-02T15:43:04.814425
2461133.156412037, A.D. 2026-Apr-02 15:45:14.0000,69.185634,-350396904.9297735,641544701.2056962,283519654.5243053,-11.84612740104378,-4.903947958574285,-1.813636545227351,2026-04-02T15:44:04.814381
2461133.157106481, A.D. 2026-Apr-02 15:46:14.0000,69.185634,-350397615.6957871,641544406.96904,283519545.706163,-11.84612247682495,-4.903961044832905,-1.813642431247978,2026-04-02T15:45:04.814337
2461133.157800926, A.D. 2026-Apr-02 15:47:14.0000,69.185634,-350398326.4615051,641544112.7315985,283519436.8876675,-11.84611754721231,-4.903974132537408,-1.813648317870039,2026-04-02T15:46:04.814374
2461133.15849537, A.D. 2026-Apr-02 15:48:14.0000,69.185634,-350399037.2269257,641543818.4933723,283519328.0688191,-11.84611261220274,-4.903987221676642,-1.813654205088167,2026-04-02T15:47:04.814330
2461133.159189815, A.D. 2026-Apr-02 15:49:14.0000,69.185634,-350399747.9920514,641543524.2543602,283519219.2496172,-11.84610767179318,-4.904000312239535,-1.813660092897024,2026-04-02T15:48:04.814407
2461133.159884259, A.D. 2026-Apr-02 15:50:14.0000,69.185634,-350400458.7568806,641543230.0145626,283519110.430062,-11.84610272598059,-4.904013404214926,-1.813665981291241,2026-04-02T15:49:04.814363
2461133.160578704, A.D. 2026-Apr-02 15:51:14.0000,69.185634,-350401169.5214115,641542935.7739799,283519001.6101537,-11.84609777476197,-4.904026497591653,-1.813671870265442,2026-04-02T15:50:04.814400
2461133.161273148, A.D. 2026-Apr-02 15:52:14.0000,69.185634,-350401880.2856465,641542641.532611,283518892.7898918,-11.84609281813434,-4.904039592358623,-1.813677759814284,2026-04-02T15:51:04.814356
2461133.161967593, A.D. 2026-Apr-02 15:53:14.0000,69.185634,-350402591.0495826,641542347.290457,283518783.9692767,-11.84608785609476,-4.904052688504635,-1.813683649932378,2026-04-02T15:52:04.814393
2461133.162662037, A.D. 2026-Apr-02 15:54:14.0000,69.185634,-350403301.8132222,641542053.0475167,283518675.148308,-11.84608288864028,-4.904065786018586,-1.813689540614378,2026-04-02T15:53:04.814389
2461133.163356482, A.D. 2026-Apr-02 15:55:14.0000,69.185634,-350404012.5765636,641541758.8037905,283518566.3269859,-11.84607791576804,-4.90407888488929,-1.813695431854901,2026-04-02T15:54:04.814426
2461133.164050926, A.D. 2026-Apr-02 15:56:14.0000,69.185634,-350404723.339605,641541464.5592787,283518457.5053105,-11.84607293747518,-4.904091985105558,-1.813701323648562,2026-04-02T15:55:04.814382
2461133.16474537, A.D. 2026-Apr-02 15:57:14.0000,69.185634,-350405434.102349,641541170.3139803,283518348.6832813,-11.84606795375886,-4.904105086656271,-1.81370721599001,2026-04-02T15:56:04.814338
2461133.165439815, A.D. 2026-Apr-02 15:58:14.0000,69.185634,-350406144.8647938,641540876.067896,283518239.8608986,-11.84606296461629,-4.904118189530227,-1.813713108873856,2026-04-02T15:57:04.814375
2461133.166134259, A.D. 2026-Apr-02 15:59:14.0000,69.185634,-350406855.6269377,641540581.821026,283518131.0381625,-11.8460579700447,-4.904131293716222,-1.813719002294708,2026-04-02T15:58:04.814371
2461133.166828704, A.D. 2026-Apr-02 16:00:14.0000,69.185634,-350407566.3887832,641540287.573369,283518022.2150726,-11.84605297004133,-4.904144399203122,-1.81372489624721,2026-04-02T15:59:04.814408
2461133.167523148, A.D. 2026-Apr-02 16:01:14.0000,69.185634,-350408277.1503285,641539993.3249257,283517913.3916289,-11.8460479646035,-4.904157505979711,-1.813730790725968,2026-04-02T16:00:04.814364
2461133.168217592, A.D. 2026-Apr-02 16:02:14.0000,69.185634,-350408987.9115719,641539699.0756965,283517804.5678319,-11.84604295372852,-4.904170614034768,-1.813736685725584,2026-04-02T16:01:04.814320
2461133.168912037, A.D. 2026-Apr-02 16:03:14.0000,69.185634,-350409698.6725159,641539404.8256803,283517695.743681,-11.84603793741372,-4.904183723357147,-1.813742581240697,2026-04-02T16:02:04.814357
2461133.169606482, A.D. 2026-Apr-02 16:04:14.0000,69.185634,-350410409.4331588,641539110.5748774,283517586.9191762,-11.84603291565651,-4.904196833935619,-1.813748477265906,2026-04-02T16:03:04.814434
2461133.170300926, A.D. 2026-Apr-02 16:05:14.0000,69.185634,-350411120.1934987,641538816.3232884,283517478.0943179,-11.84602788845429,-4.904209945758946,-1.81375437379581,2026-04-02T16:04:04.814390
2461133.17099537, A.D. 2026-Apr-02 16:06:14.0000,69.185634,-350411830.9535383,641538522.0709122,283517369.2691056,-11.84602285580448,-4.90422305881597,-1.813760270825041,2026-04-02T16:05:04.814346
2461133.171689815, A.D. 2026-Apr-02 16:07:14.0000,69.185634,-350412541.7132758,641538227.8177491,283517260.4435394,-11.84601781770457,-4.904236173095446,-1.813766168348195,2026-04-02T16:06:04.814383
2461133.172384259, A.D. 2026-Apr-02 16:08:14.0000,69.185634,-350413252.4727094,641537933.5637996,283517151.6176196,-11.84601277415206,-4.904249288586127,-1.813772066359864,2026-04-02T16:07:04.814339
2461133.173078704, A.D. 2026-Apr-02 16:09:14.0000,69.185634,-350413963.2318416,641537639.3090628,283517042.7913458,-11.84600772514446,-4.904262405276838,-1.813777964854677,2026-04-02T16:08:04.814416
2461133.173773148, A.D. 2026-Apr-02 16:10:14.0000,69.185634,-350414673.9906707,641537345.0535388,283516933.964718,-11.84600267067934,-4.904275523156325,-1.813783863827223,2026-04-02T16:09:04.814372
2461133.174467593, A.D. 2026-Apr-02 16:11:14.0000,69.185634,-350415384.7491965,641537050.7972276,283516825.1377362,-11.8459976107543,-4.904288642213351,-1.813789763272103,2026-04-02T16:10:04.814409
2461133.175162037, A.D. 2026-Apr-02 16:12:14.0000,69.185634,-350416095.507417,641536756.54013,283516716.3104006,-11.84599254536695,-4.904301762436651,-1.813795663183904,2026-04-02T16:11:04.814365
2461133.175856481, A.D. 2026-Apr-02 16:13:14.0000,69.185634,-350416806.2653348,641536462.2822446,283516607.4827109,-11.84598747451492,-4.904314883815036,-1.813801563557249,2026-04-02T16:12:04.814321
2461133.176550926, A.D. 2026-Apr-02 16:14:14.0000,69.185634,-350417517.0229483,641536168.0235717,283516498.6546671,-11.84598239819591,-4.904328006337231,-1.81380746438672,2026-04-02T16:13:04.814398
2461133.177245371, A.D. 2026-Apr-02 16:15:14.0000,69.185634,-350418227.7802556,641535873.764112,283516389.8262694,-11.84597731640764,-4.904341129991961,-1.813813365666903,2026-04-02T16:14:04.814435
2461133.177939815, A.D. 2026-Apr-02 16:16:14.0000,69.185634,-350418938.5372593,641535579.5038644,283516280.9975175,-11.84597222914781,-4.904354254768022,-1.813819267392412,2026-04-02T16:15:04.814391
2461133.178634259, A.D. 2026-Apr-02 16:17:14.0000,69.185634,-350419649.2939575,641535285.2428293,283516172.1684114,-11.84596713641421,-4.904367380654133,-1.81382516955783,2026-04-02T16:16:04.814347
2461133.179328704, A.D. 2026-Apr-02 16:18:14.0000,69.185634,-350420360.05035,641534990.9810064,283516063.3389512,-11.84596203820464,-4.904380507639027,-1.813831072157745,2026-04-02T16:17:04.814384
2461133.180023148, A.D. 2026-Apr-02 16:19:14.0000,69.185634,-350421070.806435,641534696.7183967,283515954.509137,-11.84595693451693,-4.904393635711415,-1.813836975186737,2026-04-02T16:18:04.814380
2461133.180717593, A.D. 2026-Apr-02 16:20:14.0000,69.185634,-350421781.5622151,641534402.4549985,283515845.6789684,-11.84595182534892,-4.904406764860079,-1.813842878639417,2026-04-02T16:19:04.814417
2461133.181412037, A.D. 2026-Apr-02 16:21:14.0000,69.185634,-350422492.3176884,641534108.1908126,283515736.8484457,-11.84594671069852,-4.904419895073721,-1.813848782510361,2026-04-02T16:20:04.814373
2461133.182106481, A.D. 2026-Apr-02 16:22:14.0000,69.185634,-350423203.0728548,641533813.9258388,283515628.0175686,-11.84594159056363,-4.904433026341063,-1.813854686794155,2026-04-02T16:21:04.814329
2461133.182800926, A.D. 2026-Apr-02 16:23:14.0000,69.185634,-350423913.8277123,641533519.6600777,283515519.1863375,-11.84593646494221,-4.9044461586508,-1.81386059148537,2026-04-02T16:22:04.814366
2461133.18349537, A.D. 2026-Apr-02 16:24:14.0000,69.185634,-350424624.5822635,641533225.3935281,283515410.3547519,-11.84593133383223,-4.904459291991702,-1.813866496578616,2026-04-02T16:23:04.814362
2461133.184189815, A.D. 2026-Apr-02 16:25:14.0000,69.185634,-350425335.3365067,641532931.1261905,283515301.522812,-11.84592619723171,-4.904472426352454,-1.813872402068462,2026-04-02T16:24:04.814399
2461133.184884259, A.D. 2026-Apr-02 16:26:14.0000,69.185634,-350426046.0904416,641532636.8580648,283515192.6905177,-11.84592105513866,-4.904485561721768,-1.81387830794949,2026-04-02T16:25:04.814355
2461133.185578704, A.D. 2026-Apr-02 16:27:14.0000,69.185634,-350426756.8440663,641532342.5891514,283515083.8578693,-11.84591590755118,-4.904498698088325,-1.813884214216269,2026-04-02T16:26:04.814392
2461133.186273148, A.D. 2026-Apr-02 16:28:14.0000,69.185634,-350427467.5973834,641532048.3194493,283514975.0248663,-11.84591075446734,-4.904511835440881,-1.813890120863402,2026-04-02T16:27:04.814348
2461133.186967593, A.D. 2026-Apr-02 16:29:14.0000,69.185634,-350428178.3503913,641531754.0489589,283514866.1915089,-11.84590559588528,-4.904524973768111,-1.813896027885455,2026-04-02T16:28:04.814425
2461133.187662037, A.D. 2026-Apr-02 16:30:14.0000,69.185634,-350428889.1030893,641531459.7776803,283514757.3577971,-11.84590043180316,-4.904538113058715,-1.813901935277007,2026-04-02T16:29:04.814381
2461133.188356481, A.D. 2026-Apr-02 16:31:14.0000,69.185634,-350429599.8554775,641531165.5056131,283514648.5237308,-11.84589526221916,-4.904551253301385,-1.813907843032633,2026-04-02T16:30:04.814337
2461133.189050926, A.D. 2026-Apr-02 16:32:14.0000,69.185634,-350430310.6075538,641530871.2327583,283514539.6893102,-11.84589008713151,-4.904564394484789,-1.813913751146897,2026-04-02T16:31:04.814374
2461133.18974537, A.D. 2026-Apr-02 16:33:14.0000,69.185634,-350431021.3593209,641530576.9591142,283514430.8545349,-11.84588490653844,-4.904577536597669,-1.8139196596144,2026-04-02T16:32:04.814330
2461133.190439815, A.D. 2026-Apr-02 16:34:14.0000,69.185634,-350431732.110777,641530282.6846815,283514322.0194051,-11.84587972043823,-4.904590679628687,-1.813925568429702,2026-04-02T16:33:04.814407
2461133.191134259, A.D. 2026-Apr-02 16:35:14.0000,69.185634,-350432442.8619218,641529988.4094604,283514213.1839208,-11.84587452882919,-4.904603823566525,-1.813931477587378,2026-04-02T16:34:04.814363
2461133.191828704, A.D. 2026-Apr-02 16:36:14.0000,69.185634,-350433153.6127549,641529694.1334506,283514104.3480819,-11.84586933170966,-4.904616968399867,-1.813937387082,2026-04-02T16:35:04.814400
2461133.192523148, A.D. 2026-Apr-02 16:37:14.0000,69.185634,-350433864.3632745,641529399.8566526,283513995.5118887,-11.84586412907802,-4.904630114117365,-1.813943296908127,2026-04-02T16:36:04.814356
2461133.193217593, A.D. 2026-Apr-02 16:38:14.0000,69.185634,-350434575.1134833,641529105.5790653,283513886.6753406,-11.84585892093265,-4.904643260707749,-1.813949207060355,2026-04-02T16:37:04.814393
2461133.193912037, A.D. 2026-Apr-02 16:39:14.0000,69.185634,-350435285.8633795,641528811.3006891,283513777.8384379,-11.84585370727197,-4.904656408159668,-1.813955117533244,2026-04-02T16:38:04.814389
2461133.194606482, A.D. 2026-Apr-02 16:40:14.0000,69.185634,-350435996.6129626,641528517.0215241,283513669.0011806,-11.84584848809444,-4.90466955646179,-1.813961028321362,2026-04-02T16:39:04.814426
2461133.195300926, A.D. 2026-Apr-02 16:41:14.0000,69.185634,-350436707.3622324,641528222.7415701,283513560.1635686,-11.84584326339856,-4.904682705602792,-1.813966939419279,2026-04-02T16:40:04.814382
2461133.19599537, A.D. 2026-Apr-02 16:42:14.0000,69.185634,-350437418.1111887,641527928.4608272,283513451.325602,-11.84583803318285,-4.904695855571337,-1.813972850821564,2026-04-02T16:41:04.814338
2461133.196689815, A.D. 2026-Apr-02 16:43:14.0000,69.185634,-350438128.8598294,641527634.179296,283513342.4872808,-11.84583279744584,-4.904709006356065,-1.813978762522773,2026-04-02T16:42:04.814375
2461133.197384259, A.D. 2026-Apr-02 16:44:14.0000,69.185634,-350438839.6081573,641527339.8969749,283513233.6486048,-11.84582755618611,-4.904722157945693,-1.813984674517499,2026-04-02T16:43:04.814371
2461133.198078704, A.D. 2026-Apr-02 16:45:14.0000,69.185634,-350439550.3561706,641527045.6138648,283513124.809574,-11.84582230940228,-4.904735310328859,-1.813990586800296,2026-04-02T16:44:04.814408
2461133.198773148, A.D. 2026-Apr-02 16:46:14.0000,69.185634,-350440261.1038689,641526751.3299655,283513015.9701884,-11.84581705709297,-4.90474846349422,-1.813996499365732,2026-04-02T16:45:04.814364
2461133.199467592, A.D. 2026-Apr-02 16:47:14.0000,69.185634,-350440971.8512518,641526457.045277,283512907.1304482,-11.84581179925685,-4.904761617430434,-1.814002412208373,2026-04-02T16:46:04.814320
2461133.200162037, A.D. 2026-Apr-02 16:48:14.0000,69.185634,-350441682.5983192,641526162.7597992,283512798.2903531,-11.84580653589263,-4.904774772126157,-1.814008325322785,2026-04-02T16:47:04.814357
2461133.200856482, A.D. 2026-Apr-02 16:49:14.0000,69.185634,-350442393.3450691,641525868.4735328,283512689.4499035,-11.84580126699903,-4.90478792757002,-1.814014238703522,2026-04-02T16:48:04.814434
2461133.201550926, A.D. 2026-Apr-02 16:50:14.0000,69.185634,-350443104.0915042,641525574.1864763,283512580.6090988,-11.8457959925748,-4.904801083750725,-1.814020152345174,2026-04-02T16:49:04.814390
2461133.20224537, A.D. 2026-Apr-02 16:51:14.0000,69.185634,-350443814.8376227,641525279.8986306,283512471.7679393,-11.84579071261873,-4.904814240656901,-1.814026066242294,2026-04-02T16:50:04.814346
2461133.202939815, A.D. 2026-Apr-02 16:52:14.0000,69.185634,-350444525.5834242,641524985.6099954,283512362.926425,-11.84578542712964,-4.904827398277195,-1.814031980389446,2026-04-02T16:51:04.814383
2461133.203634259, A.D. 2026-Apr-02 16:53:14.0000,69.185634,-350445236.3289084,641524691.3205706,283512254.0845557,-11.84578013610637,-4.904840556600255,-1.814037894781196,2026-04-02T16:52:04.814339
2461133.204328704, A.D. 2026-Apr-02 16:54:14.0000,69.185634,-350445947.0740749,641524397.0303564,283512145.2423317,-11.84577483954781,-4.90485371561473,-1.814043809412108,2026-04-02T16:53:04.814416
2461133.205023148, A.D. 2026-Apr-02 16:55:14.0000,69.185634,-350446657.8189235,641524102.7393526,283512036.3997528,-11.84576953745285,-4.904866875309265,-1.814049724276747,2026-04-02T16:54:04.814372
2461133.205717593, A.D. 2026-Apr-02 16:56:14.0000,69.185634,-350447368.5634538,641523808.4475592,283511927.556819,-11.84576422982044,-4.904880035672504,-1.814055639369676,2026-04-02T16:55:04.814409
2461133.206412037, A.D. 2026-Apr-02 16:57:14.0000,69.185634,-350448079.3076641,641523514.1549768,283511818.7135304,-11.84575891664955,-4.904893196693066,-1.81406155468545,2026-04-02T16:56:04.814365
2461133.207106481, A.D. 2026-Apr-02 16:58:14.0000,69.185634,-350448790.0515569,641523219.8616041,283511709.8698867,-11.84575359793916,-4.904906358359643,-1.814067470218655,2026-04-02T16:57:04.814321
2461133.207800926, A.D. 2026-Apr-02 16:59:14.0000,69.185634,-350449500.7951303,641522925.5674417,283511601.0258881,-11.8457482736883,-4.904919520660851,-1.814073385963843,2026-04-02T16:58:04.814398
2461133.208495371, A.D. 2026-Apr-02 17:00:14.0000,69.185634,-350450211.5383841,641522631.2724895,283511492.1815345,-11.84574294389604,-4.90493268358533,-1.814079301915579,2026-04-02T16:59:04.814435
2461133.209189815, A.D. 2026-Apr-02 17:01:14.0000,69.185634,-350450922.281318,641522336.9767475,283511383.336826,-11.84573760856145,-4.904945847121719,-1.814085218068427,2026-04-02T17:00:04.814391
2461133.209884259, A.D. 2026-Apr-02 17:02:14.0000,69.185634,-350451633.0239316,641522042.6802157,283511274.4917625,-11.84573226768365,-4.904959011258658,-1.814091134416951,2026-04-02T17:01:04.814347
2461133.210578704, A.D. 2026-Apr-02 17:03:14.0000,69.185634,-350452343.7662246,641521748.3828942,283511165.646344,-11.8457269212618,-4.904972175984782,-1.814097050955715,2026-04-02T17:02:04.814384
2461133.211273148, A.D. 2026-Apr-02 17:04:14.0000,69.185634,-350453054.5081965,641521454.0847825,283511056.8005705,-11.84572156929506,-4.90498534128873,-1.814102967679285,2026-04-02T17:03:04.814380
2461133.211967593, A.D. 2026-Apr-02 17:05:14.0000,69.185634,-350453765.2498473,641521159.785881,283510947.954442,-11.84571621178265,-4.904998507159136,-1.814108884582225,2026-04-02T17:04:04.814417
2461133.212662037, A.D. 2026-Apr-02 17:06:14.0000,69.185634,-350454475.9911764,641520865.4861896,283510839.1079585,-11.84571084872379,-4.905011673584638,-1.814114801659099,2026-04-02T17:05:04.814373
2461133.213356481, A.D. 2026-Apr-02 17:07:14.0000,69.185634,-350455186.7321836,641520571.185708,283510730.26112,-11.84570548011776,-4.905024840553869,-1.814120718904472,2026-04-02T17:06:04.814329
2461133.214050926, A.D. 2026-Apr-02 17:08:14.0000,69.185634,-350455897.4728684,641520276.8844366,283510621.4139264,-11.84570010596386,-4.905038008055465,-1.814126636312911,2026-04-02T17:07:04.814366
2461133.21474537, A.D. 2026-Apr-02 17:09:14.0000,69.185634,-350456608.2132307,641519982.582375,283510512.5663778,-11.8456947262614,-4.90505117607806,-1.814132553878979,2026-04-02T17:08:04.814362
2461133.215439815, A.D. 2026-Apr-02 17:10:14.0000,69.185634,-350457318.9532686,641519688.2795241,283510403.7184743,-11.84568934100976,-4.905064344610261,-1.814138471597233,2026-04-02T17:09:04.814399
2461133.216134259, A.D. 2026-Apr-02 17:11:14.0000,69.185634,-350458029.6929847,641519393.9758822,283510294.8702155,-11.84568395020829,-4.905077513640753,-1.814144389462261,2026-04-02T17:10:04.814355
2461133.216828704, A.D. 2026-Apr-02 17:12:14.0000,69.185634,-350458740.4323772,641519099.6714503,283510186.0216017,-11.84567855385643,-4.905090683158144,-1.814150307468618,2026-04-02T17:11:04.814392
2461133.217523148, A.D. 2026-Apr-02 17:13:14.0000,69.185634,-350459451.1714456,641518805.3662281,283510077.1726328,-11.84567315195363,-4.905103853151069,-1.814156225610871,2026-04-02T17:12:04.814348
2461133.218217593, A.D. 2026-Apr-02 17:14:14.0000,69.185634,-350460161.9101898,641518511.0602158,283509968.3233088,-11.84566774449935,-4.90511702360816,-1.814162143883588,2026-04-02T17:13:04.814425
2461133.218912037, A.D. 2026-Apr-02 17:15:14.0000,69.185634,-350460872.6486094,641518216.7534132,283509859.4736297,-11.8456623314931,-4.905130194518048,-1.814168062281337,2026-04-02T17:14:04.814381
2461133.219606481, A.D. 2026-Apr-02 17:16:14.0000,69.185634,-350461583.3867041,641517922.4458205,283509750.6235955,-11.84565691293442,-4.905143365869367,-1.814173980798685,2026-04-02T17:15:04.814337
2461133.220300926, A.D. 2026-Apr-02 17:17:14.0000,69.185634,-350462294.1244734,641517628.1374373,283509641.7732061,-11.84565148882288,-4.905156537650754,-1.814179899430203,2026-04-02T17:16:04.814374
2461133.22099537, A.D. 2026-Apr-02 17:18:14.0000,69.185634,-350463004.8619171,641517333.8282639,283509532.9224617,-11.84564605915807,-4.905169709850838,-1.814185818170459,2026-04-02T17:17:04.814330
2461133.221689815, A.D. 2026-Apr-02 17:19:14.0000,69.185634,-350463715.599035,641517039.5183,283509424.0713621,-11.84564062393961,-4.905182882458254,-1.814191737014024,2026-04-02T17:18:04.814407
2461133.222384259, A.D. 2026-Apr-02 17:20:14.0000,69.185634,-350464426.3358265,641516745.207546,283509315.2199074,-11.84563518316716,-4.905196055461636,-1.814197655955468,2026-04-02T17:19:04.814363
2461133.223078704, A.D. 2026-Apr-02 17:21:14.0000,69.185634,-350465137.0722914,641516450.8960013,283509206.3680975,-11.84562973684041,-4.905209228849619,-1.814203574989362,2026-04-02T17:20:04.814400
2461133.223773148, A.D. 2026-Apr-02 17:22:14.0000,69.185634,-350465847.8084294,641516156.5836664,283509097.5159326,-11.84562428495906,-4.905222402610839,-1.81420949411028,2026-04-02T17:21:04.814356
2461133.224467593, A.D. 2026-Apr-02 17:23:14.0000,69.185634,-350466558.5442401,641515862.270541,283508988.6634125,-11.84561882752288,-4.905235576733928,-1.814215413312792,2026-04-02T17:22:04.814393
2461133.225162037, A.D. 2026-Apr-02 17:24:14.0000,69.185634,-350467269.2797231,641515567.9566251,283508879.8105372,-11.84561336453161,-4.905248751207524,-1.814221332591474,2026-04-02T17:23:04.814389
2461133.225856482, A.D. 2026-Apr-02 17:25:14.0000,69.185634,-350467980.0148783,641515273.6419189,283508770.9573067,-11.84560789598509,-4.905261926020263,-1.8142272519409,2026-04-02T17:24:04.814426
2461133.226550926, A.D. 2026-Apr-02 17:26:14.0000,69.185634,-350468690.7497051,641514979.3264221,283508662.1037211,-11.84560242188314,-4.905275101160782,-1.814233171355643,2026-04-02T17:25:04.814382
2461133.22724537, A.D. 2026-Apr-02 17:27:14.0000,69.185634,-350469401.4842033,641514685.0101347,283508553.2497803,-11.84559694222561,-4.905288276617719,-1.814239090830282,2026-04-02T17:26:04.814338
2461133.227939815, A.D. 2026-Apr-02 17:28:14.0000,69.185634,-350470112.2183726,641514390.6930568,283508444.3954843,-11.84559145701242,-4.905301452379715,-1.814245010359391,2026-04-02T17:27:04.814375
2461133.228634259, A.D. 2026-Apr-02 17:29:14.0000,69.185634,-350470822.9522126,641514096.3751884,283508335.5408332,-11.84558596624347,-4.905314628435407,-1.814250929937549,2026-04-02T17:28:04.814371
2461133.229328704, A.D. 2026-Apr-02 17:30:14.0000,69.185634,-350471533.6857231,641513802.0565294,283508226.685827,-11.84558046991873,-4.905327804773436,-1.814256849559334,2026-04-02T17:29:04.814408
2461133.230023148, A.D. 2026-Apr-02 17:31:14.0000,69.185634,-350472244.4189035,641513507.7370799,283508117.8304654,-11.84557496803818,-4.905340981382444,-1.814262769219327,2026-04-02T17:30:04.814364
2461133.230717592, A.D. 2026-Apr-02 17:32:14.0000,69.185634,-350472955.1517537,641513213.4168397,283508008.9747488,-11.84556946060183,-4.905354158251075,-1.814268688912107,2026-04-02T17:31:04.814320
2461133.231412037, A.D. 2026-Apr-02 17:33:14.0000,69.185634,-350473665.8842732,641512919.0958087,283507900.118677,-11.84556394760972,-4.905367335367971,-1.814274608632256,2026-04-02T17:32:04.814357
2461133.232106482, A.D. 2026-Apr-02 17:34:14.0000,69.185634,-350474376.6164633,641512624.7739868,283507791.2622497,-11.84555842906192,-4.905380512721804,-1.814280528374369,2026-04-02T17:33:04.814434
2461133.232800926, A.D. 2026-Apr-02 17:35:14.0000,69.185634,-350475087.3483207,641512330.4513748,283507682.4054675,-11.84555290495855,-4.905393690301168,-1.814286448133006,2026-04-02T17:34:04.814390
2461133.23349537, A.D. 2026-Apr-02 17:36:14.0000,69.185634,-350475798.0798464,641512036.127972,283507573.5483301,-11.84554737529974,-4.905406868094738,-1.814292367902763,2026-04-02T17:35:04.814346
2461133.234189815, A.D. 2026-Apr-02 17:37:14.0000,69.185634,-350476508.8110402,641511741.8037785,283507464.6908376,-11.84554184008564,-4.905420046091161,-1.814298287678226,2026-04-02T17:36:04.814383
2461133.234884259, A.D. 2026-Apr-02 17:38:14.0000,69.185634,-350477219.5419017,641511447.4787945,283507355.8329898,-11.84553629931645,-4.90543322427909,-1.814304207453983,2026-04-02T17:37:04.814339
2461133.235578704, A.D. 2026-Apr-02 17:39:14.0000,69.185634,-350477930.2724306,641511153.1530197,283507246.9747869,-11.84553075299239,-4.905446402647176,-1.814310127224622,2026-04-02T17:38:04.814416
2461133.236273148, A.D. 2026-Apr-02 17:40:14.0000,69.185634,-350478641.0026265,641510858.8264542,283507138.1162288,-11.8455252011137,-4.905459581184071,-1.814316046984733,2026-04-02T17:39:04.814372
2461133.236967593, A.D. 2026-Apr-02 17:41:14.0000,69.185634,-350479351.7324892,641510564.499098,283507029.2573154,-11.84551964368068,-4.905472759878433,-1.814321966728906,2026-04-02T17:40:04.814409
2461133.237662037, A.D. 2026-Apr-02 17:42:14.0000,69.185634,-350480062.4620183,641510270.170951,283506920.398047,-11.84551408069363,-4.905485938718919,-1.814327886451733,2026-04-02T17:41:04.814365
2461133.238356481, A.D. 2026-Apr-02 17:43:14.0000,69.185634,-350480773.1912134,641509975.8420134,283506811.5384232,-11.8455085121529,-4.905499117694186,-1.814333806147808,2026-04-02T17:42:04.814321
2461133.239050926, A.D. 2026-Apr-02 17:44:14.0000,69.185634,-350481483.9200742,641509681.5122849,283506702.6784444,-11.84550293805886,-4.905512296792896,-1.814339725811726,2026-04-02T17:43:04.814398
2461133.239745371, A.D. 2026-Apr-02 17:45:14.0000,69.185634,-350482194.6486005,641509387.1817657,283506593.8181103,-11.84549735841189,-4.905525476003712,-1.814345645438084,2026-04-02T17:44:04.814435
2461133.240439815, A.D. 2026-Apr-02 17:46:14.0000,69.185634,-350482905.3767917,641509092.8504559,283506484.9574211,-11.84549177321244,-4.905538655315298,-1.814351565021477,2026-04-02T17:45:04.814391
2461133.241134259, A.D. 2026-Apr-02 17:47:14.0000,69.185634,-350483616.1046491,641508798.5183545,283506376.0963765,-11.84548618246096,-4.905551834716348,-1.814357484556519,2026-04-02T17:46:04.814347
2461133.241828704, A.D. 2026-Apr-02 17:48:14.0000,69.185634,-350484326.8321695,641508504.1854632,283506267.2349769,-11.84548058615794,-4.905565014195476,-1.814363404037785,2026-04-02T17:47:04.814384
2461133.242523148, A.D. 2026-Apr-02 17:49:14.0000,69.185634,-350485037.5593539,641508209.8517809,283506158.3732222,-11.84547498430392,-4.905578193741382,-1.814369323459889,2026-04-02T17:48:04.814380
2461133.243217593, A.D. 2026-Apr-02 17:50:14.0000,69.185634,-350485748.2862021,641507915.517308,283506049.5111124,-11.84546937689941,-4.905591373342738,-1.814375242817434,2026-04-02T17:49:04.814417
2461133.243912037, A.D. 2026-Apr-02 17:51:14.0000,69.185634,-350486459.0127137,641507621.1820441,283505940.6486474,-11.84546376394503,-4.90560455298822,-1.814381162105027,2026-04-02T17:50:04.814373
2461133.244606481, A.D. 2026-Apr-02 17:52:14.0000,69.185634,-350487169.7388883,641507326.8459897,283505831.7858272,-11.84545814544135,-4.905617732666505,-1.814387081317275,2026-04-02T17:51:04.814329
2461133.245300926, A.D. 2026-Apr-02 17:53:14.0000,69.185634,-350487880.4647257,641507032.5091443,283505722.9226518,-11.84545252138903,-4.905630912366273,-1.814393000448783,2026-04-02T17:52:04.814366
2461133.24599537, A.D. 2026-Apr-02 17:54:14.0000,69.185634,-350488591.1902254,641506738.1715082,283505614.0591213,-11.84544689178873,-4.905644092076209,-1.814398919494165,2026-04-02T17:53:04.814362
2461133.246689815, A.D. 2026-Apr-02 17:55:14.0000,69.185634,-350489301.9153886,641506443.8330808,283505505.1952355,-11.84544125664114,-4.905657271785023,-1.814404838448043,2026-04-02T17:54:04.814399
2461133.247384259, A.D. 2026-Apr-02 17:56:14.0000,69.185634,-350490012.6402121,641506149.4938632,283505396.3309947,-11.84543561594701,-4.905670451481351,-1.814410757305006,2026-04-02T17:55:04.814355
2461133.248078704, A.D. 2026-Apr-02 17:57:14.0000,69.185634,-350490723.364697,641505855.1538547,283505287.4663988,-11.84542996970707,-4.905683631153908,-1.814416676059681,2026-04-02T17:56:04.814392
2461133.248773148, A.D. 2026-Apr-02 17:58:14.0000,69.185634,-350491434.088843,641505560.8130554,283505178.6014478,-11.84542431792212,-4.90569681079139,-1.814422594706687,2026-04-02T17:57:04.814348
2461133.249467593, A.D. 2026-Apr-02 17:59:14.0000,69.185634,-350492144.8126497,641505266.4714655,283505069.7361417,-11.84541866059297,-4.905709990382494,-1.814428513240641,2026-04-02T17:58:04.814425
2461133.250162037, A.D. 2026-Apr-02 18:00:14.0000,69.185634,-350492855.5361167,641504972.1290847,283504960.8704804,-11.84541299772046,-4.905723169915917,-1.814434431656164,2026-04-02T17:59:04.814381
2461133.250856481, A.D. 2026-Apr-02 18:01:14.0000,69.185634,-350493566.2592453,641504677.7859126,283504852.0044639,-11.84540732930546,-4.905736349380387,-1.814440349947891,2026-04-02T18:00:04.814337
2461133.251550926, A.D. 2026-Apr-02 18:02:14.0000,69.185634,-350494276.9820322,641504383.4419503,283504743.1380925,-11.84540165534889,-4.905749528764558,-1.814446268110422,2026-04-02T18:01:04.814374
2461133.25224537, A.D. 2026-Apr-02 18:03:14.0000,69.185634,-350494987.7044784,641504089.0971972,283504634.2713659,-11.84539597585168,-4.905762708057164,-1.814452186138395,2026-04-02T18:02:04.814330
2461133.252939815, A.D. 2026-Apr-02 18:04:14.0000,69.185634,-350495698.4265838,641503794.7516534,283504525.4042844,-11.84539029081478,-4.905775887246917,-1.814458104026439,2026-04-02T18:03:04.814407
2461133.253634259, A.D. 2026-Apr-02 18:05:14.0000,69.185634,-350496409.1483479,641503500.4053189,283504416.5368477,-11.8453846002392,-4.905789066322529,-1.814464021769184,2026-04-02T18:04:04.814363
2461133.254328704, A.D. 2026-Apr-02 18:06:14.0000,69.185634,-350497119.8697703,641503206.0581936,283504307.6690559,-11.84537890412594,-4.905802245272721,-1.814469939361262,2026-04-02T18:05:04.814400
2461133.255023148, A.D. 2026-Apr-02 18:07:14.0000,69.185634,-350497830.5908523,641502911.7102771,283504198.800909,-11.84537320247606,-4.905815424086237,-1.81447585679732,2026-04-02T18:06:04.814356
2461133.255717593, A.D. 2026-Apr-02 18:08:14.0000,69.185634,-350498541.3115906,641502617.3615704,283504089.9324071,-11.84536749529065,-4.905828602751751,-1.81448177407197,2026-04-02T18:07:04.814393
2461133.256412037, A.D. 2026-Apr-02 18:09:14.0000,69.185634,-350499252.0319863,641502323.0120728,283503981.0635503,-11.8453617825708,-4.905841781258016,-1.814487691179863,2026-04-02T18:08:04.814389
2461133.257106482, A.D. 2026-Apr-02 18:10:14.0000,69.185634,-350499962.752039,641502028.6617846,283503872.1943384,-11.84535606431767,-4.905854959593764,-1.814493608115639,2026-04-02T18:09:04.814426
2461133.257800926, A.D. 2026-Apr-02 18:11:14.0000,69.185634,-350500673.47175,641501734.3107052,283503763.3247714,-11.84535034053241,-4.905868137747757,-1.814499524873952,2026-04-02T18:10:04.814382
2461133.25849537, A.D. 2026-Apr-02 18:12:14.0000,69.185634,-350501384.1911158,641501439.9588357,283503654.4548495,-11.84534461121623,-4.90588131570868,-1.814505441449425,2026-04-02T18:11:04.814338
2461133.259189815, A.D. 2026-Apr-02 18:13:14.0000,69.185634,-350502094.9101378,641501145.6061755,283503545.5845726,-11.84533887637037,-4.905894493465301,-1.814511357836717,2026-04-02T18:12:04.814375
2461133.259884259, A.D. 2026-Apr-02 18:14:14.0000,69.185634,-350502805.6288155,641500851.2527246,283503436.7139408,-11.84533313599606,-4.905907671006368,-1.814517274030477,2026-04-02T18:13:04.814371
2461133.260578704, A.D. 2026-Apr-02 18:15:14.0000,69.185634,-350503516.3471487,641500556.898483,283503327.842954,-11.84532739009459,-4.905920848320628,-1.814523190025356,2026-04-02T18:14:04.814408
2461133.261273148, A.D. 2026-Apr-02 18:16:14.0000,69.185634,-350504227.0651383,641500262.5434504,283503218.971612,-11.84532163866728,-4.905934025396862,-1.814529105816022,2026-04-02T18:15:04.814364
2461133.261967592, A.D. 2026-Apr-02 18:17:14.0000,69.185634,-350504937.7827812,641499968.1876277,283503110.0999154,-11.84531588171549,-4.905947202223778,-1.814535021397106,2026-04-02T18:16:04.814320
2461133.262662037, A.D. 2026-Apr-02 18:18:14.0000,69.185634,-350505648.5000787,641499673.8310143,283503001.2278637,-11.84531011924057,-4.90596037879016,-1.814540936763279,2026-04-02T18:17:04.814357
2461133.263356482, A.D. 2026-Apr-02 18:19:14.0000,69.185634,-350506359.2170301,641499379.4736103,283502892.3554572,-11.84530435124394,-4.905973555084775,-1.814546851909203,2026-04-02T18:18:04.814434
2461133.264050926, A.D. 2026-Apr-02 18:20:14.0000,69.185634,-350507069.9336367,641499085.1154152,283502783.4826956,-11.84529857772702,-4.905986731096419,-1.814552766829552,2026-04-02T18:19:04.814390
2461133.26474537, A.D. 2026-Apr-02 18:21:14.0000,69.185634,-350507780.6498954,641498790.7564301,283502674.6095792,-11.84529279869128,-4.905999906813816,-1.814558681518971,2026-04-02T18:20:04.814346
2461133.265439815, A.D. 2026-Apr-02 18:22:14.0000,69.185634,-350508491.3658071,641498496.3966546,283502565.7361081,-11.84528701413821,-4.906013082225765,-1.81456459597214,2026-04-02T18:21:04.814383
2461133.266134259, A.D. 2026-Apr-02 18:23:14.0000,69.185634,-350509202.0813717,641498202.0360885,283502456.862282,-11.84528122406933,-4.906026257321057,-1.814570510183728,2026-04-02T18:22:04.814339
2461133.266828704, A.D. 2026-Apr-02 18:24:14.0000,69.185634,-350509912.79659,641497907.6747313,283502347.9881009,-11.84527542848618,-4.906039432088497,-1.814576424148423,2026-04-02T18:23:04.814416
2461133.267523148, A.D. 2026-Apr-02 18:25:14.0000,69.185634,-350510623.511459,641497613.3125842,283502239.1135651,-11.84526962739035,-4.90605260651683,-1.814582337860876,2026-04-02T18:24:04.814372
2461133.268217593, A.D. 2026-Apr-02 18:26:14.0000,69.185634,-350511334.2259798,641497318.9496467,283502130.2386746,-11.84526382078345,-4.906065780594874,-1.814588251315779,2026-04-02T18:25:04.814409
2461133.268912037, A.D. 2026-Apr-02 18:27:14.0000,69.185634,-350512044.9401535,641497024.5859182,283502021.363429,-11.8452580086671,-4.906078954311458,-1.814594164507824,2026-04-02T18:26:04.814365
2461133.269606481, A.D. 2026-Apr-02 18:28:14.0000,69.185634,-350512755.6539768,641496730.2213998,283501912.4878289,-11.84525219104299,-4.906092127655335,-1.814600077431673,2026-04-02T18:27:04.814321
2461133.270300926, A.D. 2026-Apr-02 18:29:14.0000,69.185634,-350513466.367451,641496435.856091,283501803.611874,-11.8452463679128,-4.906105300615341,-1.814605990082024,2026-04-02T18:28:04.814398
2461133.270995371, A.D. 2026-Apr-02 18:30:14.0000,69.185634,-350514177.0805755,641496141.4899919,283501694.7355644,-11.84524053927826,-4.90611847318029,-1.814611902453567,2026-04-02T18:29:04.814435
2461133.271689815, A.D. 2026-Apr-02 18:31:14.0000,69.185634,-350514887.7933517,641495847.123102,283501585.8588997,-11.8452347051411,-4.906131645339028,-1.814617814541007,2026-04-02T18:30:04.814391
2461133.272384259, A.D. 2026-Apr-02 18:32:14.0000,69.185634,-350515598.5057761,641495552.7554221,283501476.9818807,-11.84522886550314,-4.906144817080326,-1.814623726339015,2026-04-02T18:31:04.814347
2461133.273078704, A.D. 2026-Apr-02 18:33:14.0000,69.185634,-350516309.21785,641495258.386952,283501368.1045069,-11.84522302036617,-4.906157988393042,-1.8146296378423,2026-04-02T18:32:04.814384
2461133.273773148, A.D. 2026-Apr-02 18:34:14.0000,69.185634,-350517019.9295745,641494964.0176911,283501259.2267781,-11.84521716973203,-4.906171159266034,-1.814635549045576,2026-04-02T18:33:04.814380
2461133.274467593, A.D. 2026-Apr-02 18:35:14.0000,69.185634,-350517730.6409464,641494669.6476406,283501150.348695,-11.84521131360259,-4.906184329688089,-1.814641459943523,2026-04-02T18:34:04.814417
2461133.275162037, A.D. 2026-Apr-02 18:36:14.0000,69.185634,-350518441.3519667,641494375.2767998,283501041.4702573,-11.84520545197976,-4.906197499648081,-1.81464737053086,2026-04-02T18:35:04.814373
2461133.275856481, A.D. 2026-Apr-02 18:37:14.0000,69.185634,-350519152.0626366,641494080.9051683,283500932.5914646,-11.84519958486545,-4.906210669134882,-1.814653280802307,2026-04-02T18:36:04.814329
2461133.276550926, A.D. 2026-Apr-02 18:38:14.0000,69.185634,-350519862.7729529,641493786.5327471,283500823.7123176,-11.84519371226164,-4.906223838137297,-1.814659190752553,2026-04-02T18:37:04.814366
2461133.27724537, A.D. 2026-Apr-02 18:39:14.0000,69.185634,-350520573.4829167,641493492.1595359,283500714.832816,-11.8451878341703,-4.906237006644211,-1.814665100376327,2026-04-02T18:38:04.814362
2461133.277939815, A.D. 2026-Apr-02 18:40:14.0000,69.185634,-350521284.192529,641493197.785534,283500605.9529597,-11.84518195059343,-4.906250174644518,-1.814671009668359,2026-04-02T18:39:04.814399
2461133.278634259, A.D. 2026-Apr-02 18:41:14.0000,69.185634,-350521994.9017867,641492903.4107426,283500497.072749,-11.8451760615331,-4.906263342127035,-1.814676918623346,2026-04-02T18:40:04.814355
2461133.279328704, A.D. 2026-Apr-02 18:42:14.0000,69.185634,-350522705.610691,641492609.0351611,283500388.1921837,-11.84517016699137,-4.906276509080665,-1.814682827236026,2026-04-02T18:41:04.814392
2461133.280023148, A.D. 2026-Apr-02 18:43:14.0000,69.185634,-350523416.3192428,641492314.6587892,283500279.3112638,-11.84516426697033,-4.906289675494318,-1.814688735501138,2026-04-02T18:42:04.814348
2461133.280717593, A.D. 2026-Apr-02 18:44:14.0000,69.185634,-350524127.027439,641492020.2816278,283500170.4299896,-11.84515836147214,-4.906302841356827,-1.814694643413389,2026-04-02T18:43:04.814425
2461133.281412037, A.D. 2026-Apr-02 18:45:14.0000,69.185634,-350524837.7352821,641491725.9036758,283500061.5483606,-11.84515245049892,-4.906316006657139,-1.814700550967538,2026-04-02T18:44:04.814381
2461133.282106481, A.D. 2026-Apr-02 18:46:14.0000,69.185634,-350525548.442769,641491431.5249346,283499952.6663775,-11.84514653405289,-4.9063291713841,-1.814706458158297,2026-04-02T18:45:04.814337
2461133.282800926, A.D. 2026-Apr-02 18:47:14.0000,69.185634,-350526259.1499008,641491137.1454036,283499843.78404,-11.84514061213626,-4.906342335526643,-1.81471236498042,2026-04-02T18:46:04.814374
2461133.28349537, A.D. 2026-Apr-02 18:48:14.0000,69.185634,-350526969.8566785,641490842.765082,283499734.9013478,-11.84513468475125,-4.906355499073704,-1.814718271428662,2026-04-02T18:47:04.814330
2461133.284189815, A.D. 2026-Apr-02 18:49:14.0000,69.185634,-350527680.563099,641490548.3839713,283499626.0183015,-11.84512875190017,-4.906368662014149,-1.814724177497748,2026-04-02T18:48:04.814407
2461133.284884259, A.D. 2026-Apr-02 18:50:14.0000,69.185634,-350528391.2691633,641490254.0020709,283499517.1349008,-11.84512281358531,-4.906381824336924,-1.814730083182439,2026-04-02T18:49:04.814363
2461133.285578704, A.D. 2026-Apr-02 18:51:14.0000,69.185634,-350529101.9748726,641489959.6193801,283499408.2511456,-11.84511686980898,-4.906394986030986,-1.814735988477499,2026-04-02T18:50:04.814400
2461133.286273148, A.D. 2026-Apr-02 18:52:14.0000,69.185634,-350529812.6802236,641489665.2359002,283499299.3670363,-11.84511092057356,-4.906408147085219,-1.814741893377665,2026-04-02T18:51:04.814356
2461133.286967593, A.D. 2026-Apr-02 18:53:14.0000,69.185634,-350530523.385219,641489370.8516302,283499190.4825725,-11.84510496588144,-4.906421307488614,-1.814747797877718,2026-04-02T18:52:04.814393
2461133.287662037, A.D. 2026-Apr-02 18:54:14.0000,69.185634,-350531234.0898556,641489076.466571,283499081.5977547,-11.84509900573503,-4.906434467230067,-1.814753701972401,2026-04-02T18:53:04.814389
2461133.288356482, A.D. 2026-Apr-02 18:55:14.0000,69.185634,-350531944.7941343,641488782.0807223,283498972.7125825,-11.84509304013679,-4.906447626298558,-1.814759605656493,2026-04-02T18:54:04.814426
2461133.289050926, A.D. 2026-Apr-02 18:56:14.0000,69.185634,-350532655.4980564,641488487.6940837,283498863.8270561,-11.84508706908916,-4.906460784683074,-1.814765508924775,2026-04-02T18:55:04.814382
2461133.28974537, A.D. 2026-Apr-02 18:57:14.0000,69.185634,-350533366.2016186,641488193.3066559,283498754.9411756,-11.84508109259469,-4.906473942372529,-1.814771411772,2026-04-02T18:56:04.814338
2461133.290439815, A.D. 2026-Apr-02 18:58:14.0000,69.185634,-350534076.9048235,641487898.9184382,283498646.0549407,-11.84507511065587,-4.906487099355948,-1.814777314192967,2026-04-02T18:57:04.814375
2461133.291134259, A.D. 2026-Apr-02 18:59:14.0000,69.185634,-350534787.6076679,641487604.5294317,283498537.168352,-11.84506912327529,-4.906500255622256,-1.814783216182437,2026-04-02T18:58:04.814371
2461133.291828704, A.D. 2026-Apr-02 19:00:14.0000,69.185634,-350535498.3101543,641487310.1396353,283498428.2814089,-11.84506313045551,-4.906513411160495,-1.814789117735217,2026-04-02T18:59:04.814408
2461133.292523148, A.D. 2026-Apr-02 19:01:14.0000,69.185634,-350536209.0122796,641487015.7490501,283498319.3941119,-11.84505713219919,-4.906526565959605,-1.814795018846072,2026-04-02T19:00:04.814364
2461133.293217592, A.D. 2026-Apr-02 19:02:14.0000,69.185634,-350536919.7140462,641486721.3576751,283498210.5064608,-11.84505112850893,-4.906539720008635,-1.81480091950982,2026-04-02T19:01:04.814320
2461133.293912037, A.D. 2026-Apr-02 19:03:14.0000,69.185634,-350537630.415451,641486426.9655114,283498101.6184557,-11.84504511938744,-4.906552873296543,-1.814806819721233,2026-04-02T19:02:04.814357
2461133.294606482, A.D. 2026-Apr-02 19:04:14.0000,69.185634,-350538341.1164951,641486132.5725585,283497992.7300967,-11.8450391048374,-4.906566025812365,-1.814812719475121,2026-04-02T19:03:04.814434
2461133.295300926, A.D. 2026-Apr-02 19:05:14.0000,69.185634,-350539051.8171796,641485838.1788161,283497883.8413835,-11.84503308486154,-4.906579177545148,-1.814818618766301,2026-04-02T19:04:04.814390
2461133.29599537, A.D. 2026-Apr-02 19:06:14.0000,69.185634,-350539762.5175014,641485543.7842851,283497774.9523166,-11.84502705946264,-4.906592328483869,-1.814824517589557,2026-04-02T19:05:04.814346
2461133.296689815, A.D. 2026-Apr-02 19:07:14.0000,69.185634,-350540473.2174628,641485249.3889643,283497666.0628955,-11.84502102864347,-4.906605478617611,-1.814830415939722,2026-04-02T19:06:04.814383
2461133.297384259, A.D. 2026-Apr-02 19:08:14.0000,69.185634,-350541183.9170608,641484954.9928554,283497557.1731207,-11.84501499240686,-4.906618627935366,-1.81483631381159,2026-04-02T19:07:04.814339
2461133.298078704, A.D. 2026-Apr-02 19:09:14.0000,69.185634,-350541894.6162979,641484660.5959568,283497448.282992,-11.84500895075563,-4.906631776426232,-1.814842211200002,2026-04-02T19:08:04.814416
2461133.298773148, A.D. 2026-Apr-02 19:10:14.0000,69.185634,-350542605.3151709,641484366.19827,283497339.3925096,-11.84500290369269,-4.906644924079214,-1.814848108099757,2026-04-02T19:09:04.814372
2461133.299467593, A.D. 2026-Apr-02 19:11:14.0000,69.185634,-350543316.0136824,641484071.7997937,283497230.5016731,-11.8449968512209,-4.906658070883425,-1.814854004505706,2026-04-02T19:10:04.814409
2461133.300162037, A.D. 2026-Apr-02 19:12:14.0000,69.185634,-350544026.7118291,641483777.4005293,283497121.6104832,-11.84499079334323,-4.906671216827885,-1.814859900412657,2026-04-02T19:11:04.814365
2461133.300856481, A.D. 2026-Apr-02 19:13:14.0000,69.185634,-350544737.4096136,641483483.0004754,283497012.7189392,-11.84498473006261,-4.906684361901722,-1.814865795815466,2026-04-02T19:12:04.814321
2461133.301550926, A.D. 2026-Apr-02 19:14:14.0000,69.185634,-350545448.1070328,641483188.5996336,283496903.8270418,-11.84497866138204,-4.90669750609397,-1.814871690708951,2026-04-02T19:13:04.814398
2461133.302245371, A.D. 2026-Apr-02 19:15:14.0000,69.185634,-350546158.804089,641482894.1980025,283496794.9347905,-11.84497258730452,-4.906710649393773,-1.814877585087975,2026-04-02T19:14:04.814435
2461133.302939815, A.D. 2026-Apr-02 19:16:14.0000,69.185634,-350546869.5007793,641482599.7955834,283496686.0421857,-11.84496650783311,-4.90672379179018,-1.814883478947363,2026-04-02T19:15:04.814391
2461133.303634259, A.D. 2026-Apr-02 19:17:14.0000,69.185634,-350547580.197106,641482305.3923752,283496577.1492271,-11.84496042297086,-4.906736933272346,-1.814889372281989,2026-04-02T19:16:04.814347
2461133.304328704, A.D. 2026-Apr-02 19:18:14.0000,69.185634,-350548290.893066,641482010.9883792,283496468.2559151,-11.84495433272089,-4.906750073829341,-1.814895265086684,2026-04-02T19:17:04.814384
2461133.305023148, A.D. 2026-Apr-02 19:19:14.0000,69.185634,-350549001.588662,641481716.5835942,283496359.3622494,-11.84494823708631,-4.906763213450336,-1.814901157356331,2026-04-02T19:18:04.814380
2461133.305717593, A.D. 2026-Apr-02 19:20:14.0000,69.185634,-350549712.2838905,641481422.1780213,283496250.4682304,-11.84494213607029,-4.90677635212441,-1.814907049085771,2026-04-02T19:19:04.814417
2461133.306412037, A.D. 2026-Apr-02 19:21:14.0000,69.185634,-350550422.9787543,641481127.7716596,283496141.5738577,-11.84493602967599,-4.906789489840756,-1.814912940269893,2026-04-02T19:20:04.814373
2461133.307106481, A.D. 2026-Apr-02 19:22:14.0000,69.185634,-350551133.6732502,641480833.3645104,283496032.6791317,-11.84492991790665,-4.906802626588466,-1.814918830903546,2026-04-02T19:21:04.814329
2461133.307800926, A.D. 2026-Apr-02 19:23:14.0000,69.185634,-350551844.3673806,641480538.9565724,283495923.7840521,-11.84492380076548,-4.906815762356747,-1.814924720981629,2026-04-02T19:22:04.814366
2461133.30849537, A.D. 2026-Apr-02 19:24:14.0000,69.185634,-350552555.0611438,641480244.5478462,283495814.8886191,-11.84491767825576,-4.906828897134737,-1.81493061049901,2026-04-02T19:23:04.814362
2461133.309189815, A.D. 2026-Apr-02 19:25:14.0000,69.185634,-350553265.754538,641479950.1383325,283495705.992833,-11.8449115503808,-4.906842030911581,-1.814936499450563,2026-04-02T19:24:04.814399
2461133.309884259, A.D. 2026-Apr-02 19:26:14.0000,69.185634,-350553976.4475659,641479655.7280302,283495597.0966933,-11.8449054171439,-4.906855163676508,-1.8149423878312,2026-04-02T19:25:04.814355
2461133.310578704, A.D. 2026-Apr-02 19:27:14.0000,69.185634,-350554687.1402241,641479361.3169407,283495488.2002006,-11.84489927854842,-4.906868295418653,-1.81494827563579,2026-04-02T19:26:04.814392
2461133.311273148, A.D. 2026-Apr-02 19:28:14.0000,69.185634,-350555397.8325153,641479066.9050627,283495379.3033544,-11.84489313459773,-4.906881426127265,-1.814954162859254,2026-04-02T19:27:04.814348
2461133.311967593, A.D. 2026-Apr-02 19:29:14.0000,69.185634,-350556108.5244363,641478772.4923973,283495270.4061552,-11.84488698529526,-4.906894555791495,-1.814960049496472,2026-04-02T19:28:04.814425
2461133.312662037, A.D. 2026-Apr-02 19:30:14.0000,69.185634,-350556819.2159896,641478478.0789437,283495161.5086026,-11.84488083064441,-4.906907684400608,-1.814965935542372,2026-04-02T19:29:04.814381
2461133.313356481, A.D. 2026-Apr-02 19:31:14.0000,69.185634,-350557529.9071735,641478183.6647024,283495052.6106969,-11.84487467064866,-4.906920811943797,-1.814971820991854,2026-04-02T19:30:04.814337
2461133.314050926, A.D. 2026-Apr-02 19:32:14.0000,69.185634,-350558240.5979862,641477889.2496741,283494943.7124382,-11.84486850531152,-4.906933938410265,-1.814977705839822,2026-04-02T19:31:04.814374
2461133.31474537, A.D. 2026-Apr-02 19:33:14.0000,69.185634,-350558951.2884302,641477594.8338577,283494834.8138263,-11.84486233463646,-4.906947063789303,-1.814983590081219,2026-04-02T19:32:04.814330
2461133.315439815, A.D. 2026-Apr-02 19:34:14.0000,69.185634,-350559661.9785024,641477300.4172542,283494725.9148616,-11.84485615862707,-4.906960188070103,-1.814989473710947,2026-04-02T19:33:04.814407
2461133.316134259, A.D. 2026-Apr-02 19:35:14.0000,69.185634,-350560372.6682053,641477005.9998629,283494617.0155436,-11.8448499772869,-4.906973311241976,-1.814995356723957,2026-04-02T19:34:04.814363
2461133.316828704, A.D. 2026-Apr-02 19:36:14.0000,69.185634,-350561083.3575372,641476711.5816842,283494508.1158727,-11.84484379061955,-4.906986433294157,-1.815001239115172,2026-04-02T19:35:04.814400
2461133.317523148, A.D. 2026-Apr-02 19:37:14.0000,69.185634,-350561794.0464963,641476417.1627188,283494399.2158492,-11.84483759862866,-4.906999554215893,-1.815007120879518,2026-04-02T19:36:04.814356
2461133.318217593, A.D. 2026-Apr-02 19:38:14.0000,69.185634,-350562504.7350851,641476122.7429656,283494290.3154724,-11.84483140131788,-4.907012673996515,-1.815013002011962,2026-04-02T19:37:04.814393
2461133.318912037, A.D. 2026-Apr-02 19:39:14.0000,69.185634,-350563215.4233004,641475828.3224258,283494181.4147431,-11.8448251986909,-4.907025792625265,-1.815018882507427,2026-04-02T19:38:04.814389
2461133.319606482, A.D. 2026-Apr-02 19:40:14.0000,69.185634,-350563926.111145,641475533.9010983,283494072.5136606,-11.8448189907514,-4.907038910091492,-1.815024762360891,2026-04-02T19:39:04.814426
2461133.320300926, A.D. 2026-Apr-02 19:41:14.0000,69.185634,-350564636.7986169,641475239.4789839,283493963.6122255,-11.84481277750315,-4.90705202638448,-1.815030641567298,2026-04-02T19:40:04.814382
2461133.32099537, A.D. 2026-Apr-02 19:42:14.0000,69.185634,-350565347.4857144,641474945.056083,283493854.7104378,-11.84480655894992,-4.907065141493518,-1.815036520121598,2026-04-02T19:41:04.814338
2461133.321689815, A.D. 2026-Apr-02 19:43:14.0000,69.185634,-350566058.1724401,641474650.6323947,283493745.8082973,-11.84480033509548,-4.907078255407986,-1.815042398018782,2026-04-02T19:42:04.814375
2461133.322384259, A.D. 2026-Apr-02 19:44:14.0000,69.185634,-350566768.8587921,641474356.2079196,283493636.905804,-11.84479410594367,-4.907091368117193,-1.81504827525381,2026-04-02T19:43:04.814371
2461133.323078704, A.D. 2026-Apr-02 19:45:14.0000,69.185634,-350567479.5447688,641474061.7826585,283493528.0029584,-11.84478787149833,-4.907104479610458,-1.815054151821646,2026-04-02T19:44:04.814408
2461133.323773148, A.D. 2026-Apr-02 19:46:14.0000,69.185634,-350568190.2303727,641473767.3566101,283493419.09976,-11.84478163176333,-4.907117589877189,-1.815060027717294,2026-04-02T19:45:04.814364
2461133.324467592, A.D. 2026-Apr-02 19:47:14.0000,69.185634,-350568900.9156021,641473472.929775,283493310.1962091,-11.84477538674258,-4.907130698906723,-1.81506590293573,2026-04-02T19:46:04.814320
2461133.325162037, A.D. 2026-Apr-02 19:48:14.0000,69.185634,-350569611.6004552,641473178.502154,283493201.2923058,-11.84476913644002,-4.907143806688406,-1.815071777471933,2026-04-02T19:47:04.814357
2461133.325856482, A.D. 2026-Apr-02 19:49:14.0000,69.185634,-350570322.2849346,641472884.073746,283493092.3880499,-11.84476288085959,-4.907156913211674,-1.815077651320921,2026-04-02T19:48:04.814434
2461133.326550926, A.D. 2026-Apr-02 19:50:14.0000,69.185634,-350571032.9690384,641472589.6445518,283492983.4834417,-11.84475662000528,-4.907170018465891,-1.815083524477686,2026-04-02T19:49:04.814390
2461133.32724537, A.D. 2026-Apr-02 19:51:14.0000,69.185634,-350571743.6527651,641472295.2145717,283492874.5784811,-11.84475035388111,-4.907183122440435,-1.815089396937221,2026-04-02T19:50:04.814346
2461133.327939815, A.D. 2026-Apr-02 19:52:14.0000,69.185634,-350572454.336117,641472000.7838049,283492765.6731682,-11.84474408249111,-4.907196225124768,-1.815095268694561,2026-04-02T19:51:04.814383
2461133.328634259, A.D. 2026-Apr-02 19:53:14.0000,69.185634,-350573165.0190925,641471706.352252,283492656.7675029,-11.84473780583935,-4.907209326508286,-1.815101139744709,2026-04-02T19:52:04.814339
2461133.329328704, A.D. 2026-Apr-02 19:54:14.0000,69.185634,-350573875.7016898,641471411.9199136,283492547.8614856,-11.84473152392993,-4.907222426580394,-1.815107010082677,2026-04-02T19:53:04.814416
2461133.330023148, A.D. 2026-Apr-02 19:55:14.0000,69.185634,-350574586.3839115,641471117.4867887,283492438.9551159,-11.84472523676696,-4.907235525330585,-1.815112879703514,2026-04-02T19:54:04.814372
2461133.330717593, A.D. 2026-Apr-02 19:56:14.0000,69.185634,-350575297.0657558,641470823.052878,283492330.048394,-11.84471894435459,-4.907248622748284,-1.815118748602239,2026-04-02T19:55:04.814409
2461133.331412037, A.D. 2026-Apr-02 19:57:14.0000,69.185634,-350576007.7472209,641470528.618182,283492221.1413202,-11.84471264669701,-4.907261718822922,-1.815124616773878,2026-04-02T19:56:04.814365
2461133.332106481, A.D. 2026-Apr-02 19:58:14.0000,69.185634,-350576718.4283094,641470234.1826996,283492112.2338942,-11.84470634379841,-4.907274813544029,-1.815130484213495,2026-04-02T19:57:04.814321
2461133.332800926, A.D. 2026-Apr-02 19:59:14.0000,69.185634,-350577429.1090196,641469939.7464316,283492003.3261161,-11.844700035663,-4.907287906901052,-1.815136350916128,2026-04-02T19:58:04.814398
2461133.333495371, A.D. 2026-Apr-02 20:00:14.0000,69.185634,-350578139.7893512,641469645.3093781,283491894.4179861,-11.84469372229507,-4.907300998883485,-1.815142216876828,2026-04-02T19:59:04.814435
2461133.334189815, A.D. 2026-Apr-02 20:01:14.0000,69.185634,-350578850.4693025,641469350.8715397,283491785.5095043,-11.8446874036989,-4.907314089480806,-1.81514808209064,2026-04-02T20:00:04.814391
2461133.334884259, A.D. 2026-Apr-02 20:02:14.0000,69.185634,-350579561.1488758,641469056.4329153,283491676.6006704,-11.84468107987878,-4.907327178682573,-1.815153946552653,2026-04-02T20:01:04.814347
2461133.335578704, A.D. 2026-Apr-02 20:03:14.0000,69.185634,-350580271.8280696,641468761.9935056,283491567.6914847,-11.84467475083905,-4.907340266478284,-1.815159810257922,2026-04-02T20:02:04.814384
2461133.336273148, A.D. 2026-Apr-02 20:04:14.0000,69.185634,-350580982.5068834,641468467.5533108,283491458.7819471,-11.84466841658408,-4.907353352857472,-1.81516567320152,2026-04-02T20:03:04.814380
2461133.336967593, A.D. 2026-Apr-02 20:05:14.0000,69.185634,-350581693.1853157,641468173.1123313,283491349.8720581,-11.84466207711827,-4.907366437809651,-1.815171535378517,2026-04-02T20:04:04.814417
2461133.337662037, A.D. 2026-Apr-02 20:06:14.0000,69.185634,-350582403.8633688,641467878.6705661,283491240.9618171,-11.84465573244602,-4.90737952132443,-1.815177396784019,2026-04-02T20:05:04.814373
2461133.338356481, A.D. 2026-Apr-02 20:07:14.0000,69.185634,-350583114.5410411,641467584.2280161,283491132.0512245,-11.84464938257178,-4.907392603391339,-1.815183257413105,2026-04-02T20:06:04.814329
2461133.339050926, A.D. 2026-Apr-02 20:08:14.0000,69.185634,-350583825.2183322,641467289.7846811,283491023.1402802,-11.84464302750002,-4.907405683999959,-1.81518911726087,2026-04-02T20:07:04.814366
2461133.33974537, A.D. 2026-Apr-02 20:09:14.0000,69.185634,-350584535.8952405,641466995.340562,283490914.2289847,-11.84463666723526,-4.907418763139844,-1.815194976322404,2026-04-02T20:08:04.814362
2461133.340439815, A.D. 2026-Apr-02 20:10:14.0000,69.185634,-350585246.5717685,641466700.8956575,283490805.3173373,-11.844630301782,-4.907431840800643,-1.815200834592836,2026-04-02T20:09:04.814399
2461133.341134259, A.D. 2026-Apr-02 20:11:14.0000,69.185634,-350585957.2479143,641466406.4499685,283490696.4053385,-11.84462393114478,-4.907444916971937,-1.815206692067267,2026-04-02T20:10:04.814355
2461133.341828704, A.D. 2026-Apr-02 20:12:14.0000,69.185634,-350586667.9236777,641466112.0034949,283490587.4929883,-11.8446175553282,-4.907457991643339,-1.815212548740815,2026-04-02T20:11:04.814392
2461133.342523148, A.D. 2026-Apr-02 20:13:14.0000,69.185634,-350587378.599057,641465817.5562375,283490478.5802869,-11.84461117433687,-4.907471064804453,-1.815218404608591,2026-04-02T20:12:04.814348
2461133.343217593, A.D. 2026-Apr-02 20:14:14.0000,69.185634,-350588089.2740548,641465523.1081951,283490369.6672339,-11.84460478817539,-4.907484136444972,-1.815224259665747,2026-04-02T20:13:04.814425
2461133.343912037, A.D. 2026-Apr-02 20:15:14.0000,69.185634,-350588799.9486692,641465228.6593684,283490260.7538297,-11.84459839684844,-4.907497206554515,-1.815230113907406,2026-04-02T20:14:04.814381
2461133.344606481, A.D. 2026-Apr-02 20:16:14.0000,69.185634,-350589510.6229,641464934.2097577,283490151.8400743,-11.8445920003607,-4.907510275122744,-1.815235967328708,2026-04-02T20:15:04.814337
2461133.345300926, A.D. 2026-Apr-02 20:17:14.0000,69.185634,-350590221.2967468,641464639.7593628,283490042.9259676,-11.84458559871687,-4.90752334213933,-1.8152418199248,2026-04-02T20:16:04.814374
2461133.34599537, A.D. 2026-Apr-02 20:18:14.0000,69.185634,-350590931.970208,641464345.3081845,283489934.0115101,-11.84457919192172,-4.90753640759393,-1.815247671690821,2026-04-02T20:17:04.814330
2461133.346689815, A.D. 2026-Apr-02 20:19:14.0000,69.185634,-350591642.6432859,641464050.8562219,283489825.0967013,-11.84457277997997,-4.90754947147629,-1.815253522621951,2026-04-02T20:18:04.814407
2461133.347384259, A.D. 2026-Apr-02 20:20:14.0000,69.185634,-350592353.3159791,641463756.4034754,283489716.1815414,-11.84456636289643,-4.90756253377609,-1.815259372713343,2026-04-02T20:19:04.814363
2461133.348078704, A.D. 2026-Apr-02 20:21:14.0000,69.185634,-350593063.988287,641463461.9499453,283489607.2660306,-11.84455994067591,-4.907575594483045,-1.815265221960165,2026-04-02T20:20:04.814400
2461133.348773148, A.D. 2026-Apr-02 20:22:14.0000,69.185634,-350593774.6602096,641463167.4956316,283489498.3501688,-11.84455351332326,-4.907588653586884,-1.815271070357591,2026-04-02T20:21:04.814356
2461133.349467593, A.D. 2026-Apr-02 20:23:14.0000,69.185634,-350594485.3317462,641462873.0405343,283489389.4339561,-11.84454708084334,-4.907601711077345,-1.815276917900804,2026-04-02T20:22:04.814393
2461133.350162037, A.D. 2026-Apr-02 20:24:14.0000,69.185634,-350595196.0028954,641462578.5846542,283489280.5173929,-11.84454064324106,-4.907614766944151,-1.815282764584977,2026-04-02T20:23:04.814389
2461133.350856482, A.D. 2026-Apr-02 20:25:14.0000,69.185634,-350595906.6736596,641462284.1279902,283489171.6004786,-11.84453420052132,-4.90762782117712,-1.815288610405326,2026-04-02T20:24:04.814426
2461133.351550926, A.D. 2026-Apr-02 20:26:14.0000,69.185634,-350596617.344037,641461989.6705431,283489062.6832136,-11.84452775268907,-4.907640873765995,-1.815294455357038,2026-04-02T20:25:04.814382
2461133.35224537, A.D. 2026-Apr-02 20:27:14.0000,69.185634,-350597328.0140275,641461695.2123128,283488953.765598,-11.84452129974929,-4.907653924700565,-1.815300299435317,2026-04-02T20:26:04.814338
2461133.352939815, A.D. 2026-Apr-02 20:28:14.0000,69.185634,-350598038.6836306,641461400.7532996,283488844.8476317,-11.84451484170697,-4.907666973970626,-1.815306142635374,2026-04-02T20:27:04.814375
2461133.353634259, A.D. 2026-Apr-02 20:29:14.0000,69.185634,-350598749.352846,641461106.2935035,283488735.9293149,-11.84450837856715,-4.907680021565985,-1.815311984952424,2026-04-02T20:28:04.814371
2461133.354328704, A.D. 2026-Apr-02 20:30:14.0000,69.185634,-350599460.0216736,641460811.8329245,283488627.0106476,-11.84450191033487,-4.907693067476464,-1.815317826381691,2026-04-02T20:29:04.814408
2461133.355023148, A.D. 2026-Apr-02 20:31:14.0000,69.185634,-350600170.6901114,641460517.3715633,283488518.09163,-11.84449543701522,-4.907706111691868,-1.815323666918391,2026-04-02T20:30:04.814364
2461133.355717592, A.D. 2026-Apr-02 20:32:14.0000,69.185634,-350600881.3581622,641460222.9094192,283488409.1722618,-11.84448895861328,-4.907719154202095,-1.815329506557781,2026-04-02T20:31:04.814320
2461133.356412037, A.D. 2026-Apr-02 20:33:14.0000,69.185634,-350601592.025824,641459928.4464923,283488300.2525433,-11.84448247513419,-4.907732194996973,-1.815335345295092,2026-04-02T20:32:04.814357
2461133.357106482, A.D. 2026-Apr-02 20:34:14.0000,69.185634,-350602302.6930968,641459633.9827831,283488191.3324744,-11.84447598658311,-4.907745234066371,-1.815341183125568,2026-04-02T20:33:04.814434
2461133.357800926, A.D. 2026-Apr-02 20:35:14.0000,69.185634,-350603013.35998,641459339.5182917,283488082.4120553,-11.84446949296521,-4.90775827140017,-1.815347020044464,2026-04-02T20:34:04.814390
2461133.35849537, A.D. 2026-Apr-02 20:36:14.0000,69.185634,-350603724.0264735,641459045.0530181,283487973.491286,-11.84446299428571,-4.907771306988262,-1.815352856047038,2026-04-02T20:35:04.814346
2461133.359189815, A.D. 2026-Apr-02 20:37:14.0000,69.185634,-350604434.6925769,641458750.5869623,283487864.5701666,-11.84445649054983,-4.90778434082055,-1.815358691128556,2026-04-02T20:36:04.814383
2461133.359884259, A.D. 2026-Apr-02 20:38:14.0000,69.185634,-350605145.35829,641458456.1201247,283487755.6486971,-11.84444998176283,-4.907797372886951,-1.81536452528429,2026-04-02T20:37:04.814339
2461133.360578704, A.D. 2026-Apr-02 20:39:14.0000,69.185634,-350605856.0236124,641458161.6525052,283487646.7268776,-11.84444346793,-4.907810403177395,-1.815370358509516,2026-04-02T20:38:04.814416
2461133.361273148, A.D. 2026-Apr-02 20:40:14.0000,69.185634,-350606566.6885423,641457867.1841043,283487537.8047084,-11.84443694905665,-4.907823431681797,-1.815376190799507,2026-04-02T20:39:04.814372
2461133.361967593, A.D. 2026-Apr-02 20:41:14.0000,69.185634,-350607277.3530824,641457572.7149214,283487428.882189,-11.8444304251481,-4.907836458390161,-1.815382022149578,2026-04-02T20:40:04.814409
2461133.362662037, A.D. 2026-Apr-02 20:42:14.0000,69.185634,-350607988.0172309,641457278.2449569,283487319.9593197,-11.84442389620973,-4.907849483292428,-1.815387852555013,2026-04-02T20:41:04.814365
2461133.363356481, A.D. 2026-Apr-02 20:43:14.0000,69.185634,-350608698.6809875,641456983.7742108,283487211.0361007,-11.8444173622469,-4.907862506378578,-1.815393682011115,2026-04-02T20:42:04.814321
2461133.364050926, A.D. 2026-Apr-02 20:44:14.0000,69.185634,-350609409.344352,641456689.3026836,283487102.112532,-11.84441082326505,-4.907875527638599,-1.815399510513194,2026-04-02T20:43:04.814398
2461133.364745371, A.D. 2026-Apr-02 20:45:14.0000,69.185634,-350610120.0073239,641456394.8303751,283486993.1886135,-11.8444042792696,-4.907888547062498,-1.815405338056566,2026-04-02T20:44:04.814435
2461133.365439815, A.D. 2026-Apr-02 20:46:14.0000,69.185634,-350610830.6699031,641456100.3572854,283486884.2643455,-11.84439773026602,-4.907901564640286,-1.815411164636552,2026-04-02T20:45:04.814391
2461133.366134259, A.D. 2026-Apr-02 20:47:14.0000,69.185634,-350611541.3320892,641455805.8834147,283486775.3397278,-11.84439117625979,-4.907914580362,-1.815416990248482,2026-04-02T20:46:04.814347
2461133.366828704, A.D. 2026-Apr-02 20:48:14.0000,69.185634,-350612251.9938819,641455511.4087633,283486666.4147607,-11.84438461725643,-4.907927594217674,-1.815422814887691,2026-04-02T20:47:04.814384
2461133.367523148, A.D. 2026-Apr-02 20:49:14.0000,69.185634,-350612962.6552808,641455216.933331,283486557.4894441,-11.84437805326148,-4.907940606197365,-1.815428638549521,2026-04-02T20:48:04.814380
2461133.368217593, A.D. 2026-Apr-02 20:50:14.0000,69.185634,-350613673.3162858,641454922.4571179,283486448.5637781,-11.8443714842805,-4.907953616291143,-1.81543446122932,2026-04-02T20:49:04.814417
2461133.368912037, A.D. 2026-Apr-02 20:51:14.0000,69.185634,-350614383.9768966,641454627.9801246,283486339.6377628,-11.84436491031907,-4.907966624489084,-1.815440282922443,2026-04-02T20:50:04.814373
2461133.369606481, A.D. 2026-Apr-02 20:52:14.0000,69.185634,-350615094.6371127,641454333.5023506,283486230.7113982,-11.84435833138282,-4.907979630781282,-1.81544610362425,2026-04-02T20:51:04.814329
2461133.370300926, A.D. 2026-Apr-02 20:53:14.0000,69.185634,-350615805.2969339,641454039.0237963,283486121.7846844,-11.84435174747739,-4.907992635157846,-1.815451923330112,2026-04-02T20:52:04.814366
2461133.37099537, A.D. 2026-Apr-02 20:54:14.0000,69.185634,-350616515.95636,641453744.544462,283486012.8576216,-11.84434515860842,-4.908005637608893,-1.815457742035401,2026-04-02T20:53:04.814362
2461133.371689815, A.D. 2026-Apr-02 20:55:14.0000,69.185634,-350617226.6153905,641453450.0643474,283485903.9302095,-11.84433856478164,-4.908018638124554,-1.815463559735499,2026-04-02T20:54:04.814399
2461133.372384259, A.D. 2026-Apr-02 20:56:14.0000,69.185634,-350617937.2740254,641453155.5834528,283485795.0024484,-11.84433196600273,-4.908031636694978,-1.815469376425795,2026-04-02T20:55:04.814355
2461133.373078704, A.D. 2026-Apr-02 20:57:14.0000,69.185634,-350618647.9322641,641452861.1017785,283485686.0743384,-11.84432536227744,-4.908044633310322,-1.815475192101683,2026-04-02T20:56:04.814392
2461133.373773148, A.D. 2026-Apr-02 20:58:14.0000,69.185634,-350619358.5901065,641452566.6193244,283485577.1458794,-11.84431875361155,-4.908057627960757,-1.815481006758564,2026-04-02T20:57:04.814348
2461133.374467593, A.D. 2026-Apr-02 20:59:14.0000,69.185634,-350620069.2475522,641452272.1360908,283485468.2170717,-11.84431214001082,-4.908070620636469,-1.815486820391846,2026-04-02T20:58:04.814425
2461133.375162037, A.D. 2026-Apr-02 21:00:14.0000,69.185634,-350620779.9046009,641451977.6520776,283485359.2879151,-11.8443055214811,-4.908083611327656,-1.815492632996945,2026-04-02T20:59:04.814381
2461133.375856481, A.D. 2026-Apr-02 21:01:14.0000,69.185634,-350621490.5612524,641451683.167285,283485250.3584098,-11.84429889802819,-4.908096600024533,-1.815498444569281,2026-04-02T21:00:04.814337
2461133.376550926, A.D. 2026-Apr-02 21:02:14.0000,69.185634,-350622201.2175063,641451388.6817131,283485141.4285557,-11.844292269658,-4.90810958671732,-1.815504255104285,2026-04-02T21:01:04.814374
2461133.37724537, A.D. 2026-Apr-02 21:03:14.0000,69.185634,-350622911.8733624,641451094.1953621,283485032.4983532,-11.84428563637638,-4.90812257139626,-1.815510064597391,2026-04-02T21:02:04.814330
2461133.377939815, A.D. 2026-Apr-02 21:04:14.0000,69.185634,-350623622.5288203,641450799.708232,283484923.5678021,-11.84427899818927,-4.908135554051606,-1.815515873044042,2026-04-02T21:03:04.814407
2461133.378634259, A.D. 2026-Apr-02 21:05:14.0000,69.185634,-350624333.1838798,641450505.2203232,283484814.6369026,-11.84427235510259,-4.908148534673622,-1.815521680439685,2026-04-02T21:04:04.814363
2461133.379328704, A.D. 2026-Apr-02 21:06:14.0000,69.185634,-350625043.8385406,641450210.7316355,283484705.7056546,-11.84426570712231,-4.908161513252589,-1.815527486779779,2026-04-02T21:05:04.814400
2461133.380023148, A.D. 2026-Apr-02 21:07:14.0000,69.185634,-350625754.4928023,641449916.2421691,283484596.7740582,-11.84425905425443,-4.908174489778801,-1.815533292059785,2026-04-02T21:06:04.814356
2461133.380717593, A.D. 2026-Apr-02 21:08:14.0000,69.185634,-350626465.1466647,641449621.7519244,283484487.8421136,-11.84425239650495,-4.908187464242564,-1.815539096275174,2026-04-02T21:07:04.814393
2461133.381412037, A.D. 2026-Apr-02 21:09:14.0000,69.185634,-350627175.8001276,641449327.260901,283484378.9098207,-11.8442457338799,-4.908200436634201,-1.815544899421422,2026-04-02T21:08:04.814389
2461133.382106482, A.D. 2026-Apr-02 21:10:14.0000,69.185634,-350627886.4531904,641449032.7690995,283484269.9771798,-11.84423906638537,-4.908213406944044,-1.815550701494014,2026-04-02T21:09:04.814426
2461133.382800926, A.D. 2026-Apr-02 21:11:14.0000,69.185634,-350628597.1058531,641448738.2765198,283484161.0441906,-11.84423239402742,-4.908226375162446,-1.815556502488441,2026-04-02T21:10:04.814382
2461133.38349537, A.D. 2026-Apr-02 21:12:14.0000,69.185634,-350629307.7581154,641448443.783162,283484052.1108535,-11.84422571681217,-4.908239341279767,-1.8155623024002,2026-04-02T21:11:04.814338
2461133.384189815, A.D. 2026-Apr-02 21:13:14.0000,69.185634,-350630018.4099768,641448149.2890265,283483943.1771684,-11.84421903474575,-4.908252305286386,-1.815568101224797,2026-04-02T21:12:04.814375
2461133.384884259, A.D. 2026-Apr-02 21:14:14.0000,69.185634,-350630729.0614386,641447854.7941126,283483834.2431353,-11.84421234783432,-4.908265267172719,-1.815573898957755,2026-04-02T21:13:04.814371
2461133.385578704, A.D. 2026-Apr-02 21:15:14.0000,69.185634,-350631439.7124976,641447560.2984214,283483725.3087544,-11.84420565608407,-4.908278226929117,-1.815579695594572,2026-04-02T21:14:04.814408
2461133.386273148, A.D. 2026-Apr-02 21:16:14.0000,69.185634,-350632150.3631549,641447265.8019528,283483616.3740259,-11.84419895950122,-4.908291184546031,-1.815585491130784,2026-04-02T21:15:04.814364
2461133.386967592, A.D. 2026-Apr-02 21:17:14.0000,69.185634,-350632861.0134104,641446971.3047068,283483507.4389496,-11.84419225809198,-4.90830414001389,-1.815591285561926,2026-04-02T21:16:04.814320
2461133.387662037, A.D. 2026-Apr-02 21:18:14.0000,69.185634,-350633571.6632636,641446676.8066837,283483398.5035257,-11.84418555186262,-4.908317093323142,-1.815597078883538,2026-04-02T21:17:04.814357
2461133.388356482, A.D. 2026-Apr-02 21:19:14.0000,69.185634,-350634282.3127143,641446382.3078833,283483289.5677543,-11.84417884081942,-4.908330044464252,-1.81560287109117,2026-04-02T21:18:04.814434
2461133.389050926, A.D. 2026-Apr-02 21:20:14.0000,69.185634,-350634992.9617621,641446087.808306,283483180.6316353,-11.84417212496868,-4.908342993427695,-1.815608662180375,2026-04-02T21:19:04.814390
2461133.38974537, A.D. 2026-Apr-02 21:21:14.0000,69.185634,-350635703.6104069,641445793.3079517,283483071.6951689,-11.84416540431673,-4.908355940203961,-1.815614452146717,2026-04-02T21:20:04.814346
2461133.390439815, A.D. 2026-Apr-02 21:22:14.0000,69.185634,-350636414.2586483,641445498.8068208,283482962.7583551,-11.84415867886993,-4.908368884783556,-1.815620240985765,2026-04-02T21:21:04.814383
2461133.391134259, A.D. 2026-Apr-02 21:23:14.0000,69.185634,-350637124.9064861,641445204.3049132,283482853.8211941,-11.84415194863465,-4.908381827157002,-1.815626028693097,2026-04-02T21:22:04.814339
2461133.391828704, A.D. 2026-Apr-02 21:24:14.0000,69.185634,-350637835.5539212,641444909.8022286,283482744.8836856,-11.84414521361727,-4.908394767314856,-1.815631815264309,2026-04-02T21:23:04.814416
2461133.392523148, A.D. 2026-Apr-02 21:25:14.0000,69.185634,-350638546.2009508,641444615.2987682,283482635.9458302,-11.84413847382426,-4.908407705247619,-1.815637600694969,2026-04-02T21:24:04.814372
2461133.393217593, A.D. 2026-Apr-02 21:26:14.0000,69.185634,-350639256.8475758,641444320.7945316,283482527.0076277,-11.84413172926205,-4.908420640945878,-1.81564338498069,2026-04-02T21:25:04.814409
2461133.393912037, A.D. 2026-Apr-02 21:27:14.0000,69.185634,-350639967.493796,641444026.2895188,283482418.0690781,-11.8441249799371,-4.908433574400213,-1.815649168117077,2026-04-02T21:26:04.814365
2461133.394606481, A.D. 2026-Apr-02 21:28:14.0000,69.185634,-350640678.1396111,641443731.7837303,283482309.1301816,-11.84411822585592,-4.908446505601217,-1.815654950099743,2026-04-02T21:27:04.814321
2461133.395300926, A.D. 2026-Apr-02 21:29:14.0000,69.185634,-350641388.7850207,641443437.2771659,283482200.1909382,-11.84411146702504,-4.908459434539497,-1.815660730924312,2026-04-02T21:28:04.814398
2461133.395995371, A.D. 2026-Apr-02 21:30:14.0000,69.185634,-350642099.4300248,641443142.7698258,283482091.251348,-11.84410470345097,-4.908472361205678,-1.815666510586411,2026-04-02T21:29:04.814435
2461133.396689815, A.D. 2026-Apr-02 21:31:14.0000,69.185634,-350642810.0746242,641442848.2617096,283481982.3114108,-11.8440979351403,-4.908485285590423,-1.81567228908169,2026-04-02T21:30:04.814391
2461133.397384259, A.D. 2026-Apr-02 21:32:14.0000,69.185634,-350643520.7188161,641442553.7528186,283481873.3711272,-11.84409116209963,-4.908498207684332,-1.815678066405768,2026-04-02T21:31:04.814347
2461133.398078704, A.D. 2026-Apr-02 21:33:14.0000,69.185634,-350644231.3626014,641442259.2431524,283481764.430497,-11.84408438433557,-4.908511127478099,-1.81568384255431,2026-04-02T21:32:04.814384
2461133.398773148, A.D. 2026-Apr-02 21:34:14.0000,69.185634,-350644942.0059799,641441964.732711,283481655.4895202,-11.84407760185475,-4.908524044962409,-1.815689617522973,2026-04-02T21:33:04.814380
2461133.399467593, A.D. 2026-Apr-02 21:35:14.0000,69.185634,-350645652.6489514,641441670.2214947,283481546.548197,-11.84407081466383,-4.90853696012796,-1.815695391307426,2026-04-02T21:34:04.814417
2461133.400162037, A.D. 2026-Apr-02 21:36:14.0000,69.185634,-350646363.2915168,641441375.7095028,283481437.6065272,-11.8440640227695,-4.908549872965488,-1.815701163903353,2026-04-02T21:35:04.814373
2461133.400856481, A.D. 2026-Apr-02 21:37:14.0000,69.185634,-350647073.9336731,641441081.1967369,283481328.6645113,-11.84405722617847,-4.908562783465672,-1.815706935306414,2026-04-02T21:36:04.814329
2461133.401550926, A.D. 2026-Apr-02 21:38:14.0000,69.185634,-350647784.5754216,641440786.6831965,283481219.7221491,-11.84405042489749,-4.90857569161928,-1.815712705512309,2026-04-02T21:37:04.814366
2461133.40224537, A.D. 2026-Apr-02 21:39:14.0000,69.185634,-350648495.2167618,641440492.1688817,283481110.7794408,-11.84404361893329,-4.908588597417073,-1.815718474516737,2026-04-02T21:38:04.814362
2461133.402939815, A.D. 2026-Apr-02 21:40:14.0000,69.185634,-350649205.8576936,641440197.6537925,283481001.8363863,-11.84403680829265,-4.908601500849824,-1.815724242315401,2026-04-02T21:39:04.814399
2461133.403634259, A.D. 2026-Apr-02 21:41:14.0000,69.185634,-350649916.4982179,641439903.1379287,283480892.8929856,-11.84402999298238,-4.908614401908348,-1.815730008904027,2026-04-02T21:40:04.814355
2461133.404328704, A.D. 2026-Apr-02 21:42:14.0000,69.185634,-350650627.1383318,641439608.6212913,283480783.9492391,-11.84402317300931,-4.9086273005834,-1.815735774278311,2026-04-02T21:41:04.814392
2461133.405023148, A.D. 2026-Apr-02 21:43:14.0000,69.185634,-350651337.7780364,641439314.1038803,283480675.0051468,-11.84401634838029,-4.908640196865826,-1.815741538433993,2026-04-02T21:42:04.814348
2461133.405717593, A.D. 2026-Apr-02 21:44:14.0000,69.185634,-350652048.4173313,641439019.5856955,283480566.0607087,-11.84400951910218,-4.908653090746459,-1.81574730136681,2026-04-02T21:43:04.814425
2461133.406412037, A.D. 2026-Apr-02 21:45:14.0000,69.185634,-350652759.0562164,641438725.066737,283480457.1159248,-11.84400268518188,-4.908665982216156,-1.815753063072504,2026-04-02T21:44:04.814381
2461133.407106481, A.D. 2026-Apr-02 21:46:14.0000,69.185634,-350653469.6946927,641438430.5470047,283480348.170795,-11.8439958466263,-4.908678871265808,-1.815758823546839,2026-04-02T21:45:04.814337
2461133.407800926, A.D. 2026-Apr-02 21:47:14.0000,69.185634,-350654180.3327571,641438136.0264996,283480239.2253199,-11.8439890034424,-4.908691757886244,-1.815764582785551,2026-04-02T21:46:04.814374
2461133.40849537, A.D. 2026-Apr-02 21:48:14.0000,69.185634,-350654890.9704108,641437841.5052215,283480130.2794992,-11.84398215563714,-4.908704642068392,-1.815770340784419,2026-04-02T21:47:04.814330
2461133.409189815, A.D. 2026-Apr-02 21:49:14.0000,69.185634,-350655601.6076536,641437546.9831704,283480021.3333331,-11.84397530321749,-4.908717523803164,-1.815776097539219,2026-04-02T21:48:04.814407
2461133.409884259, A.D. 2026-Apr-02 21:50:14.0000,69.185634,-350656312.2444863,641437252.4603457,283479912.3868214,-11.84396844619046,-4.908730403081518,-1.815781853045744,2026-04-02T21:49:04.814363
2461133.410578704, A.D. 2026-Apr-02 21:51:14.0000,69.185634,-350657022.8809062,641436957.9367491,283479803.4399647,-11.8439615845631,-4.908743279894346,-1.815787607299763,2026-04-02T21:50:04.814400
2461133.411273148, A.D. 2026-Apr-02 21:52:14.0000,69.185634,-350657733.5169142,641436663.4123799,283479694.4927628,-11.84395471834246,-4.908756154232639,-1.815793360297086,2026-04-02T21:51:04.814356
2461133.411967593, A.D. 2026-Apr-02 21:53:14.0000,69.185634,-350658444.1525101,641436368.8872383,283479585.5452156,-11.84394784753562,-4.908769026087373,-1.815799112033521,2026-04-02T21:52:04.814393
2461133.412662037, A.D. 2026-Apr-02 21:54:14.0000,69.185634,-350659154.7876951,641436074.3613238,283479476.5973233,-11.84394097214965,-4.908781895449569,-1.815804862504892,2026-04-02T21:53:04.814389
2461133.413356482, A.D. 2026-Apr-02 21:55:14.0000,69.185634,-350659865.4224659,641435779.834638,283479367.6490861,-11.84393409219172,-4.908794762310183,-1.815810611707001,2026-04-02T21:54:04.814426
2461133.414050926, A.D. 2026-Apr-02 21:56:14.0000,69.185634,-350660576.0568238,641435485.3071802,283479258.700504,-11.84392720766895,-4.908807626660272,-1.815816359635691,2026-04-02T21:55:04.814382
2461133.41474537, A.D. 2026-Apr-02 21:57:14.0000,69.185634,-350661286.69077,641435190.77895,283479149.7515769,-11.8439203185885,-4.908820488490898,-1.81582210628681,2026-04-02T21:56:04.814338
2461133.415439815, A.D. 2026-Apr-02 21:58:14.0000,69.185634,-350661997.3243012,641434896.2499487,283479040.8023052,-11.84391342495759,-4.90883334779307,-1.815827851656184,2026-04-02T21:57:04.814375
2461133.416134259, A.D. 2026-Apr-02 21:59:14.0000,69.185634,-350662707.9574187,641434601.7201761,283478931.8526888,-11.84390652678341,-4.90884620455789,-1.815833595739679,2026-04-02T21:58:04.814371
2461133.416828704, A.D. 2026-Apr-02 22:00:14.0000,69.185634,-350663418.5901222,641434307.1896319,283478822.9027279,-11.8438996240732,-4.90885905877645,-1.815839338533158,2026-04-02T21:59:04.814408
2461133.417523148, A.D. 2026-Apr-02 22:01:14.0000,69.185634,-350664129.2224128,641434012.6583161,283478713.9524222,-11.84389271683421,-4.908871910439879,-1.815845080032505,2026-04-02T22:00:04.814364
2461133.418217592, A.D. 2026-Apr-02 22:02:14.0000,69.185634,-350664839.8542873,641433718.1262299,283478605.0017722,-11.84388580507374,-4.908884759539251,-1.815850820233576,2026-04-02T22:01:04.814320
2461133.418912037, A.D. 2026-Apr-02 22:03:14.0000,69.185634,-350665550.485747,641433423.5933728,283478496.050778,-11.84387888879908,-4.908897606065732,-1.81585655913227,2026-04-02T22:02:04.814357
2461133.419606482, A.D. 2026-Apr-02 22:04:14.0000,69.185634,-350666261.1167932,641433129.0597444,283478387.0994391,-11.84387196801755,-4.908910450010505,-1.815862296724496,2026-04-02T22:03:04.814434
2461133.420300926, A.D. 2026-Apr-02 22:05:14.0000,69.185634,-350666971.7474225,641432834.5253459,283478278.1477563,-11.84386504273651,-4.90892329136469,-1.815868033006132,2026-04-02T22:04:04.814390
2461133.42099537, A.D. 2026-Apr-02 22:06:14.0000,69.185634,-350667682.3776361,641432539.9901773,283478169.1957293,-11.84385811296333,-4.908936130119503,-1.815873767973105,2026-04-02T22:05:04.814346
2461133.421689815, A.D. 2026-Apr-02 22:07:14.0000,69.185634,-350668393.0074351,641432245.4542375,283478060.2433581,-11.84385117870537,-4.908948966266176,-1.815879501621347,2026-04-02T22:06:04.814383
2461133.422384259, A.D. 2026-Apr-02 22:08:14.0000,69.185634,-350669103.6368166,641431950.9175284,283477951.2906431,-11.84384423997009,-4.90896179979588,-1.815885233946761,2026-04-02T22:07:04.814339
2461133.423078704, A.D. 2026-Apr-02 22:09:14.0000,69.185634,-350669814.2657817,641431656.3800495,283477842.3375842,-11.8438372967649,-4.90897463069988,-1.8158909649453,2026-04-02T22:08:04.814416
2461133.423773148, A.D. 2026-Apr-02 22:10:14.0000,69.185634,-350670524.8943314,641431361.8418,283477733.3841813,-11.84383034909724,-4.908987458969457,-1.815896694612919,2026-04-02T22:09:04.814372
2461133.424467593, A.D. 2026-Apr-02 22:11:14.0000,69.185634,-350671235.5224627,641431067.3027815,283477624.4304348,-11.84382339697463,-4.909000284595834,-1.815902422945549,2026-04-02T22:10:04.814409
2461133.425162037, A.D. 2026-Apr-02 22:12:14.0000,69.185634,-350671946.1501768,641430772.7629936,283477515.4763447,-11.84381644040454,-4.909013107570327,-1.815908149939164,2026-04-02T22:11:04.814365
2461133.425856481, A.D. 2026-Apr-02 22:13:14.0000,69.185634,-350672656.7774747,641430478.2224358,283477406.5219108,-11.84380947939449,-4.909025927884265,-1.815913875589746,2026-04-02T22:12:04.814321
2461133.426550926, A.D. 2026-Apr-02 22:14:14.0000,69.185634,-350673367.4043535,641430183.6811095,283477297.5671336,-11.84380251395205,-4.909038745528922,-1.815919599893252,2026-04-02T22:13:04.814398
2461133.427245371, A.D. 2026-Apr-02 22:15:14.0000,69.185634,-350674078.0308156,641429889.1390135,283477188.6120128,-11.84379554408476,-4.909051560495691,-1.815925322845692,2026-04-02T22:14:04.814435
2461133.427939815, A.D. 2026-Apr-02 22:16:14.0000,69.185634,-350674788.656858,641429594.5961494,283477079.6565489,-11.84378856980023,-4.909064372775875,-1.815931044443039,2026-04-02T22:15:04.814391
2461133.428634259, A.D. 2026-Apr-02 22:17:14.0000,69.185634,-350675499.2824817,641429300.0525167,283476970.7007416,-11.84378159110606,-4.909077182360879,-1.815936764681308,2026-04-02T22:16:04.814347
2461133.429328704, A.D. 2026-Apr-02 22:18:14.0000,69.185634,-350676209.9076881,641429005.5081148,283476861.7445911,-11.84377460800987,-4.909089989242113,-1.815942483556525,2026-04-02T22:17:04.814384
2461133.430023148, A.D. 2026-Apr-02 22:19:14.0000,69.185634,-350676920.5324739,641428710.9629451,283476752.7880976,-11.84376762051934,-4.90910279341094,-1.815948201064688,2026-04-02T22:18:04.814380
2461133.430717593, A.D. 2026-Apr-02 22:20:14.0000,69.185634,-350677631.1568418,641428416.4170069,283476643.8312609,-11.8437606286421,-4.909115594858834,-1.815953917201851,2026-04-02T22:19:04.814417
2461133.431412037, A.D. 2026-Apr-02 22:21:14.0000,69.185634,-350678341.7807885,641428121.870301,283476534.8740815,-11.84375363238589,-4.909128393577189,-1.815959631964028,2026-04-02T22:20:04.814373
2461133.432106481, A.D. 2026-Apr-02 22:22:14.0000,69.185634,-350679052.4043154,641427827.3228275,283476425.9165593,-11.84374663175841,-4.909141189557489,-1.815965345347278,2026-04-02T22:21:04.814329
2461133.432800926, A.D. 2026-Apr-02 22:23:14.0000,69.185634,-350679763.0274235,641427532.7745856,283476316.9586941,-11.84373962676738,-4.909153982791238,-1.815971057347668,2026-04-02T22:22:04.814366
2461133.43349537, A.D. 2026-Apr-02 22:24:14.0000,69.185634,-350680473.6501098,641427238.2255768,283476208.0004864,-11.8437326174206,-4.909166773269877,-1.815976767961241,2026-04-02T22:23:04.814362
2461133.434189815, A.D. 2026-Apr-02 22:25:14.0000,69.185634,-350681184.2723768,641426943.6758,283476099.0419359,-11.8437256037258,-4.909179560984971,-1.81598247718409,2026-04-02T22:24:04.814399
2461133.434884259, A.D. 2026-Apr-02 22:26:14.0000,69.185634,-350681894.8942214,641426649.1252567,283475990.0830431,-11.84371858569082,-4.909192345928001,-1.815988185012276,2026-04-02T22:25:04.814355
2461133.435578704, A.D. 2026-Apr-02 22:27:14.0000,69.185634,-350682605.5156448,641426354.5739464,283475881.1238079,-11.84371156332348,-4.909205128090536,-1.815993891441901,2026-04-02T22:26:04.814392
2461133.436273148, A.D. 2026-Apr-02 22:28:14.0000,69.185634,-350683316.1366482,641426060.0218686,283475772.1642301,-11.84370453663159,-4.909217907464168,-1.815999596469073,2026-04-02T22:27:04.814348
2461133.436967593, A.D. 2026-Apr-02 22:29:14.0000,69.185634,-350684026.7572285,641425765.4690247,283475663.2043103,-11.84369750562306,-4.909230684040425,-1.816005300089879,2026-04-02T22:28:04.814425
2461133.437662037, A.D. 2026-Apr-02 22:30:14.0000,69.185634,-350684737.3773881,641425470.9154137,283475554.2440481,-11.84369047030574,-4.909243457810961,-1.816011002300457,2026-04-02T22:29:04.814381
2461133.438356481, A.D. 2026-Apr-02 22:31:14.0000,69.185634,-350685447.9971241,641425176.361037,283475445.283444,-11.84368343068757,-4.90925622876734,-1.81601670309691,2026-04-02T22:30:04.814337
2461133.439050926, A.D. 2026-Apr-02 22:32:14.0000,69.185634,-350686158.616439,641424881.8058937,283475336.3224977,-11.84367638677644,-4.90926899690125,-1.816022402475394,2026-04-02T22:31:04.814374
2461133.43974537, A.D. 2026-Apr-02 22:33:14.0000,69.185634,-350686869.2353297,641424587.2499847,283475227.3612098,-11.84366933858034,-4.90928176220429,-1.816028100432029,2026-04-02T22:32:04.814330
2461133.440439815, A.D. 2026-Apr-02 22:34:14.0000,69.185634,-350687579.8537989,641424292.6933094,283475118.3995797,-11.84366228610719,-4.909294524668183,-1.816033796962989,2026-04-02T22:33:04.814407
2461133.441134259, A.D. 2026-Apr-02 22:35:14.0000,69.185634,-350688290.4718433,641423998.135869,283475009.4376081,-11.84365522936504,-4.909307284284565,-1.816039492064413,2026-04-02T22:34:04.814363
2461133.441828704, A.D. 2026-Apr-02 22:36:14.0000,69.185634,-350689001.0894656,641423703.5776626,283474900.4752946,-11.84364816836184,-4.909320041045194,-1.816045185732491,2026-04-02T22:35:04.814400
2461133.442523148, A.D. 2026-Apr-02 22:37:14.0000,69.185634,-350689711.7066627,641423409.0186914,283474791.5126398,-11.84364110310567,-4.909332794941743,-1.816050877963379,2026-04-02T22:36:04.814356
2461133.443217593, A.D. 2026-Apr-02 22:38:14.0000,69.185634,-350690422.3234372,641423114.4589545,283474682.5496433,-11.84363403360455,-4.909345545966002,-1.816056568753287,2026-04-02T22:37:04.814393
2461133.443912037, A.D. 2026-Apr-02 22:39:14.0000,69.185634,-350691132.939786,641422819.8984532,283474573.5863056,-11.84362695986657,-4.909358294109683,-1.816062258098386,2026-04-02T22:38:04.814389
2461133.444606482, A.D. 2026-Apr-02 22:40:14.0000,69.185634,-350691843.5557116,641422525.3371865,283474464.6226263,-11.84361988189981,-4.909371039364614,-1.816067945994907,2026-04-02T22:39:04.814426
2461133.445300926, A.D. 2026-Apr-02 22:41:14.0000,69.185634,-350692554.171211,641422230.7751558,283474355.6586061,-11.84361279971241,-4.909383781722538,-1.816073632439037,2026-04-02T22:40:04.814382
2461133.44599537, A.D. 2026-Apr-02 22:42:14.0000,69.185634,-350693264.7862868,641421936.21236,283474246.6942444,-11.84360571331247,-4.909396521175322,-1.816079317427023,2026-04-02T22:41:04.814338
2461133.446689815, A.D. 2026-Apr-02 22:43:14.0000,69.185634,-350693975.4009358,641421641.6488006,283474137.729542,-11.84359862270817,-4.909409257714744,-1.816085000955074,2026-04-02T22:42:04.814375
2461133.447384259, A.D. 2026-Apr-02 22:44:14.0000,69.185634,-350694686.0151607,641421347.0844765,283474028.7644984,-11.84359152790766,-4.909421991332708,-1.816090683019453,2026-04-02T22:43:04.814371
2461133.448078704, A.D. 2026-Apr-02 22:45:14.0000,69.185634,-350695396.6289584,641421052.5193889,283473919.799114,-11.84358442891916,-4.909434722021028,-1.816096363616386,2026-04-02T22:44:04.814408
2461133.448773148, A.D. 2026-Apr-02 22:46:14.0000,69.185634,-350696107.2423314,641420757.9535371,283473810.8333887,-11.84357732575086,-4.909447449771645,-1.816102042742155,2026-04-02T22:45:04.814364
2461133.449467592, A.D. 2026-Apr-02 22:47:14.0000,69.185634,-350696817.8552768,641420463.3869222,283473701.867323,-11.84357021841103,-4.90946017457641,-1.816107720393005,2026-04-02T22:46:04.814320
2461133.450162037, A.D. 2026-Apr-02 22:48:14.0000,69.185634,-350697528.4677969,641420168.8195435,283473592.9009163,-11.84356310690788,-4.909472896427299,-1.816113396565235,2026-04-02T22:47:04.814357
2461133.450856482, A.D. 2026-Apr-02 22:49:14.0000,69.185634,-350698239.0798888,641419874.251402,283473483.9341694,-11.84355599124973,-4.909485615316201,-1.816119071255107,2026-04-02T22:48:04.814434
2461133.451550926, A.D. 2026-Apr-02 22:50:14.0000,69.185634,-350698949.6915551,641419579.682497,283473374.9670818,-11.84354887144484,-4.909498331235127,-1.81612474445894,2026-04-02T22:49:04.814390
2461133.45224537, A.D. 2026-Apr-02 22:51:14.0000,69.185634,-350699660.3027927,641419285.1128297,283473265.9996541,-11.84354174750156,-4.909511044176004,-1.816130416173014,2026-04-02T22:50:04.814346
2461133.452939815, A.D. 2026-Apr-02 22:52:14.0000,69.185634,-350700370.913604,641418990.5423992,283473157.0318859,-11.84353461942818,-4.90952375413088,-1.816136086393665,2026-04-02T22:51:04.814383
2461133.453634259, A.D. 2026-Apr-02 22:53:14.0000,69.185634,-350701081.5239862,641418695.9712065,283473048.0637777,-11.8435274872331,-4.90953646109172,-1.816141755117193,2026-04-02T22:52:04.814339
2461133.454328704, A.D. 2026-Apr-02 22:54:14.0000,69.185634,-350701792.1339418,641418401.3992511,283472939.0953293,-11.84352035092465,-4.909549165050608,-1.816147422339952,2026-04-02T22:53:04.814416
2461133.455023148, A.D. 2026-Apr-02 22:55:14.0000,69.185634,-350702502.7434689,641418106.8265334,283472830.1265408,-11.84351321051126,-4.909561865999571,-1.81615308805827,2026-04-02T22:54:04.814372
2461133.455717593, A.D. 2026-Apr-02 22:56:14.0000,69.185634,-350703213.3525663,641417812.2530545,283472721.1574128,-11.84350606600134,-4.909574563930653,-1.816158752268486,2026-04-02T22:55:04.814409
2461133.456412037, A.D. 2026-Apr-02 22:57:14.0000,69.185634,-350703923.9612362,641417517.6788131,283472612.1879447,-11.8434989174033,-4.909587258835998,-1.816164414966983,2026-04-02T22:56:04.814365
2461133.457106481, A.D. 2026-Apr-02 22:58:14.0000,69.185634,-350704634.5694757,641417223.1038109,283472503.218137,-11.84349176472563,-4.90959995070766,-1.816170076150104,2026-04-02T22:57:04.814321
2461133.457800926, A.D. 2026-Apr-02 22:59:14.0000,69.185634,-350705345.1772872,641416928.5280464,283472394.2479895,-11.84348460797677,-4.909612639537818,-1.816175735814251,2026-04-02T22:58:04.814398
2461133.458495371, A.D. 2026-Apr-02 23:00:14.0000,69.185634,-350706055.7846678,641416633.9515214,283472285.2775028,-11.84347744716523,-4.90962532531857,-1.816181393955787,2026-04-02T22:59:04.814435
2461133.459189815, A.D. 2026-Apr-02 23:01:14.0000,69.185634,-350706766.3916201,641416339.3742348,283472176.3066763,-11.84347028229951,-4.909638008042128,-1.816187050571132,2026-04-02T23:00:04.814391
2461133.459884259, A.D. 2026-Apr-02 23:02:14.0000,69.185634,-350707476.9981424,641416044.7961873,283472067.3355106,-11.84346311338814,-4.909650687700649,-1.816192705656678,2026-04-02T23:01:04.814347
2461133.460578704, A.D. 2026-Apr-02 23:03:14.0000,69.185634,-350708187.604233,641415750.2173797,283471958.3640057,-11.84345594043969,-4.909663364286314,-1.81619835920883,2026-04-02T23:02:04.814384
2461133.461273148, A.D. 2026-Apr-02 23:04:14.0000,69.185634,-350708898.2098945,641415455.637811,283471849.3921615,-11.84344876346271,-4.909676037791394,-1.816204011224033,2026-04-02T23:03:04.814380
2461133.461967593, A.D. 2026-Apr-02 23:05:14.0000,69.185634,-350709608.8151253,641415161.0574819,283471740.4199781,-11.8434415824658,-4.909688708208101,-1.81620966169871,2026-04-02T23:04:04.814417
2461133.462662037, A.D. 2026-Apr-02 23:06:14.0000,69.185634,-350710319.4199237,641414866.4763933,283471631.4474561,-11.84343439745757,-4.909701375528673,-1.816215310629293,2026-04-02T23:05:04.814373
2461133.463356481, A.D. 2026-Apr-02 23:07:14.0000,69.185634,-350711030.0242923,641414571.8945442,283471522.474595,-11.84342720844663,-4.909714039745438,-1.816220958012257,2026-04-02T23:06:04.814329
2461133.464050926, A.D. 2026-Apr-02 23:08:14.0000,69.185634,-350711740.6282279,641414277.311936,283471413.5013952,-11.84342001544164,-4.909726700850642,-1.816226603844038,2026-04-02T23:07:04.814366
2461133.46474537, A.D. 2026-Apr-02 23:09:14.0000,69.185634,-350712451.2317334,641413982.7285676,283471304.5278565,-11.84341281845126,-4.909739358836652,-1.816232248121132,2026-04-02T23:08:04.814362
2461133.465439815, A.D. 2026-Apr-02 23:10:14.0000,69.185634,-350713161.8348069,641413688.1444398,283471195.5539793,-11.84340561748418,-4.90975201369578,-1.816237890840009,2026-04-02T23:09:04.814399
2461133.466134259, A.D. 2026-Apr-02 23:11:14.0000,69.185634,-350713872.4374468,641413393.5595534,283471086.5797637,-11.8433984125491,-4.909764665420354,-1.816243531997145,2026-04-02T23:10:04.814355
2461133.466828704, A.D. 2026-Apr-02 23:12:14.0000,69.185634,-350714583.0396557,641413098.9739074,283470977.6052095,-11.84339120365474,-4.909777314002801,-1.816249171589063,2026-04-02T23:11:04.814392
2461133.467523148, A.D. 2026-Apr-02 23:13:14.0000,69.185634,-350715293.6414319,641412804.3875026,283470868.630317,-11.84338399080984,-4.909789959435487,-1.816254809612261,2026-04-02T23:12:04.814348
2461133.468217593, A.D. 2026-Apr-02 23:14:14.0000,69.185634,-350716004.2427738,641412509.8003396,283470759.6550864,-11.84337677402317,-4.909802601710802,-1.816260446063246,2026-04-02T23:13:04.814425
2461133.468912037, A.D. 2026-Apr-02 23:15:14.0000,69.185634,-350716714.8436841,641412215.2124177,283470650.6795174,-11.84336955330349,-4.909815240821226,-1.816266080938567,2026-04-02T23:14:04.814381
2461133.469606481, A.D. 2026-Apr-02 23:16:14.0000,69.185634,-350717425.4441609,641411920.6237376,283470541.7036105,-11.8433623286596,-4.909827876759188,-1.816271714234752,2026-04-02T23:15:04.814337
2461133.470300926, A.D. 2026-Apr-02 23:17:14.0000,69.185634,-350718136.0442028,641411626.0342999,283470432.7273659,-11.84335510010034,-4.909840509517131,-1.816277345948335,2026-04-02T23:16:04.814374
2461133.47099537, A.D. 2026-Apr-02 23:18:14.0000,69.185634,-350718846.6438123,641411331.444104,283470323.7507831,-11.84334786763451,-4.909853139087597,-1.816282976075897,2026-04-02T23:17:04.814330
2461133.471689815, A.D. 2026-Apr-02 23:19:14.0000,69.185634,-350719557.2429877,641411036.8531501,283470214.7738626,-11.84334063127097,-4.909865765463072,-1.816288604613992,2026-04-02T23:18:04.814407
2461133.472384259, A.D. 2026-Apr-02 23:20:14.0000,69.185634,-350720267.8417273,641410742.2614396,283470105.7966046,-11.84333339101862,-4.90987838863606,-1.816294231559184,2026-04-02T23:19:04.814363
2461133.473078704, A.D. 2026-Apr-02 23:21:14.0000,69.185634,-350720978.4400339,641410447.6689708,283469996.8190088,-11.84332614688631,-4.90989100859916,-1.816299856908081,2026-04-02T23:20:04.814400
2461133.473773148, A.D. 2026-Apr-02 23:22:14.0000,69.185634,-350721689.0379056,641410153.0757453,283469887.8410756,-11.84331889888297,-4.909903625344914,-1.816305480657268,2026-04-02T23:21:04.814356
2461133.474467593, A.D. 2026-Apr-02 23:23:14.0000,69.185634,-350722399.635341,641409858.4817634,283469778.8628052,-11.84331164701753,-4.909916238865885,-1.816311102803337,2026-04-02T23:22:04.814393
2461133.475162037, A.D. 2026-Apr-02 23:24:14.0000,69.185634,-350723110.2323427,641409563.887024,283469669.8841974,-11.8433043912989,-4.909928849154735,-1.816316723342926,2026-04-02T23:23:04.814389
2461133.475856482, A.D. 2026-Apr-02 23:25:14.0000,69.185634,-350723820.8289087,641409269.2915282,283469560.9052523,-11.84329713173608,-4.909941456204063,-1.816322342272647,2026-04-02T23:24:04.814426
2461133.476550926, A.D. 2026-Apr-02 23:26:14.0000,69.185634,-350724531.4250391,641408974.6952761,283469451.9259701,-11.84328986833803,-4.909954060006517,-1.816327959589134,2026-04-02T23:25:04.814382
2461133.47724537, A.D. 2026-Apr-02 23:27:14.0000,69.185634,-350725242.0207322,641408680.0982685,283469342.9463512,-11.84328260111377,-4.909966660554741,-1.816333575289019,2026-04-02T23:26:04.814338
2461133.477939815, A.D. 2026-Apr-02 23:28:14.0000,69.185634,-350725952.6159906,641408385.5005044,283469233.9663953,-11.84327533007228,-4.909979257841469,-1.816339189368979,2026-04-02T23:27:04.814375
2461133.478634259, A.D. 2026-Apr-02 23:29:14.0000,69.185634,-350726663.2108126,641408090.9019846,283469124.9861024,-11.84326805522262,-4.909991851859386,-1.816344801825664,2026-04-02T23:28:04.814371
2461133.479328704, A.D. 2026-Apr-02 23:30:14.0000,69.185634,-350727373.8051966,641407796.3027097,283469016.0054731,-11.84326077657384,-4.910004442601193,-1.816350412655737,2026-04-02T23:29:04.814408
2461133.480023148, A.D. 2026-Apr-02 23:31:14.0000,69.185634,-350728084.3991451,641407501.7026788,283468907.024507,-11.843253494135,-4.910017030059683,-1.816356021855902,2026-04-02T23:30:04.814364
2461133.480717592, A.D. 2026-Apr-02 23:32:14.0000,69.185634,-350728794.9926566,641407207.101893,283468798.0432043,-11.84324620791519,-4.910029614227603,-1.816361629422841,2026-04-02T23:31:04.814320
2461133.481412037, A.D. 2026-Apr-02 23:33:14.0000,69.185634,-350729505.5857308,641406912.5003521,283468689.0615653,-11.84323891792352,-4.910042195097737,-1.816367235353255,2026-04-02T23:32:04.814357
2461133.482106482, A.D. 2026-Apr-02 23:34:14.0000,69.185634,-350730216.1783661,641406617.8980571,283468580.0795901,-11.84323162416912,-4.910054772662865,-1.816372839643846,2026-04-02T23:33:04.814434
2461133.482800926, A.D. 2026-Apr-02 23:35:14.0000,69.185634,-350730926.770565,641406323.2950069,283468471.0972786,-11.84322432666111,-4.910067346915868,-1.816378442291358,2026-04-02T23:34:04.814390
2461133.48349537, A.D. 2026-Apr-02 23:36:14.0000,69.185634,-350731637.362326,641406028.6912023,283468362.114631,-11.84321702540866,-4.910079917849563,-1.816384043292511,2026-04-02T23:35:04.814346
2461133.484189815, A.D. 2026-Apr-02 23:37:14.0000,69.185634,-350732347.9536488,641405734.0866437,283468253.1316473,-11.84320972042094,-4.91009248545682,-1.816389642644048,2026-04-02T23:36:04.814383
2461133.484884259, A.D. 2026-Apr-02 23:38:14.0000,69.185634,-350733058.5445318,641405439.4813316,283468144.148328,-11.84320241170716,-4.9101050497305,-1.816395240342707,2026-04-02T23:37:04.814339
2461133.485578704, A.D. 2026-Apr-02 23:39:14.0000,69.185634,-350733769.1349775,641405144.8752651,283468035.1646726,-11.84319509927651,-4.910117610663559,-1.816400836385274,2026-04-02T23:38:04.814416
2461133.486273148, A.D. 2026-Apr-02 23:40:14.0000,69.185634,-350734479.7249845,641404850.2684451,283467926.1806815,-11.84318778313822,-4.910130168248903,-1.816406430768509,2026-04-02T23:39:04.814372
2461133.486967593, A.D. 2026-Apr-02 23:41:14.0000,69.185634,-350735190.3145522,641404555.6608719,283467817.1963548,-11.84318046330155,-4.910142722479477,-1.816412023489191,2026-04-02T23:40:04.814409
2461133.487662037, A.D. 2026-Apr-02 23:42:14.0000,69.185634,-350735900.9036808,641404261.0525454,283467708.2116926,-11.84317313977574,-4.910155273348249,-1.816417614544115,2026-04-02T23:41:04.814365
2461133.488356481, A.D. 2026-Apr-02 23:43:14.0000,69.185634,-350736611.4923684,641403966.4434665,283467599.2266951,-11.8431658125701,-4.910167820848184,-1.816423203930068,2026-04-02T23:42:04.814321
2461133.489050926, A.D. 2026-Apr-02 23:44:14.0000,69.185634,-350737322.0806177,641403671.8336344,283467490.2413622,-11.8431584816939,-4.910180364972338,-1.816428791643885,2026-04-02T23:43:04.814398
2461133.489745371, A.D. 2026-Apr-02 23:45:14.0000,69.185634,-350738032.668427,641403377.2230498,283467381.255694,-11.84315114715645,-4.910192905713717,-1.816434377682375,2026-04-02T23:44:04.814435
2461133.490439815, A.D. 2026-Apr-02 23:46:14.0000,69.185634,-350738743.2557961,641403082.6117127,283467272.2696908,-11.8431438089671,-4.910205443065371,-1.81643996204237,2026-04-02T23:45:04.814391
2461133.491134259, A.D. 2026-Apr-02 23:47:14.0000,69.185634,-350739453.8427248,641402787.9996235,283467163.2833524,-11.84313646713518,-4.910217977020368,-1.816445544720711,2026-04-02T23:46:04.814347
2461133.491828704, A.D. 2026-Apr-02 23:48:14.0000,69.185634,-350740164.4292115,641402493.386783,283467054.2966795,-11.84312912167009,-4.910230507571776,-1.816451125714239,2026-04-02T23:47:04.814384
2461133.492523148, A.D. 2026-Apr-02 23:49:14.0000,69.185634,-350740875.0152588,641402198.7731901,283466945.3096715,-11.84312177258116,-4.910243034712754,-1.816456705019837,2026-04-02T23:48:04.814380
2461133.493217593, A.D. 2026-Apr-02 23:50:14.0000,69.185634,-350741585.600865,641401904.1588458,283466836.3223288,-11.84311441987781,-4.91025555843641,-1.816462282634365,2026-04-02T23:49:04.814417
2461133.493912037, A.D. 2026-Apr-02 23:51:14.0000,69.185634,-350742296.18603,641401609.5437502,283466727.3346515,-11.84310706356946,-4.910268078735895,-1.816467858554705,2026-04-02T23:50:04.814373
2461133.494606481, A.D. 2026-Apr-02 23:52:14.0000,69.185634,-350743006.7707534,641401314.9279033,283466618.3466397,-11.84309970366554,-4.910280595604382,-1.816473432777749,2026-04-02T23:51:04.814329
2461133.495300926, A.D. 2026-Apr-02 23:53:14.0000,69.185634,-350743717.3550351,641401020.3113055,283466509.3582935,-11.84309234017549,-4.910293109035066,-1.816479005300398,2026-04-02T23:52:04.814366
2461133.49599537, A.D. 2026-Apr-02 23:54:14.0000,69.185634,-350744427.9388736,641400725.6939577,283466400.3696132,-11.8430849731088,-4.910305619021132,-1.816484576119553,2026-04-02T23:53:04.814362
2461133.496689815, A.D. 2026-Apr-02 23:55:14.0000,69.185634,-350745138.5222713,641400431.0758588,283466291.3805984,-11.84307760247491,-4.910318125555869,-1.816490145232159,2026-04-02T23:54:04.814399
2461133.497384259, A.D. 2026-Apr-02 23:56:14.0000,69.185634,-350745849.1052267,641400136.4570097,283466182.3912497,-11.84307022828334,-4.910330628632506,-1.816495712635136,2026-04-02T23:55:04.814355
2461133.498078704, A.D. 2026-Apr-02 23:57:14.0000,69.185634,-350746559.6877395,641399841.8374104,283466073.4015669,-11.8430628505436,-4.910343128244319,-1.816501278325427,2026-04-02T23:56:04.814392
2461133.498773148, A.D. 2026-Apr-02 23:58:14.0000,69.185634,-350747270.2698095,641399547.2170612,283465964.4115502,-11.84305546926522,-4.910355624384606,-1.816506842299985,2026-04-02T23:57:04.814348
2461133.499467593, A.D. 2026-Apr-02 23:59:14.0000,69.185634,-350747980.8514366,641399252.5959624,283465855.4211997,-11.84304808445775,-4.910368117046684,-1.816512404555772,2026-04-02T23:58:04.814425
2461133.500162037, A.D. 2026-Apr-03 00:00:14.0000,69.185634,-350748691.4326205,641398957.9741142,283465746.4305155,-11.84304069613075,-4.910380606223894,-1.816517965089762,2026-04-02T23:59:04.814381
2461133.500856481, A.D. 2026-Apr-03 00:01:14.0000,69.185634,-350749402.0133595,641398663.3515173,283465637.439498,-11.84303330429381,-4.910393091909568,-1.816523523898926,2026-04-03T00:00:04.814337
2461133.501550926, A.D. 2026-Apr-03 00:02:14.0000,69.185634,-350750112.5936564,641398368.7281708,283465528.4481468,-11.8430259089565,-4.910405574097139,-1.81652908098028,2026-04-03T00:01:04.814374
2461133.50224537, A.D. 2026-Apr-03 00:03:14.0000,69.185634,-350750823.1735094,641398074.1040753,283465419.4564622,-11.84301851012844,-4.910418052779982,-1.816534636330817,2026-04-03T00:02:04.814330
2461133.502939815, A.D. 2026-Apr-03 00:04:14.0000,69.185634,-350751533.7529184,641397779.4792315,283465310.4644443,-11.84301110781926,-4.91043052795152,-1.816540189947552,2026-04-03T00:03:04.814407
2461133.503634259, A.D. 2026-Apr-03 00:05:14.0000,69.185634,-350752244.3318831,641397484.853639,283465201.4720933,-11.84300370203861,-4.910442999605197,-1.816545741827507,2026-04-03T00:04:04.814363
2461133.504328704, A.D. 2026-Apr-03 00:06:14.0000,69.185634,-350752954.9104034,641397190.2272984,283465092.4794093,-11.84299629279613,-4.910455467734478,-1.816551291967718,2026-04-03T00:05:04.814400
2461133.505023148, A.D. 2026-Apr-03 00:07:14.0000,69.185634,-350753665.4884791,641396895.60021,283464983.4863922,-11.84298888010151,-4.910467932332849,-1.81655684036523,2026-04-03T00:06:04.814356
2461133.505717593, A.D. 2026-Apr-03 00:08:14.0000,69.185634,-350754376.0661099,641396600.9723736,283464874.4930423,-11.84298146396444,-4.910480393393817,-1.816562387017098,2026-04-03T00:07:04.814393
2461133.506412037, A.D. 2026-Apr-03 00:09:14.0000,69.185634,-350755086.6432956,641396306.3437897,283464765.4993597,-11.84297404439462,-4.910492850910909,-1.816567931920388,2026-04-03T00:08:04.814389
2461133.507106482, A.D. 2026-Apr-03 00:10:14.0000,69.185634,-350755797.220036,641396011.7144586,283464656.5053444,-11.84296662140176,-4.910505304877675,-1.816573475072176,2026-04-03T00:09:04.814426
2461133.507800926, A.D. 2026-Apr-03 00:11:14.0000,69.185634,-350756507.7963295,641395717.0843807,283464547.5109968,-11.84295919499563,-4.910517755287661,-1.816579016469536,2026-04-03T00:10:04.814382
2461133.50849537, A.D. 2026-Apr-03 00:12:14.0000,69.185634,-350757218.3721788,641395422.4535555,283464438.5163166,-11.84295176518595,-4.91053020213451,-1.816584556109588,2026-04-03T00:11:04.814338
2461133.509189815, A.D. 2026-Apr-03 00:13:14.0000,69.185634,-350757928.9475822,641395127.8219836,283464329.521304,-11.8429443319825,-4.910542645411806,-1.816590093989429,2026-04-03T00:12:04.814375
2461133.509884259, A.D. 2026-Apr-03 00:14:14.0000,69.185634,-350758639.5225394,641394833.1896651,283464220.5259592,-11.84293689539506,-4.910555085113188,-1.816595630106174,2026-04-03T00:13:04.814371
2461133.510578704, A.D. 2026-Apr-03 00:15:14.0000,69.185634,-350759350.0970504,641394538.5566003,283464111.5302823,-11.84292945543343,-4.910567521232308,-1.816601164456953,2026-04-03T00:14:04.814408
2461133.511273148, A.D. 2026-Apr-03 00:16:14.0000,69.185634,-350760060.671115,641394243.9227896,283464002.5342734,-11.84292201210742,-4.910579953762846,-1.816606697038903,2026-04-03T00:15:04.814364
2461133.511967592, A.D. 2026-Apr-03 00:17:14.0000,69.185634,-350760771.2447327,641393949.2882329,283463893.5379326,-11.84291456542687,-4.910592382698496,-1.816612227849174,2026-04-03T00:16:04.814320
2461133.512662037, A.D. 2026-Apr-03 00:18:14.0000,69.185634,-350761481.8179036,641393654.6529306,283463784.5412601,-11.84290711540162,-4.910604808032983,-1.816617756884925,2026-04-03T00:17:04.814357
2461133.513356482, A.D. 2026-Apr-03 00:19:14.0000,69.185634,-350762192.3906274,641393360.016883,283463675.5442557,-11.84289966204152,-4.910617229760046,-1.816623284143325,2026-04-03T00:18:04.814434
2461133.514050926, A.D. 2026-Apr-03 00:20:14.0000,69.185634,-350762902.9629039,641393065.3800902,283463566.5469199,-11.84289220535645,-4.910629647873447,-1.816628809621555,2026-04-03T00:19:04.814390
2461133.51474537, A.D. 2026-Apr-03 00:21:14.0000,69.185634,-350763613.5347329,641392770.7425523,283463457.5492525,-11.84288474535631,-4.910642062366971,-1.816634333316805,2026-04-03T00:20:04.814346
2461133.515439815, A.D. 2026-Apr-03 00:22:14.0000,69.185634,-350764324.1061142,641392476.1042697,283463348.5512539,-11.84287728205099,-4.910654473234424,-1.816639855226278,2026-04-03T00:21:04.814383
2461133.516134259, A.D. 2026-Apr-03 00:23:14.0000,69.185634,-350765034.6770476,641392181.4652426,283463239.5529239,-11.84286981545042,-4.910666880469634,-1.816645375347183,2026-04-03T00:22:04.814339
2461133.516828704, A.D. 2026-Apr-03 00:24:14.0000,69.185634,-350765745.2475329,641391886.8254712,283463130.5542628,-11.84286234556452,-4.910679284066448,-1.816650893676745,2026-04-03T00:23:04.814416
2461133.517523148, A.D. 2026-Apr-03 00:25:14.0000,69.185634,-350766455.8175699,641391592.1849556,283463021.5552706,-11.84285487240326,-4.910691684018737,-1.816656410212196,2026-04-03T00:24:04.814372
2461133.518217593, A.D. 2026-Apr-03 00:26:14.0000,69.185634,-350767166.3871584,641391297.5436962,283462912.5559474,-11.84284739597658,-4.910704080320394,-1.816661924950778,2026-04-03T00:25:04.814409
2461133.518912037, A.D. 2026-Apr-03 00:27:14.0000,69.185634,-350767876.9562982,641391002.901693,283462803.5562935,-11.84283991629447,-4.910716472965333,-1.816667437889747,2026-04-03T00:26:04.814365
2461133.519606481, A.D. 2026-Apr-03 00:28:14.0000,69.185634,-350768587.5249892,641390708.2589464,283462694.5563089,-11.84283243336693,-4.910728861947488,-1.816672949026367,2026-04-03T00:27:04.814321
2461133.520300926, A.D. 2026-Apr-03 00:29:14.0000,69.185634,-350769298.0932311,641390413.6154567,283462585.5559936,-11.84282494720395,-4.910741247260818,-1.816678458357913,2026-04-03T00:28:04.814398
2461133.520995371, A.D. 2026-Apr-03 00:30:14.0000,69.185634,-350770008.6610237,641390118.9712238,283462476.5553479,-11.84281745781557,-4.910753628899303,-1.81668396588167,2026-04-03T00:29:04.814435
2461133.521689815, A.D. 2026-Apr-03 00:31:14.0000,69.185634,-350770719.2283669,641389824.3262483,283462367.5543717,-11.84280996521181,-4.91076600685694,-1.816689471594936,2026-04-03T00:30:04.814391
2461133.522384259, A.D. 2026-Apr-03 00:32:14.0000,69.185634,-350771429.7952604,641389529.6805302,283462258.5530652,-11.84280246940273,-4.910778381127755,-1.816694975495017,2026-04-03T00:31:04.814347
2461133.523078704, A.D. 2026-Apr-03 00:33:14.0000,69.185634,-350772140.3617041,641389235.0340697,283462149.5514286,-11.84279497039839,-4.91079075170579,-1.816700477579231,2026-04-03T00:32:04.814384
2461133.523773148, A.D. 2026-Apr-03 00:34:14.0000,69.185634,-350772850.9276977,641388940.386867,283462040.5494618,-11.84278746820887,-4.910803118585113,-1.816705977844907,2026-04-03T00:33:04.814380
2461133.524467593, A.D. 2026-Apr-03 00:35:14.0000,69.185634,-350773561.4932412,641388645.7389225,283461931.5471652,-11.84277996284427,-4.910815481759813,-1.816711476289382,2026-04-03T00:34:04.814417
2461133.525162037, A.D. 2026-Apr-03 00:36:14.0000,69.185634,-350774272.0583341,641388351.0902363,283461822.5445386,-11.84277245431469,-4.910827841223998,-1.816716972910008,2026-04-03T00:35:04.814373
2461133.525856481, A.D. 2026-Apr-03 00:37:14.0000,69.185634,-350774982.6229765,641388056.4408087,283461713.5415824,-11.84276494263026,-4.910840196971802,-1.816722467704145,2026-04-03T00:36:04.814329
2461133.526550926, A.D. 2026-Apr-03 00:38:14.0000,69.185634,-350775693.1871682,641387761.7906399,283461604.5382965,-11.8427574278011,-4.910852548997377,-1.816727960669163,2026-04-03T00:37:04.814366
2461133.52724537, A.D. 2026-Apr-03 00:39:14.0000,69.185634,-350776403.7509087,641387467.1397299,283461495.5346811,-11.84274990983737,-4.910864897294901,-1.816733451802445,2026-04-03T00:38:04.814362
2461133.527939815, A.D. 2026-Apr-03 00:40:14.0000,69.185634,-350777114.3141982,641387172.4880792,283461386.5307362,-11.84274238874923,-4.91087724185857,-1.816738941101383,2026-04-03T00:39:04.814399
2461133.528634259, A.D. 2026-Apr-03 00:41:14.0000,69.185634,-350777824.8770363,641386877.835688,283461277.5264621,-11.84273486454687,-4.910889582682605,-1.81674442856338,2026-04-03T00:40:04.814355
2461133.529328704, A.D. 2026-Apr-03 00:42:14.0000,69.185634,-350778535.4394228,641386583.1825565,283461168.5218588,-11.84272733724046,-4.91090191976125,-1.816749914185851,2026-04-03T00:41:04.814392
2461133.530023148, A.D. 2026-Apr-03 00:43:14.0000,69.185634,-350779246.0013576,641386288.5286847,283461059.5169263,-11.84271980684021,-4.910914253088768,-1.816755397966219,2026-04-03T00:42:04.814348
2461133.530717593, A.D. 2026-Apr-03 00:44:14.0000,69.185634,-350779956.5628405,641385993.8740733,283460950.511665,-11.84271227335635,-4.910926582659444,-1.816760879901923,2026-04-03T00:43:04.814425
2461133.531412037, A.D. 2026-Apr-03 00:45:14.0000,69.185634,-350780667.1238713,641385699.218722,283460841.5060748,-11.8427047367991,-4.910938908467588,-1.816766359990406,2026-04-03T00:44:04.814381
2461133.532106481, A.D. 2026-Apr-03 00:46:14.0000,69.185634,-350781377.6844512,641385404.5626307,283460732.5001556,-11.84269719717869,-4.910951230507555,-1.816771838229138,2026-04-03T00:45:04.814337
2461133.532800926, A.D. 2026-Apr-03 00:47:14.0000,69.185634,-350782088.2445773,641385109.9058009,283460623.4939079,-11.84268965450542,-4.910963548773649,-1.816777314615565,2026-04-03T00:46:04.814374
2461133.53349537, A.D. 2026-Apr-03 00:48:14.0000,69.185634,-350782798.8042507,641384815.2482321,283460514.4873318,-11.84268210878953,-4.910975863260271,-1.816782789147175,2026-04-03T00:47:04.814330
2461133.534189815, A.D. 2026-Apr-03 00:49:14.0000,69.185634,-350783509.3634712,641384520.5899245,283460405.4804273,-11.84267456004132,-4.910988173961815,-1.81678826182146,2026-04-03T00:48:04.814407
2461133.534884259, A.D. 2026-Apr-03 00:50:14.0000,69.185634,-350784219.9222388,641384225.9308783,283460296.4731944,-11.84266700827109,-4.911000480872704,-1.81679373263592,2026-04-03T00:49:04.814363
2461133.535578704, A.D. 2026-Apr-03 00:51:14.0000,69.185634,-350784930.4805532,641383931.2710938,283460187.4656333,-11.84265945348914,-4.911012783987379,-1.816799201588065,2026-04-03T00:50:04.814400
2461133.536273148, A.D. 2026-Apr-03 00:52:14.0000,69.185634,-350785641.0384141,641383636.6105714,283460078.4577442,-11.8426518957058,-4.911025083300304,-1.816804668675419,2026-04-03T00:51:04.814356
2461133.536967593, A.D. 2026-Apr-03 00:53:14.0000,69.185634,-350786351.5958215,641383341.949311,283459969.449527,-11.84264433493141,-4.911037378805966,-1.816810133895514,2026-04-03T00:52:04.814393
2461133.537662037, A.D. 2026-Apr-03 00:54:14.0000,69.185634,-350787062.1527752,641383047.2873131,283459860.4409821,-11.84263677117632,-4.911049670498873,-1.816815597245893,2026-04-03T00:53:04.814389
2461133.538356482, A.D. 2026-Apr-03 00:55:14.0000,69.185634,-350787772.709275,641382752.6245778,283459751.4321094,-11.8426292044509,-4.911061958373559,-1.816821058724114,2026-04-03T00:54:04.814426
2461133.539050926, A.D. 2026-Apr-03 00:56:14.0000,69.185634,-350788483.2653221,641382457.9611046,283459642.4229088,-11.8426216347655,-4.9110742424246,-1.816826518327751,2026-04-03T00:55:04.814382
2461133.53974537, A.D. 2026-Apr-03 00:57:14.0000,69.185634,-350789193.8209134,641382163.2968953,283459533.413381,-11.84261406213055,-4.911086522646524,-1.816831976054359,2026-04-03T00:56:04.814338
2461133.540439815, A.D. 2026-Apr-03 00:58:14.0000,69.185634,-350789904.3760504,641381868.6319491,283459424.4035257,-11.84260648655643,-4.911098799033955,-1.816837431901538,2026-04-03T00:57:04.814375
2461133.541134259, A.D. 2026-Apr-03 00:59:14.0000,69.185634,-350790614.9307327,641381573.9662665,283459315.3933432,-11.84259890805357,-4.911111071581514,-1.816842885866886,2026-04-03T00:58:04.814371
2461133.541828704, A.D. 2026-Apr-03 01:00:14.0000,69.185634,-350791325.4849603,641381279.2998477,283459206.3828334,-11.84259132663238,-4.911123340283845,-1.816848337948012,2026-04-03T00:59:04.814408
2461133.542523148, A.D. 2026-Apr-03 01:01:14.0000,69.185634,-350792036.0387329,641380984.6326929,283459097.3719966,-11.84258374230332,-4.911135605135615,-1.816853788142537,2026-04-03T01:00:04.814364
2461133.543217592, A.D. 2026-Apr-03 01:02:14.0000,69.185634,-350792746.5920503,641380689.9648023,283458988.3608328,-11.84257615507682,-4.911147866131512,-1.816859236448093,2026-04-03T01:01:04.814320
2461133.543912037, A.D. 2026-Apr-03 01:03:14.0000,69.185634,-350793457.1449139,641380395.2961755,283458879.349342,-11.84256856496335,-4.911160123266272,-1.816864682862332,2026-04-03T01:02:04.814357
2461133.544606482, A.D. 2026-Apr-03 01:04:14.0000,69.185634,-350794167.6973205,641380100.626814,283458770.3375247,-11.84256097197341,-4.911172376534581,-1.816870127382886,2026-04-03T01:03:04.814434
2461133.545300926, A.D. 2026-Apr-03 01:05:14.0000,69.185634,-350794878.2492714,641379805.9567175,283458661.3253807,-11.84255337611749,-4.911184625931219,-1.816875570007431,2026-04-03T01:04:04.814390
2461133.54599537, A.D. 2026-Apr-03 01:06:14.0000,69.185634,-350795588.8007665,641379511.2858862,283458552.3129103,-11.84254577740607,-4.911196871450969,-1.816881010733642,2026-04-03T01:05:04.814346
2461133.546689815, A.D. 2026-Apr-03 01:07:14.0000,69.185634,-350796299.3518056,641379216.6143202,283458443.3001134,-11.84253817584968,-4.911209113088629,-1.816886449559206,2026-04-03T01:06:04.814383
2461133.547384259, A.D. 2026-Apr-03 01:08:14.0000,69.185634,-350797009.9023886,641378921.9420198,283458334.2869903,-11.84253057145885,-4.911221350839026,-1.81689188648182,2026-04-03T01:07:04.814339
2461133.548078704, A.D. 2026-Apr-03 01:09:14.0000,69.185634,-350797720.4525166,641378627.2689847,283458225.2735409,-11.8425229642441,-4.911233584697031,-1.816897321499203,2026-04-03T01:08:04.814416
2461133.548773148, A.D. 2026-Apr-03 01:10:14.0000,69.185634,-350798431.0021866,641378332.5952163,283458116.2597656,-11.842515354216,-4.911245814657468,-1.816902754609054,2026-04-03T01:09:04.814372
2461133.549467593, A.D. 2026-Apr-03 01:11:14.0000,69.185634,-350799141.5514,641378037.9207141,283458007.2456643,-11.84250774138512,-4.911258040715252,-1.816908185809114,2026-04-03T01:10:04.814409
2461133.550162037, A.D. 2026-Apr-03 01:12:14.0000,69.185634,-350799852.1001565,641377743.2454785,283457898.2312372,-11.84250012576203,-4.9112702628653,-1.816913615097124,2026-04-03T01:11:04.814365
2461133.550856481, A.D. 2026-Apr-03 01:13:14.0000,69.185634,-350800562.648456,641377448.5695099,283457789.2164845,-11.8424925073573,-4.911282481102551,-1.816919042470838,2026-04-03T01:12:04.814321
2461133.551550926, A.D. 2026-Apr-03 01:14:14.0000,69.185634,-350801273.1962997,641377153.8928075,283457680.201406,-11.84248488618154,-4.911294695421991,-1.81692446792803,2026-04-03T01:13:04.814398
2461133.552245371, A.D. 2026-Apr-03 01:15:14.0000,69.185634,-350801983.7436847,641376859.215373,283457571.1860022,-11.84247726224537,-4.911306905818556,-1.816929891466454,2026-04-03T01:14:04.814435
2461133.552939815, A.D. 2026-Apr-03 01:16:14.0000,69.185634,-350802694.2906122,641376564.537206,283457462.170273,-11.84246963555942,-4.911319112287277,-1.816935313083906,2026-04-03T01:15:04.814391
2461133.553634259, A.D. 2026-Apr-03 01:17:14.0000,69.185634,-350803404.837082,641376269.8583068,283457353.1542187,-11.8424620061343,-4.911331314823184,-1.816940732778183,2026-04-03T01:16:04.814347
2461133.554328704, A.D. 2026-Apr-03 01:18:14.0000,69.185634,-350804115.3830939,641375975.1786755,283457244.1378391,-11.84245437398068,-4.911343513421332,-1.816946150547095,2026-04-03T01:17:04.814384
2461133.555023148, A.D. 2026-Apr-03 01:19:14.0000,69.185634,-350804825.9286492,641375680.4983119,283457135.1211343,-11.84244673910919,-4.911355708076822,-1.816951566388472,2026-04-03T01:18:04.814380
2461133.555717593, A.D. 2026-Apr-03 01:20:14.0000,69.185634,-350805536.4737449,641375385.8172172,283457026.1041049,-11.84243910153052,-4.911367898784701,-1.816956980300121,2026-04-03T01:19:04.814417
2461133.556412037, A.D. 2026-Apr-03 01:21:14.0000,69.185634,-350806247.0183823,641375091.1353912,283456917.0867507,-11.84243146125536,-4.91138008554012,-1.816962392279897,2026-04-03T01:20:04.814373
2461133.557106481, A.D. 2026-Apr-03 01:22:14.0000,69.185634,-350806957.5625613,641374796.4528341,283456808.0690719,-11.84242381829438,-4.911392268338219,-1.816967802325652,2026-04-03T01:21:04.814329
2461133.557800926, A.D. 2026-Apr-03 01:23:14.0000,69.185634,-350807668.1062829,641374501.7695457,283456699.0510683,-11.84241617265828,-4.911404447174196,-1.81697321043526,2026-04-03T01:22:04.814366
2461133.55849537, A.D. 2026-Apr-03 01:24:14.0000,69.185634,-350808378.6495444,641374207.0855272,283456590.0327405,-11.84240852435781,-4.911416622043192,-1.816978616606577,2026-04-03T01:23:04.814362
2461133.559189815, A.D. 2026-Apr-03 01:25:14.0000,69.185634,-350809089.1923468,641373912.4007783,283456481.0140883,-11.84240087340366,-4.911428792940444,-1.816984020837499,2026-04-03T01:24:04.814399
2461133.559884259, A.D. 2026-Apr-03 01:26:14.0000,69.185634,-350809799.7346901,641373617.7152994,283456371.995112,-11.84239321980659,-4.911440959861191,-1.816989423125923,2026-04-03T01:25:04.814355
2461133.560578704, A.D. 2026-Apr-03 01:27:14.0000,69.185634,-350810510.2765756,641373323.0290898,283456262.9758114,-11.84238556357732,-4.911453122800718,-1.816994823469769,2026-04-03T01:26:04.814392
2461133.561273148, A.D. 2026-Apr-03 01:28:14.0000,69.185634,-350811220.8180001,641373028.3421512,283456153.956187,-11.84237790472664,-4.911465281754259,-1.817000221866937,2026-04-03T01:27:04.814348
2461133.561967593, A.D. 2026-Apr-03 01:29:14.0000,69.185634,-350811931.3589651,641372733.6544833,283456044.9362388,-11.84237024326531,-4.911477436717147,-1.817005618315369,2026-04-03T01:28:04.814425
2461133.562662037, A.D. 2026-Apr-03 01:30:14.0000,69.185634,-350812641.8994703,641372438.9660861,283455935.9159668,-11.8423625792041,-4.91148958768471,-1.817011012813005,2026-04-03T01:29:04.814381
2461133.563356481, A.D. 2026-Apr-03 01:31:14.0000,69.185634,-350813352.439517,641372144.2769595,283455826.8953711,-11.8423549125538,-4.911501734652329,-1.817016405357813,2026-04-03T01:30:04.814337
2461133.564050926, A.D. 2026-Apr-03 01:32:14.0000,69.185634,-350814062.9791022,641371849.5871047,283455717.874452,-11.84234724332523,-4.911513877615329,-1.817021795947734,2026-04-03T01:31:04.814374
2461133.56474537, A.D. 2026-Apr-03 01:33:14.0000,69.185634,-350814773.5182272,641371554.8965214,283455608.8532096,-11.84233957152921,-4.911526016569136,-1.817027184580757,2026-04-03T01:32:04.814330
2461133.565439815, A.D. 2026-Apr-03 01:34:14.0000,69.185634,-350815484.0568918,641371260.20521,283455499.8316439,-11.84233189717653,-4.911538151509172,-1.817032571254869,2026-04-03T01:33:04.814407
2461133.566134259, A.D. 2026-Apr-03 01:35:14.0000,69.185634,-350816194.5950972,641370965.51317,283455390.8097548,-11.84232422027804,-4.911550282430908,-1.817037955968079,2026-04-03T01:34:04.814363
2461133.566828704, A.D. 2026-Apr-03 01:36:14.0000,69.185634,-350816905.1328406,641370670.8204027,283455281.7875431,-11.84231654084459,-4.911562409329764,-1.817043338718377,2026-04-03T01:35:04.814400
2461133.567523148, A.D. 2026-Apr-03 01:37:14.0000,69.185634,-350817615.6701232,641370376.1269081,283455172.7650083,-11.84230885888704,-4.911574532201261,-1.817048719503795,2026-04-03T01:36:04.814356
2461133.568217593, A.D. 2026-Apr-03 01:38:14.0000,69.185634,-350818326.2069461,641370081.4326856,283455063.7421505,-11.84230117441623,-4.911586651040935,-1.817054098322376,2026-04-03T01:37:04.814393
2461133.568912037, A.D. 2026-Apr-03 01:39:14.0000,69.185634,-350819036.7433065,641369786.7377367,283454954.7189704,-11.84229348744307,-4.91159876584428,-1.817059475172142,2026-04-03T01:38:04.814389
2461133.569606482, A.D. 2026-Apr-03 01:40:14.0000,69.185634,-350819747.2792056,641369492.042061,283454845.6954676,-11.84228579797843,-4.911610876606884,-1.817064850051161,2026-04-03T01:39:04.814426
2461133.570300926, A.D. 2026-Apr-03 01:41:14.0000,69.185634,-350820457.8146447,641369197.3456583,283454736.6716421,-11.84227810603319,-4.911622983324355,-1.81707022295751,2026-04-03T01:40:04.814382
2461133.57099537, A.D. 2026-Apr-03 01:42:14.0000,69.185634,-350821168.3496208,641368902.6485298,283454627.6474946,-11.84227041161828,-4.911635085992258,-1.817075593889244,2026-04-03T01:41:04.814338
2461133.571689815, A.D. 2026-Apr-03 01:43:14.0000,69.185634,-350821878.8841351,641368607.9506752,283454518.6230249,-11.84226271474462,-4.911647184606247,-1.817080962844465,2026-04-03T01:42:04.814375
2461133.572384259, A.D. 2026-Apr-03 01:44:14.0000,69.185634,-350822589.418189,641368313.2520944,283454409.5982329,-11.8422550154231,-4.911659279162005,-1.817086329821285,2026-04-03T01:43:04.814371
2461133.573078704, A.D. 2026-Apr-03 01:45:14.0000,69.185634,-350823299.9517794,641368018.5527885,283454300.5731192,-11.8422473136647,-4.911671369655164,-1.817091694817793,2026-04-03T01:44:04.814408
2461133.573773148, A.D. 2026-Apr-03 01:46:14.0000,69.185634,-350824010.4849076,641367723.8527572,283454191.5476837,-11.84223960948035,-4.911683456081454,-1.817097057832124,2026-04-03T01:45:04.814364
2461133.574467592, A.D. 2026-Apr-03 01:47:14.0000,69.185634,-350824721.0175749,641367429.1520005,283454082.5219262,-11.84223190288099,-4.911695538436622,-1.817102418862425,2026-04-03T01:46:04.814320
2461133.575162037, A.D. 2026-Apr-03 01:48:14.0000,69.185634,-350825431.5497784,641367134.4505194,283453973.4958472,-11.84222419387761,-4.911707616716375,-1.817107777906819,2026-04-03T01:47:04.814357
2461133.575856482, A.D. 2026-Apr-03 01:49:14.0000,69.185634,-350826142.0815192,641366839.7483139,283453864.4694469,-11.84221648248117,-4.911719690916508,-1.817113134963475,2026-04-03T01:48:04.814434
2461133.576550926, A.D. 2026-Apr-03 01:50:14.0000,69.185634,-350826852.6127988,641366545.0453832,283453755.4427249,-11.84220876870265,-4.911731761032845,-1.817118490030573,2026-04-03T01:49:04.814390
2461133.57724537, A.D. 2026-Apr-03 01:51:14.0000,69.185634,-350827563.1436139,641366250.3417292,283453646.4156819,-11.84220105255308,-4.911743827061161,-1.817123843106272,2026-04-03T01:50:04.814346
2461133.577939815, A.D. 2026-Apr-03 01:52:14.0000,69.185634,-350828273.6739661,641365955.6373513,283453537.3883178,-11.84219333404343,-4.911755888997323,-1.817129194188776,2026-04-03T01:51:04.814383
2461133.578634259, A.D. 2026-Apr-03 01:53:14.0000,69.185634,-350828984.2038564,641365660.9322493,283453428.3606325,-11.84218561318471,-4.911767946837224,-1.817134543276297,2026-04-03T01:52:04.814339
2461133.579328704, A.D. 2026-Apr-03 01:54:14.0000,69.185634,-350829694.7332821,641365366.2264245,283453319.3326265,-11.84217788998797,-4.91178000057671,-1.81713989036703,2026-04-03T01:53:04.814416
2461133.580023148, A.D. 2026-Apr-03 01:55:14.0000,69.185634,-350830405.2622443,641365071.5198766,283453210.3042997,-11.84217016446423,-4.911792050211718,-1.817145235459211,2026-04-03T01:54:04.814372
2461133.580717593, A.D. 2026-Apr-03 01:56:14.0000,69.185634,-350831115.7907442,641364776.8126053,283453101.2756521,-11.84216243662451,-4.911804095738216,-1.817150578551088,2026-04-03T01:55:04.814409
2461133.581412037, A.D. 2026-Apr-03 01:57:14.0000,69.185634,-350831826.3187791,641364482.1046119,283452992.2466841,-11.84215470647991,-4.911816137152117,-1.81715591964089,2026-04-03T01:56:04.814365
2461133.582106481, A.D. 2026-Apr-03 01:58:14.0000,69.185634,-350832536.8463515,641364187.3958956,283452883.2173955,-11.84214697404144,-4.911828174449457,-1.817161258726898,2026-04-03T01:57:04.814321
2461133.582800926, A.D. 2026-Apr-03 01:59:14.0000,69.185634,-350833247.3734584,641363892.6864578,283452774.1877869,-11.8421392393202,-4.911840207626198,-1.817166595807364,2026-04-03T01:58:04.814398
2461133.583495371, A.D. 2026-Apr-03 02:00:14.0000,69.185634,-350833957.9001013,641363597.9762981,283452665.1578581,-11.84213150232727,-4.9118522366784,-1.817171930880581,2026-04-03T01:59:04.814435
2461133.584189815, A.D. 2026-Apr-03 02:01:14.0000,69.185634,-350834668.4262812,641363303.265416,283452556.1276091,-11.84212376307371,-4.911864261602145,-1.817177263944855,2026-04-03T02:00:04.814391
2461133.584884259, A.D. 2026-Apr-03 02:02:14.0000,69.185634,-350835378.9519953,641363008.5538135,283452447.0970404,-11.84211602157064,-4.911876282393468,-1.817182594998471,2026-04-03T02:01:04.814347
2461133.585578704, A.D. 2026-Apr-03 02:03:14.0000,69.185634,-350836089.4772462,641362713.8414891,283452338.0661516,-11.84210827782915,-4.911888299048522,-1.81718792403977,2026-04-03T02:02:04.814384
2461133.586273148, A.D. 2026-Apr-03 02:04:14.0000,69.185634,-350836800.0020311,641362419.1284443,283452229.0349433,-11.84210053186037,-4.911900311563389,-1.817193251067058,2026-04-03T02:03:04.814380
2461133.586967593, A.D. 2026-Apr-03 02:05:14.0000,69.185634,-350837510.5263511,641362124.414679,283452120.0034155,-11.84209278367542,-4.911912319934248,-1.817198576078687,2026-04-03T02:04:04.814417
2461133.587662037, A.D. 2026-Apr-03 02:06:14.0000,69.185634,-350838221.0502076,641361829.7001927,283452010.9715681,-11.84208503328541,-4.911924324157298,-1.817203899073021,2026-04-03T02:05:04.814373
2461133.588356481, A.D. 2026-Apr-03 02:07:14.0000,69.185634,-350838931.5735976,641361534.9849869,283451901.9394015,-11.84207728070151,-4.911936324228696,-1.817209220048404,2026-04-03T02:06:04.814329
2461133.589050926, A.D. 2026-Apr-03 02:08:14.0000,69.185634,-350839642.0965238,641361240.2690606,283451792.9069155,-11.84206952593484,-4.911948320144712,-1.817214539003229,2026-04-03T02:07:04.814366
2461133.58974537, A.D. 2026-Apr-03 02:09:14.0000,69.185634,-350840352.6189832,641360945.5524153,283451683.8741107,-11.84206176899658,-4.91196031190155,-1.817219855935866,2026-04-03T02:08:04.814362
2461133.590439815, A.D. 2026-Apr-03 02:10:14.0000,69.185634,-350841063.1409785,641360650.8350501,283451574.8409867,-11.84205400989787,-4.911972299495528,-1.817225170844733,2026-04-03T02:09:04.814399
2461133.591134259, A.D. 2026-Apr-03 02:11:14.0000,69.185634,-350841773.6625069,641360356.1169662,283451465.8075441,-11.84204624864991,-4.911984282922898,-1.817230483728219,2026-04-03T02:10:04.814355
2461133.591828704, A.D. 2026-Apr-03 02:12:14.0000,69.185634,-350842484.1835694,641360061.3981634,283451356.7737828,-11.84203848526388,-4.911996262180003,-1.817235794584757,2026-04-03T02:11:04.814392
2461133.592523148, A.D. 2026-Apr-03 02:13:14.0000,69.185634,-350843194.7041675,641359766.6786416,283451247.7397026,-11.84203071975094,-4.912008237263212,-1.817241103412791,2026-04-03T02:12:04.814348
2461133.593217593, A.D. 2026-Apr-03 02:14:14.0000,69.185634,-350843905.2242983,641359471.9584018,283451138.7053043,-11.84202295212232,-4.912020208168848,-1.817246410210744,2026-04-03T02:13:04.814425
2461133.593912037, A.D. 2026-Apr-03 02:15:14.0000,69.185634,-350844615.7439643,641359177.2374434,283451029.6705873,-11.8420151823892,-4.91203217489335,-1.817251714977093,2026-04-03T02:14:04.814381
2461133.594606481, A.D. 2026-Apr-03 02:16:14.0000,69.185634,-350845326.2631627,641358882.5157677,283450920.6355523,-11.84200741056283,-4.912044137433089,-1.817257017710288,2026-04-03T02:15:04.814337
2461133.595300926, A.D. 2026-Apr-03 02:17:14.0000,69.185634,-350846036.7818961,641358587.7933737,283450811.600199,-11.84199963665439,-4.912056095784551,-1.817262318408826,2026-04-03T02:16:04.814374
2461133.59599537, A.D. 2026-Apr-03 02:18:14.0000,69.185634,-350846747.3001616,641358293.070263,283450702.564528,-11.84199186067515,-4.912068049944154,-1.81726761707118,2026-04-03T02:17:04.814330
2461133.596689815, A.D. 2026-Apr-03 02:19:14.0000,69.185634,-350847457.8179619,641357998.3464346,283450593.5285389,-11.84198408263631,-4.912079999908436,-1.817272913695873,2026-04-03T02:18:04.814407
2461133.597384259, A.D. 2026-Apr-03 02:20:14.0000,69.185634,-350848168.335294,641357703.6218898,283450484.4922323,-11.84197630254915,-4.912091945673861,-1.817278208281397,2026-04-03T02:19:04.814363
2461133.598078704, A.D. 2026-Apr-03 02:21:14.0000,69.185634,-350848878.8521607,641357408.8966279,283450375.4556078,-11.8419685204249,-4.912103887237016,-1.817283500826302,2026-04-03T02:20:04.814400
2461133.598773148, A.D. 2026-Apr-03 02:22:14.0000,69.185634,-350849589.3685589,641357114.1706502,283450266.4186661,-11.84196073627484,-4.912115824594411,-1.817288791329102,2026-04-03T02:21:04.814356
2461133.599467593, A.D. 2026-Apr-03 02:23:14.0000,69.185634,-350850299.8844915,641356819.4439559,283450157.3814067,-11.84195295011021,-4.912127757742683,-1.817294079788369,2026-04-03T02:22:04.814393
2461133.600162037, A.D. 2026-Apr-03 02:24:14.0000,69.185634,-350851010.3999555,641356524.7165462,283450048.3438303,-11.84194516194233,-4.912139686678391,-1.817299366202643,2026-04-03T02:23:04.814389
2461133.600856482, A.D. 2026-Apr-03 02:25:14.0000,69.185634,-350851720.9149535,641356229.9884202,283449939.3059367,-11.84193737178244,-4.912151611398217,-1.817304650570516,2026-04-03T02:24:04.814426
2461133.601550926, A.D. 2026-Apr-03 02:26:14.0000,69.185634,-350852431.4294826,641355935.2595797,283449830.2677262,-11.84192957964186,-4.912163531898773,-1.817309932890553,2026-04-03T02:25:04.814382
2461133.60224537, A.D. 2026-Apr-03 02:27:14.0000,69.185634,-350853141.9435455,641355640.5300233,283449721.2291986,-11.84192178553187,-4.912175448176786,-1.81731521316137,2026-04-03T02:26:04.814338
2461133.602939815, A.D. 2026-Apr-03 02:28:14.0000,69.185634,-350853852.4571394,641355345.7997528,283449612.1903545,-11.8419139894638,-4.912187360228916,-1.817320491381554,2026-04-03T02:27:04.814375
2461133.603634259, A.D. 2026-Apr-03 02:29:14.0000,69.185634,-350854562.9702668,641355051.068767,283449503.1511936,-11.84190619144893,-4.91219926805194,-1.817325767549744,2026-04-03T02:28:04.814371
2461133.604328704, A.D. 2026-Apr-03 02:30:14.0000,69.185634,-350855273.4829249,641354756.3370675,283449394.1117163,-11.84189839149861,-4.912211171642565,-1.817331041664552,2026-04-03T02:29:04.814408
2461133.605023148, A.D. 2026-Apr-03 02:31:14.0000,69.185634,-350855983.9951163,641354461.6046534,283449285.0719225,-11.84189058962415,-4.912223070997618,-1.81733631372464,2026-04-03T02:30:04.814364
2461133.605717592, A.D. 2026-Apr-03 02:32:14.0000,69.185634,-350856694.5068382,641354166.8715259,283449176.0318126,-11.8418827858369,-4.912234966113855,-1.817341583728641,2026-04-03T02:31:04.814320
2461133.606412037, A.D. 2026-Apr-03 02:33:14.0000,69.185634,-350857405.0180931,641353872.1376842,283449066.9913864,-11.84187498014818,-4.912246856988149,-1.817346851675243,2026-04-03T02:32:04.814357
2461133.607106482, A.D. 2026-Apr-03 02:34:14.0000,69.185634,-350858115.5288783,641353577.4031299,283448957.9506443,-11.84186717256936,-4.912258743617307,-1.817352117563102,2026-04-03T02:33:04.814434
2461133.607800926, A.D. 2026-Apr-03 02:35:14.0000,69.185634,-350858826.0391964,641353282.6678619,283448848.9095862,-11.84185936311177,-4.912270625998247,-1.817357381390929,2026-04-03T02:34:04.814390
2461133.60849537, A.D. 2026-Apr-03 02:36:14.0000,69.185634,-350859536.5490444,641352987.9318817,283448739.8682125,-11.84185155178681,-4.912282504127827,-1.817362643157402,2026-04-03T02:35:04.814346
2461133.609189815, A.D. 2026-Apr-03 02:37:14.0000,69.185634,-350860247.0584251,641352693.1951883,283448630.8265229,-11.84184373860581,-4.912294378003017,-1.817367902861257,2026-04-03T02:36:04.814383
2461133.609884259, A.D. 2026-Apr-03 02:38:14.0000,69.185634,-350860957.5673356,641352398.4577831,283448521.784518,-11.84183592358017,-4.912306247620716,-1.817373160501196,2026-04-03T02:37:04.814339
2461133.610578704, A.D. 2026-Apr-03 02:39:14.0000,69.185634,-350861668.0757785,641352103.7196654,283448412.7421975,-11.84182810672126,-4.912318112977948,-1.817378416075976,2026-04-03T02:38:04.814416
2461133.611273148, A.D. 2026-Apr-03 02:40:14.0000,69.185634,-350862378.5837509,641351808.9808365,283448303.699562,-11.84182028804049,-4.912329974071661,-1.817383669584324,2026-04-03T02:39:04.814372
2461133.611967593, A.D. 2026-Apr-03 02:41:14.0000,69.185634,-350863089.0912556,641351514.2412956,283448194.6566111,-11.84181246754922,-4.912341830898924,-1.817388921025022,2026-04-03T02:40:04.814409
2461133.612662037, A.D. 2026-Apr-03 02:42:14.0000,69.185634,-350863799.598291,641351219.5010431,283448085.6133452,-11.84180464525886,-4.91235368345676,-1.81739417039683,2026-04-03T02:41:04.814365
2461133.613356481, A.D. 2026-Apr-03 02:43:14.0000,69.185634,-350864510.1048556,641350924.7600805,283447976.5697646,-11.84179682118086,-4.912365531742216,-1.81739941769852,2026-04-03T02:42:04.814321
2461133.614050926, A.D. 2026-Apr-03 02:44:14.0000,69.185634,-350865220.6109521,641350630.0184063,283447867.525869,-11.84178899532658,-4.912377375752434,-1.817404662928906,2026-04-03T02:43:04.814398
2461133.614745371, A.D. 2026-Apr-03 02:45:14.0000,69.185634,-350865931.1165776,641350335.2760222,283447758.481659,-11.84178116770748,-4.912389215484485,-1.817409906086777,2026-04-03T02:44:04.814435
2461133.615439815, A.D. 2026-Apr-03 02:46:14.0000,69.185634,-350866641.6217348,641350040.5329273,283447649.4371342,-11.84177333833495,-4.912401050935561,-1.817415147170971,2026-04-03T02:45:04.814391
2461133.616134259, A.D. 2026-Apr-03 02:47:14.0000,69.185634,-350867352.1264207,641349745.789123,283447540.3922952,-11.84176550722046,-4.912412882102783,-1.817420386180296,2026-04-03T02:46:04.814347
2461133.616828704, A.D. 2026-Apr-03 02:48:14.0000,69.185634,-350868062.6306382,641349451.0446084,283447431.3471418,-11.84175767437542,-4.912424708983388,-1.817425623113615,2026-04-03T02:47:04.814384
2461133.617523148, A.D. 2026-Apr-03 02:49:14.0000,69.185634,-350868773.1343856,641349156.2993844,283447322.3016742,-11.84174983981129,-4.912436531574575,-1.817430857969772,2026-04-03T02:48:04.814380
2461133.618217593, A.D. 2026-Apr-03 02:50:14.0000,69.185634,-350869483.6376615,641348861.5534515,283447213.2558928,-11.84174200353953,-4.912448349873556,-1.817436090747621,2026-04-03T02:49:04.814417
2461133.618912037, A.D. 2026-Apr-03 02:51:14.0000,69.185634,-350870194.1404686,641348566.8068093,283447104.2097973,-11.84173416557157,-4.912460163877649,-1.81744132144606,2026-04-03T02:50:04.814373
2461133.619606481, A.D. 2026-Apr-03 02:52:14.0000,69.185634,-350870904.642804,641348272.0594587,283446995.1633881,-11.8417263259189,-4.912471973584092,-1.817446550063957,2026-04-03T02:51:04.814329
2461133.620300926, A.D. 2026-Apr-03 02:53:14.0000,69.185634,-350871615.1446703,641347977.3113993,283446886.1166651,-11.84171848459297,-4.912483778990252,-1.817451776600234,2026-04-03T02:52:04.814366
2461133.62099537, A.D. 2026-Apr-03 02:54:14.0000,69.185634,-350872325.6460661,641347682.5626317,283446777.0696287,-11.84171064160525,-4.912495580093441,-1.817457001053792,2026-04-03T02:53:04.814362
2461133.621689815, A.D. 2026-Apr-03 02:55:14.0000,69.185634,-350873036.1469899,641347387.8131567,283446668.022279,-11.84170279696725,-4.912507376891003,-1.817462223423546,2026-04-03T02:54:04.814399
2461133.622384259, A.D. 2026-Apr-03 02:56:14.0000,69.185634,-350873746.6474444,641347093.0629734,283446558.9746158,-11.84169495069042,-4.912519169380371,-1.817467443708452,2026-04-03T02:55:04.814355
2461133.623078704, A.D. 2026-Apr-03 02:57:14.0000,69.185634,-350874457.1474266,641346798.3120834,283446449.9266397,-11.84168710278629,-4.912530957558911,-1.817472661907437,2026-04-03T02:56:04.814392
2461133.623773148, A.D. 2026-Apr-03 02:58:14.0000,69.185634,-350875167.6469393,641346503.5604855,283446340.8783503,-11.84167925326631,-4.91254274142411,-1.817477878019482,2026-04-03T02:57:04.814348
2461133.624467593, A.D. 2026-Apr-03 02:59:14.0000,69.185634,-350875878.1459809,641346208.8081807,283446231.829748,-11.84167140214201,-4.912554520973402,-1.817483092043547,2026-04-03T02:58:04.814425
2461133.625162037, A.D. 2026-Apr-03 03:00:14.0000,69.185634,-350876588.6445501,641345914.0551699,283446122.7808332,-11.8416635494249,-4.912566296204257,-1.817488303978605,2026-04-03T02:59:04.814381
2461133.625856481, A.D. 2026-Apr-03 03:01:14.0000,69.185634,-350877299.1426495,641345619.3014522,283446013.7316055,-11.84165569512648,-4.912578067114227,-1.817493513823673,2026-04-03T03:00:04.814337
2461133.626550926, A.D. 2026-Apr-03 03:02:14.0000,69.185634,-350878009.6402775,641345324.5470283,283445904.6820652,-11.84164783925826,-4.912589833700827,-1.817498721577745,2026-04-03T03:01:04.814374
2461133.62724537, A.D. 2026-Apr-03 03:03:14.0000,69.185634,-350878720.1374328,641345029.7918991,283445795.6322129,-11.8416399818318,-4.912601595961594,-1.817503927239832,2026-04-03T03:02:04.814330
2461133.627939815, A.D. 2026-Apr-03 03:04:14.0000,69.185634,-350879430.634118,641344735.0360637,283445686.5820479,-11.84163212285859,-4.912613353894161,-1.817509130808985,2026-04-03T03:03:04.814407
2461133.628634259, A.D. 2026-Apr-03 03:05:14.0000,69.185634,-350880141.1303301,641344440.2795236,283445577.5315711,-11.84162426235018,-4.912625107496089,-1.817514332284223,2026-04-03T03:04:04.814363
2461133.629328704, A.D. 2026-Apr-03 03:06:14.0000,69.185634,-350880851.626072,641344145.5222778,283445468.480782,-11.8416164003181,-4.91263685676506,-1.817519531664624,2026-04-03T03:05:04.814400
2461133.630023148, A.D. 2026-Apr-03 03:07:14.0000,69.185634,-350881562.1213421,641343850.7643272,283445359.4296811,-11.84160853677389,-4.912648601698709,-1.817524728949241,2026-04-03T03:06:04.814356
2461133.630717593, A.D. 2026-Apr-03 03:08:14.0000,69.185634,-350882272.6161391,641343556.0056727,283445250.3782685,-11.84160067172911,-4.912660342294699,-1.817529924137144,2026-04-03T03:07:04.814393
2461133.631412037, A.D. 2026-Apr-03 03:09:14.0000,69.185634,-350882983.1104653,641343261.2463131,283445141.3265441,-11.84159280519531,-4.912672078550782,-1.817535117227441,2026-04-03T03:08:04.814389
2461133.632106482, A.D. 2026-Apr-03 03:10:14.0000,69.185634,-350883693.6043197,641342966.4862496,283445032.2745082,-11.84158493718403,-4.912683810464669,-1.817540308219225,2026-04-03T03:09:04.814426
2461133.632800926, A.D. 2026-Apr-03 03:11:14.0000,69.185634,-350884404.0977005,641342671.7254828,283444923.2221611,-11.84157706770687,-4.912695538034096,-1.817545497111597,2026-04-03T03:10:04.814382
2461133.63349537, A.D. 2026-Apr-03 03:12:14.0000,69.185634,-350885114.5906104,641342376.964012,283444814.1695025,-11.84156919677535,-4.912707261256888,-1.817550683903706,2026-04-03T03:11:04.814338
2461133.634189815, A.D. 2026-Apr-03 03:13:14.0000,69.185634,-350885825.0830481,641342082.2018379,283444705.1165327,-11.84156132440106,-4.912718980130832,-1.817555868594676,2026-04-03T03:12:04.814375
2461133.634884259, A.D. 2026-Apr-03 03:14:14.0000,69.185634,-350886535.575012,641341787.4389614,283444596.0632522,-11.8415534505956,-4.912730694653737,-1.817561051183648,2026-04-03T03:13:04.814371
2461133.635578704, A.D. 2026-Apr-03 03:15:14.0000,69.185634,-350887246.0665048,641341492.6753815,283444487.0096606,-11.84154557537051,-4.912742404823505,-1.817566231669801,2026-04-03T03:14:04.814408
2461133.636273148, A.D. 2026-Apr-03 03:16:14.0000,69.185634,-350887956.557525,641341197.9110993,283444377.9557582,-11.84153769873739,-4.912754110637993,-1.817571410052299,2026-04-03T03:15:04.814364
2461133.636967592, A.D. 2026-Apr-03 03:17:14.0000,69.185634,-350888667.0480727,641340903.1461147,283444268.9015451,-11.84152982070784,-4.912765812095108,-1.817576586330327,2026-04-03T03:16:04.814320
2461133.637662037, A.D. 2026-Apr-03 03:18:14.0000,69.185634,-350889377.5381461,641340608.3804288,283444159.8470218,-11.84152194129345,-4.912777509192758,-1.81758176050307,2026-04-03T03:17:04.814357
2461133.638356482, A.D. 2026-Apr-03 03:19:14.0000,69.185634,-350890088.0277482,641340313.6140406,283444050.7921879,-11.8415140605058,-4.912789201928946,-1.817586932569756,2026-04-03T03:18:04.814434
2461133.639050926, A.D. 2026-Apr-03 03:20:14.0000,69.185634,-350890798.5168775,641340018.846951,283443941.7370436,-11.84150617835649,-4.912800890301628,-1.817592102529598,2026-04-03T03:19:04.814390
2461133.63974537, A.D. 2026-Apr-03 03:21:14.0000,69.185634,-350891509.0055323,641339724.0791608,283443832.6815895,-11.84149829485716,-4.912812574308785,-1.817597270381816,2026-04-03T03:20:04.814346
2461133.640439815, A.D. 2026-Apr-03 03:22:14.0000,69.185634,-350892219.4937155,641339429.3106692,283443723.6258252,-11.84149041001939,-4.912824253948495,-1.817602436125675,2026-04-03T03:21:04.814383
2461133.641134259, A.D. 2026-Apr-03 03:23:14.0000,69.185634,-350892929.9814255,641339134.5414768,283443614.569751,-11.84148252385478,-4.912835929218789,-1.81760759976042,2026-04-03T03:22:04.814339
2461133.641828704, A.D. 2026-Apr-03 03:24:14.0000,69.185634,-350893640.468661,641338839.7715846,283443505.5133672,-11.841474636375,-4.912847600117724,-1.817612761285309,2026-04-03T03:23:04.814416
2461133.642523148, A.D. 2026-Apr-03 03:25:14.0000,69.185634,-350894350.9554245,641338545.0009918,283443396.4566736,-11.84146674759161,-4.912859266643451,-1.817617920699643,2026-04-03T03:24:04.814372
2461133.643217593, A.D. 2026-Apr-03 03:26:14.0000,69.185634,-350895061.4417148,641338250.2296991,283443287.3996705,-11.84145885751626,-4.912870928794073,-1.817623078002703,2026-04-03T03:25:04.814409
2461133.643912037, A.D. 2026-Apr-03 03:27:14.0000,69.185634,-350895771.9275315,641337955.4577068,283443178.342358,-11.84145096616059,-4.912882586567748,-1.817628233193792,2026-04-03T03:26:04.814365
2461133.644606481, A.D. 2026-Apr-03 03:28:14.0000,69.185634,-350896482.4128733,641337660.6850158,283443069.2847365,-11.84144307353623,-4.91289423996263,-1.817633386272215,2026-04-03T03:27:04.814321
2461133.645300926, A.D. 2026-Apr-03 03:29:14.0000,69.185634,-350897192.897743,641337365.911625,283442960.2268056,-11.84143517965479,-4.912905888976968,-1.817638537237321,2026-04-03T03:28:04.814398
2461133.645995371, A.D. 2026-Apr-03 03:30:14.0000,69.185634,-350897903.382139,641337071.1375356,283442851.1685658,-11.84142728452792,-4.912917533608969,-1.817643686088438,2026-04-03T03:29:04.814435
2461133.646689815, A.D. 2026-Apr-03 03:31:14.0000,69.185634,-350898613.8660612,641336776.3627474,283442742.1100171,-11.84141938816727,-4.912929173856887,-1.817648832824919,2026-04-03T03:30:04.814391
2461133.647384259, A.D. 2026-Apr-03 03:32:14.0000,69.185634,-350899324.3495082,641336481.5872618,283442633.0511598,-11.84141149058451,-4.912940809718976,-1.817653977446114,2026-04-03T03:31:04.814347
2461133.648078704, A.D. 2026-Apr-03 03:33:14.0000,69.185634,-350900034.8324827,641336186.8110775,283442523.9919938,-11.84140359179124,-4.912952441193585,-1.81765911995142,2026-04-03T03:32:04.814384
2461133.648773148, A.D. 2026-Apr-03 03:34:14.0000,69.185634,-350900745.3149833,641335892.0341953,283442414.9325192,-11.84139569179913,-4.912964068279021,-1.817664260340215,2026-04-03T03:33:04.814380
2461133.649467593, A.D. 2026-Apr-03 03:35:14.0000,69.185634,-350901455.7970098,641335597.2566156,283442305.8727363,-11.84138779061985,-4.912975690973637,-1.817669398611897,2026-04-03T03:34:04.814417
2461133.650162037, A.D. 2026-Apr-03 03:36:14.0000,69.185634,-350902166.2785609,641335302.4783396,283442196.8126454,-11.84137988826506,-4.912987309275786,-1.817674534765866,2026-04-03T03:35:04.814373
2461133.650856481, A.D. 2026-Apr-03 03:37:14.0000,69.185634,-350902876.7596391,641335007.6993657,283442087.7522461,-11.8413719847464,-4.912998923183917,-1.817679668801566,2026-04-03T03:36:04.814329
2461133.651550926, A.D. 2026-Apr-03 03:38:14.0000,69.185634,-350903587.2402431,641334712.9196951,283441978.6915389,-11.84136408007554,-4.913010532696436,-1.817684800718421,2026-04-03T03:37:04.814366
2461133.65224537, A.D. 2026-Apr-03 03:39:14.0000,69.185634,-350904297.7203728,641334418.1393282,283441869.6305238,-11.84135617426417,-4.913022137811796,-1.817689930515878,2026-04-03T03:38:04.814362
2461133.652939815, A.D. 2026-Apr-03 03:40:14.0000,69.185634,-350905008.2000266,641334123.3582656,283441760.5692012,-11.84134826732394,-4.913033738528449,-1.817695058193386,2026-04-03T03:39:04.814399
2461133.653634259, A.D. 2026-Apr-03 03:41:14.0000,69.185634,-350905718.6792075,641333828.5765067,283441651.5075709,-11.84134035926652,-4.913045334844948,-1.817700183750435,2026-04-03T03:40:04.814355
2461133.654328704, A.D. 2026-Apr-03 03:42:14.0000,69.185634,-350906429.1579139,641333533.7940521,283441542.445633,-11.8413324501036,-4.913056926759794,-1.817705307186497,2026-04-03T03:41:04.814392
2461133.655023148, A.D. 2026-Apr-03 03:43:14.0000,69.185634,-350907139.6361457,641333239.0109019,283441433.3833877,-11.84132453984686,-4.913068514271541,-1.817710428501068,2026-04-03T03:42:04.814348
2461133.655717593, A.D. 2026-Apr-03 03:44:14.0000,69.185634,-350907850.1139027,641332944.2270569,283441324.3208354,-11.84131662850796,-4.913080097378766,-1.817715547693654,2026-04-03T03:43:04.814425
2461133.656412037, A.D. 2026-Apr-03 03:45:14.0000,69.185634,-350908560.5911838,641332649.4425174,283441215.2579761,-11.84130871609863,-4.913091676080049,-1.817720664763762,2026-04-03T03:44:04.814381
2461133.657106481, A.D. 2026-Apr-03 03:46:14.0000,69.185634,-350909271.0679914,641332354.6572828,283441106.1948096,-11.84130080263051,-4.913103250374063,-1.817725779710945,2026-04-03T03:45:04.814337
2461133.657800926, A.D. 2026-Apr-03 03:47:14.0000,69.185634,-350909981.5443242,641332059.8713539,283440997.1313363,-11.8412928881153,-4.913114820259437,-1.817730892534733,2026-04-03T03:46:04.814374
2461133.65849537, A.D. 2026-Apr-03 03:48:14.0000,69.185634,-350910692.0201821,641331765.0847309,283440888.0675563,-11.84128497256471,-4.91312638573485,-1.817736003234681,2026-04-03T03:47:04.814330
2461133.659189815, A.D. 2026-Apr-03 03:49:14.0000,69.185634,-350911402.4955649,641331470.2974141,283440779.0034696,-11.84127705599041,-4.913137946799002,-1.817741111810356,2026-04-03T03:48:04.814407
2461133.659884259, A.D. 2026-Apr-03 03:50:14.0000,69.185634,-350912112.9704715,641331175.5094043,283440669.9390768,-11.84126913840414,-4.9131495034506,-1.817746218261325,2026-04-03T03:49:04.814363
2461133.660578704, A.D. 2026-Apr-03 03:51:14.0000,69.185634,-350912823.4449043,641330880.7207009,283440560.8743775,-11.84126121981754,-4.913161055688442,-1.817751322587198,2026-04-03T03:50:04.814400
2461133.661273148, A.D. 2026-Apr-03 03:52:14.0000,69.185634,-350913533.918862,641330585.9313042,283440451.8093719,-11.84125330024235,-4.913172603511279,-1.817756424787569,2026-04-03T03:51:04.814356
2461133.661967593, A.D. 2026-Apr-03 03:53:14.0000,69.185634,-350914244.3923444,641330291.141215,283440342.7440603,-11.84124537969026,-4.913184146917917,-1.817761524862051,2026-04-03T03:52:04.814393
2461133.662662037, A.D. 2026-Apr-03 03:54:14.0000,69.185634,-350914954.8653517,641329996.3504331,283440233.6784427,-11.84123745817299,-4.913195685907183,-1.81776662281027,2026-04-03T03:53:04.814389
2461133.663356482, A.D. 2026-Apr-03 03:55:14.0000,69.185634,-350915665.3378821,641329701.5589597,283440124.6125196,-11.84122953570224,-4.913207220477908,-1.817771718631854,2026-04-03T03:54:04.814426
2461133.664050926, A.D. 2026-Apr-03 03:56:14.0000,69.185634,-350916375.8099387,641329406.7667938,283440015.5462905,-11.8412216122897,-4.913218750629012,-1.817776812326474,2026-04-03T03:55:04.814382
2461133.66474537, A.D. 2026-Apr-03 03:57:14.0000,69.185634,-350917086.2815198,641329111.9739362,283439906.4797559,-11.8412136879471,-4.913230276359377,-1.817781903893781,2026-04-03T03:56:04.814338
2461133.665439815, A.D. 2026-Apr-03 03:58:14.0000,69.185634,-350917796.7526253,641328817.1803873,283439797.4129159,-11.84120576268615,-4.913241797667929,-1.817786993333449,2026-04-03T03:57:04.814375
2461133.666134259, A.D. 2026-Apr-03 03:59:14.0000,69.185634,-350918507.2232554,641328522.386147,283439688.3457705,-11.84119783651857,-4.913253314553623,-1.817792080645165,2026-04-03T03:58:04.814371
2461133.666828704, A.D. 2026-Apr-03 04:00:14.0000,69.185634,-350919217.6934099,641328227.591216,283439579.27832,-11.84118990945606,-4.913264827015436,-1.817797165828627,2026-04-03T03:59:04.814408
2461133.667523148, A.D. 2026-Apr-03 04:01:14.0000,69.185634,-350919928.1630872,641327932.7955949,283439470.2105646,-11.84118198151038,-4.913276335052347,-1.817802248883534,2026-04-03T04:00:04.814364
2461133.668217592, A.D. 2026-Apr-03 04:02:14.0000,69.185634,-350920638.6322904,641327637.999283,283439361.1425042,-11.8411740526932,-4.913287838663432,-1.817807329809629,2026-04-03T04:01:04.814320
2461133.668912037, A.D. 2026-Apr-03 04:03:14.0000,69.185634,-350921349.1010177,641327343.2022809,283439252.0741389,-11.84116612301625,-4.913299337847718,-1.817812408606635,2026-04-03T04:02:04.814357
2461133.669606482, A.D. 2026-Apr-03 04:04:14.0000,69.185634,-350922059.5692692,641327048.4045889,283439143.0054689,-11.84115819249128,-4.913310832604286,-1.817817485274299,2026-04-03T04:03:04.814434
2461133.670300926, A.D. 2026-Apr-03 04:05:14.0000,69.185634,-350922770.0370449,641326753.6062076,283439033.9364945,-11.84115026112999,-4.913322322932237,-1.817822559812378,2026-04-03T04:04:04.814390
2461133.67099537, A.D. 2026-Apr-03 04:06:14.0000,69.185634,-350923480.5043448,641326458.8071368,283438924.8672156,-11.84114232894412,-4.913333808830702,-1.817827632220643,2026-04-03T04:05:04.814346
2461133.671689815, A.D. 2026-Apr-03 04:07:14.0000,69.185634,-350924190.9711685,641326164.007377,283438815.7976324,-11.84113439594539,-4.913345290298832,-1.817832702498876,2026-04-03T04:06:04.814383
2461133.672384259, A.D. 2026-Apr-03 04:08:14.0000,69.185634,-350924901.437515,641325869.2069292,283438706.7277453,-11.84112646214554,-4.913356767335783,-1.817837770646859,2026-04-03T04:07:04.814339
2461133.673078704, A.D. 2026-Apr-03 04:09:14.0000,69.185634,-350925611.9033868,641325574.4057921,283438597.657554,-11.84111852755628,-4.913368239940805,-1.81784283666442,2026-04-03T04:08:04.814416
2461133.673773148, A.D. 2026-Apr-03 04:10:14.0000,69.185634,-350926322.3687825,641325279.603967,283438488.5870587,-11.84111059218935,-4.913379708113104,-1.817847900551367,2026-04-03T04:09:04.814372
2461133.674467593, A.D. 2026-Apr-03 04:11:14.0000,69.185634,-350927032.833702,641324984.8014538,283438379.5162597,-11.84110265605647,-4.913391171851935,-1.81785296230753,2026-04-03T04:10:04.814409
2461133.675162037, A.D. 2026-Apr-03 04:12:14.0000,69.185634,-350927743.2981453,641324689.998253,283438270.4451571,-11.8410947191694,-4.913402631156575,-1.81785802193275,2026-04-03T04:11:04.814365
2461133.675856481, A.D. 2026-Apr-03 04:13:14.0000,69.185634,-350928453.7621125,641324395.1943647,283438161.3737509,-11.84108678153985,-4.91341408602633,-1.817863079426881,2026-04-03T04:12:04.814321
2461133.676550926, A.D. 2026-Apr-03 04:14:14.0000,69.185634,-350929164.2256033,641324100.3897891,283438052.3020414,-11.84107884317957,-4.913425536460528,-1.81786813478979,2026-04-03T04:13:04.814398
2461133.677245371, A.D. 2026-Apr-03 04:15:14.0000,69.185634,-350929874.6886178,641323805.5845269,283437943.2300286,-11.84107090410028,-4.913436982458522,-1.817873188021354,2026-04-03T04:14:04.814435
2461133.677939815, A.D. 2026-Apr-03 04:16:14.0000,69.185634,-350930585.1511559,641323510.7785778,283437834.1577126,-11.84106296431372,-4.913448424019695,-1.817878239121465,2026-04-03T04:15:04.814391
2461133.678634259, A.D. 2026-Apr-03 04:17:14.0000,69.185634,-350931295.6132163,641323215.9719431,283437725.0850939,-11.84105502383166,-4.913459861143428,-1.817883288090012,2026-04-03T04:16:04.814347
2461133.679328704, A.D. 2026-Apr-03 04:18:14.0000,69.185634,-350932006.0748016,641322921.1646217,283437616.0121721,-11.84104708266579,-4.913471293829194,-1.817888334926932,2026-04-03T04:17:04.814384
2461133.680023148, A.D. 2026-Apr-03 04:19:14.0000,69.185634,-350932716.5359104,641322626.3566145,283437506.9389476,-11.84103914082787,-4.913482722076429,-1.817893379632139,2026-04-03T04:18:04.814380
2461133.680717593, A.D. 2026-Apr-03 04:20:14.0000,69.185634,-350933426.9965426,641322331.5479218,283437397.8654204,-11.84103119832963,-4.913494145884611,-1.817898422205573,2026-04-03T04:19:04.814417
2461133.681412037, A.D. 2026-Apr-03 04:21:14.0000,69.185634,-350934137.4566984,641322036.7385435,283437288.7915908,-11.84102325518282,-4.913505565253246,-1.817903462647182,2026-04-03T04:20:04.814373
2461133.682106481, A.D. 2026-Apr-03 04:22:14.0000,69.185634,-350934847.9163775,641321741.9284805,283437179.7174587,-11.84101531139917,-4.913516980181863,-1.81790850095693,2026-04-03T04:21:04.814329
2461133.682800926, A.D. 2026-Apr-03 04:23:14.0000,69.185634,-350935558.3755799,641321447.1177326,283437070.6430244,-11.84100736699043,-4.913528390670021,-1.81791353713479,2026-04-03T04:22:04.814366
2461133.68349537, A.D. 2026-Apr-03 04:24:14.0000,69.185634,-350936268.8343056,641321152.3063002,283436961.5682881,-11.84099942196834,-4.913539796717298,-1.817918571180748,2026-04-03T04:23:04.814362
2461133.684189815, A.D. 2026-Apr-03 04:25:14.0000,69.185634,-350936979.2925547,641320857.4941837,283436852.4932498,-11.84099147634463,-4.913551198323301,-1.817923603094804,2026-04-03T04:24:04.814399
2461133.684884259, A.D. 2026-Apr-03 04:26:14.0000,69.185634,-350937689.750327,641320562.681383,283436743.4179096,-11.84098353013105,-4.913562595487663,-1.817928632876966,2026-04-03T04:25:04.814355
2461133.685578704, A.D. 2026-Apr-03 04:27:14.0000,69.185634,-350938400.2076225,641320267.8678988,283436634.3422676,-11.84097558333934,-4.913573988210038,-1.817933660527258,2026-04-03T04:26:04.814392
2461133.686273148, A.D. 2026-Apr-03 04:28:14.0000,69.185634,-350939110.6644412,641319973.0537311,283436525.2663241,-11.84096763598124,-4.913585376490108,-1.817938686045713,2026-04-03T04:27:04.814348
2461133.686967593, A.D. 2026-Apr-03 04:29:14.0000,69.185634,-350939821.1207816,641319678.2388809,283436416.1900794,-11.84095968806851,-4.913596760327559,-1.817943709432368,2026-04-03T04:28:04.814425
2461133.687662037, A.D. 2026-Apr-03 04:30:14.0000,69.185634,-350940531.5766466,641319383.423347,283436307.1135331,-11.84095173961285,-4.913608139722166,-1.817948730687301,2026-04-03T04:29:04.814381
2461133.688356481, A.D. 2026-Apr-03 04:31:14.0000,69.185634,-350941242.0320346,641319088.6071308,283436198.0366855,-11.84094379062603,-4.913619514673668,-1.817953749810573,2026-04-03T04:30:04.814337
2461133.689050926, A.D. 2026-Apr-03 04:32:14.0000,69.185634,-350941952.4869457,641318793.790232,283436088.959537,-11.84093584111978,-4.913630885181842,-1.817958766802265,2026-04-03T04:31:04.814374
2461133.68974537, A.D. 2026-Apr-03 04:33:14.0000,69.185634,-350942662.9413797,641318498.9726511,283435979.8820874,-11.84092789110585,-4.913642251246499,-1.817963781662473,2026-04-03T04:32:04.814330
2461133.690439815, A.D. 2026-Apr-03 04:34:14.0000,69.185634,-350943373.3953367,641318204.1543884,283435870.804337,-11.84091994059598,-4.913653612867471,-1.817968794391303,2026-04-03T04:33:04.814407
2461133.691134259, A.D. 2026-Apr-03 04:35:14.0000,69.185634,-350944083.8488168,641317909.3354443,283435761.7262859,-11.8409119896019,-4.913664970044615,-1.817973804988872,2026-04-03T04:34:04.814363
2461133.691828704, A.D. 2026-Apr-03 04:36:14.0000,69.185634,-350944794.3018197,641317614.5158188,283435652.6479343,-11.84090403813535,-4.913676322777818,-1.817978813455312,2026-04-03T04:35:04.814400
2461133.692523148, A.D. 2026-Apr-03 04:37:14.0000,69.185634,-350945504.7543456,641317319.6955123,283435543.5692822,-11.84089608620808,-4.913687671066985,-1.817983819790766,2026-04-03T04:36:04.814356
2461133.693217593, A.D. 2026-Apr-03 04:38:14.0000,69.185634,-350946215.2063943,641317024.874525,283435434.4903297,-11.84088813383183,-4.913699014912051,-1.817988823995387,2026-04-03T04:37:04.814393
2461133.693912037, A.D. 2026-Apr-03 04:39:14.0000,69.185634,-350946925.6579658,641316730.052857,283435325.4110771,-11.84088018101833,-4.913710354312976,-1.817993826069342,2026-04-03T04:38:04.814389
2461133.694606482, A.D. 2026-Apr-03 04:40:14.0000,69.185634,-350947636.1090603,641316435.230509,283435216.3315244,-11.84087222777932,-4.913721689269742,-1.81799882601281,2026-04-03T04:39:04.814426
2461133.695300926, A.D. 2026-Apr-03 04:41:14.0000,69.185634,-350948346.5596774,641316140.4074811,283435107.2516719,-11.84086427412654,-4.913733019782361,-1.818003823825982,2026-04-03T04:40:04.814382
2461133.69599537, A.D. 2026-Apr-03 04:42:14.0000,69.185634,-350949057.0098174,641315845.5837733,283434998.1715195,-11.84085632007172,-4.913744345850866,-1.818008819509059,2026-04-03T04:41:04.814338
2461133.696689815, A.D. 2026-Apr-03 04:43:14.0000,69.185634,-350949767.45948,641315550.7593862,283434889.0910674,-11.84084836562661,-4.913755667475318,-1.818013813062258,2026-04-03T04:42:04.814375
2461133.697384259, A.D. 2026-Apr-03 04:44:14.0000,69.185634,-350950477.9086655,641315255.93432,283434780.0103158,-11.84084041080293,-4.913766984655801,-1.818018804485804,2026-04-03T04:43:04.814371
2461133.698078704, A.D. 2026-Apr-03 04:45:14.0000,69.185634,-350951188.3573736,641314961.1085747,283434670.9292647,-11.84083245561241,-4.913778297392428,-1.818023793779937,2026-04-03T04:44:04.814408
2461133.698773148, A.D. 2026-Apr-03 04:46:14.0000,69.185634,-350951898.8056044,641314666.282151,283434561.8479144,-11.8408245000668,-4.913789605685332,-1.818028780944906,2026-04-03T04:45:04.814364
2461133.699467592, A.D. 2026-Apr-03 04:47:14.0000,69.185634,-350952609.2533579,641314371.4550488,283434452.7662649,-11.84081654417783,-4.913800909534674,-1.818033765980976,2026-04-03T04:46:04.814320
2461133.700162037, A.D. 2026-Apr-03 04:48:14.0000,69.185634,-350953319.7006339,641314076.6272684,283434343.6843163,-11.84080858795722,-4.913812208940644,-1.81803874888842,2026-04-03T04:47:04.814357
2461133.700856482, A.D. 2026-Apr-03 04:49:14.0000,69.185634,-350954030.1474326,641313781.7988104,283434234.6020688,-11.8408006314167,-4.913823503903448,-1.818043729667526,2026-04-03T04:48:04.814434
2461133.701550926, A.D. 2026-Apr-03 04:50:14.0000,69.185634,-350954740.5937539,641313486.9696747,283434125.5195226,-11.84079267456801,-4.913834794423325,-1.818048708318593,2026-04-03T04:49:04.814390
2461133.70224537, A.D. 2026-Apr-03 04:51:14.0000,69.185634,-350955451.0395979,641313192.1398618,283434016.4366777,-11.84078471742287,-4.913846080500539,-1.818053684841931,2026-04-03T04:50:04.814346
2461133.702939815, A.D. 2026-Apr-03 04:52:14.0000,69.185634,-350956161.4849643,641312897.3093718,283433907.3535343,-11.840776759993,-4.913857362135375,-1.818058659237864,2026-04-03T04:51:04.814383
2461133.703634259, A.D. 2026-Apr-03 04:53:14.0000,69.185634,-350956871.9298533,641312602.478205,283433798.2700925,-11.84076880229014,-4.913868639328146,-1.818063631506726,2026-04-03T04:52:04.814339
2461133.704328704, A.D. 2026-Apr-03 04:54:14.0000,69.185634,-350957582.3742648,641312307.6463617,283433689.1863524,-11.840760844326,-4.913879912079191,-1.818068601648866,2026-04-03T04:53:04.814416
2461133.705023148, A.D. 2026-Apr-03 04:55:14.0000,69.185634,-350958292.8181989,641312012.8138422,283433580.1023142,-11.84075288611231,-4.91389118038887,-1.81807356966464,2026-04-03T04:54:04.814372
2461133.705717593, A.D. 2026-Apr-03 04:56:14.0000,69.185634,-350959003.2616554,641311717.9806467,283433471.017978,-11.84074492766079,-4.913902444257573,-1.818078535554422,2026-04-03T04:55:04.814409
2461133.706412037, A.D. 2026-Apr-03 04:57:14.0000,69.185634,-350959713.7046344,641311423.1467757,283433361.9333438,-11.84073696898315,-4.913913703685715,-1.818083499318593,2026-04-03T04:56:04.814365
2461133.707106481, A.D. 2026-Apr-03 04:58:14.0000,69.185634,-350960424.147136,641311128.312229,283433252.8484119,-11.84072901009113,-4.913924958673733,-1.81808846095755,2026-04-03T04:57:04.814321
2461133.707800926, A.D. 2026-Apr-03 04:59:14.0000,69.185634,-350961134.5891599,641310833.4770074,283433143.7631823,-11.84072105099642,-4.913936209222092,-1.818093420471699,2026-04-03T04:58:04.814398
2461133.708495371, A.D. 2026-Apr-03 05:00:14.0000,69.185634,-350961845.0307063,641310538.6411107,283433034.6776553,-11.84071309171074,-4.91394745533128,-1.81809837786146,2026-04-03T04:59:04.814435
2461133.709189815, A.D. 2026-Apr-03 05:01:14.0000,69.185634,-350962555.4717752,641310243.8045394,283432925.5918309,-11.84070513224581,-4.913958697001812,-1.818103333127263,2026-04-03T05:00:04.814391
2461133.709884259, A.D. 2026-Apr-03 05:02:14.0000,69.185634,-350963265.9123664,641309948.9672939,283432816.5057092,-11.84069717261334,-4.91396993423423,-1.818108286269553,2026-04-03T05:01:04.814347
2461133.710578704, A.D. 2026-Apr-03 05:03:14.0000,69.185634,-350963976.3524801,641309654.129374,283432707.4192905,-11.84068921282504,-4.913981167029095,-1.818113237288783,2026-04-03T05:02:04.814384
2461133.711273148, A.D. 2026-Apr-03 05:04:14.0000,69.185634,-350964686.7921163,641309359.2907805,283432598.3325746,-11.8406812528926,-4.913992395387003,-1.818118186185423,2026-04-03T05:03:04.814380
2461133.711967593, A.D. 2026-Apr-03 05:05:14.0000,69.185634,-350965397.2312748,641309064.4515134,283432489.245562,-11.84067329282773,-4.914003619308565,-1.818123132959951,2026-04-03T05:04:04.814417
2461133.712662037, A.D. 2026-Apr-03 05:06:14.0000,69.185634,-350966107.6699557,641308769.611573,283432380.1582525,-11.84066533264215,-4.914014838794423,-1.818128077612859,2026-04-03T05:05:04.814373
2461133.713356481, A.D. 2026-Apr-03 05:07:14.0000,69.185634,-350966818.108159,641308474.7709594,283432271.0706465,-11.84065737234755,-4.914026053845244,-1.818133020144649,2026-04-03T05:06:04.814329
2461133.714050926, A.D. 2026-Apr-03 05:08:14.0000,69.185634,-350967528.5458846,641308179.9296732,283432161.982744,-11.84064941195562,-4.91403726446172,-1.818137960555838,2026-04-03T05:07:04.814366
2461133.71474537, A.D. 2026-Apr-03 05:09:14.0000,69.185634,-350968238.9831327,641307885.0877144,283432052.8945452,-11.84064145147806,-4.914048470644566,-1.818142898846953,2026-04-03T05:08:04.814362
2461133.715439815, A.D. 2026-Apr-03 05:10:14.0000,69.185634,-350968949.4199031,641307590.2450835,283431943.8060501,-11.84063349092657,-4.914059672394527,-1.818147835018534,2026-04-03T05:09:04.814399
2461133.716134259, A.D. 2026-Apr-03 05:11:14.0000,69.185634,-350969659.8561973,641307295.40178,283431834.7172586,-11.84062553031282,-4.914070869712391,-1.818152769071142,2026-04-03T05:10:04.814355
2461133.716828704, A.D. 2026-Apr-03 05:12:14.0000,69.185634,-350970370.2920125,641307000.5578053,283431725.6281714,-11.84061756964853,-4.914082062598903,-1.81815770100532,2026-04-03T05:11:04.814392
2461133.717523148, A.D. 2026-Apr-03 05:13:14.0000,69.185634,-350971080.7273499,641306705.7131592,283431616.5387884,-11.84060960894537,-4.914093251054909,-1.818162630821655,2026-04-03T05:12:04.814348
2461133.718217593, A.D. 2026-Apr-03 05:14:14.0000,69.185634,-350971791.1622098,641306410.867842,283431507.4491097,-11.84060164821503,-4.914104435081248,-1.818167558520733,2026-04-03T05:13:04.814425
2461133.718912037, A.D. 2026-Apr-03 05:15:14.0000,69.185634,-350972501.596592,641306116.0218537,283431398.3591353,-11.84059368746919,-4.914115614678789,-1.818172484103155,2026-04-03T05:14:04.814381
2461133.719606481, A.D. 2026-Apr-03 05:16:14.0000,69.185634,-350973212.0304966,641305821.175195,283431289.2688655,-11.84058572671951,-4.914126789848427,-1.818177407569532,2026-04-03T05:15:04.814337
2461133.720300926, A.D. 2026-Apr-03 05:17:14.0000,69.185634,-350973922.4639236,641305526.3278657,283431180.1783003,-11.84057776597769,-4.914137960591081,-1.818182328920487,2026-04-03T05:16:04.814374
2461133.72099537, A.D. 2026-Apr-03 05:18:14.0000,69.185634,-350974632.8968728,641305231.4798665,283431071.08744,-11.8405698052554,-4.914149126907693,-1.818187248156658,2026-04-03T05:17:04.814330
2461133.721689815, A.D. 2026-Apr-03 05:19:14.0000,69.185634,-350975343.3293445,641304936.6311972,283430961.9962844,-11.8405618445643,-4.914160288799237,-1.81819216527869,2026-04-03T05:18:04.814407
2461133.722384259, A.D. 2026-Apr-03 05:20:14.0000,69.185634,-350976053.7613385,641304641.7818586,283430852.904834,-11.84055388391605,-4.914171446266704,-1.818197080287244,2026-04-03T05:19:04.814363
2461133.723078704, A.D. 2026-Apr-03 05:21:14.0000,69.185634,-350976764.1928549,641304346.9318504,283430743.8130887,-11.84054592332234,-4.914182599311114,-1.818201993182992,2026-04-03T05:20:04.814400
2461133.723773148, A.D. 2026-Apr-03 05:22:14.0000,69.185634,-350977474.6238936,641304052.0811734,283430634.7210487,-11.84053796279481,-4.914193747933516,-1.818206903966618,2026-04-03T05:21:04.814356
2461133.724467593, A.D. 2026-Apr-03 05:23:14.0000,69.185634,-350978185.0544561,641303757.229827,283430525.628714,-11.84053000234512,-4.914204892134998,-1.818211812638826,2026-04-03T05:22:04.814393
2461133.725162037, A.D. 2026-Apr-03 05:24:14.0000,69.185634,-350978895.4845396,641303462.3778126,283430416.5360849,-11.84052204198494,-4.914216031916617,-1.818216719200306,2026-04-03T05:23:04.814389
2461133.725856482, A.D. 2026-Apr-03 05:25:14.0000,69.185634,-350979605.9141455,641303167.5251299,283430307.4431615,-11.84051408172592,-4.91422716727951,-1.818221623651786,2026-04-03T05:24:04.814426
2461133.726550926, A.D. 2026-Apr-03 05:26:14.0000,69.185634,-350980316.3432738,641302872.6717794,283430198.349944,-11.8405061215797,-4.914238298224828,-1.818226525993999,2026-04-03T05:25:04.814382
2461133.72724537, A.D. 2026-Apr-03 05:27:14.0000,69.185634,-350981026.7719244,641302577.8177611,283430089.2564323,-11.84049816155793,-4.914249424753743,-1.818231426227688,2026-04-03T05:26:04.814338
2461133.727939815, A.D. 2026-Apr-03 05:28:14.0000,69.185634,-350981737.2000974,641302282.9630752,283429980.1626267,-11.84049020167225,-4.914260546867451,-1.81823632435361,2026-04-03T05:27:04.814375
2461133.728634259, A.D. 2026-Apr-03 05:29:14.0000,69.185634,-350982447.627793,641301988.1077222,283429871.0685273,-11.8404822419343,-4.914271664567172,-1.818241220372532,2026-04-03T05:28:04.814371
2461133.729328704, A.D. 2026-Apr-03 05:30:14.0000,69.185634,-350983158.0550109,641301693.2517022,283429761.9741343,-11.84047428235572,-4.914282777854156,-1.818246114285233,2026-04-03T05:29:04.814408
2461133.730023148, A.D. 2026-Apr-03 05:31:14.0000,69.185634,-350983868.4817511,641301398.3950157,283429652.8794476,-11.84046632294814,-4.914293886729676,-1.818251006092507,2026-04-03T05:30:04.814364
2461133.730717592, A.D. 2026-Apr-03 05:32:14.0000,69.185634,-350984578.9080153,641301103.537662,283429543.7844672,-11.84045836372317,-4.914304991195053,-1.818255895795165,2026-04-03T05:31:04.814320
2461133.731412037, A.D. 2026-Apr-03 05:33:14.0000,69.185634,-350985289.3338006,641300808.6796429,283429434.6891937,-11.84045040469247,-4.914316091251564,-1.818260783394005,2026-04-03T05:32:04.814357
2461133.732106482, A.D. 2026-Apr-03 05:34:14.0000,69.185634,-350985999.7591082,641300513.8209579,283429325.5936271,-11.84044244586765,-4.914327186900578,-1.818265668889865,2026-04-03T05:33:04.814434
2461133.732800926, A.D. 2026-Apr-03 05:35:14.0000,69.185634,-350986710.1839384,641300218.9616072,283429216.4977674,-11.84043448726032,-4.914338278143473,-1.818270552283583,2026-04-03T05:34:04.814390
2461133.73349537, A.D. 2026-Apr-03 05:36:14.0000,69.185634,-350987420.608291,641299924.1015913,283429107.4016147,-11.8404265288821,-4.914349364981647,-1.818275433576013,2026-04-03T05:35:04.814346
2461133.734189815, A.D. 2026-Apr-03 05:37:14.0000,69.185634,-350988131.0321662,641299629.2409103,283428998.3051693,-11.84041857074459,-4.914360447416524,-1.818280312768017,2026-04-03T05:36:04.814383
2461133.734884259, A.D. 2026-Apr-03 05:38:14.0000,69.185634,-350988841.4555638,641299334.3795645,283428889.2084312,-11.84041061285941,-4.914371525449553,-1.818285189860472,2026-04-03T05:37:04.814339
2461133.735578704, A.D. 2026-Apr-03 05:39:14.0000,69.185634,-350989551.8784841,641299039.5175542,283428780.1114004,-11.84040265523816,-4.91438259908221,-1.818290064854265,2026-04-03T05:38:04.814416
2461133.736273148, A.D. 2026-Apr-03 05:40:14.0000,69.185634,-350990262.3009283,641298744.6548789,283428671.0140771,-11.84039469789242,-4.914393668316015,-1.818294937750306,2026-04-03T05:39:04.814372
2461133.736967593, A.D. 2026-Apr-03 05:41:14.0000,69.185634,-350990972.7228936,641298449.7915401,283428561.9164616,-11.84038674083381,-4.914404733152454,-1.818299808549487,2026-04-03T05:40:04.814409
2461133.737662037, A.D. 2026-Apr-03 05:42:14.0000,69.185634,-350991683.1443815,641298154.9275378,283428452.818554,-11.84037878407392,-4.914415793593094,-1.818304677252743,2026-04-03T05:41:04.814365
2461133.738356481, A.D. 2026-Apr-03 05:43:14.0000,69.185634,-350992393.5653921,641297860.0628717,283428343.7203543,-11.84037082762432,-4.914426849639514,-1.818309543861007,2026-04-03T05:42:04.814321
2461133.739050926, A.D. 2026-Apr-03 05:44:14.0000,69.185634,-350993103.9859253,641297565.1975427,283428234.6218626,-11.8403628714966,-4.914437901293316,-1.818314408375229,2026-04-03T05:43:04.814398
2461133.739745371, A.D. 2026-Apr-03 05:45:14.0000,69.185634,-350993814.4059811,641297270.3315505,283428125.5230792,-11.84035491570234,-4.914448948556124,-1.818319270796368,2026-04-03T05:44:04.814435
2461133.740439815, A.D. 2026-Apr-03 05:46:14.0000,69.185634,-350994524.8255609,641296975.4648951,283428016.4240039,-11.84034696025309,-4.914459991429613,-1.818324131125405,2026-04-03T05:45:04.814391
2461133.741134259, A.D. 2026-Apr-03 05:47:14.0000,69.185634,-350995235.244662,641296680.5975777,283427907.3246372,-11.84033900516047,-4.914471029915416,-1.818328989363305,2026-04-03T05:46:04.814347
2461133.741828704, A.D. 2026-Apr-03 05:48:14.0000,69.185634,-350995945.6632859,641296385.7295983,283427798.2249792,-11.84033105043601,-4.914482064015257,-1.818333845511073,2026-04-03T05:47:04.814384
2461133.742523148, A.D. 2026-Apr-03 05:49:14.0000,69.185634,-350996656.0814325,641296090.860957,283427689.1250297,-11.84032309609127,-4.914493093730863,-1.818338699569716,2026-04-03T05:48:04.814380
2461133.743217593, A.D. 2026-Apr-03 05:50:14.0000,69.185634,-350997366.4991018,641295795.9916539,283427580.0247891,-11.84031514213782,-4.914504119063986,-1.818343551540254,2026-04-03T05:49:04.814417
2461133.743912037, A.D. 2026-Apr-03 05:51:14.0000,69.185634,-350998076.9162939,641295501.1216894,283427470.9242575,-11.8403071885872,-4.914515140016405,-1.818348401423719,2026-04-03T05:50:04.814373
2461133.744606481, A.D. 2026-Apr-03 05:52:14.0000,69.185634,-350998787.3330102,641295206.2510633,283427361.8234347,-11.84029923545095,-4.914526156589945,-1.818353249221164,2026-04-03T05:51:04.814329
2461133.745300926, A.D. 2026-Apr-03 05:53:14.0000,69.185634,-350999497.749248,641294911.3797771,283427252.7223213,-11.84029128274064,-4.914537168786389,-1.818358094933625,2026-04-03T05:52:04.814366
2461133.74599537, A.D. 2026-Apr-03 05:54:14.0000,69.185634,-351000208.1650085,641294616.50783,283427143.6209173,-11.84028333046779,-4.914548176607613,-1.818362938562179,2026-04-03T05:53:04.814362
2461133.746689815, A.D. 2026-Apr-03 05:55:14.0000,69.185634,-351000918.580292,641294321.6352227,283427034.5192226,-11.84027537864392,-4.914559180055496,-1.818367780107906,2026-04-03T05:54:04.814399
2461133.747384259, A.D. 2026-Apr-03 05:56:14.0000,69.185634,-351001628.9950983,641294026.7619553,283426925.4172375,-11.84026742728059,-4.91457017913194,-1.818372619571896,2026-04-03T05:55:04.814355
2461133.748078704, A.D. 2026-Apr-03 05:57:14.0000,69.185634,-351002339.4094277,641293731.8880281,283426816.3149622,-11.84025947638929,-4.914581173838878,-1.818377456955254,2026-04-03T05:56:04.814392
2461133.748773148, A.D. 2026-Apr-03 05:58:14.0000,69.185634,-351003049.8232813,641293437.0134407,283426707.2123964,-11.84025152598154,-4.914592164178282,-1.818382292259103,2026-04-03T05:57:04.814348
2461133.749467593, A.D. 2026-Apr-03 05:59:14.0000,69.185634,-351003760.2366566,641293142.1381947,283426598.1095409,-11.84024357606888,-4.914603150152092,-1.818387125484553,2026-04-03T05:58:04.814425
2461133.750162037, A.D. 2026-Apr-03 06:00:14.0000,69.185634,-351004470.6495548,641292847.2622896,283426489.0063953,-11.8402356266628,-4.914614131762331,-1.818391956632752,2026-04-03T05:59:04.814381
2461133.750856481, A.D. 2026-Apr-03 06:01:14.0000,69.185634,-351005181.0619762,641292552.3857259,283426379.90296,-11.84022767777481,-4.914625109011029,-1.81839678570485,2026-04-03T06:00:04.814337
2461133.751550926, A.D. 2026-Apr-03 06:02:14.0000,69.185634,-351005891.4739206,641292257.5085034,283426270.799235,-11.8402197294164,-4.914636081900242,-1.818401612702011,2026-04-03T06:01:04.814374
2461133.75224537, A.D. 2026-Apr-03 06:03:14.0000,69.185634,-351006601.8853895,641291962.6306223,283426161.6952202,-11.84021178159905,-4.914647050432073,-1.818406437625419,2026-04-03T06:02:04.814330
2461133.752939815, A.D. 2026-Apr-03 06:04:14.0000,69.185634,-351007312.2963802,641291667.7520837,283426052.5909163,-11.84020383433428,-4.914658014608582,-1.818411260476243,2026-04-03T06:03:04.814407
2461133.753634259, A.D. 2026-Apr-03 06:05:14.0000,69.185634,-351008022.706894,641291372.8728874,283425943.4863229,-11.84019588763355,-4.914668974431923,-1.81841608125569,2026-04-03T06:04:04.814363
2461133.754328704, A.D. 2026-Apr-03 06:06:14.0000,69.185634,-351008733.1169311,641291077.9930336,283425834.3814405,-11.84018794150834,-4.91467992990425,-1.818420899964971,2026-04-03T06:05:04.814400
2461133.755023148, A.D. 2026-Apr-03 06:07:14.0000,69.185634,-351009443.5264915,641290783.1125227,283425725.2762689,-11.84017999597011,-4.914690881027745,-1.81842571660531,2026-04-03T06:06:04.814356
2461133.755717593, A.D. 2026-Apr-03 06:08:14.0000,69.185634,-351010153.9355765,641290488.2313542,283425616.1708082,-11.84017205103034,-4.914701827804636,-1.818430531177949,2026-04-03T06:07:04.814393
2461133.756412037, A.D. 2026-Apr-03 06:09:14.0000,69.185634,-351010864.3441834,641290193.3495297,283425507.0650589,-11.84016410670049,-4.914712770237112,-1.818435343684117,2026-04-03T06:08:04.814389
2461133.757106482, A.D. 2026-Apr-03 06:10:14.0000,69.185634,-351011574.7523137,641289898.4670488,283425397.9590209,-11.84015616299201,-4.914723708327448,-1.818440154125082,2026-04-03T06:09:04.814426
2461133.757800926, A.D. 2026-Apr-03 06:11:14.0000,69.185634,-351012285.1599674,641289603.5839117,283425288.8526944,-11.84014821991634,-4.914734642077926,-1.818444962502113,2026-04-03T06:10:04.814382
2461133.75849537, A.D. 2026-Apr-03 06:12:14.0000,69.185634,-351012995.5671459,641289308.7001181,283425179.7460792,-11.84014027748493,-4.914745571490878,-1.818449768816503,2026-04-03T06:11:04.814338
2461133.759189815, A.D. 2026-Apr-03 06:13:14.0000,69.185634,-351013705.9738465,641289013.8156694,283425070.6391759,-11.84013233570922,-4.914756496568588,-1.818454573069527,2026-04-03T06:12:04.814375
2461133.759884259, A.D. 2026-Apr-03 06:14:14.0000,69.185634,-351014416.3800706,641288718.9305654,283424961.5319844,-11.84012439460064,-4.914767417313437,-1.8184593752625,2026-04-03T06:13:04.814371
2461133.760578704, A.D. 2026-Apr-03 06:15:14.0000,69.185634,-351015126.7858183,641288424.0448062,283424852.4245048,-11.84011645417062,-4.914778333727805,-1.818464175396741,2026-04-03T06:14:04.814408
2461133.761273148, A.D. 2026-Apr-03 06:16:14.0000,69.185634,-351015837.1910896,641288129.1583923,283424743.3167373,-11.84010851443056,-4.914789245814102,-1.818468973473578,2026-04-03T06:15:04.814364
2461133.761967592, A.D. 2026-Apr-03 06:17:14.0000,69.185634,-351016547.5958859,641287834.2713231,283424634.2086818,-11.84010057539188,-4.914800153574782,-1.818473769494364,2026-04-03T06:16:04.814320
2461133.762662037, A.D. 2026-Apr-03 06:18:14.0000,69.185634,-351017258.0002044,641287539.3836002,283424525.1003388,-11.84009263706601,-4.914811057012256,-1.818478563460434,2026-04-03T06:17:04.814357
2461133.763356482, A.D. 2026-Apr-03 06:19:14.0000,69.185634,-351017968.4040468,641287244.4952233,283424415.9917081,-11.84008469946433,-4.914821956129032,-1.818483355373161,2026-04-03T06:18:04.814434
2461133.764050926, A.D. 2026-Apr-03 06:20:14.0000,69.185634,-351018678.8074129,641286949.6061925,283424306.8827901,-11.84007676259824,-4.914832850927612,-1.818488145233924,2026-04-03T06:19:04.814390
2461133.76474537, A.D. 2026-Apr-03 06:21:14.0000,69.185634,-351019389.2103041,641286654.7165074,283424197.7735845,-11.8400688264791,-4.914843741410556,-1.818492933044121,2026-04-03T06:20:04.814346
2461133.765439815, A.D. 2026-Apr-03 06:22:14.0000,69.185634,-351020099.6127179,641286359.8261698,283424088.6640919,-11.84006089111835,-4.914854627580377,-1.818497718805134,2026-04-03T06:21:04.814383
2461133.766134259, A.D. 2026-Apr-03 06:23:14.0000,69.185634,-351020810.0146555,641286064.9351791,283423979.5543122,-11.84005295652732,-4.914865509439679,-1.818502502518387,2026-04-03T06:22:04.814339
2461133.766828704, A.D. 2026-Apr-03 06:24:14.0000,69.185634,-351021520.4161171,641285770.0435356,283423870.4442456,-11.84004502271741,-4.914876386991068,-1.818507284185304,2026-04-03T06:23:04.814416
2461133.767523148, A.D. 2026-Apr-03 06:25:14.0000,69.185634,-351022230.8171041,641285475.151239,283423761.3338919,-11.84003708969994,-4.914887260237203,-1.818512063807331,2026-04-03T06:24:04.814372
2461133.768217593, A.D. 2026-Apr-03 06:26:14.0000,69.185634,-351022941.2176138,641285180.2582908,283423652.2232516,-11.84002915748631,-4.914898129180694,-1.818516841385897,2026-04-03T06:25:04.814409
2461133.768912037, A.D. 2026-Apr-03 06:27:14.0000,69.185634,-351023651.6176475,641284885.3646905,283423543.1123249,-11.84002122608786,-4.914908993824248,-1.818521616922473,2026-04-03T06:26:04.814365
2461133.769606481, A.D. 2026-Apr-03 06:28:14.0000,69.185634,-351024362.0172053,641284590.4704385,283423434.0011116,-11.84001329551592,-4.914919854170575,-1.818526390418532,2026-04-03T06:27:04.814321
2461133.770300926, A.D. 2026-Apr-03 06:29:14.0000,69.185634,-351025072.4162888,641284295.5755343,283423324.8896118,-11.84000536578182,-4.914930710222428,-1.818531161875566,2026-04-03T06:28:04.814398
2461133.770995371, A.D. 2026-Apr-03 06:30:14.0000,69.185634,-351025782.8148951,641284000.6799797,283423215.777826,-11.83999743689692,-4.91494156198252,-1.818535931295053,2026-04-03T06:29:04.814435
2461133.771689815, A.D. 2026-Apr-03 06:31:14.0000,69.185634,-351026493.2130257,641283705.783774,283423106.6657541,-11.83998950887253,-4.914952409453659,-1.818540698678511,2026-04-03T06:30:04.814391
2461133.772384259, A.D. 2026-Apr-03 06:32:14.0000,69.185634,-351027203.6106821,641283410.886917,283422997.5533959,-11.83998158171994,-4.914963252638674,-1.818545464027467,2026-04-03T06:31:04.814347
2461133.773078704, A.D. 2026-Apr-03 06:33:14.0000,69.185634,-351027914.0078614,641283115.98941,283422888.4407521,-11.8399736554505,-4.914974091540355,-1.818550227343436,2026-04-03T06:32:04.814384
2461133.773773148, A.D. 2026-Apr-03 06:34:14.0000,69.185634,-351028624.4045652,641282821.0912529,283422779.3278226,-11.83996573007549,-4.914984926161582,-1.818554988627969,2026-04-03T06:33:04.814380
2461133.774467593, A.D. 2026-Apr-03 06:35:14.0000,69.185634,-351029334.8007935,641282526.1924458,283422670.2146075,-11.83995780560622,-4.914995756505238,-1.818559747882622,2026-04-03T06:34:04.814417
2461133.775162037, A.D. 2026-Apr-03 06:36:14.0000,69.185634,-351030045.1965477,641282231.2929885,283422561.1011067,-11.83994988205394,-4.915006582574254,-1.818564505108972,2026-04-03T06:35:04.814373
2461133.775856481, A.D. 2026-Apr-03 06:37:14.0000,69.185634,-351030755.5918252,641281936.3928825,283422451.9873207,-11.83994195942998,-4.915017404371517,-1.818569260308578,2026-04-03T06:36:04.814329
2461133.776550926, A.D. 2026-Apr-03 06:38:14.0000,69.185634,-351031465.9866273,641281641.4921271,283422342.8732494,-11.83993403774559,-4.91502822190001,-1.81857401348304,2026-04-03T06:37:04.814366
2461133.77724537, A.D. 2026-Apr-03 06:39:14.0000,69.185634,-351032176.3809542,641281346.5907227,283422233.7588931,-11.83992611701204,-4.915039035162715,-1.81857876463396,2026-04-03T06:38:04.814362
2461133.777939815, A.D. 2026-Apr-03 06:40:14.0000,69.185634,-351032886.7748073,641281051.6886692,283422124.6442515,-11.83991819724057,-4.91504984416266,-1.818583513762964,2026-04-03T06:39:04.814399
2461133.778634259, A.D. 2026-Apr-03 06:41:14.0000,69.185634,-351033597.1681837,641280756.7859678,283422015.5293252,-11.83991027844248,-4.915060648902839,-1.818588260871656,2026-04-03T06:40:04.814355
2461133.779328704, A.D. 2026-Apr-03 06:42:14.0000,69.185634,-351034307.5610852,641280461.8826183,283421906.4141142,-11.83990236062897,-4.915071449386328,-1.818593005961686,2026-04-03T06:41:04.814392
2461133.780023148, A.D. 2026-Apr-03 06:43:14.0000,69.185634,-351035017.953513,641280166.9786204,283421797.2986183,-11.83989444381127,-4.915082245616235,-1.818597749034711,2026-04-03T06:42:04.814348
2461133.780717593, A.D. 2026-Apr-03 06:44:14.0000,69.185634,-351035728.3454643,641279872.0739753,283421688.1828381,-11.83988652800066,-4.915093037595621,-1.818602490092374,2026-04-03T06:43:04.814425
2461133.781412037, A.D. 2026-Apr-03 06:45:14.0000,69.185634,-351036438.7369409,641279577.1686828,283421579.0667735,-11.83987861320833,-4.915103825327642,-1.818607229136358,2026-04-03T06:44:04.814381
2461133.782106481, A.D. 2026-Apr-03 06:46:14.0000,69.185634,-351037149.1279439,641279282.2627428,283421469.9504244,-11.83987069944548,-4.915114608815478,-1.818611966168357,2026-04-03T06:45:04.814337
2461133.782800926, A.D. 2026-Apr-03 06:47:14.0000,69.185634,-351037859.5184707,641278987.3561562,283421360.8337913,-11.83986278672335,-4.915125388062267,-1.818616701190049,2026-04-03T06:46:04.814374
2461133.78349537, A.D. 2026-Apr-03 06:48:14.0000,69.185634,-351038569.9085228,641278692.4489231,283421251.7168742,-11.83985487505312,-4.91513616307124,-1.818621434203151,2026-04-03T06:47:04.814330
2461133.784189815, A.D. 2026-Apr-03 06:49:14.0000,69.185634,-351039280.2981002,641278397.5410436,283421142.5996732,-11.83984696444598,-4.915146933845628,-1.818626165209385,2026-04-03T06:48:04.814407
2461133.784884259, A.D. 2026-Apr-03 06:50:14.0000,69.185634,-351039990.6872044,641278102.6325176,283421033.4821882,-11.8398390549131,-4.915157700388709,-1.81863089421049,2026-04-03T06:49:04.814363
2461133.785578704, A.D. 2026-Apr-03 06:51:14.0000,69.185634,-351040701.0758327,641277807.723346,283420924.3644197,-11.8398311464657,-4.915168462703723,-1.818635621208192,2026-04-03T06:50:04.814400
2461133.786273148, A.D. 2026-Apr-03 06:52:14.0000,69.185634,-351041411.4639865,641277512.813529,283420815.2463676,-11.83982323911491,-4.915179220793999,-1.818640346204256,2026-04-03T06:51:04.814356
2461133.786967593, A.D. 2026-Apr-03 06:53:14.0000,69.185634,-351042121.8516673,641277217.9030659,283420706.128032,-11.83981533287188,-4.915189974662889,-1.818645069200458,2026-04-03T06:52:04.814393
2461133.787662037, A.D. 2026-Apr-03 06:54:14.0000,69.185634,-351042832.2388724,641276922.9919585,283420597.0094132,-11.83980742774779,-4.915200724313708,-1.818649790198558,2026-04-03T06:53:04.814389
2461133.788356482, A.D. 2026-Apr-03 06:55:14.0000,69.185634,-351043542.6256031,641276628.0802062,283420487.8905112,-11.83979952375377,-4.915211469749857,-1.818654509200357,2026-04-03T06:54:04.814426
2461133.789050926, A.D. 2026-Apr-03 06:56:14.0000,69.185634,-351044253.0118611,641276333.1678085,283420378.7713258,-11.83979162090094,-4.915222210974766,-1.818659226207665,2026-04-03T06:55:04.814382
2461133.78974537, A.D. 2026-Apr-03 06:57:14.0000,69.185634,-351044963.3976436,641276038.2547673,283420269.6518578,-11.83978371920046,-4.91523294799182,-1.818663941222278,2026-04-03T06:56:04.814338
2461133.790439815, A.D. 2026-Apr-03 06:58:14.0000,69.185634,-351045673.782952,641275743.3410819,283420160.5321069,-11.83977581866343,-4.915243680804499,-1.818668654246032,2026-04-03T06:57:04.814375
2461133.791134259, A.D. 2026-Apr-03 06:59:14.0000,69.185634,-351046384.1677878,641275448.4267521,283420051.4120731,-11.83976791930094,-4.915254409416304,-1.818673365280771,2026-04-03T06:58:04.814371
2461133.791828704, A.D. 2026-Apr-03 07:00:14.0000,69.185634,-351047094.5521483,641275153.5117792,283419942.2917569,-11.83976002112412,-4.915265133830697,-1.818678074328328,2026-04-03T06:59:04.814408
2461133.792523148, A.D. 2026-Apr-03 07:01:14.0000,69.185634,-351047804.9360349,641274858.596163,283419833.1711583,-11.83975212414406,-4.915275854051231,-1.818682781390571,2026-04-03T07:00:04.814364
2461133.793217592, A.D. 2026-Apr-03 07:02:14.0000,69.185634,-351048515.3194491,641274563.6799031,283419724.050277,-11.83974422837181,-4.91528657008148,-1.818687486469384,2026-04-03T07:01:04.814320
2461133.793912037, A.D. 2026-Apr-03 07:03:14.0000,69.185634,-351049225.7023882,641274268.7630011,283419614.9291137,-11.83973633381849,-4.91529728192498,-1.81869218956663,2026-04-03T07:02:04.814357
2461133.794606482, A.D. 2026-Apr-03 07:04:14.0000,69.185634,-351049936.0848537,641273973.8454564,283419505.8076682,-11.83972844049515,-4.915307989585361,-1.818696890684216,2026-04-03T07:03:04.814434
2461133.795300926, A.D. 2026-Apr-03 07:05:14.0000,69.185634,-351050646.4668471,641273678.9272689,283419396.6859406,-11.83972054841282,-4.915318693066268,-1.818701589824057,2026-04-03T07:04:04.814390
2461133.79599537, A.D. 2026-Apr-03 07:06:14.0000,69.185634,-351051356.8483654,641273384.0084398,283419287.5639313,-11.83971265758259,-4.915329392371316,-1.818706286988055,2026-04-03T07:05:04.814346
2461133.796689815, A.D. 2026-Apr-03 07:07:14.0000,69.185634,-351052067.2294105,641273089.0889688,283419178.4416402,-11.83970476801549,-4.915340087504203,-1.818710982178149,2026-04-03T07:06:04.814383
2461133.797384259, A.D. 2026-Apr-03 07:08:14.0000,69.185634,-351052777.6099836,641272794.1688558,283419069.3190672,-11.83969687972252,-4.915350778468651,-1.81871567539629,2026-04-03T07:07:04.814339
2461133.798078704, A.D. 2026-Apr-03 07:09:14.0000,69.185634,-351053487.990082,641272499.2481018,283418960.1962129,-11.83968899271473,-4.915361465268349,-1.818720366644414,2026-04-03T07:08:04.814416
2461133.798773148, A.D. 2026-Apr-03 07:10:14.0000,69.185634,-351054198.3697073,641272204.3267069,283418851.0730773,-11.83968110700314,-4.915372147907068,-1.818725055924496,2026-04-03T07:09:04.814372
2461133.799467593, A.D. 2026-Apr-03 07:11:14.0000,69.185634,-351054908.7488608,641271909.4046706,283418741.9496601,-11.83967322259872,-4.915382826388607,-1.818729743238522,2026-04-03T07:10:04.814409
2461133.800162037, A.D. 2026-Apr-03 07:12:14.0000,69.185634,-351055619.1275399,641271614.4819943,283418632.8259619,-11.83966533951251,-4.915393500716722,-1.818734428588463,2026-04-03T07:11:04.814365
2461133.800856481, A.D. 2026-Apr-03 07:13:14.0000,69.185634,-351056329.5057461,641271319.5586776,283418523.7019827,-11.83965745775546,-4.915404170895264,-1.818739111976327,2026-04-03T07:12:04.814321
2461133.801550926, A.D. 2026-Apr-03 07:14:14.0000,69.185634,-351057039.8834808,641271024.6347202,283418414.5777223,-11.83964957733854,-4.915414836928106,-1.818743793404136,2026-04-03T07:13:04.814398
2461133.802245371, A.D. 2026-Apr-03 07:15:14.0000,69.185634,-351057750.2607414,641270729.7101237,283418305.4531813,-11.83964169827276,-4.915425498819076,-1.818748472873896,2026-04-03T07:14:04.814435
2461133.802939815, A.D. 2026-Apr-03 07:16:14.0000,69.185634,-351058460.6375306,641270434.784887,283418196.3283594,-11.83963382056902,-4.915436156572117,-1.818753150387658,2026-04-03T07:15:04.814391
2461133.803634259, A.D. 2026-Apr-03 07:17:14.0000,69.185634,-351059171.0138459,641270139.8590114,283418087.2032571,-11.83962594423832,-4.915446810191114,-1.818757825947453,2026-04-03T07:16:04.814347
2461133.804328704, A.D. 2026-Apr-03 07:18:14.0000,69.185634,-351059881.3896885,641269844.9324968,283417978.0778743,-11.83961806929158,-4.915457459680034,-1.818762499555347,2026-04-03T07:17:04.814384
2461133.805023148, A.D. 2026-Apr-03 07:19:14.0000,69.185634,-351060591.7650601,641269550.0053427,283417868.952211,-11.8396101957397,-4.915468105042872,-1.818767171213418,2026-04-03T07:18:04.814380
2461133.805717593, A.D. 2026-Apr-03 07:20:14.0000,69.185634,-351061302.139958,641269255.0775508,283417759.8262676,-11.83960232359363,-4.915478746283584,-1.818771840923731,2026-04-03T07:19:04.814417
2461133.806412037, A.D. 2026-Apr-03 07:21:14.0000,69.185634,-351062012.5143835,641268960.1491203,283417650.7000441,-11.83959445286428,-4.915489383406213,-1.818776508688385,2026-04-03T07:20:04.814373
2461133.807106481, A.D. 2026-Apr-03 07:22:14.0000,69.185634,-351062722.8883383,641268665.2200512,283417541.5735403,-11.83958658356252,-4.915500016414827,-1.818781174509497,2026-04-03T07:21:04.814329
2461133.807800926, A.D. 2026-Apr-03 07:23:14.0000,69.185634,-351063433.2618195,641268370.2903448,283417432.446757,-11.83957871569927,-4.915510645313454,-1.818785838389162,2026-04-03T07:22:04.814366
2461133.80849537, A.D. 2026-Apr-03 07:24:14.0000,69.185634,-351064143.6348302,641268075.3600004,283417323.3196936,-11.83957084928538,-4.915521270106234,-1.818790500329527,2026-04-03T07:23:04.814362
2461133.809189815, A.D. 2026-Apr-03 07:25:14.0000,69.185634,-351064854.0073674,641267780.429019,283417214.1923508,-11.83956298433175,-4.915531890797243,-1.818795160332711,2026-04-03T07:24:04.814399
2461133.809884259, A.D. 2026-Apr-03 07:26:14.0000,69.185634,-351065564.3794329,641267485.4974006,283417105.0647284,-11.83955512084923,-4.915542507390645,-1.818799818400875,2026-04-03T07:25:04.814355
2461133.810578704, A.D. 2026-Apr-03 07:27:14.0000,69.185634,-351066274.751028,641267190.5651447,283416995.9368264,-11.83954725884865,-4.915553119890633,-1.818804474536189,2026-04-03T07:26:04.814392
2461133.811273148, A.D. 2026-Apr-03 07:28:14.0000,69.185634,-351066985.1221499,641266895.6322526,283416886.8086453,-11.83953939834087,-4.915563728301354,-1.818809128740808,2026-04-03T07:27:04.814348
2461133.811967593, A.D. 2026-Apr-03 07:29:14.0000,69.185634,-351067695.4928004,641266600.6987244,283416777.680185,-11.83953153933672,-4.915574332627051,-1.818813781016926,2026-04-03T07:28:04.814425
2461133.812662037, A.D. 2026-Apr-03 07:30:14.0000,69.185634,-351068405.8629807,641266305.7645593,283416668.5514454,-11.83952368184698,-4.915584932871982,-1.818818431366749,2026-04-03T07:29:04.814381
2461133.813356481, A.D. 2026-Apr-03 07:31:14.0000,69.185634,-351069116.2326882,641266010.829759,283416559.4224271,-11.8395158258825,-4.915595529040375,-1.818823079792466,2026-04-03T07:30:04.814337
2461133.814050926, A.D. 2026-Apr-03 07:32:14.0000,69.185634,-351069826.6019258,641265715.8943224,283416450.2931297,-11.83950797145406,-4.915606121136561,-1.818827726296314,2026-04-03T07:31:04.814374
2461133.81474537, A.D. 2026-Apr-03 07:33:14.0000,69.185634,-351070536.9706908,641265420.9582509,283416341.1635538,-11.83950011857245,-4.915616709164811,-1.818832370880505,2026-04-03T07:32:04.814330
2461133.815439815, A.D. 2026-Apr-03 07:34:14.0000,69.185634,-351071247.3389847,641265126.0215445,283416232.0336993,-11.83949226724845,-4.915627293129487,-1.818837013547289,2026-04-03T07:33:04.814407
2461133.816134259, A.D. 2026-Apr-03 07:35:14.0000,69.185634,-351071957.7068089,641264831.0842023,283416122.903566,-11.83948441749281,-4.915637873034972,-1.81884165429893,2026-04-03T07:34:04.814363
2461133.816828704, A.D. 2026-Apr-03 07:36:14.0000,69.185634,-351072668.0741608,641264536.1462263,283416013.7731546,-11.8394765693163,-4.91564844888561,-1.818846293137675,2026-04-03T07:35:04.814400
2461133.817523148, A.D. 2026-Apr-03 07:37:14.0000,69.185634,-351073378.4410432,641264241.207615,283415904.6424647,-11.83946872272964,-4.915659020685856,-1.818850930065817,2026-04-03T07:36:04.814356
2461133.818217593, A.D. 2026-Apr-03 07:38:14.0000,69.185634,-351074088.8074535,641263946.2683704,283415795.5114968,-11.8394608777436,-4.915669588440106,-1.818855565085625,2026-04-03T07:37:04.814393
2461133.818912037, A.D. 2026-Apr-03 07:39:14.0000,69.185634,-351074799.1733932,641263651.3284916,283415686.3802509,-11.83945303436889,-4.915680152152836,-1.818860198199407,2026-04-03T07:38:04.814389
2461133.819606482, A.D. 2026-Apr-03 07:40:14.0000,69.185634,-351075509.5388637,641263356.3879787,283415577.2487268,-11.83944519261618,-4.915690711828554,-1.818864829409483,2026-04-03T07:39:04.814426
2461133.820300926, A.D. 2026-Apr-03 07:41:14.0000,69.185634,-351076219.9038622,641263061.4468328,283415468.1169253,-11.83943735249623,-4.915701267471724,-1.818869458718156,2026-04-03T07:40:04.814382
2461133.82099537, A.D. 2026-Apr-03 07:42:14.0000,69.185634,-351076930.268392,641262766.505053,283415358.9848458,-11.83942951401968,-4.915711819086923,-1.818874086127776,2026-04-03T07:41:04.814338
2461133.821689815, A.D. 2026-Apr-03 07:43:14.0000,69.185634,-351077640.63245,641262471.562641,283415249.8524888,-11.83942167719725,-4.915722366678661,-1.81887871164067,2026-04-03T07:42:04.814375
2461133.822384259, A.D. 2026-Apr-03 07:44:14.0000,69.185634,-351078350.9960379,641262176.6195962,283415140.7198544,-11.83941384203957,-4.915732910251544,-1.818883335259202,2026-04-03T07:43:04.814371
2461133.823078704, A.D. 2026-Apr-03 07:45:14.0000,69.185634,-351079061.3591571,641261881.6759185,283415031.5869424,-11.8394060085573,-4.915743449810193,-1.818887956985749,2026-04-03T07:44:04.814408
2461133.823773148, A.D. 2026-Apr-03 07:46:14.0000,69.185634,-351079771.7218049,641261586.7316089,283414922.4537534,-11.83939817676111,-4.915753985359196,-1.818892576822668,2026-04-03T07:45:04.814364
2461133.824467592, A.D. 2026-Apr-03 07:47:14.0000,69.185634,-351080482.0839843,641261291.7866668,283414813.320287,-11.83939034666159,-4.91576451690325,-1.81889719477237,2026-04-03T07:46:04.814320
2461133.825162037, A.D. 2026-Apr-03 07:48:14.0000,69.185634,-351081192.4456926,641260996.8410934,283414704.1865439,-11.83938251826941,-4.915775044446985,-1.818901810837235,2026-04-03T07:47:04.814357
2461133.825856482, A.D. 2026-Apr-03 07:49:14.0000,69.185634,-351081902.8069326,641260701.894888,283414595.0525236,-11.83937469159512,-4.915785567995145,-1.818906425019693,2026-04-03T07:48:04.814434
2461133.826550926, A.D. 2026-Apr-03 07:50:14.0000,69.185634,-351082613.1677017,641260406.9480518,283414485.9182267,-11.83936686664938,-4.915796087552412,-1.818911037322149,2026-04-03T07:49:04.814390
2461133.82724537, A.D. 2026-Apr-03 07:51:14.0000,69.185634,-351083323.5280012,641260112.0005846,283414376.7836532,-11.83935904344273,-4.915806603123554,-1.818915647747047,2026-04-03T07:50:04.814346
2461133.827939815, A.D. 2026-Apr-03 07:52:14.0000,69.185634,-351084033.8878329,641259817.0524861,283414267.6488029,-11.83935122198575,-4.915817114713365,-1.818920256296841,2026-04-03T07:51:04.814383
2461133.828634259, A.D. 2026-Apr-03 07:53:14.0000,69.185634,-351084744.2471939,641259522.1037575,283414158.5136763,-11.83934340228901,-4.915827622326598,-1.81892486297397,2026-04-03T07:52:04.814339
2461133.829328704, A.D. 2026-Apr-03 07:54:14.0000,69.185634,-351085454.6060872,641259227.154398,283414049.3782732,-11.83933558436305,-4.915838125968115,-1.818929467780918,2026-04-03T07:53:04.814416
2461133.830023148, A.D. 2026-Apr-03 07:55:14.0000,69.185634,-351086164.9645101,641258932.204409,283413940.2425941,-11.83932776821843,-4.915848625642718,-1.818934070720148,2026-04-03T07:54:04.814372
2461133.830717593, A.D. 2026-Apr-03 07:56:14.0000,69.185634,-351086875.3224655,641258637.2537894,283413831.1066386,-11.83931995386564,-4.915859121355314,-1.818938671794168,2026-04-03T07:55:04.814409
2461133.831412037, A.D. 2026-Apr-03 07:57:14.0000,69.185634,-351087585.6799506,641258342.302541,283413721.9704073,-11.83931214131522,-4.915869613110752,-1.818943271005461,2026-04-03T07:56:04.814365
2461133.832106481, A.D. 2026-Apr-03 07:58:14.0000,69.185634,-351088296.036967,641258047.3506631,283413612.8339002,-11.83930433057766,-4.91588010091397,-1.818947868356548,2026-04-03T07:57:04.814321
2461133.832800926, A.D. 2026-Apr-03 07:59:14.0000,69.185634,-351089006.3935164,641257752.3981556,283413503.697117,-11.83929652166344,-4.915890584769926,-1.818952463849962,2026-04-03T07:58:04.814398
2461133.833495371, A.D. 2026-Apr-03 08:00:14.0000,69.185634,-351089716.7495958,641257457.4450196,283413394.5600584,-11.83928871458306,-4.915901064683539,-1.818957057488219,2026-04-03T07:59:04.814435
2461133.834189815, A.D. 2026-Apr-03 08:01:14.0000,69.185634,-351090427.1052082,641257162.4912543,283413285.4227239,-11.83928090934695,-4.915911540659836,-1.818961649273882,2026-04-03T08:00:04.814391
2461133.834884259, A.D. 2026-Apr-03 08:02:14.0000,69.185634,-351091137.460351,641256867.5368613,283413176.2851143,-11.83927310596559,-4.915922012703787,-1.818966239209493,2026-04-03T08:01:04.814347
2461133.835578704, A.D. 2026-Apr-03 08:03:14.0000,69.185634,-351091847.815027,641256572.5818394,283413067.1472291,-11.83926530444939,-4.915932480820463,-1.818970827297635,2026-04-03T08:02:04.814384
2461133.836273148, A.D. 2026-Apr-03 08:04:14.0000,69.185634,-351092558.1692336,641256277.6261903,283412958.0090689,-11.83925750480881,-4.915942945014881,-1.818975413540869,2026-04-03T08:03:04.814380
2461133.836967593, A.D. 2026-Apr-03 08:05:14.0000,69.185634,-351093268.5229722,641255982.6699133,283412848.8706336,-11.83924970705423,-4.91595340529214,-1.818979997941795,2026-04-03T08:04:04.814417
2461133.837662037, A.D. 2026-Apr-03 08:06:14.0000,69.185634,-351093978.8762445,641255687.7130082,283412739.731923,-11.83924191119606,-4.915963861657367,-1.818984580503024,2026-04-03T08:05:04.814373
2461133.838356481, A.D. 2026-Apr-03 08:07:14.0000,69.185634,-351094689.2290477,641255392.7554765,283412630.5929378,-11.8392341172447,-4.915974314115644,-1.818989161227147,2026-04-03T08:06:04.814329
2461133.839050926, A.D. 2026-Apr-03 08:08:14.0000,69.185634,-351095399.5813847,641255097.7973171,283412521.4536777,-11.83922632521048,-4.915984762672164,-1.818993740116807,2026-04-03T08:07:04.814366
2461133.83974537, A.D. 2026-Apr-03 08:09:14.0000,69.185634,-351096109.9332528,641254802.8385317,283412412.3141429,-11.83921853510382,-4.91599520733206,-1.81899831717462,2026-04-03T08:08:04.814362
2461133.840439815, A.D. 2026-Apr-03 08:10:14.0000,69.185634,-351096820.284655,641254507.879119,283412303.1743335,-11.83921074693502,-4.916005648100569,-1.819002892403249,2026-04-03T08:09:04.814399
2461133.841134259, A.D. 2026-Apr-03 08:11:14.0000,69.185634,-351097530.6355885,641254212.9190805,283412194.0342497,-11.83920296071445,-4.916016084982872,-1.819007465805331,2026-04-03T08:10:04.814355
2461133.841828704, A.D. 2026-Apr-03 08:12:14.0000,69.185634,-351098240.9860564,641253917.9584154,283412084.8938914,-11.83919517645238,-4.916026517984251,-1.81901203738355,2026-04-03T08:11:04.814392
2461133.842523148, A.D. 2026-Apr-03 08:13:14.0000,69.185634,-351098951.3360558,641253622.997125,283411975.7532591,-11.83918739415918,-4.916036947109935,-1.819016607140567,2026-04-03T08:12:04.814348
2461133.843217593, A.D. 2026-Apr-03 08:14:14.0000,69.185634,-351099661.6855898,641253328.0352085,283411866.6123525,-11.83917961384508,-4.916047372365252,-1.819021175079089,2026-04-03T08:13:04.814425
2461133.843912037, A.D. 2026-Apr-03 08:15:14.0000,69.185634,-351100372.0346556,641253033.072667,283411757.471172,-11.83917183552041,-4.916057793755478,-1.819025741201797,2026-04-03T08:14:04.814381
2461133.844606481, A.D. 2026-Apr-03 08:16:14.0000,69.185634,-351101082.3832547,641252738.1095004,283411648.3297176,-11.83916405919542,-4.916068211285967,-1.81903030551141,2026-04-03T08:15:04.814337
2461133.845300926, A.D. 2026-Apr-03 08:17:14.0000,69.185634,-351101792.7313887,641252443.1457082,283411539.1879892,-11.83915628488033,-4.916078624962103,-1.819034868010657,2026-04-03T08:16:04.814374
2461133.84599537, A.D. 2026-Apr-03 08:18:14.0000,69.185634,-351102503.079055,641252148.1812922,283411430.0459873,-11.83914851258543,-4.916089034789225,-1.819039428702255,2026-04-03T08:17:04.814330
2461133.846689815, A.D. 2026-Apr-03 08:19:14.0000,69.185634,-351103213.4262564,641251853.2162508,283411320.9037117,-11.8391407423209,-4.91609944077278,-1.819043987588962,2026-04-03T08:18:04.814407
2461133.847384259, A.D. 2026-Apr-03 08:20:14.0000,69.185634,-351103923.7729902,641251558.2505859,283411211.7611627,-11.83913297409698,-4.916109842918158,-1.819048544673515,2026-04-03T08:19:04.814363
2461133.848078704, A.D. 2026-Apr-03 08:21:14.0000,69.185634,-351104634.1192594,641251263.2842963,283411102.6183403,-11.83912520792385,-4.916120241230852,-1.819053099958696,2026-04-03T08:20:04.814400
2461133.848773148, A.D. 2026-Apr-03 08:22:14.0000,69.185634,-351105344.4650612,641250968.3173836,283410993.4752446,-11.8391174438117,-4.916130635716294,-1.819057653447262,2026-04-03T08:21:04.814356
2461133.849467593, A.D. 2026-Apr-03 08:23:14.0000,69.185634,-351106054.8103988,641250673.3498467,283410884.3318757,-11.83910968177068,-4.916141026380025,-1.819062205142018,2026-04-03T08:22:04.814393
2461133.850162037, A.D. 2026-Apr-03 08:24:14.0000,69.185634,-351106765.1552692,641250378.3816872,283410775.1882339,-11.83910192181098,-4.916151413227524,-1.81906675504574,2026-04-03T08:23:04.814389
2461133.850856482, A.D. 2026-Apr-03 08:25:14.0000,69.185634,-351107475.4996755,641250083.4129038,283410666.044319,-11.83909416394269,-4.916161796264378,-1.819071303161256,2026-04-03T08:24:04.814426
2461133.851550926, A.D. 2026-Apr-03 08:26:14.0000,69.185634,-351108185.843615,641249788.4434981,283410556.9001315,-11.83908640817597,-4.91617217549611,-1.819075849491365,2026-04-03T08:25:04.814382
2461133.85224537, A.D. 2026-Apr-03 08:27:14.0000,69.185634,-351108896.1870906,641249493.4734694,283410447.755671,-11.83907865452091,-4.916182550928353,-1.819080394038912,2026-04-03T08:26:04.814338
2461133.852939815, A.D. 2026-Apr-03 08:28:14.0000,69.185634,-351109606.5300997,641249198.5028188,283410338.6109381,-11.83907090298763,-4.916192922566678,-1.819084936806722,2026-04-03T08:27:04.814375
2461133.853634259, A.D. 2026-Apr-03 08:29:14.0000,69.185634,-351110316.8726451,641248903.5315454,283410229.4659324,-11.83906315358617,-4.916203290416759,-1.819089477797659,2026-04-03T08:28:04.814371
2461133.854328704, A.D. 2026-Apr-03 08:30:14.0000,69.185634,-351111027.2147242,641248608.5596507,283410120.3206546,-11.83905540632663,-4.916213654484215,-1.819094017014568,2026-04-03T08:29:04.814408
2461133.855023148, A.D. 2026-Apr-03 08:31:14.0000,69.185634,-351111737.55634,641248313.5871335,283410011.1751043,-11.83904766121904,-4.916224014774768,-1.819098554460337,2026-04-03T08:30:04.814364
2461133.855717592, A.D. 2026-Apr-03 08:32:14.0000,69.185634,-351112447.8974898,641248018.6139956,283409902.029282,-11.83903991827345,-4.916234371294077,-1.81910309013783,2026-04-03T08:31:04.814320
2461133.856412037, A.D. 2026-Apr-03 08:33:14.0000,69.185634,-351113158.2381763,641247723.6402357,283409792.8831874,-11.83903217749985,-4.916244724047913,-1.819107624049956,2026-04-03T08:32:04.814357
2461133.857106482, A.D. 2026-Apr-03 08:34:14.0000,69.185634,-351113868.5783972,641247428.6658554,283409683.7368211,-11.83902443890829,-4.916255073041978,-1.819112156199602,2026-04-03T08:33:04.814434
2461133.857800926, A.D. 2026-Apr-03 08:35:14.0000,69.185634,-351114578.9181552,641247133.6908536,283409574.5901825,-11.83901670250871,-4.91626541828209,-1.819116686589698,2026-04-03T08:34:04.814390
2461133.85849537, A.D. 2026-Apr-03 08:36:14.0000,69.185634,-351115289.2574477,641246838.7152319,283409465.4432726,-11.83900896831112,-4.916275759773996,-1.81912121522315,2026-04-03T08:35:04.814346
2461133.859189815, A.D. 2026-Apr-03 08:37:14.0000,69.185634,-351115999.5962775,641246543.7389892,283409356.2960907,-11.83900123632545,-4.916286097523554,-1.819125742102909,2026-04-03T08:36:04.814383
2461133.859884259, A.D. 2026-Apr-03 08:38:14.0000,69.185634,-351116709.9346421,641246248.7621269,283409247.1486374,-11.83899350656167,-4.916296431536563,-1.819130267231903,2026-04-03T08:37:04.814339
2461133.860578704, A.D. 2026-Apr-03 08:39:14.0000,69.185634,-351117420.2725444,641245953.7846441,283409138.0009125,-11.83898577902968,-4.916306761818922,-1.819134790613105,2026-04-03T08:38:04.814416
2461133.861273148, A.D. 2026-Apr-03 08:40:14.0000,69.185634,-351118130.6099818,641245658.8065422,283409028.8529164,-11.83897805373942,-4.916317088376474,-1.819139312249462,2026-04-03T08:39:04.814372
2461133.861967593, A.D. 2026-Apr-03 08:41:14.0000,69.185634,-351118840.9469557,641245363.8278208,283408919.7046492,-11.83897033070076,-4.916327411215144,-1.819143832143958,2026-04-03T08:40:04.814409
2461133.862662037, A.D. 2026-Apr-03 08:42:14.0000,69.185634,-351119551.2834677,641245068.8484796,283408810.5561105,-11.83896260992357,-4.916337730340878,-1.81914835029959,2026-04-03T08:41:04.814365
2461133.863356481, A.D. 2026-Apr-03 08:43:14.0000,69.185634,-351120261.619515,641244773.8685199,283408701.4073011,-11.83895489141774,-4.916348045759587,-1.819152866719334,2026-04-03T08:42:04.814321
2461133.864050926, A.D. 2026-Apr-03 08:44:14.0000,69.185634,-351120971.9551008,641244478.8879408,283408592.2582205,-11.83894717519309,-4.91635835747728,-1.819157381406217,2026-04-03T08:43:04.814398
2461133.864745371, A.D. 2026-Apr-03 08:45:14.0000,69.185634,-351121682.2902222,641244183.9067436,283408483.1088692,-11.83893946125948,-4.916368665499914,-1.819161894363238,2026-04-03T08:44:04.814435
2461133.865439815, A.D. 2026-Apr-03 08:46:14.0000,69.185634,-351122392.6248823,641243888.9249277,283408373.9592471,-11.83893174962669,-4.916378969833541,-1.81916640559344,2026-04-03T08:45:04.814391
2461133.866134259, A.D. 2026-Apr-03 08:47:14.0000,69.185634,-351123102.9590783,641243593.942494,283408264.8093545,-11.83892404030455,-4.916389270484159,-1.819170915099845,2026-04-03T08:46:04.814347
2461133.866828704, A.D. 2026-Apr-03 08:48:14.0000,69.185634,-351123813.2928133,641243298.9594419,283408155.6591911,-11.8389163333028,-4.916399567457869,-1.819175422885517,2026-04-03T08:47:04.814384
2461133.867523148, A.D. 2026-Apr-03 08:49:14.0000,69.185634,-351124523.6260859,641243003.9757721,283408046.5087574,-11.83890862863123,-4.916409860760731,-1.819179928953506,2026-04-03T08:48:04.814380
2461133.868217593, A.D. 2026-Apr-03 08:50:14.0000,69.185634,-351125233.9588949,641242708.9914855,283407937.3580536,-11.8389009262996,-4.916420150398828,-1.819184433306871,2026-04-03T08:49:04.814417
2461133.868912037, A.D. 2026-Apr-03 08:51:14.0000,69.185634,-351125944.2912433,641242414.0065808,283407828.2070794,-11.8388932263176,-4.916430436378325,-1.819188935948707,2026-04-03T08:50:04.814373
2461133.869606481, A.D. 2026-Apr-03 08:52:14.0000,69.185634,-351126654.6231283,641242119.0210599,283407719.0558352,-11.83888552869499,-4.916440718705328,-1.819193436882086,2026-04-03T08:51:04.814329
2461133.870300926, A.D. 2026-Apr-03 08:53:14.0000,69.185634,-351127364.9545529,641241824.0349213,283407609.9043209,-11.83887783344141,-4.916450997386045,-1.819197936110123,2026-04-03T08:52:04.814366
2461133.87099537, A.D. 2026-Apr-03 08:54:14.0000,69.185634,-351128075.2855145,641241529.0481669,283407500.7525369,-11.83887014056659,-4.916461272426627,-1.819202433635909,2026-04-03T08:53:04.814362
2461133.871689815, A.D. 2026-Apr-03 08:55:14.0000,69.185634,-351128785.616016,641241234.0607954,283407391.6004828,-11.83886245008015,-4.916471543833324,-1.819206929462581,2026-04-03T08:54:04.814399
2461133.872384259, A.D. 2026-Apr-03 08:56:14.0000,69.185634,-351129495.9460547,641240939.0728083,283407282.4481593,-11.83885476199176,-4.91648181161233,-1.819211423593249,2026-04-03T08:55:04.814355
2461133.873078704, A.D. 2026-Apr-03 08:57:14.0000,69.185634,-351130206.2756336,641240644.0842048,283407173.2955658,-11.83884707631102,-4.916492075769939,-1.819215916031069,2026-04-03T08:56:04.814392
2461133.873773148, A.D. 2026-Apr-03 08:58:14.0000,69.185634,-351130916.60475,641240349.0949861,283407064.1427032,-11.83883939304758,-4.916502336312386,-1.819220406779171,2026-04-03T08:57:04.814348
2461133.874467593, A.D. 2026-Apr-03 08:59:14.0000,69.185634,-351131626.9334069,641240054.1051512,283406954.989571,-11.83883171221098,-4.91651259324601,-1.819224895840733,2026-04-03T08:58:04.814425
2461133.875162037, A.D. 2026-Apr-03 09:00:14.0000,69.185634,-351132337.2616017,641239759.1147016,283406845.8361697,-11.83882403381083,-4.916522846577087,-1.819229383218904,2026-04-03T08:59:04.814381
2461133.875856481, A.D. 2026-Apr-03 09:01:14.0000,69.185634,-351133047.5893372,641239464.1236364,283406736.682499,-11.83881635785665,-4.916533096311998,-1.819233868916879,2026-04-03T09:00:04.814337
2461133.876550926, A.D. 2026-Apr-03 09:02:14.0000,69.185634,-351133757.9166108,641239169.1319568,283406627.5285594,-11.83880868435801,-4.916543342457063,-1.81923835293783,2026-04-03T09:01:04.814374
2461133.87724537, A.D. 2026-Apr-03 09:03:14.0000,69.185634,-351134468.2434255,641238874.139662,283406518.3743506,-11.8388010133244,-4.916553585018706,-1.819242835284971,2026-04-03T09:02:04.814330
2461133.877939815, A.D. 2026-Apr-03 09:04:14.0000,69.185634,-351135178.5697787,641238579.1467534,283406409.2198731,-11.83879334476534,-4.916563824003286,-1.819247315961493,2026-04-03T09:03:04.814407
2461133.878634259, A.D. 2026-Apr-03 09:05:14.0000,69.185634,-351135888.8956732,641238284.15323,283406300.0651266,-11.83878567869029,-4.916574059417272,-1.81925179497063,2026-04-03T09:04:04.814363
2461133.879328704, A.D. 2026-Apr-03 09:06:14.0000,69.185634,-351136599.2211063,641237989.1590931,283406190.9101116,-11.83877801510874,-4.916584291267065,-1.819256272315591,2026-04-03T09:05:04.814400
2461133.880023148, A.D. 2026-Apr-03 09:07:14.0000,69.185634,-351137309.5460812,641237694.1643418,283406081.7548279,-11.8387703540301,-4.916594519559172,-1.819260747999631,2026-04-03T09:06:04.814356
2461133.880717593, A.D. 2026-Apr-03 09:08:14.0000,69.185634,-351138019.870595,641237399.1689774,283405972.5992758,-11.83876269546382,-4.916604744300043,-1.819265222025978,2026-04-03T09:07:04.814393
2461133.881412037, A.D. 2026-Apr-03 09:09:14.0000,69.185634,-351138730.1946509,641237104.1729993,283405863.4434552,-11.83875503941929,-4.916614965496221,-1.819269694397904,2026-04-03T09:08:04.814389
2461133.882106482, A.D. 2026-Apr-03 09:10:14.0000,69.185634,-351139440.5182459,641236809.1764084,283405754.2873664,-11.83874738590591,-4.916625183154195,-1.81927416511866,2026-04-03T09:09:04.814426
2461133.882800926, A.D. 2026-Apr-03 09:11:14.0000,69.185634,-351140150.8413834,641236514.1792041,283405645.1310093,-11.83873973493303,-4.916635397280556,-1.819278634191536,2026-04-03T09:10:04.814382
2461133.88349537, A.D. 2026-Apr-03 09:12:14.0000,69.185634,-351140861.1640604,641236219.1813875,283405535.9743843,-11.83873208651002,-4.916645607881832,-1.819283101619801,2026-04-03T09:11:04.814338
2461133.884189815, A.D. 2026-Apr-03 09:13:14.0000,69.185634,-351141571.48628,641235924.1829579,283405426.8174911,-11.83872444064618,-4.916655814964652,-1.819287567406764,2026-04-03T09:12:04.814375
2461133.884884259, A.D. 2026-Apr-03 09:14:14.0000,69.185634,-351142281.8080409,641235629.183916,283405317.6603299,-11.83871679735083,-4.916666018535608,-1.819292031555721,2026-04-03T09:13:04.814371
2461133.885578704, A.D. 2026-Apr-03 09:15:14.0000,69.185634,-351142992.1293419,641235334.1842624,283405208.5029012,-11.83870915663327,-4.91667621860131,-1.819296494069976,2026-04-03T09:14:04.814408
2461133.886273148, A.D. 2026-Apr-03 09:16:14.0000,69.185634,-351143702.450186,641235039.1839966,283405099.3452046,-11.83870151850276,-4.916686415168449,-1.819300954952869,2026-04-03T09:15:04.814364
2461133.886967592, A.D. 2026-Apr-03 09:17:14.0000,69.185634,-351144412.7705703,641234744.1831194,283404990.1872406,-11.83869388296856,-4.916696608243657,-1.819305414207713,2026-04-03T09:16:04.814320
2461133.887662037, A.D. 2026-Apr-03 09:18:14.0000,69.185634,-351145123.0904981,641234449.1816304,283404881.0290088,-11.83868625003987,-4.916706797833666,-1.819309871837869,2026-04-03T09:17:04.814357
2461133.888356482, A.D. 2026-Apr-03 09:19:14.0000,69.185634,-351145833.4099666,641234154.1795305,283404771.8705099,-11.83867861972594,-4.916716983945145,-1.819314327846667,2026-04-03T09:18:04.814434
2461133.889050926, A.D. 2026-Apr-03 09:20:14.0000,69.185634,-351146543.7289787,641233859.1768191,283404662.7117435,-11.83867099203592,-4.916727166584869,-1.819318782237484,2026-04-03T09:19:04.814390
2461133.88974537, A.D. 2026-Apr-03 09:21:14.0000,69.185634,-351147254.0475319,641233564.1734973,283404553.55271,-11.83866336697901,-4.916737345759548,-1.819323235013673,2026-04-03T09:20:04.814346
2461133.890439815, A.D. 2026-Apr-03 09:22:14.0000,69.185634,-351147964.365629,641233269.1695645,283404444.3934093,-11.83865574456432,-4.916747521475992,-1.819327686178628,2026-04-03T09:21:04.814383
2461133.891134259, A.D. 2026-Apr-03 09:23:14.0000,69.185634,-351148674.6832675,641232974.1650217,283404335.2338416,-11.83864812480102,-4.916757693740956,-1.819332135735718,2026-04-03T09:22:04.814339
2461133.891828704, A.D. 2026-Apr-03 09:24:14.0000,69.185634,-351149385.0004503,641232679.159868,283404226.0740069,-11.83864050769817,-4.916767862561287,-1.819336583688358,2026-04-03T09:23:04.814416
2461133.892523148, A.D. 2026-Apr-03 09:25:14.0000,69.185634,-351150095.3171747,641232384.154105,283404116.9139056,-11.8386328932649,-4.916778027943779,-1.819341030039935,2026-04-03T09:24:04.814372
2461133.893217593, A.D. 2026-Apr-03 09:26:14.0000,69.185634,-351150805.6334437,641232089.1477315,283404007.7535372,-11.83862528151024,-4.916788189895322,-1.819345474793881,2026-04-03T09:25:04.814409
2461133.893912037, A.D. 2026-Apr-03 09:27:14.0000,69.185634,-351151515.9492561,641231794.1407484,283403898.5929024,-11.83861767244324,-4.916798348422763,-1.819349917953609,2026-04-03T09:26:04.814365
2461133.894606481, A.D. 2026-Apr-03 09:28:14.0000,69.185634,-351152226.2646106,641231499.1331565,283403789.4320011,-11.83861006607294,-4.916808503532977,-1.819354359522543,2026-04-03T09:27:04.814321
2461133.895300926, A.D. 2026-Apr-03 09:29:14.0000,69.185634,-351152936.5795103,641231204.1249548,283403680.2708331,-11.83860246240831,-4.916818655232906,-1.819358799504142,2026-04-03T09:28:04.814398
2461133.895995371, A.D. 2026-Apr-03 09:30:14.0000,69.185634,-351153646.8939524,641230909.1161447,283403571.1093991,-11.83859486145835,-4.916828803529444,-1.819363237901838,2026-04-03T09:29:04.814435
2461133.896689815, A.D. 2026-Apr-03 09:31:14.0000,69.185634,-351154357.2079399,641230614.1067252,283403461.9476986,-11.838587263232,-4.916838948429574,-1.819367674719107,2026-04-03T09:30:04.814391
2461133.897384259, A.D. 2026-Apr-03 09:32:14.0000,69.185634,-351155067.5214703,641230319.0966977,283403352.7857322,-11.83857966773821,-4.916849089940225,-1.819372109959399,2026-04-03T09:31:04.814347
2461133.898078704, A.D. 2026-Apr-03 09:33:14.0000,69.185634,-351155777.8345464,641230024.0860612,283403243.6234994,-11.83857207498587,-4.916859228068422,-1.819376543626208,2026-04-03T09:32:04.814384
2461133.898773148, A.D. 2026-Apr-03 09:34:14.0000,69.185634,-351156488.1471655,641229729.0748173,283403134.4610009,-11.83856448498389,-4.91686936282113,-1.819380975723002,2026-04-03T09:33:04.814380
2461133.899467593, A.D. 2026-Apr-03 09:35:14.0000,69.185634,-351157198.4593308,641229434.0629646,283403025.2982363,-11.83855689774112,-4.916879494205409,-1.81938540625329,2026-04-03T09:34:04.814417
2461133.900162037, A.D. 2026-Apr-03 09:36:14.0000,69.185634,-351157908.7710395,641229139.0505048,283402916.1352061,-11.83854931326643,-4.916889622228265,-1.819389835220559,2026-04-03T09:35:04.814373
2461133.900856481, A.D. 2026-Apr-03 09:37:14.0000,69.185634,-351158619.0822946,641228844.0374368,283402806.97191,-11.8385417315686,-4.916899746896799,-1.819394262628335,2026-04-03T09:36:04.814329
2461133.901550926, A.D. 2026-Apr-03 09:38:14.0000,69.185634,-351159329.393095,641228549.0237614,283402697.8083484,-11.83853415265645,-4.916909868218065,-1.819398688480131,2026-04-03T09:37:04.814366
2461133.90224537, A.D. 2026-Apr-03 09:39:14.0000,69.185634,-351160039.7034392,641228254.0094795,283402588.6445214,-11.83852657653878,-4.916919986199147,-1.819403112779464,2026-04-03T09:38:04.814362
2461133.902939815, A.D. 2026-Apr-03 09:40:14.0000,69.185634,-351160750.0133305,641227958.9945899,283402479.4804288,-11.8385190032243,-4.916930100847201,-1.819407535529888,2026-04-03T09:39:04.814399
2461133.903634259, A.D. 2026-Apr-03 09:41:14.0000,69.185634,-351161460.3227659,641227663.9790943,283402370.3160711,-11.83851143272177,-4.916940212169318,-1.819411956734931,2026-04-03T09:40:04.814355
2461133.904328704, A.D. 2026-Apr-03 09:42:14.0000,69.185634,-351162170.6317487,641227368.9629914,283402261.151448,-11.83850386503987,-4.916950320172695,-1.819416376398163,2026-04-03T09:41:04.814392
2461133.905023148, A.D. 2026-Apr-03 09:43:14.0000,69.185634,-351162880.9402761,641227073.9462826,283402151.9865599,-11.83849630018731,-4.91696042486446,-1.819420794523128,2026-04-03T09:42:04.814348
2461133.905717593, A.D. 2026-Apr-03 09:44:14.0000,69.185634,-351163591.248351,641226778.9289672,283402042.8214066,-11.83848873817272,-4.916970526251847,-1.819425211113413,2026-04-03T09:43:04.814425
2461133.906412037, A.D. 2026-Apr-03 09:45:14.0000,69.185634,-351164301.5559709,641226483.9110464,283401933.6559886,-11.83848117900475,-4.916980624342019,-1.819429626172577,2026-04-03T09:44:04.814381
2461133.907106481, A.D. 2026-Apr-03 09:46:14.0000,69.185634,-351165011.8631387,641226188.8925191,283401824.4903054,-11.83847362269201,-4.916990719142244,-1.819434039704225,2026-04-03T09:45:04.814337
2461133.907800926, A.D. 2026-Apr-03 09:47:14.0000,69.185634,-351165722.1698534,641225893.8733864,283401715.3243576,-11.83846606924307,-4.917000810659744,-1.819438451711942,2026-04-03T09:46:04.814374
2461133.90849537, A.D. 2026-Apr-03 09:48:14.0000,69.185634,-351166432.4761134,641225598.8536488,283401606.1581452,-11.83845851866652,-4.917010898901759,-1.81944286219932,2026-04-03T09:47:04.814330
2461133.909189815, A.D. 2026-Apr-03 09:49:14.0000,69.185634,-351167142.7819219,641225303.8333054,283401496.9916681,-11.83845097097086,-4.917020983875608,-1.819447271169989,2026-04-03T09:48:04.814407
2461133.909884259, A.D. 2026-Apr-03 09:50:14.0000,69.185634,-351167853.0872762,641225008.8123575,283401387.8249267,-11.83844342616464,-4.917031065588551,-1.819451678627547,2026-04-03T09:49:04.814363
2461133.910578704, A.D. 2026-Apr-03 09:51:14.0000,69.185634,-351168563.3921794,641224713.7908044,283401278.6579207,-11.83843588425631,-4.917041144047936,-1.819456084575639,2026-04-03T09:50:04.814400
2461133.911273148, A.D. 2026-Apr-03 09:52:14.0000,69.185634,-351169273.6966286,641224418.7686473,283401169.4906505,-11.83842834525436,-4.917051219261055,-1.819460489017881,2026-04-03T09:51:04.814356
2461133.911967593, A.D. 2026-Apr-03 09:53:14.0000,69.185634,-351169984.000627,641224123.745885,283401060.323116,-11.83842080916721,-4.9170612912353,-1.819464891957931,2026-04-03T09:52:04.814393
2461133.912662037, A.D. 2026-Apr-03 09:54:14.0000,69.185634,-351170694.3041735,641223828.7225186,283400951.1553173,-11.83841327600326,-4.917071359978012,-1.819469293399432,2026-04-03T09:53:04.814389
2461133.913356482, A.D. 2026-Apr-03 09:55:14.0000,69.185634,-351171404.6072665,641223533.6985487,283400841.9872547,-11.83840574577094,-4.917081425496553,-1.819473693346031,2026-04-03T09:54:04.814426
2461133.914050926, A.D. 2026-Apr-03 09:56:14.0000,69.185634,-351172114.9099092,641223238.6739745,283400732.8189281,-11.83839821847855,-4.917091487798364,-1.81947809180141,2026-04-03T09:55:04.814382
2461133.91474537, A.D. 2026-Apr-03 09:57:14.0000,69.185634,-351172825.212099,641222943.648797,283400623.6503377,-11.83839069413448,-4.917101546890819,-1.819482488769224,2026-04-03T09:56:04.814338
2461133.915439815, A.D. 2026-Apr-03 09:58:14.0000,69.185634,-351173535.5138389,641222648.6230158,283400514.4814834,-11.83838317274699,-4.917111602781391,-1.819486884253172,2026-04-03T09:57:04.814375
2461133.916134259, A.D. 2026-Apr-03 09:59:14.0000,69.185634,-351174245.8151261,641222353.5966316,283400405.3123657,-11.83837565432439,-4.917121655477493,-1.819491278256921,2026-04-03T09:58:04.814371
2461133.916828704, A.D. 2026-Apr-03 10:00:14.0000,69.185634,-351174956.1159637,641222058.569644,283400296.142984,-11.8383681388749,-4.917131704986625,-1.819495670784185,2026-04-03T09:59:04.814408
2461133.917523148, A.D. 2026-Apr-03 10:01:14.0000,69.185634,-351175666.4163491,641221763.5420539,283400186.9733391,-11.8383606264068,-4.917141751316232,-1.81950006183865,2026-04-03T10:00:04.814364
2461133.918217592, A.D. 2026-Apr-03 10:02:14.0000,69.185634,-351176376.7162852,641221468.5138607,283400077.8034306,-11.83835311692824,-4.917151794473851,-1.819504451424041,2026-04-03T10:01:04.814320
2461133.918912037, A.D. 2026-Apr-03 10:03:14.0000,69.185634,-351177087.0157709,641221173.485065,283399968.6332587,-11.83834561044741,-4.917161834466977,-1.819508839544067,2026-04-03T10:02:04.814357
2461133.919606482, A.D. 2026-Apr-03 10:04:14.0000,69.185634,-351177797.3148049,641220878.4556675,283399859.4628239,-11.83833810697248,-4.917171871303121,-1.819513226202442,2026-04-03T10:03:04.814434
2461133.920300926, A.D. 2026-Apr-03 10:05:14.0000,69.185634,-351178507.61339,641220583.4256674,283399750.2921256,-11.83833060651153,-4.917181904989868,-1.819517611402917,2026-04-03T10:04:04.814390
2461133.92099537, A.D. 2026-Apr-03 10:06:14.0000,69.185634,-351179217.9115239,641220288.3950658,283399641.1211645,-11.83832310907268,-4.917191935534741,-1.819521995149211,2026-04-03T10:05:04.814346
2461133.921689815, A.D. 2026-Apr-03 10:07:14.0000,69.185634,-351179928.2092094,641219993.3638619,283399531.9499402,-11.83831561466397,-4.917201962945358,-1.819526377445088,2026-04-03T10:06:04.814383
2461133.922384259, A.D. 2026-Apr-03 10:08:14.0000,69.185634,-351180638.506444,641219698.3320572,283399422.7784532,-11.83830812329346,-4.917211987229271,-1.819530758294281,2026-04-03T10:07:04.814339
2461133.923078704, A.D. 2026-Apr-03 10:09:14.0000,69.185634,-351181348.8032306,641219403.2996504,283399313.6067032,-11.83830063496913,-4.91722200839413,-1.819535137700569,2026-04-03T10:08:04.814416
2461133.923773148, A.D. 2026-Apr-03 10:10:14.0000,69.185634,-351182059.099568,641219108.2666425,283399204.4346905,-11.83829314969897,-4.917232026447538,-1.819539515667707,2026-04-03T10:09:04.814372
2461133.924467593, A.D. 2026-Apr-03 10:11:14.0000,69.185634,-351182769.3954549,641218813.2330343,283399095.2624153,-11.83828566749094,-4.917242041397115,-1.81954389219946,2026-04-03T10:10:04.814409
2461133.925162037, A.D. 2026-Apr-03 10:12:14.0000,69.185634,-351183479.6908944,641218518.1988245,283398986.0898774,-11.83827818835294,-4.917252053250555,-1.819548267299625,2026-04-03T10:11:04.814365
2461133.925856481, A.D. 2026-Apr-03 10:13:14.0000,69.185634,-351184189.9858838,641218223.1640147,283398876.9170773,-11.83827071229288,-4.917262062015488,-1.819552640971972,2026-04-03T10:12:04.814321
2461133.926550926, A.D. 2026-Apr-03 10:14:14.0000,69.185634,-351184900.2804263,641217928.128604,283398767.7440146,-11.83826323931861,-4.917272067699637,-1.819557013220308,2026-04-03T10:13:04.814398
2461133.927245371, A.D. 2026-Apr-03 10:15:14.0000,69.185634,-351185610.5745203,641217633.0925931,283398658.5706895,-11.83825576943795,-4.917282070310681,-1.819561384048427,2026-04-03T10:14:04.814435
2461133.927939815, A.D. 2026-Apr-03 10:16:14.0000,69.185634,-351186320.868165,641217338.0559826,283398549.3971025,-11.83824830265874,-4.917292069856313,-1.819565753460124,2026-04-03T10:15:04.814391
2461133.928634259, A.D. 2026-Apr-03 10:17:14.0000,69.185634,-351187031.161363,641217043.0187715,283398440.2232531,-11.83824083898872,-4.917302066344301,-1.819570121459229,2026-04-03T10:16:04.814347
2461133.929328704, A.D. 2026-Apr-03 10:18:14.0000,69.185634,-351187741.454112,641216747.9809614,283398331.0491419,-11.83823337843566,-4.917312059782349,-1.819574488049543,2026-04-03T10:17:04.814384
2461133.930023148, A.D. 2026-Apr-03 10:19:14.0000,69.185634,-351188451.7464148,641216452.9425513,283398221.8747686,-11.83822592100724,-4.917322050178249,-1.819578853234908,2026-04-03T10:18:04.814380
2461133.930717593, A.D. 2026-Apr-03 10:20:14.0000,69.185634,-351189162.0382689,641216157.9035425,283398112.7001336,-11.83821846671118,-4.917332037539735,-1.819583217019139,2026-04-03T10:19:04.814417
2461133.931412037, A.D. 2026-Apr-03 10:21:14.0000,69.185634,-351189872.3296772,641215862.8639338,283398003.5252365,-11.83821101555509,-4.917342021874627,-1.819587579406088,2026-04-03T10:20:04.814373
2461133.932106481, A.D. 2026-Apr-03 10:22:14.0000,69.185634,-351190582.6206385,641215567.8237262,283397894.3500779,-11.83820356754661,-4.917352003190707,-1.81959194039959,2026-04-03T10:21:04.814329
2461133.932800926, A.D. 2026-Apr-03 10:23:14.0000,69.185634,-351191292.9111516,641215272.7829205,283397785.1746578,-11.83819612269335,-4.917361981495764,-1.819596300003487,2026-04-03T10:22:04.814366
2461133.93349537, A.D. 2026-Apr-03 10:24:14.0000,69.185634,-351192003.2012196,641214977.7415154,283397675.9989759,-11.83818868100283,-4.917371956797663,-1.81960065822165,2026-04-03T10:23:04.814362
2461133.934189815, A.D. 2026-Apr-03 10:25:14.0000,69.185634,-351192713.4908397,641214682.6995126,283397566.8230328,-11.8381812424826,-4.917381929104202,-1.819605015057922,2026-04-03T10:24:04.814399
2461133.934884259, A.D. 2026-Apr-03 10:26:14.0000,69.185634,-351193423.7800151,641214387.6569108,283397457.6468281,-11.83817380714014,-4.917391898423271,-1.819609370516188,2026-04-03T10:25:04.814355
2461133.935578704, A.D. 2026-Apr-03 10:27:14.0000,69.185634,-351194134.068743,641214092.6137117,283397348.4703623,-11.83816637498294,-4.917401864762697,-1.819613724600301,2026-04-03T10:26:04.814392
2461133.936273148, A.D. 2026-Apr-03 10:28:14.0000,69.185634,-351194844.3570265,641213797.5699141,283397239.2936352,-11.83815894601839,-4.917411828130397,-1.819618077314159,2026-04-03T10:27:04.814348
2461133.936967593, A.D. 2026-Apr-03 10:29:14.0000,69.185634,-351195554.6448643,641213502.5255187,283397130.1166468,-11.83815152025391,-4.917421788534237,-1.819622428661634,2026-04-03T10:28:04.814425
2461133.937662037, A.D. 2026-Apr-03 10:30:14.0000,69.185634,-351196264.9322553,641213207.4805263,283397020.9393978,-11.83814409769686,-4.917431745982102,-1.819626778646608,2026-04-03T10:29:04.814381
2461133.938356481, A.D. 2026-Apr-03 10:31:14.0000,69.185634,-351196975.2192025,641212912.4349362,283396911.7618875,-11.83813667835457,-4.917441700481949,-1.819631127272991,2026-04-03T10:30:04.814337
2461133.939050926, A.D. 2026-Apr-03 10:32:14.0000,69.185634,-351197685.505703,641212617.3887494,283396802.5841165,-11.83812926223435,-4.91745165204166,-1.819635474544666,2026-04-03T10:31:04.814374
2461133.93974537, A.D. 2026-Apr-03 10:33:14.0000,69.185634,-351198395.7917603,641212322.341965,283396693.4060846,-11.83812184934345,-4.91746160066922,-1.819639820465556,2026-04-03T10:32:04.814330
2461133.940439815, A.D. 2026-Apr-03 10:34:14.0000,69.185634,-351199106.0773728,641212027.2945837,283396584.2277919,-11.83811443968909,-4.917471546372554,-1.81964416503956,2026-04-03T10:33:04.814407
2461133.941134259, A.D. 2026-Apr-03 10:35:14.0000,69.185634,-351199816.3625394,641211732.2466063,283396475.0492388,-11.8381070332785,-4.917481489159609,-1.819648508270585,2026-04-03T10:34:04.814363
2461133.941828704, A.D. 2026-Apr-03 10:36:14.0000,69.185634,-351200526.6472632,641211437.198032,283396365.8704249,-11.83809963011881,-4.917491429038399,-1.819652850162569,2026-04-03T10:35:04.814400
2461133.942523148, A.D. 2026-Apr-03 10:37:14.0000,69.185634,-351201236.9315414,641211142.1488618,283396256.6913508,-11.83809223021718,-4.91750136601687,-1.819657190719418,2026-04-03T10:36:04.814356
2461133.943217593, A.D. 2026-Apr-03 10:38:14.0000,69.185634,-351201947.2153772,641210847.0990951,283396147.5120161,-11.83808483358067,-4.917511300103055,-1.819661529945081,2026-04-03T10:37:04.814393
2461133.943912037, A.D. 2026-Apr-03 10:39:14.0000,69.185634,-351202657.4987693,641210552.0487323,283396038.3324211,-11.83807744021634,-4.917521231304948,-1.819665867843481,2026-04-03T10:38:04.814389
2461133.944606482, A.D. 2026-Apr-03 10:40:14.0000,69.185634,-351203367.7817165,641210256.9977742,283395929.152566,-11.83807005013125,-4.917531159630547,-1.819670204418551,2026-04-03T10:39:04.814426
2461133.945300926, A.D. 2026-Apr-03 10:41:14.0000,69.185634,-351204078.0642217,641209961.94622,283395819.9724506,-11.83806266333235,-4.917541085087921,-1.81967453967425,2026-04-03T10:40:04.814382
2461133.94599537, A.D. 2026-Apr-03 10:42:14.0000,69.185634,-351204788.3462825,641209666.8940711,283395710.7920753,-11.83805527982661,-4.917551007685071,-1.819678873614509,2026-04-03T10:41:04.814338
2461133.946689815, A.D. 2026-Apr-03 10:43:14.0000,69.185634,-351205498.6279017,641209371.8413262,283395601.6114398,-11.83804789962092,-4.917560927430086,-1.819683206243298,2026-04-03T10:42:04.814375
2461133.947384259, A.D. 2026-Apr-03 10:44:14.0000,69.185634,-351206208.9090769,641209076.7879869,283395492.4305446,-11.8380405227222,-4.917570844330994,-1.819687537564556,2026-04-03T10:43:04.814371
2461133.948078704, A.D. 2026-Apr-03 10:45:14.0000,69.185634,-351206919.1898109,641208781.734052,283395383.2493893,-11.83803314913725,-4.917580758395898,-1.819691867582262,2026-04-03T10:44:04.814408
2461133.948773148, A.D. 2026-Apr-03 10:46:14.0000,69.185634,-351207629.4701026,641208486.6795223,283395274.0679743,-11.8380257788729,-4.917590669632864,-1.819696196300371,2026-04-03T10:45:04.814364
2461133.949467592, A.D. 2026-Apr-03 10:47:14.0000,69.185634,-351208339.7499508,641208191.6243986,283395164.8862998,-11.83801841193593,-4.917600578049965,-1.819700523722844,2026-04-03T10:46:04.814320
2461133.950162037, A.D. 2026-Apr-03 10:48:14.0000,69.185634,-351209050.0293584,641207896.5686799,283395055.7043655,-11.83801104833303,-4.917610483655337,-1.819704849853671,2026-04-03T10:47:04.814357
2461133.950856482, A.D. 2026-Apr-03 10:49:14.0000,69.185634,-351209760.308323,641207601.5123676,283394946.5221719,-11.83800368807094,-4.917620386457054,-1.819709174696811,2026-04-03T10:48:04.814434
2461133.951550926, A.D. 2026-Apr-03 10:50:14.0000,69.185634,-351210470.5868474,641207306.4554605,283394837.3397186,-11.83799633115627,-4.917630286463273,-1.819713498256263,2026-04-03T10:49:04.814390
2461133.95224537, A.D. 2026-Apr-03 10:51:14.0000,69.185634,-351211180.8649305,641207011.3979596,283394728.157006,-11.83798897759566,-4.917640183682104,-1.819717820536001,2026-04-03T10:50:04.814346
2461133.952939815, A.D. 2026-Apr-03 10:52:14.0000,69.185634,-351211891.1425712,641206716.3398654,283394618.9740341,-11.83798162739571,-4.91765007812166,-1.819722141540006,2026-04-03T10:51:04.814383
2461133.953634259, A.D. 2026-Apr-03 10:53:14.0000,69.185634,-351212601.4197723,641206421.2811773,283394509.790803,-11.83797428056292,-4.917659969790131,-1.819726461272285,2026-04-03T10:52:04.814339
2461133.954328704, A.D. 2026-Apr-03 10:54:14.0000,69.185634,-351213311.6965312,641206126.2218963,283394400.6073129,-11.83796693710381,-4.917669858695631,-1.819730779736815,2026-04-03T10:53:04.814416
2461133.955023148, A.D. 2026-Apr-03 10:55:14.0000,69.185634,-351214021.9728512,641205831.1620213,283394291.4235635,-11.83795959702484,-4.917679744846361,-1.819735096937612,2026-04-03T10:54:04.814372
2461133.955717593, A.D. 2026-Apr-03 10:56:14.0000,69.185634,-351214732.2487307,641205536.1015533,283394182.2395551,-11.83795226033242,-4.91768962825047,-1.819739412878667,2026-04-03T10:55:04.814409
2461133.956412037, A.D. 2026-Apr-03 10:57:14.0000,69.185634,-351215442.5241688,641205241.0404929,283394073.055288,-11.83794492703296,-4.917699508916117,-1.819743727563976,2026-04-03T10:56:04.814365
2461133.957106481, A.D. 2026-Apr-03 10:58:14.0000,69.185634,-351216152.7991684,641204945.9788393,283393963.8707618,-11.83793759713276,-4.917709386851528,-1.819748040997564,2026-04-03T10:57:04.814321
2461133.957800926, A.D. 2026-Apr-03 10:59:14.0000,69.185634,-351216863.0737269,641204650.9165936,283393854.6859771,-11.83793027063816,-4.917719262064857,-1.819752353183423,2026-04-03T10:58:04.814398
2461133.958495371, A.D. 2026-Apr-03 11:00:14.0000,69.185634,-351217573.3478473,641204355.8537548,283393745.5009335,-11.83792294755538,-4.917729134564343,-1.819756664125581,2026-04-03T10:59:04.814435
2461133.959189815, A.D. 2026-Apr-03 11:01:14.0000,69.185634,-351218283.6215285,641204060.7903239,283393636.3156313,-11.83791562789067,-4.917739004358173,-1.819760973828046,2026-04-03T11:00:04.814391
2461133.959884259, A.D. 2026-Apr-03 11:02:14.0000,69.185634,-351218993.8947691,641203765.7263014,283393527.1300707,-11.8379083116502,-4.917748871454541,-1.819765282294828,2026-04-03T11:01:04.814347
2461133.960578704, A.D. 2026-Apr-03 11:03:14.0000,69.185634,-351219704.1675723,641203470.6616864,283393417.9442515,-11.83790099884009,-4.917758735861709,-1.819769589529963,2026-04-03T11:02:04.814384
2461133.961273148, A.D. 2026-Apr-03 11:04:14.0000,69.185634,-351220414.4399354,641203175.5964801,283393308.7581741,-11.83789368946646,-4.917768597587864,-1.819773895537456,2026-04-03T11:03:04.814380
2461133.961967593, A.D. 2026-Apr-03 11:05:14.0000,69.185634,-351221124.7118615,641202880.5306817,283393199.5718381,-11.83788638353532,-4.917778456641277,-1.81977820032135,2026-04-03T11:04:04.814417
2461133.962662037, A.D. 2026-Apr-03 11:06:14.0000,69.185634,-351221834.9833493,641202585.4642918,283393090.3852438,-11.8378790810527,-4.91778831303017,-1.819782503885663,2026-04-03T11:05:04.814373
2461133.963356481, A.D. 2026-Apr-03 11:07:14.0000,69.185634,-351222545.2543977,641202290.3973112,283392981.1983917,-11.83787178202458,-4.917798166762767,-1.819786806234413,2026-04-03T11:06:04.814329
2461133.964050926, A.D. 2026-Apr-03 11:08:14.0000,69.185634,-351223255.5250096,641201995.3297389,283392872.0112812,-11.83786448645685,-4.917808017847356,-1.81979110737165,2026-04-03T11:07:04.814366
2461133.96474537, A.D. 2026-Apr-03 11:09:14.0000,69.185634,-351223965.7951826,641201700.2615762,283392762.8239129,-11.83785719435541,-4.917817866292155,-1.819795407301389,2026-04-03T11:08:04.814362
2461133.965439815, A.D. 2026-Apr-03 11:10:14.0000,69.185634,-351224676.0649195,641201405.192822,283392653.6362864,-11.83784990572608,-4.917827712105464,-1.81979970602768,2026-04-03T11:09:04.814399
2461133.966134259, A.D. 2026-Apr-03 11:11:14.0000,69.185634,-351225386.3342177,641201110.1234777,283392544.4484022,-11.83784262057465,-4.917837555295507,-1.819804003554542,2026-04-03T11:10:04.814355
2461133.966828704, A.D. 2026-Apr-03 11:12:14.0000,69.185634,-351226096.6030804,641200815.0535425,283392435.26026,-11.83783533890686,-4.917847395870595,-1.819808299886029,2026-04-03T11:11:04.814392
2461133.967523148, A.D. 2026-Apr-03 11:13:14.0000,69.185634,-351226806.8715063,641200519.9830168,283392326.0718601,-11.8378280607284,-4.917857233838981,-1.81981259502617,2026-04-03T11:12:04.814348
2461133.968217593, A.D. 2026-Apr-03 11:14:14.0000,69.185634,-351227517.1394941,641200224.9119015,283392216.8832027,-11.83782078604496,-4.917867069208927,-1.819816888978997,2026-04-03T11:13:04.814425
2461133.968912037, A.D. 2026-Apr-03 11:15:14.0000,69.185634,-351228227.407047,641199929.8401955,283392107.6942875,-11.83781351486211,-4.91787690198875,-1.819821181748566,2026-04-03T11:14:04.814381
2461133.969606481, A.D. 2026-Apr-03 11:16:14.0000,69.185634,-351228937.6741624,641199634.7679002,283391998.505115,-11.83780624718542,-4.917886732186698,-1.819825473338903,2026-04-03T11:15:04.814337
2461133.970300926, A.D. 2026-Apr-03 11:17:14.0000,69.185634,-351229647.9408432,641199339.6950147,283391889.3156847,-11.83779898302041,-4.917896559811102,-1.819829763754066,2026-04-03T11:16:04.814374
2461133.97099537, A.D. 2026-Apr-03 11:18:14.0000,69.185634,-351230358.2070883,641199044.6215396,283391780.1259972,-11.83779172237253,-4.91790638487023,-1.81983405299809,2026-04-03T11:17:04.814330
2461133.971689815, A.D. 2026-Apr-03 11:19:14.0000,69.185634,-351231068.4728964,641198749.5474757,283391670.9360524,-11.83778446524723,-4.917916207372363,-1.819838341075009,2026-04-03T11:18:04.814407
2461133.972384259, A.D. 2026-Apr-03 11:20:14.0000,69.185634,-351231778.7382706,641198454.4728218,283391561.7458503,-11.83777721164985,-4.917926027325833,-1.819842627988885,2026-04-03T11:19:04.814363
2461133.973078704, A.D. 2026-Apr-03 11:21:14.0000,69.185634,-351232489.0032082,641198159.3975796,283391452.5553912,-11.83776996158574,-4.917935844738903,-1.819846913743744,2026-04-03T11:20:04.814400
2461133.973773148, A.D. 2026-Apr-03 11:22:14.0000,69.185634,-351233199.2677125,641197864.3217475,283391343.3646747,-11.83776271506015,-4.917945659619913,-1.819851198343647,2026-04-03T11:21:04.814356
2461133.974467593, A.D. 2026-Apr-03 11:23:14.0000,69.185634,-351233909.531782,641197569.2453268,283391234.1737013,-11.83775547207832,-4.917955471977148,-1.819855481792631,2026-04-03T11:22:04.814393
2461133.975162037, A.D. 2026-Apr-03 11:24:14.0000,69.185634,-351234619.7954156,641197274.168318,283391124.982471,-11.83774823264545,-4.917965281818896,-1.819859764094731,2026-04-03T11:23:04.814389
2461133.975856482, A.D. 2026-Apr-03 11:25:14.0000,69.185634,-351235330.0586163,641196979.0907202,283391015.7909837,-11.83774099676663,-4.9179750891535,-1.819864045254008,2026-04-03T11:24:04.814426
2461133.976550926, A.D. 2026-Apr-03 11:26:14.0000,69.185634,-351236040.3213817,641196684.0125345,283390906.5992396,-11.83773376444697,-4.917984893989231,-1.81986832527449,2026-04-03T11:25:04.814382
2461133.97724537, A.D. 2026-Apr-03 11:27:14.0000,69.185634,-351236750.5837146,641196388.9337599,283390797.4072387,-11.83772653569146,-4.917994696334436,-1.819872604160234,2026-04-03T11:26:04.814338
2461133.977939815, A.D. 2026-Apr-03 11:28:14.0000,69.185634,-351237460.8456138,641196093.8543974,283390688.2149811,-11.83771931050512,-4.918004496197405,-1.819876881915277,2026-04-03T11:27:04.814375
2461133.978634259, A.D. 2026-Apr-03 11:29:14.0000,69.185634,-351238171.1070784,641195798.7744476,283390579.022467,-11.83771208889286,-4.918014293586426,-1.819881158543651,2026-04-03T11:28:04.814371
2461133.979328704, A.D. 2026-Apr-03 11:30:14.0000,69.185634,-351238881.3681111,641195503.6939094,283390469.8296961,-11.83770487085953,-4.91802408850985,-1.819885434049413,2026-04-03T11:29:04.814408
2461133.980023148, A.D. 2026-Apr-03 11:31:14.0000,69.185634,-351239591.6287094,641195208.612784,283390360.636669,-11.83769765641,-4.918033880975947,-1.819889708436587,2026-04-03T11:30:04.814364
2461133.980717592, A.D. 2026-Apr-03 11:32:14.0000,69.185634,-351240301.8888764,641194913.5310707,283390251.4433852,-11.837690445549,-4.918043670993061,-1.819893981709228,2026-04-03T11:31:04.814320
2461133.981412037, A.D. 2026-Apr-03 11:33:14.0000,69.185634,-351241012.1486107,641194618.44877,283390142.249845,-11.83768323828127,-4.918053458569484,-1.819898253871365,2026-04-03T11:32:04.814357
2461133.982106482, A.D. 2026-Apr-03 11:34:14.0000,69.185634,-351241722.4079114,641194323.3658828,283390033.0560489,-11.83767603461148,-4.918063243713501,-1.819902524927024,2026-04-03T11:33:04.814434
2461133.982800926, A.D. 2026-Apr-03 11:35:14.0000,69.185634,-351242432.6667814,641194028.282408,283389923.8619962,-11.83766883454421,-4.918073026433458,-1.819906794880258,2026-04-03T11:34:04.814390
2461133.98349537, A.D. 2026-Apr-03 11:36:14.0000,69.185634,-351243142.925218,641193733.1983467,283389814.6676875,-11.83766163808406,-4.918082806737615,-1.819911063735081,2026-04-03T11:35:04.814346
2461133.984189815, A.D. 2026-Apr-03 11:37:14.0000,69.185634,-351243853.1832245,641193438.1136984,283389705.4731226,-11.8376544452355,-4.918092584634318,-1.819915331495541,2026-04-03T11:36:04.814383
2461133.984884259, A.D. 2026-Apr-03 11:38:14.0000,69.185634,-351244563.4407995,641193143.0284631,283389596.2783017,-11.83764725600299,-4.91810236013184,-1.819919598165657,2026-04-03T11:37:04.814339
2461133.985578704, A.D. 2026-Apr-03 11:39:14.0000,69.185634,-351245273.6979418,641192847.9426422,283389487.083225,-11.83764007039093,-4.918112133238462,-1.819923863749446,2026-04-03T11:38:04.814416
2461133.986273148, A.D. 2026-Apr-03 11:40:14.0000,69.185634,-351245983.9546545,641192552.8562343,283389377.8878921,-11.83763288840365,-4.918121903962514,-1.819928128250951,2026-04-03T11:39:04.814372
2461133.986967593, A.D. 2026-Apr-03 11:41:14.0000,69.185634,-351246694.2109349,641192257.7692409,283389268.6923037,-11.83762571004544,-4.918131672312248,-1.819932391674173,2026-04-03T11:40:04.814409
2461133.987662037, A.D. 2026-Apr-03 11:42:14.0000,69.185634,-351247404.4667861,641191962.6816608,283389159.4964592,-11.83761853532051,-4.918141438295988,-1.81993665402315,2026-04-03T11:41:04.814365
2461133.988356481, A.D. 2026-Apr-03 11:43:14.0000,69.185634,-351248114.722207,641191667.5934949,283389050.3003591,-11.83761136423303,-4.918151201921998,-1.819940915301888,2026-04-03T11:42:04.814321
2461133.989050926, A.D. 2026-Apr-03 11:44:14.0000,69.185634,-351248824.9771964,641191372.5047437,283388941.1040035,-11.83760419678714,-4.918160963198536,-1.819945175514391,2026-04-03T11:43:04.814398
2461133.989745371, A.D. 2026-Apr-03 11:45:14.0000,69.185634,-351249535.2317572,641191077.4154065,283388831.9073921,-11.83759703298685,-4.918170722133915,-1.819949434664685,2026-04-03T11:44:04.814435
2461133.990439815, A.D. 2026-Apr-03 11:46:14.0000,69.185634,-351250245.4858869,641190782.3254842,283388722.7105254,-11.8375898728362,-4.918180478736365,-1.819953692756758,2026-04-03T11:45:04.814391
2461133.991134259, A.D. 2026-Apr-03 11:47:14.0000,69.185634,-351250955.7395885,641190487.234976,283388613.5134031,-11.83758271633909,-4.918190233014187,-1.819957949794632,2026-04-03T11:46:04.814347
2461133.991828704, A.D. 2026-Apr-03 11:48:14.0000,69.185634,-351251665.9928608,641190192.1438829,283388504.3160253,-11.8375755634994,-4.91819998497562,-1.819962205782296,2026-04-03T11:47:04.814384
2461133.992523148, A.D. 2026-Apr-03 11:49:14.0000,69.185634,-351252376.2457026,641189897.0522051,283388395.1183925,-11.83756841432098,-4.918209734628898,-1.819966460723735,2026-04-03T11:48:04.814380
2461133.993217593, A.D. 2026-Apr-03 11:50:14.0000,69.185634,-351253086.498117,641189601.9599419,283388285.9205042,-11.83756126880754,-4.918219481982304,-1.81997071462296,2026-04-03T11:49:04.814417
2461133.993912037, A.D. 2026-Apr-03 11:51:14.0000,69.185634,-351253796.7501014,641189306.8670944,283388176.7223608,-11.83755412696283,-4.918229227044042,-1.819974967483937,2026-04-03T11:50:04.814373
2461133.994606481, A.D. 2026-Apr-03 11:52:14.0000,69.185634,-351254507.0016588,641189011.7736619,283388067.5239622,-11.83754698879043,-4.918238969822379,-1.819979219310668,2026-04-03T11:51:04.814329
2461133.995300926, A.D. 2026-Apr-03 11:53:14.0000,69.185634,-351255217.2527881,641188716.6796446,283387958.3253084,-11.83753985429394,-4.918248710325523,-1.819983470107122,2026-04-03T11:52:04.814366
2461133.99599537, A.D. 2026-Apr-03 11:54:14.0000,69.185634,-351255927.5034879,641188421.5850437,283387849.1263999,-11.83753272347689,-4.918258448561671,-1.819987719877262,2026-04-03T11:53:04.814362
2461133.996689815, A.D. 2026-Apr-03 11:55:14.0000,69.185634,-351256637.7537614,641188126.489858,283387739.9272361,-11.8375255963427,-4.918268184539074,-1.819991968625075,2026-04-03T11:54:04.814399
2461133.997384259, A.D. 2026-Apr-03 11:56:14.0000,69.185634,-351257348.003606,641187831.3940886,283387630.7278178,-11.83751847289478,-4.918277918265895,-1.819996216354506,2026-04-03T11:55:04.814355
2461133.998078704, A.D. 2026-Apr-03 11:57:14.0000,69.185634,-351258058.2530247,641187536.297735,283387521.5281444,-11.83751135313642,-4.918287649750364,-1.820000463069531,2026-04-03T11:56:04.814392
2461133.998773148, A.D. 2026-Apr-03 11:58:14.0000,69.185634,-351258768.5020149,641187241.2007979,283387412.3282163,-11.83750423707092,-4.918297379000626,-1.820004708774085,2026-04-03T11:57:04.814348
2461133.999467593, A.D. 2026-Apr-03 11:59:14.0000,69.185634,-351259478.7505797,641186946.1032766,283387303.1280334,-11.83749712470144,-4.918307106024897,-1.820008953472132,2026-04-03T11:58:04.814425
2461134.000162037, A.D. 2026-Apr-03 12:00:14.0000,69.185634,-351260188.9987178,641186651.0051719,283387193.9275958,-11.83749001603113,-4.918316830831318,-1.820013197167603,2026-04-03T11:59:04.814381
2461134.000856481, A.D. 2026-Apr-03 12:01:14.0000,69.185634,-351260899.2464282,641186355.9064842,283387084.7269039,-11.83748291106305,-4.918326553428028,-1.820017439864426,2026-04-03T12:00:04.814337
2461134.001550926, A.D. 2026-Apr-03 12:02:14.0000,69.185634,-351261609.4937137,641186060.8072126,283386975.5259572,-11.83747580980018,-4.918336273823209,-1.820021681566548,2026-04-03T12:01:04.814374
2461134.00224537, A.D. 2026-Apr-03 12:03:14.0000,69.185634,-351262319.7405719,641185765.7073585,283386866.3247562,-11.83746871224548,-4.918345992024956,-1.820025922277872,2026-04-03T12:02:04.814330
2461134.002939815, A.D. 2026-Apr-03 12:04:14.0000,69.185634,-351263029.9870058,641185470.6069207,283386757.1233006,-11.83746161840179,-4.918355708041429,-1.820030162002333,2026-04-03T12:03:04.814407
2461134.003634259, A.D. 2026-Apr-03 12:05:14.0000,69.185634,-351263740.2330141,641185175.5059001,283386647.9215907,-11.83745452827191,-4.918365421880723,-1.82003440074383,2026-04-03T12:04:04.814363
2461134.004328704, A.D. 2026-Apr-03 12:06:14.0000,69.185634,-351264450.4785958,641184880.4042972,283386538.7196266,-11.83744744185859,-4.918375133550912,-1.820038638506259,2026-04-03T12:05:04.814400
2461134.005023148, A.D. 2026-Apr-03 12:07:14.0000,69.185634,-351265160.7237538,641184585.3021113,283386429.5174081,-11.83744035916445,-4.918384843060124,-1.82004287529353,2026-04-03T12:06:04.814356
2461134.005717593, A.D. 2026-Apr-03 12:08:14.0000,69.185634,-351265870.9684854,641184290.1993433,283386320.3149357,-11.83743328019213,-4.918394550416393,-1.820047111109514,2026-04-03T12:07:04.814393
2461134.006412037, A.D. 2026-Apr-03 12:09:14.0000,69.185634,-351266581.2127939,641183995.0959924,283386211.112209,-11.8374262049441,-4.918404255627819,-1.82005134595811,2026-04-03T12:08:04.814389
2461134.007106482, A.D. 2026-Apr-03 12:10:14.0000,69.185634,-351267291.456678,641183699.9920592,283386101.9092281,-11.83741913342283,-4.918413958702428,-1.82005557984318,2026-04-03T12:09:04.814426
2461134.007800926, A.D. 2026-Apr-03 12:11:14.0000,69.185634,-351268001.7001365,641183404.8875446,283385992.7059935,-11.83741206563072,-4.918423659648234,-1.820059812768581,2026-04-03T12:10:04.814382
2461134.00849537, A.D. 2026-Apr-03 12:12:14.0000,69.185634,-351268711.9431725,641183109.7824473,283385883.5025047,-11.83740500157004,-4.918433358473292,-1.820064044738185,2026-04-03T12:11:04.814338
2461134.009189815, A.D. 2026-Apr-03 12:13:14.0000,69.185634,-351269422.1857833,641182814.6767688,283385774.2987623,-11.83739794124305,-4.91844305518557,-1.820068275755825,2026-04-03T12:12:04.814375
2461134.009884259, A.D. 2026-Apr-03 12:14:14.0000,69.185634,-351270132.427972,641182519.5705079,283385665.0947658,-11.8373908846519,-4.918452749793094,-1.820072505825355,2026-04-03T12:13:04.814371
2461134.010578704, A.D. 2026-Apr-03 12:15:14.0000,69.185634,-351270842.6697374,641182224.4636655,283385555.8905155,-11.83738383179869,-4.918462442303813,-1.8200767349506,2026-04-03T12:14:04.814408
2461134.011273148, A.D. 2026-Apr-03 12:16:14.0000,69.185634,-351271552.9110784,641181929.3562421,283385446.6860117,-11.83737678268543,-4.918472132725669,-1.82008096313537,2026-04-03T12:15:04.814364
2461134.011967592, A.D. 2026-Apr-03 12:17:14.0000,69.185634,-351272263.151998,641181634.2482368,283385337.481254,-11.83736973731406,-4.918481821066639,-1.820085190383496,2026-04-03T12:16:04.814320
2461134.012662037, A.D. 2026-Apr-03 12:18:14.0000,69.185634,-351272973.3924934,641181339.1396508,283385228.276243,-11.83736269568645,-4.918491507334607,-1.820089416698764,2026-04-03T12:17:04.814357
2461134.013356482, A.D. 2026-Apr-03 12:19:14.0000,69.185634,-351273683.632568,641181044.0304831,283385119.0709782,-11.83735565780438,-4.918501191537516,-1.820093642084983,2026-04-03T12:18:04.814434
2461134.014050926, A.D. 2026-Apr-03 12:20:14.0000,69.185634,-351274393.872219,641180748.9207351,283385009.8654601,-11.83734862366958,-4.918510873683218,-1.82009786654592,2026-04-03T12:19:04.814390
2461134.01474537, A.D. 2026-Apr-03 12:21:14.0000,69.185634,-351275104.1114494,641180453.8104056,283384900.6596884,-11.83734159328367,-4.918520553779617,-1.820102090085365,2026-04-03T12:20:04.814346
2461134.015439815, A.D. 2026-Apr-03 12:22:14.0000,69.185634,-351275814.3502582,641180158.6994952,283384791.4536632,-11.83733456664822,-4.918530231834544,-1.820106312707073,2026-04-03T12:21:04.814383
2461134.016134259, A.D. 2026-Apr-03 12:23:14.0000,69.185634,-351276524.5886441,641179863.588005,283384682.247385,-11.83732754376472,-4.918539907855816,-1.820110534414787,2026-04-03T12:22:04.814339
2461134.016828704, A.D. 2026-Apr-03 12:24:14.0000,69.185634,-351277234.82661,641179568.4759336,283384573.0408532,-11.83732052463456,-4.91854958185128,-1.820114755212264,2026-04-03T12:23:04.814416
2461134.017523148, A.D. 2026-Apr-03 12:25:14.0000,69.185634,-351277945.0641536,641179273.3632823,283384463.8340685,-11.83731350925907,-4.91855925382869,-1.82011897510322,2026-04-03T12:24:04.814372
2461134.018217593, A.D. 2026-Apr-03 12:26:14.0000,69.185634,-351278655.3012778,641178978.2500504,283384354.6270304,-11.83730649763949,-4.918568923795852,-1.820123194091389,2026-04-03T12:25:04.814409
2461134.018912037, A.D. 2026-Apr-03 12:27:14.0000,69.185634,-351279365.5379813,641178683.1362382,283384245.4197391,-11.83729948977698,-4.918578591760501,-1.820127412180471,2026-04-03T12:26:04.814365
2461134.019606481, A.D. 2026-Apr-03 12:28:14.0000,69.185634,-351280075.7742631,641178388.0218467,283384136.2121951,-11.83729248567264,-4.918588257730345,-1.820131629374153,2026-04-03T12:27:04.814321
2461134.020300926, A.D. 2026-Apr-03 12:29:14.0000,69.185634,-351280786.0101262,641178092.9068745,283384027.0043977,-11.83728548532745,-4.918597921713128,-1.820135845676136,2026-04-03T12:28:04.814398
2461134.020995371, A.D. 2026-Apr-03 12:30:14.0000,69.185634,-351281496.245568,641177797.7913232,283383917.7963477,-11.83727848874235,-4.918607583716496,-1.820140061090075,2026-04-03T12:29:04.814435
2461134.021689815, A.D. 2026-Apr-03 12:31:14.0000,69.185634,-351282206.4805915,641177502.6751916,283383808.5880446,-11.83727149591815,-4.918617243748147,-1.820144275619644,2026-04-03T12:30:04.814391
2461134.022384259, A.D. 2026-Apr-03 12:32:14.0000,69.185634,-351282916.7151941,641177207.5584812,283383699.3794888,-11.83726450685562,-4.918626901815681,-1.820148489268476,2026-04-03T12:31:04.814347
2461134.023078704, A.D. 2026-Apr-03 12:33:14.0000,69.185634,-351283626.949379,641176912.4411907,283383590.17068,-11.83725752155541,-4.91863655792675,-1.820152702040217,2026-04-03T12:32:04.814384
2461134.023773148, A.D. 2026-Apr-03 12:34:14.0000,69.185634,-351284337.1831447,641176617.3233209,283383480.9616185,-11.83725054001811,-4.918646212088923,-1.820156913938482,2026-04-03T12:33:04.814380
2461134.024467593, A.D. 2026-Apr-03 12:35:14.0000,69.185634,-351285047.4164904,641176322.2048726,283383371.7523045,-11.83724356224423,-4.918655864309748,-1.820161124966867,2026-04-03T12:34:04.814417
2461134.025162037, A.D. 2026-Apr-03 12:36:14.0000,69.185634,-351285757.6494188,641176027.0858445,283383262.5427377,-11.83723658823415,-4.918665514596795,-1.820165335128983,2026-04-03T12:35:04.814373
2461134.025856481, A.D. 2026-Apr-03 12:37:14.0000,69.185634,-351286467.8819275,641175731.966238,283383153.3329185,-11.83722961798822,-4.918675162957543,-1.820169544428391,2026-04-03T12:36:04.814329
2461134.026550926, A.D. 2026-Apr-03 12:38:14.0000,69.185634,-351287178.1140196,641175436.8460522,283383044.1228465,-11.83722265150666,-4.918684809399516,-1.820173752868673,2026-04-03T12:37:04.814366
2461134.02724537, A.D. 2026-Apr-03 12:39:14.0000,69.185634,-351287888.3456938,641175141.7252876,283382934.9125221,-11.8372156887896,-4.918694453930152,-1.82017796045337,2026-04-03T12:38:04.814362
2461134.027939815, A.D. 2026-Apr-03 12:40:14.0000,69.185634,-351288598.5769489,641174846.6039451,283382825.7019454,-11.83720872983713,-4.918704096556865,-1.820182167186009,2026-04-03T12:39:04.814399
2461134.028634259, A.D. 2026-Apr-03 12:41:14.0000,69.185634,-351289308.807788,641174551.4820232,283382716.4911161,-11.83720177464919,-4.918713737287094,-1.820186373070128,2026-04-03T12:40:04.814355
2461134.029328704, A.D. 2026-Apr-03 12:42:14.0000,69.185634,-351290019.0382085,641174256.3595238,283382607.2800348,-11.83719482322567,-4.918723376128177,-1.820190578109214,2026-04-03T12:41:04.814392
2461134.030023148, A.D. 2026-Apr-03 12:43:14.0000,69.185634,-351290729.2682135,641173961.2364455,283382498.068701,-11.83718787556634,-4.918733013087495,-1.820194782306773,2026-04-03T12:42:04.814348
2461134.030717593, A.D. 2026-Apr-03 12:44:14.0000,69.185634,-351291439.4978004,641173666.1127896,283382388.8571151,-11.83718093855832,-4.918742646387576,-1.820198984905274,2026-04-03T12:43:04.814425
2461134.031412037, A.D. 2026-Apr-03 12:45:14.0000,69.185634,-351292149.7269727,641173370.9885552,283382279.6452769,-11.83717400923817,-4.918752277096247,-1.820203186377418,2026-04-03T12:44:04.814381
2461134.032106481, A.D. 2026-Apr-03 12:46:14.0000,69.185634,-351292859.9557295,641173075.8637431,283382170.4331867,-11.83716708378924,-4.918761906273481,-1.820207387179225,2026-04-03T12:45:04.814337
2461134.032800926, A.D. 2026-Apr-03 12:47:14.0000,69.185634,-351293570.1840695,641172780.7383537,283382061.2208446,-11.83716016221819,-4.91877153392474,-1.820211587313375,2026-04-03T12:46:04.814374
2461134.03349537, A.D. 2026-Apr-03 12:48:14.0000,69.185634,-351294280.4119956,641172485.6123862,283381952.0082504,-11.83715324453161,-4.918781160055619,-1.820215786782609,2026-04-03T12:47:04.814330
2461134.034189815, A.D. 2026-Apr-03 12:49:14.0000,69.185634,-351294990.6395054,641172190.4858419,283381842.7954044,-11.83714633073607,-4.918790784671708,-1.82021998558967,2026-04-03T12:48:04.814407
2461134.034884259, A.D. 2026-Apr-03 12:50:14.0000,69.185634,-351295700.866602,641171895.3587195,283381733.5823063,-11.83713942083802,-4.918800407778752,-1.820224183737372,2026-04-03T12:49:04.814363
2461134.035578704, A.D. 2026-Apr-03 12:51:14.0000,69.185634,-351296411.0932826,641171600.2310202,283381624.3689565,-11.83713251484391,-4.918810029382493,-1.820228381228527,2026-04-03T12:50:04.814400
2461134.036273148, A.D. 2026-Apr-03 12:52:14.0000,69.185634,-351297121.3195504,641171305.1027433,283381515.1553547,-11.83712561276006,-4.918819649488821,-1.820232578066017,2026-04-03T12:51:04.814356
2461134.036967593, A.D. 2026-Apr-03 12:53:14.0000,69.185634,-351297831.5454042,641171009.973889,283381405.9415011,-11.8371187145928,-4.918829268103645,-1.820236774252733,2026-04-03T12:52:04.814393
2461134.037662037, A.D. 2026-Apr-03 12:54:14.0000,69.185634,-351298541.7708428,641170714.8444583,283381296.727396,-11.83711182034838,-4.918838885232941,-1.820240969791598,2026-04-03T12:53:04.814389
2461134.038356482, A.D. 2026-Apr-03 12:55:14.0000,69.185634,-351299251.9958693,641170419.71445,283381187.5130389,-11.83710493003294,-4.918848500882817,-1.820245164685596,2026-04-03T12:54:04.814426
2461134.039050926, A.D. 2026-Apr-03 12:56:14.0000,69.185634,-351299962.220481,641170124.5838655,283381078.2984304,-11.83709804365263,-4.918858115059369,-1.82024935893771,2026-04-03T12:55:04.814382
2461134.03974537, A.D. 2026-Apr-03 12:57:14.0000,69.185634,-351300672.4446812,641169829.4527036,283380969.0835699,-11.83709116121348,-4.918867727768845,-1.820253552550985,2026-04-03T12:56:04.814338
2461134.040439815, A.D. 2026-Apr-03 12:58:14.0000,69.185634,-351301382.6684671,641169534.3209655,283380859.8684582,-11.83708428272153,-4.918877339017483,-1.82025774552847,2026-04-03T12:57:04.814375
2461134.041134259, A.D. 2026-Apr-03 12:59:14.0000,69.185634,-351302092.8918418,641169239.1886501,283380750.6530946,-11.83707740818268,-4.918886948811661,-1.820261937873277,2026-04-03T12:58:04.814371
2461134.041828704, A.D. 2026-Apr-03 13:00:14.0000,69.185634,-351302803.1148041,641168944.0557584,283380641.4374796,-11.83707053760284,-4.918896557157772,-1.820266129588523,2026-04-03T12:59:04.814408
2461134.042523148, A.D. 2026-Apr-03 13:01:14.0000,69.185634,-351303513.337353,641168648.9222906,283380532.2216133,-11.83706367098783,-4.918906164062272,-1.820270320677359,2026-04-03T13:00:04.814364
2461134.043217592, A.D. 2026-Apr-03 13:02:14.0000,69.185634,-351304223.5594913,641168353.788246,283380423.0054953,-11.8370568083434,-4.918915769531739,-1.820274511142988,2026-04-03T13:01:04.814320
2461134.043912037, A.D. 2026-Apr-03 13:03:14.0000,69.185634,-351304933.7812167,641168058.6536257,283380313.7891262,-11.83704994967529,-4.918925373572741,-1.820278700988615,2026-04-03T13:02:04.814357
2461134.044606482, A.D. 2026-Apr-03 13:04:14.0000,69.185634,-351305644.0025319,641167763.5184286,283380204.5725054,-11.83704309498912,-4.918934976191988,-1.820282890217501,2026-04-03T13:03:04.814434
2461134.045300926, A.D. 2026-Apr-03 13:05:14.0000,69.185634,-351306354.2234347,641167468.3826557,283380095.3556335,-11.83703624429052,-4.91894457739617,-1.820287078832912,2026-04-03T13:04:04.814390
2461134.04599537, A.D. 2026-Apr-03 13:06:14.0000,69.185634,-351307064.4439279,641167173.2463065,283379986.1385101,-11.83702939758498,-4.918954177192122,-1.820291266838169,2026-04-03T13:05:04.814346
2461134.046689815, A.D. 2026-Apr-03 13:07:14.0000,69.185634,-351307774.6640105,641166878.1093812,283379876.9211355,-11.83702255487802,-4.918963775586682,-1.820295454236601,2026-04-03T13:06:04.814383
2461134.047384259, A.D. 2026-Apr-03 13:08:14.0000,69.185634,-351308484.8836812,641166582.9718808,283379767.7035098,-11.83701571617506,-4.918973372586744,-1.820299641031565,2026-04-03T13:07:04.814339
2461134.048078704, A.D. 2026-Apr-03 13:09:14.0000,69.185634,-351309195.1029432,641166287.8338039,283379658.4856327,-11.83700888148144,-4.918982968199328,-1.82030382722647,2026-04-03T13:08:04.814416
2461134.048773148, A.D. 2026-Apr-03 13:10:14.0000,69.185634,-351309905.3217937,641165992.6951519,283379549.2675047,-11.83700205080252,-4.91899256243143,-1.820308012824721,2026-04-03T13:09:04.814372
2461134.049467593, A.D. 2026-Apr-03 13:11:14.0000,69.185634,-351310615.5402359,641165697.5559237,283379440.0491254,-11.83699522414352,-4.919002155290184,-1.820312197829783,2026-04-03T13:10:04.814409
2461134.050162037, A.D. 2026-Apr-03 13:12:14.0000,69.185634,-351311325.7582673,641165402.4161206,283379330.8304952,-11.83698840150966,-4.919011746782703,-1.820316382245114,2026-04-03T13:11:04.814365
2461134.050856481, A.D. 2026-Apr-03 13:13:14.0000,69.185634,-351312035.9758908,641165107.2757415,283379221.6116137,-11.83698158290607,-4.919021336916239,-1.820320566074234,2026-04-03T13:12:04.814321
2461134.051550926, A.D. 2026-Apr-03 13:14:14.0000,69.185634,-351312746.1931039,641164812.1347876,283379112.3924814,-11.83697476833787,-4.919030925698017,-1.820324749320656,2026-04-03T13:13:04.814398
2461134.052245371, A.D. 2026-Apr-03 13:15:14.0000,69.185634,-351313456.4099097,641164516.9932578,283379003.173098,-11.83696795781007,-4.919040513135401,-1.820328931987951,2026-04-03T13:14:04.814435
2461134.052939815, A.D. 2026-Apr-03 13:16:14.0000,69.185634,-351314166.626307,641164221.8511528,283378893.9534636,-11.83696115132767,-4.919050099235751,-1.820333114079692,2026-04-03T13:15:04.814391
2461134.053634259, A.D. 2026-Apr-03 13:17:14.0000,69.185634,-351314876.8422945,641163926.7084732,283378784.7335785,-11.8369543488956,-4.919059684006478,-1.820337295599478,2026-04-03T13:16:04.814347
2461134.054328704, A.D. 2026-Apr-03 13:18:14.0000,69.185634,-351315587.0578755,641163631.5652181,283378675.5134423,-11.83694755051873,-4.91906926745511,-1.820341476550956,2026-04-03T13:17:04.814384
2461134.055023148, A.D. 2026-Apr-03 13:19:14.0000,69.185634,-351316297.2730473,641163336.4213885,283378566.2930555,-11.8369407562019,-4.919078849589146,-1.820345656937768,2026-04-03T13:18:04.814380
2461134.055717593, A.D. 2026-Apr-03 13:20:14.0000,69.185634,-351317007.487813,641163041.2769835,283378457.0724176,-11.83693396594985,-4.919088430416219,-1.820349836763611,2026-04-03T13:19:04.814417
2461134.056412037, A.D. 2026-Apr-03 13:21:14.0000,69.185634,-351317717.70217,641162746.1320041,283378347.8515293,-11.83692717976733,-4.919098009943934,-1.820354016032175,2026-04-03T13:20:04.814373
2461134.057106481, A.D. 2026-Apr-03 13:22:14.0000,69.185634,-351318427.9161212,641162450.9864496,283378238.6303899,-11.83692039765897,-4.919107588180026,-1.820358194747206,2026-04-03T13:21:04.814329
2461134.057800926, A.D. 2026-Apr-03 13:23:14.0000,69.185634,-351319138.1296658,641162155.8403203,283378129.4089999,-11.8369136196294,-4.919117165132223,-1.820362372912449,2026-04-03T13:22:04.814366
2461134.05849537, A.D. 2026-Apr-03 13:24:14.0000,69.185634,-351319848.3428023,641161860.6936172,283378020.1873594,-11.83690684568319,-4.919126740808302,-1.820366550531673,2026-04-03T13:23:04.814362
2461134.059189815, A.D. 2026-Apr-03 13:25:14.0000,69.185634,-351320558.5555339,641161565.5463388,283377910.965468,-11.83690007582482,-4.919136315216148,-1.820370727608694,2026-04-03T13:24:04.814399
2461134.059884259, A.D. 2026-Apr-03 13:26:14.0000,69.185634,-351321268.7678581,641161270.3984867,283377801.7433262,-11.83689331005877,-4.919145888363618,-1.82037490414732,2026-04-03T13:25:04.814355
2461134.060578704, A.D. 2026-Apr-03 13:27:14.0000,69.185634,-351321978.9797779,641160975.2500597,283377692.5209337,-11.83688654838943,-4.919155460258692,-1.820379080151412,2026-04-03T13:26:04.814392
2461134.061273148, A.D. 2026-Apr-03 13:28:14.0000,69.185634,-351322689.1912907,641160680.1010588,283377583.2982908,-11.83687979082117,-4.919165030909326,-1.82038325562482,2026-04-03T13:27:04.814348
2461134.061967593, A.D. 2026-Apr-03 13:29:14.0000,69.185634,-351323399.4023995,641160384.9514834,283377474.0753973,-11.83687303735826,-4.919174600323593,-1.820387430571451,2026-04-03T13:28:04.814425
2461134.062662037, A.D. 2026-Apr-03 13:30:14.0000,69.185634,-351324109.6131019,641160089.8013341,283377364.8522534,-11.83686628800499,-4.919184168509541,-1.8203916049952,2026-04-03T13:29:04.814381
2461134.063356481, A.D. 2026-Apr-03 13:31:14.0000,69.185634,-351324819.8234008,641159794.6506104,283377255.6288589,-11.83685954276552,-4.919193735475338,-1.820395778900016,2026-04-03T13:30:04.814337
2461134.064050926, A.D. 2026-Apr-03 13:32:14.0000,69.185634,-351325530.0332937,641159499.4993134,283377146.4052141,-11.83685280164404,-4.919203301229122,-1.820399952289835,2026-04-03T13:31:04.814374
2461134.06474537, A.D. 2026-Apr-03 13:33:14.0000,69.185634,-351326240.2427837,641159204.3474417,283377037.1813188,-11.83684606464461,-4.91921286577915,-1.82040412516865,2026-04-03T13:32:04.814330
2461134.065439815, A.D. 2026-Apr-03 13:34:14.0000,69.185634,-351326950.4518697,641158909.1949962,283376927.9571731,-11.8368393317713,-4.919222429133667,-1.820408297540447,2026-04-03T13:33:04.814407
2461134.066134259, A.D. 2026-Apr-03 13:35:14.0000,69.185634,-351327660.6605503,641158614.0419775,283376818.7327773,-11.83683260302811,-4.919231991300963,-1.820412469409232,2026-04-03T13:34:04.814363
2461134.066828704, A.D. 2026-Apr-03 13:36:14.0000,69.185634,-351328370.8688288,641158318.8883847,283376709.508131,-11.83682587841899,-4.919241552289426,-1.820416640779058,2026-04-03T13:35:04.814400
2461134.067523148, A.D. 2026-Apr-03 13:37:14.0000,69.185634,-351329081.0767024,641158023.7342187,283376600.2832346,-11.83681915794784,-4.919251112107412,-1.820420811653964,2026-04-03T13:36:04.814356
2461134.068217593, A.D. 2026-Apr-03 13:38:14.0000,69.185634,-351329791.2841744,641157728.5794786,283376491.0580878,-11.8368124416185,-4.919260670763394,-1.820424982038039,2026-04-03T13:37:04.814393
2461134.068912037, A.D. 2026-Apr-03 13:39:14.0000,69.185634,-351330501.4912421,641157433.4241656,283376381.832691,-11.8368057294348,-4.919270228265809,-1.820429151935363,2026-04-03T13:38:04.814389
2461134.069606482, A.D. 2026-Apr-03 13:40:14.0000,69.185634,-351331211.6979087,641157138.2682786,283376272.6070437,-11.83679902140046,-4.919279784623214,-1.820433321350063,2026-04-03T13:39:04.814426
2461134.070300926, A.D. 2026-Apr-03 13:41:14.0000,69.185634,-351331921.9041715,641156843.1118189,283376163.3811467,-11.83679231751921,-4.919289339844126,-1.820437490286255,2026-04-03T13:40:04.814382
2461134.07099537, A.D. 2026-Apr-03 13:42:14.0000,69.185634,-351332632.1100336,641156547.9547852,283376054.1549991,-11.83678561779469,-4.919298893937182,-1.820441658748106,2026-04-03T13:41:04.814338
2461134.071689815, A.D. 2026-Apr-03 13:43:14.0000,69.185634,-351333342.3154923,641156252.7971791,283375944.9286018,-11.83677892223053,-4.919308446910979,-1.820445826739765,2026-04-03T13:42:04.814375
2461134.072384259, A.D. 2026-Apr-03 13:44:14.0000,69.185634,-351334052.520551,641155957.6389991,283375835.7019542,-11.83677223083027,-4.919317998774232,-1.820449994265438,2026-04-03T13:43:04.814371
2461134.073078704, A.D. 2026-Apr-03 13:45:14.0000,69.185634,-351334762.7252082,641155662.4802461,283375726.4750565,-11.83676554359743,-4.919327549535631,-1.820454161329317,2026-04-03T13:44:04.814408
2461134.073773148, A.D. 2026-Apr-03 13:46:14.0000,69.185634,-351335472.9294629,641155367.3209206,283375617.2479091,-11.83675886053549,-4.91933709920391,-1.820458327935618,2026-04-03T13:45:04.814364
2461134.074467592, A.D. 2026-Apr-03 13:47:14.0000,69.185634,-351336183.1333182,641155072.1610216,283375508.0205114,-11.83675218164784,-4.919346647787896,-1.820462494088594,2026-04-03T13:46:04.814320
2461134.075162037, A.D. 2026-Apr-03 13:48:14.0000,69.185634,-351336893.3367715,641154777.0005503,283375398.792864,-11.83674550693789,-4.919356195296372,-1.820466659792483,2026-04-03T13:47:04.814357
2461134.075856482, A.D. 2026-Apr-03 13:49:14.0000,69.185634,-351337603.5398258,641154481.8395056,283375289.5649664,-11.83673883640893,-4.919365741738238,-1.820470825051576,2026-04-03T13:48:04.814434
2461134.076550926, A.D. 2026-Apr-03 13:50:14.0000,69.185634,-351338313.7424786,641154186.6778886,283375180.3368192,-11.83673217006426,-4.919375287122351,-1.820474989870143,2026-04-03T13:49:04.814390
2461134.07724537, A.D. 2026-Apr-03 13:51:14.0000,69.185634,-351339023.944733,641153891.5156986,283375071.1084219,-11.8367255079071,-4.919384831457681,-1.820479154252506,2026-04-03T13:50:04.814346
2461134.077939815, A.D. 2026-Apr-03 13:52:14.0000,69.185634,-351339734.1465863,641153596.3529364,283374961.8797749,-11.83671884994064,-4.919394374753155,-1.820483318202969,2026-04-03T13:51:04.814383
2461134.078634259, A.D. 2026-Apr-03 13:53:14.0000,69.185634,-351340444.3480418,641153301.189601,283374852.6508779,-11.836712196168,-4.91940391701781,-1.820487481725885,2026-04-03T13:52:04.814339
2461134.079328704, A.D. 2026-Apr-03 13:54:14.0000,69.185634,-351341154.5490966,641153006.0256938,283374743.4217313,-11.83670554659231,-4.919413458260644,-1.820491644825589,2026-04-03T13:53:04.814416
2461134.080023148, A.D. 2026-Apr-03 13:55:14.0000,69.185634,-351341864.7497541,641152710.8612134,283374634.1923348,-11.83669890121658,-4.919422998490758,-1.820495807506467,2026-04-03T13:54:04.814372
2461134.080717593, A.D. 2026-Apr-03 13:56:14.0000,69.185634,-351342574.9500116,641152415.6961614,283374524.9626887,-11.83669226004385,-4.919432537717215,-1.820499969772883,2026-04-03T13:55:04.814409
2461134.081412037, A.D. 2026-Apr-03 13:57:14.0000,69.185634,-351343285.1498721,641152120.5305363,283374415.7327927,-11.83668562307703,-4.919442075949185,-1.820504131629252,2026-04-03T13:56:04.814365
2461134.082106481, A.D. 2026-Apr-03 13:58:14.0000,69.185634,-351343995.3493331,641151825.3643396,283374306.5026471,-11.83667899031907,-4.919451613195792,-1.820508293079968,2026-04-03T13:57:04.814321
2461134.082800926, A.D. 2026-Apr-03 13:59:14.0000,69.185634,-351344705.5483977,641151530.1975701,283374197.2722517,-11.83667236177281,-4.919461149466271,-1.820512454129476,2026-04-03T13:58:04.814398
2461134.083495371, A.D. 2026-Apr-03 14:00:14.0000,69.185634,-351345415.7470633,641151235.0302292,283374088.0416068,-11.83666573744109,-4.919470684769805,-1.820516614782199,2026-04-03T13:59:04.814435
2461134.084189815, A.D. 2026-Apr-03 14:01:14.0000,69.185634,-351346125.9453329,641150939.8623155,283373978.8107122,-11.83665911732666,-4.919480219115692,-1.820520775042609,2026-04-03T14:00:04.814391
2461134.084884259, A.D. 2026-Apr-03 14:02:14.0000,69.185634,-351346836.1432055,641150644.6938297,283373869.5795678,-11.83665250143228,-4.919489752513196,-1.820524934915165,2026-04-03T14:01:04.814347
2461134.085578704, A.D. 2026-Apr-03 14:03:14.0000,69.185634,-351347546.3406799,641150349.5247726,283373760.3481742,-11.83664588976063,-4.919499284971616,-1.820529094404343,2026-04-03T14:02:04.814384
2461134.086273148, A.D. 2026-Apr-03 14:04:14.0000,69.185634,-351348256.5377591,641150054.355143,283373651.1165308,-11.83663928231434,-4.919508816500333,-1.820533253514653,2026-04-03T14:03:04.814380
2461134.086967593, A.D. 2026-Apr-03 14:05:14.0000,69.185634,-351348966.7344406,641149759.184942,283373541.884638,-11.83663267909602,-4.91951834710868,-1.820537412250589,2026-04-03T14:04:04.814417
2461134.087662037, A.D. 2026-Apr-03 14:06:14.0000,69.185634,-351349676.9307274,641149464.0141687,283373432.6524955,-11.83662608010822,-4.9195278768061,-1.820541570616687,2026-04-03T14:05:04.814373
2461134.088356481, A.D. 2026-Apr-03 14:07:14.0000,69.185634,-351350387.126617,641149168.8428243,283373323.4201038,-11.83661948535346,-4.919537405601982,-1.820545728617467,2026-04-03T14:06:04.814329
2461134.089050926, A.D. 2026-Apr-03 14:08:14.0000,69.185634,-351351097.3221124,641148873.6709076,283373214.1874623,-11.83661289483418,-4.919546933505822,-1.820549886257491,2026-04-03T14:07:04.814366
2461134.08974537, A.D. 2026-Apr-03 14:09:14.0000,69.185634,-351351807.5172111,641148578.4984198,283373104.9545717,-11.83660630855285,-4.919556460527065,-1.820554043541303,2026-04-03T14:08:04.814362
2461134.090439815, A.D. 2026-Apr-03 14:10:14.0000,69.185634,-351352517.7119162,641148283.3253598,283372995.7214314,-11.83659972651181,-4.919565986675258,-1.820558200473491,2026-04-03T14:09:04.814399
2461134.091134259, A.D. 2026-Apr-03 14:11:14.0000,69.185634,-351353227.9062251,641147988.1517289,283372886.4880419,-11.83659314871342,-4.9195755119599,-1.820562357058621,2026-04-03T14:10:04.814355
2461134.091828704, A.D. 2026-Apr-03 14:12:14.0000,69.185634,-351353938.1001409,641147692.9775258,283372777.2544028,-11.83658657515996,-4.919585036390593,-1.820566513301306,2026-04-03T14:11:04.814392
2461134.092523148, A.D. 2026-Apr-03 14:13:14.0000,69.185634,-351354648.2936609,641147397.802752,283372668.0205145,-11.8365800058537,-4.919594559976884,-1.820570669206136,2026-04-03T14:12:04.814348
2461134.093217593, A.D. 2026-Apr-03 14:14:14.0000,69.185634,-351355358.4867883,641147102.6274061,283372558.7863767,-11.83657344079683,-4.919604082728422,-1.820574824777745,2026-04-03T14:13:04.814425
2461134.093912037, A.D. 2026-Apr-03 14:15:14.0000,69.185634,-351356068.6795207,641146807.4514896,283372449.5519898,-11.83656687999154,-4.91961360465481,-1.820578980020747,2026-04-03T14:14:04.814381
2461134.094606481, A.D. 2026-Apr-03 14:16:14.0000,69.185634,-351356778.8718607,641146512.275001,283372340.3173534,-11.83656032343993,-4.919623125765744,-1.8205831349398,2026-04-03T14:15:04.814337
2461134.095300926, A.D. 2026-Apr-03 14:17:14.0000,69.185634,-351357489.0638062,641146217.097942,283372231.0824679,-11.8365537711441,-4.919632646070871,-1.820587289539537,2026-04-03T14:16:04.814374
2461134.09599537, A.D. 2026-Apr-03 14:18:14.0000,69.185634,-351358199.2553601,641145921.920311,283372121.8473328,-11.83654722310608,-4.919642165579938,-1.820591443824637,2026-04-03T14:17:04.814330
2461134.096689815, A.D. 2026-Apr-03 14:19:14.0000,69.185634,-351358909.4465198,641145626.7421095,283372012.6119488,-11.83654067932789,-4.919651684302639,-1.820595597799756,2026-04-03T14:18:04.814407
2461134.097384259, A.D. 2026-Apr-03 14:20:14.0000,69.185634,-351359619.6372884,641145331.5633365,283371903.3763154,-11.83653413981145,-4.919661202248764,-1.820599751469595,2026-04-03T14:19:04.814363
2461134.098078704, A.D. 2026-Apr-03 14:21:14.0000,69.185634,-351360329.8276634,641145036.3839927,283371794.140433,-11.83652760455871,-4.919670719428054,-1.820603904838829,2026-04-03T14:20:04.814400
2461134.098773148, A.D. 2026-Apr-03 14:22:14.0000,69.185634,-351361040.0176477,641144741.2040775,283371684.9043011,-11.83652107357152,-4.919680235850341,-1.820608057912177,2026-04-03T14:21:04.814356
2461134.099467593, A.D. 2026-Apr-03 14:23:14.0000,69.185634,-351361750.2072391,641144446.0235919,283371575.6679202,-11.83651454685173,-4.91968975152541,-1.820612210694336,2026-04-03T14:22:04.814393
2461134.100162037, A.D. 2026-Apr-03 14:24:14.0000,69.185634,-351362460.3964403,641144150.8425349,283371466.43129,-11.83650802440112,-4.919699266463139,-1.820616363190045,2026-04-03T14:23:04.814389
2461134.100856482, A.D. 2026-Apr-03 14:25:14.0000,69.185634,-351363170.5852488,641143855.6609075,283371357.1944109,-11.83650150622145,-4.91970878067335,-1.820620515404019,2026-04-03T14:24:04.814426
2461134.101550926, A.D. 2026-Apr-03 14:26:14.0000,69.185634,-351363880.7736678,641143560.4787086,283371247.9572825,-11.83649499231442,-4.919718294165965,-1.820624667341015,2026-04-03T14:25:04.814382
2461134.10224537, A.D. 2026-Apr-03 14:27:14.0000,69.185634,-351364590.9616947,641143265.2959397,283371138.7199051,-11.83648848268171,-4.919727806950847,-1.820628819005768,2026-04-03T14:26:04.814338
2461134.102939815, A.D. 2026-Apr-03 14:28:14.0000,69.185634,-351365301.1493325,641142970.1125994,283371029.4822784,-11.83648197732493,-4.919737319037957,-1.820632970403052,2026-04-03T14:27:04.814375
2461134.103634259, A.D. 2026-Apr-03 14:29:14.0000,69.185634,-351366011.3365788,641142674.9286889,283370920.2444029,-11.8364754762457,-4.919746830437197,-1.820637121537618,2026-04-03T14:28:04.814371
2461134.104328704, A.D. 2026-Apr-03 14:30:14.0000,69.185634,-351366721.5234365,641142379.7442073,283370811.0062781,-11.83646897944553,-4.919756341158566,-1.82064127241426,2026-04-03T14:29:04.814408
2461134.105023148, A.D. 2026-Apr-03 14:31:14.0000,69.185634,-351367431.7099031,641142084.5591555,283370701.7679045,-11.83646248692596,-4.919765851212006,-1.820645423037747,2026-04-03T14:30:04.814364
2461134.105717592, A.D. 2026-Apr-03 14:32:14.0000,69.185634,-351368141.8959818,641141789.3735325,283370592.5292816,-11.83645599868843,-4.919775360607551,-1.820649573412887,2026-04-03T14:31:04.814320
2461134.106412037, A.D. 2026-Apr-03 14:33:14.0000,69.185634,-351368852.0816698,641141494.1873398,283370483.2904099,-11.8364495147344,-4.919784869355181,-1.820653723544465,2026-04-03T14:32:04.814357
2461134.107106482, A.D. 2026-Apr-03 14:34:14.0000,69.185634,-351369562.2669704,641141199.0005758,283370374.0512891,-11.83644303506522,-4.919794377464964,-1.820657873437307,2026-04-03T14:33:04.814434
2461134.107800926, A.D. 2026-Apr-03 14:35:14.0000,69.185634,-351370272.4518809,641140903.813242,283370264.8119194,-11.83643655968227,-4.919803884946915,-1.820662023096213,2026-04-03T14:34:04.814390
2461134.10849537, A.D. 2026-Apr-03 14:36:14.0000,69.185634,-351370982.6364044,641140608.6253371,283370155.5723005,-11.83643008858684,-4.919813391811139,-1.820666172526026,2026-04-03T14:35:04.814346
2461134.109189815, A.D. 2026-Apr-03 14:37:14.0000,69.185634,-351371692.8205383,641140313.4368626,283370046.332433,-11.83642362178021,-4.919822898067682,-1.820670321731559,2026-04-03T14:36:04.814383
2461134.109884259, A.D. 2026-Apr-03 14:38:14.0000,69.185634,-351372403.0042858,641140018.2478169,283369937.0923162,-11.83641715926359,-4.919832403726685,-1.820674470717669,2026-04-03T14:37:04.814339
2461134.110578704, A.D. 2026-Apr-03 14:39:14.0000,69.185634,-351373113.1876443,641139723.0582016,283369827.8519507,-11.83641070103821,-4.919841908798227,-1.820678619489187,2026-04-03T14:38:04.814416
2461134.111273148, A.D. 2026-Apr-03 14:40:14.0000,69.185634,-351373823.3706168,641139427.8680154,283369718.6113362,-11.83640424710517,-4.919851413292476,-1.820682768050982,2026-04-03T14:39:04.814372
2461134.111967593, A.D. 2026-Apr-03 14:41:14.0000,69.185634,-351374533.5532008,641139132.6772596,283369609.3704728,-11.83639779746563,-4.919860917219546,-1.820686916407898,2026-04-03T14:40:04.814409
2461134.112662037, A.D. 2026-Apr-03 14:42:14.0000,69.185634,-351375243.7353994,641138837.4859328,283369500.1293604,-11.83639135212064,-4.919870420589636,-1.82069106456482,2026-04-03T14:41:04.814365
2461134.113356481, A.D. 2026-Apr-03 14:43:14.0000,69.185634,-351375953.9172099,641138542.2940366,283369390.8879994,-11.83638491107124,-4.919879923412888,-1.820695212526604,2026-04-03T14:42:04.814321
2461134.114050926, A.D. 2026-Apr-03 14:44:14.0000,69.185634,-351376664.0986355,641138247.1015695,283369281.6463892,-11.83637847431842,-4.919889425699535,-1.820699360298149,2026-04-03T14:43:04.814398
2461134.114745371, A.D. 2026-Apr-03 14:45:14.0000,69.185634,-351377374.2796736,641137951.9085331,283369172.4045304,-11.83637204186315,-4.919898927459742,-1.820703507884323,2026-04-03T14:44:04.814435
2461134.115439815, A.D. 2026-Apr-03 14:46:14.0000,69.185634,-351378084.4603274,641137656.7149259,283369063.1624225,-11.83636561370634,-4.919908428703773,-1.820707655290037,2026-04-03T14:45:04.814391
2461134.116134259, A.D. 2026-Apr-03 14:47:14.0000,69.185634,-351378794.6405942,641137361.5207492,283368953.9200661,-11.83635918984889,-4.919917929441822,-1.820711802520173,2026-04-03T14:46:04.814347
2461134.116828704, A.D. 2026-Apr-03 14:48:14.0000,69.185634,-351379504.8204771,641137066.3260019,283368844.6774605,-11.83635277029161,-4.919927429684178,-1.820715949579651,2026-04-03T14:47:04.814384
2461134.117523148, A.D. 2026-Apr-03 14:49:14.0000,69.185634,-351380214.9999735,641136771.1306852,283368735.4346064,-11.83634635503535,-4.919936929441064,-1.820720096473368,2026-04-03T14:48:04.814380
2461134.118217593, A.D. 2026-Apr-03 14:50:14.0000,69.185634,-351380925.1790851,641136475.9347985,283368626.1915034,-11.83633994408084,-4.919946428722772,-1.820724243206246,2026-04-03T14:49:04.814417
2461134.118912037, A.D. 2026-Apr-03 14:51:14.0000,69.185634,-351381635.3578135,641136180.7383413,283368516.9481515,-11.83633353742882,-4.919955927539611,-1.820728389783217,2026-04-03T14:50:04.814373
2461134.119606481, A.D. 2026-Apr-03 14:52:14.0000,69.185634,-351382345.5361565,641135885.5413147,283368407.704551,-11.83632713508,-4.919965425901842,-1.82073253620919,2026-04-03T14:51:04.814329
2461134.120300926, A.D. 2026-Apr-03 14:53:14.0000,69.185634,-351383055.7141167,641135590.3437177,283368298.4607014,-11.83632073703501,-4.919974923819812,-1.820736682489115,2026-04-03T14:52:04.814366
2461134.12099537, A.D. 2026-Apr-03 14:54:14.0000,69.185634,-351383765.8916917,641135295.1455516,283368189.2166033,-11.8363143432945,-4.919984421303809,-1.820740828627912,2026-04-03T14:53:04.814362
2461134.121689815, A.D. 2026-Apr-03 14:55:14.0000,69.185634,-351384476.0688847,641134999.9468148,283368079.9722563,-11.83630795385901,-4.919993918364205,-1.820744974630541,2026-04-03T14:54:04.814399
2461134.122384259, A.D. 2026-Apr-03 14:56:14.0000,69.185634,-351385186.2456931,641134704.7475089,283367970.7276607,-11.83630156872912,-4.920003415011309,-1.820749120501932,2026-04-03T14:55:04.814355
2461134.123078704, A.D. 2026-Apr-03 14:57:14.0000,69.185634,-351385896.4221198,641134409.5476325,283367861.4828161,-11.8362951879053,-4.920012911255515,-1.820753266247054,2026-04-03T14:56:04.814392
2461134.123773148, A.D. 2026-Apr-03 14:58:14.0000,69.185634,-351386606.5981625,641134114.347187,283367752.2377231,-11.83628881138805,-4.920022407107154,-1.820757411870848,2026-04-03T14:57:04.814348
2461134.124467593, A.D. 2026-Apr-03 14:59:14.0000,69.185634,-351387316.773824,641133819.1461713,283367642.992381,-11.83628243917778,-4.920031902576638,-1.82076155737829,2026-04-03T14:58:04.814425
2461134.125162037, A.D. 2026-Apr-03 15:00:14.0000,69.185634,-351388026.949102,641133523.9445863,283367533.7467904,-11.83627607127492,-4.920041397674321,-1.82076570277433,2026-04-03T14:59:04.814381
2461134.125856481, A.D. 2026-Apr-03 15:01:14.0000,69.185634,-351388737.1239995,641133228.7424312,283367424.5009509,-11.83626970767978,-4.92005089241064,-1.820769848063954,2026-04-03T15:00:04.814337
2461134.126550926, A.D. 2026-Apr-03 15:02:14.0000,69.185634,-351389447.2985139,641132933.5397068,283367315.2548629,-11.83626334839272,-4.920060386795962,-1.820773993252119,2026-04-03T15:01:04.814374
2461134.12724537, A.D. 2026-Apr-03 15:03:14.0000,69.185634,-351390157.4726482,641132638.3364123,283367206.008526,-11.83625699341401,-4.920069880840742,-1.82077813834382,2026-04-03T15:02:04.814330
2461134.127939815, A.D. 2026-Apr-03 15:04:14.0000,69.185634,-351390867.6463999,641132343.1325488,283367096.7619407,-11.8362506427439,-4.920079374555372,-1.820782283344021,2026-04-03T15:03:04.814407
2461134.128634259, A.D. 2026-Apr-03 15:05:14.0000,69.185634,-351391577.8197708,641132047.9281155,283366987.5151066,-11.83624429638261,-4.920088867950303,-1.820786428257718,2026-04-03T15:04:04.814363
2461134.129328704, A.D. 2026-Apr-03 15:06:14.0000,69.185634,-351392287.9927624,641131752.7231121,283366878.2680236,-11.8362379543303,-4.920098361036,-1.820790573089906,2026-04-03T15:05:04.814400
2461134.130023148, A.D. 2026-Apr-03 15:07:14.0000,69.185634,-351392998.1653722,641131457.5175397,283366769.0206921,-11.83623161658713,-4.920107853822877,-1.820794717845561,2026-04-03T15:06:04.814356
2461134.130717593, A.D. 2026-Apr-03 15:08:14.0000,69.185634,-351393708.3376033,641131162.3113973,283366659.7731117,-11.83622528315318,-4.920117346321431,-1.820798862529698,2026-04-03T15:07:04.814393
2461134.131412037, A.D. 2026-Apr-03 15:09:14.0000,69.185634,-351394418.5094531,641130867.1046859,283366550.5252829,-11.83621895402856,-4.920126838542093,-1.820803007147298,2026-04-03T15:08:04.814389
2461134.132106482, A.D. 2026-Apr-03 15:10:14.0000,69.185634,-351395128.6809247,641130571.8974043,283366441.2772052,-11.83621262921326,-4.920136330495381,-1.820807151703379,2026-04-03T15:09:04.814426
2461134.132800926, A.D. 2026-Apr-03 15:11:14.0000,69.185634,-351395838.8520154,641130276.6895539,283366332.028879,-11.8362063087073,-4.920145822191735,-1.820811296202933,2026-04-03T15:10:04.814382
2461134.13349537, A.D. 2026-Apr-03 15:12:14.0000,69.185634,-351396549.0227286,641129981.4811331,283366222.7803039,-11.83619999251063,-4.920155313641688,-1.820815440650982,2026-04-03T15:11:04.814338
2461134.134189815, A.D. 2026-Apr-03 15:13:14.0000,69.185634,-351397259.1930615,641129686.2721437,283366113.5314804,-11.8361936806232,-4.920164804855699,-1.820819585052522,2026-04-03T15:12:04.814375
2461134.134884259, A.D. 2026-Apr-03 15:14:14.0000,69.185634,-351397969.3630171,641129391.0625842,283366004.282408,-11.83618737304486,-4.92017429584431,-1.820823729412585,2026-04-03T15:13:04.814371
2461134.135578704, A.D. 2026-Apr-03 15:15:14.0000,69.185634,-351398679.5325931,641129095.8524559,283365895.0330872,-11.83618106977551,-4.920183786617995,-1.82082787373617,2026-04-03T15:14:04.814408
2461134.136273148, A.D. 2026-Apr-03 15:16:14.0000,69.185634,-351399389.701791,641128800.641758,283365785.7835177,-11.83617477081494,-4.920193277187292,-1.820832018028304,2026-04-03T15:15:04.814364
2461134.136967592, A.D. 2026-Apr-03 15:17:14.0000,69.185634,-351400099.8706125,641128505.4304901,283365676.5336993,-11.83616847616293,-4.920202767562741,-1.820836162294019,2026-04-03T15:16:04.814320
2461134.137662037, A.D. 2026-Apr-03 15:18:14.0000,69.185634,-351400810.039055,641128210.2186536,283365567.2836325,-11.83616218581926,-4.920212257754836,-1.82084030653832,2026-04-03T15:17:04.814357
2461134.138356482, A.D. 2026-Apr-03 15:19:14.0000,69.185634,-351401520.2071217,641127915.0062469,283365458.0333168,-11.83615589978361,-4.920221747774151,-1.820844450766251,2026-04-03T15:18:04.814434
2461134.139050926, A.D. 2026-Apr-03 15:20:14.0000,69.185634,-351402230.3748099,641127619.7932714,283365348.7827528,-11.8361496180557,-4.920231237631188,-1.820848594982824,2026-04-03T15:19:04.814390
2461134.13974537, A.D. 2026-Apr-03 15:21:14.0000,69.185634,-351402940.5421228,641127324.579726,283365239.5319397,-11.83614334063513,-4.920240727336531,-1.820852739193087,2026-04-03T15:20:04.814346
2461134.140439815, A.D. 2026-Apr-03 15:22:14.0000,69.185634,-351403650.7090577,641127029.3656118,283365130.2808784,-11.83613706752155,-4.920250216900695,-1.820856883402054,2026-04-03T15:21:04.814383
2461134.141134259, A.D. 2026-Apr-03 15:23:14.0000,69.185634,-351404360.8756164,641126734.1509283,283365021.0295683,-11.83613079871451,-4.920259706334252,-1.820861027614768,2026-04-03T15:22:04.814339
2461134.141828704, A.D. 2026-Apr-03 15:24:14.0000,69.185634,-351405071.0418005,641126438.9356747,283364911.7780094,-11.83612453421355,-4.920269195647785,-1.820865171836273,2026-04-03T15:23:04.814416
2461134.142523148, A.D. 2026-Apr-03 15:25:14.0000,69.185634,-351405781.2076074,641126143.7198523,283364802.526202,-11.8361182740182,-4.920278684851821,-1.820869316071591,2026-04-03T15:24:04.814372
2461134.143217593, A.D. 2026-Apr-03 15:26:14.0000,69.185634,-351406491.3730403,641125848.50346,283364693.2741457,-11.8361120181279,-4.920288173956965,-1.820873460325776,2026-04-03T15:25:04.814409
2461134.143912037, A.D. 2026-Apr-03 15:27:14.0000,69.185634,-351407201.5380965,641125553.2864991,283364584.021841,-11.83610576654211,-4.920297662973755,-1.820877604603854,2026-04-03T15:26:04.814365
2461134.144606481, A.D. 2026-Apr-03 15:28:14.0000,69.185634,-351407911.7027792,641125258.0689682,283364474.7692875,-11.83609951926023,-4.920307151912805,-1.820881748910882,2026-04-03T15:27:04.814321
2461134.145300926, A.D. 2026-Apr-03 15:29:14.0000,69.185634,-351408621.8670858,641124962.8508686,283364365.5164855,-11.83609327628163,-4.920316640784661,-1.820885893251887,2026-04-03T15:28:04.814398
2461134.145995371, A.D. 2026-Apr-03 15:30:14.0000,69.185634,-351409332.0310179,641124667.6321995,283364256.2634348,-11.83608703760564,-4.920326129599922,-1.820890037631921,2026-04-03T15:29:04.814435
2461134.146689815, A.D. 2026-Apr-03 15:31:14.0000,69.185634,-351410042.1945772,641124372.4129606,283364147.0101354,-11.83608080323156,-4.920335618369199,-1.820894182056038,2026-04-03T15:30:04.814391
2461134.147384259, A.D. 2026-Apr-03 15:32:14.0000,69.185634,-351410752.3577612,641124077.193153,283364037.7565873,-11.83607457315867,-4.920345107103043,-1.820898326529268,2026-04-03T15:31:04.814347
2461134.148078704, A.D. 2026-Apr-03 15:33:14.0000,69.185634,-351411462.5205728,641123781.9727755,283363928.5027905,-11.83606834738617,-4.920354595812085,-1.820902471056674,2026-04-03T15:32:04.814384
2461134.148773148, A.D. 2026-Apr-03 15:34:14.0000,69.185634,-351412172.6830098,641123486.7518291,283363819.2487451,-11.8360621259133,-4.920364084506883,-1.820906615643288,2026-04-03T15:33:04.814380
2461134.149467593, A.D. 2026-Apr-03 15:35:14.0000,69.185634,-351412882.845075,641123191.530313,283363709.9944509,-11.83605590873921,-4.920373573198077,-1.820910760294175,2026-04-03T15:34:04.814417
2461134.150162037, A.D. 2026-Apr-03 15:36:14.0000,69.185634,-351413593.0067657,641122896.308228,283363600.7399082,-11.83604969586303,-4.92038306189623,-1.820914905014368,2026-04-03T15:35:04.814373
2461134.150856481, A.D. 2026-Apr-03 15:37:14.0000,69.185634,-351414303.168084,641122601.0855738,283363491.4851168,-11.83604348728386,-4.920392550611961,-1.820919049808925,2026-04-03T15:36:04.814329
2461134.151550926, A.D. 2026-Apr-03 15:38:14.0000,69.185634,-351415013.3290312,641122305.8623496,283363382.2300766,-11.83603728300075,-4.920402039355897,-1.820923194682904,2026-04-03T15:37:04.814366
2461134.15224537, A.D. 2026-Apr-03 15:39:14.0000,69.185634,-351415723.4896048,641122010.6385567,283363272.9747878,-11.83603108301277,-4.920411528138607,-1.820927339641339,2026-04-03T15:38:04.814362
2461134.152939815, A.D. 2026-Apr-03 15:40:14.0000,69.185634,-351416433.649808,641121715.4141939,283363163.7192501,-11.83602488731887,-4.920421016970737,-1.820931484689299,2026-04-03T15:39:04.814399
2461134.153634259, A.D. 2026-Apr-03 15:41:14.0000,69.185634,-351417143.8096383,641121420.1892624,283363054.463464,-11.83601869591805,-4.920430505862861,-1.820935629831816,2026-04-03T15:40:04.814355
2461134.154328704, A.D. 2026-Apr-03 15:42:14.0000,69.185634,-351417853.9690985,641121124.9637609,283362945.2074289,-11.83601250880923,-4.920439994825625,-1.820939775073961,2026-04-03T15:41:04.814392
2461134.155023148, A.D. 2026-Apr-03 15:43:14.0000,69.185634,-351418564.1281863,641120829.7376907,283362835.9511453,-11.83600632599132,-4.920449483869607,-1.820943920420765,2026-04-03T15:42:04.814348
2461134.155717593, A.D. 2026-Apr-03 15:44:14.0000,69.185634,-351419274.2869032,641120534.511051,283362726.694613,-11.83600014746317,-4.920458973005438,-1.82094806587729,2026-04-03T15:43:04.814425
2461134.156412037, A.D. 2026-Apr-03 15:45:14.0000,69.185634,-351419984.4452509,641120239.2838416,283362617.4378317,-11.8359939732236,-4.92046846224375,-1.820952211448595,2026-04-03T15:44:04.814381
2461134.157106481, A.D. 2026-Apr-03 15:46:14.0000,69.185634,-351420694.6032269,641119944.0560633,283362508.1808019,-11.83598780327145,-4.920477951595123,-1.820956357139714,2026-04-03T15:45:04.814337
2461134.157800926, A.D. 2026-Apr-03 15:47:14.0000,69.185634,-351421404.7608343,641119648.827715,283362398.9235232,-11.83598163760544,-4.920487441070208,-1.820960502955714,2026-04-03T15:46:04.814374
2461134.15849537, A.D. 2026-Apr-03 15:48:14.0000,69.185634,-351422114.9180704,641119353.598798,283362289.665996,-11.83597547622435,-4.920496930679582,-1.820964648901628,2026-04-03T15:47:04.814330
2461134.159189815, A.D. 2026-Apr-03 15:49:14.0000,69.185634,-351422825.0749369,641119058.3693117,283362180.4082199,-11.83596931912686,-4.920506420433882,-1.820968794982515,2026-04-03T15:48:04.814407
2461134.159884259, A.D. 2026-Apr-03 15:50:14.0000,69.185634,-351423535.2314356,641118763.1392553,283362071.1501948,-11.83596316631162,-4.92051591034374,-1.820972941203432,2026-04-03T15:49:04.814363
2461134.160578704, A.D. 2026-Apr-03 15:51:14.0000,69.185634,-351424245.3875639,641118467.9086301,283361961.8919212,-11.83595701777729,-4.920525400419734,-1.820977087569411,2026-04-03T15:50:04.814400
2461134.161273148, A.D. 2026-Apr-03 15:52:14.0000,69.185634,-351424955.5433246,641118172.6774349,283361852.6333987,-11.83595087352247,-4.920534890672516,-1.820981234085517,2026-04-03T15:51:04.814356
2461134.161967593, A.D. 2026-Apr-03 15:53:14.0000,69.185634,-351425665.6987156,641117877.445671,283361743.3746275,-11.83594473354573,-4.920544381112665,-1.820985380756779,2026-04-03T15:52:04.814393
2461134.162662037, A.D. 2026-Apr-03 15:54:14.0000,69.185634,-351426375.8537383,641117582.2133375,283361634.1156076,-11.83593859784561,-4.92055387175081,-1.820989527588254,2026-04-03T15:53:04.814389
2461134.163356482, A.D. 2026-Apr-03 15:55:14.0000,69.185634,-351427086.0083943,641117286.980434,283361524.8563386,-11.83593246642059,-4.920563362597584,-1.820993674584993,2026-04-03T15:54:04.814426
2461134.164050926, A.D. 2026-Apr-03 15:56:14.0000,69.185634,-351427796.1626812,641116991.7469617,283361415.596821,-11.83592633926919,-4.920572853663562,-1.820997821752026,2026-04-03T15:55:04.814382
2461134.16474537, A.D. 2026-Apr-03 15:57:14.0000,69.185634,-351428506.316602,641116696.5129193,283361306.3370543,-11.83592021638981,-4.92058234495939,-1.821001969094412,2026-04-03T15:56:04.814338
2461134.165439815, A.D. 2026-Apr-03 15:58:14.0000,69.185634,-351429216.4701541,641116401.2783079,283361197.077039,-11.8359140977809,-4.920591836495641,-1.821006116617177,2026-04-03T15:57:04.814375
2461134.166134259, A.D. 2026-Apr-03 15:59:14.0000,69.185634,-351429926.6233393,641116106.0431272,283361087.8167748,-11.8359079834408,-4.920601328282941,-1.821010264325371,2026-04-03T15:58:04.814371
2461134.166828704, A.D. 2026-Apr-03 16:00:14.0000,69.185634,-351430636.7761591,641115810.8073763,283360978.5562616,-11.83590187336787,-4.920610820331916,-1.821014412224041,2026-04-03T15:59:04.814408
2461134.167523148, A.D. 2026-Apr-03 16:01:14.0000,69.185634,-351431346.928611,641115515.5710565,283360869.2954997,-11.83589576756043,-4.92062031265313,-1.821018560318209,2026-04-03T16:00:04.814364
2461134.168217592, A.D. 2026-Apr-03 16:02:14.0000,69.185634,-351432057.0806968,641115220.334167,283360760.0344889,-11.83588966601676,-4.920629805257207,-1.821022708612921,2026-04-03T16:01:04.814320
2461134.168912037, A.D. 2026-Apr-03 16:03:14.0000,69.185634,-351432767.2324179,641114925.0967076,283360650.7732291,-11.83588356873509,-4.920639298154764,-1.82102685711322,2026-04-03T16:02:04.814357
2461134.169606482, A.D. 2026-Apr-03 16:04:14.0000,69.185634,-351433477.383772,641114629.858679,283360541.5117205,-11.83587747571366,-4.920648791356362,-1.821031005824125,2026-04-03T16:03:04.814434
2461134.170300926, A.D. 2026-Apr-03 16:05:14.0000,69.185634,-351434187.534762,641114334.6200802,283360432.2499627,-11.83587138695065,-4.920658284872634,-1.821035154750685,2026-04-03T16:04:04.814390
2461134.17099537, A.D. 2026-Apr-03 16:06:14.0000,69.185634,-351434897.6853854,641114039.3809125,283360322.9879563,-11.83586530244421,-4.920667778714138,-1.821039303897912,2026-04-03T16:05:04.814346
2461134.171689815, A.D. 2026-Apr-03 16:07:14.0000,69.185634,-351435607.8356438,641113744.1411752,283360213.7257008,-11.83585922219248,-4.92067727289148,-1.821043453270847,2026-04-03T16:06:04.814383
2461134.172384259, A.D. 2026-Apr-03 16:08:14.0000,69.185634,-351436317.9855391,641113448.9008675,283360104.4631962,-11.83585314619352,-4.920686767415268,-1.821047602874522,2026-04-03T16:07:04.814339
2461134.173078704, A.D. 2026-Apr-03 16:09:14.0000,69.185634,-351437028.1350684,641113153.6599908,283359995.2004428,-11.83584707444541,-4.920696262296052,-1.821051752713947,2026-04-03T16:08:04.814416
2461134.173773148, A.D. 2026-Apr-03 16:10:14.0000,69.185634,-351437738.2842349,641112858.4185437,283359885.9374402,-11.83584100694618,-4.920705757544448,-1.821055902794164,2026-04-03T16:09:04.814372
2461134.174467593, A.D. 2026-Apr-03 16:11:14.0000,69.185634,-351438448.4330362,641112563.1765276,283359776.6741889,-11.83583494369382,-4.920715253170998,-1.821060053120176,2026-04-03T16:10:04.814409
2461134.175162037, A.D. 2026-Apr-03 16:12:14.0000,69.185634,-351439158.5814738,641112267.9339417,283359667.4106884,-11.8358288846863,-4.920724749186297,-1.821064203697011,2026-04-03T16:11:04.814365
2461134.175856481, A.D. 2026-Apr-03 16:13:14.0000,69.185634,-351439868.7295493,641111972.6907854,283359558.1469387,-11.83582282992155,-4.920734245600936,-1.821068354529695,2026-04-03T16:12:04.814321
2461134.176550926, A.D. 2026-Apr-03 16:14:14.0000,69.185634,-351440578.8772604,641111677.44706,283359448.8829402,-11.83581677939748,-4.920743742425445,-1.821072505623226,2026-04-03T16:13:04.814398
2461134.177245371, A.D. 2026-Apr-03 16:15:14.0000,69.185634,-351441289.0246084,641111382.2027647,283359339.6186926,-11.83581073311195,-4.920753239670407,-1.821076656982627,2026-04-03T16:14:04.814435
2461134.177939815, A.D. 2026-Apr-03 16:16:14.0000,69.185634,-351441999.1715953,641111086.957899,283359230.3541958,-11.83580469106281,-4.920762737346403,-1.821080808612914,2026-04-03T16:15:04.814391
2461134.178634259, A.D. 2026-Apr-03 16:17:14.0000,69.185634,-351442709.3182184,641110791.712464,283359121.08945,-11.83579865324787,-4.920772235463954,-1.821084960519082,2026-04-03T16:16:04.814347
2461134.179328704, A.D. 2026-Apr-03 16:18:14.0000,69.185634,-351443419.4644793,641110496.466459,283359011.8244551,-11.8357926196649,-4.920781734033628,-1.821089112706143,2026-04-03T16:17:04.814384
2461134.180023148, A.D. 2026-Apr-03 16:19:14.0000,69.185634,-351444129.6103798,641110201.2198837,283358902.5592108,-11.83578659031165,-4.920791233065995,-1.821093265179108,2026-04-03T16:18:04.814380
2461134.180717593, A.D. 2026-Apr-03 16:20:14.0000,69.185634,-351444839.7559171,641109905.9727389,283358793.2937176,-11.83578056518586,-4.920800732571561,-1.821097417942963,2026-04-03T16:19:04.814417
2461134.181412037, A.D. 2026-Apr-03 16:21:14.0000,69.185634,-351445549.9010946,641109610.7250235,283358684.027975,-11.83577454428517,-4.920810232560905,-1.821101571002723,2026-04-03T16:20:04.814373
2461134.182106481, A.D. 2026-Apr-03 16:22:14.0000,69.185634,-351446260.0459094,641109315.4767386,283358574.7619835,-11.83576852760728,-4.920819733044523,-1.821105724363365,2026-04-03T16:21:04.814329
2461134.182800926, A.D. 2026-Apr-03 16:23:14.0000,69.185634,-351446970.1903634,641109020.2278838,283358465.4957427,-11.83576251514979,-4.920829234032964,-1.821109878029892,2026-04-03T16:22:04.814366
2461134.18349537, A.D. 2026-Apr-03 16:24:14.0000,69.185634,-351447680.3344583,641108724.9784584,283358356.2292525,-11.83575650691029,-4.920838735536774,-1.821114032007302,2026-04-03T16:23:04.814362
2461134.184189815, A.D. 2026-Apr-03 16:25:14.0000,69.185634,-351448390.4781913,641108429.7284634,283358246.9625132,-11.83575050288636,-4.920848237566437,-1.821118186300565,2026-04-03T16:24:04.814399
2461134.184884259, A.D. 2026-Apr-03 16:26:14.0000,69.185634,-351449100.6215642,641108134.4778981,283358137.6955247,-11.83574450307553,-4.920857740132487,-1.821122340914674,2026-04-03T16:25:04.814355
2461134.185578704, A.D. 2026-Apr-03 16:27:14.0000,69.185634,-351449810.7645786,641107839.2267623,283358028.4282867,-11.83573850747528,-4.920867243245451,-1.821126495854618,2026-04-03T16:26:04.814392
2461134.186273148, A.D. 2026-Apr-03 16:28:14.0000,69.185634,-351450520.907232,641107543.9750568,283357919.1607996,-11.83573251608311,-4.920876746915801,-1.821130651125362,2026-04-03T16:27:04.814348
2461134.186967593, A.D. 2026-Apr-03 16:29:14.0000,69.185634,-351451231.0495262,641107248.7227811,283357809.8930632,-11.83572652889645,-4.920886251154054,-1.821134806731885,2026-04-03T16:28:04.814425
2461134.187662037, A.D. 2026-Apr-03 16:30:14.0000,69.185634,-351451941.1914626,641106953.4699343,283357700.6250771,-11.8357205459127,-4.920895755970724,-1.821138962679171,2026-04-03T16:29:04.814381
2461134.188356481, A.D. 2026-Apr-03 16:31:14.0000,69.185634,-351452651.3330387,641106658.216518,283357591.356842,-11.83571456712925,-4.920905261376262,-1.821143118972171,2026-04-03T16:30:04.814337
2461134.189050926, A.D. 2026-Apr-03 16:32:14.0000,69.185634,-351453361.4742562,641106362.9625314,283357482.0883575,-11.83570859254346,-4.920914767381168,-1.82114727561586,2026-04-03T16:31:04.814374
2461134.18974537, A.D. 2026-Apr-03 16:33:14.0000,69.185634,-351454071.6151168,641106067.7079738,283357372.8196234,-11.83570262215262,-4.920924273995942,-1.821151432615208,2026-04-03T16:32:04.814330
2461134.190439815, A.D. 2026-Apr-03 16:34:14.0000,69.185634,-351454781.7556179,641105772.4528463,283357263.55064,-11.83569665595405,-4.920933781231015,-1.821155589975159,2026-04-03T16:33:04.814407
2461134.191134259, A.D. 2026-Apr-03 16:35:14.0000,69.185634,-351455491.8957611,641105477.1971484,283357154.2814071,-11.83569069394499,-4.920943289096872,-1.821159747700677,2026-04-03T16:34:04.814363
2461134.191828704, A.D. 2026-Apr-03 16:36:14.0000,69.185634,-351456202.0355482,641105181.9408793,283357045.0119246,-11.83568473612266,-4.92095279760399,-1.821163905796723,2026-04-03T16:35:04.814400
2461134.192523148, A.D. 2026-Apr-03 16:37:14.0000,69.185634,-351456912.1749765,641104886.6840405,283356935.7421928,-11.83567878248429,-4.920962306762785,-1.821168064268228,2026-04-03T16:36:04.814356
2461134.193217593, A.D. 2026-Apr-03 16:38:14.0000,69.185634,-351457622.3140478,641104591.426631,283356826.4722115,-11.83567283302703,-4.920971816583723,-1.821172223120147,2026-04-03T16:37:04.814393
2461134.193912037, A.D. 2026-Apr-03 16:39:14.0000,69.185634,-351458332.4527635,641104296.1686503,283356717.2019804,-11.83566688774802,-4.920981327077262,-1.821176382357431,2026-04-03T16:38:04.814389
2461134.194606482, A.D. 2026-Apr-03 16:40:14.0000,69.185634,-351459042.5911213,641104000.9100996,283356607.9315,-11.83566094664437,-4.920990838253799,-1.821180541985,2026-04-03T16:39:04.814426
2461134.195300926, A.D. 2026-Apr-03 16:41:14.0000,69.185634,-351459752.7291228,641103705.6509781,283356498.6607699,-11.83565500971316,-4.921000350123776,-1.821184702007799,2026-04-03T16:40:04.814382
2461134.19599537, A.D. 2026-Apr-03 16:42:14.0000,69.185634,-351460462.8667695,641103410.3912853,283356389.3897901,-11.83564907695142,-4.921009862697635,-1.821188862430766,2026-04-03T16:41:04.814338
2461134.196689815, A.D. 2026-Apr-03 16:43:14.0000,69.185634,-351461173.004059,641103115.1310225,283356280.1185609,-11.83564314835621,-4.921019375985752,-1.821193023258812,2026-04-03T16:42:04.814375
2461134.197384259, A.D. 2026-Apr-03 16:44:14.0000,69.185634,-351461883.1409929,641102819.8701886,283356170.847082,-11.83563722392449,-4.921028889998548,-1.82119718449687,2026-04-03T16:43:04.814371
2461134.198078704, A.D. 2026-Apr-03 16:45:14.0000,69.185634,-351462593.2775729,641102524.6087834,283356061.5753531,-11.83563130365322,-4.921038404746443,-1.821201346149864,2026-04-03T16:44:04.814408
2461134.198773148, A.D. 2026-Apr-03 16:46:14.0000,69.185634,-351463303.4137964,641102229.3468078,283355952.3033748,-11.83562538753934,-4.921047920239792,-1.821205508222698,2026-04-03T16:45:04.814364
2461134.199467592, A.D. 2026-Apr-03 16:47:14.0000,69.185634,-351464013.549665,641101934.0842614,283355843.0311467,-11.83561947557975,-4.921057436488994,-1.821209670720289,2026-04-03T16:46:04.814320
2461134.200162037, A.D. 2026-Apr-03 16:48:14.0000,69.185634,-351464723.6851804,641101638.8211433,283355733.7586687,-11.83561356777131,-4.921066953504448,-1.821213833647553,2026-04-03T16:47:04.814357
2461134.200856482, A.D. 2026-Apr-03 16:49:14.0000,69.185634,-351465433.8203402,641101343.5574547,283355624.4859411,-11.83560766411087,-4.921076471296486,-1.821217997009379,2026-04-03T16:48:04.814434
2461134.201550926, A.D. 2026-Apr-03 16:50:14.0000,69.185634,-351466143.9551458,641101048.2931951,283355515.2129636,-11.83560176459525,-4.921085989875487,-1.821222160810672,2026-04-03T16:49:04.814390
2461134.20224537, A.D. 2026-Apr-03 16:51:14.0000,69.185634,-351466854.089599,641100753.0283638,283355405.9397362,-11.83559586922121,-4.921095509251825,-1.821226325056338,2026-04-03T16:50:04.814346
2461134.202939815, A.D. 2026-Apr-03 16:52:14.0000,69.185634,-351467564.2236971,641100457.7629619,283355296.6662591,-11.83558997798552,-4.921105029435807,-1.821230489751251,2026-04-03T16:51:04.814383
2461134.203634259, A.D. 2026-Apr-03 16:53:14.0000,69.185634,-351468274.3574419,641100162.4969887,283355187.3925321,-11.83558409088491,-4.92111455043779,-1.821234654900306,2026-04-03T16:52:04.814339
2461134.204328704, A.D. 2026-Apr-03 16:54:14.0000,69.185634,-351468984.4908351,641099867.2304436,283355078.1185548,-11.83557820791605,-4.921124072268126,-1.821238820508394,2026-04-03T16:53:04.814416
2461134.205023148, A.D. 2026-Apr-03 16:55:14.0000,69.185634,-351469694.6238739,641099571.9633278,283354968.844328,-11.83557232907562,-4.921133594937097,-1.821242986580376,2026-04-03T16:54:04.814372
2461134.205717593, A.D. 2026-Apr-03 16:56:14.0000,69.185634,-351470404.7565602,641099276.6956407,283354859.5698511,-11.83556645436026,-4.921143118455037,-1.821247153121137,2026-04-03T16:55:04.814409
2461134.206412037, A.D. 2026-Apr-03 16:57:14.0000,69.185634,-351471114.8888955,641098981.4273814,283354750.2951241,-11.83556058376656,-4.921152642832269,-1.821251320135552,2026-04-03T16:56:04.814365
2461134.207106481, A.D. 2026-Apr-03 16:58:14.0000,69.185634,-351471825.0208773,641098686.1585513,283354641.0201471,-11.83555471729112,-4.921162168079055,-1.821255487628471,2026-04-03T16:57:04.814321
2461134.207800926, A.D. 2026-Apr-03 16:59:14.0000,69.185634,-351472535.1525072,641098390.8891497,283354531.7449201,-11.83554885493048,-4.921171694205701,-1.821259655604762,2026-04-03T16:58:04.814398
2461134.208495371, A.D. 2026-Apr-03 17:00:14.0000,69.185634,-351473245.2837855,641098095.6191764,283354422.469443,-11.83554299668115,-4.921181221222488,-1.821263824069282,2026-04-03T16:59:04.814435
2461134.209189815, A.D. 2026-Apr-03 17:01:14.0000,69.185634,-351473955.4147139,641097800.348631,283354313.1937156,-11.83553714253961,-4.921190749139706,-1.82126799302689,2026-04-03T17:00:04.814391
2461134.209884259, A.D. 2026-Apr-03 17:02:14.0000,69.185634,-351474665.5452897,641097505.0775143,283354203.9177383,-11.83553129250235,-4.921200277967583,-1.821272162482418,2026-04-03T17:01:04.814347
2461134.210578704, A.D. 2026-Apr-03 17:03:14.0000,69.185634,-351475375.6755146,641097209.8058261,283354094.6415107,-11.83552544656579,-4.921209807716388,-1.821276332440715,2026-04-03T17:02:04.814384
2461134.211273148, A.D. 2026-Apr-03 17:04:14.0000,69.185634,-351476085.8053903,641096914.5335653,283353985.3650328,-11.83551960472632,-4.921219338396387,-1.821280502906627,2026-04-03T17:03:04.814380
2461134.211967593, A.D. 2026-Apr-03 17:05:14.0000,69.185634,-351476795.9349143,641096619.2607334,283353876.0883048,-11.83551376698034,-4.92122887001778,-1.821284673884971,2026-04-03T17:04:04.814417
2461134.212662037, A.D. 2026-Apr-03 17:06:14.0000,69.185634,-351477506.064088,641096323.9873294,283353766.8113266,-11.83550793332417,-4.921238402590811,-1.821288845380582,2026-04-03T17:05:04.814373
2461134.213356481, A.D. 2026-Apr-03 17:07:14.0000,69.185634,-351478216.1929133,641096028.7133528,283353657.5340977,-11.83550210375413,-4.921247936125719,-1.821293017398294,2026-04-03T17:06:04.814329
2461134.214050926, A.D. 2026-Apr-03 17:08:14.0000,69.185634,-351478926.3213875,641095733.4388049,283353548.2566189,-11.83549627826654,-4.921257470632672,-1.821297189942905,2026-04-03T17:07:04.814366
2461134.21474537, A.D. 2026-Apr-03 17:09:14.0000,69.185634,-351479636.4495124,641095438.1636848,283353438.9788896,-11.83549045685762,-4.921267006121891,-1.82130136301924,2026-04-03T17:08:04.814362
2461134.215439815, A.D. 2026-Apr-03 17:10:14.0000,69.185634,-351480346.577288,641095142.8879926,283353329.70091,-11.83548463952362,-4.921276542603565,-1.821305536632105,2026-04-03T17:09:04.814399
2461134.216134259, A.D. 2026-Apr-03 17:11:14.0000,69.185634,-351481056.7047161,641094847.6117276,283353220.4226797,-11.83547882626072,-4.921286080087893,-1.821309710786313,2026-04-03T17:10:04.814355
2461134.216828704, A.D. 2026-Apr-03 17:12:14.0000,69.185634,-351481766.8317943,641094552.3348908,283353111.1441991,-11.83547301706512,-4.921295618585009,-1.821313885486646,2026-04-03T17:11:04.814392
2461134.217523148, A.D. 2026-Apr-03 17:13:14.0000,69.185634,-351482476.9585239,641094257.0574818,283353001.865468,-11.83546721193296,-4.921305158105094,-1.821318060737906,2026-04-03T17:12:04.814348
2461134.218217593, A.D. 2026-Apr-03 17:14:14.0000,69.185634,-351483187.0849067,641093961.7794997,283352892.5864862,-11.83546141086034,-4.921314698658318,-1.821322236544888,2026-04-03T17:13:04.814425
2461134.218912037, A.D. 2026-Apr-03 17:15:14.0000,69.185634,-351483897.2109402,641093666.5009458,283352783.3072541,-11.83545561384337,-4.921324240254783,-1.82132641291236,2026-04-03T17:14:04.814381
2461134.219606481, A.D. 2026-Apr-03 17:16:14.0000,69.185634,-351484607.3366261,641093371.2218194,283352674.0277713,-11.83544982087809,-4.92133378290464,-1.821330589845107,2026-04-03T17:15:04.814337
2461134.220300926, A.D. 2026-Apr-03 17:17:14.0000,69.185634,-351485317.4619644,641093075.9421203,283352564.7480379,-11.83544403196054,-4.921343326618015,-1.821334767347903,2026-04-03T17:16:04.814374
2461134.22099537, A.D. 2026-Apr-03 17:18:14.0000,69.185634,-351486027.586957,641092780.661848,283352455.4680536,-11.83543824708671,-4.921352871405033,-1.821338945425523,2026-04-03T17:17:04.814330
2461134.221689815, A.D. 2026-Apr-03 17:19:14.0000,69.185634,-351486737.7116012,641092485.3810036,283352346.1878189,-11.83543246625259,-4.921362417275762,-1.821343124082713,2026-04-03T17:18:04.814407
2461134.222384259, A.D. 2026-Apr-03 17:20:14.0000,69.185634,-351487447.8358986,641092190.0995865,283352236.9073334,-11.83542668945412,-4.92137196424031,-1.821347303324237,2026-04-03T17:19:04.814363
2461134.223078704, A.D. 2026-Apr-03 17:21:14.0000,69.185634,-351488157.959851,641091894.8175957,283352127.6265969,-11.83542091668721,-4.921381512308777,-1.821351483154857,2026-04-03T17:20:04.814400
2461134.223773148, A.D. 2026-Apr-03 17:22:14.0000,69.185634,-351488868.0834557,641091599.5350329,283352018.3456098,-11.83541514794777,-4.921391061491196,-1.8213556635793,2026-04-03T17:21:04.814356
2461134.224467593, A.D. 2026-Apr-03 17:23:14.0000,69.185634,-351489578.2067145,641091304.2518969,283351909.0643719,-11.83540938323164,-4.921400611797648,-1.821359844602316,2026-04-03T17:22:04.814393
2461134.225162037, A.D. 2026-Apr-03 17:24:14.0000,69.185634,-351490288.3296274,641091008.9681879,283351799.7828831,-11.83540362253465,-4.92141016323818,-1.821364026228641,2026-04-03T17:23:04.814389
2461134.225856482, A.D. 2026-Apr-03 17:25:14.0000,69.185634,-351490998.4521962,641090713.6839051,283351690.5011432,-11.83539786585262,-4.921419715822853,-1.821368208463011,2026-04-03T17:24:04.814426
2461134.226550926, A.D. 2026-Apr-03 17:26:14.0000,69.185634,-351491708.5744184,641090418.3990499,283351581.2191526,-11.83539211318132,-4.921429269561654,-1.821372391310135,2026-04-03T17:25:04.814382
2461134.22724537, A.D. 2026-Apr-03 17:27:14.0000,69.185634,-351492418.6962954,641090123.1136214,283351471.9369109,-11.8353863645165,-4.921438824464621,-1.82137657477474,2026-04-03T17:26:04.814338
2461134.227939815, A.D. 2026-Apr-03 17:28:14.0000,69.185634,-351493128.8178278,641089827.8276194,283351362.6544182,-11.83538061985388,-4.921448380541761,-1.821380758861538,2026-04-03T17:27:04.814375
2461134.228634259, A.D. 2026-Apr-03 17:29:14.0000,69.185634,-351493838.9390169,641089532.5410436,283351253.3716742,-11.83537487918915,-4.92145793780309,-1.821384943575243,2026-04-03T17:28:04.814371
2461134.229328704, A.D. 2026-Apr-03 17:30:14.0000,69.185634,-351494549.0598604,641089237.2538948,283351144.0886794,-11.83536914251798,-4.921467496258552,-1.821389128920543,2026-04-03T17:29:04.814408
2461134.230023148, A.D. 2026-Apr-03 17:31:14.0000,69.185634,-351495259.1803597,641088941.9661726,283351034.8054335,-11.835363409836,-4.921477055918142,-1.821393314902141,2026-04-03T17:30:04.814364
2461134.230717592, A.D. 2026-Apr-03 17:32:14.0000,69.185634,-351495969.3005152,641088646.6778767,283350925.5219362,-11.83535768113882,-4.921486616791822,-1.821397501524727,2026-04-03T17:31:04.814320
2461134.231412037, A.D. 2026-Apr-03 17:33:14.0000,69.185634,-351496679.4203286,641088351.3890064,283350816.2381877,-11.83535195642202,-4.92149617888956,-1.821401688792992,2026-04-03T17:32:04.814357
2461134.232106482, A.D. 2026-Apr-03 17:34:14.0000,69.185634,-351497389.5397971,641088056.0995631,283350706.954188,-11.83534623568116,-4.921505742221263,-1.8214058767116,2026-04-03T17:33:04.814434
2461134.232800926, A.D. 2026-Apr-03 17:35:14.0000,69.185634,-351498099.6589225,641087760.8095459,283350597.6699371,-11.83534051891177,-4.921515306796875,-1.821410065285231,2026-04-03T17:34:04.814390
2461134.23349537, A.D. 2026-Apr-03 17:36:14.0000,69.185634,-351498809.7777051,641087465.5189548,283350488.3854349,-11.83533480610934,-4.921524872626314,-1.821414254518552,2026-04-03T17:35:04.814346
2461134.234189815, A.D. 2026-Apr-03 17:37:14.0000,69.185634,-351499519.8961464,641087170.2277892,283350379.100681,-11.83532909726932,-4.921534439719505,-1.821418444416231,2026-04-03T17:36:04.814383
2461134.234884259, A.D. 2026-Apr-03 17:38:14.0000,69.185634,-351500230.0142438,641086874.9360499,283350269.815676,-11.83532339238718,-4.921544008086306,-1.821422634982907,2026-04-03T17:37:04.814339
2461134.235578704, A.D. 2026-Apr-03 17:39:14.0000,69.185634,-351500940.1319991,641086579.6437366,283350160.5304195,-11.83531769145834,-4.921553577736614,-1.821426826223237,2026-04-03T17:38:04.814416
2461134.236273148, A.D. 2026-Apr-03 17:40:14.0000,69.185634,-351501650.2494125,641086284.350849,283350051.2449115,-11.83531199447816,-4.921563148680304,-1.821431018141864,2026-04-03T17:39:04.814372
2461134.236967593, A.D. 2026-Apr-03 17:41:14.0000,69.185634,-351502360.3664856,641085989.0573868,283349941.9591517,-11.83530630144201,-4.921572720927255,-1.821435210743432,2026-04-03T17:40:04.814409
2461134.237662037, A.D. 2026-Apr-03 17:42:14.0000,69.185634,-351503070.4832158,641085693.7633505,283349832.6731406,-11.83530061234524,-4.921582294487273,-1.821439404032555,2026-04-03T17:41:04.814365
2461134.238356481, A.D. 2026-Apr-03 17:43:14.0000,69.185634,-351503780.5996048,641085398.4687399,283349723.386878,-11.83529492718313,-4.921591869370213,-1.821443598013867,2026-04-03T17:42:04.814321
2461134.239050926, A.D. 2026-Apr-03 17:44:14.0000,69.185634,-351504490.7156528,641085103.1735547,283349614.1003636,-11.83528924595098,-4.9216014455859,-1.821447792691987,2026-04-03T17:43:04.814398
2461134.239745371, A.D. 2026-Apr-03 17:45:14.0000,69.185634,-351505200.8313614,641084807.8777944,283349504.8135973,-11.83528356864401,-4.921611023144161,-1.821451988071532,2026-04-03T17:44:04.814435
2461134.240439815, A.D. 2026-Apr-03 17:46:14.0000,69.185634,-351505910.9467281,641084512.5814599,283349395.5265794,-11.83527789525747,-4.921620602054761,-1.821456184157095,2026-04-03T17:45:04.814391
2461134.241134259, A.D. 2026-Apr-03 17:47:14.0000,69.185634,-351506621.0617545,641084217.2845507,283349286.2393098,-11.83527222578655,-4.921630182327504,-1.821460380953282,2026-04-03T17:46:04.814347
2461134.241828704, A.D. 2026-Apr-03 17:48:14.0000,69.185634,-351507331.1764409,641083921.9870665,283349176.9517884,-11.83526656022641,-4.921639763972165,-1.821464578464686,2026-04-03T17:47:04.814384
2461134.242523148, A.D. 2026-Apr-03 17:49:14.0000,69.185634,-351508041.2907889,641083626.6890068,283349067.6640148,-11.83526089857218,-4.921649346998525,-1.821468776695904,2026-04-03T17:48:04.814380
2461134.243217593, A.D. 2026-Apr-03 17:50:14.0000,69.185634,-351508751.4047959,641083331.3903729,283348958.3759896,-11.835255240819,-4.921658931416296,-1.821472975651498,2026-04-03T17:49:04.814417
2461134.243912037, A.D. 2026-Apr-03 17:51:14.0000,69.185634,-351509461.5184635,641083036.0911636,283348849.0877124,-11.83524958696195,-4.921668517235236,-1.821477175336052,2026-04-03T17:50:04.814373
2461134.244606481, A.D. 2026-Apr-03 17:52:14.0000,69.185634,-351510171.631792,641082740.7913793,283348739.7991832,-11.83524393699608,-4.921678104465068,-1.821481375754135,2026-04-03T17:51:04.814329
2461134.245300926, A.D. 2026-Apr-03 17:53:14.0000,69.185634,-351510881.7447817,641082445.4910197,283348630.510402,-11.83523829091642,-4.921687693115506,-1.821485576910306,2026-04-03T17:52:04.814366
2461134.24599537, A.D. 2026-Apr-03 17:54:14.0000,69.185634,-351511591.8574341,641082150.1900841,283348521.2213684,-11.83523264871798,-4.921697283196267,-1.821489778809129,2026-04-03T17:53:04.814362
2461134.246689815, A.D. 2026-Apr-03 17:55:14.0000,69.185634,-351512301.9697466,641081854.8885736,283348411.932083,-11.83522701039574,-4.921706874717001,-1.821493981455137,2026-04-03T17:54:04.814399
2461134.247384259, A.D. 2026-Apr-03 17:56:14.0000,69.185634,-351513012.081721,641081559.5864877,283348302.6425453,-11.83522137594466,-4.921716467687403,-1.82149818485288,2026-04-03T17:55:04.814355
2461134.248078704, A.D. 2026-Apr-03 17:57:14.0000,69.185634,-351513722.1933575,641081264.283826,283348193.3527555,-11.83521574535964,-4.921726062117131,-1.821502389006892,2026-04-03T17:56:04.814392
2461134.248773148, A.D. 2026-Apr-03 17:58:14.0000,69.185634,-351514432.3046576,641080968.9805882,283348084.0627131,-11.83521011863558,-4.921735658015855,-1.821506593921711,2026-04-03T17:57:04.814348
2461134.249467593, A.D. 2026-Apr-03 17:59:14.0000,69.185634,-351515142.4156188,641080673.6767751,283347974.7724187,-11.83520449576738,-4.921745255393172,-1.821510799601843,2026-04-03T17:58:04.814425
2461134.250162037, A.D. 2026-Apr-03 18:00:14.0000,69.185634,-351515852.5262428,641080378.3723861,283347865.4818719,-11.83519887674986,-4.921754854258722,-1.821515006051812,2026-04-03T17:59:04.814381
2461134.250856481, A.D. 2026-Apr-03 18:01:14.0000,69.185634,-351516562.6365297,641080083.0674212,283347756.1910726,-11.83519326157784,-4.921764454622116,-1.821519213276126,2026-04-03T18:00:04.814337
2461134.251550926, A.D. 2026-Apr-03 18:02:14.0000,69.185634,-351517272.7464799,641079787.7618802,283347646.900021,-11.83518765024611,-4.92177405649295,-1.821523421279288,2026-04-03T18:01:04.814374
2461134.25224537, A.D. 2026-Apr-03 18:03:14.0000,69.185634,-351517982.8560949,641079492.4557624,283347537.6087165,-11.83518204274942,-4.921783659880826,-1.821527630065801,2026-04-03T18:02:04.814330
2461134.252939815, A.D. 2026-Apr-03 18:04:14.0000,69.185634,-351518692.9653722,641079197.1490688,283347428.3171598,-11.83517643908253,-4.921793264795276,-1.821531839640137,2026-04-03T18:03:04.814407
2461134.253634259, A.D. 2026-Apr-03 18:05:14.0000,69.185634,-351519403.0743133,641078901.8417991,283347319.0253505,-11.83517083924015,-4.921802871245873,-1.821536050006786,2026-04-03T18:04:04.814363
2461134.254328704, A.D. 2026-Apr-03 18:06:14.0000,69.185634,-351520113.1829187,641078606.5339528,283347209.7332885,-11.83516524321694,-4.921812479242162,-1.821540261170224,2026-04-03T18:05:04.814400
2461134.255023148, A.D. 2026-Apr-03 18:07:14.0000,69.185634,-351520823.2911882,641078311.2255301,283347100.4409738,-11.83515965100757,-4.921822088793672,-1.821544473134919,2026-04-03T18:06:04.814356
2461134.255717593, A.D. 2026-Apr-03 18:08:14.0000,69.185634,-351521533.3991238,641078015.9165303,283346991.1484062,-11.83515406260666,-4.921831699909939,-1.82154868590534,2026-04-03T18:07:04.814393
2461134.256412037, A.D. 2026-Apr-03 18:09:14.0000,69.185634,-351522243.5067229,641077720.6069541,283346881.855586,-11.83514847800883,-4.921841312600426,-1.821552899485925,2026-04-03T18:08:04.814389
2461134.257106482, A.D. 2026-Apr-03 18:10:14.0000,69.185634,-351522953.613987,641077425.2968013,283346772.5625129,-11.83514289720864,-4.92185092687464,-1.82155711388113,2026-04-03T18:09:04.814426
2461134.257800926, A.D. 2026-Apr-03 18:11:14.0000,69.185634,-351523663.7209163,641077129.9860716,283346663.269187,-11.83513732020066,-4.921860542742057,-1.821561329095395,2026-04-03T18:10:04.814382
2461134.25849537, A.D. 2026-Apr-03 18:12:14.0000,69.185634,-351524373.8275112,641076834.6747648,283346553.9756082,-11.83513174697939,-4.921870160212139,-1.821565545133153,2026-04-03T18:11:04.814338
2461134.259189815, A.D. 2026-Apr-03 18:13:14.0000,69.185634,-351525083.9337731,641076539.3628802,283346444.6817761,-11.83512617753934,-4.92187977929435,-1.82156976199884,2026-04-03T18:12:04.814375
2461134.259884259, A.D. 2026-Apr-03 18:14:14.0000,69.185634,-351525794.0396996,641076244.0504193,283346335.3876912,-11.83512061187498,-4.921889399998088,-1.821573979696859,2026-04-03T18:13:04.814371
2461134.260578704, A.D. 2026-Apr-03 18:15:14.0000,69.185634,-351526504.1452923,641075948.737381,283346226.0933532,-11.83511504998077,-4.921899022332791,-1.821578198231629,2026-04-03T18:14:04.814408
2461134.261273148, A.D. 2026-Apr-03 18:16:14.0000,69.185634,-351527214.2505513,641075653.4237652,283346116.7987621,-11.8351094918511,-4.921908646307862,-1.821582417607556,2026-04-03T18:15:04.814364
2461134.261967592, A.D. 2026-Apr-03 18:17:14.0000,69.185634,-351527924.3554771,641075358.1095719,283346007.5039178,-11.83510393748038,-4.921918271932693,-1.821586637829039,2026-04-03T18:16:04.814320
2461134.262662037, A.D. 2026-Apr-03 18:18:14.0000,69.185634,-351528634.460071,641075062.7948006,283345898.20882,-11.83509838686296,-4.921927899216683,-1.821590858900476,2026-04-03T18:17:04.814357
2461134.263356482, A.D. 2026-Apr-03 18:19:14.0000,69.185634,-351529344.5643306,641074767.479452,283345788.9134692,-11.83509283999321,-4.921937528169156,-1.821595080826234,2026-04-03T18:18:04.814434
2461134.264050926, A.D. 2026-Apr-03 18:20:14.0000,69.185634,-351530054.6682575,641074472.1635257,283345679.617865,-11.83508729686542,-4.921947158799476,-1.821599303610699,2026-04-03T18:19:04.814390
2461134.26474537, A.D. 2026-Apr-03 18:21:14.0000,69.185634,-351530764.771852,641074176.8470217,283345570.3220075,-11.83508175747388,-4.921956791116984,-1.82160352725824,2026-04-03T18:20:04.814346
2461134.265439815, A.D. 2026-Apr-03 18:22:14.0000,69.185634,-351531474.8751142,641073881.5299395,283345461.0258964,-11.83507622181286,-4.921966425130995,-1.821607751773218,2026-04-03T18:21:04.814383
2461134.266134259, A.D. 2026-Apr-03 18:23:14.0000,69.185634,-351532184.9780444,641073586.2122792,283345351.7295319,-11.83507068987658,-4.921976060850816,-1.821611977159989,2026-04-03T18:22:04.814339
2461134.266828704, A.D. 2026-Apr-03 18:24:14.0000,69.185634,-351532895.0806441,641073290.8940401,283345242.4329137,-11.83506516165926,-4.921985698285757,-1.821616203422907,2026-04-03T18:23:04.814416
2461134.267523148, A.D. 2026-Apr-03 18:25:14.0000,69.185634,-351533605.1829109,641072995.5752234,283345133.136042,-11.83505963715509,-4.921995337445059,-1.821620430566297,2026-04-03T18:24:04.814372
2461134.268217593, A.D. 2026-Apr-03 18:26:14.0000,69.185634,-351534315.2848464,641072700.2558283,283345023.8389167,-11.83505411635822,-4.922004978338001,-1.821624658594499,2026-04-03T18:25:04.814409
2461134.268912037, A.D. 2026-Apr-03 18:27:14.0000,69.185634,-351535025.3864506,641072404.9358546,283344914.5415377,-11.83504859926278,-4.92201462097383,-1.821628887511839,2026-04-03T18:26:04.814365
2461134.269606481, A.D. 2026-Apr-03 18:28:14.0000,69.185634,-351535735.487724,641072109.6153024,283344805.2439049,-11.83504308586288,-4.922024265361781,-1.821633117322635,2026-04-03T18:27:04.814321
2461134.270300926, A.D. 2026-Apr-03 18:29:14.0000,69.185634,-351536445.5886682,641071814.2941709,283344695.9460181,-11.83503757615259,-4.922033911511087,-1.821637348031204,2026-04-03T18:28:04.814398
2461134.270995371, A.D. 2026-Apr-03 18:30:14.0000,69.185634,-351537155.6892804,641071518.972461,283344586.6478776,-11.83503207012599,-4.922043559430917,-1.821641579641835,2026-04-03T18:29:04.814435
2461134.271689815, A.D. 2026-Apr-03 18:31:14.0000,69.185634,-351537865.7895623,641071223.6501722,283344477.3494833,-11.83502656777708,-4.922053209130476,-1.821645812158829,2026-04-03T18:30:04.814391
2461134.272384259, A.D. 2026-Apr-03 18:32:14.0000,69.185634,-351538575.8895142,641070928.3273045,283344368.0508348,-11.83502106909988,-4.922062860618938,-1.821650045586475,2026-04-03T18:31:04.814347
2461134.273078704, A.D. 2026-Apr-03 18:33:14.0000,69.185634,-351539285.9891363,641070633.0038576,283344258.7519325,-11.83501557408836,-4.922072513905462,-1.821654279929053,2026-04-03T18:32:04.814384
2461134.273773148, A.D. 2026-Apr-03 18:34:14.0000,69.185634,-351539996.0884289,641070337.6798315,283344149.452776,-11.83501008273647,-4.922082168999189,-1.821658515190837,2026-04-03T18:33:04.814380
2461134.274467593, A.D. 2026-Apr-03 18:35:14.0000,69.185634,-351540706.1873935,641070042.3552254,283344040.1533651,-11.83500459503814,-4.922091825909271,-1.821662751376098,2026-04-03T18:34:04.814417
2461134.275162037, A.D. 2026-Apr-03 18:36:14.0000,69.185634,-351541416.2860275,641069747.0300405,283343930.8537003,-11.83499911098727,-4.922101484644777,-1.821666988489079,2026-04-03T18:35:04.814373
2461134.275856481, A.D. 2026-Apr-03 18:37:14.0000,69.185634,-351542126.3843326,641069451.7042758,283343821.5537813,-11.83499363057773,-4.922111145214827,-1.821671226534037,2026-04-03T18:36:04.814329
2461134.276550926, A.D. 2026-Apr-03 18:38:14.0000,69.185634,-351542836.4823089,641069156.3779317,283343712.2536079,-11.83498815380339,-4.922120807628504,-1.821675465515214,2026-04-03T18:37:04.814366
2461134.27724537, A.D. 2026-Apr-03 18:39:14.0000,69.185634,-351543546.5799568,641068861.0510076,283343602.9531801,-11.83498268065804,-4.922130471894874,-1.821679705436845,2026-04-03T18:38:04.814362
2461134.277939815, A.D. 2026-Apr-03 18:40:14.0000,69.185634,-351544256.6772764,641068565.7235037,283343493.6524979,-11.83497721113551,-4.922140138022989,-1.821683946303157,2026-04-03T18:39:04.814399
2461134.278634259, A.D. 2026-Apr-03 18:41:14.0000,69.185634,-351544966.7742679,641068270.3954197,283343384.3515613,-11.83497174522956,-4.922149806021886,-1.821688188118367,2026-04-03T18:40:04.814355
2461134.279328704, A.D. 2026-Apr-03 18:42:14.0000,69.185634,-351545676.870933,641067975.0667549,283343275.0503699,-11.83496628293392,-4.922159475900604,-1.821692430886696,2026-04-03T18:41:04.814392
2461134.280023148, A.D. 2026-Apr-03 18:43:14.0000,69.185634,-351546386.9672691,641067679.7375107,283343165.748924,-11.83496082424234,-4.922169147668112,-1.821696674612331,2026-04-03T18:42:04.814348
2461134.280717593, A.D. 2026-Apr-03 18:44:14.0000,69.185634,-351547097.0632777,641067384.407686,283343056.4472236,-11.83495536914852,-4.922178821333416,-1.821700919299474,2026-04-03T18:43:04.814425
2461134.281412037, A.D. 2026-Apr-03 18:45:14.0000,69.185634,-351547807.1589591,641067089.0772808,283342947.1452684,-11.83494991764611,-4.922188496905494,-1.821705164952314,2026-04-03T18:44:04.814381
2461134.282106481, A.D. 2026-Apr-03 18:46:14.0000,69.185634,-351548517.2543136,641066793.746295,283342837.8430585,-11.83494446972877,-4.922198174393301,-1.82170941157503,2026-04-03T18:45:04.814337
2461134.282800926, A.D. 2026-Apr-03 18:47:14.0000,69.185634,-351549227.3493413,641066498.4147285,283342728.5405938,-11.83493902539012,-4.922207853805781,-1.821713659171795,2026-04-03T18:46:04.814374
2461134.28349537, A.D. 2026-Apr-03 18:48:14.0000,69.185634,-351549937.4440424,641066203.0825812,283342619.2378742,-11.83493358462375,-4.92221753515186,-1.821717907746771,2026-04-03T18:47:04.814330
2461134.284189815, A.D. 2026-Apr-03 18:49:14.0000,69.185634,-351550647.5384186,641065907.7498523,283342509.9348994,-11.83492814742324,-4.922227218440471,-1.821722157304123,2026-04-03T18:48:04.814407
2461134.284884259, A.D. 2026-Apr-03 18:50:14.0000,69.185634,-351551357.6324673,641065612.416543,283342400.6316698,-11.83492271378213,-4.922236903680468,-1.821726407847982,2026-04-03T18:49:04.814363
2461134.285578704, A.D. 2026-Apr-03 18:51:14.0000,69.185634,-351552067.7261901,641065317.0826526,283342291.3281851,-11.83491728369396,-4.922246590880749,-1.821730659382497,2026-04-03T18:50:04.814400
2461134.286273148, A.D. 2026-Apr-03 18:52:14.0000,69.185634,-351552777.8195871,641065021.7481809,283342182.0244454,-11.83491185715221,-4.92225628005018,-1.821734911911799,2026-04-03T18:51:04.814356
2461134.286967593, A.D. 2026-Apr-03 18:53:14.0000,69.185634,-351553487.9126587,641064726.4131277,283342072.7204505,-11.83490643415035,-4.922265971197606,-1.821739165440011,2026-04-03T18:52:04.814393
2461134.287662037, A.D. 2026-Apr-03 18:54:14.0000,69.185634,-351554198.005405,641064431.077493,283341963.4162003,-11.83490101468183,-4.92227566433186,-1.821743419971251,2026-04-03T18:53:04.814389
2461134.288356482, A.D. 2026-Apr-03 18:55:14.0000,69.185634,-351554908.0978262,641064135.7412766,283341854.1116948,-11.83489559874008,-4.922285359461753,-1.821747675509624,2026-04-03T18:54:04.814426
2461134.289050926, A.D. 2026-Apr-03 18:56:14.0000,69.185634,-351555618.1899241,641063840.404478,283341744.8069338,-11.83489018631847,-4.922295056596106,-1.82175193205924,2026-04-03T18:55:04.814382
2461134.28974537, A.D. 2026-Apr-03 18:57:14.0000,69.185634,-351556328.2816958,641063545.067098,283341635.5019175,-11.83488477741042,-4.922304755743662,-1.821756189624172,2026-04-03T18:56:04.814338
2461134.290439815, A.D. 2026-Apr-03 18:58:14.0000,69.185634,-351557038.3731432,641063249.7291359,283341526.1966457,-11.83487937200924,-4.922314456913205,-1.821760448208512,2026-04-03T18:57:04.814375
2461134.291134259, A.D. 2026-Apr-03 18:59:14.0000,69.185634,-351557748.4642663,641062954.3905917,283341416.8911184,-11.83487397010827,-4.922324160113486,-1.821764707816335,2026-04-03T18:58:04.814371
2461134.291828704, A.D. 2026-Apr-03 19:00:14.0000,69.185634,-351558458.5550653,641062659.0514654,283341307.5853356,-11.83486857170081,-4.922333865353237,-1.821768968451707,2026-04-03T18:59:04.814408
2461134.292523148, A.D. 2026-Apr-03 19:01:14.0000,69.185634,-351559168.6455407,641062363.7117567,283341198.279297,-11.83486317678012,-4.922343572641176,-1.821773230118687,2026-04-03T19:00:04.814364
2461134.293217592, A.D. 2026-Apr-03 19:02:14.0000,69.185634,-351559878.7356924,641062068.3714654,283341088.9730026,-11.83485778533946,-4.922353281986002,-1.821777492821325,2026-04-03T19:01:04.814320
2461134.293912037, A.D. 2026-Apr-03 19:03:14.0000,69.185634,-351560588.8255207,641061773.0305916,283340979.6664525,-11.83485239737205,-4.922362993396399,-1.821781756563663,2026-04-03T19:02:04.814357
2461134.294606482, A.D. 2026-Apr-03 19:04:14.0000,69.185634,-351561298.9150273,641061477.6891344,283340870.3596464,-11.83484701287109,-4.922372706881053,-1.821786021349742,2026-04-03T19:03:04.814434
2461134.295300926, A.D. 2026-Apr-03 19:05:14.0000,69.185634,-351562009.0042095,641061182.3470948,283340761.0525845,-11.83484163182977,-4.922382422448576,-1.821790287183571,2026-04-03T19:04:04.814390
2461134.29599537, A.D. 2026-Apr-03 19:06:14.0000,69.185634,-351562719.0930689,641060887.0044723,283340651.7452667,-11.83483625424123,-4.92239214010762,-1.821794554069175,2026-04-03T19:05:04.814346
2461134.296689815, A.D. 2026-Apr-03 19:07:14.0000,69.185634,-351563429.1816058,641060591.6612667,283340542.4376928,-11.83483088009859,-4.922401859866802,-1.821798822010563,2026-04-03T19:06:04.814383
2461134.297384259, A.D. 2026-Apr-03 19:08:14.0000,69.185634,-351564139.2698203,641060296.3174778,283340433.1298628,-11.83482550939497,-4.922411581734721,-1.821803091011734,2026-04-03T19:07:04.814339
2461134.298078704, A.D. 2026-Apr-03 19:09:14.0000,69.185634,-351564849.3577127,641060000.9731055,283340323.8217766,-11.83482014212344,-4.922421305719962,-1.82180736107668,2026-04-03T19:08:04.814416
2461134.298773148, A.D. 2026-Apr-03 19:10:14.0000,69.185634,-351565559.4452832,641059705.6281499,283340214.5134342,-11.83481477827706,-4.922431031831088,-1.821811632209383,2026-04-03T19:09:04.814372
2461134.299467593, A.D. 2026-Apr-03 19:11:14.0000,69.185634,-351566269.5325319,641059410.2826104,283340105.2048355,-11.83480941784885,-4.922440760076652,-1.82181590441382,2026-04-03T19:10:04.814409
2461134.300162037, A.D. 2026-Apr-03 19:12:14.0000,69.185634,-351566979.6194592,641059114.9364873,283339995.8959804,-11.83480406083182,-4.922450490465181,-1.821820177693954,2026-04-03T19:11:04.814365
2461134.300856481, A.D. 2026-Apr-03 19:13:14.0000,69.185634,-351567689.7060651,641058819.5897804,283339886.5868689,-11.83479870721896,-4.922460223005192,-1.821824452053744,2026-04-03T19:12:04.814321
2461134.301550926, A.D. 2026-Apr-03 19:14:14.0000,69.185634,-351568399.7923512,641058524.2424887,283339777.2775007,-11.83479335700321,-4.922469957705204,-1.821828727497148,2026-04-03T19:13:04.814398
2461134.302245371, A.D. 2026-Apr-03 19:15:14.0000,69.185634,-351569109.8783152,641058228.8946136,283339667.9678761,-11.83478801017752,-4.922479694573657,-1.821833004028088,2026-04-03T19:14:04.814435
2461134.302939815, A.D. 2026-Apr-03 19:16:14.0000,69.185634,-351569819.9639583,641057933.5461541,283339558.657995,-11.83478266673481,-4.922489433619035,-1.821837281650505,2026-04-03T19:15:04.814391
2461134.303634259, A.D. 2026-Apr-03 19:17:14.0000,69.185634,-351570530.0492809,641057638.1971103,283339449.3478571,-11.83477732666794,-4.92249917484978,-1.821841560368322,2026-04-03T19:16:04.814347
2461134.304328704, A.D. 2026-Apr-03 19:18:14.0000,69.185634,-351571240.1342833,641057342.8474818,283339340.0374625,-11.83477198996979,-4.922508918274325,-1.821845840185454,2026-04-03T19:17:04.814384
2461134.305023148, A.D. 2026-Apr-03 19:19:14.0000,69.185634,-351571950.2189656,641057047.4972689,283339230.7268111,-11.8347666566332,-4.922518663901078,-1.821850121105805,2026-04-03T19:18:04.814380
2461134.305717593, A.D. 2026-Apr-03 19:20:14.0000,69.185634,-351572660.3033279,641056752.1464709,283339121.4159027,-11.83476132665097,-4.922528411738435,-1.821854403133274,2026-04-03T19:19:04.814417
2461134.306412037, A.D. 2026-Apr-03 19:21:14.0000,69.185634,-351573370.3873706,641056456.7950882,283339012.1047374,-11.83475600001591,-4.922538161794771,-1.821858686271748,2026-04-03T19:20:04.814373
2461134.307106481, A.D. 2026-Apr-03 19:22:14.0000,69.185634,-351574080.4710937,641056161.4431202,283338902.7933151,-11.83475067672076,-4.922547914078446,-1.821862970525107,2026-04-03T19:21:04.814329
2461134.307800926, A.D. 2026-Apr-03 19:23:14.0000,69.185634,-351574790.5544976,641055866.0905672,283338793.4816357,-11.8347453567583,-4.9225576685978,-1.821867255897223,2026-04-03T19:22:04.814366
2461134.30849537, A.D. 2026-Apr-03 19:24:14.0000,69.185634,-351575500.6375838,641055570.7374282,283338684.1696989,-11.83474004012121,-4.922567425361175,-1.821871542391965,2026-04-03T19:23:04.814362
2461134.309189815, A.D. 2026-Apr-03 19:25:14.0000,69.185634,-351576210.7203497,641055275.3837043,283338574.8575051,-11.83473472680221,-4.92257718437684,-1.821875830013169,2026-04-03T19:24:04.814399
2461134.309884259, A.D. 2026-Apr-03 19:26:14.0000,69.185634,-351576920.8027968,641054980.0293949,283338465.5450541,-11.83472941679398,-4.922586945653102,-1.82188011876469,2026-04-03T19:25:04.814355
2461134.310578704, A.D. 2026-Apr-03 19:27:14.0000,69.185634,-351577630.8849255,641054684.6744996,283338356.2323457,-11.83472411008915,-4.922596709198229,-1.821884408650361,2026-04-03T19:26:04.814392
2461134.311273148, A.D. 2026-Apr-03 19:28:14.0000,69.185634,-351578340.9667359,641054389.3190185,283338246.9193798,-11.83471880668036,-4.922606475020476,-1.82188869967401,2026-04-03T19:27:04.814348
2461134.311967593, A.D. 2026-Apr-03 19:29:14.0000,69.185634,-351579051.0482281,641054093.9629513,283338137.6061565,-11.83471350656021,-4.922616243128076,-1.821892991839455,2026-04-03T19:28:04.814425
2461134.312662037, A.D. 2026-Apr-03 19:30:14.0000,69.185634,-351579761.1294025,641053798.6062981,283338028.2926756,-11.83470820972127,-4.922626013529248,-1.821897285150504,2026-04-03T19:29:04.814381
2461134.313356481, A.D. 2026-Apr-03 19:31:14.0000,69.185634,-351580471.2102591,641053503.2490585,283337918.978937,-11.8347029161561,-4.922635786232187,-1.821901579610958,2026-04-03T19:30:04.814337
2461134.314050926, A.D. 2026-Apr-03 19:32:14.0000,69.185634,-351581181.2907982,641053207.8912325,283337809.6649408,-11.83469762585724,-4.922645561245077,-1.821905875224607,2026-04-03T19:31:04.814374
2461134.31474537, A.D. 2026-Apr-03 19:33:14.0000,69.185634,-351581891.3710201,641052912.5328199,283337700.3506867,-11.83469233881718,-4.922655338576079,-1.821910171995232,2026-04-03T19:32:04.814330
2461134.315439815, A.D. 2026-Apr-03 19:34:14.0000,69.185634,-351582601.4509248,641052617.1738206,283337591.0361749,-11.83468705502843,-4.922665118233337,-1.821914469926608,2026-04-03T19:33:04.814407
2461134.316134259, A.D. 2026-Apr-03 19:35:14.0000,69.185634,-351583311.5305125,641052321.8142345,283337481.7214051,-11.83468177448344,-4.922674900224976,-1.821918769022498,2026-04-03T19:34:04.814363
2461134.316828704, A.D. 2026-Apr-03 19:36:14.0000,69.185634,-351584021.6097835,641052026.4540614,283337372.4063774,-11.83467649717465,-4.922684684559107,-1.821923069286656,2026-04-03T19:35:04.814400
2461134.317523148, A.D. 2026-Apr-03 19:37:14.0000,69.185634,-351584731.688738,641051731.093301,283337263.0910916,-11.83467122309448,-4.922694471243819,-1.821927370722829,2026-04-03T19:36:04.814356
2461134.318217593, A.D. 2026-Apr-03 19:38:14.0000,69.185634,-351585441.7673776,641051435.7319529,283337153.7755475,-11.83466595223531,-4.922704260287199,-1.821931673334761,2026-04-03T19:37:04.814393
2461134.318912037, A.D. 2026-Apr-03 19:39:14.0000,69.185634,-351586151.8456995,641051140.3700181,283337044.4597453,-11.83466068458953,-4.922714051697267,-1.821935977126163,2026-04-03T19:38:04.814389
2461134.319606482, A.D. 2026-Apr-03 19:40:14.0000,69.185634,-351586861.9237056,641050845.0074955,283336935.143685,-11.83465542014949,-4.922723845482074,-1.821940282100762,2026-04-03T19:39:04.814426
2461134.320300926, A.D. 2026-Apr-03 19:41:14.0000,69.185634,-351587572.0013958,641050549.6443853,283336825.8273663,-11.8346501589075,-4.922733641649635,-1.821944588262268,2026-04-03T19:40:04.814382
2461134.32099537, A.D. 2026-Apr-03 19:42:14.0000,69.185634,-351588282.0787705,641050254.2806875,283336716.5107892,-11.83464490085586,-4.922743440207949,-1.821948895614379,2026-04-03T19:41:04.814338
2461134.321689815, A.D. 2026-Apr-03 19:43:14.0000,69.185634,-351588992.1558298,641049958.9164014,283336607.1939536,-11.83463964598686,-4.922753241164995,-1.821953204160786,2026-04-03T19:42:04.814375
2461134.322384259, A.D. 2026-Apr-03 19:44:14.0000,69.185634,-351589702.2325739,641049663.5515273,283336497.8768594,-11.83463439429276,-4.922763044528733,-1.821957513905173,2026-04-03T19:43:04.814371
2461134.323078704, A.D. 2026-Apr-03 19:45:14.0000,69.185634,-351590412.3090029,641049368.1860648,283336388.5595067,-11.83462914576578,-4.922772850307105,-1.82196182485121,2026-04-03T19:44:04.814408
2461134.323773148, A.D. 2026-Apr-03 19:46:14.0000,69.185634,-351591122.3851172,641049072.820014,283336279.2418952,-11.83462390039813,-4.922782658508034,-1.82196613700256,2026-04-03T19:45:04.814364
2461134.324467592, A.D. 2026-Apr-03 19:47:14.0000,69.185634,-351591832.4609169,641048777.4533746,283336169.9240251,-11.83461865818202,-4.922792469139425,-1.821970450362878,2026-04-03T19:46:04.814320
2461134.325162037, A.D. 2026-Apr-03 19:48:14.0000,69.185634,-351592542.536402,641048482.0861465,283336060.605896,-11.83461341910959,-4.922802282209163,-1.821974764935808,2026-04-03T19:47:04.814357
2461134.325856482, A.D. 2026-Apr-03 19:49:14.0000,69.185634,-351593252.611573,641048186.7183295,283335951.287508,-11.83460818317301,-4.922812097725115,-1.821979080724984,2026-04-03T19:48:04.814434
2461134.326550926, A.D. 2026-Apr-03 19:50:14.0000,69.185634,-351593962.6864299,641047891.3499235,283335841.9688611,-11.83460295036437,-4.922821915695128,-1.821983397734033,2026-04-03T19:49:04.814390
2461134.32724537, A.D. 2026-Apr-03 19:51:14.0000,69.185634,-351594672.7609729,641047595.9809284,283335732.6499551,-11.8345977206758,-4.922831736127032,-1.82198771596657,2026-04-03T19:50:04.814346
2461134.327939815, A.D. 2026-Apr-03 19:52:14.0000,69.185634,-351595382.8352022,641047300.6113441,283335623.33079,-11.83459249409936,-4.922841559028635,-1.821992035426203,2026-04-03T19:51:04.814383
2461134.328634259, A.D. 2026-Apr-03 19:53:14.0000,69.185634,-351596092.909118,641047005.2411702,283335514.0113657,-11.83458727062709,-4.922851384407729,-1.82199635611653,2026-04-03T19:52:04.814339
2461134.329328704, A.D. 2026-Apr-03 19:54:14.0000,69.185634,-351596802.9827206,641046709.8704067,283335404.691682,-11.83458205025105,-4.922861212272086,-1.822000678041136,2026-04-03T19:53:04.814416
2461134.330023148, A.D. 2026-Apr-03 19:55:14.0000,69.185634,-351597513.0560099,641046414.4990535,283335295.371739,-11.83457683296324,-4.92287104262946,-1.822005001203603,2026-04-03T19:54:04.814372
2461134.330717593, A.D. 2026-Apr-03 19:56:14.0000,69.185634,-351598223.1289864,641046119.1271104,283335186.0515367,-11.83457161875563,-4.922880875487581,-1.822009325607498,2026-04-03T19:55:04.814409
2461134.331412037, A.D. 2026-Apr-03 19:57:14.0000,69.185634,-351598933.2016515,641045823.7545767,283335076.7310745,-11.8345664076202,-4.922890710854185,-1.82201365125639,2026-04-03T19:56:04.814365
2461134.332106481, A.D. 2026-Apr-03 19:58:14.0000,69.185634,-351599643.2740026,641045528.3814533,283334967.4103531,-11.8345611995489,-4.922900548736928,-1.822017978153811,2026-04-03T19:57:04.814321
2461134.332800926, A.D. 2026-Apr-03 19:59:14.0000,69.185634,-351600353.3460413,641045233.0077397,283334858.089372,-11.83455599453364,-4.922910389143505,-1.822022306303311,2026-04-03T19:58:04.814398
2461134.333495371, A.D. 2026-Apr-03 20:00:14.0000,69.185634,-351601063.4177678,641044937.6334354,283334748.7681311,-11.83455079256632,-4.922920232081572,-1.82202663570842,2026-04-03T19:59:04.814435
2461134.334189815, A.D. 2026-Apr-03 20:01:14.0000,69.185634,-351601773.4891822,641044642.2585406,283334639.4466305,-11.83454559363883,-4.922930077558767,-1.822030966372659,2026-04-03T20:00:04.814391
2461134.334884259, A.D. 2026-Apr-03 20:02:14.0000,69.185634,-351602483.5602849,641044346.8830551,283334530.12487,-11.834540397743,-4.922939925582703,-1.822035298299541,2026-04-03T20:01:04.814347
2461134.335578704, A.D. 2026-Apr-03 20:03:14.0000,69.185634,-351603193.6310759,641044051.5069784,283334420.8028495,-11.83453520487069,-4.922949776160984,-1.822039631492567,2026-04-03T20:02:04.814384
2461134.336273148, A.D. 2026-Apr-03 20:04:14.0000,69.185634,-351603903.7015553,641043756.1303107,283334311.4805689,-11.83453001501369,-4.922959629301186,-1.822043965955229,2026-04-03T20:03:04.814380
2461134.336967593, A.D. 2026-Apr-03 20:05:14.0000,69.185634,-351604613.7717236,641043460.7530518,283334202.1580284,-11.8345248281638,-4.922969485010868,-1.82204830169101,2026-04-03T20:04:04.814417
2461134.337662037, A.D. 2026-Apr-03 20:06:14.0000,69.185634,-351605323.8415806,641043165.3752013,283334092.8352276,-11.8345196443128,-4.922979343297567,-1.822052638703383,2026-04-03T20:05:04.814373
2461134.338356481, A.D. 2026-Apr-03 20:07:14.0000,69.185634,-351606033.9111267,641042869.9967593,283333983.5121666,-11.83451446345241,-4.922989204168806,-1.822056976995811,2026-04-03T20:06:04.814329
2461134.339050926, A.D. 2026-Apr-03 20:08:14.0000,69.185634,-351606743.9803621,641042574.6177257,283333874.1888452,-11.83450928557437,-4.922999067632081,-1.822061316571748,2026-04-03T20:07:04.814366
2461134.33974537, A.D. 2026-Apr-03 20:09:14.0000,69.185634,-351607454.0492868,641042279.2381,283333764.8652633,-11.83450411067039,-4.923008933694876,-1.822065657434637,2026-04-03T20:08:04.814362
2461134.340439815, A.D. 2026-Apr-03 20:10:14.0000,69.185634,-351608164.1179013,641041983.8578825,283333655.5414211,-11.83449893873213,-4.923018802364649,-1.822069999587912,2026-04-03T20:09:04.814399
2461134.341134259, A.D. 2026-Apr-03 20:11:14.0000,69.185634,-351608874.1862054,641041688.4770726,283333546.2173182,-11.83449376975128,-4.923028673648842,-1.822074343034997,2026-04-03T20:10:04.814355
2461134.341828704, A.D. 2026-Apr-03 20:12:14.0000,69.185634,-351609584.2541995,641041393.0956706,283333436.8929546,-11.83448860371945,-4.923038547554872,-1.822078687779307,2026-04-03T20:11:04.814392
2461134.342523148, A.D. 2026-Apr-03 20:13:14.0000,69.185634,-351610294.3218837,641041097.7136757,283333327.5683305,-11.83448344062828,-4.923048424090143,-1.822083033824245,2026-04-03T20:12:04.814348
2461134.343217593, A.D. 2026-Apr-03 20:14:14.0000,69.185634,-351611004.3892583,641040802.3310884,283333218.2434455,-11.83447828046936,-4.923058303262033,-1.822087381173207,2026-04-03T20:13:04.814425
2461134.343912037, A.D. 2026-Apr-03 20:15:14.0000,69.185634,-351611714.4563233,641040506.9479083,283333108.9182996,-11.83447312323426,-4.923068185077905,-1.822091729829576,2026-04-03T20:14:04.814381
2461134.344606481, A.D. 2026-Apr-03 20:16:14.0000,69.185634,-351612424.523079,641040211.5641351,283332999.5928927,-11.83446796891453,-4.923078069545097,-1.822096079796729,2026-04-03T20:15:04.814337
2461134.345300926, A.D. 2026-Apr-03 20:17:14.0000,69.185634,-351613134.5895255,641039916.1797688,283332890.2672248,-11.83446281750172,-4.92308795667093,-1.822100431078028,2026-04-03T20:16:04.814374
2461134.34599537, A.D. 2026-Apr-03 20:18:14.0000,69.185634,-351613844.6556629,641039620.7948092,283332780.9412957,-11.83445766898733,-4.923097846462704,-1.82210478367683,2026-04-03T20:17:04.814330
2461134.346689815, A.D. 2026-Apr-03 20:19:14.0000,69.185634,-351614554.7214916,641039325.4092561,283332671.6151056,-11.83445252336285,-4.923107738927699,-1.822109137596479,2026-04-03T20:18:04.814407
2461134.347384259, A.D. 2026-Apr-03 20:20:14.0000,69.185634,-351615264.7870116,641039030.0231094,283332562.288654,-11.83444738061976,-4.923117634073176,-1.822113492840309,2026-04-03T20:19:04.814363
2461134.348078704, A.D. 2026-Apr-03 20:21:14.0000,69.185634,-351615974.8522232,641038734.636369,283332452.9619412,-11.83444224074949,-4.923127531906371,-1.822117849411646,2026-04-03T20:20:04.814400
2461134.348773148, A.D. 2026-Apr-03 20:22:14.0000,69.185634,-351616684.9171264,641038439.2490344,283332343.634967,-11.83443710374349,-4.923137432434506,-1.822122207313805,2026-04-03T20:21:04.814356
2461134.349467593, A.D. 2026-Apr-03 20:23:14.0000,69.185634,-351617394.9817215,641038143.8611058,283332234.3077312,-11.83443196959315,-4.923147335664777,-1.82212656655009,2026-04-03T20:22:04.814393
2461134.350162037, A.D. 2026-Apr-03 20:24:14.0000,69.185634,-351618105.0460086,641037848.472583,283332124.9802338,-11.83442683828987,-4.923157241604363,-1.822130927123795,2026-04-03T20:23:04.814389
2461134.350856482, A.D. 2026-Apr-03 20:25:14.0000,69.185634,-351618815.109988,641037553.0834657,283332015.6524748,-11.83442170982501,-4.923167150260424,-1.822135289038206,2026-04-03T20:24:04.814426
2461134.351550926, A.D. 2026-Apr-03 20:26:14.0000,69.185634,-351619525.1736597,641037257.6937538,283331906.3244539,-11.83441658418991,-4.923177061640092,-1.822139652296596,2026-04-03T20:25:04.814382
2461134.35224537, A.D. 2026-Apr-03 20:27:14.0000,69.185634,-351620235.237024,641036962.3034472,283331796.9961713,-11.8344114613759,-4.923186975750486,-1.82214401690223,2026-04-03T20:26:04.814338
2461134.352939815, A.D. 2026-Apr-03 20:28:14.0000,69.185634,-351620945.300081,641036666.9125457,283331687.6676267,-11.83440634137429,-4.923196892598702,-1.822148382858363,2026-04-03T20:27:04.814375
2461134.353634259, A.D. 2026-Apr-03 20:29:14.0000,69.185634,-351621655.3628309,641036371.5210491,283331578.3388202,-11.83440122417635,-4.923206812191816,-1.822152750168238,2026-04-03T20:28:04.814371
2461134.354328704, A.D. 2026-Apr-03 20:30:14.0000,69.185634,-351622365.4252738,641036076.1289572,283331469.0097516,-11.83439610977335,-4.92321673453688,-1.822157118835088,2026-04-03T20:29:04.814408
2461134.355023148, A.D. 2026-Apr-03 20:31:14.0000,69.185634,-351623075.48741,641035780.7362698,283331359.6804207,-11.83439099815654,-4.92322665964093,-1.822161488862137,2026-04-03T20:30:04.814364
2461134.355717592, A.D. 2026-Apr-03 20:32:14.0000,69.185634,-351623785.5492395,641035485.342987,283331250.3508277,-11.83438588931713,-4.923236587510978,-1.8221658602526,2026-04-03T20:31:04.814320
2461134.356412037, A.D. 2026-Apr-03 20:33:14.0000,69.185634,-351624495.6107625,641035189.9491082,283331141.0209724,-11.83438078324633,-4.923246518154015,-1.822170233009677,2026-04-03T20:32:04.814357
2461134.357106482, A.D. 2026-Apr-03 20:34:14.0000,69.185634,-351625205.6719794,641034894.5546336,283331031.6908545,-11.83437567993532,-4.923256451577013,-1.822174607136563,2026-04-03T20:33:04.814434
2461134.357800926, A.D. 2026-Apr-03 20:35:14.0000,69.185634,-351625915.7328901,641034599.159563,283330922.3604743,-11.83437057937526,-4.923266387786922,-1.82217898263644,2026-04-03T20:34:04.814390
2461134.35849537, A.D. 2026-Apr-03 20:36:14.0000,69.185634,-351626625.7934948,641034303.763896,283330813.0298315,-11.83436548155729,-4.923276326790671,-1.82218335951248,2026-04-03T20:35:04.814346
2461134.359189815, A.D. 2026-Apr-03 20:37:14.0000,69.185634,-351627335.8537937,641034008.3676326,283330703.698926,-11.83436038647254,-4.923286268595169,-1.822187737767845,2026-04-03T20:36:04.814383
2461134.359884259, A.D. 2026-Apr-03 20:38:14.0000,69.185634,-351628045.9137871,641033712.9707727,283330594.3677578,-11.8343552941121,-4.923296213207303,-1.822192117405685,2026-04-03T20:37:04.814339
2461134.360578704, A.D. 2026-Apr-03 20:39:14.0000,69.185634,-351628755.973475,641033417.573316,283330485.0363267,-11.83435020446706,-4.923306160633939,-1.822196498429142,2026-04-03T20:38:04.814416
2461134.361273148, A.D. 2026-Apr-03 20:40:14.0000,69.185634,-351629466.0328576,641033122.1752623,283330375.7046328,-11.83434511752848,-4.923316110881919,-1.822200880841348,2026-04-03T20:39:04.814372
2461134.361967593, A.D. 2026-Apr-03 20:41:14.0000,69.185634,-351630176.091935,641032826.7766116,283330266.3726759,-11.8343400332874,-4.923326063958071,-1.822205264645421,2026-04-03T20:40:04.814409
2461134.362662037, A.D. 2026-Apr-03 20:42:14.0000,69.185634,-351630886.1507074,641032531.3773636,283330157.0404559,-11.83433495173484,-4.923336019869195,-1.822209649844471,2026-04-03T20:41:04.814365
2461134.363356481, A.D. 2026-Apr-03 20:43:14.0000,69.185634,-351631596.2091752,641032235.9775181,283330047.7079727,-11.83432987286181,-4.923345978622073,-1.822214036441599,2026-04-03T20:42:04.814321
2461134.364050926, A.D. 2026-Apr-03 20:44:14.0000,69.185634,-351632306.2673382,641031940.577075,283329938.3752264,-11.83432479665929,-4.923355940223464,-1.822218424439892,2026-04-03T20:43:04.814398
2461134.364745371, A.D. 2026-Apr-03 20:45:14.0000,69.185634,-351633016.3251966,641031645.1760342,283329829.0422167,-11.83431972311824,-4.923365904680107,-1.82222281384243,2026-04-03T20:44:04.814435
2461134.365439815, A.D. 2026-Apr-03 20:46:14.0000,69.185634,-351633726.3827508,641031349.7743953,283329719.7089435,-11.83431465222961,-4.923375871998719,-1.82222720465228,2026-04-03T20:45:04.814391
2461134.366134259, A.D. 2026-Apr-03 20:47:14.0000,69.185634,-351634436.4400008,641031054.3721585,283329610.3754069,-11.83430958398431,-4.923385842185994,-1.822231596872499,2026-04-03T20:46:04.814347
2461134.366828704, A.D. 2026-Apr-03 20:48:14.0000,69.185634,-351635146.4969468,641030758.9693234,283329501.0416067,-11.83430451837326,-4.923395815248609,-1.822235990506134,2026-04-03T20:47:04.814384
2461134.367523148, A.D. 2026-Apr-03 20:49:14.0000,69.185634,-351635856.553589,641030463.5658897,283329391.707543,-11.83429945538734,-4.923405791193216,-1.822240385556221,2026-04-03T20:48:04.814380
2461134.368217593, A.D. 2026-Apr-03 20:50:14.0000,69.185634,-351636566.6099274,641030168.1618572,283329282.3732154,-11.83429439501742,-4.923415770026443,-1.822244782025785,2026-04-03T20:49:04.814417
2461134.368912037, A.D. 2026-Apr-03 20:51:14.0000,69.185634,-351637276.6659623,641029872.7572262,283329173.0386239,-11.83428933725434,-4.923425751754903,-1.822249179917842,2026-04-03T20:50:04.814373
2461134.369606481, A.D. 2026-Apr-03 20:52:14.0000,69.185634,-351637986.7216924,641029577.3519967,283329063.7037688,-11.83428428208894,-4.923435736385162,-1.822253579235388,2026-04-03T20:51:04.814329
2461134.370300926, A.D. 2026-Apr-03 20:53:14.0000,69.185634,-351638696.7771206,641029281.9461673,283328954.3686495,-11.834279229512,-4.923445723923824,-1.822257979981432,2026-04-03T20:52:04.814366
2461134.37099537, A.D. 2026-Apr-03 20:54:14.0000,69.185634,-351639406.8322458,641028986.5397388,283328845.0332661,-11.83427417951433,-4.923455714377416,-1.82226238215895,2026-04-03T20:53:04.814362
2461134.371689815, A.D. 2026-Apr-03 20:55:14.0000,69.185634,-351640116.8870681,641028691.1327106,283328735.6976185,-11.8342691320867,-4.923465707752461,-1.822266785770914,2026-04-03T20:54:04.814399
2461134.372384259, A.D. 2026-Apr-03 20:56:14.0000,69.185634,-351640826.9415876,641028395.7250828,283328626.3617067,-11.83426408721986,-4.923475704055458,-1.822271190820285,2026-04-03T20:55:04.814355
2461134.373078704, A.D. 2026-Apr-03 20:57:14.0000,69.185634,-351641536.9958045,641028100.3168551,283328517.0255305,-11.83425904490455,-4.923485703292886,-1.822275597310015,2026-04-03T20:56:04.814392
2461134.373773148, A.D. 2026-Apr-03 20:58:14.0000,69.185634,-351642247.049719,641027804.9080273,283328407.6890898,-11.83425400513146,-4.923495705471201,-1.822280005243042,2026-04-03T20:57:04.814348
2461134.374467593, A.D. 2026-Apr-03 20:59:14.0000,69.185634,-351642957.103331,641027509.4985994,283328298.3523847,-11.83424896789131,-4.92350571059684,-1.822284414622297,2026-04-03T20:58:04.814425
2461134.375162037, A.D. 2026-Apr-03 21:00:14.0000,69.185634,-351643667.1566411,641027214.088571,283328189.0154149,-11.83424393317476,-4.923515718676212,-1.822288825450698,2026-04-03T20:59:04.814381
2461134.375856481, A.D. 2026-Apr-03 21:01:14.0000,69.185634,-351644377.209649,641026918.6779422,283328079.6781805,-11.83423890097248,-4.923525729715712,-1.822293237731153,2026-04-03T21:00:04.814337
2461134.376550926, A.D. 2026-Apr-03 21:02:14.0000,69.185634,-351645087.2623551,641026623.2667124,283327970.3406813,-11.8342338712751,-4.923535743721706,-1.822297651466559,2026-04-03T21:01:04.814374
2461134.37724537, A.D. 2026-Apr-03 21:03:14.0000,69.185634,-351645797.3147594,641026327.8548818,283327861.0029172,-11.83422884407324,-4.923545760700542,-1.822302066659801,2026-04-03T21:02:04.814330
2461134.377939815, A.D. 2026-Apr-03 21:04:14.0000,69.185634,-351646507.3668623,641026032.4424502,283327751.6648881,-11.83422381935751,-4.923555780658544,-1.822306483313755,2026-04-03T21:03:04.814407
2461134.378634259, A.D. 2026-Apr-03 21:05:14.0000,69.185634,-351647217.4186637,641025737.0294172,283327642.326594,-11.83421879711848,-4.923565803602013,-1.822310901431286,2026-04-03T21:04:04.814363
2461134.379328704, A.D. 2026-Apr-03 21:06:14.0000,69.185634,-351647927.4701639,641025441.6157827,283327532.9880348,-11.83421377734673,-4.923575829537231,-1.822315321015246,2026-04-03T21:05:04.814400
2461134.380023148, A.D. 2026-Apr-03 21:07:14.0000,69.185634,-351648637.521363,641025146.2015465,283327423.6492104,-11.83420876003279,-4.923585858470455,-1.822319742068479,2026-04-03T21:06:04.814356
2461134.380717593, A.D. 2026-Apr-03 21:08:14.0000,69.185634,-351649347.572261,641024850.7867086,283327314.3101206,-11.8342037451672,-4.923595890407919,-1.822324164593814,2026-04-03T21:07:04.814393
2461134.381412037, A.D. 2026-Apr-03 21:09:14.0000,69.185634,-351650057.6228583,641024555.3712687,283327204.9707655,-11.83419873274047,-4.923605925355837,-1.822328588594075,2026-04-03T21:08:04.814389
2461134.382106482, A.D. 2026-Apr-03 21:10:14.0000,69.185634,-351650767.673155,641024259.9552265,283327095.6311449,-11.83419372274309,-4.923615963320399,-1.822333014072069,2026-04-03T21:09:04.814426
2461134.382800926, A.D. 2026-Apr-03 21:11:14.0000,69.185634,-351651477.723151,641023964.5385821,283326986.2912586,-11.83418871516553,-4.923626004307774,-1.822337441030596,2026-04-03T21:10:04.814382
2461134.38349537, A.D. 2026-Apr-03 21:12:14.0000,69.185634,-351652187.7728453,641023669.1213356,283326876.951107,-11.83418370999826,-4.923636048324088,-1.822341869472434,2026-04-03T21:11:04.814338
2461134.384189815, A.D. 2026-Apr-03 21:13:14.0000,69.185634,-351652897.8222407,641023373.7034858,283326767.6106894,-11.83417870723169,-4.9236460953755,-1.822346299400377,2026-04-03T21:12:04.814375
2461134.384884259, A.D. 2026-Apr-03 21:14:14.0000,69.185634,-351653607.8713361,641023078.2850332,283326658.2700059,-11.83417370685627,-4.923656145468096,-1.822350730817184,2026-04-03T21:13:04.814371
2461134.385578704, A.D. 2026-Apr-03 21:15:14.0000,69.185634,-351654317.9201315,641022782.8659775,283326548.9290566,-11.83416870886238,-4.923666198607949,-1.822355163725606,2026-04-03T21:14:04.814408
2461134.386273148, A.D. 2026-Apr-03 21:16:14.0000,69.185634,-351655027.9686272,641022487.4463183,283326439.5878412,-11.83416371324042,-4.923676254801118,-1.822359598128389,2026-04-03T21:15:04.814364
2461134.386967592, A.D. 2026-Apr-03 21:17:14.0000,69.185634,-351655738.0168231,641022192.0260559,283326330.2463597,-11.83415871998075,-4.923686314053634,-1.822364034028264,2026-04-03T21:16:04.814320
2461134.387662037, A.D. 2026-Apr-03 21:18:14.0000,69.185634,-351656448.0647194,641021896.6051897,283326220.904612,-11.83415372907372,-4.923696376371505,-1.822368471427952,2026-04-03T21:17:04.814357
2461134.388356482, A.D. 2026-Apr-03 21:19:14.0000,69.185634,-351657158.1123165,641021601.1837198,283326111.562598,-11.83414874050967,-4.923706441760721,-1.822372910330165,2026-04-03T21:18:04.814434
2461134.389050926, A.D. 2026-Apr-03 21:20:14.0000,69.185634,-351657868.1596143,641021305.7616457,283326002.2203176,-11.83414375427889,-4.923716510227243,-1.822377350737599,2026-04-03T21:19:04.814390
2461134.38974537, A.D. 2026-Apr-03 21:21:14.0000,69.185634,-351658578.2066129,641021010.3389674,283325892.8777708,-11.8341387703717,-4.923726581777014,-1.822381792652943,2026-04-03T21:20:04.814346
2461134.390439815, A.D. 2026-Apr-03 21:22:14.0000,69.185634,-351659288.2533127,641020714.9156849,283325783.5349573,-11.83413378877838,-4.923736656415954,-1.822386236078875,2026-04-03T21:21:04.814383
2461134.391134259, A.D. 2026-Apr-03 21:23:14.0000,69.185634,-351659998.2997136,641020419.4917978,283325674.1918774,-11.83412880948918,-4.923746734149955,-1.822390681018058,2026-04-03T21:22:04.814339
2461134.391828704, A.D. 2026-Apr-03 21:24:14.0000,69.185634,-351660708.3458158,641020124.0673058,283325564.8485305,-11.83412383249435,-4.923756814984892,-1.822395127473147,2026-04-03T21:23:04.814416
2461134.392523148, A.D. 2026-Apr-03 21:25:14.0000,69.185634,-351661418.3916194,641019828.6422089,283325455.5049169,-11.83411885778411,-4.923766898926614,-1.822399575446784,2026-04-03T21:24:04.814372
2461134.393217593, A.D. 2026-Apr-03 21:26:14.0000,69.185634,-351662128.4371233,641019533.2165076,283325346.1610366,-11.83411388534869,-4.923776985980925,-1.822404024941593,2026-04-03T21:25:04.814409
2461134.393912037, A.D. 2026-Apr-03 21:27:14.0000,69.185634,-351662838.4823303,641019237.7902002,283325236.816889,-11.83410891517826,-4.923787076153671,-1.822408475960212,2026-04-03T21:26:04.814365
2461134.394606481, A.D. 2026-Apr-03 21:28:14.0000,69.185634,-351663548.5272391,641018942.3632874,283325127.4724744,-11.83410394726301,-4.923797169450611,-1.822412928505239,2026-04-03T21:27:04.814321
2461134.395300926, A.D. 2026-Apr-03 21:29:14.0000,69.185634,-351664258.5718499,641018646.935769,283325018.1277925,-11.8340989815931,-4.923807265877501,-1.822417382579274,2026-04-03T21:28:04.814398
2461134.395995371, A.D. 2026-Apr-03 21:30:14.0000,69.185634,-351664968.6161628,641018351.5076445,283324908.7828434,-11.83409401815866,-4.923817365440079,-1.822421838184902,2026-04-03T21:29:04.814435
2461134.396689815, A.D. 2026-Apr-03 21:31:14.0000,69.185634,-351665678.660178,641018056.0789142,283324799.4376268,-11.83408905694983,-4.923827468144049,-1.822426295324698,2026-04-03T21:30:04.814391
2461134.397384259, A.D. 2026-Apr-03 21:32:14.0000,69.185634,-351666388.7038956,641017760.6495774,283324690.0921428,-11.83408409795672,-4.923837573995103,-1.822430754001227,2026-04-03T21:31:04.814347
2461134.398078704, A.D. 2026-Apr-03 21:33:14.0000,69.185634,-351667098.7473158,641017465.2196343,283324580.7463912,-11.83407914116941,-4.923847682998903,-1.822435214217039,2026-04-03T21:32:04.814384
2461134.398773148, A.D. 2026-Apr-03 21:34:14.0000,69.185634,-351667808.7904385,641017169.7890846,283324471.400372,-11.83407418657798,-4.92385779516109,-1.822439675974676,2026-04-03T21:33:04.814380
2461134.399467593, A.D. 2026-Apr-03 21:35:14.0000,69.185634,-351668518.8332641,641016874.3579279,283324362.054085,-11.83406923417249,-4.923867910487281,-1.822444139276667,2026-04-03T21:34:04.814417
2461134.400162037, A.D. 2026-Apr-03 21:36:14.0000,69.185634,-351669228.8757926,641016578.9261644,283324252.7075301,-11.83406428394299,-4.923878028983069,-1.822448604125531,2026-04-03T21:35:04.814373
2461134.400856481, A.D. 2026-Apr-03 21:37:14.0000,69.185634,-351669938.9180228,641016283.4937942,283324143.3607076,-11.83405933587951,-4.923888150654006,-1.822453070523764,2026-04-03T21:36:04.814329
2461134.401550926, A.D. 2026-Apr-03 21:38:14.0000,69.185634,-351670648.9599575,641015988.0608159,283324034.0136168,-11.83405438997204,-4.923898275505675,-1.822457538473879,2026-04-03T21:37:04.814366
2461134.40224537, A.D. 2026-Apr-03 21:39:14.0000,69.185634,-351671359.0015955,641015692.6272302,283323924.6662579,-11.83404944621058,-4.923908403543583,-1.822462007978352,2026-04-03T21:38:04.814362
2461134.402939815, A.D. 2026-Apr-03 21:40:14.0000,69.185634,-351672069.042937,641015397.1930366,283323815.3186308,-11.83404450458512,-4.923918534773228,-1.822466479039654,2026-04-03T21:39:04.814399
2461134.403634259, A.D. 2026-Apr-03 21:41:14.0000,69.185634,-351672779.0839821,641015101.7582351,283323705.9707353,-11.83403956508561,-4.923928669200085,-1.822470951660244,2026-04-03T21:40:04.814355
2461134.404328704, A.D. 2026-Apr-03 21:42:14.0000,69.185634,-351673489.1247308,641014806.3228253,283323596.6225715,-11.834034627702,-4.923938806829607,-1.822475425842574,2026-04-03T21:41:04.814392
2461134.405023148, A.D. 2026-Apr-03 21:43:14.0000,69.185634,-351674199.1651834,641014510.8868073,283323487.2741391,-11.83402969242421,-4.923948947667222,-1.822479901589079,2026-04-03T21:42:04.814348
2461134.405717593, A.D. 2026-Apr-03 21:44:14.0000,69.185634,-351674909.2053398,641014215.4501806,283323377.9254382,-11.83402475924217,-4.923959091718336,-1.822484378902185,2026-04-03T21:43:04.814425
2461134.406412037, A.D. 2026-Apr-03 21:45:14.0000,69.185634,-351675619.2452004,641013920.0129453,283323268.5764686,-11.83401982814577,-4.923969238988327,-1.822488857784308,2026-04-03T21:44:04.814381
2461134.407106481, A.D. 2026-Apr-03 21:46:14.0000,69.185634,-351676329.2847652,641013624.575101,283323159.2272301,-11.83401489912489,-4.923979389482555,-1.822493338237848,2026-04-03T21:45:04.814337
2461134.407800926, A.D. 2026-Apr-03 21:47:14.0000,69.185634,-351677039.3240329,641013329.1366482,283323049.8777231,-11.8340099721694,-4.92398954320633,-1.82249782026519,2026-04-03T21:46:04.814374
2461134.40849537, A.D. 2026-Apr-03 21:48:14.0000,69.185634,-351677749.3630065,641013033.6975856,283322940.5279469,-11.83400504726914,-4.923999700165005,-1.822502303868728,2026-04-03T21:47:04.814330
2461134.409189815, A.D. 2026-Apr-03 21:49:14.0000,69.185634,-351678459.4016846,641012738.2579134,283322831.1779015,-11.83400012441395,-4.924009860363844,-1.822506789050823,2026-04-03T21:48:04.814407
2461134.409884259, A.D. 2026-Apr-03 21:50:14.0000,69.185634,-351679169.4400674,641012442.8176314,283322721.8275871,-11.83399520359366,-4.924020023808108,-1.822511275813829,2026-04-03T21:49:04.814363
2461134.410578704, A.D. 2026-Apr-03 21:51:14.0000,69.185634,-351679879.478155,641012147.3767396,283322612.4770033,-11.83399028479806,-4.924030190503035,-1.822515764160093,2026-04-03T21:50:04.814400
2461134.411273148, A.D. 2026-Apr-03 21:52:14.0000,69.185634,-351680589.5159475,641011851.9352376,283322503.1261503,-11.83398536801694,-4.924040360453835,-1.822520254091945,2026-04-03T21:51:04.814356
2461134.411967593, A.D. 2026-Apr-03 21:53:14.0000,69.185634,-351681299.5534451,641011556.4931253,283322393.7750278,-11.83398045324007,-4.924050533665703,-1.822524745611707,2026-04-03T21:52:04.814393
2461134.412662037, A.D. 2026-Apr-03 21:54:14.0000,69.185634,-351682009.5906479,641011261.0504026,283322284.4236357,-11.83397554045722,-4.924060710143801,-1.822529238721688,2026-04-03T21:53:04.814389
2461134.413356482, A.D. 2026-Apr-03 21:55:14.0000,69.185634,-351682719.627556,641010965.6070694,283322175.071974,-11.83397062965813,-4.924070889893269,-1.822533733424186,2026-04-03T21:54:04.814426
2461134.414050926, A.D. 2026-Apr-03 21:56:14.0000,69.185634,-351683429.6641681,641010670.1631255,283322065.7200428,-11.83396572083252,-4.924081072919205,-1.822538229721476,2026-04-03T21:55:04.814382
2461134.41474537, A.D. 2026-Apr-03 21:57:14.0000,69.185634,-351684139.7004871,641010374.7185702,283321956.3678416,-11.8339608139701,-4.924091259226743,-1.822542727615851,2026-04-03T21:56:04.814338
2461134.415439815, A.D. 2026-Apr-03 21:58:14.0000,69.185634,-351684849.7365118,641010079.2734036,283321847.0153705,-11.83395590906058,-4.924101448820929,-1.822547227109564,2026-04-03T21:57:04.814375
2461134.416134259, A.D. 2026-Apr-03 21:59:14.0000,69.185634,-351685559.7722421,641009783.8276254,283321737.6626292,-11.83395100609363,-4.924111641706808,-1.822551728204864,2026-04-03T21:58:04.814371
2461134.416828704, A.D. 2026-Apr-03 22:00:14.0000,69.185634,-351686269.8076785,641009488.3812357,283321628.309618,-11.83394610505893,-4.9241218378894,-1.822556230903991,2026-04-03T21:59:04.814408
2461134.417523148, A.D. 2026-Apr-03 22:01:14.0000,69.185634,-351686979.8428208,641009192.934234,283321518.9563365,-11.83394120594611,-4.924132037373701,-1.82256073520917,2026-04-03T22:00:04.814364
2461134.418217592, A.D. 2026-Apr-03 22:02:14.0000,69.185634,-351687689.8776692,641008897.4866203,283321409.6027847,-11.83393630874484,-4.924142240164679,-1.822565241122617,2026-04-03T22:01:04.814320
2461134.418912037, A.D. 2026-Apr-03 22:03:14.0000,69.185634,-351688399.9122238,641008602.0383943,283321300.2489625,-11.83393141344472,-4.924152446267282,-1.822569748646533,2026-04-03T22:02:04.814357
2461134.419606482, A.D. 2026-Apr-03 22:04:14.0000,69.185634,-351689109.9464848,641008306.5895559,283321190.8948697,-11.83392652003536,-4.924162655686433,-1.822574257783111,2026-04-03T22:03:04.814434
2461134.420300926, A.D. 2026-Apr-03 22:05:14.0000,69.185634,-351689819.9804508,641008011.1401054,283321081.5405067,-11.83392162850637,-4.924172868427009,-1.822578768534518,2026-04-03T22:04:04.814390
2461134.42099537, A.D. 2026-Apr-03 22:06:14.0000,69.185634,-351690530.0141248,641007715.6900414,283320972.1858727,-11.83391673884732,-4.924183084493923,-1.822583280902941,2026-04-03T22:05:04.814346
2461134.421689815, A.D. 2026-Apr-03 22:07:14.0000,69.185634,-351691240.0475055,641007420.2393644,283320862.8309679,-11.83391185104777,-4.924193303892004,-1.822587794890526,2026-04-03T22:06:04.814383
2461134.422384259, A.D. 2026-Apr-03 22:08:14.0000,69.185634,-351691950.0805929,641007124.788074,283320753.4757922,-11.83390696509728,-4.924203526626074,-1.822592310499416,2026-04-03T22:07:04.814339
2461134.423078704, A.D. 2026-Apr-03 22:09:14.0000,69.185634,-351692660.1133873,641006829.3361703,283320644.1203456,-11.83390208098538,-4.924213752700932,-1.822596827731741,2026-04-03T22:08:04.814416
2461134.423773148, A.D. 2026-Apr-03 22:10:14.0000,69.185634,-351693370.1458887,641006533.8836529,283320534.7646278,-11.83389719870159,-4.924223982121353,-1.822601346589622,2026-04-03T22:09:04.814372
2461134.424467593, A.D. 2026-Apr-03 22:11:14.0000,69.185634,-351694080.1780971,641006238.4305216,283320425.408639,-11.83389231823543,-4.924234214892088,-1.822605867075164,2026-04-03T22:10:04.814409
2461134.425162037, A.D. 2026-Apr-03 22:12:14.0000,69.185634,-351694790.2100129,641005942.9767762,283320316.0523787,-11.8338874395764,-4.924244451017862,-1.822610389190463,2026-04-03T22:11:04.814365
