Az,El,Delta,Deldot,Calendar Date (UTC)
130.602099,16.124501,0.00263588472446,-0.1796986,2026-04-02T20:45:27
130.815752,16.24639,0.00263581282381,-0.1788468,2026-04-02T20:46:27
131.029792,16.367876,0.00263574126561,-0.1779909,2026-04-02T20:47:27
131.244219,16.488957,0.0026356700515,-0.177131,2026-04-02T20:48:27
131.459035,16.609631,0.00263559918307,-0.1762671,2026-04-02T20:49:27
131.674242,16.729895,0.00263552866191,-0.1753992,2026-04-02T20:50:27
131.88984,16.849746,0.00263545848964,-0.1745273,2026-04-02T20:51:27
132.105831,16.969182,0.00263538866783,-0.1736515,2026-04-02T20:52:27
132.322216,17.088201,0.00263531919807,-0.1727718,2026-04-02T20:53:27
132.538996,17.2068,0.00263525008193,-0.1718881,2026-04-02T20:54:27
132.756173,17.324976,0.00263518132099,-0.1710006,2026-04-02T20:55:27
132.973748,17.442726,0.00263511291681,-0.1701091,2026-04-02T20:56:27
133.191722,17.560049,0.00263504487093,-0.1692138,2026-04-02T20:57:27
133.410097,17.676941,0.00263497718493,-0.1683146,2026-04-02T20:58:27
133.628872,17.7934,0.00263490986033,-0.1674116,2026-04-02T20:59:27
133.84805,17.909424,0.00263484289867,-0.1665047,2026-04-02T21:00:27
134.067632,18.025009,0.00263477630148,-0.165594,2026-04-02T21:01:27
134.287619,18.140154,0.0026347100703,-0.1646796,2026-04-02T21:02:27
134.508011,18.254855,0.00263464420663,-0.1637614,2026-04-02T21:03:27
134.728809,18.36911,0.00263457871198,-0.1628394,2026-04-02T21:04:27
134.950016,18.482917,0.00263451358786,-0.1619137,2026-04-02T21:05:27
135.171631,18.596272,0.00263444883577,-0.1609842,2026-04-02T21:06:27
135.393656,18.709173,0.0026343844572,-0.1600511,2026-04-02T21:07:27
135.616091,18.821618,0.00263432045363,-0.1591142,2026-04-02T21:08:27
135.838937,18.933604,0.00263425682653,-0.1581737,2026-04-02T21:09:27
136.062196,19.045128,0.00263419357738,-0.1572295,2026-04-02T21:10:27
136.285868,19.156187,0.00263413070764,-0.1562817,2026-04-02T21:11:27
136.509954,19.26678,0.00263406821876,-0.1553303,2026-04-02T21:12:27
136.734454,19.376902,0.0026340061122,-0.1543752,2026-04-02T21:13:27
136.95937,19.486552,0.00263394438939,-0.1534166,2026-04-02T21:14:27
137.184702,19.595728,0.00263388305177,-0.1524544,2026-04-02T21:15:27
137.41045,19.704425,0.00263382210078,-0.1514887,2026-04-02T21:16:27
137.636616,19.812642,0.00263376153782,-0.1505194,2026-04-02T21:17:27
137.8632,19.920376,0.00263370136432,-0.1495466,2026-04-02T21:18:27
138.090203,20.027625,0.00263364158167,-0.1485703,2026-04-02T21:19:27
138.317625,20.134385,0.00263358219129,-0.1475905,2026-04-02T21:20:27
138.545467,20.240654,0.00263352319456,-0.1466073,2026-04-02T21:21:27
138.773729,20.346429,0.00263346459287,-0.1456206,2026-04-02T21:22:27
139.002411,20.451708,0.0026334063876,-0.1446305,2026-04-02T21:23:27
139.231515,20.556487,0.00263334858011,-0.1436369,2026-04-02T21:24:27
139.46104,20.660765,0.00263329117177,-0.14264,2026-04-02T21:25:27
139.690987,20.764538,0.00263323416394,-0.1416397,2026-04-02T21:26:27
139.921357,20.867804,0.00263317755796,-0.1406361,2026-04-02T21:27:27
140.152149,20.970561,0.00263312135518,-0.1396291,2026-04-02T21:28:27
140.383363,21.072804,0.00263306555693,-0.1386188,2026-04-02T21:29:27
140.615001,21.174533,0.00263301016455,-0.1376053,2026-04-02T21:30:27
140.847062,21.275743,0.00263295517933,-0.1365884,2026-04-02T21:31:27
141.079546,21.376433,0.00263290060261,-0.1355683,2026-04-02T21:32:27
141.312454,21.476599,0.00263284643568,-0.1345449,2026-04-02T21:33:27
141.545785,21.576239,0.00263279267984,-0.1335183,2026-04-02T21:34:27
141.77954,21.675351,0.00263273933638,-0.1324885,2026-04-02T21:35:27
142.013719,21.773931,0.00263268640658,-0.1314555,2026-04-02T21:36:27
142.248321,21.871976,0.00263263389172,-0.1304193,2026-04-02T21:37:27
142.483347,21.969485,0.00263258179306,-0.12938,2026-04-02T21:38:27
142.718797,22.066454,0.00263253011186,-0.1283376,2026-04-02T21:39:27
142.954669,22.162881,0.00263247884937,-0.127292,2026-04-02T21:40:27
143.190965,22.258763,0.00263242800684,-0.1262434,2026-04-02T21:41:27
143.427684,22.354098,0.0026323775855,-0.1251917,2026-04-02T21:42:27
143.664826,22.448882,0.00263232758658,-0.1241369,2026-04-02T21:43:27
143.90239,22.543112,0.0026322780113,-0.1230791,2026-04-02T21:44:27
144.140376,22.636787,0.00263222886088,-0.1220183,2026-04-02T21:45:27
144.378783,22.729904,0.00263218013652,-0.1209545,2026-04-02T21:46:27
144.617612,22.822459,0.00263213183941,-0.1198877,2026-04-02T21:47:27
144.856862,22.914451,0.00263208397074,-0.118818,2026-04-02T21:48:27
145.096533,23.005876,0.0026320365317,-0.1177453,2026-04-02T21:49:27
145.336623,23.096731,0.00263198952346,-0.1166697,2026-04-02T21:50:27
145.577132,23.187015,0.00263194294719,-0.1155913,2026-04-02T21:51:27
145.81806,23.276724,0.00263189680403,-0.1145099,2026-04-02T21:52:27
146.059407,23.365856,0.00263185109515,-0.1134257,2026-04-02T21:53:27
146.30117,23.454408,0.00263180582168,-0.1123386,2026-04-02T21:54:27
146.54335,23.542377,0.00263176098476,-0.1112488,2026-04-02T21:55:27
146.785945,23.629761,0.0026317165855,-0.1101561,2026-04-02T21:56:27
147.028956,23.716557,0.00263167262504,-0.1090607,2026-04-02T21:57:27
147.272381,23.802763,0.00263162910448,-0.1079625,2026-04-02T21:58:27
147.516218,23.888375,0.00263158602492,-0.1068615,2026-04-02T21:59:27
147.760468,23.973392,0.00263154338745,-0.1057579,2026-04-02T22:00:27
148.00513,24.057809,0.00263150119316,-0.1046516,2026-04-02T22:01:27
148.250201,24.141626,0.00263145944312,-0.1035425,2026-04-02T22:02:27
148.495681,24.224839,0.00263141813841,-0.1024309,2026-04-02T22:03:27
148.741569,24.307446,0.00263137728008,-0.1013166,2026-04-02T22:04:27
148.987864,24.389443,0.00263133686919,-0.1001996,2026-04-02T22:05:27
149.234565,24.470829,0.00263129690678,-0.0990801,2026-04-02T22:06:27
149.481669,24.5516,0.00263125739389,-0.097958,2026-04-02T22:07:27
149.729177,24.631755,0.00263121833154,-0.0968334,2026-04-02T22:08:27
149.977086,24.711291,0.00263117972075,-0.0957063,2026-04-02T22:09:27
150.225395,24.790204,0.00263114156253,-0.0945766,2026-04-02T22:10:27
150.474103,24.868493,0.00263110385789,-0.0934444,2026-04-02T22:11:27
150.723208,24.946154,0.00263106660782,-0.0923098,2026-04-02T22:12:27
150.972709,25.023186,0.00263102981331,-0.0911727,2026-04-02T22:13:27
151.222603,25.099586,0.00263099347532,-0.0900332,2026-04-02T22:14:27
151.47289,25.175351,0.00263095759485,-0.0888913,2026-04-02T22:15:27
151.723568,25.250479,0.00263092217283,-0.087747,2026-04-02T22:16:27
151.974634,25.324967,0.00263088721022,-0.0866003,2026-04-02T22:17:27
152.226088,25.398813,0.00263085270797,-0.0854513,2026-04-02T22:18:27
152.477927,25.472013,0.00263081866701,-0.0843,2026-04-02T22:19:27
152.730149,25.544567,0.00263078508828,-0.0831464,2026-04-02T22:20:27
152.982753,25.616471,0.00263075197267,-0.0819905,2026-04-02T22:21:27
153.235737,25.687723,0.00263071932111,-0.0808324,2026-04-02T22:22:27
153.489097,25.758319,0.0026306871345,-0.079672,2026-04-02T22:23:27
153.742834,25.828259,0.00263065541372,-0.0785094,2026-04-02T22:24:27
153.996943,25.89754,0.00263062415967,-0.0773446,2026-04-02T22:25:27
154.251424,25.966158,0.00263059337321,-0.0761776,2026-04-02T22:26:27
154.506274,26.034112,0.00263056305521,-0.0750085,2026-04-02T22:27:27
154.76149,26.1014,0.00263053320654,-0.0738373,2026-04-02T22:28:27
155.017071,26.168018,0.00263050382803,-0.0726639,2026-04-02T22:29:27
155.273013,26.233965,0.00263047492053,-0.0714885,2026-04-02T22:30:27
155.529315,26.299238,0.00263044648487,-0.070311,2026-04-02T22:31:27
155.785974,26.363835,0.00263041852188,-0.0691315,2026-04-02T22:32:27
156.042988,26.427753,0.00263039103235,-0.06795,2026-04-02T22:33:27
156.300354,26.490991,0.00263036401712,-0.0667664,2026-04-02T22:34:27
156.558069,26.553546,0.00263033747696,-0.0655809,2026-04-02T22:35:27
156.816131,26.615415,0.00263031141266,-0.0643934,2026-04-02T22:36:27
157.074538,26.676597,0.00263028582501,-0.063204,2026-04-02T22:37:27
157.333285,26.737089,0.00263026071478,-0.0620127,2026-04-02T22:38:27
157.592371,26.796889,0.00263023608272,-0.0608195,2026-04-02T22:39:27
157.851793,26.855995,0.00263021192958,-0.0596244,2026-04-02T22:40:27
158.111548,26.914405,0.00263018825612,-0.0584275,2026-04-02T22:41:27
158.371632,26.972116,0.00263016506306,-0.0572288,2026-04-02T22:42:27
158.632044,27.029126,0.00263014235114,-0.0560283,2026-04-02T22:43:27
158.892779,27.085434,0.00263012012106,-0.054826,2026-04-02T22:44:27
159.153835,27.141037,0.00263009837353,-0.0536219,2026-04-02T22:45:27
159.415209,27.195932,0.00263007710926,-0.0524162,2026-04-02T22:46:27
159.676897,27.250119,0.00263005632894,-0.0512087,2026-04-02T22:47:27
159.938897,27.303594,0.00263003603324,-0.0499995,2026-04-02T22:48:27
160.201204,27.356356,0.00263001622283,-0.0487886,2026-04-02T22:49:27
160.463817,27.408403,0.00262999689839,-0.0475762,2026-04-02T22:50:27
160.726731,27.459733,0.00262997806055,-0.0463621,2026-04-02T22:51:27
160.989943,27.510343,0.00262995970998,-0.0451464,2026-04-02T22:52:27
161.253449,27.560233,0.0026299418473,-0.0439291,2026-04-02T22:53:27
161.517247,27.609399,0.00262992447314,-0.0427103,2026-04-02T22:54:27
161.781332,27.657841,0.00262990758811,-0.0414899,2026-04-02T22:55:27
162.045701,27.705555,0.00262989119284,-0.0402681,2026-04-02T22:56:27
162.31035,27.752541,0.00262987528791,-0.0390447,2026-04-02T22:57:27
162.575276,27.798797,0.00262985987391,-0.0378199,2026-04-02T22:58:27
162.840475,27.84432,0.00262984495144,-0.0365937,2026-04-02T22:59:27
163.105944,27.889109,0.00262983052105,-0.035366,2026-04-02T23:00:27
163.371677,27.933161,0.00262981658332,-0.034137,2026-04-02T23:01:27
163.637673,27.976477,0.00262980313879,-0.0329066,2026-04-02T23:02:27
163.903926,28.019053,0.00262979018801,-0.0316748,2026-04-02T23:03:27
164.170433,28.060887,0.00262977773152,-0.0304417,2026-04-02T23:04:27
164.43719,28.101979,0.00262976576984,-0.0292073,2026-04-02T23:05:27
164.704193,28.142327,0.0026297543035,-0.0279716,2026-04-02T23:06:27
164.971438,28.181928,0.00262974333299,-0.0267347,2026-04-02T23:07:27
165.238921,28.220782,0.00262973285882,-0.0254966,2026-04-02T23:08:27
165.506637,28.258887,0.00262972288148,-0.0242572,2026-04-02T23:09:27
165.774583,28.296241,0.00262971340144,-0.0230167,2026-04-02T23:10:27
166.042755,28.332843,0.00262970441918,-0.0217749,2026-04-02T23:11:27
166.311147,28.36869,0.00262969593516,-0.0205321,2026-04-02T23:12:27
166.579757,28.403783,0.00262968794983,-0.0192881,2026-04-02T23:13:27
166.848579,28.438119,0.00262968046365,-0.0180431,2026-04-02T23:14:27
167.117609,28.471697,0.00262967347702,-0.0167969,2026-04-02T23:15:27
167.386844,28.504515,0.0026296669904,-0.0155497,2026-04-02T23:16:27
167.656277,28.536573,0.00262966100418,-0.0143015,2026-04-02T23:17:27
167.925906,28.567868,0.00262965551878,-0.0130523,2026-04-02T23:18:27
168.195726,28.5984,0.00262965053459,-0.0118021,2026-04-02T23:19:27
168.465732,28.628167,0.00262964605201,-0.010551,2026-04-02T23:20:27
168.73592,28.657168,0.0026296420714,-0.0092989,2026-04-02T23:21:27
169.006284,28.685402,0.00262963859314,-0.0080459,2026-04-02T23:22:27
169.276821,28.712868,0.00262963561758,-0.0067921,2026-04-02T23:23:27
169.547526,28.739564,0.00262963314509,-0.0055374,2026-04-02T23:24:27
169.818395,28.76549,0.00262963117599,-0.0042818,2026-04-02T23:25:27
170.089421,28.790643,0.00262962971063,-0.0030254,2026-04-02T23:26:27
170.360602,28.815024,0.00262962874931,-0.0017682,2026-04-02T23:27:27
170.631932,28.838631,0.00262962829236,-0.0005103,2026-04-02T23:28:27
170.903406,28.861463,0.00262962834008,0.0007484,2026-04-02T23:29:27
171.17502,28.88352,0.00262962889276,0.0020078,2026-04-02T23:30:27
171.446769,28.904799,0.00262962995069,0.0032679,2026-04-02T23:31:27
171.718647,28.925301,0.00262963151414,0.0045287,2026-04-02T23:32:27
171.990651,28.945024,0.00262963358338,0.0057901,2026-04-02T23:33:27
172.262775,28.963968,0.00262963615867,0.0070522,2026-04-02T23:34:27
172.535015,28.982132,0.00262963924024,0.0083148,2026-04-02T23:35:27
172.807365,28.999514,0.00262964282835,0.0095781,2026-04-02T23:36:27
173.07982,29.016115,0.00262964692321,0.0108419,2026-04-02T23:37:27
173.352376,29.031933,0.00262965152505,0.0121062,2026-04-02T23:38:27
173.625028,29.046968,0.00262965663407,0.013371,2026-04-02T23:39:27
173.89777,29.061219,0.00262966225048,0.0146364,2026-04-02T23:40:27
174.170598,29.074686,0.00262966837447,0.0159022,2026-04-02T23:41:27
174.443507,29.087368,0.00262967500621,0.0171684,2026-04-02T23:42:27
174.716491,29.099263,0.00262968214589,0.018435,2026-04-02T23:43:27
174.989546,29.110373,0.00262968979365,0.0197021,2026-04-02T23:44:27
175.262666,29.120696,0.00262969794965,0.0209695,2026-04-02T23:45:27
175.535846,29.130232,0.00262970661405,0.0222373,2026-04-02T23:46:27
175.809082,29.13898,0.00262971578697,0.0235053,2026-04-02T23:47:27
176.082368,29.146941,0.00262972546853,0.0247737,2026-04-02T23:48:27
176.355699,29.154113,0.00262973565885,0.0260424,2026-04-02T23:49:27
176.62907,29.160496,0.00262974635804,0.0273113,2026-04-02T23:50:27
176.902476,29.16609,0.00262975756619,0.0285804,2026-04-02T23:51:27
177.175912,29.170895,0.00262976928339,0.0298497,2026-04-02T23:52:27
177.449372,29.174911,0.00262978150972,0.0311193,2026-04-02T23:53:27
177.722852,29.178137,0.00262979424523,0.0323889,2026-04-02T23:54:27
177.996346,29.180573,0.00262980749,0.0336587,2026-04-02T23:55:27
178.269849,29.182219,0.00262982124407,0.0349287,2026-04-02T23:56:27
178.543356,29.183075,0.00262983550748,0.0361987,2026-04-02T23:57:27
178.816862,29.18314,0.00262985028026,0.0374687,2026-04-02T23:58:27
179.090361,29.182416,0.00262986556243,0.0387388,2026-04-02T23:59:27
179.36385,29.180902,0.002629881354,0.0400089,2026-04-03T00:00:27
179.637321,29.178597,0.00262989765497,0.0412791,2026-04-03T00:01:27
179.910771,29.175502,0.00262991446533,0.0425491,2026-04-03T00:02:27
180.184194,29.171617,0.00262993178508,0.0438192,2026-04-03T00:03:27
180.457585,29.166942,0.00262994961416,0.0450891,2026-04-03T00:04:27
180.730938,29.161478,0.00262996795257,0.0463589,2026-04-03T00:05:27
181.004249,29.155224,0.00262998680024,0.0476287,2026-04-03T00:06:27
181.277513,29.148181,0.00263000615712,0.0488982,2026-04-03T00:07:27
181.550724,29.140349,0.00263002602315,0.0501676,2026-04-03T00:08:27
181.823878,29.131728,0.00263004639825,0.0514368,2026-04-03T00:09:27
182.096968,29.122319,0.00263006728234,0.0527058,2026-04-03T00:10:27
182.369991,29.112122,0.00263008867532,0.0539745,2026-04-03T00:11:27
182.64294,29.101137,0.0026301105771,0.055243,2026-04-03T00:12:27
182.915812,29.089365,0.00263013298755,0.0565111,2026-04-03T00:13:27
183.1886,29.076807,0.00263015590657,0.057779,2026-04-03T00:14:27
183.4613,29.063462,0.00263017933402,0.0590465,2026-04-03T00:15:27
183.733907,29.049331,0.00263020326975,0.0603137,2026-04-03T00:16:27
184.006415,29.034415,0.00263022771362,0.0615804,2026-04-03T00:17:27
184.278821,29.018715,0.00263025266546,0.0628468,2026-04-03T00:18:27
184.551118,29.002231,0.00263027812512,0.0641127,2026-04-03T00:19:27
184.823301,28.984964,0.00263030409241,0.0653782,2026-04-03T00:20:27
185.095367,28.966914,0.00263033056714,0.0666432,2026-04-03T00:21:27
185.367309,28.948082,0.00263035754912,0.0679077,2026-04-03T00:22:27
185.639123,28.92847,0.00263038503814,0.0691716,2026-04-03T00:23:27
185.910805,28.908077,0.00263041303398,0.0704351,2026-04-03T00:24:27
186.182348,28.886904,0.00263044153643,0.0716979,2026-04-03T00:25:27
186.453749,28.864953,0.00263047054523,0.0729601,2026-04-03T00:26:27
186.725002,28.842224,0.00263050006016,0.0742218,2026-04-03T00:27:27
186.996103,28.818718,0.00263053008095,0.0754827,2026-04-03T00:28:27
187.267047,28.794436,0.00263056060734,0.0767431,2026-04-03T00:29:27
187.537828,28.76938,0.00263059163907,0.0780027,2026-04-03T00:30:27
187.808444,28.743549,0.00263062317585,0.0792616,2026-04-03T00:31:27
188.078888,28.716946,0.00263065521739,0.0805198,2026-04-03T00:32:27
188.349156,28.689571,0.00263068776339,0.0817772,2026-04-03T00:33:27
188.619243,28.661425,0.00263072081353,0.0830338,2026-04-03T00:34:27
188.889145,28.632509,0.0026307543675,0.0842896,2026-04-03T00:35:27
189.158857,28.602825,0.00263078842498,0.0855446,2026-04-03T00:36:27
189.428375,28.572374,0.00263082298562,0.0867987,2026-04-03T00:37:27
189.697694,28.541156,0.00263085804908,0.088052,2026-04-03T00:38:27
189.966809,28.509174,0.00263089361499,0.0893044,2026-04-03T00:39:27
190.235716,28.476428,0.00263092968301,0.0905558,2026-04-03T00:40:27
190.504411,28.44292,0.00263096625274,0.0918063,2026-04-03T00:41:27
190.77289,28.408651,0.00263100332381,0.0930558,2026-04-03T00:42:27
191.041147,28.373622,0.00263104089582,0.0943043,2026-04-03T00:43:27
191.309178,28.337835,0.00263107896836,0.0955518,2026-04-03T00:44:27
191.57698,28.301291,0.00263111754104,0.0967983,2026-04-03T00:45:27
191.844548,28.263992,0.00263115661341,0.0980437,2026-04-03T00:46:27
192.111878,28.225939,0.00263119618507,0.099288,2026-04-03T00:47:27
192.378965,28.187133,0.00263123625556,0.1005312,2026-04-03T00:48:27
192.645805,28.147576,0.00263127682444,0.1017733,2026-04-03T00:49:27
192.912395,28.107271,0.00263131789124,0.1030143,2026-04-03T00:50:27
193.17873,28.066217,0.0026313594555,0.104254,2026-04-03T00:51:27
193.444806,28.024417,0.00263140151675,0.1054926,2026-04-03T00:52:27
193.710619,27.981872,0.00263144407449,0.1067299,2026-04-03T00:53:27
193.976166,27.938584,0.00263148712823,0.107966,2026-04-03T00:54:27
194.241441,27.894555,0.00263153067748,0.1092008,2026-04-03T00:55:27
194.506442,27.849786,0.0026315747217,0.1104343,2026-04-03T00:56:27
194.771165,27.80428,0.00263161926039,0.1116665,2026-04-03T00:57:27
195.035605,27.758037,0.002631664293,0.1128974,2026-04-03T00:58:27
195.299759,27.71106,0.00263170981901,0.1141269,2026-04-03T00:59:27
195.563624,27.66335,0.00263175583785,0.115355,2026-04-03T01:00:27
195.827195,27.614909,0.00263180234897,0.1165817,2026-04-03T01:01:27
196.090469,27.565739,0.00263184935181,0.117807,2026-04-03T01:02:27
196.353443,27.515842,0.00263189684577,0.1190309,2026-04-03T01:03:27
196.616112,27.46522,0.00263194483029,0.1202532,2026-04-03T01:04:27
196.878474,27.413874,0.00263199330475,0.1214741,2026-04-03T01:05:27
197.140524,27.361807,0.00263204226856,0.1226935,2026-04-03T01:06:27
197.40226,27.30902,0.00263209172111,0.1239113,2026-04-03T01:07:27
197.663678,27.255516,0.00263214166176,0.1251275,2026-04-03T01:08:27
197.924775,27.201296,0.0026321920899,0.1263422,2026-04-03T01:09:27
198.185548,27.146362,0.00263224300487,0.1275552,2026-04-03T01:10:27
198.445992,27.090717,0.00263229440603,0.1287667,2026-04-03T01:11:27
198.706106,27.034362,0.00263234629273,0.1299764,2026-04-03T01:12:27
198.965886,26.9773,0.00263239866428,0.1311845,2026-04-03T01:13:27
199.225328,26.919532,0.00263245152002,0.1323909,2026-04-03T01:14:27
199.484431,26.861061,0.00263250485926,0.1335956,2026-04-03T01:15:27
199.74319,26.801889,0.0026325586813,0.1347985,2026-04-03T01:16:27
200.001603,26.742018,0.00263261298545,0.1359997,2026-04-03T01:17:27
200.259667,26.681449,0.00263266777099,0.1371991,2026-04-03T01:18:27
200.51738,26.620186,0.0026327230372,0.1383966,2026-04-03T01:19:27
200.774737,26.558231,0.00263277878335,0.1395924,2026-04-03T01:20:27
201.031737,26.495585,0.0026328350087,0.1407863,2026-04-03T01:21:27
201.288377,26.43225,0.0026328917125,0.1419783,2026-04-03T01:22:27
201.544654,26.36823,0.002632948894,0.1431684,2026-04-03T01:23:27
201.800565,26.303526,0.00263300655244,0.1443566,2026-04-03T01:24:27
202.056109,26.238141,0.00263306468702,0.1455429,2026-04-03T01:25:27
202.311282,26.172076,0.00263312329699,0.1467271,2026-04-03T01:26:27
202.566082,26.105335,0.00263318238154,0.1479095,2026-04-03T01:27:27
202.820506,26.037919,0.00263324193987,0.1490898,2026-04-03T01:28:27
203.074553,25.969831,0.00263330197117,0.150268,2026-04-03T01:29:27
203.328219,25.901073,0.00263336247464,0.1514443,2026-04-03T01:30:27
203.581503,25.831647,0.00263342344943,0.1526184,2026-04-03T01:31:27
203.834402,25.761557,0.00263348489471,0.1537905,2026-04-03T01:32:27
204.086914,25.690803,0.00263354680965,0.1549604,2026-04-03T01:33:27
204.339038,25.619389,0.00263360919339,0.1561282,2026-04-03T01:34:27
204.59077,25.547317,0.00263367204507,0.1572939,2026-04-03T01:35:27
204.842109,25.474589,0.00263373536381,0.1584574,2026-04-03T01:36:27
205.093052,25.401209,0.00263379914875,0.1596187,2026-04-03T01:37:27
205.343599,25.327177,0.00263386339899,0.1607777,2026-04-03T01:38:27
205.593746,25.252497,0.00263392811364,0.1619345,2026-04-03T01:39:27
205.843493,25.177171,0.00263399329179,0.1630891,2026-04-03T01:40:27
206.092836,25.101202,0.00263405893253,0.1642413,2026-04-03T01:41:27
206.341776,25.024592,0.00263412503496,0.1653913,2026-04-03T01:42:27
206.590309,24.947344,0.00263419159811,0.1665389,2026-04-03T01:43:27
206.838434,24.869459,0.00263425862108,0.1676842,2026-04-03T01:44:27
207.08615,24.790942,0.00263432610291,0.1688271,2026-04-03T01:45:27
207.333455,24.711793,0.00263439404264,0.1699676,2026-04-03T01:46:27
207.580347,24.632016,0.00263446243931,0.1711057,2026-04-03T01:47:27
207.826825,24.551613,0.00263453129195,0.1722414,2026-04-03T01:48:27
208.072887,24.470587,0.00263460059959,0.1733746,2026-04-03T01:49:27
208.318532,24.38894,0.00263467036122,0.1745054,2026-04-03T01:50:27
208.56376,24.306675,0.00263474057587,0.1756337,2026-04-03T01:51:27
208.808567,24.223794,0.00263481124251,0.1767594,2026-04-03T01:52:27
209.052954,24.140301,0.00263488236015,0.1778826,2026-04-03T01:53:27
209.296919,24.056196,0.00263495392775,0.1790033,2026-04-03T01:54:27
209.54046,23.971484,0.00263502594429,0.1801213,2026-04-03T01:55:27
209.783578,23.886167,0.00263509840873,0.1812368,2026-04-03T01:56:27
210.026269,23.800247,0.00263517132003,0.1823497,2026-04-03T01:57:27
210.268535,23.713727,0.00263524467713,0.1834599,2026-04-03T01:58:27
210.510373,23.626609,0.00263531847897,0.1845674,2026-04-03T01:59:27
210.751782,23.538896,0.00263539272448,0.1856723,2026-04-03T02:00:27
210.992762,23.450591,0.00263546741258,0.1867745,2026-04-03T02:01:27
211.233313,23.361697,0.00263554254218,0.187874,2026-04-03T02:02:27
211.473432,23.272215,0.0026356181122,0.1889707,2026-04-03T02:03:27
211.713119,23.182149,0.00263569412152,0.1900647,2026-04-03T02:04:27
211.952374,23.091501,0.00263577056904,0.1911559,2026-04-03T02:05:27
212.191196,23.000274,0.00263584745364,0.1922443,2026-04-03T02:06:27
212.429584,22.908471,0.00263592477419,0.1933298,2026-04-03T02:07:27
212.667538,22.816094,0.00263600252956,0.1944126,2026-04-03T02:08:27
212.905056,22.723145,0.0026360807186,0.1954924,2026-04-03T02:09:27
213.14214,22.629628,0.00263615934017,0.1965694,2026-04-03T02:10:27
213.378787,22.535546,0.0026362383931,0.1976435,2026-04-03T02:11:27
213.614998,22.440899,0.00263631787625,0.1987147,2026-04-03T02:12:27
213.850771,22.345693,0.00263639778841,0.199783,2026-04-03T02:13:27
214.086108,22.249928,0.00263647812842,0.2008483,2026-04-03T02:14:27
214.321008,22.153608,0.00263655889509,0.2019106,2026-04-03T02:15:27
214.555469,22.056736,0.00263664008722,0.2029699,2026-04-03T02:16:27
214.789492,21.959313,0.0026367217036,0.2040262,2026-04-03T02:17:27
215.023078,21.861343,0.00263680374302,0.2050795,2026-04-03T02:18:27
215.256224,21.762829,0.00263688620427,0.2061297,2026-04-03T02:19:27
215.488932,21.663772,0.0026369690861,0.2071769,2026-04-03T02:20:27
215.721202,21.564177,0.0026370523873,0.2082209,2026-04-03T02:21:27
215.953033,21.464044,0.00263713610661,0.2092619,2026-04-03T02:22:27
216.184425,21.363378,0.00263722024278,0.2102997,2026-04-03T02:23:27
216.415378,21.26218,0.00263730479456,0.2113344,2026-04-03T02:24:27
216.645893,21.160454,0.00263738976069,0.2123659,2026-04-03T02:25:27
216.875969,21.058201,0.00263747513987,0.2133942,2026-04-03T02:26:27
217.105607,20.955426,0.00263756093084,0.2144194,2026-04-03T02:27:27
217.334806,20.852129,0.00263764713231,0.2154413,2026-04-03T02:28:27
217.563567,20.748315,0.00263773374298,0.2164599,2026-04-03T02:29:27
217.791891,20.643985,0.00263782076155,0.2174753,2026-04-03T02:30:27
218.019776,20.539142,0.0026379081867,0.2184874,2026-04-03T02:31:27
218.247225,20.43379,0.00263799601712,0.2194963,2026-04-03T02:32:27
218.474236,20.32793,0.00263808425149,0.2205018,2026-04-03T02:33:27
218.700811,20.221565,0.00263817288847,0.221504,2026-04-03T02:34:27
218.926949,20.114698,0.00263826192672,0.2225028,2026-04-03T02:35:27
219.152652,20.007331,0.00263835136489,0.2234983,2026-04-03T02:36:27
219.377919,19.899468,0.00263844120163,0.2244904,2026-04-03T02:37:27
219.602752,19.79111,0.00263853143559,0.2254791,2026-04-03T02:38:27
219.82715,19.682261,0.00263862206538,0.2264643,2026-04-03T02:39:27
220.051114,19.572923,0.00263871308963,0.2274461,2026-04-03T02:40:27
220.274645,19.463098,0.00263880450697,0.2284245,2026-04-03T02:41:27
220.497743,19.35279,0.00263889631599,0.2293994,2026-04-03T02:42:27
220.720409,19.242001,0.00263898851531,0.2303708,2026-04-03T02:43:27
220.942644,19.130733,0.00263908110353,0.2313386,2026-04-03T02:44:27
221.164449,19.018989,0.00263917407921,0.232303,2026-04-03T02:45:27
221.385823,18.906772,0.00263926744096,0.2332638,2026-04-03T02:46:27
221.606769,18.794085,0.00263936118734,0.2342211,2026-04-03T02:47:27
221.827285,18.680929,0.00263945531692,0.2351747,2026-04-03T02:48:27
222.047375,18.567308,0.00263954982828,0.2361248,2026-04-03T02:49:27
222.267037,18.453224,0.00263964471994,0.2370713,2026-04-03T02:50:27
222.486274,18.338679,0.00263973999047,0.2380141,2026-04-03T02:51:27
222.705086,18.223677,0.00263983563841,0.2389533,2026-04-03T02:52:27
222.923474,18.10822,0.00263993166229,0.2398888,2026-04-03T02:53:27
223.141438,17.99231,0.00264002806063,0.2408206,2026-04-03T02:54:27
223.358981,17.875951,0.00264012483196,0.2417488,2026-04-03T02:55:27
223.576102,17.759143,0.00264022197479,0.2426732,2026-04-03T02:56:27
223.792803,17.641891,0.00264031948763,0.2435939,2026-04-03T02:57:27
224.009086,17.524197,0.00264041736898,0.2445109,2026-04-03T02:58:27
224.22495,17.406063,0.00264051561733,0.245424,2026-04-03T02:59:27
224.440397,17.287491,0.00264061423117,0.2463334,2026-04-03T03:00:27
224.655428,17.168485,0.00264071320898,0.247239,2026-04-03T03:01:27
224.870045,17.049046,0.00264081254923,0.2481408,2026-04-03T03:02:27
225.084248,16.929178,0.00264091225039,0.2490388,2026-04-03T03:03:27
225.298039,16.808883,0.00264101231092,0.2499329,2026-04-03T03:04:27
225.511418,16.688163,0.00264111272929,0.2508232,2026-04-03T03:05:27
225.724388,16.567021,0.00264121350392,0.2517096,2026-04-03T03:06:27
225.936949,16.445459,0.00264131463327,0.2525921,2026-04-03T03:07:27
226.149103,16.32348,0.00264141611579,0.2534706,2026-04-03T03:08:27
226.360851,16.201086,0.00264151794987,0.2543453,2026-04-03T03:09:27
226.572194,16.07828,0.00264162013397,0.255216,2026-04-03T03:10:27
226.783133,15.955064,0.00264172266649,0.2560828,2026-04-03T03:11:27
226.99367,15.831441,0.00264182554584,0.2569456,2026-04-03T03:12:27
227.203807,15.707413,0.00264192877043,0.2578044,2026-04-03T03:13:27
227.413544,15.582983,0.00264203233866,0.2586592,2026-04-03T03:14:27
227.622883,15.458153,0.00264213624891,0.25951,2026-04-03T03:15:27
227.831826,15.332925,0.00264224049958,0.2603567,2026-04-03T03:16:27
228.040374,15.207302,0.00264234508904,0.2611995,2026-04-03T03:17:27
228.248528,15.081287,0.00264245001567,0.2620381,2026-04-03T03:18:27
228.45629,14.954881,0.00264255527784,0.2628727,2026-04-03T03:19:27
228.663662,14.828087,0.00264266087391,0.2637032,2026-04-03T03:20:27
228.870644,14.700908,0.00264276680223,0.2645295,2026-04-03T03:21:27
229.077239,14.573346,0.00264287306116,0.2653518,2026-04-03T03:22:27
229.283448,14.445403,0.00264297964904,0.2661699,2026-04-03T03:23:27
229.489272,14.317082,0.0026430865642,0.2669839,2026-04-03T03:24:27
229.694714,14.188385,0.00264319380499,0.2677937,2026-04-03T03:25:27
229.899774,14.059315,0.00264330136973,0.2685993,2026-04-03T03:26:27
230.104455,13.929873,0.00264340925674,0.2694008,2026-04-03T03:27:27
230.308758,13.800063,0.00264351746433,0.270198,2026-04-03T03:28:27
230.512684,13.669886,0.00264362599082,0.270991,2026-04-03T03:29:27
230.716236,13.539344,0.00264373483451,0.2717798,2026-04-03T03:30:27
230.919415,13.408441,0.0026438439937,0.2725643,2026-04-03T03:31:27
231.122223,13.277178,0.00264395346668,0.2733446,2026-04-03T03:32:27
231.324661,13.145559,0.00264406325174,0.2741206,2026-04-03T03:33:27
231.526731,13.013584,0.00264417334717,0.2748923,2026-04-03T03:34:27
231.728435,12.881256,0.00264428375123,0.2756597,2026-04-03T03:35:27
231.929775,12.748579,0.0026443944622,0.2764228,2026-04-03T03:36:27
232.130752,12.615553,0.00264450547836,0.2771815,2026-04-03T03:37:27
232.331368,12.482181,0.00264461679794,0.2779359,2026-04-03T03:38:27
232.531625,12.348466,0.00264472841922,0.278686,2026-04-03T03:39:27
232.731525,12.214409,0.00264484034045,0.2794316,2026-04-03T03:40:27
232.93107,12.080014,0.00264495255985,0.2801729,2026-04-03T03:41:27
233.130261,11.945282,0.00264506507569,0.2809098,2026-04-03T03:42:27
233.3291,11.810215,0.00264517788619,0.2816423,2026-04-03T03:43:27
233.52759,11.674816,0.00264529098958,0.2823704,2026-04-03T03:44:27
233.725731,11.539086,0.00264540438408,0.283094,2026-04-03T03:45:27
233.923527,11.403029,0.00264551806792,0.2838132,2026-04-03T03:46:27
234.120978,11.266646,0.0026456320393,0.284528,2026-04-03T03:47:27
234.318086,11.12994,0.00264574629644,0.2852382,2026-04-03T03:48:27
234.514854,10.992912,0.00264586083754,0.285944,2026-04-03T03:49:27
234.711284,10.855566,0.0026459756608,0.2866453,2026-04-03T03:50:27
234.907377,10.717902,0.00264609076441,0.287342,2026-04-03T03:51:27
235.103135,10.579923,0.00264620614656,0.2880343,2026-04-03T03:52:27
235.298561,10.441632,0.00264632180544,0.288722,2026-04-03T03:53:27
235.493656,10.30303,0.00264643773922,0.2894052,2026-04-03T03:54:27
235.688422,10.16412,0.00264655394609,0.2900838,2026-04-03T03:55:27
235.882862,10.024903,0.00264667042421,0.2907578,2026-04-03T03:56:27
236.076976,9.885383,0.00264678717174,0.2914273,2026-04-03T03:57:27
236.270768,9.74556,0.00264690418685,0.2920921,2026-04-03T03:58:27
236.464239,9.605438,0.0026470214677,0.2927524,2026-04-03T03:59:27
236.657391,9.465018,0.00264713901243,0.2934081,2026-04-03T04:00:27
236.850226,9.324302,0.00264725681918,0.2940591,2026-04-03T04:01:27
237.042747,9.183292,0.00264737488611,0.2947055,2026-04-03T04:02:27
237.234955,9.041991,0.00264749321136,0.2953472,2026-04-03T04:03:27
237.426852,8.9004,0.00264761179305,0.2959843,2026-04-03T04:04:27
237.618441,8.758522,0.00264773062931,0.2966167,2026-04-03T04:05:27
237.809723,8.616359,0.00264784971827,0.2972444,2026-04-03T04:06:27
238.000701,8.473912,0.00264796905804,0.2978675,2026-04-03T04:07:27
238.191376,8.331184,0.00264808864676,0.2984858,2026-04-03T04:08:27
238.381751,8.188177,0.00264820848252,0.2990994,2026-04-03T04:09:27
238.571828,8.044892,0.00264832856343,0.2997083,2026-04-03T04:10:27
238.761609,7.901332,0.0026484488876,0.3003125,2026-04-03T04:11:27
238.951097,7.757499,0.00264856945312,0.3009119,2026-04-03T04:12:27
239.140292,7.613395,0.00264869025809,0.3015065,2026-04-03T04:13:27
239.329197,7.469021,0.00264881130061,0.3020964,2026-04-03T04:14:27
239.517815,7.324381,0.00264893257876,0.3026816,2026-04-03T04:15:27
239.706148,7.179475,0.00264905409061,0.3032619,2026-04-03T04:16:27
239.894197,7.034305,0.00264917583426,0.3038374,2026-04-03T04:17:27
240.081966,6.888875,0.00264929780777,0.3044082,2026-04-03T04:18:27
240.269455,6.743185,0.00264942000921,0.3049741,2026-04-03T04:19:27
240.456668,6.597237,0.00264954243666,0.3055352,2026-04-03T04:20:27
240.643606,6.451034,0.00264966508818,0.3060914,2026-04-03T04:21:27
240.830271,6.304578,0.00264978796181,0.3066429,2026-04-03T04:22:27
241.016667,6.157869,0.00264991105563,0.3071894,2026-04-03T04:23:27
241.202794,6.010911,0.00265003436769,0.3077311,2026-04-03T04:24:27
241.388655,5.863706,0.00265015789602,0.308268,2026-04-03T04:25:27
241.574253,5.716254,0.00265028163868,0.3087999,2026-04-03T04:26:27
241.75959,5.568558,0.0026504055937,0.309327,2026-04-03T04:27:27
241.944667,5.42062,0.00265052975913,0.3098491,2026-04-03T04:28:27
242.129487,5.272442,0.002650654133,0.3103664,2026-04-03T04:29:27
242.314052,5.124026,0.00265077871333,0.3108787,2026-04-03T04:30:27
242.498365,4.975372,0.00265090349817,0.3113862,2026-04-03T04:31:27
242.682428,4.826485,0.00265102848552,0.3118886,2026-04-03T04:32:27
242.866243,4.677364,0.0026511536734,0.3123862,2026-04-03T04:33:27
243.049811,4.528013,0.00265127905985,0.3128788,2026-04-03T04:34:27
243.233137,4.378432,0.00265140464285,0.3133664,2026-04-03T04:35:27
243.416221,4.228624,0.00265153042045,0.3138491,2026-04-03T04:36:27
243.599066,4.078591,0.00265165639062,0.3143268,2026-04-03T04:37:27
243.781674,3.928334,0.00265178255138,0.3147995,2026-04-03T04:38:27
243.964048,3.777855,0.00265190890074,0.3152672,2026-04-03T04:39:27
244.146189,3.627156,0.00265203543668,0.31573,2026-04-03T04:40:27
244.328101,3.476239,0.0026521621572,0.3161877,2026-04-03T04:41:27
244.509785,3.325105,0.0026522890603,0.3166404,2026-04-03T04:42:27
244.691244,3.173757,0.00265241614396,0.3170881,2026-04-03T04:43:27
244.87248,3.022196,0.00265254340616,0.3175308,2026-04-03T04:44:27
245.053495,2.870424,0.00265267084489,0.3179684,2026-04-03T04:45:27
245.234291,2.718442,0.00265279845813,0.318401,2026-04-03T04:46:27
245.414872,2.566253,0.00265292624386,0.3188286,2026-04-03T04:47:27
245.595238,2.413858,0.00265305420004,0.319251,2026-04-03T04:48:27
245.775394,2.261259,0.00265318232465,0.3196685,2026-04-03T04:49:27
245.95534,2.108458,0.00265331061566,0.3200808,2026-04-03T04:50:27
246.135079,1.955456,0.00265343907103,0.3204881,2026-04-03T04:51:27
246.314614,1.802255,0.00265356768872,0.3208903,2026-04-03T04:52:27
246.493947,1.648857,0.00265369646671,0.3212874,2026-04-03T04:53:27
246.67308,1.495263,0.00265382540293,0.3216794,2026-04-03T04:54:27
246.852015,1.341476,0.00265395449536,0.3220663,2026-04-03T04:55:27
247.030755,1.187497,0.00265408374193,0.3224481,2026-04-03T04:56:27
247.209303,1.033328,0.00265421314061,0.3228248,2026-04-03T04:57:27
247.38766,0.878969,0.00265434268933,0.3231964,2026-04-03T04:58:27
247.565829,0.724424,0.00265447238605,0.3235628,2026-04-03T04:59:27
247.743813,0.569694,0.0026546022287,0.3239241,2026-04-03T05:00:27
247.921613,0.41478,0.00265473221523,0.3242803,2026-04-03T05:01:27
248.099233,0.259684,0.00265486234358,0.3246313,2026-04-03T05:02:27
248.276674,0.104408,0.00265499261168,0.3249772,2026-04-03T05:03:27
248.453939,-0.051047,0.00265512301746,0.3253179,2026-04-03T05:04:27
248.63103,-0.206678,0.00265525355886,0.3256535,2026-04-03T05:05:27
248.80795,-0.362485,0.0026553842338,0.3259839,2026-04-03T05:06:27
248.9847,-0.518466,0.00265551504021,0.3263091,2026-04-03T05:07:27
249.161285,-0.674618,0.00265564597603,0.3266292,2026-04-03T05:08:27
249.337705,-0.830941,0.00265577703916,0.326944,2026-04-03T05:09:27
249.513963,-0.987433,0.00265590822754,0.3272537,2026-04-03T05:10:27
249.690063,-1.144092,0.00265603953909,0.3275582,2026-04-03T05:11:27
249.866005,-1.300916,0.0026561709717,0.3278575,2026-04-03T05:12:27
250.041793,-1.457905,0.00265630252332,0.3281516,2026-04-03T05:13:27
250.217429,-1.615055,0.00265643419184,0.3284405,2026-04-03T05:14:27
250.392915,-1.772367,0.00265656597519,0.3287242,2026-04-03T05:15:27
250.568254,-1.929837,0.00265669787126,0.3290027,2026-04-03T05:16:27
250.743449,-2.087465,0.00265682987797,0.3292759,2026-04-03T05:17:27
250.918501,-2.245249,0.00265696199323,0.329544,2026-04-03T05:18:27
251.093413,-2.403187,0.00265709421494,0.3298068,2026-04-03T05:19:27
251.268188,-2.561278,0.00265722654101,0.3300644,2026-04-03T05:20:27
251.442829,-2.71952,0.00265735896933,0.3303167,2026-04-03T05:21:27
251.617336,-2.877912,0.00265749149781,0.3305638,2026-04-03T05:22:27
251.791714,-3.036451,0.00265762412435,0.3308057,2026-04-03T05:23:27
251.965965,-3.195138,0.00265775684683,0.3310423,2026-04-03T05:24:27
252.14009,-3.353969,0.00265788966317,0.3312737,2026-04-03T05:25:27
252.314093,-3.512943,0.00265802257125,0.3314998,2026-04-03T05:26:27
252.487976,-3.67206,0.00265815556897,0.3317207,2026-04-03T05:27:27
252.661741,-3.831316,0.00265828865422,0.3319363,2026-04-03T05:28:27
252.835391,-3.990712,0.00265842182489,0.3321467,2026-04-03T05:29:27
253.008929,-4.150245,0.00265855507888,0.3323518,2026-04-03T05:30:27
253.182357,-4.309913,0.00265868841406,0.3325516,2026-04-03T05:31:27
253.355677,-4.469715,0.00265882182832,0.3327462,2026-04-03T05:32:27
253.528892,-4.629651,0.00265895531956,0.3329355,2026-04-03T05:33:27
253.702005,-4.789717,0.00265908888566,0.3331195,2026-04-03T05:34:27
253.875018,-4.949913,0.00265922252451,0.3332982,2026-04-03T05:35:27
254.047934,-5.110237,0.00265935623397,0.3334717,2026-04-03T05:36:27
254.220754,-5.270687,0.00265949001195,0.3336399,2026-04-03T05:37:27
254.393483,-5.431263,0.00265962385631,0.3338028,2026-04-03T05:38:27
254.566121,-5.591962,0.00265975776495,0.3339604,2026-04-03T05:39:27
254.738673,-5.752783,0.00265989173573,0.3341127,2026-04-03T05:40:27
254.911139,-5.913725,0.00266002576654,0.3342597,2026-04-03T05:41:27
255.083524,-6.074786,0.00266015985526,0.3344015,2026-04-03T05:42:27
255.255829,-6.235964,0.00266029399977,0.3345379,2026-04-03T05:43:27
255.428057,-6.397259,0.00266042819793,0.3346691,2026-04-03T05:44:27
255.600211,-6.558668,0.00266056244764,0.3347949,2026-04-03T05:45:27
255.772293,-6.72019,0.00266069674675,0.3349155,2026-04-03T05:46:27
255.944306,-6.881824,0.00266083109315,0.3350307,2026-04-03T05:47:27
256.116253,-7.043568,0.00266096548472,0.3351407,2026-04-03T05:48:27
256.288135,-7.205421,0.00266109991932,0.3352454,2026-04-03T05:49:27
256.459956,-7.367381,0.00266123439484,0.3353447,2026-04-03T05:50:27
256.631718,-7.529447,0.00266136890913,0.3354388,2026-04-03T05:51:27
256.803425,-7.691618,0.00266150346009,0.3355275,2026-04-03T05:52:27
256.975078,-7.853891,0.00266163804557,0.335611,2026-04-03T05:53:27
257.14668,-8.016265,0.00266177266345,0.3356891,2026-04-03T05:54:27
257.318233,-8.17874,0.00266190731161,0.3357619,2026-04-03T05:55:27
257.489742,-8.341313,0.00266204198791,0.3358295,2026-04-03T05:56:27
257.661207,-8.503983,0.00266217669023,0.3358917,2026-04-03T05:57:27
257.832632,-8.666748,0.00266231141644,0.3359486,2026-04-03T05:58:27
258.00402,-8.829608,0.0026624461644,0.3360002,2026-04-03T05:59:27
258.175373,-8.99256,0.002662580932,0.3360465,2026-04-03T06:00:27
258.346693,-9.155604,0.0026627157171,0.3360875,2026-04-03T06:01:27
258.517984,-9.318738,0.00266285051757,0.3361232,2026-04-03T06:02:27
258.689249,-9.48196,0.00266298533129,0.3361535,2026-04-03T06:03:27
258.860489,-9.645268,0.00266312015612,0.3361786,2026-04-03T06:04:27
259.031708,-9.808663,0.00266325498995,0.3361984,2026-04-03T06:05:27
259.202908,-9.972141,0.00266338983063,0.3362128,2026-04-03T06:06:27
259.374092,-10.135702,0.00266352467605,0.336222,2026-04-03T06:07:27
259.545264,-10.299344,0.00266365952407,0.3362258,2026-04-03T06:08:27
259.716424,-10.463066,0.00266379437256,0.3362244,2026-04-03T06:09:27
259.887577,-10.626866,0.00266392921942,0.3362176,2026-04-03T06:10:27
260.058726,-10.790743,0.00266406406248,0.3362056,2026-04-03T06:11:27
260.229872,-10.954696,0.00266419889966,0.3361882,2026-04-03T06:12:27
260.401018,-11.118723,0.0026643337288,0.3361655,2026-04-03T06:13:27
260.572168,-11.282822,0.00266446854778,0.3361376,2026-04-03T06:14:27
260.743325,-11.446993,0.00266460335449,0.3361043,2026-04-03T06:15:27
260.91449,-11.611233,0.0026647381468,0.3360657,2026-04-03T06:16:27
261.085667,-11.775542,0.00266487292257,0.3360219,2026-04-03T06:17:27
261.256859,-11.939917,0.0026650076797,0.3359728,2026-04-03T06:18:27
261.428068,-12.104358,0.00266514241606,0.3359183,2026-04-03T06:19:27
261.599298,-12.268863,0.00266527712952,0.3358586,2026-04-03T06:20:27
261.770551,-12.433431,0.00266541181797,0.3357936,2026-04-03T06:21:27
261.94183,-12.59806,0.00266554647928,0.3357233,2026-04-03T06:22:27
262.113137,-12.762749,0.00266568111134,0.3356477,2026-04-03T06:23:27
262.284477,-12.927497,0.00266581571203,0.3355669,2026-04-03T06:24:27
262.455851,-13.092301,0.00266595027923,0.3354807,2026-04-03T06:25:27
262.627262,-13.257161,0.00266608481082,0.3353893,2026-04-03T06:26:27
262.798715,-13.422075,0.00266621930469,0.3352926,2026-04-03T06:27:27
262.97021,-13.587042,0.00266635375872,0.3351907,2026-04-03T06:28:27
263.141752,-13.75206,0.00266648817079,0.3350834,2026-04-03T06:29:27
263.313343,-13.917128,0.00266662253881,0.3349709,2026-04-03T06:30:27
263.484986,-14.082244,0.00266675686065,0.3348532,2026-04-03T06:31:27
263.656684,-14.247408,0.00266689113421,0.3347302,2026-04-03T06:32:27
263.828441,-14.412617,0.00266702535738,0.3346019,2026-04-03T06:33:27
264.000258,-14.57787,0.00266715952805,0.3344684,2026-04-03T06:34:27
264.17214,-14.743166,0.0026672936441,0.3343296,2026-04-03T06:35:27
264.344089,-14.908504,0.00266742770344,0.3341856,2026-04-03T06:36:27
264.516107,-15.073881,0.00266756170397,0.3340363,2026-04-03T06:37:27
264.688199,-15.239297,0.00266769564358,0.3338818,2026-04-03T06:38:27
264.860367,-15.40475,0.00266782952016,0.333722,2026-04-03T06:39:27
265.032615,-15.570239,0.00266796333163,0.3335571,2026-04-03T06:40:27
265.204944,-15.735762,0.00266809707588,0.3333869,2026-04-03T06:41:27
265.377359,-15.901317,0.00266823075082,0.3332114,2026-04-03T06:42:27
265.549862,-16.066904,0.00266836435434,0.3330308,2026-04-03T06:43:27
265.722457,-16.232521,0.00266849788436,0.3328449,2026-04-03T06:44:27
265.895146,-16.398166,0.00266863133879,0.3326538,2026-04-03T06:45:27
266.067933,-16.563839,0.00266876471553,0.3324575,2026-04-03T06:46:27
266.240821,-16.729537,0.0026688980125,0.332256,2026-04-03T06:47:27
266.413813,-16.895259,0.00266903122761,0.3320493,2026-04-03T06:48:27
266.586912,-17.061004,0.00266916435878,0.3318374,2026-04-03T06:49:27
266.760121,-17.22677,0.00266929740392,0.3316203,2026-04-03T06:50:27
266.933444,-17.392556,0.00266943036094,0.3313981,2026-04-03T06:51:27
267.106884,-17.558361,0.00266956322779,0.3311706,2026-04-03T06:52:27
267.280444,-17.724182,0.00266969600236,0.330938,2026-04-03T06:53:27
267.454127,-17.890019,0.0026698286826,0.3307002,2026-04-03T06:54:27
267.627936,-18.05587,0.00266996126643,0.3304572,2026-04-03T06:55:27
267.801875,-18.221733,0.00267009375176,0.3302091,2026-04-03T06:56:27
267.975947,-18.387608,0.00267022613655,0.3299558,2026-04-03T06:57:27
268.150155,-18.553492,0.00267035841871,0.3296973,2026-04-03T06:58:27
268.324502,-18.719384,0.00267049059619,0.3294337,2026-04-03T06:59:27
268.498993,-18.885283,0.00267062266692,0.329165,2026-04-03T07:00:27
268.67363,-19.051187,0.00267075462884,0.3288911,2026-04-03T07:01:27
268.848416,-19.217095,0.00267088647989,0.3286121,2026-04-03T07:02:27
269.023355,-19.383006,0.00267101821803,0.328328,2026-04-03T07:03:27
269.19845,-19.548917,0.00267114984118,0.3280388,2026-04-03T07:04:27
269.373705,-19.714827,0.0026712813473,0.3277445,2026-04-03T07:05:27
269.549124,-19.880735,0.00267141273435,0.327445,2026-04-03T07:06:27
269.724708,-20.046639,0.00267154400027,0.3271405,2026-04-03T07:07:27
269.900463,-20.212538,0.00267167514303,0.3268308,2026-04-03T07:08:27
270.076391,-20.378431,0.00267180616058,0.3265161,2026-04-03T07:09:27
270.252495,-20.544315,0.00267193705087,0.3261963,2026-04-03T07:10:27
270.428781,-20.71019,0.00267206781189,0.3258714,2026-04-03T07:11:27
270.60525,-20.876053,0.00267219844159,0.3255414,2026-04-03T07:12:27
270.781906,-21.041903,0.00267232893794,0.3252064,2026-04-03T07:13:27
270.958754,-21.207739,0.00267245929891,0.3248664,2026-04-03T07:14:27
271.135796,-21.37356,0.00267258952249,0.3245213,2026-04-03T07:15:27
271.313036,-21.539363,0.00267271960663,0.3241711,2026-04-03T07:16:27
271.490478,-21.705147,0.00267284954933,0.3238159,2026-04-03T07:17:27
271.668125,-21.870911,0.00267297934857,0.3234557,2026-04-03T07:18:27
271.845981,-22.036652,0.00267310900233,0.3230905,2026-04-03T07:19:27
272.024049,-22.20237,0.0026732385086,0.3227202,2026-04-03T07:20:27
272.202334,-22.368063,0.00267336786537,0.322345,2026-04-03T07:21:27
272.380839,-22.53373,0.00267349707064,0.3219647,2026-04-03T07:22:27
272.559568,-22.699368,0.00267362612241,0.3215795,2026-04-03T07:23:27
272.738524,-22.864976,0.00267375501867,0.3211893,2026-04-03T07:24:27
272.917711,-23.030553,0.00267388375743,0.3207941,2026-04-03T07:25:27
273.097133,-23.196097,0.00267401233669,0.3203939,2026-04-03T07:26:27
273.276794,-23.361606,0.00267414075447,0.3199888,2026-04-03T07:27:27
273.456698,-23.527079,0.00267426900878,0.3195788,2026-04-03T07:28:27
273.636848,-23.692514,0.00267439709763,0.3191638,2026-04-03T07:29:27
273.817248,-23.85791,0.00267452501904,0.3187438,2026-04-03T07:30:27
273.997902,-24.023264,0.00267465277104,0.3183189,2026-04-03T07:31:27
274.178815,-24.188576,0.00267478035165,0.3178892,2026-04-03T07:32:27
274.359989,-24.353844,0.0026749077589,0.3174545,2026-04-03T07:33:27
274.541429,-24.519066,0.00267503499083,0.3170149,2026-04-03T07:34:27
274.723139,-24.68424,0.00267516204546,0.3165704,2026-04-03T07:35:27
274.905123,-24.849365,0.00267528892085,0.316121,2026-04-03T07:36:27
275.087385,-25.014439,0.00267541561502,0.3156667,2026-04-03T07:37:27
275.269928,-25.17946,0.00267554212603,0.3152076,2026-04-03T07:38:27
275.452758,-25.344427,0.00267566845194,0.3147437,2026-04-03T07:39:27
275.635877,-25.509338,0.00267579459078,0.3142748,2026-04-03T07:40:27
275.819291,-25.674191,0.00267592054062,0.3138012,2026-04-03T07:41:27
276.003003,-25.838985,0.00267604629952,0.3133227,2026-04-03T07:42:27
276.187017,-26.003718,0.00267617186555,0.3128394,2026-04-03T07:43:27
276.371338,-26.168388,0.00267629723677,0.3123512,2026-04-03T07:44:27
276.55597,-26.332994,0.00267642241126,0.3118583,2026-04-03T07:45:27
276.740916,-26.497533,0.00267654738708,0.3113606,2026-04-03T07:46:27
276.926182,-26.662004,0.00267667216232,0.3108581,2026-04-03T07:47:27
277.111772,-26.826406,0.00267679673507,0.3103508,2026-04-03T07:48:27
277.297689,-26.990735,0.0026769211034,0.3098388,2026-04-03T07:49:27
277.483938,-27.154992,0.00267704526543,0.309322,2026-04-03T07:50:27
277.670524,-27.319173,0.00267716921922,0.3088004,2026-04-03T07:51:27
277.85745,-27.483278,0.00267729296289,0.3082741,2026-04-03T07:52:27
278.044722,-27.647303,0.00267741649454,0.3077431,2026-04-03T07:53:27
278.232344,-27.811249,0.00267753981227,0.3072074,2026-04-03T07:54:27
278.420319,-27.975111,0.0026776629142,0.306667,2026-04-03T07:55:27
278.608653,-28.13889,0.00267778579844,0.3061219,2026-04-03T07:56:27
278.79735,-28.302582,0.00267790846311,0.3055721,2026-04-03T07:57:27
278.986415,-28.466187,0.00267803090634,0.3050176,2026-04-03T07:58:27
279.175852,-28.629702,0.00267815312625,0.3044585,2026-04-03T07:59:27
279.365666,-28.793125,0.00267827512097,0.3038947,2026-04-03T08:00:27
279.555862,-28.956455,0.00267839688864,0.3033262,2026-04-03T08:01:27
279.746443,-29.119689,0.0026785184274,0.3027532,2026-04-03T08:02:27
279.937415,-29.282826,0.0026786397354,0.3021755,2026-04-03T08:03:27
280.128782,-29.445863,0.00267876081078,0.3015932,2026-04-03T08:04:27
280.32055,-29.608799,0.0026788816517,0.3010063,2026-04-03T08:05:27
280.512722,-29.771633,0.00267900225632,0.3004148,2026-04-03T08:06:27
280.705305,-29.934361,0.00267912262279,0.2998188,2026-04-03T08:07:27
280.898301,-30.096981,0.00267924274929,0.2992181,2026-04-03T08:08:27
281.091717,-30.259493,0.00267936263398,0.298613,2026-04-03T08:09:27
281.285558,-30.421894,0.00267948227504,0.2980032,2026-04-03T08:10:27
281.479827,-30.584181,0.00267960167066,0.297389,2026-04-03T08:11:27
281.674531,-30.746354,0.00267972081901,0.2967702,2026-04-03T08:12:27
281.869673,-30.908409,0.00267983971829,0.2961469,2026-04-03T08:13:27
282.06526,-31.070345,0.00267995836668,0.2955192,2026-04-03T08:14:27
282.261296,-31.232159,0.00268007676241,0.2948869,2026-04-03T08:15:27
282.457786,-31.393851,0.00268019490364,0.2942502,2026-04-03T08:16:27
282.654735,-31.555416,0.00268031278862,0.293609,2026-04-03T08:17:27
282.852148,-31.716855,0.00268043041554,0.2929633,2026-04-03T08:18:27
283.050031,-31.878163,0.00268054778261,0.2923132,2026-04-03T08:19:27
283.248389,-32.03934,0.00268066488808,0.2916587,2026-04-03T08:20:27
283.447227,-32.200382,0.00268078173016,0.2909998,2026-04-03T08:21:27
283.64655,-32.361289,0.00268089830708,0.2903365,2026-04-03T08:22:27
283.846363,-32.522057,0.00268101461708,0.2896688,2026-04-03T08:23:27
284.046672,-32.682684,0.00268113065841,0.2889967,2026-04-03T08:24:27
284.247483,-32.843169,0.00268124642932,0.2883202,2026-04-03T08:25:27
284.4488,-33.003508,0.00268136192804,0.2876394,2026-04-03T08:26:27
284.650629,-33.163701,0.00268147715285,0.2869543,2026-04-03T08:27:27
284.852975,-33.323744,0.00268159210201,0.2862648,2026-04-03T08:28:27
285.055844,-33.483635,0.00268170677377,0.285571,2026-04-03T08:29:27
285.259242,-33.643372,0.00268182116642,0.284873,2026-04-03T08:30:27
285.463173,-33.802952,0.00268193527823,0.2841706,2026-04-03T08:31:27
285.667644,-33.962374,0.0026820491075,0.283464,2026-04-03T08:32:27
285.872661,-34.121634,0.00268216265248,0.282753,2026-04-03T08:33:27
286.078228,-34.280731,0.00268227591151,0.2820379,2026-04-03T08:34:27
286.284352,-34.439663,0.00268238888285,0.2813185,2026-04-03T08:35:27
286.491038,-34.598425,0.00268250156483,0.2805949,2026-04-03T08:36:27
286.698292,-34.757018,0.00268261395574,0.2798671,2026-04-03T08:37:27
286.906119,-34.915437,0.00268272605391,0.2791351,2026-04-03T08:38:27
287.114527,-35.07368,0.00268283785766,0.2783989,2026-04-03T08:39:27
287.32352,-35.231745,0.0026829493653,0.2776585,2026-04-03T08:40:27
287.533104,-35.38963,0.00268306057518,0.276914,2026-04-03T08:41:27
287.743286,-35.547331,0.00268317148562,0.2761653,2026-04-03T08:42:27
287.954071,-35.704847,0.00268328209496,0.2754125,2026-04-03T08:43:27
288.165466,-35.862175,0.00268339240157,0.2746556,2026-04-03T08:44:27
288.377476,-36.019312,0.00268350240378,0.2738946,2026-04-03T08:45:27
288.590107,-36.176255,0.00268361209996,0.2731295,2026-04-03T08:46:27
288.803366,-36.333002,0.00268372148848,0.2723604,2026-04-03T08:47:27
289.017259,-36.489551,0.0026838305677,0.2715872,2026-04-03T08:48:27
289.231791,-36.645898,0.00268393933598,0.2708099,2026-04-03T08:49:27
289.44697,-36.802041,0.00268404779173,0.2700286,2026-04-03T08:50:27
289.662801,-36.957978,0.00268415593333,0.2692433,2026-04-03T08:51:27
289.879291,-37.113705,0.00268426375915,0.268454,2026-04-03T08:52:27
290.096446,-37.269219,0.00268437126762,0.2676607,2026-04-03T08:53:27
290.314273,-37.424519,0.00268447845713,0.2668634,2026-04-03T08:54:27
290.532777,-37.579601,0.00268458532608,0.2660622,2026-04-03T08:55:27
290.751965,-37.734462,0.00268469187289,0.265257,2026-04-03T08:56:27
290.971844,-37.889099,0.002684798096,0.264448,2026-04-03T08:57:27
291.192421,-38.043511,0.00268490399381,0.2636349,2026-04-03T08:58:27
291.413701,-38.197693,0.00268500956477,0.262818,2026-04-03T08:59:27
291.635692,-38.351642,0.00268511480732,0.2619972,2026-04-03T09:00:27
291.858399,-38.505357,0.0026852197199,0.2611726,2026-04-03T09:01:27
292.08183,-38.658833,0.00268532430097,0.2603441,2026-04-03T09:02:27
292.305992,-38.812068,0.00268542854897,0.2595117,2026-04-03T09:03:27
292.53089,-38.965059,0.00268553246237,0.2586755,2026-04-03T09:04:27
292.756533,-39.117803,0.00268563603964,0.2578355,2026-04-03T09:05:27
292.982925,-39.270297,0.00268573927927,0.2569918,2026-04-03T09:06:27
293.210076,-39.422537,0.00268584217972,0.2561442,2026-04-03T09:07:27
293.43799,-39.57452,0.00268594473949,0.2552929,2026-04-03T09:08:27
293.666676,-39.726244,0.00268604695707,0.2544378,2026-04-03T09:09:27
293.89614,-39.877706,0.00268614883095,0.253579,2026-04-03T09:10:27
294.126389,-40.028901,0.00268625035965,0.2527165,2026-04-03T09:11:27
294.35743,-40.179826,0.00268635154169,0.2518502,2026-04-03T09:12:27
294.58927,-40.330479,0.00268645237557,0.2509803,2026-04-03T09:13:27
294.821916,-40.480856,0.00268655285982,0.2501068,2026-04-03T09:14:27
295.055375,-40.630954,0.00268665299298,0.2492295,2026-04-03T09:15:27
295.289655,-40.78077,0.00268675277358,0.2483487,2026-04-03T09:16:27
295.524762,-40.930299,0.00268685220017,0.2474642,2026-04-03T09:17:27
295.760704,-41.07954,0.00268695127128,0.2465761,2026-04-03T09:18:27
295.997488,-41.228487,0.0026870499855,0.2456844,2026-04-03T09:19:27
296.235121,-41.377138,0.00268714834137,0.2447891,2026-04-03T09:20:27
296.47361,-41.525489,0.00268724633746,0.2438903,2026-04-03T09:21:27
296.712963,-41.673537,0.00268734397236,0.2429879,2026-04-03T09:22:27
296.953187,-41.821278,0.00268744124463,0.242082,2026-04-03T09:23:27
297.19429,-41.968709,0.00268753815289,0.2411726,2026-04-03T09:24:27
297.436278,-42.115825,0.00268763469571,0.2402597,2026-04-03T09:25:27
297.679159,-42.262624,0.0026877308717,0.2393434,2026-04-03T09:26:27
297.922941,-42.409101,0.00268782667947,0.2384235,2026-04-03T09:27:27
298.167631,-42.555253,0.00268792211764,0.2375002,2026-04-03T09:28:27
298.413237,-42.701076,0.00268801718482,0.2365735,2026-04-03T09:29:27
298.659765,-42.846566,0.00268811187964,0.2356434,2026-04-03T09:30:27
298.907225,-42.99172,0.00268820620075,0.2347099,2026-04-03T09:31:27
299.155622,-43.136533,0.00268830014679,0.233773,2026-04-03T09:32:27
299.404965,-43.281002,0.00268839371639,0.2328328,2026-04-03T09:33:27
299.655261,-43.425122,0.00268848690823,0.2318892,2026-04-03T09:34:27
299.906519,-43.568891,0.00268857972095,0.2309423,2026-04-03T09:35:27
300.158744,-43.712303,0.00268867215324,0.229992,2026-04-03T09:36:27
300.411946,-43.855355,0.00268876420376,0.2290385,2026-04-03T09:37:27
300.666132,-43.998042,0.00268885587119,0.2280817,2026-04-03T09:38:27
300.921309,-44.140361,0.00268894715423,0.2271217,2026-04-03T09:39:27
301.177486,-44.282308,0.00268903805157,0.2261584,2026-04-03T09:40:27
301.434669,-44.423877,0.00268912856192,0.2251919,2026-04-03T09:41:27
301.692867,-44.565066,0.002689218684,0.2242221,2026-04-03T09:42:27
301.952087,-44.70587,0.0026893084165,0.2232492,2026-04-03T09:43:27
302.212337,-44.846284,0.00268939775816,0.2222731,2026-04-03T09:44:27
302.473625,-44.986304,0.00268948670771,0.2212939,2026-04-03T09:45:27
302.735958,-45.125926,0.00268957526389,0.2203115,2026-04-03T09:46:27
302.999344,-45.265146,0.00268966342544,0.219326,2026-04-03T09:47:27
303.263792,-45.403958,0.00268975119112,0.2183374,2026-04-03T09:48:27
303.529308,-45.542359,0.00268983855967,0.2173457,2026-04-03T09:49:27
303.7959,-45.680344,0.00268992552988,0.2163509,2026-04-03T09:50:27
304.063577,-45.817909,0.00269001210052,0.2153531,2026-04-03T09:51:27
304.332345,-45.955048,0.00269009827035,0.2143523,2026-04-03T09:52:27
304.602213,-46.091758,0.00269018403818,0.2133484,2026-04-03T09:53:27
304.873189,-46.228033,0.00269026940279,0.2123415,2026-04-03T09:54:27
305.145279,-46.363869,0.00269035436299,0.2113317,2026-04-03T09:55:27
305.418492,-46.499261,0.00269043891759,0.2103189,2026-04-03T09:56:27
305.692835,-46.634204,0.0026905230654,0.2093032,2026-04-03T09:57:27
305.968317,-46.768694,0.00269060680525,0.2082845,2026-04-03T09:58:27
306.244944,-46.902725,0.00269069013596,0.207263,2026-04-03T09:59:27
306.522724,-47.036293,0.00269077305638,0.2062385,2026-04-03T10:00:27
306.801665,-47.169393,0.00269085556535,0.2052112,2026-04-03T10:01:27
307.081775,-47.30202,0.00269093766173,0.204181,2026-04-03T10:02:27
307.36306,-47.434169,0.00269101934436,0.203148,2026-04-03T10:03:27
307.645529,-47.565834,0.00269110061213,0.2021122,2026-04-03T10:04:27
307.929189,-47.69701,0.0026911814639,0.2010735,2026-04-03T10:05:27
308.214047,-47.827694,0.00269126189856,0.2000321,2026-04-03T10:06:27
308.500111,-47.957878,0.00269134191499,0.198988,2026-04-03T10:07:27
308.787388,-48.087559,0.0026914215121,0.1979411,2026-04-03T10:08:27
309.075885,-48.21673,0.00269150068879,0.1968915,2026-04-03T10:09:27
309.365611,-48.345387,0.00269157944396,0.1958391,2026-04-03T10:10:27
309.656571,-48.473523,0.00269165777654,0.1947841,2026-04-03T10:11:27
309.948773,-48.601135,0.00269173568546,0.1937264,2026-04-03T10:12:27
310.242224,-48.728216,0.00269181316964,0.1926661,2026-04-03T10:13:27
310.536931,-48.85476,0.00269189022803,0.1916031,2026-04-03T10:14:27
310.832902,-48.980763,0.00269196685958,0.1905376,2026-04-03T10:15:27
311.130142,-49.106218,0.00269204306325,0.1894694,2026-04-03T10:16:27
311.428659,-49.231121,0.002692118838,0.1883987,2026-04-03T10:17:27
311.72846,-49.355465,0.00269219418281,0.1873254,2026-04-03T10:18:27
312.029552,-49.479245,0.00269226909663,0.1862495,2026-04-03T10:19:27
312.33194,-49.602455,0.00269234357849,0.1851712,2026-04-03T10:20:27
312.635632,-49.725089,0.00269241762735,0.1840904,2026-04-03T10:21:27
312.940633,-49.847142,0.00269249124222,0.183007,2026-04-03T10:22:27
313.246951,-49.968608,0.00269256442212,0.1819213,2026-04-03T10:23:27
313.554591,-50.08948,0.00269263716607,0.180833,2026-04-03T10:24:27
313.86356,-50.209753,0.00269270947308,0.1797424,2026-04-03T10:25:27
314.173863,-50.329421,0.00269278134219,0.1786494,2026-04-03T10:26:27
314.485507,-50.448479,0.00269285277244,0.1775539,2026-04-03T10:27:27
314.798497,-50.566919,0.00269292376288,0.1764562,2026-04-03T10:28:27
315.112839,-50.684736,0.00269299431257,0.175356,2026-04-03T10:29:27
315.428539,-50.801923,0.00269306442056,0.1742536,2026-04-03T10:30:27
315.745602,-50.918476,0.00269313408594,0.1731488,2026-04-03T10:31:27
316.064033,-51.034387,0.00269320330778,0.1720418,2026-04-03T10:32:27
316.383838,-51.14965,0.00269327208516,0.1709325,2026-04-03T10:33:27
316.705021,-51.264259,0.00269334041719,0.1698209,2026-04-03T10:34:27
317.027587,-51.378207,0.00269340830296,0.1687071,2026-04-03T10:35:27
317.351542,-51.491489,0.00269347574159,0.1675911,2026-04-03T10:36:27
317.676889,-51.604098,0.00269354273219,0.1664729,2026-04-03T10:37:27
318.003634,-51.716028,0.0026936092739,0.1653526,2026-04-03T10:38:27
318.331779,-51.827272,0.00269367536584,0.1642301,2026-04-03T10:39:27
318.661331,-51.937823,0.00269374100716,0.1631055,2026-04-03T10:40:27
318.992291,-52.047676,0.00269380619701,0.1619787,2026-04-03T10:41:27
319.324665,-52.156823,0.00269387093454,0.1608499,2026-04-03T10:42:27
319.658455,-52.265259,0.00269393521893,0.159719,2026-04-03T10:43:27
319.993665,-52.372976,0.00269399904935,0.1585861,2026-04-03T10:44:27
320.330298,-52.479968,0.00269406242497,0.1574511,2026-04-03T10:45:27
320.668357,-52.586229,0.00269412534499,0.1563141,2026-04-03T10:46:27
321.007845,-52.691751,0.00269418780861,0.1551751,2026-04-03T10:47:27
321.348765,-52.796528,0.00269424981503,0.1540342,2026-04-03T10:48:27
321.691117,-52.900554,0.00269431136346,0.1528913,2026-04-03T10:49:27
322.034905,-53.003821,0.00269437245314,0.1517465,2026-04-03T10:50:27
322.380131,-53.106322,0.00269443308328,0.1505998,2026-04-03T10:51:27
322.726796,-53.208052,0.00269449325313,0.1494511,2026-04-03T10:52:27
323.074901,-53.309003,0.00269455296194,0.1483006,2026-04-03T10:53:27
323.424448,-53.409169,0.00269461220895,0.1471483,2026-04-03T10:54:27
323.775437,-53.508541,0.00269467099343,0.1459941,2026-04-03T10:55:27
324.127868,-53.607115,0.00269472931465,0.1448382,2026-04-03T10:56:27
324.481744,-53.704882,0.00269478717189,0.1436804,2026-04-03T10:57:27
324.837062,-53.801837,0.00269484456443,0.1425208,2026-04-03T10:58:27
325.193824,-53.897971,0.00269490149157,0.1413596,2026-04-03T10:59:27
325.552028,-53.993278,0.00269495795262,0.1401966,2026-04-03T11:00:27
325.911673,-54.087751,0.00269501394687,0.1390318,2026-04-03T11:01:27
326.27276,-54.181384,0.00269506947367,0.1378654,2026-04-03T11:02:27
326.635286,-54.274169,0.00269512453233,0.1366974,2026-04-03T11:03:27
326.999249,-54.366099,0.00269517912217,0.1355276,2026-04-03T11:04:27
327.364648,-54.457168,0.00269523324257,0.1343563,2026-04-03T11:05:27
327.731481,-54.547368,0.00269528689285,0.1331833,2026-04-03T11:06:27
328.099743,-54.636692,0.00269534007238,0.1320088,2026-04-03T11:07:27
328.469434,-54.725134,0.00269539278054,0.1308327,2026-04-03T11:08:27
328.840549,-54.812686,0.00269544501669,0.1296551,2026-04-03T11:09:27
329.213084,-54.899342,0.00269549678022,0.1284759,2026-04-03T11:10:27
329.587036,-54.985094,0.00269554807054,0.1272952,2026-04-03T11:11:27
329.962401,-55.069936,0.00269559888703,0.1261131,2026-04-03T11:12:27
330.339173,-55.153861,0.0026956492291,0.1249295,2026-04-03T11:13:27
330.717348,-55.236862,0.00269569909618,0.1237444,2026-04-03T11:14:27
331.096919,-55.318931,0.0026957484877,0.1225579,2026-04-03T11:15:27
331.477882,-55.400062,0.00269579740307,0.1213701,2026-04-03T11:16:27
331.860231,-55.480249,0.00269584584176,0.1201808,2026-04-03T11:17:27
332.243958,-55.559484,0.00269589380321,0.1189902,2026-04-03T11:18:27
332.629056,-55.63776,0.00269594128688,0.1177982,2026-04-03T11:19:27
333.015519,-55.71507,0.00269598829223,0.116605,2026-04-03T11:20:27
333.403339,-55.791409,0.00269603481875,0.1154104,2026-04-03T11:21:27
333.792507,-55.866768,0.00269608086591,0.1142146,2026-04-03T11:22:27
334.183016,-55.941142,0.00269612643323,0.1130175,2026-04-03T11:23:27
334.574856,-56.014523,0.00269617152018,0.1118192,2026-04-03T11:24:27
334.968017,-56.086906,0.00269621612628,0.1106196,2026-04-03T11:25:27
335.362491,-56.158282,0.00269626025106,0.1094189,2026-04-03T11:26:27
335.758267,-56.228646,0.00269630389403,0.108217,2026-04-03T11:27:27
336.155334,-56.297992,0.00269634705473,0.107014,2026-04-03T11:28:27
336.553683,-56.366312,0.00269638973271,0.1058098,2026-04-03T11:29:27
336.9533,-56.4336,0.00269643192752,0.1046045,2026-04-03T11:30:27
337.354175,-56.49985,0.00269647363871,0.1033982,2026-04-03T11:31:27
337.756295,-56.565055,0.00269651486586,0.1021907,2026-04-03T11:32:27
338.159648,-56.629209,0.00269655560854,0.1009823,2026-04-03T11:33:27
338.56422,-56.692307,0.00269659586634,0.0997728,2026-04-03T11:34:27
338.969999,-56.75434,0.00269663563885,0.0985623,2026-04-03T11:35:27
339.37697,-56.815305,0.00269667492567,0.0973508,2026-04-03T11:36:27
339.785119,-56.875194,0.00269671372642,0.0961383,2026-04-03T11:37:27
340.194431,-56.934001,0.00269675204071,0.0949249,2026-04-03T11:38:27
340.604892,-56.991721,0.00269678986818,0.0937106,2026-04-03T11:39:27
341.016485,-57.048347,0.00269682720844,0.0924955,2026-04-03T11:40:27
341.429194,-57.103874,0.00269686406117,0.0912794,2026-04-03T11:41:27
341.843004,-57.158297,0.00269690042599,0.0900625,2026-04-03T11:42:27
342.257896,-57.211609,0.00269693630259,0.0888447,2026-04-03T11:43:27
342.673855,-57.263805,0.00269697169061,0.0876261,2026-04-03T11:44:27
343.090862,-57.314879,0.00269700658976,0.0864068,2026-04-03T11:45:27
343.5089,-57.364827,0.00269704099971,0.0851866,2026-04-03T11:46:27
343.927949,-57.413643,0.00269707492016,0.0839657,2026-04-03T11:47:27
344.347991,-57.461321,0.0026971083508,0.0827441,2026-04-03T11:48:27
344.769006,-57.507856,0.00269714129137,0.0815218,2026-04-03T11:49:27
345.190976,-57.553245,0.00269717374157,0.0802988,2026-04-03T11:50:27
345.61388,-57.59748,0.00269720570113,0.0790752,2026-04-03T11:51:27
346.037697,-57.640559,0.00269723716979,0.0778508,2026-04-03T11:52:27
346.462406,-57.682476,0.00269726814731,0.0766259,2026-04-03T11:53:27
346.887987,-57.723226,0.00269729863343,0.0754004,2026-04-03T11:54:27
347.314417,-57.762805,0.00269732862791,0.0741743,2026-04-03T11:55:27
347.741676,-57.801209,0.00269735813055,0.0729476,2026-04-03T11:56:27
348.16974,-57.838434,0.00269738714109,0.0717204,2026-04-03T11:57:27
348.598587,-57.874474,0.00269741565936,0.0704927,2026-04-03T11:58:27
349.028193,-57.909327,0.00269744368513,0.0692645,2026-04-03T11:59:27
349.458536,-57.942988,0.00269747121821,0.0680358,2026-04-03T12:00:27
349.889593,-57.975454,0.00269749825843,0.0668067,2026-04-03T12:01:27
350.321338,-58.00672,0.0026975248056,0.0655771,2026-04-03T12:02:27
350.753747,-58.036784,0.00269755085956,0.0643472,2026-04-03T12:03:27
351.186797,-58.065642,0.00269757642014,0.0631168,2026-04-03T12:04:27
351.620462,-58.09329,0.0026976014872,0.0618861,2026-04-03T12:05:27
352.054718,-58.119726,0.0026976260606,0.060655,2026-04-03T12:06:27
352.489537,-58.144947,0.00269765014019,0.0594237,2026-04-03T12:07:27
352.924896,-58.168949,0.00269767372586,0.058192,2026-04-03T12:08:27
353.360768,-58.191729,0.00269769681749,0.05696,2026-04-03T12:09:27
353.797127,-58.213286,0.00269771941497,0.0557278,2026-04-03T12:10:27
354.233947,-58.233617,0.0026977415182,0.0544953,2026-04-03T12:11:27
354.6712,-58.252719,0.00269776312709,0.0532626,2026-04-03T12:12:27
355.108861,-58.270591,0.00269778424155,0.0520298,2026-04-03T12:13:27
355.546902,-58.28723,0.00269780486153,0.0507967,2026-04-03T12:14:27
355.985296,-58.302634,0.00269782498695,0.0495635,2026-04-03T12:15:27
356.424015,-58.316801,0.00269784461774,0.0483302,2026-04-03T12:16:27
356.863033,-58.329731,0.00269786375387,0.0470968,2026-04-03T12:17:27
357.302321,-58.341421,0.0026978823953,0.0458632,2026-04-03T12:18:27
357.741852,-58.351871,0.00269790054199,0.0446297,2026-04-03T12:19:27
358.181598,-58.361078,0.00269791819393,0.043396,2026-04-03T12:20:27
358.621531,-58.369043,0.0026979353511,0.0421624,2026-04-03T12:21:27
359.061623,-58.375764,0.0026979520135,0.0409287,2026-04-03T12:22:27
359.501846,-58.38124,0.00269796818111,0.0396951,2026-04-03T12:23:27
359.942171,-58.385472,0.00269798385398,0.0384615,2026-04-03T12:24:27
0.382571,-58.388458,0.0026979990321,0.037228,2026-04-03T12:25:27
0.823017,-58.390199,0.00269801371552,0.0359945,2026-04-03T12:26:27
1.26348,-58.390693,0.00269802790426,0.0347612,2026-04-03T12:27:27
1.703933,-58.389942,0.00269804159838,0.0335279,2026-04-03T12:28:27
2.144347,-58.387946,0.00269805479793,0.0322949,2026-04-03T12:29:27
2.584694,-58.384705,0.00269806750296,0.031062,2026-04-03T12:30:27
3.024946,-58.380219,0.00269807971357,0.0298293,2026-04-03T12:31:27
3.465074,-58.374489,0.00269809142983,0.0285968,2026-04-03T12:32:27
3.90505,-58.367516,0.00269810265182,0.0273645,2026-04-03T12:33:27
4.344847,-58.359301,0.00269811337964,0.0261325,2026-04-03T12:34:27
4.784436,-58.349846,0.00269812361342,0.0249008,2026-04-03T12:35:27
5.223789,-58.33915,0.00269813335324,0.0236693,2026-04-03T12:36:27
5.662879,-58.327217,0.00269814259924,0.0224382,2026-04-03T12:37:27
6.101678,-58.314046,0.00269815135155,0.0212074,2026-04-03T12:38:27
6.540159,-58.299641,0.00269815961032,0.019977,2026-04-03T12:39:27
6.978294,-58.284003,0.00269816737568,0.018747,2026-04-03T12:40:27
7.416056,-58.267134,0.00269817464781,0.0175173,2026-04-03T12:41:27
7.853417,-58.249036,0.00269818142687,0.0162881,2026-04-03T12:42:27
8.290353,-58.229712,0.00269818771302,0.0150594,2026-04-03T12:43:27
8.726835,-58.209163,0.00269819350646,0.0138311,2026-04-03T12:44:27
9.162837,-58.187393,0.00269819880737,0.0126033,2026-04-03T12:45:27
9.598333,-58.164404,0.00269820361597,0.011376,2026-04-03T12:46:27
10.033298,-58.140199,0.00269820793244,0.0101493,2026-04-03T12:47:27
10.467705,-58.114782,0.00269821175702,0.0089231,2026-04-03T12:48:27
10.90153,-58.088154,0.00269821508993,0.0076974,2026-04-03T12:49:27
11.334747,-58.060321,0.00269821793141,0.0064724,2026-04-03T12:50:27
11.76733,-58.031284,0.00269822028169,0.005248,2026-04-03T12:51:27
12.199257,-58.001048,0.00269822214103,0.0040242,2026-04-03T12:52:27
12.630502,-57.969615,0.00269822350969,0.0028011,2026-04-03T12:53:27
13.061041,-57.936991,0.00269822438794,0.0015786,2026-04-03T12:54:27
13.490851,-57.903179,0.00269822477605,0.0003569,2026-04-03T12:55:27
13.919908,-57.868182,0.00269822467432,-0.0008641,2026-04-03T12:56:27
14.34819,-57.832006,0.00269822408303,-0.0020844,2026-04-03T12:57:27
14.775674,-57.794653,0.00269822300249,-0.0033039,2026-04-03T12:58:27
15.202337,-57.75613,0.002698221433,-0.0045226,2026-04-03T12:59:27
15.628158,-57.716439,0.0026982193749,-0.0057405,2026-04-03T13:00:27
16.053115,-57.675587,0.0026982168285,-0.0069576,2026-04-03T13:01:27
16.477187,-57.633577,0.00269821379415,-0.0081738,2026-04-03T13:02:27
16.900353,-57.590414,0.00269821027218,-0.0093892,2026-04-03T13:03:27
17.322592,-57.546103,0.00269820626296,-0.0106037,2026-04-03T13:04:27
17.743885,-57.50065,0.00269820176683,-0.0118172,2026-04-03T13:05:27
18.164212,-57.454059,0.00269819678419,-0.0130298,2026-04-03T13:06:27
18.583553,-57.406336,0.00269819131539,-0.0142415,2026-04-03T13:07:27
19.00189,-57.357486,0.00269818536084,-0.0154522,2026-04-03T13:08:27
19.419204,-57.307514,0.00269817892092,-0.0166619,2026-04-03T13:09:27
19.835477,-57.256425,0.00269817199604,-0.0178706,2026-04-03T13:10:27
20.250692,-57.204227,0.00269816458661,-0.0190782,2026-04-03T13:11:27
20.66483,-57.150923,0.00269815669306,-0.0202848,2026-04-03T13:12:27
21.077877,-57.09652,0.00269814831581,-0.0214903,2026-04-03T13:13:27
21.489814,-57.041023,0.00269813945529,-0.0226947,2026-04-03T13:14:27
21.900626,-56.98444,0.00269813011197,-0.023898,2026-04-03T13:15:27
22.310298,-56.926774,0.00269812028628,-0.0251001,2026-04-03T13:16:27
22.718814,-56.868034,0.0026981099787,-0.0263011,2026-04-03T13:17:27
23.126159,-56.808223,0.00269809918969,-0.0275008,2026-04-03T13:18:27
23.53232,-56.74735,0.00269808791973,-0.0286994,2026-04-03T13:19:27
23.937282,-56.68542,0.00269807616932,-0.0298968,2026-04-03T13:20:27
24.341032,-56.622439,0.00269806393894,-0.0310929,2026-04-03T13:21:27
24.743557,-56.558414,0.00269805122911,-0.0322877,2026-04-03T13:22:27
25.144845,-56.49335,0.00269803804032,-0.0334812,2026-04-03T13:23:27
25.544882,-56.427256,0.00269802437312,-0.0346735,2026-04-03T13:24:27
25.943658,-56.360136,0.00269801022801,-0.0358644,2026-04-03T13:25:27
26.341161,-56.291998,0.00269799560555,-0.0370539,2026-04-03T13:26:27
26.737379,-56.222849,0.00269798050629,-0.0382421,2026-04-03T13:27:27
27.132304,-56.152694,0.00269796493076,-0.0394289,2026-04-03T13:28:27
27.525924,-56.081541,0.00269794887954,-0.0406143,2026-04-03T13:29:27
27.918229,-56.009396,0.00269793235319,-0.0417982,2026-04-03T13:30:27
28.309211,-55.936267,0.0026979153523,-0.0429807,2026-04-03T13:31:27
28.698861,-55.862159,0.00269789787745,-0.0441617,2026-04-03T13:32:27
29.08717,-55.78708,0.00269787992924,-0.0453413,2026-04-03T13:33:27
29.47413,-55.711036,0.00269786150827,-0.0465193,2026-04-03T13:34:27
29.859733,-55.634035,0.00269784261515,-0.0476957,2026-04-03T13:35:27
30.243972,-55.556084,0.00269782325051,-0.0488707,2026-04-03T13:36:27
30.62684,-55.477188,0.00269780341497,-0.050044,2026-04-03T13:37:27
31.008331,-55.397356,0.00269778310916,-0.0512157,2026-04-03T13:38:27
31.388438,-55.316595,0.00269776233374,-0.0523859,2026-04-03T13:39:27
31.767156,-55.23491,0.00269774108935,-0.0535543,2026-04-03T13:40:27
32.14448,-55.15231,0.00269771937666,-0.0547212,2026-04-03T13:41:27
32.520403,-55.0688,0.00269769719633,-0.0558863,2026-04-03T13:42:27
32.894922,-54.984389,0.00269767454904,-0.0570498,2026-04-03T13:43:27
33.268032,-54.899084,0.00269765143548,-0.0582115,2026-04-03T13:44:27
33.639729,-54.81289,0.00269762785635,-0.0593715,2026-04-03T13:45:27
34.01001,-54.725816,0.00269760381233,-0.0605297,2026-04-03T13:46:27
34.378871,-54.637869,0.00269757930415,-0.0616862,2026-04-03T13:47:27
34.746309,-54.549055,0.00269755433252,-0.0628408,2026-04-03T13:48:27
35.112322,-54.459381,0.00269752889815,-0.0639937,2026-04-03T13:49:27
35.476907,-54.368855,0.0026975030018,-0.0651447,2026-04-03T13:50:27
35.840062,-54.277484,0.0026974766442,-0.0662938,2026-04-03T13:51:27
36.201786,-54.185274,0.00269744982609,-0.0674411,2026-04-03T13:52:27
36.562077,-54.092233,0.00269742254825,-0.0685864,2026-04-03T13:53:27
36.920935,-53.998367,0.00269739481142,-0.0697299,2026-04-03T13:54:27
37.278358,-53.903685,0.0026973666164,-0.0708714,2026-04-03T13:55:27
37.634345,-53.808191,0.00269733796395,-0.0720109,2026-04-03T13:56:27
37.988897,-53.711895,0.00269730885487,-0.0731485,2026-04-03T13:57:27
38.342014,-53.614802,0.00269727928996,-0.0742841,2026-04-03T13:58:27
38.693696,-53.51692,0.00269724927002,-0.0754176,2026-04-03T13:59:27
39.043944,-53.418255,0.00269721879586,-0.0765491,2026-04-03T14:00:27
39.392758,-53.318815,0.00269718786831,-0.0776786,2026-04-03T14:01:27
39.74014,-53.218606,0.00269715648819,-0.078806,2026-04-03T14:02:27
40.08609,-53.117635,0.00269712465634,-0.0799312,2026-04-03T14:03:27
40.430612,-53.015909,0.0026970923736,-0.0810544,2026-04-03T14:04:27
40.773705,-52.913435,0.00269705964084,-0.0821754,2026-04-03T14:05:27
41.115373,-52.81022,0.00269702645891,-0.0832943,2026-04-03T14:06:27
41.455618,-52.70627,0.00269699282868,-0.084411,2026-04-03T14:07:27
41.794443,-52.601593,0.00269695875103,-0.0855255,2026-04-03T14:08:27
42.131849,-52.496195,0.00269692422682,-0.0866378,2026-04-03T14:09:27
42.46784,-52.390082,0.00269688925698,-0.0877478,2026-04-03T14:10:27
42.80242,-52.283261,0.00269685384238,-0.0888557,2026-04-03T14:11:27
43.13559,-52.17574,0.00269681798394,-0.0899612,2026-04-03T14:12:27
43.467356,-52.067524,0.00269678168257,-0.0910644,2026-04-03T14:13:27
43.797721,-51.958621,0.00269674493919,-0.0921654,2026-04-03T14:14:27
44.126688,-51.849036,0.00269670775474,-0.093264,2026-04-03T14:15:27
44.454262,-51.738777,0.00269667013015,-0.0943602,2026-04-03T14:16:27
44.780447,-51.627849,0.00269663206638,-0.0954541,2026-04-03T14:17:27
45.105248,-51.51626,0.00269659356436,-0.0965456,2026-04-03T14:18:27
45.428668,-51.404015,0.00269655462507,-0.0976347,2026-04-03T14:19:27
45.750713,-51.291121,0.00269651524947,-0.0987213,2026-04-03T14:20:27
46.071388,-51.177585,0.00269647543854,-0.0998056,2026-04-03T14:21:27
46.390698,-51.063412,0.00269643519326,-0.1008873,2026-04-03T14:22:27
46.708647,-50.94861,0.00269639451463,-0.1019666,2026-04-03T14:23:27
47.025241,-50.833183,0.00269635340365,-0.1030434,2026-04-03T14:24:27
47.340486,-50.71714,0.0026963118613,-0.1041176,2026-04-03T14:25:27
47.654387,-50.600484,0.00269626988863,-0.1051894,2026-04-03T14:26:27
47.96695,-50.483224,0.00269622748664,-0.1062585,2026-04-03T14:27:27
48.278181,-50.365364,0.00269618465636,-0.1073251,2026-04-03T14:28:27
48.588085,-50.246911,0.00269614139884,-0.1083891,2026-04-03T14:29:27
48.896669,-50.127871,0.00269609771511,-0.1094505,2026-04-03T14:30:27
49.203938,-50.00825,0.00269605360623,-0.1105093,2026-04-03T14:31:27
49.5099,-49.888054,0.00269600907325,-0.1115654,2026-04-03T14:32:27
49.814559,-49.767288,0.00269596411724,-0.1126188,2026-04-03T14:33:27
50.117924,-49.645959,0.00269591873929,-0.1136695,2026-04-03T14:34:27
50.42,-49.524073,0.00269587294046,-0.1147176,2026-04-03T14:35:27
50.720794,-49.401634,0.00269582672184,-0.1157629,2026-04-03T14:36:27
51.020312,-49.27865,0.00269578008453,-0.1168055,2026-04-03T14:37:27
51.318562,-49.155125,0.00269573302964,-0.1178453,2026-04-03T14:38:27
51.61555,-49.031065,0.00269568555827,-0.1188823,2026-04-03T14:39:27
51.911283,-48.906476,0.00269563767155,-0.1199166,2026-04-03T14:40:27
52.205768,-48.781364,0.0026955893706,-0.120948,2026-04-03T14:41:27
52.499012,-48.655733,0.00269554065654,-0.1219766,2026-04-03T14:42:27
52.791023,-48.52959,0.00269549153052,-0.1230024,2026-04-03T14:43:27
53.081807,-48.40294,0.00269544199369,-0.1240253,2026-04-03T14:44:27
53.371371,-48.275788,0.0026953920472,-0.1250452,2026-04-03T14:45:27
53.659723,-48.14814,0.00269534169221,-0.1260623,2026-04-03T14:46:27
53.946871,-48.02,0.00269529092988,-0.1270765,2026-04-03T14:47:27
54.232821,-47.891375,0.0026952397614,-0.1280877,2026-04-03T14:48:27
54.517581,-47.76227,0.00269518818795,-0.129096,2026-04-03T14:49:27
54.801158,-47.632689,0.00269513621072,-0.1301013,2026-04-03T14:50:27
55.08356,-47.502638,0.00269508383089,-0.1311036,2026-04-03T14:51:27
55.364794,-47.372122,0.00269503104968,-0.1321029,2026-04-03T14:52:27
55.644869,-47.241146,0.0026949778683,-0.1330992,2026-04-03T14:53:27
55.92379,-47.109715,0.00269492428797,-0.1340924,2026-04-03T14:54:27
56.201567,-46.977835,0.0026948703099,-0.1350826,2026-04-03T14:55:27
56.478206,-46.845509,0.00269481593533,-0.1360697,2026-04-03T14:56:27
56.753716,-46.712744,0.00269476116551,-0.1370536,2026-04-03T14:57:27
57.028104,-46.579543,0.00269470600167,-0.1380345,2026-04-03T14:58:27
57.301377,-46.445912,0.00269465044506,-0.1390123,2026-04-03T14:59:27
57.573544,-46.311855,0.00269459449695,-0.1399869,2026-04-03T15:00:27
57.844611,-46.177378,0.00269453815861,-0.1409583,2026-04-03T15:01:27
58.114588,-46.042485,0.00269448143131,-0.1419265,2026-04-03T15:02:27
58.38348,-45.90718,0.00269442431632,-0.1428916,2026-04-03T15:03:27
58.651298,-45.771469,0.00269436681492,-0.1438534,2026-04-03T15:04:27
58.918046,-45.635356,0.00269430892844,-0.144812,2026-04-03T15:05:27
59.183735,-45.498845,0.00269425065815,-0.1457673,2026-04-03T15:06:27
59.448371,-45.361941,0.00269419200535,-0.1467194,2026-04-03T15:07:27
59.711962,-45.224649,0.00269413297138,-0.1476682,2026-04-03T15:08:27
59.974516,-45.086972,0.00269407355755,-0.1486137,2026-04-03T15:09:27
60.236041,-44.948916,0.00269401376518,-0.1495559,2026-04-03T15:10:27
60.496544,-44.810484,0.00269395359561,-0.1504947,2026-04-03T15:11:27
60.756033,-44.671682,0.00269389305019,-0.1514302,2026-04-03T15:12:27
61.014516,-44.532513,0.00269383213024,-0.1523623,2026-04-03T15:13:27
61.272,-44.392982,0.00269377083714,-0.153291,2026-04-03T15:14:27
61.528494,-44.253092,0.00269370917224,-0.1542164,2026-04-03T15:15:27
61.784004,-44.112849,0.00269364713691,-0.1551383,2026-04-03T15:16:27
62.038539,-43.972255,0.00269358473251,-0.1560568,2026-04-03T15:17:27
62.292106,-43.831316,0.00269352196044,-0.1569718,2026-04-03T15:18:27
62.544713,-43.690036,0.00269345882207,-0.1578834,2026-04-03T15:19:27
62.796368,-43.548418,0.00269339531881,-0.1587915,2026-04-03T15:20:27
63.047077,-43.406466,0.00269333145204,-0.1596961,2026-04-03T15:21:27
63.296849,-43.264185,0.00269326722318,-0.1605972,2026-04-03T15:22:27
63.545692,-43.121578,0.00269320263364,-0.1614947,2026-04-03T15:23:27
63.793612,-42.978649,0.00269313768483,-0.1623888,2026-04-03T15:24:27
64.040618,-42.835403,0.00269307237818,-0.1632792,2026-04-03T15:25:27
64.286716,-42.691842,0.00269300671513,-0.1641661,2026-04-03T15:26:27
64.531915,-42.547972,0.00269294069709,-0.1650494,2026-04-03T15:27:27
64.776221,-42.403795,0.00269287432554,-0.165929,2026-04-03T15:28:27
65.019643,-42.259315,0.0026928076019,-0.1668051,2026-04-03T15:29:27
65.262187,-42.114537,0.00269274052764,-0.1676775,2026-04-03T15:30:27
65.503861,-41.969463,0.00269267310422,-0.1685463,2026-04-03T15:31:27
65.744672,-41.824097,0.00269260533311,-0.1694114,2026-04-03T15:32:27
65.984629,-41.678444,0.00269253721578,-0.1702728,2026-04-03T15:33:27
66.223737,-41.532506,0.00269246875372,-0.1711305,2026-04-03T15:34:27
66.462004,-41.386287,0.0026923999484,-0.1719845,2026-04-03T15:35:27
66.699438,-41.239791,0.00269233080133,-0.1728348,2026-04-03T15:36:27
66.936046,-41.093021,0.002692261314,-0.1736813,2026-04-03T15:37:27
67.171834,-40.945981,0.00269219148792,-0.174524,2026-04-03T15:38:27
67.406811,-40.798674,0.0026921213246,-0.175363,2026-04-03T15:39:27
67.640983,-40.651103,0.00269205082555,-0.1761982,2026-04-03T15:40:27
67.874356,-40.503272,0.0026919799923,-0.1770296,2026-04-03T15:41:27
68.10694,-40.355185,0.00269190882638,-0.1778572,2026-04-03T15:42:27
68.338739,-40.206843,0.00269183732933,-0.1786809,2026-04-03T15:43:27
68.569762,-40.058252,0.00269176550267,-0.1795008,2026-04-03T15:44:27
68.800015,-39.909414,0.00269169334796,-0.1803168,2026-04-03T15:45:27
69.029505,-39.760332,0.00269162086676,-0.181129,2026-04-03T15:46:27
69.25824,-39.611009,0.00269154806061,-0.1819372,2026-04-03T15:47:27
69.486225,-39.461449,0.00269147493109,-0.1827416,2026-04-03T15:48:27
69.713468,-39.311655,0.00269140147975,-0.183542,2026-04-03T15:49:27
69.939976,-39.16163,0.00269132770819,-0.1843385,2026-04-03T15:50:27
70.165755,-39.011377,0.00269125361798,-0.1851311,2026-04-03T15:51:27
70.390812,-38.860899,0.0026911792107,-0.1859196,2026-04-03T15:52:27
70.615154,-38.7102,0.00269110448795,-0.1867042,2026-04-03T15:53:27
70.838787,-38.559281,0.00269102945133,-0.1874849,2026-04-03T15:54:27
71.061718,-38.408147,0.00269095410244,-0.1882615,2026-04-03T15:55:27
71.283954,-38.2568,0.00269087844289,-0.1890341,2026-04-03T15:56:27
71.505501,-38.105243,0.00269080247429,-0.1898026,2026-04-03T15:57:27
71.726365,-37.95348,0.00269072619826,-0.1905671,2026-04-03T15:58:27
71.946554,-37.801512,0.00269064961643,-0.1913276,2026-04-03T15:59:27
72.166073,-37.649343,0.00269057273043,-0.1920839,2026-04-03T16:00:27
72.384929,-37.496976,0.0026904955419,-0.1928362,2026-04-03T16:01:27
72.603128,-37.344413,0.00269041805248,-0.1935844,2026-04-03T16:02:27
72.820677,-37.191658,0.00269034026382,-0.1943285,2026-04-03T16:03:27
73.037582,-37.038713,0.00269026217756,-0.1950684,2026-04-03T16:04:27
73.253848,-36.88558,0.00269018379537,-0.1958042,2026-04-03T16:05:27
73.469484,-36.732264,0.00269010511892,-0.1965359,2026-04-03T16:06:27
73.684494,-36.578765,0.00269002614985,-0.1972634,2026-04-03T16:07:27
73.898884,-36.425088,0.00268994688987,-0.1979867,2026-04-03T16:08:27
74.112662,-36.271235,0.00268986734063,-0.1987058,2026-04-03T16:09:27
74.325832,-36.117208,0.00268978750383,-0.1994207,2026-04-03T16:10:27
74.538401,-35.96301,0.00268970738115,-0.2001314,2026-04-03T16:11:27
74.750375,-35.808643,0.00268962697429,-0.2008379,2026-04-03T16:12:27
74.96176,-35.654111,0.00268954628495,-0.2015401,2026-04-03T16:13:27
75.172562,-35.499416,0.00268946531484,-0.202238,2026-04-03T16:14:27
75.382787,-35.34456,0.00268938406565,-0.2029317,2026-04-03T16:15:27
75.59244,-35.189546,0.00268930253911,-0.2036211,2026-04-03T16:16:27
75.801528,-35.034376,0.00268922073694,-0.2043062,2026-04-03T16:17:27
76.010056,-34.879054,0.00268913866086,-0.2049871,2026-04-03T16:18:27
76.21803,-34.72358,0.0026890563126,-0.2056635,2026-04-03T16:19:27
76.425455,-34.567959,0.0026889736939,-0.2063357,2026-04-03T16:20:27
76.632338,-34.412192,0.00268889080648,-0.2070035,2026-04-03T16:21:27
76.838684,-34.256282,0.00268880765211,-0.207667,2026-04-03T16:22:27
77.044499,-34.100231,0.00268872423252,-0.2083261,2026-04-03T16:23:27
77.249788,-33.944041,0.00268864054947,-0.2089808,2026-04-03T16:24:27
77.454556,-33.787715,0.00268855660473,-0.2096311,2026-04-03T16:25:27
77.65881,-33.631256,0.00268847240004,-0.2102771,2026-04-03T16:26:27
77.862555,-33.474665,0.00268838793719,-0.2109186,2026-04-03T16:27:27
78.065796,-33.317945,0.00268830321792,-0.2115557,2026-04-03T16:28:27
78.268538,-33.161098,0.00268821824405,-0.2121883,2026-04-03T16:29:27
78.470788,-33.004127,0.00268813301733,-0.2128165,2026-04-03T16:30:27
78.67255,-32.847034,0.00268804753957,-0.2134403,2026-04-03T16:31:27
78.873829,-32.689821,0.00268796181252,-0.2140595,2026-04-03T16:32:27
79.074632,-32.53249,0.00268787583802,-0.2146743,2026-04-03T16:33:27
79.274962,-32.375043,0.00268778961785,-0.2152846,2026-04-03T16:34:27
79.474826,-32.217483,0.00268770315382,-0.2158904,2026-04-03T16:35:27
79.674228,-32.059813,0.00268761644773,-0.2164917,2026-04-03T16:36:27
79.873175,-31.902033,0.0026875295014,-0.2170885,2026-04-03T16:37:27
80.07167,-31.744146,0.00268744231664,-0.2176807,2026-04-03T16:38:27
80.269718,-31.586155,0.00268735489528,-0.2182684,2026-04-03T16:39:27
80.467326,-31.428062,0.00268726723914,-0.2188515,2026-04-03T16:40:27
80.664498,-31.269868,0.00268717935005,-0.21943,2026-04-03T16:41:27
80.861239,-31.111576,0.00268709122985,-0.220004,2026-04-03T16:42:27
81.057553,-30.953188,0.00268700288036,-0.2205734,2026-04-03T16:43:27
81.253447,-30.794706,0.00268691430345,-0.2211382,2026-04-03T16:44:27
81.448924,-30.636132,0.00268682550096,-0.2216983,2026-04-03T16:45:27
81.64399,-30.477468,0.00268673647473,-0.2222539,2026-04-03T16:46:27
81.838649,-30.318717,0.00268664722661,-0.2228048,2026-04-03T16:47:27
82.032906,-30.159879,0.00268655775848,-0.2233511,2026-04-03T16:48:27
82.226767,-30.000958,0.00268646807219,-0.2238927,2026-04-03T16:49:27
82.420235,-29.841955,0.00268637816961,-0.2244297,2026-04-03T16:50:27
82.613316,-29.682872,0.00268628805261,-0.224962,2026-04-03T16:51:27
82.806013,-29.523712,0.00268619772306,-0.2254896,2026-04-03T16:52:27
82.998333,-29.364475,0.00268610718285,-0.2260125,2026-04-03T16:53:27
83.190279,-29.205165,0.00268601643385,-0.2265308,2026-04-03T16:54:27
83.381856,-29.045783,0.00268592547795,-0.2270443,2026-04-03T16:55:27
83.573069,-28.886331,0.00268583431705,-0.2275531,2026-04-03T16:56:27
83.763921,-28.726811,0.00268574295303,-0.2280572,2026-04-03T16:57:27
83.954419,-28.567224,0.0026856513878,-0.2285565,2026-04-03T16:58:27
84.144565,-28.407574,0.00268555962325,-0.2290511,2026-04-03T16:59:27
84.334366,-28.247861,0.0026854676613,-0.2295409,2026-04-03T17:00:27
84.523824,-28.088088,0.00268537550384,-0.230026,2026-04-03T17:01:27
84.712944,-27.928256,0.00268528315279,-0.2305063,2026-04-03T17:02:27
84.901732,-27.768368,0.00268519061008,-0.2309819,2026-04-03T17:03:27
85.09019,-27.608425,0.0026850978776,-0.2314526,2026-04-03T17:04:27
85.278325,-27.448429,0.0026850049573,-0.2319185,2026-04-03T17:05:27
85.466139,-27.288381,0.00268491185108,-0.2323797,2026-04-03T17:06:27
85.653636,-27.128285,0.0026848185609,-0.232836,2026-04-03T17:07:27
85.840823,-26.968141,0.00268472508867,-0.2332875,2026-04-03T17:08:27
86.027702,-26.807951,0.00268463143633,-0.2337341,2026-04-03T17:09:27
86.214277,-26.647718,0.00268453760583,-0.234176,2026-04-03T17:10:27
86.400554,-26.487442,0.0026844435991,-0.2346129,2026-04-03T17:11:27
86.586535,-26.327126,0.00268434941811,-0.235045,2026-04-03T17:12:27
86.772226,-26.166772,0.00268425506478,-0.2354723,2026-04-03T17:13:27
86.95763,-26.00638,0.00268416054107,-0.2358947,2026-04-03T17:14:27
87.142751,-25.845954,0.00268406584895,-0.2363122,2026-04-03T17:15:27
87.327594,-25.685495,0.00268397099037,-0.2367248,2026-04-03T17:16:27
87.512162,-25.525004,0.00268387596728,-0.2371325,2026-04-03T17:17:27
87.696459,-25.364483,0.00268378078166,-0.2375353,2026-04-03T17:18:27
87.88049,-25.203935,0.00268368543548,-0.2379332,2026-04-03T17:19:27
88.064259,-25.04336,0.0026835899307,-0.2383262,2026-04-03T17:20:27
88.247768,-24.882761,0.0026834942693,-0.2387142,2026-04-03T17:21:27
88.431023,-24.722138,0.00268339845326,-0.2390974,2026-04-03T17:22:27
88.614027,-24.561495,0.00268330248456,-0.2394755,2026-04-03T17:23:27
88.796784,-24.400832,0.00268320636517,-0.2398488,2026-04-03T17:24:27
88.979298,-24.240151,0.00268311009709,-0.2402171,2026-04-03T17:25:27
89.161572,-24.079454,0.00268301368231,-0.2405804,2026-04-03T17:26:27
89.343611,-23.918743,0.0026829171228,-0.2409387,2026-04-03T17:27:27
89.525418,-23.758019,0.00268282042057,-0.2412921,2026-04-03T17:28:27
89.706997,-23.597284,0.00268272357762,-0.2416405,2026-04-03T17:29:27
89.888352,-23.43654,0.00268262659594,-0.2419839,2026-04-03T17:30:27
90.069486,-23.275787,0.00268252947753,-0.2423223,2026-04-03T17:31:27
90.250403,-23.115029,0.00268243222441,-0.2426557,2026-04-03T17:32:27
90.431107,-22.954266,0.00268233483857,-0.2429841,2026-04-03T17:33:27
90.611602,-22.7935,0.00268223732202,-0.2433075,2026-04-03T17:34:27
90.79189,-22.632733,0.00268213967678,-0.2436259,2026-04-03T17:35:27
90.971976,-22.471967,0.00268204190485,-0.2439393,2026-04-03T17:36:27
91.151864,-22.311202,0.00268194400827,-0.2442476,2026-04-03T17:37:27
91.331557,-22.150441,0.00268184598904,-0.2445509,2026-04-03T17:38:27
91.511058,-21.989685,0.00268174784919,-0.2448491,2026-04-03T17:39:27
91.690371,-21.828937,0.00268164959074,-0.2451423,2026-04-03T17:40:27
91.869499,-21.668196,0.00268155121571,-0.2454304,2026-04-03T17:41:27
92.048447,-21.507466,0.00268145272614,-0.2457135,2026-04-03T17:42:27
92.227217,-21.346747,0.00268135412406,-0.2459915,2026-04-03T17:43:27
92.405813,-21.186041,0.00268125541148,-0.2462645,2026-04-03T17:44:27
92.584238,-21.025351,0.00268115659047,-0.2465324,2026-04-03T17:45:27
92.762496,-20.864676,0.00268105766304,-0.2467951,2026-04-03T17:46:27
92.940591,-20.70402,0.00268095863123,-0.2470529,2026-04-03T17:47:27
93.118525,-20.543383,0.00268085949709,-0.2473055,2026-04-03T17:48:27
93.296302,-20.382767,0.00268076026267,-0.247553,2026-04-03T17:49:27
93.473925,-20.222174,0.00268066093,-0.2477954,2026-04-03T17:50:27
93.651399,-20.061605,0.00268056150113,-0.2480327,2026-04-03T17:51:27
93.828725,-19.901062,0.0026804619781,-0.2482649,2026-04-03T17:52:27
94.005907,-19.740546,0.00268036236297,-0.248492,2026-04-03T17:53:27
94.18295,-19.580059,0.0026802626578,-0.248714,2026-04-03T17:54:27
94.359855,-19.419602,0.00268016286463,-0.2489308,2026-04-03T17:55:27
94.536626,-19.259177,0.00268006298552,-0.2491426,2026-04-03T17:56:27
94.713267,-19.098786,0.00267996302253,-0.2493491,2026-04-03T17:57:27
94.889781,-18.93843,0.00267986297771,-0.2495506,2026-04-03T17:58:27
95.06617,-18.77811,0.00267976285313,-0.2497469,2026-04-03T17:59:27
95.242439,-18.617828,0.00267966265084,-0.2499381,2026-04-03T18:00:27
95.418589,-18.457586,0.00267956237292,-0.2501241,2026-04-03T18:01:27
95.594626,-18.297386,0.00267946202142,-0.250305,2026-04-03T18:02:27
95.77055,-18.137227,0.00267936159842,-0.2504807,2026-04-03T18:03:27
95.946367,-17.977113,0.00267926110597,-0.2506513,2026-04-03T18:04:27
96.122078,-17.817045,0.00267916054615,-0.2508167,2026-04-03T18:05:27
96.297688,-17.657024,0.00267905992103,-0.2509769,2026-04-03T18:06:27
96.473198,-17.497052,0.00267895923269,-0.251132,2026-04-03T18:07:27
96.648612,-17.33713,0.0026788584832,-0.2512819,2026-04-03T18:08:27
96.823934,-17.177259,0.00267875767462,-0.2514266,2026-04-03T18:09:27
96.999166,-17.017442,0.00267865680903,-0.2515662,2026-04-03T18:10:27
97.174311,-16.85768,0.00267855588852,-0.2517005,2026-04-03T18:11:27
97.349373,-16.697974,0.00267845491516,-0.2518297,2026-04-03T18:12:27
97.524354,-16.538326,0.00267835389102,-0.2519537,2026-04-03T18:13:27
97.699257,-16.378737,0.0026782528182,-0.2520725,2026-04-03T18:14:27
97.874085,-16.219209,0.00267815169876,-0.2521862,2026-04-03T18:15:27
98.048842,-16.059743,0.00267805053481,-0.2522946,2026-04-03T18:16:27
98.22353,-15.900342,0.0026779493284,-0.2523978,2026-04-03T18:17:27
98.398152,-15.741005,0.00267784808163,-0.2524959,2026-04-03T18:18:27
98.572712,-15.581735,0.00267774679659,-0.2525887,2026-04-03T18:19:27
98.747211,-15.422534,0.00267764547536,-0.2526763,2026-04-03T18:20:27
98.921653,-15.263402,0.00267754412002,-0.2527588,2026-04-03T18:21:27
99.096041,-15.104342,0.00267744273268,-0.252836,2026-04-03T18:22:27
99.270378,-14.945354,0.00267734131539,-0.252908,2026-04-03T18:23:27
99.444667,-14.786441,0.00267723987028,-0.2529748,2026-04-03T18:24:27
99.61891,-14.627603,0.00267713839941,-0.2530364,2026-04-03T18:25:27
99.79311,-14.468843,0.00267703690489,-0.2530928,2026-04-03T18:26:27
99.967271,-14.310161,0.00267693538879,-0.253144,2026-04-03T18:27:27
100.141394,-14.15156,0.00267683385322,-0.25319,2026-04-03T18:28:27
100.315483,-13.993041,0.00267673230026,-0.2532307,2026-04-03T18:29:27
100.489541,-13.834604,0.002676630732,-0.2532662,2026-04-03T18:30:27
100.66357,-13.676253,0.00267652915055,-0.2532966,2026-04-03T18:31:27
100.837574,-13.517988,0.00267642755798,-0.2533217,2026-04-03T18:32:27
101.011554,-13.35981,0.00267632595641,-0.2533415,2026-04-03T18:33:27
101.185514,-13.201722,0.0026762243479,-0.2533562,2026-04-03T18:34:27
101.359457,-13.043724,0.00267612273457,-0.2533656,2026-04-03T18:35:27
101.533384,-12.885819,0.00267602111852,-0.2533698,2026-04-03T18:36:27
101.7073,-12.728008,0.00267591950181,-0.2533688,2026-04-03T18:37:27
101.881206,-12.570291,0.00267581788656,-0.2533626,2026-04-03T18:38:27
102.055106,-12.412672,0.00267571627487,-0.2533511,2026-04-03T18:39:27
102.229002,-12.25515,0.00267561466882,-0.2533344,2026-04-03T18:40:27
102.402896,-12.097728,0.00267551307051,-0.2533125,2026-04-03T18:41:27
102.576792,-11.940408,0.00267541148204,-0.2532854,2026-04-03T18:42:27
102.750692,-11.78319,0.00267530990549,-0.253253,2026-04-03T18:43:27
102.924598,-11.626076,0.00267520834296,-0.2532155,2026-04-03T18:44:27
103.098514,-11.469069,0.00267510679656,-0.2531727,2026-04-03T18:45:27
103.272442,-11.312168,0.00267500526837,-0.2531246,2026-04-03T18:46:27
103.446385,-11.155376,0.00267490376049,-0.2530714,2026-04-03T18:47:27
103.620344,-10.998694,0.00267480227501,-0.2530129,2026-04-03T18:48:27
103.794324,-10.842124,0.00267470081402,-0.2529492,2026-04-03T18:49:27
103.968326,-10.685667,0.00267459937963,-0.2528803,2026-04-03T18:50:27
104.142354,-10.529325,0.00267449797391,-0.2528062,2026-04-03T18:51:27
104.316408,-10.3731,0.00267439659898,-0.2527269,2026-04-03T18:52:27
104.490494,-10.216992,0.00267429525691,-0.2526423,2026-04-03T18:53:27
104.664611,-10.061003,0.0026741939498,-0.2525525,2026-04-03T18:54:27
104.838765,-9.905135,0.00267409267975,-0.2524575,2026-04-03T18:55:27
105.012956,-9.74939,0.00267399144885,-0.2523573,2026-04-03T18:56:27
105.187187,-9.593768,0.00267389025917,-0.2522519,2026-04-03T18:57:27
105.361462,-9.438272,0.00267378911282,-0.2521413,2026-04-03T18:58:27
105.535782,-9.282903,0.00267368801188,-0.2520255,2026-04-03T18:59:27
105.71015,-9.127662,0.00267358695845,-0.2519044,2026-04-03T19:00:27
105.884568,-8.972551,0.00267348595461,-0.2517782,2026-04-03T19:01:27
106.059039,-8.817571,0.00267338500244,-0.2516467,2026-04-03T19:02:27
106.233566,-8.662725,0.00267328410404,-0.2515101,2026-04-03T19:03:27
106.408151,-8.508013,0.00267318326149,-0.2513682,2026-04-03T19:04:27
106.582796,-8.353437,0.00267308247688,-0.2512212,2026-04-03T19:05:27
106.757504,-8.198999,0.00267298175228,-0.2510689,2026-04-03T19:06:27
106.932278,-8.0447,0.0026728810898,-0.2509115,2026-04-03T19:07:27
107.107119,-7.890541,0.00267278049149,-0.2507488,2026-04-03T19:08:27
107.28203,-7.736525,0.00267267995945,-0.250581,2026-04-03T19:09:27
107.457014,-7.582653,0.00267257949575,-0.250408,2026-04-03T19:10:27
107.632073,-7.428926,0.00267247910248,-0.2502298,2026-04-03T19:11:27
107.80721,-7.275347,0.00267237878172,-0.2500465,2026-04-03T19:12:27
107.982426,-7.121915,0.00267227853554,-0.2498579,2026-04-03T19:13:27
108.157725,-6.968634,0.002672178366,-0.2496642,2026-04-03T19:14:27
108.333108,-6.815504,0.00267207827521,-0.2494653,2026-04-03T19:15:27
108.508579,-6.662528,0.00267197826521,-0.2492613,2026-04-03T19:16:27
108.684139,-6.509706,0.00267187833809,-0.249052,2026-04-03T19:17:27
108.85979,-6.35704,0.00267177849591,-0.2488377,2026-04-03T19:18:27
109.035536,-6.204533,0.00267167874076,-0.2486181,2026-04-03T19:19:27
109.211379,-6.052185,0.00267157907468,-0.2483934,2026-04-03T19:20:27
109.38732,-5.899998,0.00267147949975,-0.2481636,2026-04-03T19:21:27
109.563363,-5.747974,0.00267138001803,-0.2479286,2026-04-03T19:22:27
109.739509,-5.596114,0.00267128063159,-0.2476885,2026-04-03T19:23:27
109.91576,-5.444419,0.00267118134249,-0.2474432,2026-04-03T19:24:27
110.09212,-5.292893,0.00267108215278,-0.2471928,2026-04-03T19:25:27
110.268591,-5.141535,0.00267098306454,-0.2469373,2026-04-03T19:26:27
110.445174,-4.990348,0.0026708840798,-0.2466766,2026-04-03T19:27:27
110.621873,-4.839333,0.00267078520063,-0.2464108,2026-04-03T19:28:27
110.798689,-4.688492,0.00267068642908,-0.2461399,2026-04-03T19:29:27
110.975624,-4.537827,0.00267058776721,-0.2458639,2026-04-03T19:30:27
111.152681,-4.387338,0.00267048921707,-0.2455828,2026-04-03T19:31:27
111.329863,-4.237029,0.00267039078069,-0.2452966,2026-04-03T19:32:27
111.507171,-4.0869,0.00267029246013,-0.2450053,2026-04-03T19:33:27
111.684608,-3.936952,0.00267019425743,-0.2447089,2026-04-03T19:34:27
111.862175,-3.787189,0.00267009617462,-0.2444074,2026-04-03T19:35:27
112.039876,-3.63761,0.00266999821377,-0.2441008,2026-04-03T19:36:27
112.217713,-3.488219,0.00266990037689,-0.2437891,2026-04-03T19:37:27
112.395687,-3.339016,0.00266980266603,-0.2434724,2026-04-03T19:38:27
112.5738,-3.190003,0.00266970508321,-0.2431506,2026-04-03T19:39:27
112.752056,-3.041182,0.00266960763048,-0.2428237,2026-04-03T19:40:27
112.930456,-2.892555,0.00266951030986,-0.2424918,2026-04-03T19:41:27
113.109003,-2.744123,0.00266941312337,-0.2421548,2026-04-03T19:42:27
113.287698,-2.595888,0.00266931607305,-0.2418128,2026-04-03T19:43:27
113.466544,-2.447851,0.00266921916091,-0.2414657,2026-04-03T19:44:27
113.645543,-2.300014,0.00266912238897,-0.2411136,2026-04-03T19:45:27
113.824698,-2.15238,0.00266902575926,-0.2407565,2026-04-03T19:46:27
114.004009,-2.004948,0.00266892927379,-0.2403943,2026-04-03T19:47:27
114.18348,-1.857723,0.00266883293456,-0.2400272,2026-04-03T19:48:27
114.363113,-1.710704,0.0026687367436,-0.239655,2026-04-03T19:49:27
114.54291,-1.563894,0.0026686407029,-0.2392778,2026-04-03T19:50:27
114.722872,-1.417294,0.00266854481447,-0.2388956,2026-04-03T19:51:27
114.903003,-1.270906,0.00266844908032,-0.2385085,2026-04-03T19:52:27
115.083303,-1.124732,0.00266835350244,-0.2381163,2026-04-03T19:53:27
115.263776,-0.978773,0.00266825808284,-0.2377192,2026-04-03T19:54:27
115.444423,-0.833032,0.00266816282351,-0.2373171,2026-04-03T19:55:27
115.625247,-0.68751,0.00266806772643,-0.2369101,2026-04-03T19:56:27
115.806249,-0.542208,0.00266797279361,-0.2364981,2026-04-03T19:57:27
115.987432,-0.397129,0.00266787802701,-0.2360811,2026-04-03T19:58:27
116.168798,-0.252274,0.00266778342863,-0.2356592,2026-04-03T19:59:27
116.350348,-0.107645,0.00266768900044,-0.2352324,2026-04-03T20:00:27
116.532085,0.036756,0.00266759474444,-0.2348006,2026-04-03T20:01:27
116.714011,0.180928,0.00266750066258,-0.234364,2026-04-03T20:02:27
116.896128,0.324869,0.00266740675684,-0.2339224,2026-04-03T20:03:27
117.078437,0.468577,0.00266731302919,-0.2334759,2026-04-03T20:04:27
117.260942,0.61205,0.0026672194816,-0.2330245,2026-04-03T20:05:27
117.443644,0.755286,0.00266712611602,-0.2325682,2026-04-03T20:06:27
117.626545,0.898285,0.00266703293441,-0.2321071,2026-04-03T20:07:27
117.809647,1.041043,0.00266693993873,-0.231641,2026-04-03T20:08:27
117.992951,1.183559,0.00266684713094,-0.2311701,2026-04-03T20:09:27
118.176461,1.325832,0.00266675451297,-0.2306944,2026-04-03T20:10:27
118.360178,1.467859,0.00266666208678,-0.2302138,2026-04-03T20:11:27
118.544104,1.609638,0.00266656985432,-0.2297284,2026-04-03T20:12:27
118.72824,1.751169,0.00266647781751,-0.2292381,2026-04-03T20:13:27
118.91259,1.892449,0.0026663859783,-0.228743,2026-04-03T20:14:27
119.097154,2.033476,0.0026662943386,-0.2282431,2026-04-03T20:15:27
119.281935,2.174248,0.00266620290037,-0.2277384,2026-04-03T20:16:27
119.466935,2.314764,0.00266611166552,-0.2272289,2026-04-03T20:17:27
119.652155,2.455022,0.00266602063597,-0.2267146,2026-04-03T20:18:27
119.837598,2.595019,0.00266592981363,-0.2261956,2026-04-03T20:19:27
120.023265,2.734755,0.00266583920044,-0.2256717,2026-04-03T20:20:27
120.209159,2.874226,0.00266574879828,-0.2251431,2026-04-03T20:21:27
120.39528,3.013432,0.00266565860908,-0.2246098,2026-04-03T20:22:27
120.581632,3.152371,0.00266556863473,-0.2240717,2026-04-03T20:23:27
120.768216,3.29104,0.00266547887714,-0.2235289,2026-04-03T20:24:27
120.955034,3.429437,0.0026653893382,-0.2229813,2026-04-03T20:25:27
121.142087,3.567562,0.00266530001979,-0.2224291,2026-04-03T20:26:27
121.329378,3.705411,0.00266521092382,-0.2218722,2026-04-03T20:27:27
121.516909,3.842983,0.00266512205216,-0.2213105,2026-04-03T20:28:27
121.70468,3.980277,0.00266503340669,-0.2207442,2026-04-03T20:29:27
121.892695,4.117289,0.00266494498929,-0.2201732,2026-04-03T20:30:27
122.080954,4.254019,0.00266485680183,-0.2195975,2026-04-03T20:31:27
122.26946,4.390464,0.00266476884618,-0.2190172,2026-04-03T20:32:27
122.458214,4.526622,0.0026646811242,-0.2184323,2026-04-03T20:33:27
122.647219,4.662492,0.00266459363776,-0.2178427,2026-04-03T20:34:27
122.836475,4.798072,0.0026645063887,-0.2172485,2026-04-03T20:35:27
123.025985,4.933359,0.00266441937887,-0.2166497,2026-04-03T20:36:27
123.215751,5.068352,0.00266433261013,-0.2160462,2026-04-03T20:37:27
123.405773,5.203048,0.00266424608432,-0.2154382,2026-04-03T20:38:27
123.596055,5.337447,0.00266415980329,-0.2148257,2026-04-03T20:39:27
123.786597,5.471545,0.00266407376885,-0.2142085,2026-04-03T20:40:27
123.977402,5.60534,0.00266398798283,-0.2135868,2026-04-03T20:41:27
124.168471,5.738832,0.00266390244707,-0.2129605,2026-04-03T20:42:27
124.359805,5.872017,0.00266381716339,-0.2123298,2026-04-03T20:43:27
124.551407,6.004895,0.0026637321336,-0.2116944,2026-04-03T20:44:27
124.743278,6.137462,0.00266364735952,-0.2110546,2026-04-03T20:45:27
124.935419,6.269717,0.00266356284294,-0.2104103,2026-04-03T20:46:27
125.127833,6.401657,0.00266347858568,-0.2097615,2026-04-03T20:47:27
125.320521,6.533282,0.00266339458953,-0.2091082,2026-04-03T20:48:27
125.513484,6.664588,0.00266331085628,-0.2084504,2026-04-03T20:49:27
125.706725,6.795575,0.00266322738773,-0.2077882,2026-04-03T20:50:27
125.900244,6.926239,0.00266314418565,-0.2071216,2026-04-03T20:51:27
126.094044,7.056578,0.00266306125183,-0.2064505,2026-04-03T20:52:27
126.288126,7.186592,0.00266297858804,-0.205775,2026-04-03T20:53:27
126.482491,7.316277,0.00266289619605,-0.2050951,2026-04-03T20:54:27
126.677141,7.445631,0.00266281407763,-0.2044108,2026-04-03T20:55:27
126.872078,7.574653,0.00266273223452,-0.2037221,2026-04-03T20:56:27
127.067302,7.703341,0.00266265066851,-0.2030291,2026-04-03T20:57:27
127.262817,7.831692,0.00266256938131,-0.2023317,2026-04-03T20:58:27
127.458622,7.959704,0.00266248837469,-0.2016299,2026-04-03T20:59:27
127.65472,8.087375,0.00266240765039,-0.2009239,2026-04-03T21:00:27
127.851112,8.214704,0.00266232721013,-0.2002135,2026-04-03T21:01:27
128.0478,8.341688,0.00266224705565,-0.1994987,2026-04-03T21:02:27
128.244785,8.468325,0.00266216718867,-0.1987798,2026-04-03T21:03:27
128.442067,8.594612,0.00266208761092,-0.1980565,2026-04-03T21:04:27
128.63965,8.720548,0.0026620083241,-0.1973289,2026-04-03T21:05:27
128.837534,8.846131,0.00266192932992,-0.1965971,2026-04-03T21:06:27
129.03572,8.971359,0.00266185063009,-0.1958611,2026-04-03T21:07:27
129.23421,9.096229,0.00266177222631,-0.1951208,2026-04-03T21:08:27
129.433005,9.220739,0.00266169412027,-0.1943763,2026-04-03T21:09:27
129.632107,9.344888,0.00266161631365,-0.1936276,2026-04-03T21:10:27
129.831517,9.468672,0.00266153880815,-0.1928748,2026-04-03T21:11:27
130.031236,9.59209,0.00266146160543,-0.1921177,2026-04-03T21:12:27
130.231266,9.71514,0.00266138470718,-0.1913565,2026-04-03T21:13:27
130.431608,9.83782,0.00266130811504,-0.1905911,2026-04-03T21:14:27
130.632262,9.960127,0.00266123183069,-0.1898217,2026-04-03T21:15:27
130.833231,10.082059,0.00266115585578,-0.189048,2026-04-03T21:16:27
131.034515,10.203614,0.00266108019195,-0.1882703,2026-04-03T21:17:27
131.236116,10.32479,0.00266100484086,-0.1874885,2026-04-03T21:18:27
131.438035,10.445585,0.00266092980414,-0.1867026,2026-04-03T21:19:27
131.640273,10.565997,0.00266085508342,-0.1859127,2026-04-03T21:20:27
131.842831,10.686023,0.00266078068032,-0.1851187,2026-04-03T21:21:27
132.045711,10.805661,0.00266070659649,-0.1843207,2026-04-03T21:22:27
132.248913,10.924909,0.00266063283351,-0.1835186,2026-04-03T21:23:27
132.452439,11.043764,0.00266055939301,-0.1827126,2026-04-03T21:24:27
132.65629,11.162226,0.00266048627659,-0.1819025,2026-04-03T21:25:27
132.860466,11.28029,0.00266041348584,-0.1810885,2026-04-03T21:26:27
133.06497,11.397956,0.00266034102236,-0.1802705,2026-04-03T21:27:27
133.269801,11.515221,0.00266026888773,-0.1794486,2026-04-03T21:28:27
133.474961,11.632082,0.00266019708353,-0.1786227,2026-04-03T21:29:27
133.680451,11.748538,0.00266012561135,-0.1777929,2026-04-03T21:30:27
133.886272,11.864586,0.00266005447273,-0.1769593,2026-04-03T21:31:27
134.092425,11.980225,0.00265998366926,-0.1761217,2026-04-03T21:32:27
134.29891,12.095451,0.00265991320247,-0.1752803,2026-04-03T21:33:27
134.50573,12.210262,0.00265984307392,-0.174435,2026-04-03T21:34:27
134.712884,12.324657,0.00265977328516,-0.1735858,2026-04-03T21:35:27
134.920373,12.438633,0.00265970383773,-0.1727329,2026-04-03T21:36:27
135.128199,12.552187,0.00265963473314,-0.1718761,2026-04-03T21:37:27
135.336362,12.665318,0.00265956597294,-0.1710155,2026-04-03T21:38:27
135.544863,12.778023,0.00265949755863,-0.1701512,2026-04-03T21:39:27
135.753703,12.890301,0.00265942949172,-0.1692831,2026-04-03T21:40:27
135.962882,13.002148,0.00265936177375,-0.1684112,2026-04-03T21:41:27
136.172402,13.113562,0.00265929440618,-0.1675357,2026-04-03T21:42:27
136.382263,13.224542,0.00265922739051,-0.1666564,2026-04-03T21:43:27
136.592466,13.335084,0.00265916072824,-0.1657734,2026-04-03T21:44:27
136.803011,13.445188,0.00265909442086,-0.1648867,2026-04-03T21:45:27
137.0139,13.554849,0.00265902846982,-0.1639963,2026-04-03T21:46:27
137.225132,13.664067,0.0026589628766,-0.1631023,2026-04-03T21:47:27
137.436709,13.772838,0.00265889764265,-0.1622047,2026-04-03T21:48:27
137.64863,13.881161,0.00265883276943,-0.1613034,2026-04-03T21:49:27
137.860898,13.989033,0.0026587682584,-0.1603986,2026-04-03T21:50:27
138.073511,14.096452,0.002658704111,-0.1594901,2026-04-03T21:51:27
138.286471,14.203415,0.00265864032864,-0.1585781,2026-04-03T21:52:27
138.499779,14.309921,0.00265857691277,-0.1576626,2026-04-03T21:53:27
138.713434,14.415966,0.00265851386481,-0.1567435,2026-04-03T21:54:27
138.927437,14.52155,0.00265845118617,-0.1558208,2026-04-03T21:55:27
139.141789,14.626669,0.00265838887825,-0.1548947,2026-04-03T21:56:27
139.356489,14.73132,0.00265832694247,-0.1539651,2026-04-03T21:57:27
139.571539,14.835503,0.00265826538021,-0.153032,2026-04-03T21:58:27
139.786939,14.939214,0.00265820419286,-0.1520955,2026-04-03T21:59:27
140.002689,15.042451,0.0026581433818,-0.1511556,2026-04-03T22:00:27
140.218789,15.145212,0.00265808294841,-0.1502122,2026-04-03T22:01:27
140.43524,15.247494,0.00265802289405,-0.1492654,2026-04-03T22:02:27
140.652042,15.349296,0.00265796322009,-0.1483153,2026-04-03T22:03:27
140.869194,15.450615,0.00265790392787,-0.1473617,2026-04-03T22:04:27
141.086699,15.551448,0.00265784501875,-0.1464049,2026-04-03T22:05:27
141.304554,15.651793,0.00265778649405,-0.1454447,2026-04-03T22:06:27
141.522761,15.751648,0.00265772835512,-0.1444812,2026-04-03T22:07:27
141.74132,15.851011,0.00265767060327,-0.1435143,2026-04-03T22:08:27
141.960231,15.949879,0.00265761323983,-0.1425443,2026-04-03T22:09:27
142.179494,16.04825,0.00265755626611,-0.1415709,2026-04-03T22:10:27
142.399108,16.146122,0.00265749968341,-0.1405943,2026-04-03T22:11:27
142.619075,16.243492,0.00265744349302,-0.1396145,2026-04-03T22:12:27
142.839393,16.340358,0.00265738769624,-0.1386315,2026-04-03T22:13:27
143.060064,16.436718,0.00265733229435,-0.1376453,2026-04-03T22:14:27
143.281086,16.53257,0.00265727728861,-0.1366559,2026-04-03T22:15:27
143.50246,16.62791,0.00265722268032,-0.1356634,2026-04-03T22:16:27
143.724185,16.722737,0.00265716847071,-0.1346678,2026-04-03T22:17:27
143.946262,16.817048,0.00265711466104,-0.133669,2026-04-03T22:18:27
144.168689,16.910842,0.00265706125257,-0.1326671,2026-04-03T22:19:27
144.391468,17.004116,0.00265700824652,-0.1316622,2026-04-03T22:20:27
144.614598,17.096867,0.00265695564413,-0.1306542,2026-04-03T22:21:27
144.838078,17.189093,0.00265690344662,-0.1296431,2026-04-03T22:22:27
145.061908,17.280792,0.00265685165521,-0.1286291,2026-04-03T22:23:27
145.286088,17.371962,0.0026568002711,-0.127612,2026-04-03T22:24:27
145.510617,17.4626,0.00265674929551,-0.1265919,2026-04-03T22:25:27
145.735495,17.552704,0.00265669872961,-0.1255689,2026-04-03T22:26:27
145.960721,17.642272,0.00265664857461,-0.1245429,2026-04-03T22:27:27
146.186296,17.731301,0.00265659883166,-0.123514,2026-04-03T22:28:27
146.412218,17.81979,0.00265654950196,-0.1224822,2026-04-03T22:29:27
146.638487,17.907735,0.00265650058666,-0.1214475,2026-04-03T22:30:27
146.865103,17.995135,0.00265645208691,-0.1204099,2026-04-03T22:31:27
147.092064,18.081987,0.00265640400387,-0.1193695,2026-04-03T22:32:27
147.319371,18.168289,0.00265635633867,-0.1183262,2026-04-03T22:33:27
147.547022,18.254039,0.00265630909244,-0.1172801,2026-04-03T22:34:27
147.775017,18.339235,0.00265626226632,-0.1162313,2026-04-03T22:35:27
148.003354,18.423874,0.00265621586143,-0.1151796,2026-04-03T22:36:27
148.232035,18.507954,0.00265616987886,-0.1141252,2026-04-03T22:37:27
148.461057,18.591472,0.00265612431972,-0.113068,2026-04-03T22:38:27
148.690419,18.674427,0.00265607918511,-0.1120082,2026-04-03T22:39:27
148.920121,18.756817,0.00265603447611,-0.1109456,2026-04-03T22:40:27
149.150163,18.838638,0.0026559901938,-0.1098804,2026-04-03T22:41:27
149.380542,18.919889,0.00265594633925,-0.1088125,2026-04-03T22:42:27
149.611258,19.000568,0.00265590291353,-0.1077419,2026-04-03T22:43:27
149.842311,19.080672,0.00265585991768,-0.1066688,2026-04-03T22:44:27
150.073698,19.160199,0.00265581735276,-0.105593,2026-04-03T22:45:27
150.305419,19.239147,0.0026557752198,-0.1045147,2026-04-03T22:46:27
150.537473,19.317514,0.00265573351984,-0.1034338,2026-04-03T22:47:27
150.769859,19.395298,0.00265569225389,-0.1023503,2026-04-03T22:48:27
151.002575,19.472496,0.00265565142298,-0.1012643,2026-04-03T22:49:27
151.235621,19.549106,0.00265561102811,-0.1001759,2026-04-03T22:50:27
151.468994,19.625126,0.00265557107028,-0.0990849,2026-04-03T22:51:27
151.702695,19.700554,0.00265553155047,-0.0979915,2026-04-03T22:52:27
151.936721,19.775387,0.00265549246969,-0.0968957,2026-04-03T22:53:27
152.171071,19.849625,0.00265545382887,-0.0957974,2026-04-03T22:54:27
152.405743,19.923263,0.00265541562903,-0.0946967,2026-04-03T22:55:27
152.640737,19.996302,0.00265537787109,-0.0935937,2026-04-03T22:56:27
152.876051,20.068737,0.00265534055602,-0.0924883,2026-04-03T22:57:27
153.111684,20.140567,0.00265530368475,-0.0913805,2026-04-03T22:58:27
153.347633,20.21179,0.00265526725821,-0.0902705,2026-04-03T22:59:27
153.583898,20.282405,0.00265523127735,-0.0891581,2026-04-03T23:00:27
153.820476,20.352408,0.00265519574306,-0.0880435,2026-04-03T23:01:27
154.057366,20.421797,0.00265516065627,-0.0869266,2026-04-03T23:02:27
154.294567,20.490572,0.00265512601787,-0.0858074,2026-04-03T23:03:27
154.532077,20.558729,0.00265509182875,-0.0846861,2026-04-03T23:04:27
154.769893,20.626267,0.00265505808979,-0.0835625,2026-04-03T23:05:27
155.008015,20.693183,0.00265502480189,-0.0824368,2026-04-03T23:06:27
155.24644,20.759476,0.0026549919659,-0.0813089,2026-04-03T23:07:27
155.485167,20.825143,0.00265495958268,-0.0801789,2026-04-03T23:08:27
155.724193,20.890183,0.00265492765308,-0.0790468,2026-04-03T23:09:27
155.963518,20.954593,0.00265489617796,-0.0779126,2026-04-03T23:10:27
156.203138,21.018372,0.00265486515813,-0.0767763,2026-04-03T23:11:27
156.443052,21.081518,0.00265483459442,-0.075638,2026-04-03T23:12:27
156.683257,21.144028,0.00265480448766,-0.0744977,2026-04-03T23:13:27
156.923753,21.205901,0.00265477483866,-0.0733553,2026-04-03T23:14:27
157.164536,21.267135,0.0026547456482,-0.072211,2026-04-03T23:15:27
157.405605,21.327728,0.00265471691709,-0.0710647,2026-04-03T23:16:27
157.646957,21.387678,0.0026546886461,-0.0699164,2026-04-03T23:17:27
157.888591,21.446983,0.00265466083603,-0.0687662,2026-04-03T23:18:27
158.130503,21.505642,0.00265463348762,-0.0676142,2026-04-03T23:19:27
158.372693,21.563652,0.00265460660164,-0.0664602,2026-04-03T23:20:27
158.615156,21.621011,0.00265458017883,-0.0653044,2026-04-03T23:21:27
158.857892,21.677718,0.00265455421995,-0.0641468,2026-04-03T23:22:27
159.100898,21.733771,0.00265452872572,-0.0629873,2026-04-03T23:23:27
159.344171,21.789169,0.00265450369686,-0.061826,2026-04-03T23:24:27
159.587708,21.843908,0.00265447913408,-0.060663,2026-04-03T23:25:27
159.831509,21.897989,0.00265445503811,-0.0594982,2026-04-03T23:26:27
160.075569,21.951408,0.00265443140963,-0.0583317,2026-04-03T23:27:27
160.319886,22.004165,0.00265440824932,-0.0571635,2026-04-03T23:28:27
160.564459,22.056256,0.00265438555789,-0.0559936,2026-04-03T23:29:27
160.809283,22.107682,0.00265436333598,-0.0548221,2026-04-03T23:30:27
161.054358,22.15844,0.00265434158427,-0.0536488,2026-04-03T23:31:27
161.299679,22.208528,0.00265432030342,-0.052474,2026-04-03T23:32:27
161.545244,22.257945,0.00265429949406,-0.0512976,2026-04-03T23:33:27
161.791051,22.306689,0.00265427915684,-0.0501196,2026-04-03T23:34:27
162.037096,22.354758,0.00265425929238,-0.04894,2026-04-03T23:35:27
162.283378,22.402152,0.0026542399013,-0.0477589,2026-04-03T23:36:27
162.529893,22.448867,0.00265422098421,-0.0465763,2026-04-03T23:37:27
162.776637,22.494904,0.00265420254171,-0.0453922,2026-04-03T23:38:27
163.02361,22.54026,0.00265418457441,-0.0442067,2026-04-03T23:39:27
163.270806,22.584933,0.00265416708288,-0.0430197,2026-04-03T23:40:27
163.518224,22.628923,0.00265415006769,-0.0418312,2026-04-03T23:41:27
163.765861,22.672227,0.00265413352941,-0.0406414,2026-04-03T23:42:27
164.013713,22.714845,0.00265411746861,-0.0394502,2026-04-03T23:43:27
164.261777,22.756774,0.00265410188583,-0.0382576,2026-04-03T23:44:27
164.510051,22.798014,0.00265408678161,-0.0370637,2026-04-03T23:45:27
164.758531,22.838563,0.00265407215647,-0.0358685,2026-04-03T23:46:27
165.007214,22.87842,0.00265405801095,-0.034672,2026-04-03T23:47:27
165.256098,22.917583,0.00265404434556,-0.0334742,2026-04-03T23:48:27
165.505177,22.95605,0.00265403116081,-0.0322752,2026-04-03T23:49:27
165.754451,22.993822,0.00265401845717,-0.0310749,2026-04-03T23:50:27
166.003915,23.030895,0.00265400623515,-0.0298735,2026-04-03T23:51:27
166.253565,23.06727,0.00265399449523,-0.0286709,2026-04-03T23:52:27
166.5034,23.102944,0.00265398323786,-0.0274671,2026-04-03T23:53:27
166.753415,23.137916,0.00265397246351,-0.0262621,2026-04-03T23:54:27
167.003607,23.172186,0.00265396217264,-0.0250561,2026-04-03T23:55:27
167.253973,23.205753,0.00265395236567,-0.023849,2026-04-03T23:56:27
167.504509,23.238613,0.00265394304306,-0.0226408,2026-04-03T23:57:27
167.755211,23.270768,0.00265393420521,-0.0214315,2026-04-03T23:58:27
168.006078,23.302215,0.00265392585255,-0.0202213,2026-04-03T23:59:27
168.257104,23.332954,0.00265391798548,-0.01901,2026-04-04T00:00:27
168.508286,23.362984,0.0026539106044,-0.0177978,2026-04-04T00:01:27
168.759622,23.392302,0.00265390370969,-0.0165845,2026-04-04T00:02:27
169.011107,23.420909,0.00265389730174,-0.0153704,2026-04-04T00:03:27
169.262737,23.448803,0.00265389138092,-0.0141554,2026-04-04T00:04:27
169.51451,23.475984,0.00265388594757,-0.0129394,2026-04-04T00:05:27
169.766422,23.50245,0.00265388100207,-0.0117226,2026-04-04T00:06:27
170.018468,23.5282,0.00265387654475,-0.010505,2026-04-04T00:07:27
170.270646,23.553234,0.00265387257594,-0.0092865,2026-04-04T00:08:27
170.522951,23.57755,0.00265386909597,-0.0080672,2026-04-04T00:09:27
170.775381,23.601148,0.00265386610516,-0.0068472,2026-04-04T00:10:27
171.02793,23.624027,0.0026538636038,-0.0056264,2026-04-04T00:11:27
171.280596,23.646186,0.0026538615922,-0.0044049,2026-04-04T00:12:27
171.533375,23.667625,0.00265386007066,-0.0031827,2026-04-04T00:13:27
171.786263,23.688341,0.00265385903943,-0.0019597,2026-04-04T00:14:27
172.039256,23.708336,0.0026538584988,-0.0007362,2026-04-04T00:15:27
172.292351,23.727607,0.00265385844903,0.0004881,2026-04-04T00:16:27
172.545543,23.746155,0.00265385889037,0.0017129,2026-04-04T00:17:27
172.798829,23.763978,0.00265385982306,0.0029383,2026-04-04T00:18:27
173.052205,23.781076,0.00265386124734,0.0041643,2026-04-04T00:19:27
173.305667,23.797449,0.00265386316342,0.0053909,2026-04-04T00:20:27
173.559211,23.813095,0.00265386557154,0.006618,2026-04-04T00:21:27
173.812834,23.828014,0.00265386847188,0.0078455,2026-04-04T00:22:27
174.066531,23.842206,0.00265387186465,0.0090736,2026-04-04T00:23:27
174.320299,23.85567,0.00265387575005,0.0103021,2026-04-04T00:24:27
174.574133,23.868406,0.00265388012824,0.0115311,2026-04-04T00:25:27
174.82803,23.880413,0.00265388499939,0.0127604,2026-04-04T00:26:27
175.081986,23.89169,0.00265389036367,0.0139902,2026-04-04T00:27:27
175.335996,23.902238,0.00265389622123,0.0152203,2026-04-04T00:28:27
175.590058,23.912055,0.00265390257222,0.0164508,2026-04-04T00:29:27
175.844166,23.921142,0.00265390941675,0.0176816,2026-04-04T00:30:27
176.098317,23.929498,0.00265391675497,0.0189126,2026-04-04T00:31:27
176.352507,23.937123,0.00265392458698,0.020144,2026-04-04T00:32:27
176.606732,23.944016,0.00265393291289,0.0213756,2026-04-04T00:33:27
176.860988,23.950178,0.00265394173279,0.0226074,2026-04-04T00:34:27
177.115271,23.955607,0.00265395104677,0.0238395,2026-04-04T00:35:27
177.369576,23.960305,0.00265396085492,0.0250717,2026-04-04T00:36:27
177.623901,23.96427,0.0026539711573,0.0263041,2026-04-04T00:37:27
177.878241,23.967502,0.00265398195397,0.0275366,2026-04-04T00:38:27
178.132591,23.970002,0.00265399324497,0.0287693,2026-04-04T00:39:27
178.386949,23.971769,0.00265400503037,0.030002,2026-04-04T00:40:27
178.641309,23.972803,0.00265401731018,0.0312348,2026-04-04T00:41:27
178.895668,23.973104,0.00265403008442,0.0324677,2026-04-04T00:42:27
179.150021,23.972673,0.00265404335313,0.0337006,2026-04-04T00:43:27
179.404366,23.971508,0.00265405711628,0.0349334,2026-04-04T00:44:27
179.658697,23.969611,0.00265407137388,0.0361663,2026-04-04T00:45:27
179.913011,23.96698,0.00265408612594,0.0373991,2026-04-04T00:46:27
180.167304,23.963617,0.00265410137241,0.0386318,2026-04-04T00:47:27
180.421571,23.959521,0.00265411711326,0.0398645,2026-04-04T00:48:27
180.67581,23.954692,0.00265413334845,0.041097,2026-04-04T00:49:27
180.930014,23.949132,0.00265415007794,0.0423294,2026-04-04T00:50:27
181.184182,23.942838,0.00265416730167,0.0435617,2026-04-04T00:51:27
181.438308,23.935813,0.00265418501957,0.0447937,2026-04-04T00:52:27
181.692388,23.928057,0.00265420323154,0.0460256,2026-04-04T00:53:27
181.946419,23.919568,0.00265422193753,0.0472572,2026-04-04T00:54:27
182.200397,23.910349,0.00265424113743,0.0484886,2026-04-04T00:55:27
182.454318,23.900398,0.00265426083112,0.0497197,2026-04-04T00:56:27
182.708177,23.889717,0.0026542810185,0.0509505,2026-04-04T00:57:27
182.961971,23.878306,0.00265430169945,0.052181,2026-04-04T00:58:27
183.215696,23.866165,0.00265432287383,0.0534112,2026-04-04T00:59:27
183.469347,23.853295,0.0026543445415,0.0546409,2026-04-04T01:00:27
183.722922,23.839695,0.0026543667023,0.0558703,2026-04-04T01:01:27
183.976415,23.825368,0.00265438935609,0.0570993,2026-04-04T01:02:27
184.229824,23.810312,0.00265441250269,0.0583279,2026-04-04T01:03:27
184.483144,23.794529,0.00265443614192,0.059556,2026-04-04T01:04:27
184.736371,23.778019,0.0026544602736,0.0607836,2026-04-04T01:05:27
184.989501,23.760782,0.00265448489752,0.0620107,2026-04-04T01:06:27
185.242531,23.74282,0.00265451001349,0.0632373,2026-04-04T01:07:27
185.495456,23.724133,0.00265453562129,0.0644634,2026-04-04T01:08:27
185.748273,23.704722,0.0026545617207,0.0656889,2026-04-04T01:09:27
186.000979,23.684586,0.00265458831147,0.0669137,2026-04-04T01:10:27
186.253568,23.663728,0.00265461539338,0.068138,2026-04-04T01:11:27
186.506038,23.642147,0.00265464296617,0.0693617,2026-04-04T01:12:27
186.758385,23.619845,0.00265467102957,0.0705846,2026-04-04T01:13:27
187.010604,23.596822,0.00265469958333,0.0718069,2026-04-04T01:14:27
187.262693,23.573078,0.00265472862715,0.0730285,2026-04-04T01:15:27
187.514647,23.548616,0.00265475816076,0.0742494,2026-04-04T01:16:27
187.766462,23.523435,0.00265478818386,0.0754695,2026-04-04T01:17:27
188.018136,23.497537,0.00265481869614,0.0766888,2026-04-04T01:18:27
188.269664,23.470922,0.00265484969729,0.0779074,2026-04-04T01:19:27
188.521042,23.443592,0.00265488118699,0.0791251,2026-04-04T01:20:27
188.772268,23.415546,0.0026549131649,0.080342,2026-04-04T01:21:27
189.023338,23.386787,0.00265494563068,0.081558,2026-04-04T01:22:27
189.274247,23.357316,0.00265497858398,0.0827731,2026-04-04T01:23:27
189.524992,23.327132,0.00265501202444,0.0839874,2026-04-04T01:24:27
189.77557,23.296238,0.00265504595169,0.0852007,2026-04-04T01:25:27
190.025978,23.264634,0.00265508036536,0.086413,2026-04-04T01:26:27
190.276211,23.232321,0.00265511526506,0.0876244,2026-04-04T01:27:27
190.526267,23.199301,0.00265515065038,0.0888348,2026-04-04T01:28:27
190.776142,23.165575,0.00265518652093,0.0900441,2026-04-04T01:29:27
191.025832,23.131143,0.0026552228763,0.0912524,2026-04-04T01:30:27
191.275334,23.096007,0.00265525971606,0.0924597,2026-04-04T01:31:27
191.524644,23.060169,0.00265529703979,0.0936658,2026-04-04T01:32:27
191.773761,23.023628,0.00265533484702,0.0948709,2026-04-04T01:33:27
192.022679,22.986388,0.00265537313733,0.0960748,2026-04-04T01:34:27
192.271396,22.948448,0.00265541191026,0.0972776,2026-04-04T01:35:27
192.519908,22.90981,0.00265545116533,0.0984792,2026-04-04T01:36:27
192.768212,22.870476,0.00265549090206,0.0996796,2026-04-04T01:37:27
193.016306,22.830446,0.00265553111999,0.1008787,2026-04-04T01:38:27
193.264185,22.789723,0.00265557181859,0.1020767,2026-04-04T01:39:27
193.511848,22.748307,0.0026556129974,0.1032733,2026-04-04T01:40:27
193.759289,22.7062,0.00265565465588,0.1044687,2026-04-04T01:41:27
194.006507,22.663403,0.00265569679351,0.1056628,2026-04-04T01:42:27
194.253499,22.619917,0.00265573940977,0.1068555,2026-04-04T01:43:27
194.500261,22.575745,0.00265578250412,0.1080469,2026-04-04T01:44:27
194.74679,22.530887,0.00265582607601,0.1092369,2026-04-04T01:45:27
194.993084,22.485345,0.00265587012489,0.1104255,2026-04-04T01:46:27
195.239139,22.439121,0.00265591465018,0.1116127,2026-04-04T01:47:27
195.484952,22.392215,0.00265595965133,0.1127985,2026-04-04T01:48:27
195.730522,22.34463,0.00265600512774,0.1139828,2026-04-04T01:49:27
195.975844,22.296368,0.00265605107883,0.1151656,2026-04-04T01:50:27
196.220915,22.247428,0.002656097504,0.1163469,2026-04-04T01:51:27
196.465735,22.197815,0.00265614440263,0.1175267,2026-04-04T01:52:27
196.710298,22.147527,0.00265619177411,0.1187049,2026-04-04T01:53:27
196.954603,22.096569,0.00265623961782,0.1198816,2026-04-04T01:54:27
197.198647,22.04494,0.00265628793313,0.1210566,2026-04-04T01:55:27
197.442428,21.992644,0.00265633671938,0.1222301,2026-04-04T01:56:27
197.685942,21.93968,0.00265638597592,0.1234019,2026-04-04T01:57:27
197.929187,21.886052,0.0026564357021,0.1245721,2026-04-04T01:58:27
198.172161,21.831761,0.00265648589725,0.1257406,2026-04-04T01:59:27
198.41486,21.776808,0.00265653656069,0.1269073,2026-04-04T02:00:27
198.657283,21.721195,0.00265658769173,0.1280724,2026-04-04T02:01:27
198.899428,21.664925,0.00265663928968,0.1292357,2026-04-04T02:02:27
199.14129,21.607998,0.00265669135383,0.1303973,2026-04-04T02:03:27
199.382869,21.550417,0.00265674388348,0.131557,2026-04-04T02:04:27
199.624162,21.492183,0.0026567968779,0.132715,2026-04-04T02:05:27
199.865167,21.433298,0.00265685033637,0.1338711,2026-04-04T02:06:27
200.10588,21.373764,0.00265690425813,0.1350254,2026-04-04T02:07:27
200.346301,21.313583,0.00265695864246,0.1361778,2026-04-04T02:08:27
200.586426,21.252757,0.0026570134886,0.1373283,2026-04-04T02:09:27
200.826254,21.191288,0.00265706879577,0.1384769,2026-04-04T02:10:27
201.065782,21.129176,0.00265712456322,0.1396236,2026-04-04T02:11:27
201.305008,21.066426,0.00265718079014,0.1407683,2026-04-04T02:12:27
201.543931,21.003037,0.00265723747578,0.141911,2026-04-04T02:13:27
201.782548,20.939013,0.00265729461933,0.1430518,2026-04-04T02:14:27
202.020856,20.874354,0.00265735221997,0.1441905,2026-04-04T02:15:27
202.258855,20.809064,0.0026574102769,0.1453272,2026-04-04T02:16:27
202.496543,20.743143,0.00265746878929,0.1464618,2026-04-04T02:17:27
202.733916,20.676595,0.00265752775631,0.1475944,2026-04-04T02:18:27
202.970974,20.609421,0.00265758717713,0.1487248,2026-04-04T02:19:27
203.207714,20.541622,0.0026576470509,0.1498531,2026-04-04T02:20:27
203.444136,20.473202,0.00265770737676,0.1509793,2026-04-04T02:21:27
203.680236,20.404161,0.00265776815385,0.1521033,2026-04-04T02:22:27
203.916013,20.334502,0.00265782938129,0.1532251,2026-04-04T02:23:27
204.151466,20.264227,0.00265789105821,0.1543447,2026-04-04T02:24:27
204.386593,20.193339,0.00265795318372,0.1554621,2026-04-04T02:25:27
204.621392,20.121838,0.00265801575693,0.1565773,2026-04-04T02:26:27
204.855862,20.049728,0.00265807877692,0.1576902,2026-04-04T02:27:27
205.090001,19.97701,0.00265814224279,0.1588008,2026-04-04T02:28:27
205.323808,19.903686,0.0026582061536,0.1599091,2026-04-04T02:29:27
205.55728,19.829758,0.00265827050845,0.161015,2026-04-04T02:30:27
205.790417,19.755229,0.00265833530638,0.1621187,2026-04-04T02:31:27
206.023218,19.680101,0.00265840054645,0.1632199,2026-04-04T02:32:27
206.25568,19.604376,0.00265846622771,0.1643188,2026-04-04T02:33:27
206.487803,19.528055,0.00265853234919,0.1654152,2026-04-04T02:34:27
206.719585,19.451141,0.00265859890993,0.1665093,2026-04-04T02:35:27
206.951025,19.373636,0.00265866590896,0.1676008,2026-04-04T02:36:27
207.182121,19.295543,0.00265873334527,0.1686899,2026-04-04T02:37:27
207.412873,19.216863,0.00265880121788,0.1697766,2026-04-04T02:38:27
207.643279,19.137599,0.00265886952579,0.1708607,2026-04-04T02:39:27
207.873338,19.057752,0.002658938268,0.1719423,2026-04-04T02:40:27
208.10305,18.977326,0.00265900744347,0.1730213,2026-04-04T02:41:27
208.332412,18.896321,0.00265907705119,0.1740978,2026-04-04T02:42:27
208.561424,18.814741,0.00265914709013,0.1751717,2026-04-04T02:43:27
208.790085,18.732587,0.00265921755923,0.176243,2026-04-04T02:44:27
209.018394,18.649862,0.00265928845746,0.1773116,2026-04-04T02:45:27
209.24635,18.566568,0.00265935978375,0.1783777,2026-04-04T02:46:27
209.473951,18.482707,0.00265943153704,0.179441,2026-04-04T02:47:27
209.701199,18.398282,0.00265950371627,0.1805017,2026-04-04T02:48:27
209.92809,18.313294,0.00265957632034,0.1815596,2026-04-04T02:49:27
210.154625,18.227746,0.00265964934817,0.1826149,2026-04-04T02:50:27
210.380802,18.14164,0.00265972279868,0.1836674,2026-04-04T02:51:27
210.606622,18.054978,0.00265979667073,0.1847171,2026-04-04T02:52:27
210.832083,17.967762,0.00265987096325,0.1857641,2026-04-04T02:53:27
211.057185,17.879996,0.00265994567511,0.1868083,2026-04-04T02:54:27
211.281926,17.79168,0.00266002080516,0.1878496,2026-04-04T02:55:27
211.506307,17.702817,0.00266009635229,0.1888881,2026-04-04T02:56:27
211.730327,17.613411,0.00266017231536,0.1899238,2026-04-04T02:57:27
211.953985,17.523461,0.0026602486932,0.1909566,2026-04-04T02:58:27
212.177281,17.432972,0.00266032548468,0.1919865,2026-04-04T02:59:27
212.400213,17.341945,0.00266040268862,0.1930135,2026-04-04T03:00:27
212.622783,17.250383,0.00266048030385,0.1940375,2026-04-04T03:01:27
212.844989,17.158288,0.00266055832919,0.1950586,2026-04-04T03:02:27
213.066831,17.065661,0.00266063676347,0.1960767,2026-04-04T03:03:27
213.288308,16.972506,0.00266071560547,0.1970919,2026-04-04T03:04:27
213.509421,16.878825,0.00266079485401,0.198104,2026-04-04T03:05:27
213.730169,16.784619,0.00266087450788,0.1991132,2026-04-04T03:06:27
213.950551,16.689892,0.00266095456585,0.2001192,2026-04-04T03:07:27
214.170568,16.594645,0.0026610350267,0.2011223,2026-04-04T03:08:27
214.390219,16.498881,0.00266111588921,0.2021222,2026-04-04T03:09:27
214.609504,16.402602,0.00266119715214,0.2031191,2026-04-04T03:10:27
214.828423,16.305811,0.00266127881424,0.2041128,2026-04-04T03:11:27
215.046975,16.208509,0.00266136087427,0.2051034,2026-04-04T03:12:27
215.265162,16.110699,0.00266144333096,0.2060909,2026-04-04T03:13:27
215.482981,16.012383,0.00266152618304,0.2070752,2026-04-04T03:14:27
215.700435,15.913563,0.00266160942923,0.2080563,2026-04-04T03:15:27
215.917521,15.814242,0.00266169306828,0.2090342,2026-04-04T03:16:27
216.134242,15.714423,0.00266177709887,0.2100089,2026-04-04T03:17:27
216.350596,15.614107,0.00266186151973,0.2109803,2026-04-04T03:18:27
216.566583,15.513296,0.00266194632954,0.2119485,2026-04-04T03:19:27
216.782204,15.411993,0.002662031527,0.2129135,2026-04-04T03:20:27
216.997459,15.310201,0.00266211711079,0.2138751,2026-04-04T03:21:27
217.212348,15.20792,0.00266220307959,0.2148334,2026-04-04T03:22:27
217.426871,15.105155,0.00266228943208,0.2157884,2026-04-04T03:23:27
217.641029,15.001907,0.0026623761669,0.2167401,2026-04-04T03:24:27
217.854821,14.898178,0.00266246328272,0.2176884,2026-04-04T03:25:27
218.068248,14.793971,0.0026625507782,0.2186333,2026-04-04T03:26:27
218.28131,14.689287,0.00266263865196,0.2195749,2026-04-04T03:27:27
218.494007,14.58413,0.00266272690266,0.220513,2026-04-04T03:28:27
218.70634,14.478501,0.00266281552891,0.2214477,2026-04-04T03:29:27
218.918309,14.372403,0.00266290452933,0.222379,2026-04-04T03:30:27
219.129915,14.265838,0.00266299390256,0.2233068,2026-04-04T03:31:27
219.341158,14.158808,0.00266308364718,0.2242311,2026-04-04T03:32:27
219.552037,14.051316,0.00266317376182,0.2251519,2026-04-04T03:33:27
219.762555,13.943364,0.00266326424505,0.2260692,2026-04-04T03:34:27
219.972711,13.834953,0.00266335509549,0.226983,2026-04-04T03:35:27
220.182505,13.726087,0.00266344631169,0.2278933,2026-04-04T03:36:27
220.391939,13.616768,0.00266353789225,0.2288,2026-04-04T03:37:27
220.601012,13.506997,0.00266362983572,0.2297031,2026-04-04T03:38:27
220.809726,13.396778,0.00266372214068,0.2306026,2026-04-04T03:39:27
221.018081,13.286112,0.00266381480568,0.2314985,2026-04-04T03:40:27
221.226077,13.175001,0.00266390782926,0.2323908,2026-04-04T03:41:27
221.433716,13.063449,0.00266400120998,0.2332795,2026-04-04T03:42:27
221.640997,12.951456,0.00266409494638,0.2341645,2026-04-04T03:43:27
221.847922,12.839026,0.00266418903697,0.2350458,2026-04-04T03:44:27
222.054491,12.726161,0.00266428348029,0.2359235,2026-04-04T03:45:27
222.260705,12.612862,0.00266437827486,0.2367974,2026-04-04T03:46:27
222.466564,12.499132,0.00266447341918,0.2376676,2026-04-04T03:47:27
222.67207,12.384974,0.00266456891176,0.2385341,2026-04-04T03:48:27
222.877223,12.270389,0.00266466475111,0.2393969,2026-04-04T03:49:27
223.082024,12.15538,0.00266476093571,0.2402559,2026-04-04T03:50:27
223.286474,12.039948,0.00266485746406,0.2411111,2026-04-04T03:51:27
223.490573,11.924097,0.00266495433463,0.2419625,2026-04-04T03:52:27
223.694323,11.807828,0.0026650515459,0.2428101,2026-04-04T03:53:27
223.897724,11.691144,0.00266514909633,0.2436538,2026-04-04T03:54:27
224.100778,11.574047,0.00266524698441,0.2444938,2026-04-04T03:55:27
224.303485,11.456538,0.00266534520857,0.2453298,2026-04-04T03:56:27
224.505846,11.338621,0.00266544376726,0.246162,2026-04-04T03:57:27
224.707862,11.220297,0.00266554265894,0.2469904,2026-04-04T03:58:27
224.909534,11.101568,0.00266564188205,0.2478148,2026-04-04T03:59:27
225.110863,10.982437,0.00266574143501,0.2486353,2026-04-04T04:00:27
225.31185,10.862906,0.00266584131626,0.2494519,2026-04-04T04:01:27
225.512496,10.742977,0.00266594152421,0.2502645,2026-04-04T04:02:27
225.712802,10.622652,0.0026660420573,0.2510732,2026-04-04T04:03:27
225.91277,10.501934,0.0026661429139,0.2518779,2026-04-04T04:04:27
226.112399,10.380823,0.00266624409246,0.2526786,2026-04-04T04:05:27
226.311692,10.259324,0.00266634559134,0.2534754,2026-04-04T04:06:27
226.51065,10.137437,0.00266644740895,0.2542681,2026-04-04T04:07:27
226.709273,10.015166,0.00266654954367,0.2550568,2026-04-04T04:08:27
226.907563,9.892511,0.0026666519939,0.2558414,2026-04-04T04:09:27
227.10552,9.769476,0.002666754758,0.256622,2026-04-04T04:10:27
227.303147,9.646061,0.00266685783435,0.2573985,2026-04-04T04:11:27
227.500444,9.522271,0.0026669612213,0.258171,2026-04-04T04:12:27
227.697412,9.398106,0.00266706491723,0.2589393,2026-04-04T04:13:27
227.894053,9.273568,0.00266716892048,0.2597035,2026-04-04T04:14:27
228.090368,9.14866,0.0026672732294,0.2604636,2026-04-04T04:15:27
228.286358,9.023384,0.00266737784234,0.2612196,2026-04-04T04:16:27
228.482025,8.897742,0.00266748275764,0.2619714,2026-04-04T04:17:27
228.677369,8.771736,0.00266758797361,0.2627191,2026-04-04T04:18:27
228.872392,8.645368,0.00266769348862,0.2634625,2026-04-04T04:19:27
229.067096,8.51864,0.00266779930095,0.2642018,2026-04-04T04:20:27
229.261481,8.391555,0.00266790540895,0.2649369,2026-04-04T04:21:27
229.455549,8.264114,0.0026680118109,0.2656678,2026-04-04T04:22:27
229.649301,8.136319,0.00266811850514,0.2663944,2026-04-04T04:23:27
229.842739,8.008172,0.00266822548994,0.2671168,2026-04-04T04:24:27
230.035864,7.879676,0.00266833276362,0.267835,2026-04-04T04:25:27
230.228678,7.750833,0.00266844032446,0.2685489,2026-04-04T04:26:27
230.421181,7.621644,0.00266854817076,0.2692585,2026-04-04T04:27:27
230.613375,7.492112,0.00266865630078,0.2699638,2026-04-04T04:28:27
230.805263,7.362238,0.00266876471282,0.2706648,2026-04-04T04:29:27
230.996844,7.232025,0.00266887340513,0.2713615,2026-04-04T04:30:27
231.188121,7.101474,0.00266898237599,0.2720539,2026-04-04T04:31:27
231.379095,6.970588,0.00266909162366,0.2727419,2026-04-04T04:32:27
231.569767,6.839369,0.0026692011464,0.2734256,2026-04-04T04:33:27
231.76014,6.707818,0.00266931094245,0.2741049,2026-04-04T04:34:27
231.950213,6.575938,0.00266942101007,0.2747798,2026-04-04T04:35:27
232.13999,6.443731,0.00266953134751,0.2754504,2026-04-04T04:36:27
232.329472,6.311198,0.00266964195298,0.2761165,2026-04-04T04:37:27
232.518659,6.178341,0.00266975282473,0.2767783,2026-04-04T04:38:27
232.707554,6.045163,0.002669863961,0.2774356,2026-04-04T04:39:27
232.896159,5.911666,0.00266997536001,0.2780885,2026-04-04T04:40:27
233.084474,5.777851,0.00267008701995,0.2787369,2026-04-04T04:41:27
233.272501,5.64372,0.00267019893908,0.2793809,2026-04-04T04:42:27
233.460242,5.509276,0.00267031111558,0.2800204,2026-04-04T04:43:27
233.647699,5.374519,0.00267042354768,0.2806555,2026-04-04T04:44:27
233.834872,5.239453,0.00267053623356,0.281286,2026-04-04T04:45:27
234.021765,5.104079,0.00267064917142,0.2819121,2026-04-04T04:46:27
234.208378,4.968399,0.00267076235947,0.2825336,2026-04-04T04:47:27
234.394713,4.832415,0.00267087579589,0.2831506,2026-04-04T04:48:27
234.580771,4.696129,0.00267098947885,0.2837631,2026-04-04T04:49:27
234.766555,4.559542,0.00267110340655,0.2843711,2026-04-04T04:50:27
234.952065,4.422657,0.00267121757716,0.2849745,2026-04-04T04:51:27
235.137305,4.285475,0.00267133198885,0.2855733,2026-04-04T04:52:27
235.322274,4.147999,0.00267144663979,0.2861676,2026-04-04T04:53:27
235.506976,4.01023,0.00267156152814,0.2867572,2026-04-04T04:54:27
235.691411,3.87217,0.00267167665207,0.2873423,2026-04-04T04:55:27
235.875582,3.733821,0.00267179200973,0.2879228,2026-04-04T04:56:27
236.05949,3.595185,0.00267190759927,0.2884987,2026-04-04T04:57:27
236.243137,3.456264,0.00267202341884,0.2890699,2026-04-04T04:58:27
236.426525,3.317059,0.00267213946658,0.2896365,2026-04-04T04:59:27
236.609655,3.177572,0.00267225574063,0.2901985,2026-04-04T05:00:27
236.792529,3.037805,0.00267237223914,0.2907558,2026-04-04T05:01:27
236.975149,2.897761,0.00267248896021,0.2913085,2026-04-04T05:02:27
237.157516,2.75744,0.00267260590201,0.2918565,2026-04-04T05:03:27
237.339633,2.616845,0.00267272306263,0.2923998,2026-04-04T05:04:27
237.521502,2.475977,0.00267284044022,0.2929384,2026-04-04T05:05:27
237.703123,2.334839,0.00267295803288,0.2934723,2026-04-04T05:06:27
237.884499,2.193431,0.00267307583871,0.2940015,2026-04-04T05:07:27
238.065632,2.051756,0.00267319385585,0.294526,2026-04-04T05:08:27
238.246523,1.909816,0.0026733120824,0.2950458,2026-04-04T05:09:27
238.427175,1.767612,0.00267343051645,0.2955608,2026-04-04T05:10:27
238.607589,1.625147,0.0026735491561,0.2960711,2026-04-04T05:11:27
238.787767,1.482421,0.00267366799947,0.2965766,2026-04-04T05:12:27
238.967711,1.339437,0.00267378704461,0.2970774,2026-04-04T05:13:27
239.147422,1.196196,0.00267390628965,0.2975734,2026-04-04T05:14:27
239.326903,1.052701,0.00267402573266,0.2980646,2026-04-04T05:15:27
239.506156,0.908952,0.00267414537173,0.2985511,2026-04-04T05:16:27
239.685182,0.764952,0.00267426520493,0.2990328,2026-04-04T05:17:27
239.863983,0.620702,0.00267438523033,0.2995096,2026-04-04T05:18:27
240.042561,0.476205,0.00267450544601,0.2999817,2026-04-04T05:19:27
240.220918,0.331461,0.00267462585005,0.3004489,2026-04-04T05:20:27
240.399057,0.186473,0.0026747464405,0.3009113,2026-04-04T05:21:27
240.576978,0.041242,0.00267486721545,0.3013689,2026-04-04T05:22:27
240.754684,-0.10423,0.00267498817292,0.3018216,2026-04-04T05:23:27
240.932176,-0.249942,0.002675109311,0.3022695,2026-04-04T05:24:27
241.109457,-0.395891,0.00267523062774,0.3027125,2026-04-04T05:25:27
241.286529,-0.542076,0.00267535212117,0.3031507,2026-04-04T05:26:27
241.463394,-0.688496,0.00267547378937,0.303584,2026-04-04T05:27:27
241.640053,-0.835148,0.00267559563036,0.3040124,2026-04-04T05:28:27
241.816508,-0.982031,0.00267571764219,0.3044359,2026-04-04T05:29:27
241.992762,-1.129144,0.00267583982292,0.3048546,2026-04-04T05:30:27
242.168817,-1.276484,0.00267596217055,0.3052683,2026-04-04T05:31:27
242.344673,-1.42405,0.00267608468315,0.3056772,2026-04-04T05:32:27
242.520335,-1.571841,0.00267620735872,0.3060811,2026-04-04T05:33:27
242.695802,-1.719854,0.00267633019532,0.3064802,2026-04-04T05:34:27
242.871078,-1.868089,0.00267645319095,0.3068743,2026-04-04T05:35:27
243.046165,-2.016543,0.00267657634365,0.3072634,2026-04-04T05:36:27
243.221064,-2.165214,0.00267669965144,0.3076477,2026-04-04T05:37:27
243.395777,-2.314102,0.00267682311235,0.3080269,2026-04-04T05:38:27
243.570307,-2.463205,0.00267694672437,0.3084013,2026-04-04T05:39:27
243.744655,-2.612521,0.00267707048552,0.3087707,2026-04-04T05:40:27
243.918824,-2.762048,0.00267719439383,0.3091351,2026-04-04T05:41:27
244.092816,-2.911785,0.0026773184473,0.3094945,2026-04-04T05:42:27
244.266633,-3.06173,0.00267744264393,0.309849,2026-04-04T05:43:27
244.440276,-3.211881,0.00267756698173,0.3101985,2026-04-04T05:44:27
244.613748,-3.362238,0.0026776914587,0.3105431,2026-04-04T05:45:27
244.787051,-3.512798,0.00267781607284,0.3108826,2026-04-04T05:46:27
244.960186,-3.66356,0.00267794082216,0.3112171,2026-04-04T05:47:27
245.133157,-3.814523,0.00267806570464,0.3115467,2026-04-04T05:48:27
245.305965,-3.965684,0.00267819071828,0.3118712,2026-04-04T05:49:27
245.478613,-4.117042,0.00267831586107,0.3121907,2026-04-04T05:50:27
245.651102,-4.268596,0.00267844113101,0.3125052,2026-04-04T05:51:27
245.823434,-4.420344,0.00267856652607,0.3128147,2026-04-04T05:52:27
245.995612,-4.572285,0.00267869204424,0.3131192,2026-04-04T05:53:27
246.167637,-4.724416,0.00267881768352,0.3134186,2026-04-04T05:54:27
246.339513,-4.876737,0.00267894344188,0.313713,2026-04-04T05:55:27
246.51124,-5.029246,0.00267906931729,0.3140024,2026-04-04T05:56:27
246.682822,-5.181942,0.00267919530775,0.3142867,2026-04-04T05:57:27
246.85426,-5.334822,0.00267932141122,0.314566,2026-04-04T05:58:27
247.025556,-5.487886,0.00267944762567,0.3148402,2026-04-04T05:59:27
247.196713,-5.641131,0.0026795739491,0.3151094,2026-04-04T06:00:27
247.367733,-5.794557,0.00267970037945,0.3153735,2026-04-04T06:01:27
247.538618,-5.948162,0.00267982691472,0.3156325,2026-04-04T06:02:27
247.709369,-6.101944,0.00267995355286,0.3158865,2026-04-04T06:03:27
247.879991,-6.255902,0.00268008029182,0.3161354,2026-04-04T06:04:27
248.050484,-6.410034,0.0026802071296,0.3163792,2026-04-04T06:05:27
248.22085,-6.564339,0.00268033406415,0.316618,2026-04-04T06:06:27
248.391093,-6.718816,0.00268046109342,0.3168516,2026-04-04T06:07:27
248.561213,-6.873462,0.00268058821539,0.3170802,2026-04-04T06:08:27
248.731214,-7.028277,0.002680715428,0.3173037,2026-04-04T06:09:27
248.901098,-7.183259,0.00268084272924,0.3175221,2026-04-04T06:10:27
249.070867,-7.338406,0.00268097011702,0.3177354,2026-04-04T06:11:27
249.240523,-7.493717,0.00268109758934,0.3179436,2026-04-04T06:12:27
249.410068,-7.649191,0.00268122514413,0.3181467,2026-04-04T06:13:27
249.579504,-7.804826,0.00268135277935,0.3183447,2026-04-04T06:14:27
249.748835,-7.960621,0.00268148049294,0.3185375,2026-04-04T06:15:27
249.918062,-8.116574,0.00268160828287,0.3187253,2026-04-04T06:16:27
250.087187,-8.272683,0.00268173614708,0.318908,2026-04-04T06:17:27
250.256213,-8.428948,0.00268186408352,0.3190855,2026-04-04T06:18:27
250.425141,-8.585367,0.00268199209014,0.319258,2026-04-04T06:19:27
250.593976,-8.741938,0.00268212016489,0.3194253,2026-04-04T06:20:27
250.762717,-8.89866,0.00268224830572,0.3195875,2026-04-04T06:21:27
250.931369,-9.055532,0.00268237651055,0.3197445,2026-04-04T06:22:27
251.099933,-9.212552,0.00268250477735,0.3198965,2026-04-04T06:23:27
251.268411,-9.369719,0.00268263310406,0.3200433,2026-04-04T06:24:27
251.436807,-9.527031,0.00268276148861,0.3201849,2026-04-04T06:25:27
251.605122,-9.684487,0.00268288992895,0.3203215,2026-04-04T06:26:27
251.773358,-9.842085,0.00268301842303,0.3204529,2026-04-04T06:27:27
251.941518,-9.999825,0.00268314696878,0.3205792,2026-04-04T06:28:27
252.109605,-10.157704,0.00268327556414,0.3207003,2026-04-04T06:29:27
252.27762,-10.315721,0.00268340420705,0.3208163,2026-04-04T06:30:27
252.445566,-10.473876,0.00268353289546,0.3209272,2026-04-04T06:31:27
252.613446,-10.632165,0.00268366162729,0.3210329,2026-04-04T06:32:27
252.781262,-10.790589,0.00268379040049,0.3211335,2026-04-04T06:33:27
252.949016,-10.949146,0.002683919213,0.3212289,2026-04-04T06:34:27
253.116711,-11.107833,0.00268404806275,0.3213192,2026-04-04T06:35:27
253.284349,-11.266651,0.00268417694768,0.3214044,2026-04-04T06:36:27
253.451932,-11.425597,0.00268430586572,0.3214844,2026-04-04T06:37:27
253.619463,-11.584671,0.00268443481482,0.3215592,2026-04-04T06:38:27
253.786945,-11.74387,0.00268456379291,0.3216289,2026-04-04T06:39:27
253.95438,-11.903194,0.00268469279792,0.3216935,2026-04-04T06:40:27
254.12177,-12.06264,0.0026848218278,0.3217529,2026-04-04T06:41:27
254.289118,-12.222208,0.00268495088047,0.3218072,2026-04-04T06:42:27
254.456426,-12.381897,0.00268507995388,0.3218563,2026-04-04T06:43:27
254.623697,-12.541704,0.00268520904594,0.3219003,2026-04-04T06:44:27
254.790933,-12.701629,0.00268533815462,0.3219391,2026-04-04T06:45:27
254.958138,-12.86167,0.00268546727782,0.3219728,2026-04-04T06:46:27
255.125312,-13.021826,0.00268559641351,0.3220013,2026-04-04T06:47:27
255.292459,-13.182095,0.0026857255596,0.3220247,2026-04-04T06:48:27
255.459582,-13.342476,0.00268585471405,0.3220429,2026-04-04T06:49:27
255.626683,-13.502968,0.00268598387476,0.322056,2026-04-04T06:50:27
255.793764,-13.66357,0.0026861130397,0.322064,2026-04-04T06:51:27
255.960828,-13.824279,0.0026862422068,0.3220668,2026-04-04T06:52:27
256.127878,-13.985095,0.00268637137397,0.3220644,2026-04-04T06:53:27
256.294916,-14.146017,0.00268650053918,0.3220569,2026-04-04T06:54:27
256.461945,-14.307042,0.00268662970036,0.3220443,2026-04-04T06:55:27
256.628968,-14.46817,0.00268675885543,0.3220265,2026-04-04T06:56:27
256.795986,-14.6294,0.00268688800234,0.3220036,2026-04-04T06:57:27
256.963003,-14.790729,0.00268701713904,0.3219756,2026-04-04T06:58:27
257.130022,-14.952157,0.00268714626345,0.3219424,2026-04-04T06:59:27
257.297044,-15.113682,0.00268727537353,0.3219041,2026-04-04T07:00:27
257.464073,-15.275303,0.00268740446719,0.3218606,2026-04-04T07:01:27
257.631112,-15.437018,0.0026875335424,0.321812,2026-04-04T07:02:27
257.798162,-15.598827,0.00268766259709,0.3217583,2026-04-04T07:03:27
257.965227,-15.760727,0.0026877916292,0.3216994,2026-04-04T07:04:27
258.13231,-15.922718,0.00268792063668,0.3216355,2026-04-04T07:05:27
258.299412,-16.084799,0.00268804961746,0.3215663,2026-04-04T07:06:27
258.466538,-16.246967,0.0026881785695,0.3214921,2026-04-04T07:07:27
258.633689,-16.409222,0.00268830749073,0.3214127,2026-04-04T07:08:27
258.800868,-16.571562,0.00268843637912,0.3213283,2026-04-04T07:09:27
258.968078,-16.733985,0.0026885652326,0.3212387,2026-04-04T07:10:27
259.135322,-16.896492,0.0026886940491,0.321144,2026-04-04T07:11:27
259.302603,-17.059079,0.0026888228266,0.3210441,2026-04-04T07:12:27
259.469924,-17.221746,0.00268895156305,0.3209392,2026-04-04T07:13:27
259.637286,-17.384492,0.00268908025638,0.3208292,2026-04-04T07:14:27
259.804694,-17.547315,0.00268920890455,0.320714,2026-04-04T07:15:27
259.972149,-17.710214,0.00268933750552,0.3205938,2026-04-04T07:16:27
260.139656,-17.873188,0.00268946605724,0.3204684,2026-04-04T07:17:27
260.307216,-18.036234,0.00268959455767,0.320338,2026-04-04T07:18:27
260.474832,-18.199352,0.00268972300475,0.3202025,2026-04-04T07:19:27
260.642508,-18.362541,0.00268985139646,0.3200618,2026-04-04T07:20:27
260.810247,-18.525799,0.00268997973073,0.3199161,2026-04-04T07:21:27
260.97805,-18.689125,0.00269010800557,0.3197653,2026-04-04T07:22:27
261.145922,-18.852518,0.00269023621889,0.3196094,2026-04-04T07:23:27
261.313865,-19.015975,0.00269036436868,0.3194485,2026-04-04T07:24:27
261.481882,-19.179497,0.0026904924529,0.3192825,2026-04-04T07:25:27
261.649976,-19.343081,0.00269062046952,0.3191114,2026-04-04T07:26:27
261.81815,-19.506726,0.00269074841651,0.3189352,2026-04-04T07:27:27
261.986407,-19.67043,0.00269087629183,0.318754,2026-04-04T07:28:27
262.154751,-19.834194,0.00269100409345,0.3185677,2026-04-04T07:29:27
262.323183,-19.998014,0.00269113181935,0.3183764,2026-04-04T07:30:27
262.491708,-20.16189,0.00269125946751,0.31818,2026-04-04T07:31:27
262.660328,-20.325821,0.00269138703589,0.3179786,2026-04-04T07:32:27
262.829046,-20.489804,0.00269151452248,0.3177721,2026-04-04T07:33:27
262.997866,-20.65384,0.00269164192525,0.3175606,2026-04-04T07:34:27
263.16679,-20.817926,0.00269176924219,0.3173441,2026-04-04T07:35:27
263.335822,-20.98206,0.00269189647128,0.3171226,2026-04-04T07:36:27
263.504965,-21.146243,0.00269202361051,0.316896,2026-04-04T07:37:27
263.674222,-21.310472,0.00269215065785,0.3166644,2026-04-04T07:38:27
263.843596,-21.474745,0.00269227761131,0.3164278,2026-04-04T07:39:27
264.013091,-21.639063,0.00269240446887,0.3161862,2026-04-04T07:40:27
264.182709,-21.803422,0.00269253122853,0.3159396,2026-04-04T07:41:27
264.352454,-21.967823,0.00269265788827,0.3156879,2026-04-04T07:42:27
264.522329,-22.132263,0.0026927844461,0.3154313,2026-04-04T07:43:27
264.692338,-22.296741,0.00269291090002,0.3151697,2026-04-04T07:44:27
264.862483,-22.461256,0.00269303724802,0.3149032,2026-04-04T07:45:27
265.032769,-22.625806,0.00269316348811,0.3146316,2026-04-04T07:46:27
265.203198,-22.79039,0.00269328961829,0.3143551,2026-04-04T07:47:27
265.373773,-22.955007,0.00269341563659,0.3140736,2026-04-04T07:48:27
265.544499,-23.119656,0.00269354154099,0.3137872,2026-04-04T07:49:27
265.715378,-23.284334,0.00269366732952,0.3134958,2026-04-04T07:50:27
265.886414,-23.44904,0.00269379300019,0.3131995,2026-04-04T07:51:27
266.05761,-23.613774,0.00269391855103,0.3128982,2026-04-04T07:52:27
266.22897,-23.778533,0.00269404398004,0.312592,2026-04-04T07:53:27
266.400497,-23.943317,0.00269416928524,0.3122808,2026-04-04T07:54:27
266.572195,-24.108123,0.00269429446468,0.3119648,2026-04-04T07:55:27
266.744067,-24.272951,0.00269441951637,0.3116438,2026-04-04T07:56:27
266.916117,-24.437799,0.00269454443833,0.3113179,2026-04-04T07:57:27
267.088349,-24.602666,0.00269466922861,0.3109871,2026-04-04T07:58:27
267.260765,-24.76755,0.00269479388524,0.3106514,2026-04-04T07:59:27
267.43337,-24.93245,0.00269491840625,0.3103108,2026-04-04T08:00:27
267.606167,-25.097364,0.0026950427897,0.3099654,2026-04-04T08:01:27
267.779159,-25.262292,0.00269516703361,0.309615,2026-04-04T08:02:27
267.952351,-25.42723,0.00269529113603,0.3092598,2026-04-04T08:03:27
268.125747,-25.592179,0.00269541509502,0.3088997,2026-04-04T08:04:27
268.299349,-25.757137,0.00269553890863,0.3085348,2026-04-04T08:05:27
268.473162,-25.922102,0.0026956625749,0.308165,2026-04-04T08:06:27
268.647189,-26.087072,0.0026957860919,0.3077904,2026-04-04T08:07:27
268.821434,-26.252047,0.0026959094577,0.307411,2026-04-04T08:08:27
268.995901,-26.417025,0.00269603267033,0.3070267,2026-04-04T08:09:27
269.170594,-26.582004,0.00269615572789,0.3066376,2026-04-04T08:10:27
269.345517,-26.746983,0.00269627862844,0.3062437,2026-04-04T08:11:27
269.520673,-26.91196,0.00269640137003,0.305845,2026-04-04T08:12:27
269.696067,-27.076934,0.00269652395076,0.3054415,2026-04-04T08:13:27
269.871702,-27.241904,0.0026966463687,0.3050332,2026-04-04T08:14:27
270.047582,-27.406868,0.00269676862193,0.3046201,2026-04-04T08:15:27
270.223712,-27.571824,0.00269689070854,0.3042023,2026-04-04T08:16:27
270.400095,-27.736771,0.00269701262661,0.3037797,2026-04-04T08:17:27
270.576736,-27.901708,0.00269713437424,0.3033523,2026-04-04T08:18:27
270.753638,-28.066632,0.00269725594953,0.3029202,2026-04-04T08:19:27
270.930806,-28.231543,0.00269737735056,0.3024834,2026-04-04T08:20:27
271.108243,-28.396438,0.00269749857544,0.3020418,2026-04-04T08:21:27
271.285955,-28.561317,0.00269761962227,0.3015955,2026-04-04T08:22:27
271.463944,-28.726178,0.00269774048917,0.3011445,2026-04-04T08:23:27
271.642216,-28.891019,0.00269786117424,0.3006888,2026-04-04T08:24:27
271.820774,-29.055838,0.00269798167561,0.3002284,2026-04-04T08:25:27
271.999624,-29.220635,0.00269810199137,0.2997633,2026-04-04T08:26:27
272.178768,-29.385407,0.00269822211967,0.2992935,2026-04-04T08:27:27
272.358212,-29.550153,0.00269834205862,0.2988191,2026-04-04T08:28:27
272.537959,-29.714871,0.00269846180636,0.29834,2026-04-04T08:29:27
272.718015,-29.87956,0.002698581361,0.2978562,2026-04-04T08:30:27
272.898384,-30.044218,0.00269870072072,0.2973678,2026-04-04T08:31:27
273.07907,-30.208844,0.00269881988362,0.2968748,2026-04-04T08:32:27
273.260077,-30.373435,0.00269893884785,0.2963771,2026-04-04T08:33:27
273.441411,-30.537991,0.00269905761158,0.2958749,2026-04-04T08:34:27
273.623075,-30.702509,0.00269917617294,0.295368,2026-04-04T08:35:27
273.805075,-30.866988,0.00269929453009,0.2948565,2026-04-04T08:36:27
273.987415,-31.031427,0.0026994126812,0.2943405,2026-04-04T08:37:27
274.170099,-31.195823,0.00269953062442,0.2938198,2026-04-04T08:38:27
274.353133,-31.360175,0.00269964835792,0.2932947,2026-04-04T08:39:27
274.53652,-31.524481,0.00269976587987,0.2927649,2026-04-04T08:40:27
274.720267,-31.688739,0.00269988318845,0.2922306,2026-04-04T08:41:27
274.904377,-31.852949,0.00270000028185,0.2916918,2026-04-04T08:42:27
275.088856,-32.017107,0.00270011715823,0.2911484,2026-04-04T08:43:27
275.273708,-32.181213,0.00270023381578,0.2906006,2026-04-04T08:44:27
275.458938,-32.345265,0.00270035025271,0.2900482,2026-04-04T08:45:27
