JDTDB,Calendar Date (TDB),delta-T,X,Y,Z,VX,VY,VZ,Calendar Date (UTC)
2461137.590590278, A.D. 2026-Apr-07 02:10:27.0000,69.185631,-143744210.2543904,-41048609.7943216,-17813532.90102697,8.176093704922234,-25.83325187343669,-11.23416446370418,2026-04-07T02:09:17.814409
2461137.591284722, A.D. 2026-Apr-07 02:11:27.0000,69.185631,-143743719.6371269,-41050159.77866939,-17814206.94374348,8.177844338178165,-25.8329912920784,-11.23396889045418,2026-04-07T02:10:17.814365
2461137.591979166, A.D. 2026-Apr-07 02:12:27.0000,69.185631,-143743228.915111,-41051709.74752051,-17814880.9748005,8.179585378604793,-25.83273499916654,-11.23377567486433,2026-04-07T02:11:17.814321
2461137.592673611, A.D. 2026-Apr-07 02:13:27.0000,69.185631,-143742738.0889169,-41053259.70112714,-17815554.99433723,8.181316896471676,-25.83248291734442,-11.23358478132599,2026-04-07T02:12:17.814358
2461137.593368056, A.D. 2026-Apr-07 02:14:27.0000,69.185631,-143742247.1591135,-41054809.63973882,-17816229.00249141,8.18303897370937,-25.83223494818295,-11.23339616013312,2026-04-07T02:13:17.814435
2461137.5940625, A.D. 2026-Apr-07 02:15:27.0000,69.185631,-143741756.1262642,-41056359.56360286,-17816902.99939949,8.184751684939052,-25.83199100703125,-11.23320977005582,2026-04-07T02:14:17.814391
2461137.594756945, A.D. 2026-Apr-07 02:16:27.0000,69.185631,-143741264.9909296,-41057909.47295541,-17817576.98519279,8.186455104375842,-25.83175101078883,-11.23302557063149,2026-04-07T02:15:17.814428
2461137.595451389, A.D. 2026-Apr-07 02:17:27.0000,69.185631,-143740773.7536648,-41059459.36803074,-17818250.96000158,8.18814930581483,-25.83151487962715,-11.23284352330072,2026-04-07T02:16:17.814384
2461137.596145833, A.D. 2026-Apr-07 02:18:27.0000,69.185631,-143740282.4150212,-41061009.24905857,-17818924.92395399,8.189834356767907,-25.83128254420889,-11.23266359582144,2026-04-07T02:17:17.814340
2461137.596840278, A.D. 2026-Apr-07 02:19:27.0000,69.185631,-143739790.9755443,-41062559.11626711,-17819598.8771772,8.191510335797432,-25.83105391352459,-11.23248574161063,2026-04-07T02:18:17.814377
2461137.597534722, A.D. 2026-Apr-07 02:20:27.0000,69.185631,-143739299.4357772,-41064108.96987325,-17820272.81979312,8.19317731351911,-25.83082891022597,-11.2323099223928,2026-04-07T02:19:17.814373
2461137.598229167, A.D. 2026-Apr-07 02:21:27.0000,69.185631,-143738807.7962562,-41065658.81008682,-17820946.75191921,8.194835387836255,-25.83060718946248,-11.2321359491947,2026-04-07T02:20:17.814410
2461137.598923611, A.D. 2026-Apr-07 02:22:27.0000,69.185631,-143738316.0575168,-41067208.63711348,-17821620.67367211,8.196484579205551,-25.83038921699568,-11.23196409041001,2026-04-07T02:21:17.814366
2461137.599618055, A.D. 2026-Apr-07 02:23:27.0000,69.185631,-143737824.2200872,-41068758.45117387,-17822294.58517571,8.198124980932578,-25.83017465886052,-11.23179416468231,2026-04-07T02:22:17.814322
2461137.6003125, A.D. 2026-Apr-07 02:24:27.0000,69.185631,-143737332.2844935,-41070308.25246727,-17822968.48654336,8.199756670018974,-25.8299634345192,-11.23162613046007,2026-04-07T02:23:17.814359
2461137.601006945, A.D. 2026-Apr-07 02:25:27.0000,69.185631,-143736840.2512563,-41071858.04119173,-17823642.37788757,8.201379717386391,-25.82975547407488,-11.23145995331413,2026-04-07T02:24:17.814436
2461137.601701389, A.D. 2026-Apr-07 02:26:27.0000,69.185631,-143736348.1208919,-41073407.81754097,-17824316.25931871,8.202994194264988,-25.82955070897004,-11.2312955996761,2026-04-07T02:25:17.814392
2461137.602395833, A.D. 2026-Apr-07 02:27:27.0000,69.185631,-143735855.8939125,-41074957.58170459,-17824990.13094521,8.204600170520912,-25.82934907307231,-11.23113303799762,2026-04-07T02:26:17.814348
2461137.603090278, A.D. 2026-Apr-07 02:28:27.0000,69.185631,-143735363.5708261,-41076507.33386885,-17825663.99287393,8.20619771127516,-25.82915050955101,-11.23097224349424,2026-04-07T02:27:17.814385
2461137.603784722, A.D. 2026-Apr-07 02:29:27.0000,69.185631,-143734871.1521357,-41078057.07421873,-17826337.84521097,8.207786891819183,-25.82895494289232,-11.23081317591679,2026-04-07T02:28:17.814341
2461137.604479167, A.D. 2026-Apr-07 02:30:27.0000,69.185631,-143734378.6383418,-41079606.80292907,-17827011.68805764,8.209367781427597,-25.82876230982865,-11.23065580360661,2026-04-07T02:29:17.814418
2461137.605173611, A.D. 2026-Apr-07 02:31:27.0000,69.185631,-143733886.0299406,-41081156.52017101,-17827685.52151343,8.210940448497968,-25.82857254799753,-11.23050009587213,2026-04-07T02:30:17.814374
2461137.605868055, A.D. 2026-Apr-07 02:32:27.0000,69.185631,-143733393.3274217,-41082706.22612113,-17828359.34568001,8.212504960755284,-25.82838559780331,-11.23034602480801,2026-04-07T02:31:17.814330
2461137.6065625, A.D. 2026-Apr-07 02:33:27.0000,69.185631,-143732900.5312733,-41084255.92094368,-17829033.16065373,8.214061381630989,-25.82820141238203,-11.23019357185997,2026-04-07T02:32:17.814367
2461137.607256944, A.D. 2026-Apr-07 02:34:27.0000,69.185631,-143732407.6419788,-41085805.60480227,-17829706.96653045,8.215609786889875,-25.82801991701768,-11.23004269694188,2026-04-07T02:33:17.814323
2461137.607951389, A.D. 2026-Apr-07 02:35:27.0000,69.185631,-143731914.6600178,-41087355.27785353,-17830380.76340266,8.217150244751123,-25.82784105420202,-11.22989337151271,2026-04-07T02:34:17.814400
2461137.608645834, A.D. 2026-Apr-07 02:36:27.0000,69.185631,-143731421.5858628,-41088904.94025153,-17831054.55135972,8.218682842155337,-25.82766450913579,-11.2297453969746,2026-04-07T02:35:17.814437
2461137.609340278, A.D. 2026-Apr-07 02:37:27.0000,69.185631,-143730928.4199854,-41090454.59214723,-17831728.3304914,8.220207602289317,-25.8274907450291,-11.22959908781233,2026-04-07T02:36:17.814393
2461137.610034722, A.D. 2026-Apr-07 02:38:27.0000,69.185631,-143730435.1628539,-41092004.23369796,-17832402.10089166,8.221724603827466,-25.82731946159087,-11.22945425453578,2026-04-07T02:37:17.814349
2461137.610729167, A.D. 2026-Apr-07 02:39:27.0000,69.185631,-143729941.8149321,-41093553.86504705,-17833075.86264693,8.223233933668478,-25.82715053800192,-11.22931090246427,2026-04-07T02:38:17.814386
2461137.611423611, A.D. 2026-Apr-07 02:40:27.0000,69.185631,-143729448.3766742,-41095103.4863316,-17833749.61585497,8.224735718692795,-25.82698369765871,-11.22916918019685,2026-04-07T02:39:17.814382
2461137.612118056, A.D. 2026-Apr-07 02:41:27.0000,69.185631,-143728954.8485346,-41096653.09768118,-17834423.3606042,8.226229941317255,-25.82681916196177,-11.22902884634733,2026-04-07T02:40:17.814419
2461137.6128125, A.D. 2026-Apr-07 02:42:27.0000,69.185631,-143728461.230966,-41098202.69922984,-17835097.09697581,8.227716665303868,-25.82665688675093,-11.22888987639455,2026-04-07T02:41:17.814375
2461137.613506944, A.D. 2026-Apr-07 02:43:27.0000,69.185631,-143727967.5244157,-41099752.29111497,-17835770.82505242,8.229195950061898,-25.82649683131747,-11.22875225263923,2026-04-07T02:42:17.814331
2461137.614201389, A.D. 2026-Apr-07 02:44:27.0000,69.185631,-143727473.729327,-41101301.87347112,-17836444.54491517,8.230667863213496,-25.82633893766968,-11.22861594280602,2026-04-07T02:43:17.814368
2461137.614895833, A.D. 2026-Apr-07 02:45:27.0000,69.185631,-143726979.8461422,-41102851.4464204,-17837118.25663947,8.232132466711988,-25.8261831575017,-11.2284809215536,2026-04-07T02:44:17.814364
2461137.615590278, A.D. 2026-Apr-07 02:46:27.0000,69.185631,-143726485.8752972,-41104401.01009129,-17837791.9603033,8.2335898242812,-25.82602944572275,-11.22834716723991,2026-04-07T02:45:17.814401
2461137.616284722, A.D. 2026-Apr-07 02:47:27.0000,69.185631,-143725991.8172248,-41105950.56460737,-17838465.6559814,8.235039977156719,-25.82587782273549,-11.22821460169743,2026-04-07T02:46:17.814357
2461137.616979167, A.D. 2026-Apr-07 02:48:27.0000,69.185631,-143725497.6723582,-41107500.11010038,-17839139.3437379,8.23648293246869,-25.8257284334204,-11.22808304997738,2026-04-07T02:47:17.814394
2461137.617673611, A.D. 2026-Apr-07 02:49:27.0000,69.185631,-143725003.4411257,-41109049.64669193,-17839813.0236383,8.237918820519074,-25.82558098579182,-11.22795268849333,2026-04-07T02:48:17.814350
2461137.618368056, A.D. 2026-Apr-07 02:50:27.0000,69.185631,-143724509.1239486,-41110599.17449953,-17840486.69575525,8.239347702008473,-25.82543542399954,-11.22782351187217,2026-04-07T02:49:17.814427
2461137.6190625, A.D. 2026-Apr-07 02:51:27.0000,69.185631,-143724014.7212444,-41112148.69362838,-17841160.36016025,8.240769642784668,-25.82529139629965,-11.2276954905508,2026-04-07T02:50:17.814383
2461137.619756944, A.D. 2026-Apr-07 02:52:27.0000,69.185631,-143723520.2334297,-41113698.2041831,-17841834.01692165,8.242184699716748,-25.82514949535337,-11.22756867479742,2026-04-07T02:51:17.814339
2461137.620451389, A.D. 2026-Apr-07 02:53:27.0000,69.185631,-143723025.6609155,-41115247.70628078,-17842507.66611002,8.243592942315306,-25.82500938761924,-11.22744300425773,2026-04-07T02:52:17.814376
2461137.621145833, A.D. 2026-Apr-07 02:54:27.0000,69.185631,-143722531.004107,-41116797.20003416,-17843181.30779539,8.244994424558186,-25.82487103470899,-11.22731843421112,2026-04-07T02:53:17.814332
2461137.621840278, A.D. 2026-Apr-07 02:55:27.0000,69.185631,-143722036.2634102,-41118346.68554067,-17843854.94204016,8.246389199249936,-25.82473437829408,-11.22719493525106,2026-04-07T02:54:17.814409
2461137.622534722, A.D. 2026-Apr-07 02:56:27.0000,69.185631,-143721541.439225,-41119896.16290366,-17844528.56890929,8.247777321973668,-25.82459937169482,-11.22707248656349,2026-04-07T02:55:17.814365
2461137.623229166, A.D. 2026-Apr-07 02:57:27.0000,69.185631,-143721046.5319487,-41121445.63222089,-17845202.18846522,8.249158847589394,-25.82446597515899,-11.22695106978667,2026-04-07T02:56:17.814321
2461137.623923611, A.D. 2026-Apr-07 02:58:27.0000,69.185631,-143720551.5419766,-41122995.09358461,-17845875.80076805,8.250533832734396,-25.82433414686671,-11.22683066933959,2026-04-07T02:57:17.814358
2461137.624618056, A.D. 2026-Apr-07 02:59:27.0000,69.185631,-143720056.4696985,-41124544.54709121,-17846549.40587958,8.251902326047647,-25.8242038565514,-11.22671126558522,2026-04-07T02:58:17.814435
2461137.6253125, A.D. 2026-Apr-07 03:00:27.0000,69.185631,-143719561.3155025,-41126093.99283168,-17847223.00385897,8.253264383118792,-25.82407506813236,-11.2265928397527,2026-04-07T02:59:17.814391
2461137.626006945, A.D. 2026-Apr-07 03:01:27.0000,69.185631,-143719066.0797727,-41127643.43089534,-17847896.59476443,8.254620058105829,-25.8239477467494,-11.22647537390211,2026-04-07T03:00:17.814428
2461137.626701389, A.D. 2026-Apr-07 03:02:27.0000,69.185631,-143718570.7628919,-41129192.86136582,-17848570.17865159,8.25596940630829,-25.82382185746644,-11.22635885023765,2026-04-07T03:01:17.814384
2461137.627395833, A.D. 2026-Apr-07 03:03:27.0000,69.185631,-143718075.3652365,-41130742.28433116,-17849243.7555779,8.257312487482146,-25.823697361245,-11.22624325192623,2026-04-07T03:02:17.814340
2461137.628090278, A.D. 2026-Apr-07 03:04:27.0000,69.185631,-143717579.8871823,-41132291.69987087,-17849917.32559692,8.258649350987332,-25.8235742312369,-11.22612855990192,2026-04-07T03:03:17.814377
2461137.628784722, A.D. 2026-Apr-07 03:05:27.0000,69.185631,-143717084.3290997,-41133841.10806917,-17850590.88876389,8.25998004897221,-25.82345243538943,-11.22601475763899,2026-04-07T03:04:17.814373
2461137.629479167, A.D. 2026-Apr-07 03:06:27.0000,69.185631,-143716588.6913533,-41135390.50900388,-17851264.44514083,8.26130474427475,-25.82333190013811,-11.22590211543929,2026-04-07T03:05:17.814410
2461137.630173611, A.D. 2026-Apr-07 03:07:27.0000,69.185631,-143716092.9743101,-41136939.90274911,-17851937.99477727,8.262623266778997,-25.82321267742173,-11.22579004415635,2026-04-07T03:06:17.814366
2461137.630868055, A.D. 2026-Apr-07 03:08:27.0000,69.185631,-143715597.1783342,-41138489.2893844,-17852611.5377175,8.263935781272114,-25.82309469213848,-11.22567881657486,2026-04-07T03:07:17.814322
2461137.6315625, A.D. 2026-Apr-07 03:09:27.0000,69.185631,-143715101.3037848,-41140038.66898316,-17853285.07401159,8.26524233550712,-25.82297791775032,-11.22556841476158,2026-04-07T03:08:17.814359
2461137.632256945, A.D. 2026-Apr-07 03:10:27.0000,69.185631,-143714605.3510186,-41141588.04161424,-17853958.60370735,8.26654297977151,-25.82286232495083,-11.22545882337289,2026-04-07T03:09:17.814436
2461137.632951389, A.D. 2026-Apr-07 03:11:27.0000,69.185631,-143714109.320388,-41143137.40735064,-17854632.12685424,8.267837763874322,-25.82274788492694,-11.22535002732774,2026-04-07T03:10:17.814392
2461137.633645833, A.D. 2026-Apr-07 03:12:27.0000,69.185631,-143713613.2122442,-41144686.76625752,-17855305.64349819,8.269126737468213,-25.8226345695844,-11.22524201224129,2026-04-07T03:11:17.814348
2461137.634340278, A.D. 2026-Apr-07 03:13:27.0000,69.185631,-143713117.0269331,-41146236.1184047,-17855979.15368707,8.270409951106885,-25.82252235121997,-11.22513476636124,2026-04-07T03:12:17.814385
2461137.635034722, A.D. 2026-Apr-07 03:14:27.0000,69.185631,-143712620.7647989,-41147785.46385731,-17856652.65746656,8.271687451826265,-25.82241120358847,-11.22502827225938,2026-04-07T03:13:17.814341
2461137.635729167, A.D. 2026-Apr-07 03:15:27.0000,69.185631,-143712124.4261841,-41149334.80267556,-17857326.15487993,8.272959287728089,-25.82230110004789,-11.2249225158594,2026-04-07T03:14:17.814418
2461137.636423611, A.D. 2026-Apr-07 03:16:27.0000,69.185631,-143711628.011427,-41150884.13492128,-17857999.64597102,8.274225506459048,-25.82219201429734,-11.22481748327635,2026-04-07T03:15:17.814374
2461137.637118055, A.D. 2026-Apr-07 03:17:27.0000,69.185631,-143711131.5208622,-41152433.460658,-17858673.13078425,8.275486155575551,-25.82208392052623,-11.22471316112346,2026-04-07T03:16:17.814330
2461137.6378125, A.D. 2026-Apr-07 03:18:27.0000,69.185631,-143710634.9548225,-41153982.77994432,-17859346.60936187,8.276741283655722,-25.82197679286777,-11.22460953789463,2026-04-07T03:17:17.814367
2461137.638506944, A.D. 2026-Apr-07 03:19:27.0000,69.185631,-143710138.3136388,-41155532.09283447,-17860020.08174401,8.277990935356128,-25.82187060941435,-11.22450659886439,2026-04-07T03:18:17.814323
2461137.639201389, A.D. 2026-Apr-07 03:20:27.0000,69.185631,-143709641.5976382,-41157081.39938454,-17860693.5479714,8.279235156548918,-25.82176534741875,-11.224404331705,2026-04-07T03:19:17.814400
2461137.639895834, A.D. 2026-Apr-07 03:21:27.0000,69.185631,-143709144.8071405,-41158630.69964989,-17861367.00809406,8.280474115783685,-25.82166091642905,-11.2243030006041,2026-04-07T03:20:17.814437
2461137.640590278, A.D. 2026-Apr-07 03:22:27.0000,69.185631,-143708647.9424675,-41160179.99368412,-17862040.46215023,8.281707612615346,-25.82155742632086,-11.22420203932801,2026-04-07T03:21:17.814393
2461137.641284722, A.D. 2026-Apr-07 03:23:27.0000,69.185631,-143708151.0039429,-41161729.28153751,-17862713.91016915,8.282935817275131,-25.82145478329259,-11.22410171229147,2026-04-07T03:22:17.814349
2461137.641979167, A.D. 2026-Apr-07 03:24:27.0000,69.185631,-143707653.991883,-41163278.56326035,-17863387.35218851,8.284158770990299,-25.82135296983436,-11.22400200784357,2026-04-07T03:23:17.814386
2461137.642673611, A.D. 2026-Apr-07 03:25:27.0000,69.185631,-143707156.9066003,-41164827.83890497,-17864060.78824671,8.285376517673395,-25.82125196401039,-11.22390291413119,2026-04-07T03:24:17.814382
2461137.643368056, A.D. 2026-Apr-07 03:26:27.0000,69.185631,-143706659.7484071,-41166377.108516,-17864734.21837865,8.286589100747891,-25.82115174435331,-11.22380441957532,2026-04-07T03:25:17.814419
2461137.6440625, A.D. 2026-Apr-07 03:27:27.0000,69.185631,-143706162.517611,-41167926.37214299,-17865407.64262127,8.287796563549417,-25.82105228921168,-11.22370651276841,2026-04-07T03:26:17.814375
2461137.644756944, A.D. 2026-Apr-07 03:28:27.0000,69.185631,-143705665.2145185,-41169475.6298282,-17866081.06100822,8.288998951013992,-25.82095357416676,-11.22360918229225,2026-04-07T03:27:17.814331
2461137.645451389, A.D. 2026-Apr-07 03:29:27.0000,69.185631,-143705167.8394334,-41171024.88161527,-17866754.47357365,8.290196302729491,-25.82085558284557,-11.22351241730761,2026-04-07T03:28:17.814368
2461137.646145833, A.D. 2026-Apr-07 03:30:27.0000,69.185631,-143704670.3926552,-41172574.12755032,-17867427.88035261,8.29138866050479,-25.82075829521366,-11.22341620698357,2026-04-07T03:29:17.814364
2461137.646840278, A.D. 2026-Apr-07 03:31:27.0000,69.185631,-143704172.8744825,-41174123.36767486,-17868101.28137799,8.292576065646296,-25.8206616914683,-11.22332054070267,2026-04-07T03:30:17.814401
2461137.647534722, A.D. 2026-Apr-07 03:32:27.0000,69.185631,-143703675.2852132,-41175672.60202316,-17868774.67667944,8.293758559268294,-25.82056575219546,-11.22322540820692,2026-04-07T03:31:17.814357
2461137.648229167, A.D. 2026-Apr-07 03:33:27.0000,69.185631,-143703177.6251377,-41177221.83064386,-17869448.06629279,8.294936183156398,-25.82047045815551,-11.22313080041255,2026-04-07T03:32:17.814394
2461137.648923611, A.D. 2026-Apr-07 03:34:27.0000,69.185631,-143702679.8945499,-41178771.05356587,-17870121.45024513,8.296108976474219,-25.82037579154003,-11.22303670583218,2026-04-07T03:33:17.814350
2461137.649618056, A.D. 2026-Apr-07 03:35:27.0000,69.185631,-143702182.0937367,-41180320.27083232,-17870794.82856959,8.297276979118655,-25.8202817341903,-11.22294311454261,2026-04-07T03:34:17.814427
2461137.6503125, A.D. 2026-Apr-07 03:36:27.0000,69.185631,-143701684.2229805,-41181869.48247483,-17871468.20130339,8.298440376754213,-25.82018822015937,-11.22285028618196,2026-04-07T03:35:17.814383
2461137.651006944, A.D. 2026-Apr-07 03:37:27.0000,69.185631,-143701186.2825647,-41183418.68853146,-17872141.56847616,8.29959891567862,-25.82009532891004,-11.22275767324117,2026-04-07T03:36:17.814339
2461137.651701389, A.D. 2026-Apr-07 03:38:27.0000,69.185631,-143700688.2727772,-41184967.88903153,-17872814.93010659,8.300752779848217,-25.82000299776359,-11.22266553892675,2026-04-07T03:37:17.814376
2461137.652395833, A.D. 2026-Apr-07 03:39:27.0000,69.185631,-143700190.1938943,-41186517.08401719,-17873488.28622699,8.301902007556077,-25.8199112071226,-11.22257387119413,2026-04-07T03:38:17.814332
2461137.653090278, A.D. 2026-Apr-07 03:40:27.0000,69.185631,-143699692.0461959,-41188066.27351132,-17874161.63686113,8.303046637053576,-25.81981994061523,-11.222482660823,2026-04-07T03:39:17.814409
2461137.653784722, A.D. 2026-Apr-07 03:41:27.0000,69.185631,-143699193.8299549,-41189615.45755093,-17874834.98203883,8.304186706258257,-25.81972918274541,-11.22239189896884,2026-04-07T03:40:17.814365
2461137.654479166, A.D. 2026-Apr-07 03:42:27.0000,69.185631,-143698695.5454447,-41191164.63616306,-17875508.32178541,8.305322252457504,-25.81963891890894,-11.22230157750801,2026-04-07T03:41:17.814321
2461137.655173611, A.D. 2026-Apr-07 03:43:27.0000,69.185631,-143698197.1929348,-41192713.80938002,-17876181.65612847,8.306453311428381,-25.81954913769624,-11.22221169125862,2026-04-07T03:42:17.814358
2461137.655868056, A.D. 2026-Apr-07 03:44:27.0000,69.185631,-143697698.7726949,-41194262.97722416,-17876854.98509112,8.307579921249907,-25.81945981870192,-11.22212222756155,2026-04-07T03:43:17.814435
2461137.6565625, A.D. 2026-Apr-07 03:45:27.0000,69.185631,-143697200.2849892,-41195812.13972875,-17877528.30870108,8.308702118268544,-25.81937094679765,-11.22203317797789,2026-04-07T03:44:17.814391
2461137.657256945, A.D. 2026-Apr-07 03:46:27.0000,69.185631,-143696701.7300813,-41197361.29692029,-17878201.62698299,8.30981993851492,-25.81928250791241,-11.22194453445282,2026-04-07T03:45:17.814428
2461137.657951389, A.D. 2026-Apr-07 03:47:27.0000,69.185631,-143696203.1082347,-41198910.44881812,-17878874.93995826,8.310933417610277,-25.81919448893223,-11.2218562895143,2026-04-07T03:46:17.814384
2461137.658645833, A.D. 2026-Apr-07 03:48:27.0000,69.185631,-143695704.4197069,-41200459.59545329,-17879548.24765335,8.312042590240303,-25.81910687829512,-11.2217684375056,2026-04-07T03:47:17.814340
2461137.659340278, A.D. 2026-Apr-07 03:49:27.0000,69.185631,-143695205.6647561,-41202008.73684679,-17880221.5500902,8.313147492126877,-25.81901966022266,-11.22168096826873,2026-04-07T03:48:17.814377
2461137.660034722, A.D. 2026-Apr-07 03:50:27.0000,69.185631,-143694706.8436375,-41203557.8730217,-17880894.84729153,8.314248157823805,-25.81893282084318,-11.22159387408362,2026-04-07T03:49:17.814373
2461137.660729167, A.D. 2026-Apr-07 03:51:27.0000,69.185631,-143694207.9565999,-41205107.00400141,-17881568.13928997,8.31534472968147,-25.81884628234585,-11.22150743101727,2026-04-07T03:50:17.814410
2461137.661423611, A.D. 2026-Apr-07 03:52:27.0000,69.185631,-143693709.0038958,-41206656.12980459,-17882241.42610499,8.316437025994961,-25.81876016327447,-11.22142106510852,2026-04-07T03:51:17.814366
2461137.662118055, A.D. 2026-Apr-07 03:53:27.0000,69.185631,-143693209.9857771,-41208205.25045408,-17882914.70775009,8.317525188767148,-25.81867438402697,-11.22133505251527,2026-04-07T03:52:17.814322
2461137.6628125, A.D. 2026-Apr-07 03:54:27.0000,69.185631,-143692710.902491,-41209754.36596975,-17883587.98424616,8.318609251025366,-25.81858893393091,-11.22124938601753,2026-04-07T03:53:17.814359
2461137.663506945, A.D. 2026-Apr-07 03:55:27.0000,69.185631,-143692211.7542814,-41211303.47637416,-17884261.25561512,8.319689246812311,-25.81850380082658,-11.22116405815552,2026-04-07T03:54:17.814436
2461137.664201389, A.D. 2026-Apr-07 03:56:27.0000,69.185631,-143691712.5413934,-41212852.58167976,-17884934.52187439,8.32076520930479,-25.81841897276513,-11.22107906182104,2026-04-07T03:55:17.814392
2461137.664895833, A.D. 2026-Apr-07 03:57:27.0000,69.185631,-143691213.2640658,-41214401.6819108,-17885607.78304637,8.321837171021928,-25.81833443761952,-11.22099439014972,2026-04-07T03:56:17.814348
2461137.665590278, A.D. 2026-Apr-07 03:58:27.0000,69.185631,-143690713.9225389,-41215950.77708118,-17886281.03914894,8.32290516482009,-25.81825018170393,-11.22091003609261,2026-04-07T03:57:17.814385
2461137.666284722, A.D. 2026-Apr-07 03:59:27.0000,69.185631,-143690214.5170498,-41217499.86720747,-17886954.29020098,8.323969221547426,-25.81816619561985,-11.22082599346071,2026-04-07T03:58:17.814341
2461137.666979167, A.D. 2026-Apr-07 04:00:27.0000,69.185631,-143689715.0478326,-41219048.95230856,-17887627.53622233,8.325029372643783,-25.81808246804987,-11.22074225579534,2026-04-07T03:59:17.814418
2461137.667673611, A.D. 2026-Apr-07 04:01:27.0000,69.185631,-143689215.515123,-41220598.03239342,-17888300.77722841,8.326085649275779,-25.81799898793504,-11.22065881674657,2026-04-07T04:00:17.814374
2461137.668368055, A.D. 2026-Apr-07 04:02:27.0000,69.185631,-143688715.9191502,-41222147.10748288,-17888974.01323965,8.327138082357601,-25.81791574450897,-11.22057567016398,2026-04-07T04:01:17.814330
2461137.6690625, A.D. 2026-Apr-07 04:03:27.0000,69.185631,-143688216.2601451,-41223696.17758759,-17889647.24427206,8.328186702530196,-25.81783272742426,-11.2204928105778,2026-04-07T04:02:17.814367
2461137.669756944, A.D. 2026-Apr-07 04:04:27.0000,69.185631,-143687716.5383356,-41225245.24272095,-17890320.4703427,8.329231540079094,-25.8177499260841,-11.22041023120147,2026-04-07T04:03:17.814323
2461137.670451389, A.D. 2026-Apr-07 04:05:27.0000,69.185631,-143687216.7539476,-41226794.30289547,-17890993.69146816,8.33027262497153,-25.81766733026224,-11.2203279261299,2026-04-07T04:04:17.814400
2461137.671145834, A.D. 2026-Apr-07 04:06:27.0000,69.185631,-143686716.9072004,-41228343.35812534,-17891666.907675,8.33131011622809,-25.81758489866709,-11.22024616979406,2026-04-07T04:05:17.814437
2461137.671840278, A.D. 2026-Apr-07 04:07:27.0000,69.185631,-143686216.9983187,-41229892.40841602,-17892340.11897549,8.332343785020585,-25.81750268492467,-11.22016439607954,2026-04-07T04:06:17.814393
2461137.672534722, A.D. 2026-Apr-07 04:08:27.0000,69.185631,-143685717.0275253,-41231441.45378536,-17893013.32538001,8.3333737887762,-25.81742065047793,-11.22008288157469,2026-04-07T04:07:17.814349
2461137.673229167, A.D. 2026-Apr-07 04:09:27.0000,69.185631,-143685216.9950399,-41232990.49424084,-17893686.5269026,8.334400157253933,-25.8173387830233,-11.22000161867083,2026-04-07T04:08:17.814386
2461137.673923611, A.D. 2026-Apr-07 04:10:27.0000,69.185631,-143684716.9010797,-41234539.52979218,-17894359.72355819,8.335422918984923,-25.81725707335773,-11.21992060198185,2026-04-07T04:09:17.814382
2461137.674618056, A.D. 2026-Apr-07 04:11:27.0000,69.185631,-143684216.7458606,-41236088.56044849,-17895032.91536136,8.336442102280454,-25.81717551248835,-11.21983982618997,2026-04-07T04:10:17.814419
2461137.6753125, A.D. 2026-Apr-07 04:12:27.0000,69.185631,-143683716.5295961,-41237637.58621842,-17895706.1023264,8.337457735171219,-25.81709409200788,-11.21975928629537,2026-04-07T04:11:17.814375
2461137.676006944, A.D. 2026-Apr-07 04:13:27.0000,69.185631,-143683216.2524986,-41239186.6071104,-17896379.28446744,8.338469844757434,-25.81701280596239,-11.21967897909227,2026-04-07T04:12:17.814331
2461137.676701389, A.D. 2026-Apr-07 04:14:27.0000,69.185631,-143682715.9147787,-41240735.62313194,-17897052.46179815,8.339478459374112,-25.81693164232322,-11.21959889723893,2026-04-07T04:13:17.814368
2461137.677395833, A.D. 2026-Apr-07 04:15:27.0000,69.185631,-143682215.5166441,-41242284.63429331,-17897725.6343333,8.340483605402076,-25.81685059240158,-11.21951903619,2026-04-07T04:14:17.814364
2461137.678090278, A.D. 2026-Apr-07 04:16:27.0000,69.185631,-143681715.0583043,-41243833.64059486,-17898398.80208329,8.34148530932739,-25.81676964888267,-11.21943939154557,2026-04-07T04:15:17.814401
2461137.678784722, A.D. 2026-Apr-07 04:17:27.0000,69.185631,-143681214.5399629,-41245382.64204907,-17899071.96506368,8.342483597914422,-25.81668880499264,-11.21935995886482,2026-04-07T04:16:17.814357
2461137.679479167, A.D. 2026-Apr-07 04:18:27.0000,69.185631,-143680713.9618261,-41246931.63865541,-17899745.12328436,8.343478498161176,-25.81660805258645,-11.21928073356993,2026-04-07T04:17:17.814394
2461137.680173611, A.D. 2026-Apr-07 04:19:27.0000,69.185631,-143680213.3240944,-41248480.63042529,-17900418.27676028,8.34447003607663,-25.81652738434768,-11.2192017106635,2026-04-07T04:18:17.814350
2461137.680868056, A.D. 2026-Apr-07 04:20:27.0000,69.185631,-143679712.6269696,-41250029.61736057,-17901091.42550216,8.34545823783266,-25.81644679270948,-11.21912288547421,2026-04-07T04:19:17.814427
2461137.6815625, A.D. 2026-Apr-07 04:21:27.0000,69.185631,-143679211.8706471,-41251578.59946349,-17901764.5695303,8.346443264945416,-25.81636620883041,-11.219044525629,2026-04-07T04:20:17.814383
2461137.682256944, A.D. 2026-Apr-07 04:22:27.0000,69.185631,-143678711.0553249,-41253127.57673846,-17902437.70885528,8.347424871876001,-25.81628575051366,-11.21896608281081,2026-04-07T04:21:17.814339
2461137.682951389, A.D. 2026-Apr-07 04:23:27.0000,69.185631,-143678210.1812033,-41254676.54919059,-17903110.84348051,8.348403221306553,-25.81620534452647,-11.21888782282297,2026-04-07T04:22:17.814376
2461137.683645833, A.D. 2026-Apr-07 04:24:27.0000,69.185631,-143677709.2484769,-41256225.516823,-17903783.97341695,8.349378336402928,-25.8161249883065,-11.21880974345058,2026-04-07T04:23:17.814332
2461137.684340278, A.D. 2026-Apr-07 04:25:27.0000,69.185631,-143677208.2573392,-41257774.47963839,-17904457.09867526,8.350350242048474,-25.81604467508502,-11.21873184046428,2026-04-07T04:24:17.814409
2461137.685034722, A.D. 2026-Apr-07 04:26:27.0000,69.185631,-143676707.2079819,-41259323.43763924,-17905130.21926594,8.351318962871822,-25.81596439820288,-11.21865410971125,2026-04-07T04:25:17.814365
2461137.685729166, A.D. 2026-Apr-07 04:27:27.0000,69.185631,-143676206.1005953,-41260872.39082745,-17905803.33519917,8.352284523511678,-25.81588415035108,-11.21857654680656,2026-04-07T04:26:17.814321
2461137.686423611, A.D. 2026-Apr-07 04:28:27.0000,69.185631,-143675704.9353683,-41262421.33920448,-17906476.44648486,8.353246949853474,-25.81580392038698,-11.21849914578792,2026-04-07T04:27:17.814358
2461137.687118056, A.D. 2026-Apr-07 04:29:27.0000,69.185631,-143675203.7124884,-41263970.28277124,-17907149.55313263,8.354206263818082,-25.81572370691822,-11.21842190485766,2026-04-07T04:28:17.814435
2461137.6878125, A.D. 2026-Apr-07 04:30:27.0000,69.185631,-143674702.4321415,-41265519.22152863,-17907822.65515199,8.355162489134807,-25.81564350357155,-11.21834482006113,2026-04-07T04:29:17.814391
2461137.688506945, A.D. 2026-Apr-07 04:31:27.0000,69.185631,-143674201.0945121,-41267068.15547713,-17908495.75255222,8.356115649194921,-25.81556330411647,-11.21826788757728,2026-04-07T04:30:17.814428
2461137.689201389, A.D. 2026-Apr-07 04:32:27.0000,69.185631,-143673699.6997837,-41268617.08461669,-17909168.84534232,8.357065767322647,-25.81548310216939,-11.21819110353981,2026-04-07T04:31:17.814384
2461137.689895833, A.D. 2026-Apr-07 04:33:27.0000,69.185631,-143673198.2481379,-41270166.00894684,-17909841.93353102,8.358012867581014,-25.81540288954948,-11.21811446337939,2026-04-07T04:32:17.814340
2461137.690590278, A.D. 2026-Apr-07 04:34:27.0000,69.185631,-143672696.7397551,-41271714.92846704,-17910515.01712694,8.358956973273791,-25.81532266486339,-11.21803796411276,2026-04-07T04:33:17.814377
2461137.691284722, A.D. 2026-Apr-07 04:35:27.0000,69.185631,-143672195.1748144,-41273263.84317634,-17911188.09613835,8.359898108043014,-25.8152424239659,-11.21796160214542,2026-04-07T04:34:17.814373
2461137.691979167, A.D. 2026-Apr-07 04:36:27.0000,69.185631,-143671693.5534893,-41274812.75307208,-17911861.17058233,8.360836417559584,-25.8151621114996,-11.21788565410818,2026-04-07T04:35:17.814410
2461137.692673611, A.D. 2026-Apr-07 04:37:27.0000,69.185631,-143671191.8759566,-41276361.65815283,-17912534.24046582,8.361771673958842,-25.81508181823161,-11.21780955701644,2026-04-07T04:36:17.814366
2461137.693368055, A.D. 2026-Apr-07 04:38:27.0000,69.185631,-143670690.1423949,-41277910.55841814,-17913207.30578869,8.36270402415717,-25.81500149107096,-11.21773358789031,2026-04-07T04:37:17.814322
2461137.6940625, A.D. 2026-Apr-07 04:39:27.0000,69.185631,-143670188.3529778,-41279459.45386577,-17913880.36655851,8.363633490124258,-25.81492112482739,-11.21765774276249,2026-04-07T04:38:17.814359
2461137.694756945, A.D. 2026-Apr-07 04:40:27.0000,69.185631,-143669686.507878,-41281008.34449313,-17914553.42278257,8.364560093475758,-25.81484071453708,-11.2175820183755,2026-04-07T04:39:17.814436
2461137.695451389, A.D. 2026-Apr-07 04:41:27.0000,69.185631,-143669184.6072662,-41282557.23029758,-17915226.47446807,8.365483855625175,-25.81476025533883,-11.21750641152645,2026-04-07T04:40:17.814392
2461137.696145833, A.D. 2026-Apr-07 04:42:27.0000,69.185631,-143668682.6513127,-41284106.1112759,-17915899.52162194,8.366404797776106,-25.81467974247952,-11.21743091913545,2026-04-07T04:41:17.814348
2461137.696840278, A.D. 2026-Apr-07 04:43:27.0000,69.185631,-143668180.6401857,-41285654.98742485,-17916572.56425098,8.36732294083715,-25.81459917136682,-11.21735553858177,2026-04-07T04:42:17.814385
2461137.697534722, A.D. 2026-Apr-07 04:44:27.0000,69.185631,-143667678.5740527,-41287203.85874076,-17917245.60236181,8.368238305766718,-25.81451853733104,-11.21728026626861,2026-04-07T04:43:17.814341
2461137.698229167, A.D. 2026-Apr-07 04:45:27.0000,69.185631,-143667176.4530807,-41288752.72521668,-17917918.63595949,8.36915091320184,-25.81443783589445,-11.21720509920039,2026-04-07T04:44:17.814418
2461137.698923611, A.D. 2026-Apr-07 04:46:27.0000,69.185631,-143666674.2774325,-41290301.58685445,-17918591.66505288,8.370060783598603,-25.8143570626741,-11.21713003443163,2026-04-07T04:45:17.814374
2461137.699618055, A.D. 2026-Apr-07 04:47:27.0000,69.185631,-143666172.0472738,-41291850.44364361,-17919264.68964539,8.37096793728983,-25.81427621316009,-11.21705506899662,2026-04-07T04:46:17.814330
2461137.7003125, A.D. 2026-Apr-07 04:48:27.0000,69.185631,-143665669.7627649,-41293399.29558557,-17919937.70974557,8.371872394866408,-25.81419528169278,-11.21698019957918,2026-04-07T04:47:17.814367
2461137.701006944, A.D. 2026-Apr-07 04:49:27.0000,69.185631,-143665167.4240691,-41294948.14266908,-17920610.72535641,8.372774175634062,-25.81411426580697,-11.21690542391054,2026-04-07T04:48:17.814323
2461137.701701389, A.D. 2026-Apr-07 04:50:27.0000,69.185631,-143664665.0313444,-41296496.98489511,-17921283.7364861,8.373673299310266,-25.81403316146817,-11.21683073923533,2026-04-07T04:49:17.814400
2461137.702395834, A.D. 2026-Apr-07 04:51:27.0000,69.185631,-143664162.5847474,-41298045.82225072,-17921956.74314632,8.374569910452951,-25.81395191663504,-11.21675642265466,2026-04-07T04:50:17.814437
2461137.703090278, A.D. 2026-Apr-07 04:52:27.0000,69.185631,-143663660.0844356,-41299594.65473328,-17922629.74534253,8.375463778554845,-25.8138706231246,-11.21668191164199,2026-04-07T04:51:17.814393
2461137.703784722, A.D. 2026-Apr-07 04:53:27.0000,69.185631,-143663157.5305687,-41301143.48233828,-17923302.7430719,8.376355049123088,-25.81378922564981,-11.21660748174092,2026-04-07T04:52:17.814349
2461137.704479167, A.D. 2026-Apr-07 04:54:27.0000,69.185631,-143662654.9233022,-41302692.30505941,-17923975.73633924,8.377243739672004,-25.81370772439798,-11.2165331322593,2026-04-07T04:53:17.814386
2461137.705173611, A.D. 2026-Apr-07 04:55:27.0000,69.185631,-143662152.2627902,-41304241.12289034,-17924648.7251493,8.378129869035469,-25.81362611573894,-11.21645886066313,2026-04-07T04:54:17.814382
2461137.705868056, A.D. 2026-Apr-07 04:56:27.0000,69.185631,-143661649.549186,-41305789.93582451,-17925321.70950668,8.379013455877775,-25.81354439612175,-11.21638466446124,2026-04-07T04:55:17.814419
2461137.7065625, A.D. 2026-Apr-07 04:57:27.0000,69.185631,-143661146.7826424,-41307338.7438521,-17925994.68941449,8.379894518837501,-25.81346256168005,-11.2163105410194,2026-04-07T04:56:17.814375
2461137.707256944, A.D. 2026-Apr-07 04:58:27.0000,69.185631,-143660643.9633084,-41308887.54697211,-17926667.66487964,8.380773077241566,-25.81338060637771,-11.21623648668009,2026-04-07T04:57:17.814331
2461137.707951389, A.D. 2026-Apr-07 04:59:27.0000,69.185631,-143660141.0913356,-41310436.34517124,-17927340.63590361,8.381649148103673,-25.81329852988836,-11.21616250050067,2026-04-07T04:58:17.814368
2461137.708645833, A.D. 2026-Apr-07 05:00:27.0000,69.185631,-143659638.1668718,-41311985.13844515,-17928013.60249174,8.38252274942503,-25.81321632895048,-11.21608858015034,2026-04-07T04:59:17.814364
2461137.709340278, A.D. 2026-Apr-07 05:01:27.0000,69.185631,-143659135.1900636,-41313533.92678938,-17928686.56464925,8.383393899044433,-25.81313400037465,-11.21601472333774,2026-04-07T05:00:17.814401
2461137.710034722, A.D. 2026-Apr-07 05:02:27.0000,69.185631,-143658632.1610597,-41315082.71018998,-17929359.5223772,8.384262614630137,-25.81305154103007,-11.21594092783798,2026-04-07T05:01:17.814357
2461137.710729167, A.D. 2026-Apr-07 05:03:27.0000,69.185631,-143658129.0800055,-41316631.48863896,-17930032.47567921,8.385128913665454,-25.81296894781039,-11.21586719163152,2026-04-07T05:02:17.814394
2461137.711423611, A.D. 2026-Apr-07 05:04:27.0000,69.185631,-143657625.9470435,-41318180.26213448,-17930705.42456146,8.385992813550892,-25.81288621777044,-11.21579351230826,2026-04-07T05:03:17.814350
2461137.712118056, A.D. 2026-Apr-07 05:05:27.0000,69.185631,-143657122.7623181,-41319729.03066508,-17931378.36902594,8.386854331490614,-25.81280334798518,-11.21571988772465,2026-04-07T05:04:17.814427
2461137.7128125, A.D. 2026-Apr-07 05:06:27.0000,69.185631,-143656619.5259688,-41321277.7942177,-17932051.30908342,8.387713609560862,-25.81272028742594,-11.21564659557202,2026-04-07T05:05:17.814383
2461137.713506944, A.D. 2026-Apr-07 05:07:27.0000,69.185631,-143656116.2381362,-41322826.55278704,-17932724.24473739,8.388570414441293,-25.812637130036,-11.21557307443997,2026-04-07T05:06:17.814339
2461137.714201389, A.D. 2026-Apr-07 05:08:27.0000,69.185631,-143655612.8989636,-41324375.30636869,-17933397.17598428,8.389424886759162,-25.8125538276524,-11.2154996038589,2026-04-07T05:07:17.814376
2461137.714895833, A.D. 2026-Apr-07 05:09:27.0000,69.185631,-143655109.5085923,-41325924.05494764,-17934070.10282432,8.39027704442734,-25.81247037443715,-11.21542617978926,2026-04-07T05:08:17.814332
2461137.715590278, A.D. 2026-Apr-07 05:10:27.0000,69.185631,-143654606.0671605,-41327472.79851494,-17934743.02526031,8.391126903895522,-25.81238676777098,-11.21535280025915,2026-04-07T05:09:17.814409
2461137.716284722, A.D. 2026-Apr-07 05:11:27.0000,69.185631,-143654102.5748039,-41329021.53706722,-17935415.94329746,8.391974481475609,-25.81230300509618,-11.21527946333021,2026-04-07T05:10:17.814365
2461137.716979166, A.D. 2026-Apr-07 05:12:27.0000,69.185631,-143653599.0316597,-41330570.27059212,-17936088.85693698,8.392819793151363,-25.81221908432687,-11.21520616736026,2026-04-07T05:11:17.814321
2461137.717673611, A.D. 2026-Apr-07 05:13:27.0000,69.185631,-143653095.4378644,-41332118.9990771,-17936761.76618001,8.39366285375515,-25.81213500585967,-11.21513291227351,2026-04-07T05:12:17.814358
2461137.718368056, A.D. 2026-Apr-07 05:14:27.0000,69.185631,-143652591.7935517,-41333667.72251558,-17937434.67103019,8.394503680520556,-25.81205076402671,-11.21505969415851,2026-04-07T05:13:17.814435
2461137.7190625, A.D. 2026-Apr-07 05:15:27.0000,69.185631,-143652088.0988551,-41335216.44089766,-17938107.57148968,8.395342289183219,-25.81196635648903,-11.21498651120183,2026-04-07T05:14:17.814391
2461137.719756945, A.D. 2026-Apr-07 05:16:27.0000,69.185631,-143651584.3539072,-41336765.15421329,-17938780.46756054,8.396178695340849,-25.81188178096338,-11.21491336162094,2026-04-07T05:15:17.814428
2461137.720451389, A.D. 2026-Apr-07 05:17:27.0000,69.185631,-143651080.5588406,-41338313.86244939,-17939453.35924342,8.39701291428829,-25.81179703560451,-11.21484024390652,2026-04-07T05:16:17.814384
2461137.721145833, A.D. 2026-Apr-07 05:18:27.0000,69.185631,-143650576.7137843,-41339862.56560179,-17940126.24654285,8.397844960255817,-25.81171212087704,-11.21476715799543,2026-04-07T05:17:17.814340
2461137.721840278, A.D. 2026-Apr-07 05:19:27.0000,69.185631,-143650072.81887,-41341411.26365413,-17940799.12945801,8.398674849685154,-25.81162703159883,-11.21469410028304,2026-04-07T05:18:17.814377
2461137.722534722, A.D. 2026-Apr-07 05:20:27.0000,69.185631,-143649568.8742258,-41342959.95659892,-17941472.00799185,8.39950259763392,-25.81154176568619,-11.21462106910161,2026-04-07T05:19:17.814373
2461137.723229167, A.D. 2026-Apr-07 05:21:27.0000,69.185631,-143649064.8799757,-41344508.64442387,-17942144.88215479,8.400328344047777,-25.81145627286051,-11.21454834259929,2026-04-07T05:20:17.814410
2461137.723923611, A.D. 2026-Apr-07 05:22:27.0000,69.185631,-143648560.8362472,-41346057.32711856,-17942817.75194732,8.401151853562258,-25.81137064789695,-11.21447535976207,2026-04-07T05:21:17.814366
2461137.724618055, A.D. 2026-Apr-07 05:23:27.0000,69.185631,-143648056.7431713,-41347606.00467032,-17943490.61736158,8.401973265090541,-25.81128484245669,-11.21440239997258,2026-04-07T05:22:17.814322
2461137.7253125, A.D. 2026-Apr-07 05:24:27.0000,69.185631,-143647552.6008723,-41349154.67707129,-17944163.47840019,8.402792594052807,-25.81119885251168,-11.21432946031409,2026-04-07T05:23:17.814359
2461137.726006945, A.D. 2026-Apr-07 05:25:27.0000,69.185631,-143647048.4094747,-41350703.3443104,-17944836.33506436,8.403609854857251,-25.81111267621092,-11.21425653925325,2026-04-07T05:24:17.814436
2461137.726701389, A.D. 2026-Apr-07 05:26:27.0000,69.185631,-143646544.1691022,-41352252.00637638,-17945509.18735512,8.404425061788174,-25.81102631175046,-11.21418363528299,2026-04-07T05:25:17.814392
2461137.727395833, A.D. 2026-Apr-07 05:27:27.0000,69.185631,-143646039.8798776,-41353800.66325789,-17946182.03527346,8.405238228908777,-25.81093975759631,-11.21411074706767,2026-04-07T05:26:17.814348
2461137.728090278, A.D. 2026-Apr-07 05:28:27.0000,69.185631,-143645535.541924,-41355349.31494047,-17946854.87881898,8.406049369600977,-25.81085301359116,-11.21403787414913,2026-04-07T05:27:17.814385
2461137.728784722, A.D. 2026-Apr-07 05:29:27.0000,69.185631,-143645031.1553614,-41356897.96141571,-17947527.71799386,8.406858498528761,-25.81076607624992,-11.2139650139446,2026-04-07T05:28:17.814341
2461137.729479167, A.D. 2026-Apr-07 05:30:27.0000,69.185631,-143644526.7203101,-41358446.60267191,-17948200.5527988,8.407665629486855,-25.81067894393439,-11.21389216504461,2026-04-07T05:29:17.814418
2461137.730173611, A.D. 2026-Apr-07 05:31:27.0000,69.185631,-143644022.2368896,-41359995.23869736,-17948873.38323446,8.408470776150317,-25.810591615049,-11.21381932606381,2026-04-07T05:30:17.814374
2461137.730868055, A.D. 2026-Apr-07 05:32:27.0000,69.185631,-143643517.7052196,-41361543.86947723,-17949546.20930007,8.409273951992766,-25.81050408822917,-11.2137464957639,2026-04-07T05:31:17.814330
2461137.7315625, A.D. 2026-Apr-07 05:33:27.0000,69.185631,-143643013.1254168,-41363092.49500263,-17950219.03099746,8.4100751699044,-25.81041636327785,-11.21367367365095,2026-04-07T05:32:17.814367
2461137.732256944, A.D. 2026-Apr-07 05:34:27.0000,69.185631,-143642508.4975986,-41364641.1152615,-17950891.84832701,8.41087444384334,-25.81032843718409,-11.2136008574346,2026-04-07T05:33:17.814323
2461137.732951389, A.D. 2026-Apr-07 05:35:27.0000,69.185631,-143642003.8218809,-41366189.73024186,-17951564.6612891,8.411671787018202,-25.81024030850304,-11.21352804581935,2026-04-07T05:34:17.814400
2461137.733645834, A.D. 2026-Apr-07 05:36:27.0000,69.185631,-143641499.0983764,-41367738.33992701,-17952237.46989219,8.412467330485292,-25.81015193007059,-11.21345554074976,2026-04-07T05:35:17.814437
2461137.734340278, A.D. 2026-Apr-07 05:37:27.0000,69.185631,-143640994.3271985,-41369286.94431083,-17952910.27413837,8.413260848745335,-25.81006339310555,-11.2133827429451,2026-04-07T05:36:17.814393
2461137.735034722, A.D. 2026-Apr-07 05:38:27.0000,69.185631,-143640489.5084664,-41370835.54337634,-17953583.07401676,8.414052474658861,-25.80997465072333,-11.21330994680636,2026-04-07T05:37:17.814349
2461137.735729167, A.D. 2026-Apr-07 05:39:27.0000,69.185631,-143639984.6422932,-41372384.1371111,-17954255.86952739,8.414842221525353,-25.80988570032685,-11.21323715029928,2026-04-07T05:38:17.814386
2461137.736423611, A.D. 2026-Apr-07 05:40:27.0000,69.185631,-143639479.7287893,-41373932.72550873,-17954928.66067287,8.415630102002664,-25.80979654064835,-11.21316435223348,2026-04-07T05:39:17.814382
2461137.737118056, A.D. 2026-Apr-07 05:41:27.0000,69.185631,-143638974.7680684,-41375481.30855045,-17955601.4474504,8.416416128635133,-25.80970717045711,-11.21309155143977,2026-04-07T05:40:17.814419
2461137.7378125, A.D. 2026-Apr-07 05:42:27.0000,69.185631,-143638469.7602402,-41377029.88622674,-17956274.22986111,8.417200313805866,-25.80961758869042,-11.21301874685673,2026-04-07T05:41:17.814375
2461137.738506944, A.D. 2026-Apr-07 05:43:27.0000,69.185631,-143637964.7054158,-41378578.45852177,-17956947.00790344,8.417982669452272,-25.80952779512584,-11.21294593795981,2026-04-07T05:42:17.814331
2461137.739201389, A.D. 2026-Apr-07 05:44:27.0000,69.185631,-143637459.6037028,-41380127.02542891,-17957619.78157972,8.418763208260863,-25.80943778752822,-11.21287312293941,2026-04-07T05:43:17.814368
2461137.739895833, A.D. 2026-Apr-07 05:45:27.0000,69.185631,-143636954.4552118,-41381675.58692909,-17958292.55088687,8.419541942355215,-25.80934756479206,-11.2128003007029,2026-04-07T05:44:17.814364
2461137.740590278, A.D. 2026-Apr-07 05:46:27.0000,69.185631,-143636449.2600496,-41383224.14301264,-17958965.31582583,8.420318883759096,-25.8092571258439,-11.212727470176,2026-04-07T05:45:17.814401
2461137.741284722, A.D. 2026-Apr-07 05:47:27.0000,69.185631,-143635944.0183245,-41384772.69366322,-17959638.07639465,8.42109404434652,-25.80916646975642,-11.2126546303782,2026-04-07T05:46:17.814357
2461137.741979167, A.D. 2026-Apr-07 05:48:27.0000,69.185631,-143635438.7301408,-41386321.23887415,-17960310.8325955,8.421867435605604,-25.80907559631272,-11.21258178078378,2026-04-07T05:47:17.814394
2461137.742673611, A.D. 2026-Apr-07 05:49:27.0000,69.185631,-143634933.3956066,-41387869.77862613,-17960983.58442505,8.422639069639464,-25.80898450359596,-11.21250891978171,2026-04-07T05:48:17.814350
2461137.743368056, A.D. 2026-Apr-07 05:50:27.0000,69.185631,-143634428.0148268,-41389418.31290595,-17961656.33188257,8.423408958072018,-25.8088931906475,-11.21243604636869,2026-04-07T05:49:17.814427
2461137.7440625, A.D. 2026-Apr-07 05:51:27.0000,69.185631,-143633922.5879,-41390966.84170501,-17962329.07497945,8.424177231755971,-25.8088016102061,-11.21236345822977,2026-04-07T05:50:17.814383
2461137.744756944, A.D. 2026-Apr-07 05:52:27.0000,69.185631,-143633417.1149325,-41392515.36500406,-17963001.81371113,8.424943663430891,-25.80870985413353,-11.21229055711717,2026-04-07T05:51:17.814339
2461137.745451389, A.D. 2026-Apr-07 05:53:27.0000,69.185631,-143632911.5960294,-41394063.88279421,-17963674.54806965,8.425708383470804,-25.80861787589621,-11.21221764118313,2026-04-07T05:52:17.814376
2461137.746145833, A.D. 2026-Apr-07 05:54:27.0000,69.185631,-143632406.0312943,-41395612.39505894,-17964347.27805275,8.42647140343847,-25.80852567385585,-11.21214470899105,2026-04-07T05:53:17.814332
2461137.746840278, A.D. 2026-Apr-07 05:55:27.0000,69.185631,-143631900.4208268,-41397160.90179096,-17965020.00366206,8.4272327344828,-25.80843324718778,-11.2120717596201,2026-04-07T05:54:17.814409
2461137.747534722, A.D. 2026-Apr-07 05:56:27.0000,69.185631,-143631394.7647308,-41398709.40296758,-17965692.72489256,8.427992387651534,-25.80834059509614,-11.21199879216632,2026-04-07T05:55:17.814365
2461137.748229166, A.D. 2026-Apr-07 05:57:27.0000,69.185631,-143630889.0631038,-41400257.89858449,-17966365.44174714,8.428750373874614,-25.80824771688986,-11.21192580579396,2026-04-07T05:56:17.814321
2461137.748923611, A.D. 2026-Apr-07 05:58:27.0000,69.185631,-143630383.3160475,-41401806.38862183,-17967038.15422192,8.429506703780131,-25.80815461239193,-11.21185279999693,2026-04-07T05:57:17.814358
2461137.749618056, A.D. 2026-Apr-07 05:59:27.0000,69.185631,-143629877.5236597,-41403354.87306926,-17967710.86231713,8.430261388421812,-25.80806128020772,-11.21177977349238,2026-04-07T05:58:17.814435
2461137.7503125, A.D. 2026-Apr-07 06:00:27.0000,69.185631,-143629371.686039,-41404903.35191296,-17968383.56603143,8.431014438491376,-25.80796771963578,-11.21170672543628,2026-04-07T05:59:17.814391
2461137.751006945, A.D. 2026-Apr-07 06:01:27.0000,69.185631,-143628865.8032832,-41406451.82513919,-17969056.2653635,8.431765864591167,-25.80787393000019,-11.21163365499951,2026-04-07T06:00:17.814428
2461137.751701389, A.D. 2026-Apr-07 06:02:27.0000,69.185631,-143628359.8754903,-41408000.29273124,-17969728.96031069,8.432515677203295,-25.80777991071536,-11.21156056141252,2026-04-07T06:01:17.814384
2461137.752395833, A.D. 2026-Apr-07 06:03:27.0000,69.185631,-143627853.9027569,-41409548.75467522,-17970401.65087155,8.433263886553044,-25.80768566163096,-11.21148744418525,2026-04-07T06:02:17.814340
2461137.753090278, A.D. 2026-Apr-07 06:04:27.0000,69.185631,-143627347.8851768,-41411097.21096341,-17971074.33704729,8.434010503218406,-25.80759118156841,-11.21141430217151,2026-04-07T06:03:17.814377
2461137.753784722, A.D. 2026-Apr-07 06:05:27.0000,69.185631,-143626841.8228472,-41412645.66157598,-17971747.0188338,8.434755537451522,-25.80749646993727,-11.21134113459785,2026-04-07T06:04:17.814373
2461137.754479167, A.D. 2026-Apr-07 06:06:27.0000,69.185631,-143626335.7158582,-41414194.10650042,-17972419.69624027,8.435499118748188,-25.80740147976128,-11.211268239365,2026-04-07T06:05:17.814410
2461137.755173611, A.D. 2026-Apr-07 06:07:27.0000,69.185631,-143625829.5643049,-41415742.54572004,-17973092.36926276,8.436241018531062,-25.80730630337209,-11.21119501844375,2026-04-07T06:06:17.814366
2461137.755868055, A.D. 2026-Apr-07 06:08:27.0000,69.185631,-143625323.3682834,-41417290.97922514,-17973765.03789251,8.436981365957077,-25.80721089423961,-11.21112177002381,2026-04-07T06:07:17.814322
2461137.7565625, A.D. 2026-Apr-07 06:09:27.0000,69.185631,-143624817.1278864,-41418839.40700173,-17974437.70212782,8.437720171148003,-25.80711525137511,-11.21104849308036,2026-04-07T06:08:17.814359
2461137.757256945, A.D. 2026-Apr-07 06:10:27.0000,69.185631,-143624310.8432013,-41420387.8290339,-17975110.36197928,8.438457554703687,-25.80701933118603,-11.2109754641294,2026-04-07T06:09:17.814436
2461137.757951389, A.D. 2026-Apr-07 06:11:27.0000,69.185631,-143623804.5143241,-41421936.24530595,-17975783.01743491,8.439193292339866,-25.80692322429263,-11.21090209665057,2026-04-07T06:10:17.814392
2461137.758645833, A.D. 2026-Apr-07 06:12:27.0000,69.185631,-143623298.1413483,-41423484.65580449,-17976455.66848756,8.439927517011812,-25.80682688231225,-11.21082869859337,2026-04-07T06:11:17.814348
2461137.759340278, A.D. 2026-Apr-07 06:13:27.0000,69.185631,-143622791.7243621,-41425033.06052162,-17977128.31513808,8.440660238182563,-25.80673030515804,-11.21075526950866,2026-04-07T06:12:17.814385
2461137.760034722, A.D. 2026-Apr-07 06:14:27.0000,69.185631,-143622285.2634576,-41426581.45943706,-17977800.95738191,8.441391465543777,-25.80663349200992,-11.21068180847982,2026-04-07T06:13:17.814341
2461137.760729167, A.D. 2026-Apr-07 06:15:27.0000,69.185631,-143621778.75872,-41428129.85254437,-17978473.59522,8.442121410197732,-25.80653674442351,-11.21060841616131,2026-04-07T06:14:17.814418
2461137.761423611, A.D. 2026-Apr-07 06:16:27.0000,69.185631,-143621272.2102205,-41429678.2398541,-17979146.2286584,8.442850100992747,-25.80644009119213,-11.21053510169972,2026-04-07T06:15:17.814374
2461137.762118055, A.D. 2026-Apr-07 06:17:27.0000,69.185631,-143620765.6180426,-41431226.62136053,-17979818.85769822,8.44357732608463,-25.80634320087938,-11.21046175340794,2026-04-07T06:16:17.814330
2461137.7628125, A.D. 2026-Apr-07 06:18:27.0000,69.185631,-143620258.982274,-41432774.99704953,-17980491.48233747,8.444303094586642,-25.80624607342074,-11.21038837087125,2026-04-07T06:17:17.814367
2461137.763506944, A.D. 2026-Apr-07 06:19:27.0000,69.185631,-143619752.3030028,-41434323.36690377,-17981164.10257274,8.445027415804349,-25.80614870812907,-11.21031495328245,2026-04-07T06:18:17.814323
2461137.764201389, A.D. 2026-Apr-07 06:20:27.0000,69.185631,-143619245.5803145,-41435871.7309121,-17981836.71840324,8.445750298809013,-25.80605110469949,-11.21024150004229,2026-04-07T06:19:17.814400
2461137.764895834, A.D. 2026-Apr-07 06:21:27.0000,69.185631,-143618738.8142953,-41437420.08906006,-17982509.32982678,8.446471752589341,-25.80595326285531,-11.21016801055393,2026-04-07T06:20:17.814437
2461137.765590278, A.D. 2026-Apr-07 06:22:27.0000,69.185631,-143618232.0050316,-41438968.44133037,-17983181.93683985,8.44719178605776,-25.80585518235482,-11.21009448426709,2026-04-07T06:21:17.814393
2461137.766284722, A.D. 2026-Apr-07 06:23:27.0000,69.185631,-143617725.152611,-41440516.78770614,-17983854.53943969,8.447910195748014,-25.80575654541727,-11.21002081416078,2026-04-07T06:22:17.814349
2461137.766979167, A.D. 2026-Apr-07 06:24:27.0000,69.185631,-143617218.2571369,-41442065.12814322,-17984527.13761373,8.448626992215639,-25.80565735397793,-11.2099470003259,2026-04-07T06:23:17.814386
2461137.767673611, A.D. 2026-Apr-07 06:25:27.0000,69.185631,-143616711.3186949,-41443613.4626278,-17985199.73136046,8.449342394763947,-25.80555792308242,-11.20987314801852,2026-04-07T06:24:17.814382
2461137.768368056, A.D. 2026-Apr-07 06:26:27.0000,69.185631,-143616204.3373716,-41445161.79113617,-17985872.32067352,8.450056412039778,-25.80545825251331,-11.20979925670845,2026-04-07T06:25:17.814419
2461137.7690625, A.D. 2026-Apr-07 06:27:27.0000,69.185631,-143615697.3132465,-41446710.11366339,-17986544.90555465,8.45076905261369,-25.80535834209335,-11.20972532589344,2026-04-07T06:26:17.814375
2461137.769756944, A.D. 2026-Apr-07 06:28:27.0000,69.185631,-143615190.2464042,-41448258.43018869,-17987217.48599869,8.451480324909975,-25.80525819183969,-11.20965135519717,2026-04-07T06:27:17.814331
2461137.770451389, A.D. 2026-Apr-07 06:29:27.0000,69.185631,-143614683.1369263,-41449806.74069786,-17987890.06200332,8.4521902374733,-25.80515780132484,-11.20957734396066,2026-04-07T06:28:17.814368
2461137.771145833, A.D. 2026-Apr-07 06:30:27.0000,69.185631,-143614175.9848924,-41451355.0451825,-17988562.63356871,8.452898798686977,-25.80505717038388,-11.20950329169055,2026-04-07T06:29:17.814364
2461137.771840278, A.D. 2026-Apr-07 06:31:27.0000,69.185631,-143613668.7903862,-41452903.34361899,-17989235.20068838,8.453606016859274,-25.80495629886748,-11.20942919790339,2026-04-07T06:30:17.814401
2461137.772534722, A.D. 2026-Apr-07 06:32:27.0000,69.185631,-143613161.5534849,-41454451.63600216,-17989907.76336386,8.454311900230326,-25.8048551866614,-11.2093550621402,2026-04-07T06:31:17.814357
2461137.773229167, A.D. 2026-Apr-07 06:33:27.0000,69.185631,-143612654.2742706,-41455999.92231141,-17990580.32158994,8.455016456905117,-25.80475383381552,-11.20928088404909,2026-04-07T06:32:17.814394
2461137.773923611, A.D. 2026-Apr-07 06:34:27.0000,69.185631,-143612146.9528216,-41457548.2025353,-17991252.87536537,8.455719695088993,-25.80465224000518,-11.20920666303985,2026-04-07T06:33:17.814350
2461137.774618056, A.D. 2026-Apr-07 06:35:27.0000,69.185631,-143611639.5892176,-41459096.47665638,-17991925.42468627,8.456421622834144,-25.80455040512878,-11.20913239866337,2026-04-07T06:34:17.814427
2461137.7753125, A.D. 2026-Apr-07 06:36:27.0000,69.185631,-143611132.1835362,-41460644.74466315,-17992597.9695513,8.457122248134413,-25.80444832909905,-11.20905809047913,2026-04-07T06:35:17.814383
2461137.776006944, A.D. 2026-Apr-07 06:37:27.0000,69.185631,-143610624.7358551,-41462193.00654127,-17993270.50995789,8.457821578908034,-25.80434601185913,-11.20898373806865,2026-04-07T06:36:17.814339
2461137.776701389, A.D. 2026-Apr-07 06:38:27.0000,69.185631,-143610117.246253,-41463741.26227308,-17993943.04590199,8.458519622958095,-25.80424345349137,-11.2089093411044,2026-04-07T06:37:17.814376
2461137.777395833, A.D. 2026-Apr-07 06:39:27.0000,69.185631,-143609609.7148055,-41465289.51184727,-17994615.57738227,8.459216388163004,-25.80414065376116,-11.20883489905766,2026-04-07T06:38:17.814332
2461137.778090278, A.D. 2026-Apr-07 06:40:27.0000,69.185631,-143609102.1415853,-41466837.75524427,-17995288.10440747,8.459912002128142,-25.80403756582,-11.20876071153243,2026-04-07T06:39:17.814409
2461137.778784722, A.D. 2026-Apr-07 06:41:27.0000,69.185631,-143608594.5266704,-41468385.99245376,-17995960.62696857,8.46060623281631,-25.80393428324698,-11.20868617810351,2026-04-07T06:40:17.814365
2461137.779479166, A.D. 2026-Apr-07 06:42:27.0000,69.185631,-143608086.8701394,-41469934.22345908,-17996633.1450563,8.461299207704343,-25.80383075923281,-11.20861159840225,2026-04-07T06:41:17.814321
2461137.780173611, A.D. 2026-Apr-07 06:43:27.0000,69.185631,-143607579.1720664,-41471482.44824882,-17997305.65866919,8.461990934305888,-25.80372699389019,-11.20853697212473,2026-04-07T06:42:17.814358
2461137.780868056, A.D. 2026-Apr-07 06:44:27.0000,69.185631,-143607071.4325261,-41473030.66680852,-17997978.16780446,8.462681420188794,-25.80362298706495,-11.20846229879782,2026-04-07T06:43:17.814435
2461137.7815625, A.D. 2026-Apr-07 06:45:27.0000,69.185631,-143606563.6515928,-41474578.87912357,-17998650.67245921,8.463370672803324,-25.80351873876605,-11.20838757805091,2026-04-07T06:44:17.814391
2461137.782256945, A.D. 2026-Apr-07 06:46:27.0000,69.185631,-143606055.8293421,-41476127.0851735,-17999323.172628,8.464058699537196,-25.80341424901388,-11.20831280952093,2026-04-07T06:45:17.814428
2461137.782951389, A.D. 2026-Apr-07 06:47:27.0000,69.185631,-143605547.9658445,-41477675.28495289,-17999995.66831188,8.464745507723814,-25.80330951785127,-11.20823799286121,2026-04-07T06:46:17.814384
2461137.783645833, A.D. 2026-Apr-07 06:48:27.0000,69.185631,-143605040.0611749,-41479223.47844115,-18000668.1595053,8.465431104593026,-25.80320454542098,-11.20816312779161,2026-04-07T06:47:17.814340
2461137.784340278, A.D. 2026-Apr-07 06:49:27.0000,69.185631,-143604532.1154045,-41480771.665627,-18001340.64620674,8.466115497419432,-25.80309933163971,-11.20808821388869,2026-04-07T06:48:17.814377
2461137.785034722, A.D. 2026-Apr-07 06:50:27.0000,69.185631,-143604024.1286067,-41482319.8464927,-18002013.12841183,8.46679869337013,-25.8029938765639,-11.20801325081693,2026-04-07T06:49:17.814373
2461137.785729167, A.D. 2026-Apr-07 06:51:27.0000,69.185631,-143603516.1008518,-41483868.02102704,-18002685.60611904,8.467480699557242,-25.80288818025969,-11.20793823824711,2026-04-07T06:50:17.814410
2461137.786423611, A.D. 2026-Apr-07 06:52:27.0000,69.185631,-143603008.0322122,-41485416.18921234,-18003358.07932399,8.468161523032801,-25.80278224281447,-11.20786317586545,2026-04-07T06:51:17.814366
2461137.787118055, A.D. 2026-Apr-07 06:53:27.0000,69.185631,-143602499.9227575,-41486964.3510372,-18004030.54802502,8.468841170763742,-25.80267606439818,-11.207788063414,2026-04-07T06:52:17.814322
2461137.7878125, A.D. 2026-Apr-07 06:54:27.0000,69.185631,-143601991.772558,-41488512.50648727,-18004703.01221916,8.469519649743129,-25.80256964498963,-11.20771290051447,2026-04-07T06:53:17.814359
2461137.788506945, A.D. 2026-Apr-07 06:55:27.0000,69.185631,-143601483.5816848,-41490060.65554493,-18005375.47190201,8.470196966868496,-25.80246298468974,-11.20763768686361,2026-04-07T06:54:17.814436
2461137.789201389, A.D. 2026-Apr-07 06:56:27.0000,69.185631,-143600975.3502063,-41491608.79819882,-18006047.92707183,8.47087312898682,-25.80235608360798,-11.20756242216421,2026-04-07T06:55:17.814392
2461137.789895833, A.D. 2026-Apr-07 06:57:27.0000,69.185631,-143600467.0781926,-41493156.93443141,-18006720.37772424,8.47154814288421,-25.80224894186619,-11.20748710613212,2026-04-07T06:56:17.814348
2461137.790590278, A.D. 2026-Apr-07 06:58:27.0000,69.185631,-143599958.7657112,-41494705.06423143,-18007392.8238575,8.472222015271388,-25.80214155966272,-11.20741173853119,2026-04-07T06:57:17.814385
2461137.791284722, A.D. 2026-Apr-07 06:59:27.0000,69.185631,-143599450.4128318,-41496253.18758125,-18008065.26546713,8.472894752877627,-25.80203393704023,-11.20733631902455,2026-04-07T06:58:17.814341
2461137.791979167, A.D. 2026-Apr-07 07:00:27.0000,69.185631,-143598942.019621,-41497801.30446964,-18008737.70255139,8.473566362341046,-25.80192607412599,-11.20726084733781,2026-04-07T06:59:17.814418
2461137.792673611, A.D. 2026-Apr-07 07:01:27.0000,69.185631,-143598433.5861464,-41499349.41488208,-18009410.1351071,8.47423685025165,-25.80181797106339,-11.2071853232032,2026-04-07T07:00:17.814374
2461137.793368055, A.D. 2026-Apr-07 07:02:27.0000,69.185631,-143597925.112476,-41500897.51880118,-18010082.5631298,8.474906223151581,-25.80170962803819,-11.20710974636565,2026-04-07T07:01:17.814330
2461137.7940625, A.D. 2026-Apr-07 07:03:27.0000,69.185631,-143597416.5986766,-41502445.61621249,-18010754.98661631,8.475574487501108,-25.8016010452578,-11.2070341166094,2026-04-07T07:02:17.814367
2461137.794756944, A.D. 2026-Apr-07 07:04:27.0000,69.185631,-143596908.0448133,-41503993.70710479,-18011427.40556479,8.476241649763649,-25.8014922227675,-11.2069584336319,2026-04-07T07:03:17.814323
2461137.795451389, A.D. 2026-Apr-07 07:05:27.0000,69.185631,-143596399.4509524,-41505541.79146353,-18012099.81997199,8.476907716354068,-25.80138316080595,-11.20688269719019,2026-04-07T07:04:17.814400
2461137.796145834, A.D. 2026-Apr-07 07:06:27.0000,69.185631,-143595890.8171592,-41507089.86927456,-18012772.22983478,8.477572693625259,-25.80127385957961,-11.2068069070448,2026-04-07T07:05:17.814437
2461137.796840278, A.D. 2026-Apr-07 07:07:27.0000,69.185631,-143595382.143501,-41508637.94051723,-18013444.6351472,8.478236587824536,-25.8011643191207,-11.20673106295844,2026-04-07T07:06:17.814393
2461137.797534722, A.D. 2026-Apr-07 07:08:27.0000,69.185631,-143594873.4300395,-41510186.00518642,-18014117.03591001,8.478899405211873,-25.80105453976499,-11.20665516473959,2026-04-07T07:07:17.814349
2461137.798229167, A.D. 2026-Apr-07 07:09:27.0000,69.185631,-143594364.6768411,-41511734.06326179,-18014789.43211734,8.479561152090918,-25.80094452190017,-11.20657921213261,2026-04-07T07:08:17.814386
2461137.798923611, A.D. 2026-Apr-07 07:10:27.0000,69.185631,-143593855.8839647,-41513282.11472692,-18015461.82377864,8.48022195444128,-25.80083421864633,-11.20650350490128,2026-04-07T07:09:17.814382
2461137.799618056, A.D. 2026-Apr-07 07:11:27.0000,69.185631,-143593347.0514762,-41514830.15957171,-18016134.21088441,8.480881578452802,-25.80072372339269,-11.20642744281763,2026-04-07T07:10:17.814419
2461137.8003125, A.D. 2026-Apr-07 07:12:27.0000,69.185631,-143592838.1794409,-41516378.19778275,-18016806.59342615,8.481540150460493,-25.80061299083109,-11.20635132572759,2026-04-07T07:11:17.814375
2461137.801006944, A.D. 2026-Apr-07 07:13:27.0000,69.185631,-143592329.2679228,-41517926.22934274,-18017478.97139923,8.482197676047454,-25.80050201977998,-11.20627515339029,2026-04-07T07:12:17.814331
2461137.801701389, A.D. 2026-Apr-07 07:14:27.0000,69.185631,-143591820.3169833,-41519474.2542404,-18018151.34480165,8.482854161212172,-25.80039081039558,-11.20619892555966,2026-04-07T07:13:17.814368
2461137.802395833, A.D. 2026-Apr-07 07:15:27.0000,69.185631,-143591311.3266858,-41521022.27245868,-18018823.71362871,8.483509616467495,-25.80027937931556,-11.20612264130934,2026-04-07T07:14:17.814364
2461137.803090278, A.D. 2026-Apr-07 07:16:27.0000,69.185631,-143590802.2970906,-41522570.28398793,-18019496.07787823,8.484164050079999,-25.8001677376936,-11.20604629452848,2026-04-07T07:15:17.814401
2461137.803784722, A.D. 2026-Apr-07 07:17:27.0000,69.185631,-143590293.2282601,-41524118.28881194,-18020168.43754512,8.484817462930096,-25.80005586687507,-11.20596988839058,2026-04-07T07:16:17.814357
2461137.804479167, A.D. 2026-Apr-07 07:18:27.0000,69.185631,-143589784.1202545,-41525666.2869195,-18020840.79262735,8.485469857950243,-25.79994375469482,-11.20589342828834,2026-04-07T07:17:17.814394
2461137.805173611, A.D. 2026-Apr-07 07:19:27.0000,69.185631,-143589274.9731355,-41527214.27829324,-18021513.14312029,8.48612124215565,-25.79983140681606,-11.20581691144712,2026-04-07T07:18:17.814350
2461137.805868056, A.D. 2026-Apr-07 07:20:27.0000,69.185631,-143588765.7869627,-41528762.26292221,-18022185.48902185,8.486771621496457,-25.79971882450185,-11.20574033721193,2026-04-07T07:19:17.814427
2461137.8065625, A.D. 2026-Apr-07 07:21:27.0000,69.185631,-143588256.5617962,-41530310.2407922,-18022857.83032859,8.487421000972605,-25.79960600501238,-11.2056637068135,2026-04-07T07:20:17.814383
2461137.807256944, A.D. 2026-Apr-07 07:22:27.0000,69.185631,-143587747.2976969,-41531858.21188588,-18023530.16703581,8.488069386430091,-25.79949294956173,-11.2055870196418,2026-04-07T07:21:17.814339
2461137.807951389, A.D. 2026-Apr-07 07:23:27.0000,69.185631,-143587237.9947241,-41533406.1761893,-18024202.49914012,8.488716783672743,-25.79937965944918,-11.20551027508242,2026-04-07T07:22:17.814376
2461137.808645833, A.D. 2026-Apr-07 07:24:27.0000,69.185631,-143586728.652936,-41534954.1336913,-18024874.82663936,8.489363198076724,-25.79926613403526,-11.20543347337336,2026-04-07T07:23:17.814332
2461137.809340278, A.D. 2026-Apr-07 07:25:27.0000,69.185631,-143586219.2723915,-41536502.08437775,-18025547.14953011,8.490008635136686,-25.79915237350333,-11.2053566144035,2026-04-07T07:24:17.814409
2461137.810034722, A.D. 2026-Apr-07 07:26:27.0000,69.185631,-143585709.85315,-41538050.0282316,-18026219.46780761,8.49065310042907,-25.7990383785855,-11.20527969781245,2026-04-07T07:25:17.814365
2461137.810729166, A.D. 2026-Apr-07 07:27:27.0000,69.185631,-143585200.3952696,-41539597.96523871,-18026891.78146839,8.491296599353683,-25.79892414942886,-11.20520272352245,2026-04-07T07:26:17.814321
2461137.811423611, A.D. 2026-Apr-07 07:28:27.0000,69.185631,-143584690.8988071,-41541145.89538816,-18027564.09051033,8.491939137260758,-25.79880968621213,-11.20512569146495,2026-04-07T07:27:17.814358
2461137.812118056, A.D. 2026-Apr-07 07:29:27.0000,69.185631,-143584181.3638201,-41542693.81866589,-18028236.39492995,8.492580719551226,-25.79869498932742,-11.20504860143142,2026-04-07T07:28:17.814435
2461137.8128125, A.D. 2026-Apr-07 07:30:27.0000,69.185631,-143583671.7903668,-41544241.73505479,-18028908.69472243,8.493221351546705,-25.79858005908635,-11.2049714532799,2026-04-07T07:29:17.814391
2461137.813506945, A.D. 2026-Apr-07 07:31:27.0000,69.185631,-143583162.178503,-41545789.64454392,-18029580.98988558,8.49386103851396,-25.79846489572039,-11.20489424691059,2026-04-07T07:30:17.814428
2461137.814201389, A.D. 2026-Apr-07 07:32:27.0000,69.185631,-143582652.5282861,-41547337.54711637,-18030253.28041466,8.49449978569598,-25.79834949956565,-11.20481698218439,2026-04-07T07:31:17.814384
2461137.814895833, A.D. 2026-Apr-07 07:33:27.0000,69.185631,-143582142.8397716,-41548885.44276109,-18030925.56630741,8.495137598293992,-25.79823387098818,-11.20473965896938,2026-04-07T07:32:17.814340
2461137.815590278, A.D. 2026-Apr-07 07:34:27.0000,69.185631,-143581633.1130163,-41550433.33146112,-18031597.84755901,8.495774481480613,-25.79811801025077,-11.20466227714752,2026-04-07T07:33:17.814377
2461137.816284722, A.D. 2026-Apr-07 07:35:27.0000,69.185631,-143581123.3480748,-41551981.2132057,-18032270.1241673,8.496410440387123,-25.79800191766587,-11.20458483660146,2026-04-07T07:34:17.814373
2461137.816979167, A.D. 2026-Apr-07 07:36:27.0000,69.185631,-143580613.5450034,-41553529.08797774,-18032942.39612738,8.497045480110062,-25.79788559356328,-11.20450733721164,2026-04-07T07:35:17.814410
2461137.817673611, A.D. 2026-Apr-07 07:37:27.0000,69.185631,-143580103.703856,-41555076.95576648,-18033614.66343708,8.497679605705033,-25.7977690382694,-11.20442977886765,2026-04-07T07:36:17.814366
2461137.818368055, A.D. 2026-Apr-07 07:38:27.0000,69.185631,-143579593.8246885,-41556624.81655504,-18034286.92609152,8.498312822181699,-25.79765225213624,-11.20435216146591,2026-04-07T07:37:17.814322
2461137.8190625, A.D. 2026-Apr-07 07:39:27.0000,69.185631,-143579083.9075541,-41558172.67033254,-18034959.18408848,8.498945134537799,-25.79753523547146,-11.20427448489431,2026-04-07T07:38:17.814359
2461137.819756945, A.D. 2026-Apr-07 07:40:27.0000,69.185631,-143578573.9525015,-41559720.51708604,-18035631.43743463,8.499576703639827,-25.79741808041364,-11.20419702076112,2026-04-07T07:39:17.814436
2461137.820451389, A.D. 2026-Apr-07 07:41:27.0000,69.185631,-143578063.9595872,-41561268.35680258,-18036303.68612095,8.50020722257095,-25.79730060368157,-11.20411922554693,2026-04-07T07:40:17.814392
2461137.821145833, A.D. 2026-Apr-07 07:42:27.0000,69.185631,-143577553.9288685,-41562816.18946359,-18036975.93013776,8.500836852126277,-25.79718289742817,-11.20404137086581,2026-04-07T07:41:17.814348
2461137.821840278, A.D. 2026-Apr-07 07:43:27.0000,69.185631,-143577043.8603977,-41564364.01505843,-18037648.16948284,8.50146559714447,-25.79706496202014,-11.20396345662663,2026-04-07T07:42:17.814385
2461137.822534722, A.D. 2026-Apr-07 07:44:27.0000,69.185631,-143576533.7542286,-41565911.83357029,-18038320.40415128,8.502093462443886,-25.79694679778063,-11.203885482735,2026-04-07T07:43:17.814341
2461137.823229167, A.D. 2026-Apr-07 07:45:27.0000,69.185631,-143576023.6104129,-41567459.64498853,-18038992.63414085,8.502720452804457,-25.79682840505488,-11.20380744910355,2026-04-07T07:44:17.814418
2461137.823923611, A.D. 2026-Apr-07 07:46:27.0000,69.185631,-143575513.4290039,-41569007.44929636,-18039664.85944661,8.503346572969967,-25.7967097841915,-11.20372935564788,2026-04-07T07:45:17.814374
2461137.824618055, A.D. 2026-Apr-07 07:47:27.0000,69.185631,-143575003.2100538,-41570555.24648011,-18040337.08006496,8.503971827649892,-25.79659093554859,-11.20365120228598,2026-04-07T07:46:17.814330
2461137.8253125, A.D. 2026-Apr-07 07:48:27.0000,69.185631,-143574492.9536123,-41572103.03653229,-18041009.29599499,8.504596221517204,-25.79647185950208,-11.20357298894055,2026-04-07T07:47:17.814367
2461137.826006944, A.D. 2026-Apr-07 07:49:27.0000,69.185631,-143573982.6597338,-41573650.81943008,-18041681.50722912,8.505219759219717,-25.79635255639244,-11.20349471553174,2026-04-07T07:48:17.814323
2461137.826701389, A.D. 2026-Apr-07 07:50:27.0000,69.185631,-143573472.3284667,-41575198.59516899,-18042353.71376768,8.505842445375343,-25.79623302657728,-11.20341638198566,2026-04-07T07:49:17.814400
2461137.827395834, A.D. 2026-Apr-07 07:51:27.0000,69.185631,-143572961.959865,-41576746.3637262,-18043025.91560309,8.506464284561378,-25.79611327041748,-11.20333798823185,2026-04-07T07:50:17.814437
2461137.828090278, A.D. 2026-Apr-07 07:52:27.0000,69.185631,-143572451.5539762,-41578294.12509744,-18043698.11273575,8.507085281328216,-25.79599328828176,-11.20325953420097,2026-04-07T07:51:17.814393
2461137.828784722, A.D. 2026-Apr-07 07:53:27.0000,69.185631,-143571941.1108538,-41579841.87925996,-18044370.30515804,8.507705440182551,-25.79587308055619,-11.20318101982907,2026-04-07T07:52:17.814349
2461137.829479167, A.D. 2026-Apr-07 07:54:27.0000,69.185631,-143571430.6305459,-41581389.62620632,-18045042.492869,8.50832476561832,-25.7957526475945,-11.20310244504909,2026-04-07T07:53:17.814386
2461137.830173611, A.D. 2026-Apr-07 07:55:27.0000,69.185631,-143570920.1131024,-41582937.36592301,-18045714.67586497,8.50894326209065,-25.79563198976559,-11.20302380980017,2026-04-07T07:54:17.814382
2461137.830868056, A.D. 2026-Apr-07 07:56:27.0000,69.185631,-143570409.5585739,-41584485.09839356,-18046386.85414105,8.50956093402194,-25.79551110744037,-11.20294511402398,2026-04-07T07:55:17.814419
2461137.8315625, A.D. 2026-Apr-07 07:57:27.0000,69.185631,-143569898.9670088,-41586032.82360753,-18047059.02769491,8.510177785805263,-25.79539000099824,-11.20286635766379,2026-04-07T07:56:17.814375
2461137.832256944, A.D. 2026-Apr-07 07:58:27.0000,69.185631,-143569388.3384571,-41587580.54154833,-18047731.19652154,8.510793821796888,-25.79526867083284,-11.20278754066718,2026-04-07T07:57:17.814331
2461137.832951389, A.D. 2026-Apr-07 07:59:27.0000,69.185631,-143568877.6729667,-41589128.25220574,-18048403.36061868,8.51140904633431,-25.7951471173099,-11.2027086629794,2026-04-07T07:58:17.814368
2461137.833645833, A.D. 2026-Apr-07 08:00:27.0000,69.185631,-143568366.970587,-41590675.95556326,-18049075.51998135,8.51202346371983,-25.79502534080811,-11.2026297245515,2026-04-07T07:59:17.814364
2461137.834340278, A.D. 2026-Apr-07 08:01:27.0000,69.185631,-143567856.2313665,-41592223.65160754,-18049747.67460591,8.512637078227147,-25.7949033417075,-11.20255072533659,2026-04-07T08:00:17.814401
2461137.835034722, A.D. 2026-Apr-07 08:02:27.0000,69.185631,-143567345.4553521,-41593771.34032825,-18050419.82449001,8.513249894100012,-25.79478112039605,-11.20247166528924,2026-04-07T08:01:17.814357
2461137.835729167, A.D. 2026-Apr-07 08:03:27.0000,69.185631,-143566834.6425915,-41595319.0217122,-18051091.96963006,8.513861915547555,-25.79465867727339,-11.20239254436758,2026-04-07T08:02:17.814394
2461137.836423611, A.D. 2026-Apr-07 08:04:27.0000,69.185631,-143566323.7931336,-41596866.69574285,-18051764.11002101,8.514473146758814,-25.79453601271696,-11.20231336252873,2026-04-07T08:03:17.814350
2461137.837118056, A.D. 2026-Apr-07 08:05:27.0000,69.185631,-143565812.9070253,-41598414.362407,-18052436.24565921,8.515083591891369,-25.7944131271131,-11.20223411973436,2026-04-07T08:04:17.814427
2461137.8378125, A.D. 2026-Apr-07 08:06:27.0000,69.185631,-143565301.984313,-41599962.02169447,-18053108.37654236,8.515693255075705,-25.7942900208494,-11.20215481594805,2026-04-07T08:05:17.814383
2461137.838506944, A.D. 2026-Apr-07 08:07:27.0000,69.185631,-143564791.0250441,-41601509.67358898,-18053780.50266547,8.516302140409742,-25.79416669432155,-11.20207545113509,2026-04-07T08:06:17.814339
2461137.839201389, A.D. 2026-Apr-07 08:08:27.0000,69.185631,-143564280.0292644,-41603057.3180804,-18054452.6240262,8.516910251963061,-25.79404314793495,-11.20199602526355,2026-04-07T08:07:17.814376
2461137.839895833, A.D. 2026-Apr-07 08:09:27.0000,69.185631,-143563768.9970212,-41604604.95515244,-18055124.74061955,8.517517593782895,-25.79391938207579,-11.20191653830099,2026-04-07T08:08:17.814332
2461137.840590278, A.D. 2026-Apr-07 08:10:27.0000,69.185631,-143563257.9283529,-41606152.58479895,-18055796.85245477,8.518124325849065,-25.79379548878796,-11.20183726195672,2026-04-07T08:09:17.814409
2461137.841284722, A.D. 2026-Apr-07 08:11:27.0000,69.185631,-143562746.8233092,-41607700.20700446,-18056468.95952132,8.518730140231638,-25.79367128516441,-11.20175765272858,2026-04-07T08:10:17.814365
2461137.841979166, A.D. 2026-Apr-07 08:12:27.0000,69.185631,-143562235.6819404,-41609247.82174813,-18057141.06180816,8.519335196850783,-25.79354686325807,-11.20167798232954,2026-04-07T08:11:17.814321
2461137.842673611, A.D. 2026-Apr-07 08:13:27.0000,69.185631,-143561724.5042899,-41610795.42902305,-18057813.15931428,8.51993949964157,-25.79342222347902,-11.20159825073679,2026-04-07T08:12:17.814358
2461137.843368056, A.D. 2026-Apr-07 08:14:27.0000,69.185631,-143561213.2904027,-41612343.02881616,-18058485.25203602,8.52054305251649,-25.79329736622057,-11.20151845792729,2026-04-07T08:13:17.814435
2461137.8440625, A.D. 2026-Apr-07 08:15:27.0000,69.185631,-143560702.0403249,-41613890.62111126,-18059157.33996834,8.521145859359091,-25.79317229188224,-11.20143860388217,2026-04-07T08:14:17.814391
2461137.844756945, A.D. 2026-Apr-07 08:16:27.0000,69.185631,-143560190.7540999,-41615438.20589854,-18059829.42310894,8.521747924028126,-25.79304700086365,-11.20135868858383,2026-04-07T08:15:17.814428
2461137.845451389, A.D. 2026-Apr-07 08:17:27.0000,69.185631,-143559679.4317733,-41616985.78316186,-18060501.50145278,8.522349250353145,-25.79292149357206,-11.20127871201617,2026-04-07T08:16:17.814384
2461137.846145833, A.D. 2026-Apr-07 08:18:27.0000,69.185631,-143559168.0733891,-41618533.35288834,-18061173.57499622,8.522949842136356,-25.79279577042182,-11.20119867416527,2026-04-07T08:17:17.814340
2461137.846840278, A.D. 2026-Apr-07 08:19:27.0000,69.185631,-143558656.6789905,-41620080.91506792,-18061845.64373684,8.523549703162521,-25.79266983181276,-11.20111857501694,2026-04-07T08:18:17.814377
2461137.847534722, A.D. 2026-Apr-07 08:20:27.0000,69.185631,-143558145.2486209,-41621628.46968796,-18062517.70767107,8.524148837185828,-25.79254367814804,-11.20103841456037,2026-04-07T08:19:17.814373
2461137.848229167, A.D. 2026-Apr-07 08:21:27.0000,69.185631,-143557633.7823262,-41623176.01672917,-18063189.76679247,8.524747247936059,-25.79241730983343,-11.20095819278707,2026-04-07T08:20:17.814410
2461137.848923611, A.D. 2026-Apr-07 08:22:27.0000,69.185631,-143557122.2801464,-41624723.55618804,-18063861.8211014,8.525344939120153,-25.792290727279,-11.20087790968837,2026-04-07T08:21:17.814366
2461137.849618055, A.D. 2026-Apr-07 08:23:27.0000,69.185631,-143556610.7421267,-41626271.08804555,-18064533.87059152,8.525941914413353,-25.79216393090299,-11.20079756525867,2026-04-07T08:22:17.814322
2461137.8503125, A.D. 2026-Apr-07 08:24:27.0000,69.185631,-143556099.16831,-41627818.61228881,-18065205.9152591,8.526538177473972,-25.79203692111036,-11.20071715949202,2026-04-07T08:23:17.814359
2461137.851006945, A.D. 2026-Apr-07 08:25:27.0000,69.185631,-143555587.5587387,-41629366.12890524,-18065877.95510057,8.527133731933176,-25.79190969830824,-11.20063669238547,2026-04-07T08:24:17.814436
2461137.851701389, A.D. 2026-Apr-07 08:26:27.0000,69.185631,-143555075.9134533,-41630913.63788799,-18066549.99011481,8.527728581402943,-25.79178226290493,-11.20055616393759,2026-04-07T08:25:17.814392
2461137.852395833, A.D. 2026-Apr-07 08:27:27.0000,69.185631,-143554564.2324992,-41632461.13921515,-18067222.02029415,8.5283227294624,-25.79165461531561,-11.20047557414832,2026-04-07T08:26:17.814348
2461137.853090278, A.D. 2026-Apr-07 08:28:27.0000,69.185631,-143554052.5159161,-41634008.63288022,-18067894.04563763,8.528916179670786,-25.79152675595969,-11.2003949230186,2026-04-07T08:27:17.814385
2461137.853784722, A.D. 2026-Apr-07 08:29:27.0000,69.185631,-143553540.7637458,-41635556.11887049,-18068566.06614155,8.529508935566385,-25.79139868524609,-11.20031421054998,2026-04-07T08:28:17.814341
2461137.854479167, A.D. 2026-Apr-07 08:30:27.0000,69.185631,-143553028.976031,-41637103.59717019,-18069238.08180087,8.530101000662093,-25.79127040358569,-11.20023343674706,2026-04-07T08:29:17.814418
2461137.855173611, A.D. 2026-Apr-07 08:31:27.0000,69.185631,-143552517.1528129,-41638651.06776673,-18069910.09261196,8.530692378448583,-25.79114191138953,-11.20015260161561,2026-04-07T08:30:17.814374
2461137.855868055, A.D. 2026-Apr-07 08:32:27.0000,69.185631,-143552005.2941318,-41640198.5306504,-18070582.0985724,8.531283072394166,-25.79101320907469,-11.20007170516201,2026-04-07T08:31:17.814330
2461137.8565625, A.D. 2026-Apr-07 08:33:27.0000,69.185631,-143551493.4000295,-41641745.98580573,-18071254.09967725,8.531873085938843,-25.79088429706296,-11.19999074739442,2026-04-07T08:32:17.814367
2461137.857256944, A.D. 2026-Apr-07 08:34:27.0000,69.185631,-143550981.4705456,-41643293.43322312,-18071926.09592412,8.532462422507326,-25.79075517576624,-11.1999097283211,2026-04-07T08:33:17.814323
2461137.857951389, A.D. 2026-Apr-07 08:35:27.0000,69.185631,-143550469.5057219,-41644840.87288699,-18072598.08730802,8.533051085498634,-25.79062584559755,-11.19982864795329,2026-04-07T08:34:17.814400
2461137.858645834, A.D. 2026-Apr-07 08:36:27.0000,69.185631,-143549957.5055986,-41646388.3047848,-18073270.07382527,8.533639078290854,-25.79049630697004,-11.19974750630332,2026-04-07T08:35:17.814437
2461137.859340278, A.D. 2026-Apr-07 08:37:27.0000,69.185631,-143549445.4702148,-41647935.72890709,-18073942.0554735,8.534226404239892,-25.79036656030238,-11.19966630338391,2026-04-07T08:36:17.814393
2461137.860034722, A.D. 2026-Apr-07 08:38:27.0000,69.185631,-143548933.3996103,-41649483.14524146,-18074614.03224907,8.534813066676627,-25.79023660601751,-11.19958503920933,2026-04-07T08:37:17.814349
2461137.860729167, A.D. 2026-Apr-07 08:39:27.0000,69.185631,-143548421.2938259,-41651030.55377237,-18075286.00414697,8.535399068912769,-25.79010644452999,-11.19950371379447,2026-04-07T08:38:17.814386
2461137.861423611, A.D. 2026-Apr-07 08:40:27.0000,69.185631,-143547909.1528946,-41652577.95449127,-18075957.97117507,8.53598457024453,-25.78997616775213,-11.19942259892032,2026-04-07T08:39:17.814382
2461137.862118056, A.D. 2026-Apr-07 08:41:27.0000,69.185631,-143547396.9768584,-41654125.3473866,-18076629.93332423,8.53656926193234,-25.78984559310209,-11.19934115107732,2026-04-07T08:40:17.814419
2461137.8628125, A.D. 2026-Apr-07 08:42:27.0000,69.185631,-143546884.7657604,-41655672.73244118,-18077301.89058465,8.537153303227967,-25.78971481249847,-11.19925964204829,2026-04-07T08:41:17.814375
2461137.863506944, A.D. 2026-Apr-07 08:43:27.0000,69.185631,-143546372.5196382,-41657220.10964594,-18077973.84295407,8.537736697356234,-25.78958382636418,-11.19917807185297,2026-04-07T08:42:17.814331
2461137.864201389, A.D. 2026-Apr-07 08:44:27.0000,69.185631,-143545860.2385319,-41658767.47898533,-18078645.79042743,8.538319447523401,-25.78945263511556,-11.19909644051214,2026-04-07T08:43:17.814368
2461137.864895833, A.D. 2026-Apr-07 08:45:27.0000,69.185631,-143545347.9224797,-41660314.84044714,-18079317.73300109,8.538901556915189,-25.78932123916762,-11.19901474804853,2026-04-07T08:44:17.814364
2461137.865590278, A.D. 2026-Apr-07 08:46:27.0000,69.185631,-143544835.5715192,-41661862.19402217,-18079989.67067271,8.539483028698161,-25.78918963893522,-11.19893299448581,2026-04-07T08:45:17.814401
2461137.866284722, A.D. 2026-Apr-07 08:47:27.0000,69.185631,-143544323.1856895,-41663409.53969502,-18080661.60343729,8.540063866015243,-25.78905783483929,-11.19885117984836,2026-04-07T08:46:17.814357
2461137.866979167, A.D. 2026-Apr-07 08:48:27.0000,69.185631,-143543810.7650275,-41664956.87745663,-18081333.53129249,8.5406440719897,-25.78892582730316,-11.19876930416126,2026-04-07T08:47:17.814394
2461137.867673611, A.D. 2026-Apr-07 08:49:27.0000,69.185631,-143543298.309572,-41666504.20729177,-18082005.45423336,8.541223649724706,-25.78879361674348,-11.19868736745044,2026-04-07T08:48:17.814350
2461137.868368056, A.D. 2026-Apr-07 08:50:27.0000,69.185631,-143542785.8193597,-41668051.52919118,-18082677.3722575,8.541802602307582,-25.78866120357583,-11.19860536974382,2026-04-07T08:49:17.814427
2461137.8690625, A.D. 2026-Apr-07 08:51:27.0000,69.185631,-143542273.2944289,-41669598.84313974,-18083349.28535995,8.542380932801965,-25.78852858821552,-11.19852331107037,2026-04-07T08:50:17.814383
2461137.869756944, A.D. 2026-Apr-07 08:52:27.0000,69.185631,-143541760.7348159,-41671146.14912848,-18084021.19353842,8.54295864425294,-25.78839577108254,-11.19844119145898,2026-04-07T08:51:17.814339
2461137.870451389, A.D. 2026-Apr-07 08:53:27.0000,69.185631,-143541248.1405588,-41672693.4471421,-18084693.09678787,8.543535739683941,-25.78826275260071,-11.19835901094004,2026-04-07T08:52:17.814376
2461137.871145833, A.D. 2026-Apr-07 08:54:27.0000,69.185631,-143540735.5116944,-41674240.73716862,-18085364.99510468,8.544112222101448,-25.78812953318666,-11.19827676954417,2026-04-07T08:53:17.814332
2461137.871840278, A.D. 2026-Apr-07 08:55:27.0000,69.185631,-143540222.8482583,-41675788.01919902,-18086036.88848652,8.544688094494829,-25.78799611325526,-11.19819446730388,2026-04-07T08:54:17.814409
2461137.872534722, A.D. 2026-Apr-07 08:56:27.0000,69.185631,-143539710.1502882,-41677335.29321828,-18086708.77692841,8.5452633598318,-25.78786249322157,-11.19811210425283,2026-04-07T08:55:17.814365
2461137.873229166, A.D. 2026-Apr-07 08:57:27.0000,69.185631,-143539197.4178203,-41678882.55921432,-18087380.6604267,8.545838021061513,-25.78772867350564,-11.19802968042472,2026-04-07T08:56:17.814321
2461137.873923611, A.D. 2026-Apr-07 08:58:27.0000,69.185631,-143538684.6508899,-41680429.81717826,-18088052.53897906,8.546412081114346,-25.78759465452953,-11.19794719585392,2026-04-07T08:57:17.814358
2461137.874618056, A.D. 2026-Apr-07 08:59:27.0000,69.185631,-143538171.8495328,-41681977.06709819,-18088724.41258188,8.546985542902737,-25.78746043670959,-11.19786465057554,2026-04-07T08:58:17.814435
2461137.8753125, A.D. 2026-Apr-07 09:00:27.0000,69.185631,-143537659.013786,-41683524.30895913,-18089396.28123017,8.547558409320377,-25.78732602046041,-11.19778204462671,2026-04-07T08:59:17.814391
2461137.876006945, A.D. 2026-Apr-07 09:01:27.0000,69.185631,-143537146.143685,-41685071.54274907,-18090068.14492026,8.548130683244183,-25.7871914061962,-11.19769937804526,2026-04-07T09:00:17.814428
2461137.876701389, A.D. 2026-Apr-07 09:02:27.0000,69.185631,-143536633.2392642,-41686618.76845939,-18090740.00364991,8.54870236753146,-25.7870565943352,-11.19761665086873,2026-04-07T09:01:17.814384
2461137.877395833, A.D. 2026-Apr-07 09:03:27.0000,69.185631,-143536120.3005601,-41688165.9860751,-18091411.85741412,8.549273465019661,-25.78692158529891,-11.19753386313592,2026-04-07T09:02:17.814340
2461137.878090278, A.D. 2026-Apr-07 09:04:27.0000,69.185631,-143535607.3276077,-41689713.19558434,-18092083.70620924,8.549843978531014,-25.78678637950296,-11.19745101488606,2026-04-07T09:03:17.814377
2461137.878784722, A.D. 2026-Apr-07 09:05:27.0000,69.185631,-143535094.3204409,-41691260.39697843,-18092755.550033,8.550413910871468,-25.78665097736007,-11.19736810615985,2026-04-07T09:04:17.814373
2461137.879479167, A.D. 2026-Apr-07 09:06:27.0000,69.185631,-143534581.2790945,-41692807.59024561,-18093427.38888176,8.550983264828488,-25.78651537928296,-11.19728513699894,2026-04-07T09:05:17.814410
2461137.880173611, A.D. 2026-Apr-07 09:07:27.0000,69.185631,-143534068.2036044,-41694354.77537099,-18094099.22275055,8.551552043169782,-25.78637958568946,-11.19720210744515,2026-04-07T09:06:17.814366
2461137.880868055, A.D. 2026-Apr-07 09:08:27.0000,69.185631,-143533555.0940047,-41695901.95234295,-18094771.05163578,8.552120248645387,-25.78624359699868,-11.19711901754068,2026-04-07T09:07:17.814322
2461137.8815625, A.D. 2026-Apr-07 09:09:27.0000,69.185631,-143533041.9503298,-41697449.12114976,-18095442.87553381,8.552687883990567,-25.78610741362503,-11.19703586732848,2026-04-07T09:08:17.814359
2461137.882256945, A.D. 2026-Apr-07 09:10:27.0000,69.185631,-143532528.7726062,-41698996.28178671,-18096114.69445393,8.553255107974703,-25.78597112732549,-11.19695292864228,2026-04-07T09:09:17.814436
2461137.882951389, A.D. 2026-Apr-07 09:11:27.0000,69.185631,-143532015.5608718,-41700543.43423987,-18096786.5083857,8.55382161120019,-25.78583455581938,-11.19686965794838,2026-04-07T09:10:17.814392
2461137.883645833, A.D. 2026-Apr-07 09:12:27.0000,69.185631,-143531502.3151641,-41702090.57849291,-18097458.31731941,8.554387552399385,-25.78569779086859,-11.19678632708145,2026-04-07T09:11:17.814348
2461137.884340278, A.D. 2026-Apr-07 09:13:27.0000,69.185631,-143530989.0355168,-41703637.71453433,-18098130.1212515,8.554952934238026,-25.78556083289019,-11.19670293608709,2026-04-07T09:12:17.814385
2461137.885034722, A.D. 2026-Apr-07 09:14:27.0000,69.185631,-143530475.7219633,-41705184.84235244,-18098801.92017831,8.555517759367719,-25.78542368229696,-11.19661948501165,2026-04-07T09:13:17.814341
2461137.885729167, A.D. 2026-Apr-07 09:15:27.0000,69.185631,-143529962.374535,-41706731.96194186,-18099473.7140989,8.556082030426278,-25.78528633949782,-11.19653597390259,2026-04-07T09:14:17.814418
2461137.886423611, A.D. 2026-Apr-07 09:16:27.0000,69.185631,-143529448.993268,-41708279.07328196,-18100145.50300573,8.556645750028848,-25.78514880490219,-11.19645240280869,2026-04-07T09:15:17.814374
2461137.887118055, A.D. 2026-Apr-07 09:17:27.0000,69.185631,-143528935.5781933,-41709826.17636734,-18100817.28689784,8.557208920779646,-25.78501107892317,-11.19636877177788,2026-04-07T09:16:17.814330
2461137.8878125, A.D. 2026-Apr-07 09:18:27.0000,69.185631,-143528422.1293448,-41711373.2711834,-18101489.06577028,8.557771545262876,-25.78487316197608,-11.19628508085909,2026-04-07T09:17:17.814367
2461137.888506944, A.D. 2026-Apr-07 09:19:27.0000,69.185631,-143527908.6467541,-41712920.35772183,-18102160.83962082,8.558333626049734,-25.78473505447098,-11.19620133010148,2026-04-07T09:18:17.814323
2461137.889201389, A.D. 2026-Apr-07 09:20:27.0000,69.185631,-143527395.130455,-41714467.4359681,-18102832.60844453,8.558895165694654,-25.78459675681528,-11.19611751955595,2026-04-07T09:19:17.814400
2461137.889895834, A.D. 2026-Apr-07 09:21:27.0000,69.185631,-143526881.5804796,-41716014.50591081,-18103504.3722378,8.559456166737613,-25.78445826941562,-11.19603364927385,2026-04-07T09:20:17.814437
2461137.890590278, A.D. 2026-Apr-07 09:22:27.0000,69.185631,-143526367.9968593,-41717561.56754167,-18104176.13099841,8.56001663170228,-25.78431959268259,-11.19594971930605,2026-04-07T09:21:17.814393
2461137.891284722, A.D. 2026-Apr-07 09:23:27.0000,69.185631,-143525854.3796271,-41719108.62084635,-18104847.88472147,8.56057656309411,-25.78418072702865,-11.19586572970418,2026-04-07T09:22:17.814349
2461137.891979167, A.D. 2026-Apr-07 09:24:27.0000,69.185631,-143525340.7288141,-41720655.66581641,-18105519.63340466,8.561135963407766,-25.78404167286195,-11.19578168052034,2026-04-07T09:23:17.814386
2461137.892673611, A.D. 2026-Apr-07 09:25:27.0000,69.185631,-143524827.0444529,-41722202.70243762,-18106191.37704314,8.561694835119837,-25.78390243058694,-11.19569757180804,2026-04-07T09:24:17.814382
2461137.893368056, A.D. 2026-Apr-07 09:26:27.0000,69.185631,-143524313.3265742,-41723749.73070179,-18106863.11563466,8.562253180694778,-25.78376300060722,-11.19561340362107,2026-04-07T09:25:17.814419
2461137.8940625, A.D. 2026-Apr-07 09:27:27.0000,69.185631,-143523799.5752106,-41725296.7505945,-18107534.8491743,8.562811002578794,-25.78362338333151,-11.19552917601331,2026-04-07T09:26:17.814375
2461137.894756944, A.D. 2026-Apr-07 09:28:27.0000,69.185631,-143523285.7903933,-41726843.76210461,-18108206.57765852,8.56336830320293,-25.78348357916897,-11.19544488903875,2026-04-07T09:27:17.814331
2461137.895451389, A.D. 2026-Apr-07 09:29:27.0000,69.185631,-143522771.9721526,-41728390.76522391,-18108878.30108506,8.563925084986689,-25.78334358852491,-11.19536054275191,2026-04-07T09:28:17.814368
2461137.896145833, A.D. 2026-Apr-07 09:30:27.0000,69.185631,-143522258.1205206,-41729937.7599382,-18109550.01944906,8.564481350332724,-25.78320341180101,-11.19527613720881,2026-04-07T09:29:17.814364
2461137.896840278, A.D. 2026-Apr-07 09:31:27.0000,69.185631,-143521744.235528,-41731484.74623638,-18110221.73274697,8.565037101630638,-25.78306304939819,-11.19519167246578,2026-04-07T09:30:17.814401
2461137.897534722, A.D. 2026-Apr-07 09:32:27.0000,69.185631,-143521230.3172047,-41733031.72411029,-18110893.44097655,8.565592341255659,-25.78292250172156,-11.1951071485787,2026-04-07T09:31:17.814357
2461137.898229167, A.D. 2026-Apr-07 09:33:27.0000,69.185631,-143520716.3655824,-41734578.69354583,-18111565.14413294,8.566147071565336,-25.78278176917752,-11.19502256560401,2026-04-07T09:32:17.814394
2461137.898923611, A.D. 2026-Apr-07 09:34:27.0000,69.185631,-143520202.3806906,-41736125.65453495,-18112236.84221391,8.566701294906858,-25.78264085216828,-11.1949379235985,2026-04-07T09:33:17.814350
2461137.899618056, A.D. 2026-Apr-07 09:35:27.0000,69.185631,-143519688.3625605,-41737672.60706349,-18112908.53521458,8.5672550136118,-25.7824997510926,-11.19485322262042,2026-04-07T09:34:17.814427
2461137.9003125, A.D. 2026-Apr-07 09:36:27.0000,69.185631,-143519174.3112224,-41739219.55112055,-18113580.22313147,8.567808229998304,-25.782358466348,-11.19476846272818,2026-04-07T09:35:17.814383
2461137.901006944, A.D. 2026-Apr-07 09:37:27.0000,69.185631,-143518660.2267055,-41740766.48669801,-18114251.90596229,8.568360946371596,-25.78221699833658,-11.19468364397985,2026-04-07T09:36:17.814339
2461137.901701389, A.D. 2026-Apr-07 09:38:27.0000,69.185631,-143518146.1090403,-41742313.413782,-18114923.58370227,8.56891316501875,-25.78207534746113,-11.19459876643384,2026-04-07T09:37:17.814376
2461137.902395833, A.D. 2026-Apr-07 09:39:27.0000,69.185631,-143517631.9582561,-41743860.33236451,-18115595.25634916,8.56946488821788,-25.78193351412084,-11.19451383014902,2026-04-07T09:38:17.814332
2461137.903090278, A.D. 2026-Apr-07 09:40:27.0000,69.185631,-143517117.7743767,-41745407.24243539,-18116266.92390968,8.570016274325997,-25.7817915899055,-11.19442910700021,2026-04-07T09:39:17.814409
2461137.903784722, A.D. 2026-Apr-07 09:41:27.0000,69.185631,-143516603.5574354,-41746954.1439816,-18116938.58637351,8.570567013404101,-25.78164939282048,-11.19434405341849,2026-04-07T09:40:17.814365
2461137.904479166, A.D. 2026-Apr-07 09:42:27.0000,69.185631,-143516089.3074636,-41748501.03699352,-18117610.24373367,8.571117263783966,-25.78150701445887,-11.19425894127842,2026-04-07T09:41:17.814321
2461137.905173611, A.D. 2026-Apr-07 09:43:27.0000,69.185631,-143515575.0244913,-41750047.92145742,-18118281.89598539,8.571667027685315,-25.78136445521993,-11.19417377064027,2026-04-07T09:42:17.814358
2461137.905868056, A.D. 2026-Apr-07 09:44:27.0000,69.185631,-143515060.7085467,-41751594.7973654,-18118953.54312645,8.57221630731927,-25.78122171549942,-11.19408854156473,2026-04-07T09:43:17.814435
2461137.9065625, A.D. 2026-Apr-07 09:45:27.0000,69.185631,-143514546.359661,-41753141.66470043,-18119625.18515065,8.572765104881093,-25.78107879568953,-11.19400325411397,2026-04-07T09:44:17.814391
2461137.907256945, A.D. 2026-Apr-07 09:46:27.0000,69.185631,-143514031.9778598,-41754688.52346115,-18120296.82205857,8.573313422557625,-25.78093569617992,-11.19391790834953,2026-04-07T09:45:17.814428
2461137.907951389, A.D. 2026-Apr-07 09:47:27.0000,69.185631,-143513517.5631748,-41756235.37362743,-18120968.45384265,8.573861262516115,-25.78079241736662,-11.19383250433369,2026-04-07T09:46:17.814384
2461137.908645833, A.D. 2026-Apr-07 09:48:27.0000,69.185631,-143513003.1156328,-41757782.21519471,-18121640.08050209,8.574408626915265,-25.78064895964469,-11.19374704212794,2026-04-07T09:47:17.814340
2461137.909340278, A.D. 2026-Apr-07 09:49:27.0000,69.185631,-143512488.6352622,-41759329.0481522,-18122311.70203338,8.57495551790032,-25.78050532340641,-11.19366152179471,2026-04-07T09:48:17.814377
2461137.910034722, A.D. 2026-Apr-07 09:50:27.0000,69.185631,-143511974.1220923,-41760875.8724862,-18122983.31843172,8.575501937603093,-25.7803615090398,-11.19357594339753,2026-04-07T09:49:17.814373
2461137.910729167, A.D. 2026-Apr-07 09:51:27.0000,69.185631,-143511459.5761513,-41762422.68818605,-18123654.92969364,8.576047888144302,-25.78021751693192,-11.19349030700008,2026-04-07T09:50:17.814410
2461137.911423611, A.D. 2026-Apr-07 09:52:27.0000,69.185631,-143510944.9974674,-41763969.49524096,-18124326.5358156,8.576593371631398,-25.78007334747424,-11.19340461266563,2026-04-07T09:51:17.814366
2461137.912118055, A.D. 2026-Apr-07 09:53:27.0000,69.185631,-143510430.3860674,-41765516.29364356,-18124998.13679553,8.577138390158773,-25.77992900105797,-11.19331886045722,2026-04-07T09:52:17.814322
2461137.9128125, A.D. 2026-Apr-07 09:54:27.0000,69.185631,-143509915.7419792,-41767063.08338314,-18125669.73262993,8.577682945809544,-25.77978447807169,-11.19323305043875,2026-04-07T09:53:17.814359
2461137.913506945, A.D. 2026-Apr-07 09:55:27.0000,69.185631,-143509401.0652315,-41768609.86444611,-18126341.32331403,8.578227040653868,-25.7796397788996,-11.19314718267512,2026-04-07T09:54:17.814436
2461137.914201389, A.D. 2026-Apr-07 09:56:27.0000,69.185631,-143508886.355852,-41770156.63682178,-18127012.90884429,8.578770676751727,-25.77949490392513,-11.19306125723149,2026-04-07T09:55:17.814392
2461137.914895833, A.D. 2026-Apr-07 09:57:27.0000,69.185631,-143508371.6138681,-41771703.40049973,-18127684.48921732,8.579313856148639,-25.77934985353538,-11.19297527417229,2026-04-07T09:56:17.814348
2461137.915590278, A.D. 2026-Apr-07 09:58:27.0000,69.185631,-143507856.839306,-41773250.15547247,-18128356.06443098,8.579856580879568,-25.77920462811801,-11.19288923356199,2026-04-07T09:57:17.814385
2461137.916284722, A.D. 2026-Apr-07 09:59:27.0000,69.185631,-143507342.0321941,-41774796.9017265,-18129027.6344805,8.580398852965876,-25.77905922805767,-11.19280313546582,2026-04-07T09:58:17.814341
2461137.916979167, A.D. 2026-Apr-07 10:00:27.0000,69.185631,-143506827.1925583,-41776343.63925439,-18129699.19936375,8.580940674420695,-25.7789136537342,-11.19271697994966,2026-04-07T09:59:17.814418
2461137.917673611, A.D. 2026-Apr-07 10:01:27.0000,69.185631,-143506312.3204269,-41777890.36804256,-18130370.75907593,8.581482047243504,-25.7787679055272,-11.19263076707995,2026-04-07T10:00:17.814374
2461137.918368055, A.D. 2026-Apr-07 10:02:27.0000,69.185631,-143505797.4158265,-41779437.08808063,-18131042.31361363,8.582022973421509,-25.77862198381986,-11.19254449692237,2026-04-07T10:01:17.814330
2461137.9190625, A.D. 2026-Apr-07 10:03:27.0000,69.185631,-143505282.4787828,-41780983.79936133,-18131713.86297475,8.582563454930899,-25.77847588899558,-11.19245816954243,2026-04-07T10:02:17.814367
2461137.919756944, A.D. 2026-Apr-07 10:04:27.0000,69.185631,-143504767.5093236,-41782530.50187115,-18132385.40715452,8.58310349373564,-25.77832962143519,-11.19237178500658,2026-04-07T10:03:17.814323
2461137.920451389, A.D. 2026-Apr-07 10:05:27.0000,69.185631,-143504252.5074753,-41784077.19559978,-18133056.94614952,8.583643091789959,-25.77818318151455,-11.19228534338184,2026-04-07T10:04:17.814400
2461137.921145834, A.D. 2026-Apr-07 10:06:27.0000,69.185631,-143503737.4732634,-41785623.88053986,-18133728.47995763,8.584182251038701,-25.7780365696087,-11.19219884473543,2026-04-07T10:05:17.814437
2461137.921840278, A.D. 2026-Apr-07 10:07:27.0000,69.185631,-143503222.4067151,-41787170.5566781,-18134400.00857411,8.584720973411095,-25.77788978609685,-11.19211228913417,2026-04-07T10:06:17.814393
2461137.922534722, A.D. 2026-Apr-07 10:08:27.0000,69.185631,-143502707.3078554,-41788717.22400735,-18135071.53199692,8.58525926082697,-25.77774283135818,-11.19202567664453,2026-04-07T10:07:17.814349
2461137.923229167, A.D. 2026-Apr-07 10:09:27.0000,69.185631,-143502192.1767116,-41790263.88251418,-18135743.05022128,8.58579711519478,-25.77759570576951,-11.19193900733396,2026-04-07T10:08:17.814386
2461137.923923611, A.D. 2026-Apr-07 10:10:27.0000,69.185631,-143501677.0133029,-41791810.53219216,-18136414.56325533,8.586334694552619,-25.77744850074619,-11.19185255310994,2026-04-07T10:09:17.814382
2461137.924618056, A.D. 2026-Apr-07 10:11:27.0000,69.185631,-143501161.8176579,-41793357.17303197,-18137086.07109019,8.586871688511472,-25.77730103457163,-11.19176577036148,2026-04-07T10:10:17.814419
2461137.9253125, A.D. 2026-Apr-07 10:12:27.0000,69.185631,-143500646.5898061,-41794903.80501875,-18137757.57371641,8.58740825508526,-25.77715339866457,-11.19167893099579,2026-04-07T10:11:17.814375
2461137.926006944, A.D. 2026-Apr-07 10:13:27.0000,69.185631,-143500131.3297732,-41796450.42814236,-18138429.07113059,8.587944396138695,-25.77700559340022,-11.1915920350804,2026-04-07T10:12:17.814331
2461137.926701389, A.D. 2026-Apr-07 10:14:27.0000,69.185631,-143499616.0375835,-41797997.04239558,-18139100.56333063,8.588480113528465,-25.77685761915062,-11.19150508268325,2026-04-07T10:13:17.814368
2461137.927395833, A.D. 2026-Apr-07 10:15:27.0000,69.185631,-143499100.7132635,-41799543.64776532,-18139772.05031186,8.589015409098469,-25.77670947628334,-11.19141807387324,2026-04-07T10:14:17.814364
2461137.928090278, A.D. 2026-Apr-07 10:16:27.0000,69.185631,-143498585.3568373,-41801090.24424451,-18140443.53207219,8.58955028468509,-25.77656116516479,-11.1913310087192,2026-04-07T10:15:17.814401
2461137.928784722, A.D. 2026-Apr-07 10:17:27.0000,69.185631,-143498069.9683313,-41802636.83182,-18141115.00860693,8.59008474211037,-25.77641268616579,-11.19124388728962,2026-04-07T10:16:17.814357
2461137.929479167, A.D. 2026-Apr-07 10:18:27.0000,69.185631,-143497554.5477702,-41804183.4104818,-18141786.47991274,8.590618783186448,-25.77626403965716,-11.19115670965271,2026-04-07T10:17:17.814394
2461137.930173611, A.D. 2026-Apr-07 10:19:27.0000,69.185631,-143497039.0951793,-41805729.98021971,-18142457.94598617,8.591152409716976,-25.77611522600698,-11.1910694758773,2026-04-07T10:18:17.814350
2461137.930868056, A.D. 2026-Apr-07 10:20:27.0000,69.185631,-143496523.6105821,-41807276.54102693,-18143129.40682524,8.59168562349633,-25.77596624557784,-11.19098218603261,2026-04-07T10:19:17.814427
2461137.9315625, A.D. 2026-Apr-07 10:21:27.0000,69.185631,-143496008.0940034,-41808823.09289344,-18143800.86242661,8.592218426308179,-25.77581709873196,-11.19089484018826,2026-04-07T10:20:17.814383
2461137.932256944, A.D. 2026-Apr-07 10:22:27.0000,69.185631,-143495492.54547,-41810369.63580302,-18144472.31278418,8.592750819923145,-25.77566778583632,-11.19080743841361,2026-04-07T10:21:17.814339
2461137.932951389, A.D. 2026-Apr-07 10:23:27.0000,69.185631,-143494976.9650031,-41811916.16975506,-18145143.75789867,8.593282806105742,-25.77551830725638,-11.19071998077693,2026-04-07T10:22:17.814376
2461137.933645833, A.D. 2026-Apr-07 10:24:27.0000,69.185631,-143494461.3526303,-41813462.69473035,-18145815.19776269,8.593814386605834,-25.77536866335653,-11.19063246734809,2026-04-07T10:23:17.814332
2461137.934340278, A.D. 2026-Apr-07 10:25:27.0000,69.185631,-143493945.7083738,-41815009.21072513,-18146486.63237556,8.594345563169316,-25.77521885449486,-11.19054489819676,2026-04-07T10:24:17.814409
2461137.935034722, A.D. 2026-Apr-07 10:26:27.0000,69.185631,-143493430.0322589,-41816555.71772639,-18147158.06173261,8.59487633752964,-25.7750688810296,-11.1904572733933,2026-04-07T10:25:17.814365
2461137.935729166, A.D. 2026-Apr-07 10:27:27.0000,69.185631,-143492914.3243094,-41818102.2157244,-18147829.48583053,8.595406711409137,-25.7749187433222,-11.19036959300708,2026-04-07T10:26:17.814321
2461137.936423611, A.D. 2026-Apr-07 10:28:27.0000,69.185631,-143492398.5845486,-41819648.70471232,-18148500.90466731,8.595936686522318,-25.77476844173468,-11.19028185710735,2026-04-07T10:27:17.814358
2461137.937118056, A.D. 2026-Apr-07 10:29:27.0000,69.185631,-143491882.8130012,-41821195.1846772,-18149172.31823826,8.596466264572413,-25.77461797662628,-11.19019406576407,2026-04-07T10:28:17.814435
2461137.9378125, A.D. 2026-Apr-07 10:30:27.0000,69.185631,-143491367.00969,-41822741.65561238,-18149843.72654141,8.59699544725598,-25.77446734835094,-11.19010621904752,2026-04-07T10:29:17.814391
2461137.938506945, A.D. 2026-Apr-07 10:31:27.0000,69.185631,-143490851.1746397,-41824288.11750498,-18150515.1295721,8.597524236258316,-25.77431655726226,-11.19001831702847,2026-04-07T10:30:17.814428
2461137.939201389, A.D. 2026-Apr-07 10:32:27.0000,69.185631,-143490335.3078738,-41825834.57034523,-18151186.52732702,8.598052633255039,-25.77416560371757,-11.18993035977678,2026-04-07T10:31:17.814384
2461137.939895833, A.D. 2026-Apr-07 10:33:27.0000,69.185631,-143489819.4094149,-41827381.0141265,-18151857.91980418,8.598580639912893,-25.77401448807415,-11.18984234736203,2026-04-07T10:32:17.814340
2461137.940590278, A.D. 2026-Apr-07 10:34:27.0000,69.185631,-143489303.4792872,-41828927.44883601,-18152529.30699896,8.599108257887954,-25.77386321068666,-11.1897542798545,2026-04-07T10:33:17.814377
2461137.941284722, A.D. 2026-Apr-07 10:35:27.0000,69.185631,-143488787.5175141,-41830473.87446406,-18153200.68890806,8.599635488829499,-25.77371177190495,-11.18966615732507,2026-04-07T10:34:17.814373
2461137.941979167, A.D. 2026-Apr-07 10:36:27.0000,69.185631,-143488271.5241178,-41832020.29100399,-18153872.06552948,8.60016233437886,-25.77356017207762,-11.18957797984448,2026-04-07T10:35:17.814410
2461137.942673611, A.D. 2026-Apr-07 10:37:27.0000,69.185631,-143487755.4991223,-41833566.69844313,-18154543.43685861,8.600688796164397,-25.77340841155765,-11.18948974748306,2026-04-07T10:36:17.814366
2461137.943368055, A.D. 2026-Apr-07 10:38:27.0000,69.185631,-143487239.4425505,-41835113.09677185,-18155214.80289216,8.601214875806201,-25.77325649069809,-11.18940146031086,2026-04-07T10:37:17.814322
2461137.9440625, A.D. 2026-Apr-07 10:39:27.0000,69.185631,-143486723.3544245,-41836659.48598354,-18155886.16362816,8.601740574917688,-25.77310440984874,-11.18931311839817,2026-04-07T10:38:17.814359
2461137.944756945, A.D. 2026-Apr-07 10:40:27.0000,69.185631,-143486207.2347613,-41838205.86606952,-18156557.51907362,8.602266051285246,-25.77295226024813,-11.18922499368022,2026-04-07T10:39:17.814436
2461137.945451389, A.D. 2026-Apr-07 10:41:27.0000,69.185631,-143485691.0835864,-41839752.23702096,-18157228.86921971,8.60279099413804,-25.77279986045399,-11.18913654249991,2026-04-07T10:40:17.814392
2461137.946145833, A.D. 2026-Apr-07 10:42:27.0000,69.185631,-143485174.9009273,-41841298.59882054,-18157900.21405575,8.60331556124313,-25.77264730170837,-11.18904803679205,2026-04-07T10:41:17.814348
2461137.946840278, A.D. 2026-Apr-07 10:43:27.0000,69.185631,-143484658.6868034,-41842844.951468,-18158571.55358249,8.603839754179601,-25.77249458435886,-11.18895947662635,2026-04-07T10:42:17.814385
2461137.947534722, A.D. 2026-Apr-07 10:44:27.0000,69.185631,-143484142.4412402,-41844391.29494464,-18159242.88779267,8.604363574512334,-25.77234170875166,-11.18887086207393,2026-04-07T10:43:17.814341
2461137.948229167, A.D. 2026-Apr-07 10:45:27.0000,69.185631,-143483626.1642579,-41845937.62924706,-18159914.21668568,8.604887023804412,-25.77218867522703,-11.18878219320574,2026-04-07T10:44:17.814418
2461137.948923611, A.D. 2026-Apr-07 10:46:27.0000,69.185631,-143483109.8558797,-41847483.95436279,-18160585.54025695,8.605410103606737,-25.77203548412487,-11.18869347009324,2026-04-07T10:45:17.814374
2461137.949618055, A.D. 2026-Apr-07 10:47:27.0000,69.185631,-143482593.5161268,-41849030.27028534,-18161256.85850452,8.60593281546307,-25.77188213578872,-11.18860469280685,2026-04-07T10:46:17.814330
2461137.9503125, A.D. 2026-Apr-07 10:48:27.0000,69.185631,-143482077.1450223,-41850576.57700232,-18161928.17142384,8.606455160905497,-25.77172863056266,-11.18851586141708,2026-04-07T10:47:17.814367
2461137.951006944, A.D. 2026-Apr-07 10:49:27.0000,69.185631,-143481560.742588,-41852122.87450432,-18162599.47901168,8.606977141459854,-25.7715749687875,-11.18842697599464,2026-04-07T10:48:17.814323
2461137.951701389, A.D. 2026-Apr-07 10:50:27.0000,69.185631,-143481044.3088448,-41853669.16278504,-18163270.78126612,8.607498758645866,-25.77142115079912,-11.18833803661072,2026-04-07T10:49:17.814400
2461137.952395834, A.D. 2026-Apr-07 10:51:27.0000,69.185631,-143480527.8438164,-41855215.44182891,-18163942.07818124,8.608020013972055,-25.77126717693336,-11.1882490433371,2026-04-07T10:50:17.814437
2461137.953090278, A.D. 2026-Apr-07 10:52:27.0000,69.185631,-143480011.3475216,-41856761.71163581,-18164613.36975782,8.60854090894243,-25.77111304752837,-11.18815999624386,2026-04-07T10:51:17.814393
2461137.953784722, A.D. 2026-Apr-07 10:53:27.0000,69.185631,-143479494.819985,-41858307.97218719,-18165284.65598861,8.609061445046239,-25.77095876292449,-11.18807089540196,2026-04-07T10:52:17.814349
2461137.954479167, A.D. 2026-Apr-07 10:54:27.0000,69.185631,-143478978.2612258,-41859854.22348002,-18165955.93687312,8.609581623769952,-25.77080432345711,-11.18798174088173,2026-04-07T10:53:17.814386
2461137.955173611, A.D. 2026-Apr-07 10:55:27.0000,69.185631,-143478461.6712656,-41861400.46550483,-18166627.21240805,8.610101446592289,-25.77064972945813,-11.18789253275468,2026-04-07T10:54:17.814382
2461137.955868056, A.D. 2026-Apr-07 10:56:27.0000,69.185631,-143477945.0501277,-41862946.69824643,-18167298.4825876,8.6106209149805,-25.77049498125841,-11.18780327109243,2026-04-07T10:55:17.814419
2461137.9565625, A.D. 2026-Apr-07 10:57:27.0000,69.185631,-143477428.3978314,-41864492.92170154,-18167969.74741117,8.611140030398088,-25.77034007919215,-11.18771395596533,2026-04-07T10:56:17.814375
2461137.957256944, A.D. 2026-Apr-07 10:58:27.0000,69.185631,-143476911.7143977,-41866039.13586095,-18168641.00687554,8.611658794297423,-25.77018502359408,-11.18762458744379,2026-04-07T10:57:17.814331
2461137.957951389, A.D. 2026-Apr-07 10:59:27.0000,69.185631,-143476394.9998487,-41867585.34071252,-18169312.26097624,8.612177208122345,-25.77002981479598,-11.18753516559863,2026-04-07T10:58:17.814368
2461137.958645833, A.D. 2026-Apr-07 11:00:27.0000,69.185631,-143475878.2542053,-41869131.53624694,-18169983.50971002,8.612695273312088,-25.7698744531251,-11.18744569050128,2026-04-07T10:59:17.814364
2461137.959340278, A.D. 2026-Apr-07 11:01:27.0000,69.185631,-143475361.4774886,-41870677.72245505,-18170654.7530737,8.61321299129766,-25.76971893890741,-11.18735616222307,2026-04-07T11:00:17.814401
2461137.960034722, A.D. 2026-Apr-07 11:02:27.0000,69.185631,-143474844.6697181,-41872223.89933091,-18171325.99106545,8.613730363501489,-25.76956327247231,-11.18726658083428,2026-04-07T11:01:17.814357
2461137.960729167, A.D. 2026-Apr-07 11:03:27.0000,69.185631,-143474327.8309157,-41873770.06686214,-18171997.22368069,8.61424739133733,-25.76940745415067,-11.18717694640552,2026-04-07T11:02:17.814394
2461137.961423611, A.D. 2026-Apr-07 11:04:27.0000,69.185631,-143473810.9611018,-41875316.22503983,-18172668.45091633,8.614764076211442,-25.76925148426925,-11.18708725900732,2026-04-07T11:03:17.814350
2461137.962118056, A.D. 2026-Apr-07 11:05:27.0000,69.185631,-143473294.0602962,-41876862.37385783,-18173339.67277046,8.615280419526092,-25.76909536315042,-11.18699751871082,2026-04-07T11:04:17.814427
2461137.9628125, A.D. 2026-Apr-07 11:06:27.0000,69.185631,-143472777.1285203,-41878408.51330397,-18174010.88923855,8.615796422673645,-25.76893909111597,-11.18690772558742,2026-04-07T11:05:17.814383
2461137.963506944, A.D. 2026-Apr-07 11:07:27.0000,69.185631,-143472260.1657943,-41879954.64336935,-18174682.10031752,8.616312087038,-25.76878266849103,-11.18681787970745,2026-04-07T11:06:17.814339
2461137.964201389, A.D. 2026-Apr-07 11:08:27.0000,69.185631,-143471743.1721376,-41881500.764048,-18175353.30600552,8.61682741399689,-25.76862609560094,-11.18672798114093,2026-04-07T11:07:17.814376
2461137.964895833, A.D. 2026-Apr-07 11:09:27.0000,69.185631,-143471226.1475714,-41883046.87532773,-18176024.506298,8.617342404919818,-25.76846937276879,-11.18663802995858,2026-04-07T11:08:17.814332
2461137.965590278, A.D. 2026-Apr-07 11:10:27.0000,69.185631,-143470709.0921082,-41884592.97720648,-18176695.70120473,8.617857217400372,-25.76831259105556,-11.18654829811963,2026-04-07T11:09:17.814409
2461137.966284722, A.D. 2026-Apr-07 11:11:27.0000,69.185631,-143470192.0057729,-41886139.06967005,-18177366.89071442,8.618371540336614,-25.76815556929145,-11.18645824191852,2026-04-07T11:10:17.814365
2461137.966979166, A.D. 2026-Apr-07 11:12:27.0000,69.185631,-143469674.8885882,-41887685.15270785,-18178038.07481917,8.618885531305525,-25.76799839854078,-11.18636813331385,2026-04-07T11:11:17.814321
2461137.967673611, A.D. 2026-Apr-07 11:13:27.0000,69.185631,-143469157.740574,-41889231.226311,-18178709.25351586,8.619399191647558,-25.76784107912455,-11.18627797237557,2026-04-07T11:12:17.814358
2461137.968368056, A.D. 2026-Apr-07 11:14:27.0000,69.185631,-143468640.5617491,-41890777.29047357,-18179380.42680265,8.61991252269827,-25.76768361136062,-11.18618775917384,2026-04-07T11:13:17.814435
2461137.9690625, A.D. 2026-Apr-07 11:15:27.0000,69.185631,-143468123.3521342,-41892323.3451836,-18180051.59467506,8.620425525784947,-25.76752599556261,-11.18609749377968,2026-04-07T11:14:17.814391
2461137.969756945, A.D. 2026-Apr-07 11:16:27.0000,69.185631,-143467606.1117489,-41893869.39043234,-18180722.75713003,8.620938202228537,-25.76736823204269,-11.18600717626384,2026-04-07T11:15:17.814428
2461137.970451389, A.D. 2026-Apr-07 11:17:27.0000,69.185631,-143467088.8406118,-41895415.42621393,-18181393.91416572,8.62145055334336,-25.76721032111693,-11.18591680669618,2026-04-07T11:16:17.814384
2461137.971145833, A.D. 2026-Apr-07 11:18:27.0000,69.185631,-143466571.5387434,-41896961.45251641,-18182065.06577767,8.621962580434245,-25.76705226310224,-11.18582638514661,2026-04-07T11:17:17.814340
2461137.971840278, A.D. 2026-Apr-07 11:19:27.0000,69.185631,-143466054.2061622,-41898507.4693341,-18182736.21196411,8.62247428480162,-25.76689405831175,-11.18573591168498,2026-04-07T11:18:17.814377
2461137.972534722, A.D. 2026-Apr-07 11:20:27.0000,69.185631,-143465536.8428883,-41900053.47665507,-18183407.35272058,8.62298566773847,-25.76673570705461,-11.18564538638205,2026-04-07T11:19:17.814373
2461137.973229167, A.D. 2026-Apr-07 11:21:27.0000,69.185631,-143465019.448941,-41901599.47447066,-18184078.488044,8.623496730531532,-25.76657720963849,-11.18555480930832,2026-04-07T11:20:17.814410
2461137.973923611, A.D. 2026-Apr-07 11:22:27.0000,69.185631,-143464502.0243396,-41903145.462772,-18184749.61793125,8.624007474460253,-25.76641856637531,-11.18546418053353,2026-04-07T11:21:17.814366
2461137.974618055, A.D. 2026-Apr-07 11:23:27.0000,69.185631,-143463984.5691022,-41904691.44155341,-18185420.74238053,8.624517900797567,-25.76625977757679,-11.18537350012695,2026-04-07T11:22:17.814322
2461137.9753125, A.D. 2026-Apr-07 11:24:27.0000,69.185631,-143463467.0832486,-41906237.41080326,-18186091.8613875,8.62502801080789,-25.76610084355197,-11.18528276815842,2026-04-07T11:23:17.814359
2461137.976006945, A.D. 2026-Apr-07 11:25:27.0000,69.185631,-143462949.5667969,-41907783.37051573,-18186762.97495031,8.625537805753392,-25.76594176460512,-11.18519198469809,2026-04-07T11:24:17.814436
2461137.976701389, A.D. 2026-Apr-07 11:26:27.0000,69.185631,-143462432.0197681,-41909329.32067603,-18187434.08306323,8.62604728688598,-25.76578254104018,-11.18510114981655,2026-04-07T11:25:17.814392
2461137.977395833, A.D. 2026-Apr-07 11:27:27.0000,69.185631,-143461914.4421786,-41910875.26128175,-18188105.18572589,8.626556455453253,-25.76562317316352,-11.18501026358272,2026-04-07T11:26:17.814348
2461137.978090278, A.D. 2026-Apr-07 11:28:27.0000,69.185631,-143461396.8340475,-41912421.1923241,-18188776.28293516,8.627065312695024,-25.76546366128294,-11.18491932606581,2026-04-07T11:27:17.814385
2461137.978784722, A.D. 2026-Apr-07 11:29:27.0000,69.185631,-143460879.1953942,-41913967.11379147,-18189447.37468665,8.627573859843398,-25.76530400570311,-11.18482833733531,2026-04-07T11:28:17.814341
2461137.979479167, A.D. 2026-Apr-07 11:30:27.0000,69.185631,-143460361.5262375,-41915513.02567515,-18190118.46097727,8.62808209812698,-25.76514420672399,-11.1847372974612,2026-04-07T11:29:17.814418
2461137.980173611, A.D. 2026-Apr-07 11:31:27.0000,69.185631,-143459843.8265958,-41917058.92796663,-18190789.54180398,8.628590028767325,-25.76498426464431,-11.18464620651327,2026-04-07T11:30:17.814374
2461137.980868055, A.D. 2026-Apr-07 11:32:27.0000,69.185631,-143459326.0964863,-41918604.82066039,-18191460.61716505,8.629097652979764,-25.76482417976656,-11.18455506456037,2026-04-07T11:31:17.814330
2461137.9815625, A.D. 2026-Apr-07 11:33:27.0000,69.185631,-143458808.3359286,-41920150.70374485,-18192131.68705609,8.629604971970648,-25.76466395239406,-11.18446387167138,2026-04-07T11:32:17.814367
2461137.982256944, A.D. 2026-Apr-07 11:34:27.0000,69.185631,-143458290.5449409,-41921696.57721136,-18192802.75147403,8.630111986942417,-25.76450358282704,-11.18437262791536,2026-04-07T11:33:17.814323
2461137.982951389, A.D. 2026-Apr-07 11:35:27.0000,69.185631,-143457772.7235404,-41923242.44105452,-18193473.81041715,8.63061869909281,-25.76434307136047,-11.18428133336162,2026-04-07T11:34:17.814400
2461137.983645834, A.D. 2026-Apr-07 11:36:27.0000,69.185631,-143457254.8717464,-41924788.29526268,-18194144.86388106,8.631125109611947,-25.76418241828921,-11.18418998807983,2026-04-07T11:35:17.814437
2461137.984340278, A.D. 2026-Apr-07 11:37:27.0000,69.185631,-143456736.9895756,-41926334.13983057,-18194815.91186409,8.631631219683634,-25.76402162391103,-11.18409859213834,2026-04-07T11:36:17.814393
2461137.985034722, A.D. 2026-Apr-07 11:38:27.0000,69.185631,-143456219.0770483,-41927879.97474351,-18195486.95436053,8.632137030483047,-25.76386068852536,-11.18400714560587,2026-04-07T11:37:17.814349
2461137.985729167, A.D. 2026-Apr-07 11:39:27.0000,69.185631,-143455701.1341803,-41929425.7999992,-18196157.99137,8.632642543183639,-25.76369961242717,-11.18391564855063,2026-04-07T11:38:17.814386
2461137.986423611, A.D. 2026-Apr-07 11:40:27.0000,69.185631,-143455183.1609828,-41930971.61559305,-18196829.02290105,8.633147915225564,-25.76353848650146,-11.18382437295411,2026-04-07T11:39:17.814382
2461137.987118056, A.D. 2026-Apr-07 11:41:27.0000,69.185631,-143454665.1574796,-41932517.42150813,-18197500.04894112,8.633652835221136,-25.76337712985105,-11.18373277506092,2026-04-07T11:40:17.814419
2461137.9878125, A.D. 2026-Apr-07 11:42:27.0000,69.185631,-143454147.123689,-41934063.21774077,-18198171.06948517,8.634157460598594,-25.76321563336296,-11.18364112685119,2026-04-07T11:41:17.814375
2461137.988506944, A.D. 2026-Apr-07 11:43:27.0000,69.185631,-143453629.0596287,-41935609.00428251,-18198842.08453016,8.634661792505339,-25.7630539973316,-11.18354942839283,2026-04-07T11:42:17.814331
2461137.989201389, A.D. 2026-Apr-07 11:44:27.0000,69.185631,-143453110.9653184,-41937154.78111883,-18199513.09407039,8.63516583208158,-25.76289222204888,-11.18345767975434,2026-04-07T11:43:17.814368
2461137.989895833, A.D. 2026-Apr-07 11:45:27.0000,69.185631,-143452592.8407733,-41938700.54824756,-18200184.09810555,8.635669580466361,-25.76273030780069,-11.18336588100397,2026-04-07T11:44:17.814364
2461137.990590278, A.D. 2026-Apr-07 11:46:27.0000,69.185631,-143452074.6860112,-41940246.30566033,-18200855.09663261,8.636173038791465,-25.76256825487278,-11.1832740322103,2026-04-07T11:45:17.814401
2461137.991284722, A.D. 2026-Apr-07 11:47:27.0000,69.185631,-143451556.5010512,-41941792.05334272,-18201526.08964593,8.636676208179313,-25.76240606355521,-11.18318213344138,2026-04-07T11:46:17.814357
2461137.991979167, A.D. 2026-Apr-07 11:48:27.0000,69.185631,-143451038.2859087,-41943337.79129259,-18202197.07714516,8.637179089750187,-25.76224373413725,-11.18309018476424,2026-04-07T11:47:17.814394
2461137.992673611, A.D. 2026-Apr-07 11:49:27.0000,69.185631,-143450520.0406009,-41944883.51950163,-18202868.05912731,8.637681684617466,-25.76208126690609,-11.18299818624657,2026-04-07T11:48:17.814350
2461137.993368056, A.D. 2026-Apr-07 11:50:27.0000,69.185631,-143450001.7651471,-41946429.23795547,-18203539.03558675,8.638183993888083,-25.7619186621442,-11.18290613795682,2026-04-07T11:49:17.814427
2461137.9940625, A.D. 2026-Apr-07 11:51:27.0000,69.185631,-143449483.4595623,-41947974.94665192,-18204210.00652311,8.638686018667899,-25.76175592013233,-11.18281403996273,2026-04-07T11:50:17.814383
2461137.994756944, A.D. 2026-Apr-07 11:52:27.0000,69.185631,-143448965.1238645,-41949520.64557977,-18204880.97193211,8.639187760051314,-25.76159304115661,-11.18272189233173,2026-04-07T11:51:17.814339
2461137.995451389, A.D. 2026-Apr-07 11:53:27.0000,69.185631,-143448446.7580697,-41951066.33473392,-18205551.93181212,8.639689219130059,-25.76143002550191,-11.18262969513049,2026-04-07T11:52:17.814376
2461137.996145833, A.D. 2026-Apr-07 11:54:27.0000,69.185631,-143447928.3621958,-41952612.01410295,-18206222.88615879,8.640190396990235,-25.76126687345007,-11.18253744842622,2026-04-07T11:53:17.814332
2461137.996840278, A.D. 2026-Apr-07 11:55:27.0000,69.185631,-143447409.9362597,-41954157.68367887,-18206893.8349692,8.640691294711091,-25.76110358528076,-11.18244515228674,2026-04-07T11:54:17.814409
2461137.997534722, A.D. 2026-Apr-07 11:56:27.0000,69.185631,-143446891.4802781,-41955703.34345339,-18207564.77824036,8.641191913368209,-25.76094016127205,-11.18235280677976,2026-04-07T11:55:17.814365
2461137.998229166, A.D. 2026-Apr-07 11:57:27.0000,69.185631,-143446372.9942668,-41957248.9934215,-18208235.71597066,8.641692254035547,-25.76077660169962,-11.18226041197113,2026-04-07T11:56:17.814321
2461137.998923611, A.D. 2026-Apr-07 11:58:27.0000,69.185631,-143445854.4782434,-41958794.63357195,-18208906.64815578,8.642192317773736,-25.76061290684767,-11.18216796792775,2026-04-07T11:57:17.814358
2461137.999618056, A.D. 2026-Apr-07 11:59:27.0000,69.185631,-143445335.9322234,-41960340.26389974,-18209577.57479413,8.642692105635778,-25.76044907700225,-11.18207547471708,2026-04-07T11:58:17.814435
2461138.0003125, A.D. 2026-Apr-07 12:00:27.0000,69.185631,-143444817.3562244,-41961885.88439377,-18210248.49588143,8.643191618685385,-25.7602851124247,-11.18198293240474,2026-04-07T11:59:17.814391
2461138.001006945, A.D. 2026-Apr-07 12:01:27.0000,69.185631,-143444298.7502629,-41963431.49504587,-18210919.41141473,8.643690857977004,-25.7601210133821,-11.18189034105702,2026-04-07T12:00:17.814428
2461138.001701389, A.D. 2026-Apr-07 12:02:27.0000,69.185631,-143443780.1143552,-41964977.09584799,-18211590.32139106,8.644189824527542,-25.75995678018307,-11.18179770074421,2026-04-07T12:01:17.814384
2461138.002395833, A.D. 2026-Apr-07 12:03:27.0000,69.185631,-143443261.4485168,-41966522.68679516,-18212261.22580884,8.64468851938841,-25.75979241308809,-11.18170501152983,2026-04-07T12:02:17.814340
2461138.003090278, A.D. 2026-Apr-07 12:04:27.0000,69.185631,-143442742.7527647,-41968068.26787637,-18212932.12466384,8.645186943633654,-25.75962791231845,-11.18161227347317,2026-04-07T12:03:17.814377
2461138.003784722, A.D. 2026-Apr-07 12:05:27.0000,69.185631,-143442224.0271153,-41969613.83908352,-18213603.01795309,8.645685098226236,-25.7594632782259,-11.18151948665152,2026-04-07T12:04:17.814373
2461138.004479167, A.D. 2026-Apr-07 12:06:27.0000,69.185631,-143441705.2715838,-41971159.40041167,-18214273.90567498,8.646182984159827,-25.75929851111724,-11.18142665113617,2026-04-07T12:05:17.814410
2461138.005173611, A.D. 2026-Apr-07 12:07:27.0000,69.185631,-143441186.4861871,-41972704.95184988,-18214944.78782532,8.646680602618527,-25.75913361105616,-11.18133376696559,2026-04-07T12:06:17.814366
2461138.005868055, A.D. 2026-Apr-07 12:08:27.0000,69.185631,-143440667.6709414,-41974250.49339008,-18215615.66440114,8.647177954528168,-25.75896857842283,-11.18124083421905,2026-04-07T12:07:17.814322
2461138.0065625, A.D. 2026-Apr-07 12:09:27.0000,69.185631,-143440148.8258615,-41975796.02502739,-18216286.53540086,8.647675040619117,-25.75880341383155,-11.18114785300677,2026-04-07T12:08:17.814359
2461138.007256945, A.D. 2026-Apr-07 12:10:27.0000,69.185631,-143439629.9509578,-41977341.54675481,-18216957.40083187,8.6481720182686,-25.7586382079219,-11.18105509532185,2026-04-07T12:09:17.814436
2461138.007951389, A.D. 2026-Apr-07 12:11:27.0000,69.185631,-143439111.04625,-41978887.058562,-18217628.26068437,8.648668576780413,-25.75847277889891,-11.18096201720536,2026-04-07T12:10:17.814392
2461138.008645833, A.D. 2026-Apr-07 12:12:27.0000,69.185631,-143438592.1117555,-41980432.56044268,-18218299.1149521,8.649164871960911,-25.75830721934298,-11.18086889090169,2026-04-07T12:11:17.814348
2461138.009340278, A.D. 2026-Apr-07 12:13:27.0000,69.185631,-143438073.1474914,-41981978.05238579,-18218969.96363079,8.649660905683291,-25.75814152842334,-11.18077571633224,2026-04-07T12:12:17.814385
2461138.010034722, A.D. 2026-Apr-07 12:14:27.0000,69.185631,-143437554.1534729,-41983523.53438351,-18219640.80671756,8.65015668012971,-25.75797570488558,-11.18068249336494,2026-04-07T12:13:17.814341
2461138.010729167, A.D. 2026-Apr-07 12:15:27.0000,69.185631,-143437035.1297159,-41985069.00642806,-18220311.64420955,8.65065218719888,-25.75780975865917,-11.18058922337353,2026-04-07T12:14:17.814418
2461138.011423611, A.D. 2026-Apr-07 12:16:27.0000,69.185631,-143436516.0762359,-41986614.46851546,-18220982.47610529,8.651147410363857,-25.7576436955648,-11.1804959076095,2026-04-07T12:15:17.814374
2461138.012118055, A.D. 2026-Apr-07 12:17:27.0000,69.185631,-143435996.9930514,-41988159.92063522,-18221653.30240069,8.651642344043323,-25.75747750281774,-11.18040254503597,2026-04-07T12:16:17.814330
2461138.0128125, A.D. 2026-Apr-07 12:18:27.0000,69.185631,-143435477.8801783,-41989705.36278226,-18222324.12309424,8.652136993081553,-25.7573111645645,-11.18030913393346,2026-04-07T12:17:17.814367
2461138.013506944, A.D. 2026-Apr-07 12:19:27.0000,69.185631,-143434958.7376357,-41991250.79494119,-18222994.9381803,8.652631369117632,-25.75714466669671,-11.18021567252116,2026-04-07T12:18:17.814323
2461138.014201389, A.D. 2026-Apr-07 12:20:27.0000,69.185631,-143434439.5654373,-41992796.21710853,-18223665.74765846,8.653125489295592,-25.75697801299505,-11.1801221606498,2026-04-07T12:19:17.814400
2461138.014895834, A.D. 2026-Apr-07 12:21:27.0000,69.185631,-143433920.3635981,-41994341.62927552,-18224336.5515258,8.653619358635432,-25.75681121928638,-11.18002859982971,2026-04-07T12:20:17.814437
2461138.015590278, A.D. 2026-Apr-07 12:22:27.0000,69.185631,-143433401.1321353,-41995887.0314279,-18225007.34977673,8.654112975440217,-25.75664429577887,-11.17993499123548,2026-04-07T12:21:17.814393
2461138.016284722, A.D. 2026-Apr-07 12:23:27.0000,69.185631,-143432881.8710622,-41997432.42356414,-18225678.14241105,8.654606339548671,-25.7564772455028,-11.17984133525333,2026-04-07T12:22:17.814349
2461138.016979167, A.D. 2026-Apr-07 12:24:27.0000,69.185631,-143432362.5803938,-41998977.80567657,-18226348.92942593,8.655099452781185,-25.75631006649896,-11.17974763168929,2026-04-07T12:23:17.814386
2461138.017673611, A.D. 2026-Apr-07 12:25:27.0000,69.185631,-143431843.2601472,-42000523.1777513,-18227019.71081581,8.65559231618892,-25.75614275872385,-11.17965388057197,2026-04-07T12:24:17.814382
2461138.018368056, A.D. 2026-Apr-07 12:26:27.0000,69.185631,-143431323.9103352,-42002068.53978685,-18227690.48658057,8.656084930238528,-25.75597532359652,-11.17956008209957,2026-04-07T12:25:17.814419
2461138.0190625, A.D. 2026-Apr-07 12:27:27.0000,69.185631,-143430804.5309738,-42003613.89177252,-18228361.25671601,8.656577295993387,-25.75580776101981,-11.17946623629519,2026-04-07T12:26:17.814375
2461138.019756944, A.D. 2026-Apr-07 12:28:27.0000,69.185631,-143430285.1220769,-42005159.23370368,-18229032.02122062,8.657069414531149,-25.75564007084771,-11.17937234317599,2026-04-07T12:27:17.814331
2461138.020451389, A.D. 2026-Apr-07 12:29:27.0000,69.185631,-143429765.6836604,-42006704.56556955,-18229702.78009021,8.657561286632333,-25.7554722536694,-11.17927840284429,2026-04-07T12:28:17.814368
2461138.021145833, A.D. 2026-Apr-07 12:30:27.0000,69.185631,-143429246.2157388,-42008249.88736269,-18230373.533322,8.658052913187168,-25.75530430978246,-11.1791844153679,2026-04-07T12:29:17.814364
2461138.021840278, A.D. 2026-Apr-07 12:31:27.0000,69.185631,-143428726.7183271,-42009795.19907533,-18231044.2809131,8.658544295171744,-25.75513623925917,-11.17909038078868,2026-04-07T12:30:17.814401
2461138.022534722, A.D. 2026-Apr-07 12:32:27.0000,69.185631,-143428207.1914388,-42011340.5007031,-18231715.02286208,8.6590354334668,-25.75496804240378,-11.17899629917595,2026-04-07T12:31:17.814357
2461138.023229167, A.D. 2026-Apr-07 12:33:27.0000,69.185631,-143427687.6350895,-42012885.7922352,-18232385.75916474,8.65952632894451,-25.75479971952836,-11.1789021706002,2026-04-07T12:32:17.814394
2461138.023923611, A.D. 2026-Apr-07 12:34:27.0000,69.185631,-143427168.0492937,-42014431.07366426,-18233056.4898183,8.660016982516737,-25.75463127083027,-11.17880799511777,2026-04-07T12:33:17.814350
2461138.024618056, A.D. 2026-Apr-07 12:35:27.0000,69.185631,-143426648.434065,-42015976.34498563,-18233727.21482125,8.660507395075628,-25.75446269654898,-11.17871377278956,2026-04-07T12:34:17.814427
2461138.0253125, A.D. 2026-Apr-07 12:36:27.0000,69.185631,-143426128.7894188,-42017521.60618884,-18234397.93416948,8.660997567492617,-25.75429399695891,-11.17861950368083,2026-04-07T12:35:17.814383
2461138.026006944, A.D. 2026-Apr-07 12:37:27.0000,69.185631,-143425609.1153694,-42019066.85726629,-18235068.64786014,8.661487500650523,-25.75412517230014,-11.17852518785323,2026-04-07T12:36:17.814339
2461138.026701389, A.D. 2026-Apr-07 12:38:27.0000,69.185631,-143425089.4119302,-42020612.09821359,-18235739.3558918,8.661977195430133,-25.75395622280839,-11.17843082536793,2026-04-07T12:37:17.814376
2461138.027395833, A.D. 2026-Apr-07 12:39:27.0000,69.185631,-143424569.6791165,-42022157.32902022,-18236410.05826033,8.662466652699806,-25.75378714873458,-11.17833641628788,2026-04-07T12:38:17.814332
2461138.028090278, A.D. 2026-Apr-07 12:40:27.0000,69.185631,-143424049.9169494,-42023702.54967465,-18237080.75497418,8.662955707574941,-25.75361785409244,-11.1782422249306,2026-04-07T12:39:17.814409
2461138.028784722, A.D. 2026-Apr-07 12:41:27.0000,69.185631,-143423530.1254393,-42025247.76017167,-18237751.44602388,8.663444692416393,-25.75344853159073,-11.17814772284406,2026-04-07T12:40:17.814365
2461138.029479166, A.D. 2026-Apr-07 12:42:27.0000,69.185631,-143423010.3045959,-42026792.96050877,-18238422.13140343,8.663933442340301,-25.75327908523096,-11.17805317434687,2026-04-07T12:41:17.814321
2461138.030173611, A.D. 2026-Apr-07 12:43:27.0000,69.185631,-143422490.4544347,-42028338.15067539,-18239092.81110867,8.664421958197885,-25.75310951526149,-11.177958579501,2026-04-07T12:42:17.814358
2461138.030868056, A.D. 2026-Apr-07 12:44:27.0000,69.185631,-143421970.5749685,-42029883.33066715,-18239763.48513817,8.66491024083247,-25.75293982193552,-11.17786393836659,2026-04-07T12:43:17.814435
2461138.0315625, A.D. 2026-Apr-07 12:45:27.0000,69.185631,-143421450.6662135,-42031428.50047056,-18240434.15348648,8.665398291102077,-25.75277000547211,-11.1777692510055,2026-04-07T12:44:17.814391
2461138.032256945, A.D. 2026-Apr-07 12:46:27.0000,69.185631,-143420930.7281813,-42032973.6600844,-18241104.81615351,8.665886109857428,-25.75260006610027,-11.17767451747849,2026-04-07T12:45:17.814428
2461138.032951389, A.D. 2026-Apr-07 12:47:27.0000,69.185631,-143420410.7608859,-42034518.8095013,-18241775.47313649,8.666373697902504,-25.75243000411294,-11.17757973784423,2026-04-07T12:46:17.814384
2461138.033645833, A.D. 2026-Apr-07 12:48:27.0000,69.185631,-143419890.7643433,-42036063.94870768,-18242446.12442996,8.666861056088786,-25.75225981972225,-11.17748491216555,2026-04-07T12:47:17.814340
2461138.034340278, A.D. 2026-Apr-07 12:49:27.0000,69.185631,-143419370.7385649,-42037609.07770251,-18243116.77003388,8.667348185307125,-25.75208951307542,-11.17739004050669,2026-04-07T12:48:17.814377
2461138.035034722, A.D. 2026-Apr-07 12:50:27.0000,69.185631,-143418850.6835658,-42039154.19647515,-18243787.40994409,8.667835086293497,-25.75191908454634,-11.17729512292122,2026-04-07T12:49:17.814373
2461138.035729167, A.D. 2026-Apr-07 12:51:27.0000,69.185631,-143418330.5993583,-42040699.30502161,-18244458.04415923,8.668321759827919,-25.75174853443543,-11.17720015946555,2026-04-07T12:50:17.814410
2461138.036423611, A.D. 2026-Apr-07 12:52:27.0000,69.185631,-143417810.4859573,-42042244.40333141,-18245128.6726752,8.668808206959653,-25.75157786262832,-11.17710515021732,2026-04-07T12:51:17.814366
2461138.037118055, A.D. 2026-Apr-07 12:53:27.0000,69.185631,-143417290.3433763,-42043789.49139722,-18245799.29548922,8.669294428388353,-25.75140706953711,-11.17701009522846,2026-04-07T12:52:17.814322
2461138.0378125, A.D. 2026-Apr-07 12:54:27.0000,69.185631,-143416770.1716287,-42045334.56921191,-18246469.91259861,8.669780424544017,-25.75123615597595,-11.17691499453034,2026-04-07T12:53:17.814359
2461138.038506945, A.D. 2026-Apr-07 12:55:27.0000,69.185631,-143416249.9707271,-42046879.63677119,-18247140.5240019,8.670266196831948,-25.75106512126758,-11.17681984822631,2026-04-07T12:54:17.814436
2461138.039201389, A.D. 2026-Apr-07 12:56:27.0000,69.185631,-143415729.7406859,-42048424.69406481,-18247811.12969508,8.670751746306133,-25.75089396526465,-11.17672465639098,2026-04-07T12:55:17.814392
2461138.039895833, A.D. 2026-Apr-07 12:57:27.0000,69.185631,-143415209.4815184,-42049969.74108546,-18248481.72967537,8.671237072224764,-25.75072269054769,-11.17662941897224,2026-04-07T12:56:17.814348
2461138.040590278, A.D. 2026-Apr-07 12:58:27.0000,69.185631,-143414689.1932371,-42051514.77782912,-18249152.32394139,8.671722176637301,-25.75055129544161,-11.17653413612124,2026-04-07T12:57:17.814385
2461138.041284722, A.D. 2026-Apr-07 12:59:27.0000,69.185631,-143414168.8758561,-42053059.80428538,-18249822.91248908,8.6722070619391,-25.75037977776253,-11.17643880799086,2026-04-07T12:58:17.814341
2461138.041979167, A.D. 2026-Apr-07 13:00:27.0000,69.185631,-143413648.5293888,-42054604.8204473,-18250493.49531568,8.672691717563508,-25.75020815679693,-11.17634343233791,2026-04-07T12:59:17.814418
2461138.042673611, A.D. 2026-Apr-07 13:01:27.0000,69.185631,-143413128.1538493,-42056149.82630965,-18251164.07241802,8.673176138365992,-25.75003645934803,-11.17624799420316,2026-04-07T13:00:17.814374
2461138.043368055, A.D. 2026-Apr-07 13:02:27.0000,69.185631,-143412607.7492501,-42057694.821871,-18251834.64379297,8.673660342393138,-25.74986468598609,-11.17615247277846,2026-04-07T13:01:17.814330
2461138.0440625, A.D. 2026-Apr-07 13:03:27.0000,69.185631,-143412087.3156047,-42059239.80712325,-18252505.20943391,8.674144351409529,-25.74969281682235,-11.17605685982008,2026-04-07T13:02:17.814367
2461138.044756944, A.D. 2026-Apr-07 13:04:27.0000,69.185631,-143411566.8529243,-42060784.78205983,-18253175.76933551,8.674628173925369,-25.74952082902502,-11.17596116533158,2026-04-07T13:03:17.814323
2461138.045451389, A.D. 2026-Apr-07 13:05:27.0000,69.185631,-143411046.3612195,-42062329.74667648,-18253846.32349491,8.675111795813331,-25.74934871696214,-11.1758654120037,2026-04-07T13:04:17.814400
2461138.046145834, A.D. 2026-Apr-07 13:06:27.0000,69.185631,-143410525.840504,-42063874.70096287,-18254516.87190778,8.675595199851069,-25.74917648780323,-11.1757696155693,2026-04-07T13:05:17.814437
2461138.046840278, A.D. 2026-Apr-07 13:07:27.0000,69.185631,-143410005.2907906,-42065419.64491203,-18255187.4145716,8.676078387684976,-25.74900414131628,-11.17567377541096,2026-04-07T13:06:17.814393
2461138.047534722, A.D. 2026-Apr-07 13:08:27.0000,69.185631,-143409484.7120914,-42066964.5785199,-18255857.95148494,8.676561363684527,-25.74883167603507,-11.17557788869122,2026-04-07T13:07:17.814349
2461138.048229167, A.D. 2026-Apr-07 13:09:27.0000,69.185631,-143408964.1044201,-42068509.50177636,-18256528.48264373,8.677044126089086,-25.74865909336447,-11.17548195749201,2026-04-07T13:08:17.814386
2461138.048923611, A.D. 2026-Apr-07 13:10:27.0000,69.185631,-143408443.4677909,-42070054.4146855,-18257199.00803718,8.677526642215145,-25.7484866557849,-11.17538579038149,2026-04-07T13:09:17.814382
2461138.049618056, A.D. 2026-Apr-07 13:11:27.0000,69.185631,-143407922.8022156,-42071599.31723374,-18257869.52766742,8.678008980227128,-25.74831383874045,-11.17528976996503,2026-04-07T13:10:17.814419
2461138.0503125, A.D. 2026-Apr-07 13:12:27.0000,69.185631,-143407402.1077054,-42073144.20941254,-18258540.04153645,8.678491107443493,-25.74814090470504,-11.17519370480028,2026-04-07T13:11:17.814375
2461138.051006944, A.D. 2026-Apr-07 13:13:27.0000,69.185631,-143406881.3842739,-42074689.09121179,-18259210.54964022,8.67897302413689,-25.74796785412117,-11.17509759532105,2026-04-07T13:12:17.814331
2461138.051701389, A.D. 2026-Apr-07 13:14:27.0000,69.185631,-143406360.6319337,-42076233.96262451,-18259881.0519761,8.679454731439968,-25.7477946870257,-11.17500144127451,2026-04-07T13:13:17.814368
2461138.052395833, A.D. 2026-Apr-07 13:15:27.0000,69.185631,-143405839.8506963,-42077778.82364676,-18260551.54854272,8.679936230146282,-25.74762140361048,-11.17490524267296,2026-04-07T13:14:17.814364
2461138.053090278, A.D. 2026-Apr-07 13:16:27.0000,69.185631,-143405319.0405753,-42079323.67426857,-18261222.03933612,8.68041752077781,-25.74744800419027,-11.17480899973838,2026-04-07T13:15:17.814401
2461138.053784722, A.D. 2026-Apr-07 13:17:27.0000,69.185631,-143404798.2015831,-42080868.51448295,-18261892.52435361,8.680898604125042,-25.74727448895164,-11.17471271247645,2026-04-07T13:16:17.814357
2461138.054479167, A.D. 2026-Apr-07 13:18:27.0000,69.185631,-143404277.3337311,-42082413.34428602,-18262563.00359387,8.681379480987976,-25.74710085807713,-11.17461638088655,2026-04-07T13:17:17.814394
2461138.055173611, A.D. 2026-Apr-07 13:19:27.0000,69.185631,-143403756.4370337,-42083958.16366469,-18263233.47705157,8.681860152030472,-25.74692711181315,-11.17452000507541,2026-04-07T13:18:17.814350
2461138.055868056, A.D. 2026-Apr-07 13:20:27.0000,69.185631,-143403235.5115012,-42085502.97261824,-18263903.94472676,8.682340617965378,-25.74675325037826,-11.17442358510631,2026-04-07T13:19:17.814427
2461138.0565625, A.D. 2026-Apr-07 13:21:27.0000,69.185631,-143402714.5571459,-42087047.77113971,-18264574.40661674,8.682820879539717,-25.74657927397038,-11.17432712100834,2026-04-07T13:20:17.814383
2461138.057256944, A.D. 2026-Apr-07 13:22:27.0000,69.185631,-143402193.573981,-42088592.55921922,-18265244.86271759,8.68330093745544,-25.74640518280597,-11.17423061284287,2026-04-07T13:21:17.814339
2461138.057951389, A.D. 2026-Apr-07 13:23:27.0000,69.185631,-143401672.5620198,-42090137.33684667,-18265915.31302527,8.683780792411419,-25.74623097710449,-11.17413406067591,2026-04-07T13:22:17.814376
2461138.058645833, A.D. 2026-Apr-07 13:24:27.0000,69.185631,-143401151.5212712,-42091682.10402461,-18266585.75754121,8.684260445126807,-25.7460566570754,-11.17403746455899,2026-04-07T13:23:17.814332
2461138.059340278, A.D. 2026-Apr-07 13:25:27.0000,69.185631,-143400630.4517507,-42093226.86073679,-18267256.19625871,8.684739896306644,-25.74588222292953,-11.17394082454509,2026-04-07T13:24:17.814409
2461138.060034722, A.D. 2026-Apr-07 13:26:27.0000,69.185631,-143400109.3534681,-42094771.6069826,-18267926.62917784,8.68521914664757,-25.74570767487704,-11.17384414069031,2026-04-07T13:25:17.814365
2461138.060729166, A.D. 2026-Apr-07 13:27:27.0000,69.185631,-143399588.2264366,-42096316.34275208,-18268597.05629461,8.68569819684095,-25.74553301313045,-11.17374741305361,2026-04-07T13:26:17.814321
2461138.061423611, A.D. 2026-Apr-07 13:28:27.0000,69.185631,-143399067.070667,-42097861.06804157,-18269267.47760777,8.686177047586604,-25.74535823789657,-11.17365064168617,2026-04-07T13:27:17.814358
2461138.062118056, A.D. 2026-Apr-07 13:29:27.0000,69.185631,-143398545.8861734,-42099405.78283806,-18269937.89311199,8.686655699583799,-25.74518334938119,-11.17355382663664,2026-04-07T13:28:17.814435
2461138.0628125, A.D. 2026-Apr-07 13:30:27.0000,69.185631,-143398024.6729656,-42100950.48714098,-18270608.30280736,8.687134153508559,-25.74500834780171,-11.17345696797532,2026-04-07T13:29:17.814391
2461138.063506945, A.D. 2026-Apr-07 13:31:27.0000,69.185631,-143397503.4310555,-42102495.18094343,-18271278.70669122,8.687612410038584,-25.74483323336879,-11.17336006576231,2026-04-07T13:30:17.814428
2461138.064201389, A.D. 2026-Apr-07 13:32:27.0000,69.185631,-143396982.160457,-42104039.8642326,-18271949.10475832,8.688090469886946,-25.74465800626352,-11.17326312001159,2026-04-07T13:31:17.814384
2461138.064895833, A.D. 2026-Apr-07 13:33:27.0000,69.185631,-143396460.8611796,-42105584.53700791,-18272619.49700873,8.688568333717289,-25.74448266670439,-11.17316613079766,2026-04-07T13:32:17.814340
2461138.065590278, A.D. 2026-Apr-07 13:34:27.0000,69.185631,-143395939.5332365,-42107129.19925941,-18273289.88343847,8.689046002148924,-25.74430721494114,-11.17306909824337,2026-04-07T13:33:17.814377
2461138.066284722, A.D. 2026-Apr-07 13:35:27.0000,69.185631,-143395418.176638,-42108673.85098356,-18273960.2640463,8.689523475944547,-25.74413165111427,-11.17297202230179,2026-04-07T13:34:17.814373
2461138.066979167, A.D. 2026-Apr-07 13:36:27.0000,69.185631,-143394896.791398,-42110218.49216741,-18274630.63882693,8.690000755814221,-25.743955975396,-11.17287490297634,2026-04-07T13:35:17.814410
2461138.067673611, A.D. 2026-Apr-07 13:37:27.0000,69.185631,-143394375.377526,-42111763.1228105,-18275301.00778046,8.69047784219669,-25.74378018815174,-11.17277774057789,2026-04-07T13:36:17.814366
2461138.068368055, A.D. 2026-Apr-07 13:38:27.0000,69.185631,-143393853.9350335,-42113307.74290611,-18275971.3709043,8.690954735870092,-25.74360428950317,-11.17268053503191,2026-04-07T13:37:17.814322
2461138.0690625, A.D. 2026-Apr-07 13:39:27.0000,69.185631,-143393332.4639344,-42114852.35244133,-18276641.72819315,8.691431437876087,-25.74342827938207,-11.17258328596426,2026-04-07T13:38:17.814359
2461138.069756945, A.D. 2026-Apr-07 13:40:27.0000,69.185631,-143392810.9642391,-42116396.95142683,-18277312.07963886,8.691907917548829,-25.74325241939303,-11.17248580042144,2026-04-07T13:39:17.814436
2461138.070451389, A.D. 2026-Apr-07 13:41:27.0000,69.185631,-143392289.4359595,-42117941.53984634,-18277982.42524244,8.69238423675952,-25.74307618795685,-11.17238846609498,2026-04-07T13:40:17.814392
2461138.071145833, A.D. 2026-Apr-07 13:42:27.0000,69.185631,-143391767.8791054,-42119486.11769167,-18278652.76500596,8.692860366955422,-25.7428998451523,-11.17229108762475,2026-04-07T13:41:17.814348
2461138.071840278, A.D. 2026-Apr-07 13:43:27.0000,69.185631,-143391246.2936902,-42121030.68495008,-18279323.09892416,8.693336307550796,-25.74272339206621,-11.17219366646348,2026-04-07T13:42:17.814385
2461138.072534722, A.D. 2026-Apr-07 13:44:27.0000,69.185631,-143390724.6797233,-42122575.24162117,-18279993.42699723,8.693812057617652,-25.74254683002618,-11.17209620448495,2026-04-07T13:43:17.814341
2461138.073229167, A.D. 2026-Apr-07 13:45:27.0000,69.185631,-143390203.0372159,-42124119.78769804,-18280663.74922237,8.69428763060195,-25.74237014959879,-11.17199868907182,2026-04-07T13:44:17.814418
2461138.073923611, A.D. 2026-Apr-07 13:46:27.0000,69.185631,-143389681.3661798,-42125664.32316708,-18281334.06559348,8.694763047744487,-25.74219333184413,-11.17190111522281,2026-04-07T13:45:17.814374
2461138.074618055, A.D. 2026-Apr-07 13:47:27.0000,69.185631,-143389159.6666223,-42127208.84802566,-18282004.37611024,8.695238314688192,-25.74201636677243,-11.17180350513779,2026-04-07T13:46:17.814330
2461138.0753125, A.D. 2026-Apr-07 13:48:27.0000,69.185631,-143388637.9385534,-42128753.36226211,-18282674.68077,8.695713420941546,-25.74183925965246,-11.17170588379566,2026-04-07T13:47:17.814367
2461138.076006944, A.D. 2026-Apr-07 13:49:27.0000,69.185631,-143388116.1819825,-42130297.86587124,-18283344.97957372,8.696188349978975,-25.74166202581821,-11.17160825882144,2026-04-07T13:48:17.814323
2461138.076701389, A.D. 2026-Apr-07 13:50:27.0000,69.185631,-143387594.3969213,-42131842.35884299,-18284015.27251941,8.69666309351115,-25.74148467891032,-11.1715106106627,2026-04-07T13:49:17.814400
2461138.077395834, A.D. 2026-Apr-07 13:51:27.0000,69.185631,-143387072.5833811,-42133386.84117062,-18284685.55960489,8.697137653054105,-25.74130722353344,-11.17141291706278,2026-04-07T13:50:17.814437
2461138.078090278, A.D. 2026-Apr-07 13:52:27.0000,69.185631,-143386550.7413729,-42134931.3128477,-18285355.84082739,8.697612029093701,-25.74112965976321,-11.17131517915354,2026-04-07T13:51:17.814393
2461138.078784722, A.D. 2026-Apr-07 13:53:27.0000,69.185631,-143386028.8709076,-42136475.77386768,-18286026.11618442,8.698086221823264,-25.74095198715166,-11.17121740146934,2026-04-07T13:52:17.814349
2461138.079479167, A.D. 2026-Apr-07 13:54:27.0000,69.185631,-143385506.9719953,-42138020.22422712,-18286696.38567486,8.698560232158277,-25.7407742063329,-11.17111958094689,2026-04-07T13:53:17.814386
2461138.080173611, A.D. 2026-Apr-07 13:55:27.0000,69.185631,-143384985.0446478,-42139564.6639165,-18287366.64929477,8.699034060762344,-25.74059631757472,-11.17102171711425,2026-04-07T13:54:17.814382
2461138.080868056, A.D. 2026-Apr-07 13:56:27.0000,69.185631,-143384463.088875,-42141109.09293244,-18288036.90704296,8.69950770808612,-25.74041832083099,-11.17092381171639,2026-04-07T13:55:17.814419
2461138.0815625, A.D. 2026-Apr-07 13:57:27.0000,69.185631,-143383941.1046888,-42142653.51126528,-18288707.15891554,8.699981174787034,-25.7402402163656,-11.17082586431178,2026-04-07T13:56:17.814375
2461138.082256944, A.D. 2026-Apr-07 13:58:27.0000,69.185631,-143383419.0921001,-42144197.91890869,-18289377.40491003,8.700454461529539,-25.74006200444984,-11.17072787436623,2026-04-07T13:57:17.814331
2461138.082951389, A.D. 2026-Apr-07 13:59:27.0000,69.185631,-143382897.0511195,-42145742.3158562,-18290047.64502387,8.700927568870519,-25.73988368520252,-11.17062984241144,2026-04-07T13:58:17.814368
2461138.083645833, A.D. 2026-Apr-07 14:00:27.0000,69.185631,-143382374.9817579,-42147286.70210128,-18290717.87925452,8.70140049740569,-25.73970525880253,-11.17053176856923,2026-04-07T13:59:17.814364
2461138.084340278, A.D. 2026-Apr-07 14:01:27.0000,69.185631,-143381852.8840249,-42148831.07764067,-18291388.10760083,8.701873247761634,-25.73952672547631,-11.17043365263236,2026-04-07T14:00:17.814401
2461138.085034722, A.D. 2026-Apr-07 14:02:27.0000,69.185631,-143381330.7579323,-42150375.44246487,-18292058.33005892,8.702345820527992,-25.739348085403,-11.17033549472861,2026-04-07T14:01:17.814357
2461138.085729167, A.D. 2026-Apr-07 14:03:27.0000,69.185631,-143380808.6034896,-42151919.79657052,-18292728.54662761,8.702818216291439,-25.73916933875605,-11.17023729499713,2026-04-07T14:02:17.814394
2461138.086423611, A.D. 2026-Apr-07 14:04:27.0000,69.185631,-143380286.4207085,-42153464.13994821,-18293398.75730308,8.703290435649244,-25.73899048572997,-11.17013905341271,2026-04-07T14:03:17.814350
2461138.087118056, A.D. 2026-Apr-07 14:05:27.0000,69.185631,-143379764.2095995,-42155008.47259159,-18294068.96208281,8.703762479191774,-25.73881152651158,-11.17004077001451,2026-04-07T14:04:17.814427
2461138.0878125, A.D. 2026-Apr-07 14:06:27.0000,69.185631,-143379241.9701732,-42156552.79449417,-18294739.16096427,8.704234347503197,-25.73863246128272,-11.16994244489336,2026-04-07T14:05:17.814383
2461138.088506944, A.D. 2026-Apr-07 14:07:27.0000,69.185631,-143378719.7024401,-42158097.10564969,-18295409.35394499,8.704706041169976,-25.73845329023245,-11.16984407808715,2026-04-07T14:06:17.814339
2461138.089201389, A.D. 2026-Apr-07 14:08:27.0000,69.185631,-143378197.4064095,-42159641.40605489,-18296079.5410238,8.705177560775839,-25.73827401354522,-11.16974566963157,2026-04-07T14:07:17.814376
2461138.089895833, A.D. 2026-Apr-07 14:09:27.0000,69.185631,-143377675.0820931,-42161185.69570028,-18296749.72219683,8.70564890689671,-25.73809463139885,-11.16964721958776,2026-04-07T14:08:17.814332
2461138.090590278, A.D. 2026-Apr-07 14:10:27.0000,69.185631,-143377152.7294871,-42162729.97457764,-18297419.89746352,8.706120384062327,-25.73791502561443,-11.16954874099389,2026-04-07T14:09:17.814409
2461138.091284722, A.D. 2026-Apr-07 14:11:27.0000,69.185631,-143376630.3486116,-42164274.24267753,-18298090.06681838,8.706591384944621,-25.7377354331059,-11.16945020791365,2026-04-07T14:10:17.814365
2461138.091979166, A.D. 2026-Apr-07 14:12:27.0000,69.185631,-143376107.9394802,-42165818.50000177,-18298760.23026134,8.707062214066791,-25.73755573568646,-11.16935163339402,2026-04-07T14:11:17.814321
2461138.092673611, A.D. 2026-Apr-07 14:13:27.0000,69.185631,-143375585.5021043,-42167362.74654099,-18299430.38778858,8.707532871998367,-25.73737593353957,-11.16925301748297,2026-04-07T14:12:17.814358
2461138.093368056, A.D. 2026-Apr-07 14:14:27.0000,69.185631,-143375063.0364929,-42168906.98229206,-18300100.53939897,8.708003359310743,-25.73719602685302,-11.16915436021612,2026-04-07T14:13:17.814435
2461138.0940625, A.D. 2026-Apr-07 14:15:27.0000,69.185631,-143374540.5426575,-42170451.20724562,-18300770.68508871,8.70847367656091,-25.73701601579129,-11.16905566165672,2026-04-07T14:14:17.814391
2461138.094756945, A.D. 2026-Apr-07 14:16:27.0000,69.185631,-143374018.0206081,-42171995.42139538,-18301440.82485528,8.70894382430863,-25.73683590052799,-11.16895692186271,2026-04-07T14:15:17.814428
2461138.095451389, A.D. 2026-Apr-07 14:17:27.0000,69.185631,-143373495.470355,-42173539.62473509,-18302110.95869623,8.709413803131904,-25.73665568128416,-11.16885814084477,2026-04-07T14:16:17.814384
2461138.096145833, A.D. 2026-Apr-07 14:18:27.0000,69.185631,-143372972.8919071,-42175083.8172617,-18302781.08661045,8.70988361358013,-25.73647535821723,-11.16875931866873,2026-04-07T14:17:17.814340
2461138.096840278, A.D. 2026-Apr-07 14:19:27.0000,69.185631,-143372450.2852758,-42176627.99896574,-18303451.20859408,8.710353256177862,-25.73629493143493,-11.16866045544591,2026-04-07T14:18:17.814377
2461138.097534722, A.D. 2026-Apr-07 14:20:27.0000,69.185631,-143371927.6504709,-42178172.16984108,-18304121.3246447,8.71082273152146,-25.73611440121612,-11.16856155112722,2026-04-07T14:19:17.814373
2461138.098229167, A.D. 2026-Apr-07 14:21:27.0000,69.185631,-143371404.9875025,-42179716.3298815,-18304791.43475982,8.71129204018424,-25.73593376779077,-11.16846260571268,2026-04-07T14:20:17.814410
2461138.098923611, A.D. 2026-Apr-07 14:22:27.0000,69.185631,-143370882.2963796,-42181260.47908398,-18305461.53893836,8.711761182602652,-25.73575303107349,-11.16836361950001,2026-04-07T14:21:17.814366
2461138.099618055, A.D. 2026-Apr-07 14:23:27.0000,69.185631,-143370359.5771131,-42182804.61743911,-18306131.63717649,8.712230159376922,-25.73557219136808,-11.16826459241448,2026-04-07T14:22:17.814322
2461138.1003125, A.D. 2026-Apr-07 14:24:27.0000,69.185631,-143369836.829713,-42184348.74494078,-18306801.72947175,8.712698971237678,-25.73539124928561,-11.16816552408508,2026-04-07T14:23:17.814359
2461138.101006945, A.D. 2026-Apr-07 14:25:27.0000,69.185631,-143369314.0541882,-42185892.86158594,-18307471.81582303,8.713167618436792,-25.73521020432327,-11.16806641520091,2026-04-07T14:24:17.814436
2461138.101701389, A.D. 2026-Apr-07 14:26:27.0000,69.185631,-143368791.2505494,-42187436.96736535,-18308141.89622659,8.713636101381901,-25.73502905635982,-11.16796726609178,2026-04-07T14:25:17.814392
2461138.102395833, A.D. 2026-Apr-07 14:27:27.0000,69.185631,-143368268.4188066,-42188981.06227285,-18308811.97067997,8.71410442136916,-25.73484780733369,-11.16786807513203,2026-04-07T14:26:17.814348
2461138.103090278, A.D. 2026-Apr-07 14:28:27.0000,69.185631,-143367745.5589695,-42190525.14630233,-18309482.03918064,8.714572578326413,-25.73466645600636,-11.16776884370686,2026-04-07T14:27:17.814385
2461138.103784722, A.D. 2026-Apr-07 14:29:27.0000,69.185631,-143367222.6710469,-42192069.21945067,-18310152.10172763,8.715040571971146,-25.73448500070695,-11.16766957360099,2026-04-07T14:28:17.814341
2461138.104479167, A.D. 2026-Apr-07 14:30:27.0000,69.185631,-143366699.7550494,-42193613.2817089,-18310822.15831694,8.715508407410164,-25.73430345581152,-11.16757025097786,2026-04-07T14:29:17.814418
2461138.105173611, A.D. 2026-Apr-07 14:31:27.0000,69.185631,-143366176.8109867,-42195157.33307227,-18311492.20894479,8.715976077685934,-25.73412183942367,-11.16747085489544,2026-04-07T14:30:17.814374
2461138.105868055, A.D. 2026-Apr-07 14:32:27.0000,69.185631,-143365653.8388683,-42196701.37353959,-18312162.25360789,8.716443558816009,-25.7339401484408,-11.16737138247455,2026-04-07T14:31:17.814330
2461138.1065625, A.D. 2026-Apr-07 14:33:27.0000,69.185631,-143365130.8387083,-42198245.4030997,-18312832.29229932,8.716910833846644,-25.73375836611316,-11.16727184716101,2026-04-07T14:32:17.814367
2461138.107256944, A.D. 2026-Apr-07 14:34:27.0000,69.185631,-143364607.8105159,-42199789.42175589,-18313502.32501988,8.717377906298683,-25.73357647660893,-11.16717226676927,2026-04-07T14:33:17.814323
2461138.107951389, A.D. 2026-Apr-07 14:35:27.0000,69.185631,-143364084.7543057,-42201333.42949235,-18314172.35176316,8.717844801030564,-25.73339447944662,-11.16707264839464,2026-04-07T14:34:17.814400
2461138.108645834, A.D. 2026-Apr-07 14:36:27.0000,69.185631,-143363561.6700865,-42202877.426306,-18314842.37252812,8.71831153967546,-25.73321238277362,-11.16697298912489,2026-04-07T14:35:17.814437
2461138.109340278, A.D. 2026-Apr-07 14:37:27.0000,69.185631,-143363038.5578667,-42204421.41219394,-18315512.38731363,8.718778121814402,-25.7330301863076,-11.16687328923705,2026-04-07T14:36:17.814393
2461138.110034722, A.D. 2026-Apr-07 14:38:27.0000,69.185631,-143362515.4176568,-42205965.38714708,-18316182.39611597,8.719244543841866,-25.73284788840629,-11.16677354962428,2026-04-07T14:37:17.814349
2461138.110729167, A.D. 2026-Apr-07 14:39:27.0000,69.185631,-143361992.2494652,-42207509.35116243,-18316852.39893408,8.719710809108802,-25.73266549048814,-11.16667376974823,2026-04-07T14:38:17.814386
2461138.111423611, A.D. 2026-Apr-07 14:40:27.0000,69.185631,-143361469.0533065,-42209053.30423428,-18317522.39575132,8.720176822822992,-25.73248307261148,-11.16657364782473,2026-04-07T14:39:17.814382
2461138.112118056, A.D. 2026-Apr-07 14:41:27.0000,69.185631,-143360945.8291877,-42210597.24635463,-18318192.38657289,8.720642775524384,-25.73230047490235,-11.16647378767898,2026-04-07T14:40:17.814419
2461138.1128125, A.D. 2026-Apr-07 14:42:27.0000,69.185631,-143360422.5771164,-42212141.1775162,-18318862.37140168,8.721108572371051,-25.73211777739631,-11.16637388753454,2026-04-07T14:41:17.814375
2461138.113506944, A.D. 2026-Apr-07 14:43:27.0000,69.185631,-143359899.2971019,-42213685.09771296,-18319532.35023526,8.721574214402247,-25.73193498049636,-11.16627394732417,2026-04-07T14:42:17.814331
2461138.114201389, A.D. 2026-Apr-07 14:44:27.0000,69.185631,-143359375.9891526,-42215229.00694194,-18320202.32307255,8.722039701680139,-25.73175208417436,-11.16617396718467,2026-04-07T14:43:17.814368
2461138.114895833, A.D. 2026-Apr-07 14:45:27.0000,69.185631,-143358852.6532787,-42216772.90519419,-18320872.28990985,8.722505034633922,-25.73156908856569,-11.16607394717538,2026-04-07T14:44:17.814364
2461138.115590278, A.D. 2026-Apr-07 14:46:27.0000,69.185631,-143358329.2894884,-42218316.7924668,-18321542.25074609,8.722970213996009,-25.73138599393535,-11.16597388729092,2026-04-07T14:45:17.814401
2461138.116284722, A.D. 2026-Apr-07 14:47:27.0000,69.185631,-143357805.897793,-42219860.66874772,-18322212.20557621,8.72343524018992,-25.73120280041071,-11.16587378758888,2026-04-07T14:46:17.814357
2461138.116979167, A.D. 2026-Apr-07 14:48:27.0000,69.185631,-143357282.4781996,-42221404.53403717,-18322882.15440051,8.723900113626332,-25.73101950811873,-11.16577364813097,2026-04-07T14:47:17.814394
2461138.117673611, A.D. 2026-Apr-07 14:49:27.0000,69.185631,-143356759.0307184,-42222948.38832607,-18323552.09721523,8.724364834860573,-25.73083611725952,-11.16567346894998,2026-04-07T14:48:17.814350
2461138.118368056, A.D. 2026-Apr-07 14:50:27.0000,69.185631,-143356235.5553574,-42224492.23161168,-18324222.03401936,8.724829404392855,-25.73065262799041,-11.16557325008497,2026-04-07T14:49:17.814427
2461138.1190625, A.D. 2026-Apr-07 14:51:27.0000,69.18563,-143355712.0521279,-42226036.06388196,-18324891.96480786,8.725293822671228,-25.73046904044979,-11.16547299158586,2026-04-07T14:50:17.814383
2461138.119756944, A.D. 2026-Apr-07 14:52:27.0000,69.18563,-143355188.5210367,-42227579.88513713,-18325561.88958099,8.72575809018666,-25.73028535481901,-11.16537269350002,2026-04-07T14:51:17.814339
2461138.120451389, A.D. 2026-Apr-07 14:53:27.0000,69.18563,-143354664.9620931,-42229123.69537124,-18326231.80833637,8.726222207435663,-25.73010157125418,-11.16527235586538,2026-04-07T14:52:17.814376
2461138.121145833, A.D. 2026-Apr-07 14:54:27.0000,69.18563,-143354141.375308,-42230667.49457236,-18326901.72106898,8.726686174893622,-25.72991768987998,-11.16517197871744,2026-04-07T14:53:17.814332
2461138.121840278, A.D. 2026-Apr-07 14:55:27.0000,69.18563,-143353617.7606882,-42232211.28274075,-18327571.62777912,8.727149993026579,-25.72973371090379,-11.16507156211653,2026-04-07T14:54:17.814409
2461138.122534722, A.D. 2026-Apr-07 14:56:27.0000,69.18563,-143353094.118244,-42233755.05986743,-18328241.52846308,8.727613662308626,-25.72954963450936,-11.16497110611303,2026-04-07T14:55:17.814365
2461138.123229166, A.D. 2026-Apr-07 14:57:27.0000,69.18563,-143352570.4479839,-42235298.82594673,-18328911.42311853,8.72807718324133,-25.72936546072052,-11.16487061070595,2026-04-07T14:56:17.814321
2461138.123923611, A.D. 2026-Apr-07 14:58:27.0000,69.18563,-143352046.7499162,-42236842.58097566,-18329581.31174437,8.728540556281459,-25.72918118975624,-11.16477007595977,2026-04-07T14:57:17.814358
2461138.124618056, A.D. 2026-Apr-07 14:59:27.0000,69.18563,-143351523.0240504,-42238386.32494548,-18330251.19433698,8.72900378184869,-25.72899682199586,-11.16466950199179,2026-04-07T14:58:17.814435
2461138.1253125, A.D. 2026-Apr-07 15:00:27.0000,69.18563,-143350999.2703955,-42239930.0578504,-18330921.07089399,8.729466860487339,-25.72881235726653,-11.16456888873376,2026-04-07T14:59:17.814391
2461138.126006945, A.D. 2026-Apr-07 15:01:27.0000,69.18563,-143350475.4889604,-42241473.77968446,-18331590.94141301,8.72992979270174,-25.72862779555236,-11.16446823617158,2026-04-07T15:00:17.814428
2461138.126701389, A.D. 2026-Apr-07 15:02:27.0000,69.18563,-143349951.6797527,-42243017.49044498,-18332260.80589303,8.730392578759684,-25.72844313785401,-11.16436754463288,2026-04-07T15:01:17.814384
2461138.127395833, A.D. 2026-Apr-07 15:03:27.0000,69.18563,-143349427.8427822,-42244561.19012325,-18332930.66433042,8.730855219217506,-25.72825838391835,-11.16426681402289,2026-04-07T15:02:17.814340
2461138.128090278, A.D. 2026-Apr-07 15:04:27.0000,69.18563,-143348903.9780576,-42246104.87871333,-18333600.51672279,8.731317714867988,-25.72807353247648,-11.1641660439067,2026-04-07T15:03:17.814377
2461138.128784722, A.D. 2026-Apr-07 15:05:27.0000,69.18563,-143348380.0855867,-42247648.55621249,-18334270.3630691,8.731780065666422,-25.72788858584524,-11.16406523505133,2026-04-07T15:04:17.814373
2461138.129479167, A.D. 2026-Apr-07 15:06:27.0000,69.18563,-143347856.165379,-42249192.22261212,-18334940.20336577,8.732242271837054,-25.72770354520282,-11.16396438786171,2026-04-07T15:05:17.814410
2461138.130173611, A.D. 2026-Apr-07 15:07:27.0000,69.18563,-143347332.2174434,-42250735.87790629,-18335610.03761037,8.732704335143907,-25.72751840504666,-11.16386350046847,2026-04-07T15:06:17.814366
2461138.130868055, A.D. 2026-Apr-07 15:08:27.0000,69.18563,-143346808.2417882,-42252279.52208922,-18336279.8658006,8.733166255176146,-25.72733316926542,-11.16376257418039,2026-04-07T15:07:17.814322
2461138.1315625, A.D. 2026-Apr-07 15:09:27.0000,69.18563,-143346284.2384223,-42253823.15515549,-18336949.68793422,8.733628028882075,-25.72714785672273,-11.1636616172038,2026-04-07T15:08:17.814359
2461138.132256945, A.D. 2026-Apr-07 15:10:27.0000,69.18563,-143345760.207358,-42255366.7771132,-18337619.50400179,8.734089546676131,-25.72696269217066,-11.16356042489553,2026-04-07T15:09:17.814436
2461138.132951389, A.D. 2026-Apr-07 15:11:27.0000,69.18563,-143345236.1486019,-42256910.38795015,-18338289.31400758,8.734551047479407,-25.72677724922065,-11.16345946683386,2026-04-07T15:10:17.814392
2461138.133645833, A.D. 2026-Apr-07 15:12:27.0000,69.18563,-143344712.0621582,-42258453.98766089,-18338959.1179577,8.735012431253276,-25.72659170901214,-11.16335852241432,2026-04-07T15:11:17.814348
2461138.134340278, A.D. 2026-Apr-07 15:13:27.0000,69.18563,-143344187.948036,-42259997.57623246,-18339628.91584985,8.735473701358945,-25.72640604638122,-11.16325757658847,2026-04-07T15:12:17.814385
2461138.135034722, A.D. 2026-Apr-07 15:14:27.0000,69.18563,-143343663.8062401,-42261541.15366361,-18340298.70768602,8.73593485020548,-25.72622025618453,-11.16315660705648,2026-04-07T15:13:17.814341
2461138.135729167, A.D. 2026-Apr-07 15:15:27.0000,69.18563,-143343139.6367783,-42263084.71994691,-18340968.49346425,8.736395865449497,-25.7260343568444,-11.16305560105161,2026-04-07T15:14:17.814418
2461138.136423611, A.D. 2026-Apr-07 15:16:27.0000,69.18563,-143342615.4396608,-42264628.27507051,-18341638.27317966,8.73685673932718,-25.72584836702987,-11.16295455619205,2026-04-07T15:15:17.814374
2461138.137118055, A.D. 2026-Apr-07 15:17:27.0000,69.18563,-143342091.2148941,-42266171.81903502,-18342308.04683252,8.737317473203937,-25.72566228462302,-11.16285347264497,2026-04-07T15:16:17.814330
2461138.1378125, A.D. 2026-Apr-07 15:18:27.0000,69.18563,-143341566.9624875,-42267715.35183176,-18342977.81441927,8.73777806939029,-25.72547610534632,-11.16275235084779,2026-04-07T15:17:17.814367
2461138.138506944, A.D. 2026-Apr-07 15:19:27.0000,69.18563,-143341042.6824494,-42269258.87345482,-18343647.57593751,8.738238526937272,-25.72528983260679,-11.16265119055115,2026-04-07T15:18:17.814323
2461138.139201389, A.D. 2026-Apr-07 15:20:27.0000,69.18563,-143340518.3747879,-42270802.38389885,-18344317.33138503,8.738698846042988,-25.72510346709814,-11.16254999174482,2026-04-07T15:19:17.814400
2461138.139895834, A.D. 2026-Apr-07 15:21:27.0000,69.18563,-143339994.0395104,-42272345.88316116,-18344987.08076079,8.739159027888801,-25.72491700719199,-11.16244875462218,2026-04-07T15:20:17.814437
2461138.140590278, A.D. 2026-Apr-07 15:22:27.0000,69.18563,-143339469.6766262,-42273889.371233,-18345656.82406114,8.739619072685784,-25.72473045354318,-11.16234747917775,2026-04-07T15:21:17.814393
2461138.141284722, A.D. 2026-Apr-07 15:23:27.0000,69.18563,-143338945.2861423,-42275432.84811202,-18346326.56128521,8.740078980599584,-25.7245438069141,-11.16224616539853,2026-04-07T15:22:17.814349
2461138.141979167, A.D. 2026-Apr-07 15:24:27.0000,69.18563,-143338420.8680691,-42276976.3137863,-18346996.29242794,8.74053875226739,-25.72435706694287,-11.16214481336791,2026-04-07T15:23:17.814386
2461138.142673611, A.D. 2026-Apr-07 15:25:27.0000,69.18563,-143337896.4224127,-42278519.7682565,-18347666.01748975,8.740998388146826,-25.72417023369237,-11.16204342313215,2026-04-07T15:24:17.814382
2461138.143368056, A.D. 2026-Apr-07 15:26:27.0000,69.18563,-143337371.9491822,-42280063.21151397,-18348335.73646702,8.741457888542248,-25.72398330758068,-11.16194199470736,2026-04-07T15:25:17.814419
2461138.1440625, A.D. 2026-Apr-07 15:27:27.0000,69.18563,-143336847.4483847,-42281606.6435561,-18349005.44935876,8.74191725390749,-25.72379628867607,-11.16184052813793,2026-04-07T15:26:17.814375
2461138.144756944, A.D. 2026-Apr-07 15:28:27.0000,69.18563,-143336322.9200305,-42283150.06437124,-18349675.15616003,8.742376484698948,-25.72360917702356,-11.16173902347244,2026-04-07T15:27:17.814331
2461138.145451389, A.D. 2026-Apr-07 15:29:27.0000,69.18563,-143335798.3641253,-42284693.47396004,-18350344.85687124,8.74283558130204,-25.72342197283334,-11.16163748074543,2026-04-07T15:28:17.814368
2461138.146145833, A.D. 2026-Apr-07 15:30:27.0000,69.18563,-143335273.7806785,-42286236.87231376,-18351014.55148871,8.743294544127064,-25.72323467626573,-11.16153589999215,2026-04-07T15:29:17.814364
2461138.146840278, A.D. 2026-Apr-07 15:31:27.0000,69.18563,-143334749.1696968,-42287780.25943004,-18351684.24001156,8.743753373605072,-25.72304728742563,-11.16143428125282,2026-04-07T15:30:17.814401
2461138.147534722, A.D. 2026-Apr-07 15:32:27.0000,69.18563,-143334224.5311894,-42289323.6353002,-18352353.92243614,8.744212070137317,-25.72285980645146,-11.16133262457253,2026-04-07T15:31:17.814357
2461138.148229167, A.D. 2026-Apr-07 15:33:27.0000,69.18563,-143333699.8651652,-42290866.99991574,-18353023.59875888,8.744670634128598,-25.72267223350394,-11.16123092998557,2026-04-07T15:32:17.814394
2461138.148923611, A.D. 2026-Apr-07 15:34:27.0000,69.18563,-143333175.1716291,-42292410.35328029,-18353693.26898146,8.745129066002283,-25.72248456873297,-11.16112919751885,2026-04-07T15:33:17.814350
2461138.149618056, A.D. 2026-Apr-07 15:35:27.0000,69.18563,-143332650.4505921,-42293953.69537906,-18354362.93309762,8.745587366153703,-25.72229681223649,-11.16102742723026,2026-04-07T15:34:17.814427
2461138.1503125, A.D. 2026-Apr-07 15:36:27.0000,69.18563,-143332125.7020601,-42295497.02621284,-18355032.59110777,8.746045534980656,-25.72210896414054,-11.16092561916635,2026-04-07T15:35:17.814383
2461138.151006944, A.D. 2026-Apr-07 15:37:27.0000,69.18563,-143331600.9260418,-42297040.34577299,-18355702.24300832,8.74650357291042,-25.72192102468874,-11.16082377331672,2026-04-07T15:36:17.814339
2461138.151701389, A.D. 2026-Apr-07 15:38:27.0000,69.18563,-143331076.1225452,-42298583.65405406,-18356371.88879699,8.74696148033424,-25.7217329939637,-11.16072188974344,2026-04-07T15:37:17.814376
2461138.152395833, A.D. 2026-Apr-07 15:39:27.0000,69.18563,-143330551.291577,-42300126.9510536,-18357041.52847284,8.747419257612778,-25.72154487192436,-11.16061996856596,2026-04-07T15:38:17.814332
2461138.153090278, A.D. 2026-Apr-07 15:40:27.0000,69.18563,-143330026.4331395,-42301670.2367669,-18357711.1620439,8.74787706179064,-25.72135674815505,-11.16051828189926,2026-04-07T15:39:17.814409
2461138.153784722, A.D. 2026-Apr-07 15:41:27.0000,69.18563,-143329501.5472443,-42303213.51118624,-18358380.78950103,8.748334580120432,-25.72116844454766,-11.16041628532725,2026-04-07T15:40:17.814365
2461138.154479166, A.D. 2026-Apr-07 15:42:27.0000,69.18563,-143328976.6339018,-42304756.7743047,-18359050.41083727,8.748791969403184,-25.72098004965123,-11.16031425144256,2026-04-07T15:41:17.814321
2461138.155173611, A.D. 2026-Apr-07 15:43:27.0000,69.18563,-143328451.6931189,-42306300.02611982,-18359720.02605168,8.749249230291136,-25.72079156470593,-11.1602121797701,2026-04-07T15:42:17.814358
2461138.155868056, A.D. 2026-Apr-07 15:44:27.0000,69.18563,-143327926.7249042,-42307843.2666231,-18360389.63514063,8.749706363116497,-25.72060298958465,-11.160110070459,2026-04-07T15:43:17.814435
2461138.1565625, A.D. 2026-Apr-07 15:45:27.0000,69.18563,-143327401.7292587,-42309386.49581175,-18361059.2381145,8.750163525524858,-25.7204143764571,-11.16000823197363,2026-04-07T15:44:17.814391
2461138.157256945, A.D. 2026-Apr-07 15:46:27.0000,69.18563,-143326876.706194,-42310929.71367711,-18361728.83496557,8.750620405293562,-25.72022557550381,-11.15990608838083,2026-04-07T15:45:17.814428
2461138.157951389, A.D. 2026-Apr-07 15:47:27.0000,69.18563,-143326351.6557193,-42312472.9202143,-18362398.42568824,8.75107715474438,-25.72003667301609,-11.15980390723104,2026-04-07T15:46:17.814384
2461138.158645833, A.D. 2026-Apr-07 15:48:27.0000,69.18563,-143325826.5778433,-42314016.11541492,-18363068.01027897,8.751533779682342,-25.71984768752529,-11.15970168913933,2026-04-07T15:47:17.814340
2461138.159340278, A.D. 2026-Apr-07 15:49:27.0000,69.18563,-143325301.4725737,-42315559.29927371,-18363737.58873548,8.751990278169027,-25.71965861135635,-11.15959943371462,2026-04-07T15:48:17.814377
2461138.160034722, A.D. 2026-Apr-07 15:50:27.0000,69.18563,-143324776.3399171,-42317102.47178816,-18364407.16105686,8.752446650027544,-25.71946944275028,-11.15949714089412,2026-04-07T15:49:17.814373
2461138.160729167, A.D. 2026-Apr-07 15:51:27.0000,69.18563,-143324251.1798829,-42318645.63294686,-18365076.72723826,8.752902896975822,-25.71928018634648,-11.15939481093055,2026-04-07T15:50:17.814410
2461138.161423611, A.D. 2026-Apr-07 15:52:27.0000,69.18563,-143323725.9924766,-42320188.78275057,-18365746.28728007,8.7533590190302,-25.71909084104689,-11.1592924437939,2026-04-07T15:51:17.814366
2461138.162118055, A.D. 2026-Apr-07 15:53:27.0000,69.18563,-143323200.7777057,-42321731.92119393,-18366415.84118007,8.75381501610516,-25.71890140541937,-11.15919003944991,2026-04-07T15:52:17.814322
2461138.1628125, A.D. 2026-Apr-07 15:54:27.0000,69.18563,-143322675.5355798,-42323275.0482654,-18367085.38893336,8.754270888949225,-25.71871188085372,-11.15908759799291,2026-04-07T15:53:17.814359
2461138.163506945, A.D. 2026-Apr-07 15:55:27.0000,69.18563,-143322150.2661042,-42324818.16396582,-18367754.93054039,8.754726637999902,-25.71852226767815,-11.15898511946706,2026-04-07T15:54:17.814436
2461138.164201389, A.D. 2026-Apr-07 15:56:27.0000,69.18563,-143321624.9692875,-42326361.26828677,-18368424.4659976,8.755182263428892,-25.71833256533819,-11.15888260387636,2026-04-07T15:55:17.814392
2461138.164895833, A.D. 2026-Apr-07 15:57:27.0000,69.18563,-143321099.6451368,-42327904.36122299,-18369093.9953028,8.755637765666728,-25.71814277415952,-11.15878005126581,2026-04-07T15:56:17.814348
2461138.165590278, A.D. 2026-Apr-07 15:58:27.0000,69.18563,-143320574.2936588,-42329447.4427721,-18369763.51845503,8.756093145157172,-25.71795289451321,-11.15867746168273,2026-04-07T15:57:17.814385
2461138.166284722, A.D. 2026-Apr-07 15:59:27.0000,69.18563,-143320048.9148616,-42330990.5129258,-18370433.0354508,8.756548402212191,-25.71776292633642,-11.15857483515405,2026-04-07T15:58:17.814341
2461138.166979167, A.D. 2026-Apr-07 16:00:27.0000,69.18563,-143319523.5087477,-42332533.57167669,-18371102.54630058,8.757003656381768,-25.71757282033018,-11.15847246994651,2026-04-07T15:59:17.814418
2461138.167673611, A.D. 2026-Apr-07 16:01:27.0000,69.18563,-143318998.0753272,-42334076.61902069,-18371772.05099465,8.757458669683245,-25.71738267550779,-11.15836976963328,2026-04-07T16:00:17.814374
2461138.168368055, A.D. 2026-Apr-07 16:02:27.0000,69.18563,-143318472.6146086,-42335619.65495639,-18372441.54952692,8.757913561665418,-25.71719244257648,-11.15826703248164,2026-04-07T16:01:17.814330
2461138.1690625, A.D. 2026-Apr-07 16:03:27.0000,69.18563,-143317947.1266012,-42337162.67947238,-18373111.04189252,8.758368332680298,-25.71700212163094,-11.15816425852605,2026-04-07T16:02:17.814367
2461138.169756944, A.D. 2026-Apr-07 16:04:27.0000,69.18563,-143317421.611309,-42338705.69257271,-18373780.52809327,8.75882298310232,-25.71681171282712,-11.15806144780245,2026-04-07T16:03:17.814323
2461138.170451389, A.D. 2026-Apr-07 16:05:27.0000,69.18563,-143316896.0687425,-42340248.69424279,-18374450.00812294,8.759277513292131,-25.71662121629347,-11.15795860034609,2026-04-07T16:04:17.814400
2461138.171145834, A.D. 2026-Apr-07 16:06:27.0000,69.18563,-143316370.4989067,-42341791.6844835,-18375119.48198199,8.759731923607076,-25.71643063213509,-11.15785571619008,2026-04-07T16:05:17.814437
2461138.171840278, A.D. 2026-Apr-07 16:07:27.0000,69.18563,-143315844.90181,-42343334.66328656,-18375788.9496669,8.760186214406678,-25.71623996048444,-11.15775279536989,2026-04-07T16:06:17.814393
2461138.172534722, A.D. 2026-Apr-07 16:08:27.0000,69.18563,-143315319.2774594,-42344877.63064672,-18376458.41117547,8.760640386050385,-25.71604920147582,-11.15764983792096,2026-04-07T16:07:17.814349
2461138.173229167, A.D. 2026-Apr-07 16:09:27.0000,69.18563,-143314793.6258621,-42346420.58655874,-18377127.86650551,8.761094438893236,-25.71585835523025,-11.15754684387775,2026-04-07T16:08:17.814386
2461138.173923611, A.D. 2026-Apr-07 16:10:27.0000,69.18563,-143314267.9470241,-42347963.53102044,-18377797.31565613,8.761548373290829,-25.71566742186703,-11.15744381327387,2026-04-07T16:09:17.814382
2461138.174618056, A.D. 2026-Apr-07 16:11:27.0000,69.18563,-143313742.2409538,-42349506.46402346,-18378466.7586238,8.76200218959663,-25.71547640150896,-11.15734074614334,2026-04-07T16:10:17.814419
2461138.1753125, A.D. 2026-Apr-07 16:12:27.0000,69.18563,-143313216.5076579,-42351049.38556278,-18379136.19540641,8.762455888162284,-25.71528529428068,-11.15723764252061,2026-04-07T16:11:17.814375
2461138.176006944, A.D. 2026-Apr-07 16:13:27.0000,69.18563,-143312690.7471436,-42352592.29563302,-18379805.62600168,8.762909469339094,-25.71509410030818,-11.15713450244032,2026-04-07T16:12:17.814331
2461138.176701389, A.D. 2026-Apr-07 16:14:27.0000,69.18563,-143312164.959417,-42354135.19423208,-18380475.05040878,8.763362933477675,-25.71490281971527,-11.15703132593639,2026-04-07T16:13:17.814368
2461138.177395833, A.D. 2026-Apr-07 16:15:27.0000,69.18563,-143311639.144481,-42355678.08134963,-18381144.46863691,8.763816400142076,-25.71471140325426,-11.15692841126935,2026-04-07T16:14:17.814364
2461138.178090278, A.D. 2026-Apr-07 16:16:27.0000,69.18563,-143311113.3023456,-42357220.95698176,-18381813.8806764,8.764269631245355,-25.71451994977585,-11.15682516201825,2026-04-07T16:15:17.814401
2461138.178784722, A.D. 2026-Apr-07 16:17:27.0000,69.18563,-143310587.4330188,-42358763.82112706,-18382483.28652114,8.76472274635134,-25.71432841003685,-11.15672187644393,2026-04-07T16:16:17.814357
2461138.179479167, A.D. 2026-Apr-07 16:18:27.0000,69.18563,-143310061.5365086,-42360306.67377751,-18383152.68616769,8.76517574580324,-25.71413678416233,-11.15661855458065,2026-04-07T16:17:17.814394
2461138.180173611, A.D. 2026-Apr-07 16:19:27.0000,69.18563,-143309535.6128218,-42361849.5149278,-18383822.07961385,8.765628629944306,-25.71394507227382,-11.15651519646201,2026-04-07T16:18:17.814350
2461138.180868056, A.D. 2026-Apr-07 16:20:27.0000,69.18563,-143309009.6619656,-42363392.3445728,-18384491.46685741,8.766081399116272,-25.71375327448783,-11.15641180212075,2026-04-07T16:19:17.814427
2461138.1815625, A.D. 2026-Apr-07 16:21:27.0000,69.18563,-143308483.6839466,-42364935.16270733,-18385160.84789624,8.76653405365946,-25.71356139092032,-11.1563083715895,2026-04-07T16:20:17.814383
2461138.182256944, A.D. 2026-Apr-07 16:22:27.0000,69.18563,-143307957.6787708,-42366477.96932942,-18385830.2227295,8.766986593913852,-25.71336942169243,-11.15620490490146,2026-04-07T16:21:17.814339
2461138.182951389, A.D. 2026-Apr-07 16:23:27.0000,69.18563,-143307431.6464459,-42368020.76443077,-18386499.59135368,8.767439020216814,-25.71317736692736,-11.15610140209042,2026-04-07T16:22:17.814376
2461138.183645833, A.D. 2026-Apr-07 16:24:27.0000,69.18563,-143306905.586978,-42369563.54800931,-18387168.95376793,8.767891332905991,-25.71298522674442,-11.15599786318922,2026-04-07T16:23:17.814332
2461138.184340278, A.D. 2026-Apr-07 16:25:27.0000,69.18563,-143306379.5003756,-42371106.32005391,-18387838.30996747,8.768343532314532,-25.71279300125879,-11.15589428823044,2026-04-07T16:24:17.814409
2461138.185034722, A.D. 2026-Apr-07 16:26:27.0000,69.18563,-143305853.3866437,-42372649.08056543,-18388507.65995273,8.76879561877864,-25.71260069058384,-11.15579067724581,2026-04-07T16:25:17.814365
2461138.185729166, A.D. 2026-Apr-07 16:27:27.0000,69.18563,-143305327.2457901,-42374191.82953579,-18389177.00372028,8.76924759263017,-25.7124082948396,-11.15568703026841,2026-04-07T16:26:17.814321
2461138.186423611, A.D. 2026-Apr-07 16:28:27.0000,69.18563,-143304801.0778214,-42375734.56695984,-18389846.34126792,8.769699454201016,-25.71221581414694,-11.15558334733128,2026-04-07T16:27:17.814358
2461138.187118056, A.D. 2026-Apr-07 16:29:27.0000,69.18563,-143304274.8827433,-42377277.29283563,-18390515.67259486,8.770151203822365,-25.71202324862318,-11.1554796284667,2026-04-07T16:28:17.814435
2461138.1878125, A.D. 2026-Apr-07 16:30:27.0000,69.18563,-143303748.6605585,-42378820.00715283,-18391184.99771028,8.77060296103669,-25.71183054894324,-11.1553761719228,2026-04-07T16:29:17.814391
2461138.188506945, A.D. 2026-Apr-07 16:31:27.0000,69.18563,-143303222.4112768,-42380362.70990757,-18391854.31660453,8.771054487743555,-25.71163781409561,-11.15527238129869,2026-04-07T16:30:17.814428
2461138.189201389, A.D. 2026-Apr-07 16:32:27.0000,69.18563,-143302696.1349068,-42381905.40109579,-18392523.62927031,8.771505903483595,-25.71144499475977,-11.15516855484293,2026-04-07T16:31:17.814384
2461138.189895833, A.D. 2026-Apr-07 16:33:27.0000,69.18563,-143302169.8314542,-42383448.0807153,-18393192.93570672,8.771957208583812,-25.71125209105456,-11.15506469258786,2026-04-07T16:32:17.814340
2461138.190590278, A.D. 2026-Apr-07 16:34:27.0000,69.18563,-143301643.5009265,-42384990.74875814,-18393862.23591035,8.772408403367276,-25.71105910309605,-11.15496079456565,2026-04-07T16:33:17.814377
2461138.191284722, A.D. 2026-Apr-07 16:35:27.0000,69.18563,-143301117.1433306,-42386533.40521912,-18394531.52987901,8.772859488157279,-25.71086603099515,-11.15485686080747,2026-04-07T16:34:17.814373
2461138.191979167, A.D. 2026-Apr-07 16:36:27.0000,69.18563,-143300590.7586728,-42388076.05009332,-18395200.81761061,8.77331046327525,-25.71067287486198,-11.15475289134435,2026-04-07T16:35:17.814410
2461138.192673611, A.D. 2026-Apr-07 16:37:27.0000,69.18563,-143300064.3469588,-42389618.68337873,-18395870.09910431,8.773761329043035,-25.71047963481219,-11.15464888620795,2026-04-07T16:36:17.814366
2461138.193368055, A.D. 2026-Apr-07 16:38:27.0000,69.18563,-143299537.9081962,-42391161.30506712,-18396539.37435659,8.774212085779679,-25.71028631096338,-11.15454484543047,2026-04-07T16:37:17.814322
2461138.1940625, A.D. 2026-Apr-07 16:39:27.0000,69.18563,-143299011.4423914,-42392703.91515367,-18397208.6433654,8.774662733803092,-25.7100929034294,-11.15444076904336,2026-04-07T16:38:17.814359
2461138.194756945, A.D. 2026-Apr-07 16:40:27.0000,69.18563,-143298484.94955,-42394246.51363635,-18397877.9061299,8.775113273431412,-25.70989941231889,-11.15433665707707,2026-04-07T16:39:17.814436
2461138.195451389, A.D. 2026-Apr-07 16:41:27.0000,69.18563,-143297958.4296805,-42395789.10050394,-18398547.16264526,8.775563704978842,-25.70970583774111,-11.15423250956255,2026-04-07T16:40:17.814392
2461138.196145833, A.D. 2026-Apr-07 16:42:27.0000,69.18563,-143297431.8827873,-42397331.67575767,-18399216.41291206,8.776014028761903,-25.70951217980934,-11.1541283265307,2026-04-07T16:41:17.814348
2461138.196840278, A.D. 2026-Apr-07 16:43:27.0000,69.18563,-143296905.308878,-42398874.23938946,-18399885.65692682,8.776464245093512,-25.70931843863928,-11.15402410801323,2026-04-07T16:42:17.814385
2461138.197534722, A.D. 2026-Apr-07 16:44:27.0000,69.18563,-143296378.7079578,-42400416.79139731,-18400554.89468873,8.776914354287282,-25.70912461434282,-11.15391985404088,2026-04-07T16:43:17.814341
2461138.198229167, A.D. 2026-Apr-07 16:45:27.0000,69.18563,-143295852.0800304,-42401959.33176803,-18401224.12620571,8.777364475864294,-25.70893065751854,-11.1538158628496,2026-04-07T16:44:17.814418
2461138.198923611, A.D. 2026-Apr-07 16:46:27.0000,69.18563,-143295325.4251029,-42403501.86050404,-18401893.35147078,8.777814371713015,-25.70873666729094,-11.15371153805818,2026-04-07T16:45:17.814374
2461138.199618055, A.D. 2026-Apr-07 16:47:27.0000,69.18563,-143294798.7431838,-42405044.37760126,-18402562.57047666,8.778264161354215,-25.70854259426296,-11.15360717790283,2026-04-07T16:46:17.814330
2461138.2003125, A.D. 2026-Apr-07 16:48:27.0000,69.18563,-143294272.0342815,-42406586.88304856,-18403231.78321854,8.778713845094304,-25.70834843854898,-11.15350278241496,2026-04-07T16:47:17.814367
2461138.201006944, A.D. 2026-Apr-07 16:49:27.0000,69.18563,-143293745.2984004,-42408129.37684712,-18403900.98969698,8.77916342324187,-25.70815420025864,-11.15339835162459,2026-04-07T16:48:17.814323
2461138.201701389, A.D. 2026-Apr-07 16:50:27.0000,69.18563,-143293218.5355477,-42409671.85898893,-18404570.18990851,8.779612896101636,-25.70795987949767,-11.15329388556158,2026-04-07T16:49:17.814400
2461138.202395834, A.D. 2026-Apr-07 16:51:27.0000,69.18563,-143292691.7457299,-42411214.32946896,-18405239.38385101,8.780062263978213,-25.70776547637101,-11.15318938425543,2026-04-07T16:50:17.814437
2461138.203090278, A.D. 2026-Apr-07 16:52:27.0000,69.18563,-143292164.9289532,-42412756.78828243,-18405908.5715224,8.780511527174797,-25.70757099098908,-11.15308484773647,2026-04-07T16:51:17.814393
2461138.203784722, A.D. 2026-Apr-07 16:53:27.0000,69.18563,-143291638.0852228,-42414299.23542731,-18406577.75292185,8.780960685995165,-25.70737642346341,-11.15298027603498,2026-04-07T16:52:17.814349
2461138.204479167, A.D. 2026-Apr-07 16:54:27.0000,69.18563,-143291111.2145459,-42415841.67089574,-18407246.92804598,8.781409740739388,-25.70718177390293,-11.1528756691811,2026-04-07T16:53:17.814386
2461138.205173611, A.D. 2026-Apr-07 16:55:27.0000,69.18563,-143290584.316929,-42417384.09468276,-18407916.09689264,8.781858691707644,-25.70698704241129,-11.15277102720397,2026-04-07T16:54:17.814382
2461138.205868056, A.D. 2026-Apr-07 16:56:27.0000,69.18563,-143290057.3923771,-42418926.50678644,-18408585.25946105,8.782307539199943,-25.70679222909131,-11.15266635013241,2026-04-07T16:55:17.814419
2461138.2065625, A.D. 2026-Apr-07 16:57:27.0000,69.18563,-143289530.4408974,-42420468.90719894,-18409254.4157478,8.782756283513159,-25.70659733405208,-11.15256163799645,2026-04-07T16:56:17.814375
2461138.207256944, A.D. 2026-Apr-07 16:58:27.0000,69.18563,-143289003.4624961,-42422011.29591531,-18409923.56575079,8.78320492494442,-25.70640235740365,-11.15245689082607,2026-04-07T16:57:17.814331
2461138.207951389, A.D. 2026-Apr-07 16:59:27.0000,69.18563,-143288476.4571795,-42423553.67293062,-18410592.70946789,8.783653463789685,-25.70620729925302,-11.15235210865074,2026-04-07T16:58:17.814368
2461138.208645833, A.D. 2026-Apr-07 17:00:27.0000,69.18563,-143287949.4249487,-42425096.03823783,-18411261.84690969,8.784102019552872,-25.70601211012166,-11.15224758969369,2026-04-07T16:59:17.814364
2461138.209340278, A.D. 2026-Apr-07 17:01:27.0000,69.18563,-143287422.3658115,-42426638.39183655,-18411930.97806798,8.78455035410968,-25.70581688927136,-11.15214273759401,2026-04-07T17:00:17.814401
2461138.210034722, A.D. 2026-Apr-07 17:02:27.0000,69.18563,-143286895.2797774,-42428180.73371952,-18412600.10293408,8.784998586961489,-25.70562158722932,-11.15203785057588,2026-04-07T17:01:17.814357
2461138.210729167, A.D. 2026-Apr-07 17:03:27.0000,69.18563,-143286368.1668524,-42429723.06388195,-18413269.22150592,8.78544671839985,-25.7054262041038,-11.15193292866878,2026-04-07T17:02:17.814394
2461138.211423611, A.D. 2026-Apr-07 17:04:27.0000,69.18563,-143285841.0270414,-42431265.38232207,-18413938.33378274,8.785894748716116,-25.70523073999962,-11.15182797190145,2026-04-07T17:03:17.814350
2461138.212118056, A.D. 2026-Apr-07 17:05:27.0000,69.18563,-143285313.8603517,-42432807.68903193,-18414607.43976112,8.786342678198825,-25.70503519501742,-11.15172298030229,2026-04-07T17:04:17.814427
2461138.2128125, A.D. 2026-Apr-07 17:06:27.0000,69.18563,-143284786.6667894,-42434349.9840066,-18415276.53943893,8.786790507136455,-25.70483956925696,-11.15161795389932,2026-04-07T17:05:17.814383
2461138.213506944, A.D. 2026-Apr-07 17:07:27.0000,69.18563,-143284259.4463601,-42435892.26724143,-18415945.63281417,8.787238235816007,-25.70464386282349,-11.1515128927214,2026-04-07T17:06:17.814339
2461138.214201389, A.D. 2026-Apr-07 17:08:27.0000,69.18563,-143283732.1990693,-42437434.53873443,-18416614.71988599,8.787685864525338,-25.70444807582347,-11.15140779679734,2026-04-07T17:07:17.814376
2461138.214895833, A.D. 2026-Apr-07 17:09:27.0000,69.18563,-143283204.9249247,-42438976.79847481,-18417283.80064972,8.788133393547682,-25.70425220836112,-11.15130266615603,2026-04-07T17:08:17.814332
2461138.215590278, A.D. 2026-Apr-07 17:10:27.0000,69.18563,-143282677.6239305,-42440519.04646372,-18417952.87510587,8.788580823169312,-25.7040562605343,-11.15119750082475,2026-04-07T17:09:17.814409
2461138.216284722, A.D. 2026-Apr-07 17:11:27.0000,69.18563,-143282150.2960923,-42442061.2826965,-18418621.94325241,8.78902815367301,-25.70386023244093,-11.15109230083105,2026-04-07T17:10:17.814365
2461138.216979166, A.D. 2026-Apr-07 17:12:27.0000,69.18563,-143281622.9414183,-42443603.50716216,-18419291.00508461,8.789475385339474,-25.70366412418561,-11.15098706620372,2026-04-07T17:11:17.814321
2461138.217673611, A.D. 2026-Apr-07 17:13:27.0000,69.18563,-143281095.5599125,-42445145.71986192,-18419960.06060299,8.78992251845207,-25.70346793587264,-11.15088179697089,2026-04-07T17:12:17.814358
2461138.218368056, A.D. 2026-Apr-07 17:14:27.0000,69.18563,-143280568.1515816,-42446687.920788,-18420629.1098042,8.790369553289993,-25.70327166760425,-11.15077649316078,2026-04-07T17:13:17.814435
2461138.2190625, A.D. 2026-Apr-07 17:15:27.0000,69.18563,-143280040.7164264,-42448230.10993351,-18421298.15269886,8.79081660933896,-25.70307526982576,-11.15067145298435,2026-04-07T17:14:17.814391
2461138.219756945, A.D. 2026-Apr-07 17:16:27.0000,69.18563,-143279513.2544549,-42449772.28729793,-18421967.18927868,8.79126344846484,-25.70287884193642,-11.15056608010093,2026-04-07T17:15:17.814428
2461138.220451389, A.D. 2026-Apr-07 17:17:27.0000,69.18563,-143278985.765676,-42451314.45287434,-18422636.21953514,8.791710190150523,-25.70268233438702,-11.15046067272238,2026-04-07T17:16:17.814384
2461138.221145833, A.D. 2026-Apr-07 17:18:27.0000,69.18563,-143278458.2500955,-42452856.60665792,-18423305.24346612,8.79215683467255,-25.70248574728111,-11.1503552308768,2026-04-07T17:17:17.814340
2461138.221840278, A.D. 2026-Apr-07 17:19:27.0000,69.18563,-143277930.7077194,-42454398.74864382,-18423974.26106952,8.792603382306414,-25.70228908071901,-11.15024975459173,2026-04-07T17:18:17.814377
2461138.222534722, A.D. 2026-Apr-07 17:20:27.0000,69.18563,-143277403.1385521,-42455940.87883049,-18424643.27234468,8.793049833326808,-25.70209233479547,-11.15014424389366,2026-04-07T17:19:17.814373
2461138.223229167, A.D. 2026-Apr-07 17:21:27.0000,69.18563,-143276875.5426019,-42457482.99720693,-18425312.27728683,8.793496188005436,-25.70189550960617,-11.15003869880966,2026-04-07T17:20:17.814410
2461138.223923611, A.D. 2026-Apr-07 17:22:27.0000,69.18563,-143276347.9198721,-42459025.1037746,-18425981.27589659,8.793942446616313,-25.70169860525082,-11.14993311936675,2026-04-07T17:21:17.814366
2461138.224618055, A.D. 2026-Apr-07 17:23:27.0000,69.18563,-143275820.2703688,-42460567.19852864,-18426650.26817186,8.794388609431186,-25.70150162183123,-11.14982750559251,2026-04-07T17:22:17.814322
2461138.2253125, A.D. 2026-Apr-07 17:24:27.0000,69.18563,-143275292.5940995,-42462109.28145832,-18427319.25410798,8.794834676718473,-25.70130455944683,-11.14972185751444,2026-04-07T17:23:17.814359
2461138.226006945, A.D. 2026-Apr-07 17:25:27.0000,69.18563,-143274764.8910681,-42463651.35256497,-18427988.23370553,8.79528064874942,-25.70110741819055,-11.1496161751584,2026-04-07T17:24:17.814436
2461138.226701389, A.D. 2026-Apr-07 17:26:27.0000,69.18563,-143274237.1612812,-42465193.41184074,-18428657.20696108,8.795726525791638,-25.70091019815605,-11.14951045855075,2026-04-07T17:25:17.814392
2461138.227395833, A.D. 2026-Apr-07 17:27:27.0000,69.18563,-143273709.4047436,-42466735.45928402,-18429326.17387396,8.796172308113544,-25.70071289944185,-11.14940470771826,2026-04-07T17:26:17.814348
2461138.228090278, A.D. 2026-Apr-07 17:28:27.0000,69.18563,-143273181.6214628,-42468277.49488401,-18429995.13443945,8.796617995980045,-25.70051552214891,-11.14929892268849,2026-04-07T17:27:17.814385
2461138.228784722, A.D. 2026-Apr-07 17:29:27.0000,69.18563,-143272653.8114426,-42469819.51864208,-18430664.08865814,8.797063589658743,-25.7003180663736,-11.14919310348764,2026-04-07T17:28:17.814341
2461138.229479167, A.D. 2026-Apr-07 17:30:27.0000,69.18563,-143272125.9746846,-42471361.53054833,-18431333.03653935,8.79750920861747,-25.7001204824858,-11.14908754831467,2026-04-07T17:29:17.814418
2461138.230173611, A.D. 2026-Apr-07 17:31:27.0000,69.18563,-143271598.1111974,-42472903.53059927,-18432001.97807352,8.797954614711832,-25.69992287002255,-11.14898166084937,2026-04-07T17:30:17.814374
2461138.230868055, A.D. 2026-Apr-07 17:32:27.0000,69.18563,-143271070.2209875,-42474445.51879425,-18432670.91325478,8.798399927409504,-25.69972517935809,-11.14887573929101,2026-04-07T17:31:17.814330
2461138.2315625, A.D. 2026-Apr-07 17:33:27.0000,69.18563,-143270542.3091302,-42475987.49394476,-18433339.84244256,8.798845144795212,-25.6995274219637,-11.14876979008947,2026-04-07T17:32:17.814367
2461138.232256944, A.D. 2026-Apr-07 17:34:27.0000,69.18563,-143270014.3654942,-42477529.45840821,-18434008.76490954,8.79929027147941,-25.69932957517512,-11.14866380047363,2026-04-07T17:33:17.814323
2461138.232951389, A.D. 2026-Apr-07 17:35:27.0000,69.18563,-143269486.3951534,-42479071.41099849,-18434677.68101612,8.799735305549465,-25.69913165047054,-11.1485577768431,2026-04-07T17:34:17.814400
2461138.233645834, A.D. 2026-Apr-07 17:36:27.0000,69.18563,-143268958.3981133,-42480613.35171092,-18435346.59076025,8.80018024726459,-25.69893364793993,-11.14845171922302,2026-04-07T17:35:17.814437
2461138.234340278, A.D. 2026-Apr-07 17:37:27.0000,69.18563,-143268430.3743784,-42482155.28054399,-18436015.49414127,8.80062509688359,-25.6987355676792,-11.14834562763955,2026-04-07T17:36:17.814393
2461138.235034722, A.D. 2026-Apr-07 17:38:27.0000,69.18563,-143267902.3239554,-42483697.19748994,-18436684.39115577,8.801069854663332,-25.6985374097857,-11.14823950211901,2026-04-07T17:37:17.814349
2461138.235729167, A.D. 2026-Apr-07 17:39:27.0000,69.18563,-143267374.2468485,-42485239.10254709,-18437353.28180303,8.80151452086151,-25.69833917435284,-11.14813334268673,2026-04-07T17:38:17.814386
2461138.236423611, A.D. 2026-Apr-07 17:40:27.0000,69.18563,-143266846.1430656,-42486780.99570481,-18438022.16607842,8.80195909573137,-25.69814086147091,-11.14802714936834,2026-04-07T17:39:17.814382
2461138.237118056, A.D. 2026-Apr-07 17:41:27.0000,69.18563,-143266318.0126099,-42488322.87696451,-18438691.04398252,8.802403579529479,-25.69794247122753,-11.14792092218807,2026-04-07T17:40:17.814419
2461138.2378125, A.D. 2026-Apr-07 17:42:27.0000,69.18563,-143265789.8554878,-42489864.74631844,-18439359.91551197,8.802847972509015,-25.69774400371733,-11.14781466117169,2026-04-07T17:41:17.814375
2461138.238506944, A.D. 2026-Apr-07 17:43:27.0000,69.18563,-143265261.671705,-42491406.60376202,-18440028.78066475,8.803292274922896,-25.69754545903607,-11.14770836634508,2026-04-07T17:42:17.814331
2461138.239201389, A.D. 2026-Apr-07 17:44:27.0000,69.18563,-143264733.4612656,-42492948.44929369,-18440697.63944016,8.803736487024109,-25.69734683727594,-11.14760203773329,2026-04-07T17:43:17.814368
2461138.239895833, A.D. 2026-Apr-07 17:45:27.0000,69.18563,-143264205.2241713,-42494490.28290366,-18441366.49184756,8.804180728264205,-25.69714808873124,-11.1474959735232,2026-04-07T17:44:17.814364
2461138.240590278, A.D. 2026-Apr-07 17:46:27.0000,69.18563,-143263676.9604301,-42496032.10458849,-18442035.33787737,8.804624760490702,-25.6969493130764,-11.14738957741474,2026-04-07T17:45:17.814401
2461138.241284722, A.D. 2026-Apr-07 17:47:27.0000,69.18563,-143263148.6700498,-42497573.9143445,-18442704.17752243,8.805068703154392,-25.69675046061066,-11.14728314759533,2026-04-07T17:46:17.814357
2461138.241979167, A.D. 2026-Apr-07 17:48:27.0000,69.18563,-143262620.3530346,-42499115.71217018,-18443373.01078203,8.805512556504748,-25.69655153142801,-11.14717668409022,2026-04-07T17:47:17.814394
2461138.242673611, A.D. 2026-Apr-07 17:49:27.0000,69.18563,-143262092.0093919,-42500657.49805468,-18444041.83765147,8.805956320788205,-25.69635252561983,-11.14707018692438,2026-04-07T17:48:17.814350
2461138.243368056, A.D. 2026-Apr-07 17:50:27.0000,69.18563,-143261563.639125,-42502199.27199967,-18444710.65813141,8.806399996252818,-25.69615344327192,-11.1469636561217,2026-04-07T17:49:17.814427
2461138.2440625, A.D. 2026-Apr-07 17:51:27.0000,69.18563,-143261035.2422393,-42503741.03400049,-18445379.47221984,8.806843583144616,-25.69595428446976,-11.14685709170601,2026-04-07T17:50:17.814383
2461138.244756944, A.D. 2026-Apr-07 17:52:27.0000,69.18563,-143260506.818742,-42505282.78404641,-18446048.27991206,8.807287081707209,-25.69575504930545,-11.14675049370241,2026-04-07T17:51:17.814339
2461138.245451389, A.D. 2026-Apr-07 17:53:27.0000,69.18563,-143259978.3686364,-42506824.52213901,-18446717.08120872,8.807730492186717,-25.69555573787096,-11.14664386213546,2026-04-07T17:52:17.814376
2461138.246145833, A.D. 2026-Apr-07 17:54:27.0000,69.18563,-143259449.8919288,-42508366.24827066,-18447385.87610651,8.808173814825647,-25.69535635025651,-11.14653719702985,2026-04-07T17:53:17.814332
2461138.246840278, A.D. 2026-Apr-07 17:55:27.0000,69.18563,-143258921.3886246,-42509907.96243677,-18448054.66460337,8.808617049866706,-25.69515688654651,-11.14643049840906,2026-04-07T17:54:17.814409
2461138.247534722, A.D. 2026-Apr-07 17:56:27.0000,69.18563,-143258392.8587278,-42511449.66463587,-18448723.44669866,8.809060197552201,-25.69495734682506,-11.14632376629651,2026-04-07T17:55:17.814365
2461138.248229166, A.D. 2026-Apr-07 17:57:27.0000,69.18563,-143257864.3022448,-42512991.35486029,-18449392.22238901,8.809503258122575,-25.69475773118222,-11.14621700071658,2026-04-07T17:56:17.814321
2461138.248923611, A.D. 2026-Apr-07 17:58:27.0000,69.18563,-143257335.7191808,-42514533.03310551,-18450060.99167242,8.809946231817966,-25.69455803970943,-11.14611020169385,2026-04-07T17:57:17.814358
2461138.249618056, A.D. 2026-Apr-07 17:59:27.0000,69.18563,-143256807.109541,-42516074.69936699,-18450729.75454691,8.810389118877664,-25.69435827249498,-11.14600336925234,2026-04-07T17:58:17.814435
2461138.2503125, A.D. 2026-Apr-07 18:00:27.0000,69.18563,-143256278.4733244,-42517616.35364109,-18451398.51102446,8.810832038739958,-25.69415837975664,-11.14589680156618,2026-04-07T17:59:17.814391
2461138.251006945, A.D. 2026-Apr-07 18:01:27.0000,69.18563,-143255749.8105415,-42519157.99591848,-18452067.26109295,8.81127475324265,-25.69395846130805,-11.14578990235644,2026-04-07T18:00:17.814428
2461138.251701389, A.D. 2026-Apr-07 18:02:27.0000,69.18563,-143255221.1211971,-42520699.62620151,-18452736.0047478,8.811717381823604,-25.69375846737181,-11.14568296979772,2026-04-07T18:01:17.814384
2461138.252395833, A.D. 2026-Apr-07 18:03:27.0000,69.18563,-143254692.4052967,-42522241.24448578,-18453404.74198706,8.812159924718642,-25.69355839803815,-11.1455760039143,2026-04-07T18:02:17.814340
2461138.253090278, A.D. 2026-Apr-07 18:04:27.0000,69.18563,-143254163.6628473,-42523782.8507605,-18454073.47280601,8.812602382161778,-25.69335825339418,-11.14546900472987,2026-04-07T18:03:17.814377
2461138.253784722, A.D. 2026-Apr-07 18:05:27.0000,69.18563,-143253634.8938519,-42525324.44502743,-18454742.19720537,8.813044754388594,-25.69315803352145,-11.14536197226707,2026-04-07T18:04:17.814373
2461138.254479167, A.D. 2026-Apr-07 18:06:27.0000,69.18563,-143253106.0983168,-42526866.02727884,-18455410.91518176,8.81348704163222,-25.69295773850126,-11.14525490654845,2026-04-07T18:05:17.814410
2461138.255173611, A.D. 2026-Apr-07 18:07:27.0000,69.18563,-143252577.2762471,-42528407.5975104,-18456079.62673325,8.813929244125005,-25.69275736842136,-11.14514780759786,2026-04-07T18:06:17.814366
2461138.255868055, A.D. 2026-Apr-07 18:08:27.0000,69.18563,-143252048.4276466,-42529949.15572052,-18456748.33185913,8.814371362100458,-25.69255692336939,-11.14504067543847,2026-04-07T18:07:17.814322
2461138.2565625, A.D. 2026-Apr-07 18:09:27.0000,69.18563,-143251519.5525227,-42531490.70189862,-18457417.03055474,8.81481339578816,-25.69235640343157,-11.14493351009383,2026-04-07T18:08:17.814359
2461138.257256945, A.D. 2026-Apr-07 18:10:27.0000,69.18563,-143250990.6508783,-42533032.2360464,-18458085.72282079,8.815255345419839,-25.69215580868793,-11.14482631158609,2026-04-07T18:09:17.814436
2461138.257951389, A.D. 2026-Apr-07 18:11:27.0000,69.18563,-143250461.7227184,-42534573.75815929,-18458754.40865526,8.815697211225405,-25.69195513921813,-11.14471907993727,2026-04-07T18:10:17.814392
2461138.258645833, A.D. 2026-Apr-07 18:12:27.0000,69.18563,-143249932.7680501,-42536115.26822677,-18459423.08805352,8.816138993431817,-25.69175439510909,-11.14461181517106,2026-04-07T18:11:17.814348
2461138.259340278, A.D. 2026-Apr-07 18:13:27.0000,69.18563,-143249403.7868764,-42537656.76625038,-18460091.76101623,8.816580692269456,-25.69155357644677,-11.14450451731006,2026-04-07T18:12:17.814385
2461138.260034722, A.D. 2026-Apr-07 18:14:27.0000,69.18563,-143248874.7792032,-42539198.25222268,-18460760.42754008,8.81702230796456,-25.69135268331591,-11.14439718637738,2026-04-07T18:13:17.814341
2461138.260729167, A.D. 2026-Apr-07 18:15:27.0000,69.18563,-143248345.7450305,-42540739.72613701,-18461429.08763578,8.817463959940087,-25.69115166585943,-11.14429012053524,2026-04-07T18:14:17.814418
2461138.261423611, A.D. 2026-Apr-07 18:16:27.0000,69.18563,-143247816.6843652,-42542281.18799332,-18462097.7412952,8.817905410029804,-25.69095062402788,-11.14418272352459,2026-04-07T18:15:17.814374
2461138.262118055, A.D. 2026-Apr-07 18:17:27.0000,69.18563,-143247287.5972165,-42543822.63778181,-18462766.38850847,8.818346777653616,-25.69074950797031,-11.14407529350879,2026-04-07T18:16:17.814330
2461138.2628125, A.D. 2026-Apr-07 18:18:27.0000,69.18563,-143246758.4835872,-42545364.07550414,-18463435.02927627,8.81878806303784,-25.69054831777155,-11.14396783051018,2026-04-07T18:17:17.814367
2461138.263506944, A.D. 2026-Apr-07 18:19:27.0000,69.18563,-143246229.3434832,-42546905.5011529,-18464103.66359532,8.819229266404864,-25.69034705351506,-11.1438603345515,2026-04-07T18:18:17.814323
2461138.264201389, A.D. 2026-Apr-07 18:20:27.0000,69.18563,-143245700.1769053,-42548446.91473129,-18464772.29146656,8.819670592073116,-25.69014601414422,-11.14375290906158,2026-04-07T18:19:17.814400
2461138.264895834, A.D. 2026-Apr-07 18:21:27.0000,69.18563,-143245170.9838406,-42549988.31625932,-18465440.91289621,8.820112060646608,-25.68994522954089,-11.14364556439477,2026-04-07T18:20:17.814437
2461138.265590278, A.D. 2026-Apr-07 18:22:27.0000,69.18563,-143244641.7642903,-42551529.70573802,-18466109.52788418,8.8205534478833,-25.68974437110446,-11.14353818684406,2026-04-07T18:21:17.814393
2461138.266284722, A.D. 2026-Apr-07 18:23:27.0000,69.18563,-143244112.5182592,-42553071.08316304,-18466778.13642853,8.8209947539889,-25.6895434389337,-11.14343077642038,2026-04-07T18:22:17.814349
2461138.266979167, A.D. 2026-Apr-07 18:24:27.0000,69.18563,-143243583.2457522,-42554612.44852988,-18467446.73852725,8.821435979179368,-25.68934243311391,-11.14332333314207,2026-04-07T18:23:17.814386
2461138.267673611, A.D. 2026-Apr-07 18:25:27.0000,69.18563,-143243053.946773,-42556153.80183726,-18468115.33417974,8.821877123687893,-25.68914135370848,-11.14321585704108,2026-04-07T18:24:17.814382
2461138.268368056, A.D. 2026-Apr-07 18:26:27.0000,69.18563,-143242524.6213276,-42557695.14307769,-18468783.92338268,8.822318187746324,-25.68894020078,-11.14310834814991,2026-04-07T18:25:17.814419
2461138.2690625, A.D. 2026-Apr-07 18:27:27.0000,69.18563,-143241995.2694208,-42559236.47224677,-18469452.50613412,8.822759171563453,-25.68873897441893,-11.14300080648351,2026-04-07T18:26:17.814375
2461138.269756944, A.D. 2026-Apr-07 18:28:27.0000,69.18563,-143241465.8910612,-42560777.78933443,-18470121.08243013,8.823199860500793,-25.68853736020491,-11.14289312318959,2026-04-07T18:27:17.814331
2461138.270451389, A.D. 2026-Apr-07 18:29:27.0000,69.18563,-143240936.4862707,-42562319.09431293,-18470789.65226093,8.823640255832485,-25.68833535976656,-11.1427852988252,2026-04-07T18:28:17.814368
2461138.271145833, A.D. 2026-Apr-07 18:30:27.0000,69.18563,-143240407.0550538,-42563860.38716704,-18471458.21563395,8.824080690751344,-25.68813323614018,-11.14267773986816,2026-04-07T18:29:17.814364
2461138.271840278, A.D. 2026-Apr-07 18:31:27.0000,69.18563,-143239877.5974183,-42565401.66789374,-18472126.77253981,8.824520927084336,-25.68793108941511,-11.14256985008021,2026-04-07T18:30:17.814401
2461138.272534722, A.D. 2026-Apr-07 18:32:27.0000,69.18563,-143239348.1133699,-42566942.93649244,-18472795.3229726,8.82496108424055,-25.68772886966386,-11.14246192761184,2026-04-07T18:31:17.814357
2461138.273229167, A.D. 2026-Apr-07 18:33:27.0000,69.18563,-143238818.6029156,-42568484.19295277,-18473463.86692776,8.825401162431168,-25.68752657696964,-11.14235397248548,2026-04-07T18:32:17.814394
2461138.273923611, A.D. 2026-Apr-07 18:34:27.0000,69.18563,-143238289.0660579,-42570025.43727643,-18474132.40440596,8.82584116187084,-25.68732421141018,-11.14224598472164,2026-04-07T18:33:17.814350
2461138.274618056, A.D. 2026-Apr-07 18:35:27.0000,69.18563,-143237759.5028026,-42571566.66945594,-18474800.93540391,8.826281082770608,-25.6871217730596,-11.14213796434078,2026-04-07T18:34:17.814427
2461138.2753125, A.D. 2026-Apr-07 18:36:27.0000,69.18563,-143237229.9131534,-42573107.8894901,-18475469.45992101,8.826720925341924,-25.68691926199145,-11.14202991136322,2026-04-07T18:35:17.814383
2461138.276006944, A.D. 2026-Apr-07 18:37:27.0000,69.18563,-143236700.2971171,-42574649.09736832,-18476137.97795263,8.827160689794013,-25.68671667828536,-11.14192182581022,2026-04-07T18:36:17.814339
2461138.276701389, A.D. 2026-Apr-07 18:38:27.0000,69.18563,-143236170.6546961,-42576190.29309241,-18476806.48949946,8.827600376338502,-25.68651402202115,-11.14181370770264,2026-04-07T18:37:17.814376
2461138.277395833, A.D. 2026-Apr-07 18:39:27.0000,69.18563,-143235640.9858964,-42577731.47665498,-18477474.99455825,8.828039985183464,-25.686311293277,-11.14170555706155,2026-04-07T18:38:17.814332
2461138.278090278, A.D. 2026-Apr-07 18:40:27.0000,69.18563,-143235111.2907214,-42579272.64805467,-18478143.49312833,8.828479516538332,-25.68610849212483,-11.14159737390651,2026-04-07T18:39:17.814409
2461138.278784722, A.D. 2026-Apr-07 18:41:27.0000,69.18563,-143234581.5691779,-42580813.80728112,-18478811.98520514,8.82891897060856,-25.68590561863803,-11.14148915825805,2026-04-07T18:40:17.814365
2461138.279479166, A.D. 2026-Apr-07 18:42:27.0000,69.18563,-143234051.8212684,-42582354.95433608,-18479480.47078938,8.82935834760315,-25.68570267289364,-11.14138091013634,2026-04-07T18:41:17.814321
2461138.280173611, A.D. 2026-Apr-07 18:43:27.0000,69.18563,-143233522.0469987,-42583896.0892121,-18480148.94987776,8.829797647727903,-25.68549965497123,-11.14127262956234,2026-04-07T18:42:17.814358
2461138.280868056, A.D. 2026-Apr-07 18:44:27.0000,69.18563,-143232992.2463733,-42585437.21190492,-18480817.42246833,8.830236871188268,-25.68529656494738,-11.14116431655659,2026-04-07T18:43:17.814435
2461138.2815625, A.D. 2026-Apr-07 18:45:27.0000,69.18563,-143232462.4193906,-42586978.32241109,-18481485.88857318,8.830676137381078,-25.6850933528147,-11.14105626925702,2026-04-07T18:44:17.814391
2461138.282256945, A.D. 2026-Apr-07 18:46:27.0000,69.18563,-143231932.5660594,-42588519.42072448,-18482154.34818151,8.831115208127821,-25.68489011880092,-11.14094789144589,2026-04-07T18:45:17.814428
2461138.282951389, A.D. 2026-Apr-07 18:47:27.0000,69.18563,-143231402.6863862,-42590060.50684173,-18482822.80128622,8.83155420282291,-25.68468681290488,-11.14083948126238,2026-04-07T18:46:17.814384
2461138.283645833, A.D. 2026-Apr-07 18:48:27.0000,69.18563,-143230872.7803756,-42591601.5807585,-18483491.24788537,8.831993121669493,-25.68448343520465,-11.14073103872695,2026-04-07T18:47:17.814340
2461138.284340278, A.D. 2026-Apr-07 18:49:27.0000,69.18563,-143230342.8480312,-42593142.64247352,-18484159.68797832,8.832431964870905,-25.68427998577481,-11.1406225638593,2026-04-07T18:48:17.814377
2461138.285034722, A.D. 2026-Apr-07 18:50:27.0000,69.18563,-143229812.8893594,-42594683.69197632,-18484828.12156047,8.832870732627068,-25.68407646468617,-11.14051405667896,2026-04-07T18:49:17.814373
2461138.285729167, A.D. 2026-Apr-07 18:51:27.0000,69.18563,-143229282.9043619,-42596224.72927191,-18485496.54863391,8.83330942514098,-25.68387287200775,-11.14040551720467,2026-04-07T18:50:17.814410
2461138.286423611, A.D. 2026-Apr-07 18:52:27.0000,69.18563,-143228752.893046,-42597765.75434666,-18486164.96919266,8.83374804261101,-25.68366920781574,-11.14029694545667,2026-04-07T18:51:17.814366
2461138.287118055, A.D. 2026-Apr-07 18:53:27.0000,69.18563,-143228222.8554154,-42599306.76719949,-18486833.38323616,8.834186585237303,-25.68346547218719,-11.1401883414552,2026-04-07T18:52:17.814322
2461138.2878125, A.D. 2026-Apr-07 18:54:27.0000,69.18563,-143227692.7914735,-42600847.76782911,-18487501.79076379,8.834625053220046,-25.68326166519531,-11.1400797052195,2026-04-07T18:53:17.814359
2461138.288506945, A.D. 2026-Apr-07 18:55:27.0000,69.18563,-143227162.7012257,-42602388.75622813,-18488170.19177226,8.835063446756768,-25.68305778690935,-11.13997103676849,2026-04-07T18:54:17.814436
2461138.289201389, A.D. 2026-Apr-07 18:56:27.0000,69.18563,-143226632.5846765,-42603929.7323924,-18488838.5862597,8.835501766044583,-25.68285383739829,-11.13986233612121,2026-04-07T18:55:17.814392
2461138.289895833, A.D. 2026-Apr-07 18:57:27.0000,69.18563,-143226102.4418294,-42605470.69632054,-18489506.97422543,8.83594001128211,-25.68264981673552,-11.13975360329663,2026-04-07T18:56:17.814348
2461138.290590278, A.D. 2026-Apr-07 18:58:27.0000,69.18563,-143225572.2726898,-42607011.64800542,-18490175.35566626,8.836378182664433,-25.68244572499781,-11.13964483831514,2026-04-07T18:57:17.814385
2461138.291284722, A.D. 2026-Apr-07 18:59:27.0000,69.18563,-143225042.0772622,-42608552.58744258,-18490843.7305802,8.836816280387984,-25.68224156225724,-11.13953604119558,2026-04-07T18:58:17.814341
2461138.291979167, A.D. 2026-Apr-07 19:00:27.0000,69.18563,-143224511.8555458,-42610093.51462577,-18491512.09897807,8.837254423835612,-25.68203727843274,-11.13942751006451,2026-04-07T18:59:17.814418
2461138.292673611, A.D. 2026-Apr-07 19:01:27.0000,69.18563,-143223981.6075481,-42611634.42955195,-18492180.46085042,8.837692374825277,-25.68183297389025,-11.13931864872461,2026-04-07T19:00:17.814374
2461138.293368055, A.D. 2026-Apr-07 19:02:27.0000,69.18563,-143223451.3332745,-42613175.3322208,-18492848.81619146,8.838130252740232,-25.68162859855309,-11.13920975530258,2026-04-07T19:01:17.814330
2461138.2940625, A.D. 2026-Apr-07 19:03:27.0000,69.18563,-143222921.0327305,-42614716.22262502,-18493517.16499794,8.838568057772914,-25.68142415249632,-11.13910082981808,2026-04-07T19:02:17.814367
2461138.294756944, A.D. 2026-Apr-07 19:04:27.0000,69.18563,-143222390.7059204,-42616257.10076038,-18494185.50726793,8.839005790115971,-25.68121963579152,-11.13899187229003,2026-04-07T19:03:17.814323
2461138.295451389, A.D. 2026-Apr-07 19:05:27.0000,69.18563,-143221860.3528485,-42617797.96662258,-18494853.8429995,8.839443449961527,-25.68101504850506,-11.13888288273636,2026-04-07T19:04:17.814400
2461138.296145834, A.D. 2026-Apr-07 19:06:27.0000,69.18563,-143221329.9735182,-42619338.82021057,-18495522.1721921,8.839881037501247,-25.6808103907032,-11.13877386117517,2026-04-07T19:05:17.814437
2461138.296840278, A.D. 2026-Apr-07 19:07:27.0000,69.18563,-143220799.5679348,-42620879.66151694,-18496190.49484244,8.84031855292551,-25.68060566245804,-11.13866480762525,2026-04-07T19:06:17.814393
2461138.297534722, A.D. 2026-Apr-07 19:08:27.0000,69.18563,-143220269.1361026,-42622420.49053753,-18496858.81094861,8.84075599642452,-25.68040086384304,-11.13855572210571,2026-04-07T19:07:17.814349
2461138.298229167, A.D. 2026-Apr-07 19:09:27.0000,69.18563,-143219738.678025,-42623961.30727112,-18497527.12051,8.841193368188893,-25.680195994928,-11.13844660463475,2026-04-07T19:08:17.814386
2461138.298923611, A.D. 2026-Apr-07 19:10:27.0000,69.18563,-143219208.1937082,-42625502.11170747,-18498195.42352209,8.841630668405307,-25.67999105577967,-11.13833745523081,2026-04-07T19:09:17.814382
2461138.299618056, A.D. 2026-Apr-07 19:11:27.0000,69.18563,-143218677.6831546,-42627042.9038484,-18498863.71998557,8.842067897264023,-25.67978604646197,-11.13822827391085,2026-04-07T19:10:17.814419
2461138.3003125, A.D. 2026-Apr-07 19:12:27.0000,69.18563,-143218147.1463694,-42628583.68368672,-18499532.00989724,8.842505054951754,-25.67958096704634,-11.13811906069376,2026-04-07T19:11:17.814375
2461138.301006944, A.D. 2026-Apr-07 19:13:27.0000,69.18563,-143217616.5833558,-42630124.45122121,-18500200.29325648,8.8429421416569,-25.6793758176044,-11.13800981559779,2026-04-07T19:12:17.814331
2461138.301701389, A.D. 2026-Apr-07 19:14:27.0000,69.18563,-143217085.9941203,-42631665.2064416,-18500868.57005875,8.843379157563984,-25.67917059820673,-11.13790053864179,2026-04-07T19:13:17.814368
2461138.302395833, A.D. 2026-Apr-07 19:15:27.0000,69.18563,-143216555.3786597,-42633205.94934762,-18501536.84031744,8.843816222046309,-25.67896525869611,-11.13779152793945,2026-04-07T19:14:17.814364
2461138.303090278, A.D. 2026-Apr-07 19:16:27.0000,69.18563,-143216024.7369826,-42634746.67993337,-18502205.10402188,8.844253096917056,-25.67875989957724,-11.13768218731439,2026-04-07T19:15:17.814401
2461138.303784722, A.D. 2026-Apr-07 19:17:27.0000,69.18563,-143215494.069095,-42636287.39819548,-18502873.36116491,8.844689901546511,-25.67855447070053,-11.13757281488184,2026-04-07T19:16:17.814357
2461138.304479167, A.D. 2026-Apr-07 19:18:27.0000,69.18563,-143214963.3750002,-42637828.10413284,-18503541.611746,8.845126636119748,-25.67834897213645,-11.13746341065993,2026-04-07T19:17:17.814394
2461138.305173611, A.D. 2026-Apr-07 19:19:27.0000,69.18563,-143214432.6547035,-42639368.79773816,-18504209.85576185,8.845563300820167,-25.67814340395156,-11.13735397466606,2026-04-07T19:18:17.814350
2461138.305868056, A.D. 2026-Apr-07 19:20:27.0000,69.18563,-143213901.9082091,-42640909.47900739,-18504878.09321063,8.845999895829591,-25.67793776621201,-11.1372445069182,2026-04-07T19:19:17.814427
2461138.3065625, A.D. 2026-Apr-07 19:21:27.0000,69.18563,-143213371.135521,-42642450.14793622,-18505546.32409038,8.846436421330408,-25.67773205898149,-11.13713500743332,2026-04-07T19:20:17.814383
2461138.307256944, A.D. 2026-Apr-07 19:22:27.0000,69.18563,-143212840.3366424,-42643990.80452365,-18506214.54840055,8.846872877506476,-25.67752628232233,-11.13702547622761,2026-04-07T19:21:17.814339
2461138.307951389, A.D. 2026-Apr-07 19:23:27.0000,69.18563,-143212309.5115786,-42645531.44876234,-18506882.76613788,8.847309264538076,-25.67732043630726,-11.13691591331968,2026-04-07T19:22:17.814376
2461138.308645833, A.D. 2026-Apr-07 19:24:27.0000,69.18563,-143211778.6603336,-42647072.08064827,-18507550.97730052,8.84774558260281,-25.67711452101492,-11.13680631873025,2026-04-07T19:23:17.814332
2461138.309340278, A.D. 2026-Apr-07 19:25:27.0000,69.18563,-143211247.7829117,-42648612.70017719,-18508219.18188653,8.848181831884656,-25.67690853649129,-11.13669669247164,2026-04-07T19:24:17.814409
2461138.310034722, A.D. 2026-Apr-07 19:26:27.0000,69.18563,-143210716.8793168,-42650153.30734493,-18508887.379894,8.848618012565312,-25.67670248278866,-11.13658703455789,2026-04-07T19:25:17.814365
2461138.310729166, A.D. 2026-Apr-07 19:27:27.0000,69.18563,-143210185.9495521,-42651693.90215052,-18509555.5713224,8.849054124814174,-25.67649636001679,-11.13647734501767,2026-04-07T19:26:17.814321
2461138.311423611, A.D. 2026-Apr-07 19:28:27.0000,69.18563,-143209654.9936228,-42653234.48458664,-18510223.75616848,8.8494901688137,-25.6762901682263,-11.13636762386368,2026-04-07T19:27:17.814358
2461138.312118056, A.D. 2026-Apr-07 19:29:27.0000,69.18563,-143209124.0115329,-42654775.05464919,-18510891.93443034,8.849926144758745,-25.67608390741096,-11.1362578710941,2026-04-07T19:28:17.814435
2461138.3128125, A.D. 2026-Apr-07 19:30:27.0000,69.18563,-143208593.0032803,-42656315.61233497,-18511560.10612012,8.850362172004935,-25.67587752736078,-11.13614838481666,2026-04-07T19:29:17.814391
2461138.313506945, A.D. 2026-Apr-07 19:31:27.0000,69.18563,-143208061.9688743,-42657856.15763494,-18512228.27122575,8.85079801230833,-25.67567112894572,-11.13603856893522,2026-04-07T19:30:17.814428
2461138.314201389, A.D. 2026-Apr-07 19:32:27.0000,69.18563,-143207530.9083189,-42659396.69055203,-18512896.42974282,8.851233785113866,-25.67546466158382,-11.13592872145876,2026-04-07T19:31:17.814384
2461138.314895833, A.D. 2026-Apr-07 19:33:27.0000,69.18563,-143206999.8216181,-42660937.21108207,-18513564.58166942,8.851669490569115,-25.67525812546199,-11.13581884243584,2026-04-07T19:32:17.814340
2461138.315590278, A.D. 2026-Apr-07 19:34:27.0000,69.18563,-143206468.7087781,-42662477.71921486,-18514232.72700103,8.852105128735136,-25.67505152111704,-11.1357089320079,2026-04-07T19:33:17.814377
2461138.316284722, A.D. 2026-Apr-07 19:35:27.0000,69.18563,-143205937.5698007,-42664018.21495242,-18514900.86573839,8.8525406999511,-25.67484484792336,-11.13559899001006,2026-04-07T19:34:17.814373
2461138.316979167, A.D. 2026-Apr-07 19:36:27.0000,69.18563,-143205406.4046911,-42665558.69828746,-18515568.99787827,8.852976204472204,-25.67463810558238,-11.13548901636352,2026-04-07T19:35:17.814410
2461138.317673611, A.D. 2026-Apr-07 19:37:27.0000,69.18563,-143204875.2134532,-42667099.16921601,-18516237.12341883,8.853411642036669,-25.6744312959987,-11.13537901157002,2026-04-07T19:36:17.814366
2461138.318368055, A.D. 2026-Apr-07 19:38:27.0000,69.18563,-143204343.9960912,-42668639.62773392,-18516905.24235815,8.853847013134564,-25.67422441790036,-11.13526897529341,2026-04-07T19:37:17.814322
2461138.3190625, A.D. 2026-Apr-07 19:39:27.0000,69.18563,-143203812.7526078,-42670180.0738401,-18517573.35469567,8.854282318422237,-25.67401746923013,-11.13515890698848,2026-04-07T19:38:17.814359
2461138.319756945, A.D. 2026-Apr-07 19:40:27.0000,69.18563,-143203281.4830081,-42671720.50752755,-18518241.46042822,8.85471755362362,-25.67381046396326,-11.13504881017054,2026-04-07T19:39:17.814436
2461138.320451389, A.D. 2026-Apr-07 19:41:27.0000,69.18563,-143202750.1872968,-42673260.92879343,-18518909.55955417,8.855152703623771,-25.67360341702169,-11.13493868703462,2026-04-07T19:40:17.814392
2461138.321145833, A.D. 2026-Apr-07 19:42:27.0000,69.18563,-143202218.8654794,-42674801.33763504,-18519577.65207183,8.855587755021498,-25.67339631919502,-11.13482853281912,2026-04-07T19:41:17.814348
2461138.321840278, A.D. 2026-Apr-07 19:43:27.0000,69.18563,-143201687.517561,-42676341.73405193,-18520245.73798051,8.85602270453407,-25.67318915256178,-11.1347183416563,2026-04-07T19:42:17.814385
2461138.322534722, A.D. 2026-Apr-07 19:44:27.0000,69.18563,-143201156.1435497,-42677882.11803318,-18520913.81727515,8.856457556589836,-25.67298189808745,-11.1346081084866,2026-04-07T19:43:17.814341
2461138.323229167, A.D. 2026-Apr-07 19:45:27.0000,69.18563,-143200624.743456,-42679422.48958117,-18521581.88996815,8.856892132679882,-25.67277451791411,-11.13449809106121,2026-04-07T19:44:17.814418
2461138.323923611, A.D. 2026-Apr-07 19:46:27.0000,69.18563,-143200093.3172825,-42680962.84868175,-18522249.95604663,8.857326837519782,-25.67256707756366,-11.1343877777995,2026-04-07T19:45:17.814374
2461138.324618055, A.D. 2026-Apr-07 19:47:27.0000,69.18563,-143199561.8650287,-42682503.1953337,-18522918.01550533,8.85776147790374,-25.67235956495362,-11.13427743198364,2026-04-07T19:46:17.814330
2461138.3253125, A.D. 2026-Apr-07 19:48:27.0000,69.18563,-143199030.3866974,-42684043.52953607,-18523586.06834373,8.858196052980821,-25.67215198809966,-11.13416705585685,2026-04-07T19:47:17.814367
2461138.326006944, A.D. 2026-Apr-07 19:49:27.0000,69.18563,-143198498.8822935,-42685583.85128176,-18524254.11455859,8.858630563494756,-25.67194434300241,-11.13405664830691,2026-04-07T19:48:17.814323
2461138.326701389, A.D. 2026-Apr-07 19:50:27.0000,69.18563,-143197967.351821,-42687124.16056671,-18524922.15414808,8.859065009730402,-25.67173662887097,-11.13394620911108,2026-04-07T19:49:17.814400
2461138.327395834, A.D. 2026-Apr-07 19:51:27.0000,69.18563,-143197435.7952825,-42688664.45738985,-18525590.1871116,8.859499391535952,-25.67152884808619,-11.13383573892942,2026-04-07T19:50:17.814437
2461138.328090278, A.D. 2026-Apr-07 19:52:27.0000,69.18563,-143196904.2126831,-42690204.74174412,-18526258.21344598,8.859933709196396,-25.67132099985511,-11.13372523754126,2026-04-07T19:51:17.814393
2461138.328784722, A.D. 2026-Apr-07 19:53:27.0000,69.18563,-143196372.6040266,-42691745.01362552,-18526926.23314935,8.86036796297015,-25.67111308356693,-11.13361470477728,2026-04-07T19:52:17.814349
2461138.329479167, A.D. 2026-Apr-07 19:54:27.0000,69.18563,-143195840.9693168,-42693285.2730299,-18527594.24621982,8.860802152871782,-25.67090510039512,-11.13350414096435,2026-04-07T19:53:17.814386
2461138.330173611, A.D. 2026-Apr-07 19:55:27.0000,69.18563,-143195309.3085575,-42694825.51995329,-18528262.25265554,8.861236279143602,-25.67069704980025,-11.13339354594825,2026-04-07T19:54:17.814382
2461138.330868056, A.D. 2026-Apr-07 19:56:27.0000,69.18563,-143194777.6217515,-42696365.7543947,-18528930.25245595,8.861670342049646,-25.67048893110389,-11.13328291953626,2026-04-07T19:55:17.814419
2461138.3315625, A.D. 2026-Apr-07 19:57:27.0000,69.18563,-143194245.9089037,-42697905.97634698,-18529598.24561785,8.862104341484974,-25.67028074633997,-11.13317226229677,2026-04-07T19:56:17.814375
2461138.332256944, A.D. 2026-Apr-07 19:58:27.0000,69.18563,-143193714.1700178,-42699446.18580617,-18530266.23213938,8.862538277779084,-25.67007249436478,-11.13306157391123,2026-04-07T19:57:17.814331
2461138.332951389, A.D. 2026-Apr-07 19:59:27.0000,69.18563,-143193182.4050977,-42700986.38276818,-18530934.21201867,8.862972151416844,-25.6698641729824,-11.13295085376671,2026-04-07T19:58:17.814368
2461138.333645833, A.D. 2026-Apr-07 20:00:27.0000,69.18563,-143192650.6141545,-42702526.56722863,-18531602.18526546,8.86340575998586,-25.66965571346848,-11.1328403468347,2026-04-07T19:59:17.814364
2461138.334340278, A.D. 2026-Apr-07 20:01:27.0000,69.18563,-143192118.797188,-42704066.73918394,-18532270.15187093,8.863839516241466,-25.66944730040981,-11.13272957837149,2026-04-07T20:00:17.814401
2461138.335034722, A.D. 2026-Apr-07 20:02:27.0000,69.18563,-143191586.9541974,-42705606.89863332,-18532938.11182974,8.86427323489082,-25.66923884549231,-11.13261879002313,2026-04-07T20:01:17.814357
2461138.335729167, A.D. 2026-Apr-07 20:03:27.0000,69.18563,-143191055.0851845,-42707147.04557372,-18533606.06514056,8.864706925908637,-25.66903033258282,-11.13250797841121,2026-04-07T20:02:17.814394
2461138.336423611, A.D. 2026-Apr-07 20:04:27.0000,69.18563,-143190523.1901498,-42708687.18000422,-18534274.0118032,8.8651405923719,-25.66882174246471,-11.13239713821464,2026-04-07T20:03:17.814350
2461138.337118056, A.D. 2026-Apr-07 20:05:27.0000,69.18563,-143189991.2690961,-42710227.3019166,-18534941.9518144,8.865574221982264,-25.66861306185139,-11.13228626361106,2026-04-07T20:04:17.814427
2461138.3378125, A.D. 2026-Apr-07 20:06:27.0000,69.18563,-143189459.3220263,-42711767.41130556,-18535609.88517208,8.866007798756605,-25.66840429504857,-11.13217535349665,2026-04-07T20:05:17.814383
2461138.338506944, A.D. 2026-Apr-07 20:07:27.0000,69.18563,-143188927.3489437,-42713307.50816626,-18536277.81187415,8.866441314960165,-25.66819545717678,-11.13206441122563,2026-04-07T20:06:17.814339
2461138.339201389, A.D. 2026-Apr-07 20:08:27.0000,69.18563,-143188395.3498509,-42714847.59249793,-18536945.73192015,8.86687476882208,-25.66798655619581,-11.13195343889224,2026-04-07T20:07:17.814376
2461138.339895833, A.D. 2026-Apr-07 20:09:27.0000,69.18563,-143187863.3247527,-42716387.66429352,-18537613.64530687,8.867308161404203,-25.66777758821594,-11.13184243546336,2026-04-07T20:08:17.814332
2461138.340590278, A.D. 2026-Apr-07 20:10:27.0000,69.18563,-143187331.2736528,-42717927.72354894,-18538281.55203242,8.86774149307952,-25.66756855235388,-11.13173140070456,2026-04-07T20:09:17.814409
2461138.341284722, A.D. 2026-Apr-07 20:11:27.0000,69.18563,-143186799.1965549,-42719467.7702603,-18538949.45209499,8.86817476347055,-25.66735945092259,-11.13162033522732,2026-04-07T20:10:17.814365
2461138.341979166, A.D. 2026-Apr-07 20:12:27.0000,69.18563,-143186267.0934626,-42721007.80442364,-18539617.34549272,8.868607972866279,-25.66715028339937,-11.13150923889193,2026-04-07T20:11:17.814321
2461138.342673611, A.D. 2026-Apr-07 20:13:27.0000,69.18563,-143185734.9643786,-42722547.82603797,-18540285.23222507,8.869041121615611,-25.66694104903515,-11.13139811149934,2026-04-07T20:12:17.814358
2461138.343368056, A.D. 2026-Apr-07 20:14:27.0000,69.18563,-143185202.8093074,-42724087.83509625,-18540953.11228885,8.869474209724729,-25.66673174850728,-11.13128695322776,2026-04-07T20:13:17.814435
2461138.3440625, A.D. 2026-Apr-07 20:15:27.0000,69.18563,-143184670.6282477,-42725627.8315924,-18541620.9856949,8.869907356419525,-25.66652233179276,-11.13117606225747,2026-04-07T20:14:17.814391
2461138.344756945, A.D. 2026-Apr-07 20:16:27.0000,69.18563,-143184138.4212051,-42727167.81552671,-18542288.85243519,8.870340323735967,-25.66631289898438,-11.13106484223919,2026-04-07T20:15:17.814428
2461138.345451389, A.D. 2026-Apr-07 20:17:27.0000,69.18563,-143183606.1881862,-42728707.78689314,-18542956.71250138,8.870773230904554,-25.66610340003844,-11.1309535913473,2026-04-07T20:16:17.814384
2461138.346145833, A.D. 2026-Apr-07 20:18:27.0000,69.18563,-143183073.9291958,-42730247.74568459,-18543624.56589026,8.871206078048335,-25.6658938351374,-11.13084230962888,2026-04-07T20:17:17.814340
2461138.346840278, A.D. 2026-Apr-07 20:19:27.0000,69.18563,-143182541.6442342,-42731787.69190624,-18544292.41260396,8.871638865344753,-25.66568420424078,-11.13073099707199,2026-04-07T20:18:17.814377
2461138.347534722, A.D. 2026-Apr-07 20:20:27.0000,69.18563,-143182009.3333083,-42733327.62554509,-18544960.25263669,8.872071592946805,-25.66547450738323,-11.13061965368593,2026-04-07T20:19:17.814373
2461138.348229167, A.D. 2026-Apr-07 20:21:27.0000,69.18563,-143181476.9964195,-42734867.54660321,-18545628.08598921,8.872504260995086,-25.66526474466716,-11.13050827949709,2026-04-07T20:20:17.814410
2461138.348923611, A.D. 2026-Apr-07 20:22:27.0000,69.18563,-143180944.6335725,-42736407.45507354,-18546295.91265834,8.872936869643164,-25.66505491613544,-11.13039687451582,2026-04-07T20:21:17.814366
2461138.349618055, A.D. 2026-Apr-07 20:23:27.0000,69.18563,-143180412.2447706,-42737947.35095222,-18546963.73264226,8.873369419045858,-25.66484502182737,-11.13028543875139,2026-04-07T20:22:17.814322
2461138.3503125, A.D. 2026-Apr-07 20:24:27.0000,69.18563,-143179879.8300176,-42739487.23423529,-18547631.54593913,8.873801909349746,-25.66463506181252,-11.13017397222124,2026-04-07T20:23:17.814359
2461138.351006945, A.D. 2026-Apr-07 20:25:27.0000,69.18563,-143179347.389316,-42741027.10492188,-18548299.35254842,8.874234340704309,-25.66442503614352,-11.1300624749388,2026-04-07T20:24:17.814436
2461138.351701389, A.D. 2026-Apr-07 20:26:27.0000,69.18563,-143178814.9226713,-42742566.96300188,-18548967.15246561,8.87466671325884,-25.66421494486265,-11.12995094691498,2026-04-07T20:25:17.814392
2461138.352395833, A.D. 2026-Apr-07 20:27:27.0000,69.18563,-143178282.4300839,-42744106.80848059,-18549634.94569288,8.875099027163875,-25.66400478802672,-11.12983938816346,2026-04-07T20:26:17.814348
2461138.353090278, A.D. 2026-Apr-07 20:28:27.0000,69.18563,-143177749.9115605,-42745646.64134487,-18550302.73222437,8.875531282564648,-25.66379456569675,-11.12972779869937,2026-04-07T20:27:17.814385
2461138.353784722, A.D. 2026-Apr-07 20:29:27.0000,69.18563,-143177217.3671035,-42747186.46159384,-18550970.51205957,8.875963479610252,-25.66358427792427,-11.12961617853523,2026-04-07T20:28:17.814341
2461138.354479167, A.D. 2026-Apr-07 20:30:27.0000,69.18563,-143176684.7967103,-42748726.2692245,-18551638.28521067,8.876395737620438,-25.66337387418082,-11.12950482572549,2026-04-07T20:29:17.814418
2461138.355173611, A.D. 2026-Apr-07 20:31:27.0000,69.18563,-143176152.2003885,-42750266.06423111,-18552306.05166697,8.876827818397443,-25.66316345567057,-11.12939314419864,2026-04-07T20:30:17.814374
2461138.355868055, A.D. 2026-Apr-07 20:32:27.0000,69.18563,-143175619.5781437,-42751805.8466107,-18552973.81142149,8.877259841259225,-25.66295297187145,-11.12928143201037,2026-04-07T20:31:17.814330
2461138.3565625, A.D. 2026-Apr-07 20:33:27.0000,69.18563,-143175086.9299781,-42753345.61636233,-18553641.56447367,8.877691806353168,-25.66274242283836,-11.1291696891736,2026-04-07T20:32:17.814367
2461138.357256944, A.D. 2026-Apr-07 20:34:27.0000,69.18563,-143174554.2558964,-42754885.37347911,-18554309.31082039,8.878123713823573,-25.66253180862565,-11.12905791570191,2026-04-07T20:33:17.814323
2461138.357951389, A.D. 2026-Apr-07 20:35:27.0000,69.18563,-143174021.5559019,-42756425.1179571,-18554977.05045978,8.878555563815507,-25.66232112928157,-11.12894611160745,2026-04-07T20:34:17.814400
2461138.358645834, A.D. 2026-Apr-07 20:36:27.0000,69.18563,-143173488.8299983,-42757964.84979238,-18555644.78339002,8.878987356473491,-25.66211038485392,-11.12883427690234,2026-04-07T20:35:17.814437
2461138.359340278, A.D. 2026-Apr-07 20:37:27.0000,69.18563,-143172956.0781887,-42759504.568981,-18556312.50960923,8.879419091941983,-25.6618995753964,-11.1287224115995,2026-04-07T20:36:17.814393
2461138.360034722, A.D. 2026-Apr-07 20:38:27.0000,69.18563,-143172423.3004758,-42761044.27552224,-18556980.22911697,8.879850770365378,-25.66168870096438,-11.12861051571224,2026-04-07T20:37:17.814349
2461138.360729167, A.D. 2026-Apr-07 20:39:27.0000,69.18563,-143171890.4968639,-42762583.96940906,-18557647.94191004,8.880282391886437,-25.66147776161039,-11.12849858925336,2026-04-07T20:38:17.814386
2461138.361423611, A.D. 2026-Apr-07 20:40:27.0000,69.18563,-143171357.6673563,-42764123.65063753,-18558315.64798659,8.880713956648094,-25.6612667573816,-11.12838663223467,2026-04-07T20:39:17.814382
2461138.362118056, A.D. 2026-Apr-07 20:41:27.0000,69.18563,-143170824.8119566,-42765663.31920388,-18558983.34734483,8.881145464792258,-25.66105568832559,-11.12827464466837,2026-04-07T20:40:17.814419
2461138.3628125, A.D. 2026-Apr-07 20:42:27.0000,69.18563,-143170291.9306671,-42767202.97510715,-18559651.0399842,8.881576916462407,-25.66084455449463,-11.1281626265667,2026-04-07T20:41:17.814375
2461138.363506944, A.D. 2026-Apr-07 20:43:27.0000,69.18563,-143169759.0234922,-42768742.61834051,-18560318.72590161,8.882008311799089,-25.66063335594392,-11.12805057794307,2026-04-07T20:42:17.814331
2461138.364201389, A.D. 2026-Apr-07 20:44:27.0000,69.18563,-143169226.0904353,-42770282.24890001,-18560986.40509518,8.882439650943688,-25.66042209272437,-11.1279384988098,2026-04-07T20:43:17.814368
2461138.364895833, A.D. 2026-Apr-07 20:45:27.0000,69.18563,-143168693.1314946,-42771821.8667796,-18561654.07757576,8.882871053205566,-25.66021071423556,-11.12782668721,2026-04-07T20:44:17.814364
2461138.365590278, A.D. 2026-Apr-07 20:46:27.0000,69.18563,-143168160.1466756,-42773361.47197982,-18562321.7433354,8.883302280388595,-25.65999932181865,-11.12771454709227,2026-04-07T20:45:17.814401
2461138.366284722, A.D. 2026-Apr-07 20:47:27.0000,69.18563,-143167627.1359846,-42774901.06449453,-18562989.40236571,8.88373345180053,-25.65978786487725,-11.12760237650048,2026-04-07T20:46:17.814357
2461138.366979167, A.D. 2026-Apr-07 20:48:27.0000,69.18563,-143167094.099425,-42776440.64431991,-18563657.05466488,8.884164567580992,-25.65957634346568,-11.12749017544746,2026-04-07T20:47:17.814394
2461138.367673611, A.D. 2026-Apr-07 20:49:27.0000,69.18563,-143166561.0370001,-42777980.21145209,-18564324.70023108,8.884595627869631,-25.65936475763659,-11.12737794394555,2026-04-07T20:48:17.814350
2461138.368368056, A.D. 2026-Apr-07 20:50:27.0000,69.18563,-143166027.9487123,-42779519.76589026,-18564992.33906381,8.885026632805305,-25.65915310743234,-11.12726568200565,2026-04-07T20:49:17.814427
2461138.3690625, A.D. 2026-Apr-07 20:51:27.0000,69.18563,-143165494.8345668,-42781059.30762438,-18565659.97115857,8.885457582524221,-25.65894139289716,-11.12715338963925,2026-04-07T20:50:17.814383
2461138.369756944, A.D. 2026-Apr-07 20:52:27.0000,69.18563,-143164961.6945651,-42782598.83665684,-18566327.59651623,8.885888477167438,-25.65872961408975,-11.12704106685902,2026-04-07T20:51:17.814339
2461138.370451389, A.D. 2026-Apr-07 20:53:27.0000,69.18563,-143164428.5287113,-42784138.35298064,-18566995.21513361,8.886319316871266,-25.65851777105975,-11.12692871367712,2026-04-07T20:52:17.814376
2461138.371145833, A.D. 2026-Apr-07 20:54:27.0000,69.18563,-143163895.3370077,-42785677.85659496,-18567662.8270102,8.886750101770952,-25.6583058638427,-11.12681633010396,2026-04-07T20:53:17.814332
2461138.371840278, A.D. 2026-Apr-07 20:55:27.0000,69.18563,-143163362.1194586,-42787217.34749296,-18568330.43214289,8.887180832005987,-25.65809389250332,-11.1267039161527,2026-04-07T20:54:17.814409
2461138.372534722, A.D. 2026-Apr-07 20:56:27.0000,69.18563,-143162828.8760675,-42788756.82567078,-18568998.03052984,8.887611507715144,-25.65788185709772,-11.12659147183527,2026-04-07T20:55:17.814365
2461138.373229166, A.D. 2026-Apr-07 20:57:27.0000,69.18563,-143162295.6068374,-42790296.29112456,-18569665.62216922,8.888042129023445,-25.65766975762536,-11.12647899715929,2026-04-07T20:56:17.814321
2461138.373923611, A.D. 2026-Apr-07 20:58:27.0000,69.18563,-143161762.3117717,-42791835.74385043,-18570333.2070592,8.88847269607118,-25.65745759415932,-11.1263664921386,2026-04-07T20:57:17.814358
2461138.374618056, A.D. 2026-Apr-07 20:59:27.0000,69.18563,-143161228.9908725,-42793375.18384764,-18571000.7851993,8.88890320901346,-25.65724536683645,-11.12625395679198,2026-04-07T20:58:17.814435
2461138.3753125, A.D. 2026-Apr-07 21:00:27.0000,69.18563,-143160695.6441392,-42794914.61110721,-18571668.35659908,8.88933378714443,-25.65703302496063,-11.12614168914939,2026-04-07T20:59:17.814391
2461138.376006945, A.D. 2026-Apr-07 21:01:27.0000,69.18563,-143160162.2715779,-42796454.02562642,-18572335.92124918,8.88976419220727,-25.65682066973325,-11.12602909315672,2026-04-07T21:00:17.814428
2461138.376701389, A.D. 2026-Apr-07 21:02:27.0000,69.18563,-143159628.8731939,-42797993.4274025,-18573003.47914265,8.890194543595323,-25.65660825092154,-11.12591646688301,2026-04-07T21:01:17.814384
2461138.377395833, A.D. 2026-Apr-07 21:03:27.0000,69.18563,-143159095.4489894,-42799532.81643457,-18573671.03027896,8.890624841409695,-25.65639576841969,-11.1258038103265,2026-04-07T21:02:17.814340
2461138.378090278, A.D. 2026-Apr-07 21:04:27.0000,69.18563,-143158561.9989696,-42801072.1927127,-18574338.57465363,8.891055085660568,-25.6561832217163,-11.12569112345172,2026-04-07T21:03:17.814377
2461138.378784722, A.D. 2026-Apr-07 21:05:27.0000,69.18563,-143158028.5231348,-42802611.55624229,-18575006.11226885,8.891485276698841,-25.6559706118522,-11.12557840635274,2026-04-07T21:04:17.814373
2461138.379479167, A.D. 2026-Apr-07 21:06:27.0000,69.18563,-143157495.0214911,-42804150.90701032,-18575673.64311881,8.891915414623131,-25.65575793872494,-11.12546565902695,2026-04-07T21:05:17.814410
2461138.380173611, A.D. 2026-Apr-07 21:07:27.0000,69.18563,-143156961.4940408,-42805690.245016,-18576341.16720301,8.892345499037022,-25.65554519993536,-11.12535288127099,2026-04-07T21:06:17.814366
2461138.380868055, A.D. 2026-Apr-07 21:08:27.0000,69.18563,-143156427.9407859,-42807229.57025884,-18577008.684521,8.892775534108004,-25.6553324140626,-11.12524007331472,2026-04-07T21:07:17.814322
2461138.3815625, A.D. 2026-Apr-07 21:09:27.0000,69.18563,-143155894.3617302,-42808768.8827341,-18577676.19506929,8.893205528452263,-25.65511961823975,-11.12512721942334,2026-04-07T21:08:17.814359
2461138.382256945, A.D. 2026-Apr-07 21:10:27.0000,69.18563,-143155360.7568761,-42810308.18244138,-18578343.69884416,8.893635482087767,-25.65490680832175,-11.12501428784689,2026-04-07T21:09:17.814436
2461138.382951389, A.D. 2026-Apr-07 21:11:27.0000,69.18563,-143154827.126225,-42811847.46938186,-18579011.19584174,8.89406538855161,-25.65469395250156,-11.12490126472428,2026-04-07T21:10:17.814392
2461138.383645833, A.D. 2026-Apr-07 21:12:27.0000,69.18563,-143154293.4697822,-42813386.74354575,-18579678.68605365,8.89449524062852,-25.65448101634429,-11.12478814320127,2026-04-07T21:11:17.814348
2461138.384340278, A.D. 2026-Apr-07 21:13:27.0000,69.18563,-143153759.7875491,-42814926.00493343,-18580346.16947716,8.89492503320125,-25.65426797865878,-11.1246749477963,2026-04-07T21:12:17.814385
2461138.385034722, A.D. 2026-Apr-07 21:14:27.0000,69.18563,-143153226.079529,-42816465.25353942,-18581013.646109,8.895354770396457,-25.65405486173122,-11.12456171228721,2026-04-07T21:13:17.814341
2461138.385729167, A.D. 2026-Apr-07 21:15:27.0000,69.18563,-143152692.3457203,-42818004.48935752,-18581681.11593326,8.895784620804056,-25.65384177729965,-11.12444818368481,2026-04-07T21:14:17.814418
2461138.386423611, A.D. 2026-Apr-07 21:16:27.0000,69.18563,-143152158.5861282,-42819543.7123877,-18582348.57895746,8.896214254397469,-25.65362853516057,-11.1243348884687,2026-04-07T21:15:17.814374
2461138.387118055, A.D. 2026-Apr-07 21:17:27.0000,69.18563,-143151624.8007606,-42821082.92261846,-18583016.03518176,8.896643837400388,-25.65341523305058,-11.12422156509623,2026-04-07T21:16:17.814330
2461138.3878125, A.D. 2026-Apr-07 21:18:27.0000,69.18563,-143151090.9896174,-42822622.12005544,-18583683.4846085,8.897073370792732,-25.65320187318886,-11.12410821527646,2026-04-07T21:17:17.814367
2461138.388506944, A.D. 2026-Apr-07 21:19:27.0000,69.18563,-143150557.1527048,-42824161.30468607,-18584350.92723215,8.897502854712148,-25.65298845521129,-11.12399483923623,2026-04-07T21:18:17.814323
2461138.389201389, A.D. 2026-Apr-07 21:20:27.0000,69.18563,-143150023.2900247,-42825700.47650991,-18585018.36305248,8.897932289034022,-25.65277497878885,-11.12388143699399,2026-04-07T21:19:17.814400
2461138.389895834, A.D. 2026-Apr-07 21:21:27.0000,69.18563,-143149489.4015789,-42827239.63552642,-18585685.79206919,8.898361673832815,-25.65256144397301,-11.12376800892027,2026-04-07T21:20:17.814437
2461138.390590278, A.D. 2026-Apr-07 21:22:27.0000,69.18563,-143148955.4873716,-42828778.78172918,-18586353.21427951,8.898791009630385,-25.6523478504686,-11.12365455557619,2026-04-07T21:21:17.814393
2461138.391284722, A.D. 2026-Apr-07 21:23:27.0000,69.18563,-143148421.5474045,-42830317.91511753,-18587020.62968315,8.89922029629583,-25.65213419802031,-11.12354107698067,2026-04-07T21:22:17.814349
2461138.391979167, A.D. 2026-Apr-07 21:24:27.0000,69.18563,-143147887.5816828,-42831857.03568199,-18587688.03827602,8.899649533104666,-25.65192048666579,-11.12342757275869,2026-04-07T21:23:17.814386
2461138.392673611, A.D. 2026-Apr-07 21:25:27.0000,69.18563,-143147353.5902073,-42833396.143425,-18588355.4400592,8.900078721301627,-25.65170671589863,-11.12331404408267,2026-04-07T21:24:17.814382
2461138.393368056, A.D. 2026-Apr-07 21:26:27.0000,69.18563,-143146819.572982,-42834935.23834004,-18589022.83502999,8.900507861651345,-25.65149288516738,-11.12320049171398,2026-04-07T21:25:17.814419
2461138.3940625, A.D. 2026-Apr-07 21:27:27.0000,69.18563,-143146285.5300098,-42836474.32042341,-18589690.22318684,8.900936950973666,-25.65127899546003,-11.12308691312016,2026-04-07T21:26:17.814375
2461138.394756944, A.D. 2026-Apr-07 21:28:27.0000,69.18563,-143145751.4612927,-42838013.38967471,-18590357.60452954,8.90136599105441,-25.65106504589551,-11.12297330991794,2026-04-07T21:27:17.814331
2461138.395451389, A.D. 2026-Apr-07 21:29:27.0000,69.18563,-143145217.3668355,-42839552.44608404,-18591024.97905423,8.901794992725266,-25.65085102933948,-11.1228596913825,2026-04-07T21:28:17.814368
2461138.396145833, A.D. 2026-Apr-07 21:30:27.0000,69.18563,-143144683.2466264,-42841091.48965987,-18591692.34676,8.902224239723367,-25.65063708804871,-11.1227459973267,2026-04-07T21:29:17.814364
2461138.396840278, A.D. 2026-Apr-07 21:31:27.0000,69.18563,-143144149.100675,-42842630.52038915,-18592359.70764665,8.902653177992946,-25.65042287753431,-11.12263235682362,2026-04-07T21:30:17.814401
2461138.397534722, A.D. 2026-Apr-07 21:32:27.0000,69.18563,-143143614.9289879,-42844169.53826547,-18593027.06171533,8.903082062369192,-25.6502085520002,-11.1225186831059,2026-04-07T21:31:17.814357
2461138.398229167, A.D. 2026-Apr-07 21:33:27.0000,69.18563,-143143080.7315709,-42845708.543276,-18593694.40896082,8.903510876444988,-25.64999412481663,-11.12240495991183,2026-04-07T21:32:17.814394
2461138.398923611, A.D. 2026-Apr-07 21:34:27.0000,69.18563,-143142546.5084261,-42847247.5354215,-18594361.74938269,8.90393961957241,-25.64977961840327,-11.12229118595227,2026-04-07T21:33:17.814350
2461138.399618056, A.D. 2026-Apr-07 21:35:27.0000,69.18563,-143142012.2595586,-42848786.51469465,-18595029.08297691,8.904368304569685,-25.64956504628361,-11.1221773735481,2026-04-07T21:34:17.814427
2461138.4003125, A.D. 2026-Apr-07 21:36:27.0000,69.18563,-143141477.9849703,-42850325.48109468,-18595696.40974287,8.904796942792686,-25.64935041265652,-11.12206353379095,2026-04-07T21:35:17.814383
2461138.401006944, A.D. 2026-Apr-07 21:37:27.0000,69.18563,-143140943.6846663,-42851864.43461177,-18596363.72967627,8.905225532846103,-25.64913571715135,-11.12194966517943,2026-04-07T21:36:17.814339
2461138.401701389, A.D. 2026-Apr-07 21:38:27.0000,69.18563,-143140409.3586473,-42853403.37524832,-18597031.04277794,8.905654071981557,-25.64892095887663,-11.12183576488134,2026-04-07T21:37:17.814376
2461138.402395833, A.D. 2026-Apr-07 21:39:27.0000,69.18563,-143139875.0069175,-42854942.30299746,-18597698.34904467,8.90608256246744,-25.64870613856852,-11.12172183503428,2026-04-07T21:38:17.814332
2461138.403090278, A.D. 2026-Apr-07 21:40:27.0000,69.18563,-143139340.6294797,-42856481.21785562,-18598365.64847478,8.906511004758912,-25.6484912564011,-11.12160787594498,2026-04-07T21:39:17.814409
2461138.403784722, A.D. 2026-Apr-07 21:41:27.0000,69.18563,-143138806.2263359,-42858020.11982204,-18599032.94106777,8.906939397738693,-25.64827631201638,-11.12149388639792,2026-04-07T21:40:17.814365
2461138.404479166, A.D. 2026-Apr-07 21:42:27.0000,69.18563,-143138271.7974899,-42859559.00888991,-18599700.22682046,8.907367742034573,-25.64806130554911,-11.12137986702131,2026-04-07T21:41:17.814321
2461138.405173611, A.D. 2026-Apr-07 21:43:27.0000,69.18563,-143137737.3429447,-42861097.88505559,-18600367.50573114,8.907796038099873,-25.64784623718705,-11.1212658180926,2026-04-07T21:42:17.814358
2461138.405868056, A.D. 2026-Apr-07 21:44:27.0000,69.18563,-143137202.8627032,-42862636.74831527,-18601034.77779796,8.908224285385648,-25.64763110688363,-11.12115173875473,2026-04-07T21:43:17.814435
2461138.4065625, A.D. 2026-Apr-07 21:45:27.0000,69.18563,-143136668.3567598,-42864175.59865606,-18601702.04301338,8.90865268633505,-25.64741569836807,-11.12103749536441,2026-04-07T21:44:17.814391
2461138.407256945, A.D. 2026-Apr-07 21:46:27.0000,69.18563,-143136133.8251213,-42865714.43608282,-18602369.30138043,8.909080837690492,-25.64720044431375,-11.12092335714199,2026-04-07T21:45:17.814428
2461138.407951389, A.D. 2026-Apr-07 21:47:27.0000,69.18563,-143135599.2677952,-42867253.26059245,-18603036.5528982,8.90950893960453,-25.64698512839895,-11.12080918709511,2026-04-07T21:46:17.814384
2461138.408645833, A.D. 2026-Apr-07 21:48:27.0000,69.18563,-143135064.6847843,-42868792.07218128,-18603703.79756516,8.909937002533518,-25.64676975171627,-11.12069500240602,2026-04-07T21:47:17.814340
2461138.409340278, A.D. 2026-Apr-07 21:49:27.0000,69.18563,-143134530.0760905,-42870330.87084595,-18604371.03538169,8.910365034066198,-25.64655432413137,-11.12058084519027,2026-04-07T21:48:17.814377
2461138.410034722, A.D. 2026-Apr-07 21:50:27.0000,69.18563,-143133995.4417154,-42871869.65658692,-18605038.26635137,8.910793004897222,-25.64633886123532,-11.12046672752036,2026-04-07T21:49:17.814373
2461138.410729167, A.D. 2026-Apr-07 21:51:27.0000,69.18563,-143133460.7816646,-42873408.42939912,-18605705.49047452,8.911220893450007,-25.64612336308471,-11.12035262086901,2026-04-07T21:50:17.814410
2461138.411423611, A.D. 2026-Apr-07 21:52:27.0000,69.18563,-143132926.0959425,-42874947.18927994,-18606372.70775077,8.911648718408767,-25.64590781278561,-11.12023849422852,2026-04-07T21:51:17.814366
2461138.412118055, A.D. 2026-Apr-07 21:53:27.0000,69.18563,-143132391.3845522,-42876485.93622582,-18607039.91817847,8.912076499690126,-25.64569219887183,-11.12012433600851,2026-04-07T21:52:17.814322
2461138.4128125, A.D. 2026-Apr-07 21:54:27.0000,69.18563,-143131856.6474954,-42878024.67023616,-18607707.12175714,8.912504233727402,-25.64547652339814,-11.12001014799963,2026-04-07T21:53:17.814359
2461138.413506945, A.D. 2026-Apr-07 21:55:27.0000,69.18563,-143131321.8847772,-42879563.39130104,-18608374.31848231,8.912931918825475,-25.64526078740078,-11.11989593110242,2026-04-07T21:54:17.814436
2461138.414201389, A.D. 2026-Apr-07 21:56:27.0000,69.18563,-143130787.0963981,-42881102.09942298,-18609041.50835491,8.91335955789299,-25.64504498937638,-11.11978168394656,2026-04-07T21:55:17.814392
2461138.414895833, A.D. 2026-Apr-07 21:57:27.0000,69.18563,-143130252.2823611,-42882640.7945983,-18609708.69137313,8.913787150403426,-25.64482912971458,-11.11966740685205,2026-04-07T21:56:17.814348
2461138.415590278, A.D. 2026-Apr-07 21:58:27.0000,69.18563,-143129717.4426711,-42884179.47681713,-18610375.86753249,8.91421469547411,-25.6446132090063,-11.11955310032109,2026-04-07T21:57:17.814385
2461138.416284722, A.D. 2026-Apr-07 21:59:27.0000,69.18563,-143129182.5773287,-42885718.14608195,-18611043.03683391,8.914642193959407,-25.64439722688596,-11.11943876399645,2026-04-07T21:58:17.814341
2461138.416979167, A.D. 2026-Apr-07 22:00:27.0000,69.18563,-143128647.6863326,-42887256.80238383,-18611710.19928694,8.915069765648093,-25.64418113209952,-11.11932469560431,2026-04-07T21:59:17.814418
2461138.417673611, A.D. 2026-Apr-07 22:01:27.0000,69.18563,-143128112.7696888,-42888795.44572036,-18612377.3548823,8.915497171187699,-25.6439650273253,-11.11921029977188,2026-04-07T22:00:17.814374
2461138.418368055, A.D. 2026-Apr-07 22:02:27.0000,69.18563,-143127577.8274021,-42890334.07608878,-18613044.50361301,8.915924530321155,-25.6437488613353,-11.11909587424794,2026-04-07T22:01:17.814330
2461138.4190625, A.D. 2026-Apr-07 22:03:27.0000,69.18563,-143127042.8594742,-42891872.69348844,-18613711.64547863,8.916351843313633,-25.6435326340866,-11.11898141896615,2026-04-07T22:02:17.814367
2461138.419756944, A.D. 2026-Apr-07 22:04:27.0000,69.18563,-143126507.8659089,-42893411.29791267,-18614378.78047605,8.916779110162485,-25.64331634568407,-11.11886693399174,2026-04-07T22:03:17.814323
2461138.420451389, A.D. 2026-Apr-07 22:05:27.0000,69.18563,-143125972.8467089,-42894949.88935776,-18615045.90860349,8.917206330956764,-25.64309999617616,-11.11875241934369,2026-04-07T22:04:17.814400
2461138.421145834, A.D. 2026-Apr-07 22:06:27.0000,69.18563,-143125437.8018772,-42896488.4678201,-18615713.02985918,8.917633505871105,-25.64288358556144,-11.11863787499814,2026-04-07T22:05:17.814437
2461138.421840278, A.D. 2026-Apr-07 22:07:27.0000,69.18563,-143124902.7314152,-42898027.033299,-18616380.14424263,8.918060635001757,-25.64266711388499,-11.11852330097051,2026-04-07T22:06:17.814393
2461138.422534722, A.D. 2026-Apr-07 22:08:27.0000,69.18563,-143124367.635327,-42899565.58578778,-18617047.25175076,8.918487718435722,-25.64245058120053,-11.1184086972809,2026-04-07T22:07:17.814349
2461138.423229167, A.D. 2026-Apr-07 22:09:27.0000,69.18563,-143123832.513615,-42901104.12528275,-18617714.35238177,8.918914756301326,-25.64223398753916,-11.11829406392908,2026-04-07T22:08:17.814386
2461138.423923611, A.D. 2026-Apr-07 22:10:27.0000,69.18563,-143123297.3662822,-42902642.6517803,-18618381.4461339,8.919341748712192,-25.64201733293442,-11.11817940092096,2026-04-07T22:09:17.814382
2461138.424618056, A.D. 2026-Apr-07 22:11:27.0000,69.18563,-143122762.1933301,-42904181.16527981,-18619048.53300669,8.919768695769331,-25.64180061742373,-11.11806470826818,2026-04-07T22:10:17.814419
2461138.4253125, A.D. 2026-Apr-07 22:12:27.0000,69.18563,-143122226.9947637,-42905719.66577154,-18619715.61299572,8.92019559758321,-25.64158384104297,-11.11794998597765,2026-04-07T22:11:17.814375
2461138.426006944, A.D. 2026-Apr-07 22:13:27.0000,69.18563,-143121691.7705835,-42907258.1532579,-18620382.68610184,8.920622454268774,-25.64136700382884,-11.1178352340552,2026-04-07T22:12:17.814331
2461138.426701389, A.D. 2026-Apr-07 22:14:27.0000,69.18563,-143121156.5207922,-42908796.6277353,-18621049.7523233,8.921049265932435,-25.64115010582318,-11.11772045251048,2026-04-07T22:13:17.814368
2461138.427395833, A.D. 2026-Apr-07 22:15:27.0000,69.18563,-143120621.2453895,-42910335.08919172,-18621716.81166833,8.921476151830076,-25.6409330959877,-11.11760593931782,2026-04-07T22:14:17.814364
2461138.428090278, A.D. 2026-Apr-07 22:16:27.0000,69.18563,-143120085.9443791,-42911873.53763103,-18622383.86413034,8.921902873774705,-25.64071607650049,-11.11749109855014,2026-04-07T22:15:17.814401
2461138.428784722, A.D. 2026-Apr-07 22:17:27.0000,69.18563,-143119550.6177667,-42913411.97304732,-18623050.909701,8.922329551022658,-25.64049899632379,-11.11737622818158,2026-04-07T22:16:17.814357
2461138.429479167, A.D. 2026-Apr-07 22:18:27.0000,69.18563,-143119015.265555,-42914950.39543702,-18623717.94837858,8.92275618368128,-25.64028185549715,-11.11726132822044,2026-04-07T22:17:17.814394
2461138.430173611, A.D. 2026-Apr-07 22:19:27.0000,69.18563,-143118479.8877467,-42916488.80479646,-18624384.98016128,8.923182771858874,-25.64006465405965,-11.11714639867441,2026-04-07T22:18:17.814350
2461138.430868056, A.D. 2026-Apr-07 22:20:27.0000,69.18563,-143117944.4843434,-42918027.201125,-18625052.00504861,8.923609315663843,-25.63984739204448,-11.11703143955012,2026-04-07T22:19:17.814427
2461138.4315625, A.D. 2026-Apr-07 22:21:27.0000,69.18563,-143117409.0553488,-42919565.58441606,-18625719.02303755,8.924035815201544,-25.63963006948399,-11.11691645085489,2026-04-07T22:20:17.814383
2461138.432256944, A.D. 2026-Apr-07 22:22:27.0000,69.18563,-143116873.6007656,-42921103.95466595,-18626386.03412627,8.924462270579077,-25.63941268641272,-11.11680143259564,2026-04-07T22:21:17.814339
2461138.432951389, A.D. 2026-Apr-07 22:23:27.0000,69.18563,-143116338.1205963,-42922642.31187104,-18627053.03831301,8.924888681903056,-25.63919524286906,-11.11668638478005,2026-04-07T22:22:17.814376
2461138.433645833, A.D. 2026-Apr-07 22:24:27.0000,69.18563,-143115802.6148439,-42924180.65602774,-18627720.03559601,8.925315049279611,-25.638977738892,-11.116571307416,2026-04-07T22:23:17.814332
2461138.434340278, A.D. 2026-Apr-07 22:25:27.0000,69.18563,-143115267.0835096,-42925718.98713546,-18628387.02597481,8.925741372815517,-25.63876017451422,-11.11645620050998,2026-04-07T22:24:17.814409
2461138.435034722, A.D. 2026-Apr-07 22:26:27.0000,69.18563,-143114731.5265971,-42927257.30518746,-18629054.0094463,8.926167652615456,-25.63854254976657,-11.11634106406856,2026-04-07T22:25:17.814365
2461138.435729166, A.D. 2026-Apr-07 22:27:27.0000,69.18563,-143114195.9441082,-42928795.61018329,-18629720.98601006,8.926593888785332,-25.63832486468322,-11.11622589809862,2026-04-07T22:26:17.814321
2461138.436423611, A.D. 2026-Apr-07 22:28:27.0000,69.18563,-143113660.3360476,-42930333.90211315,-18630387.95566167,8.927020081428697,-25.63810711930264,-11.11611070260803,2026-04-07T22:27:17.814358
2461138.437118056, A.D. 2026-Apr-07 22:29:27.0000,69.18563,-143113124.7024155,-42931872.1809795,-18631054.91840196,8.927446230652288,-25.63788931366181,-11.11599547760367,2026-04-07T22:28:17.814435
2461138.4378125, A.D. 2026-Apr-07 22:30:27.0000,69.18563,-143112589.0432108,-42933410.44677359,-18631721.87424058,8.92787245570666,-25.63767139664836,-11.11588052104747,2026-04-07T22:29:17.814391
2461138.438506945, A.D. 2026-Apr-07 22:31:27.0000,69.18563,-143112053.358439,-42934948.69949299,-18632388.82316823,8.928298518401428,-25.63745347058356,-11.1157652370357,2026-04-07T22:30:17.814428
2461138.439201389, A.D. 2026-Apr-07 22:32:27.0000,69.18563,-143111517.6481047,-42936486.93913509,-18633055.76517797,8.928724537987494,-25.63723548435557,-11.11564992353016,2026-04-07T22:31:17.814384
2461138.439895833, A.D. 2026-Apr-07 22:33:27.0000,69.18563,-143110981.9122095,-42938025.1656992,-18633722.70026932,8.929150514569788,-25.63701743800056,-11.11553458053755,2026-04-07T22:32:17.814340
2461138.440590278, A.D. 2026-Apr-07 22:34:27.0000,69.18563,-143110446.150757,-42939563.37917878,-18634389.62843924,8.929576448250605,-25.63679933155684,-11.11541920806564,2026-04-07T22:33:17.814377
2461138.441284722, A.D. 2026-Apr-07 22:35:27.0000,69.18563,-143109910.3637498,-42941101.57957018,-18635056.54968592,8.930002339133077,-25.6365811650562,-11.1153038061207,2026-04-07T22:34:17.814373
2461138.441979167, A.D. 2026-Apr-07 22:36:27.0000,69.18563,-143109374.5511904,-42942639.76686978,-18635723.46400759,8.930428187319809,-25.63636293852781,-11.11518837470864,2026-04-07T22:35:17.814410
2461138.442673611, A.D. 2026-Apr-07 22:37:27.0000,69.18563,-143108838.7130804,-42944177.94107708,-18636390.37140385,8.930853992913946,-25.63614465200451,-11.11507291383588,2026-04-07T22:36:17.814366
2461138.443368055, A.D. 2026-Apr-07 22:38:27.0000,69.18563,-143108302.8494243,-42945716.10218234,-18637057.27187024,8.931279756016236,-25.63592630552341,-11.11495742350979,2026-04-07T22:37:17.814322
2461138.4440625, A.D. 2026-Apr-07 22:39:27.0000,69.18563,-143107766.9602228,-42947254.25018804,-18637724.16540764,8.931705476730613,-25.63570789912028,-11.11484190373684,2026-04-07T22:38:17.814359
2461138.444756945, A.D. 2026-Apr-07 22:40:27.0000,69.18563,-143107231.0454781,-42948792.38509064,-18638391.05201431,8.932131155158448,-25.63548943282673,-11.11472635452336,2026-04-07T22:39:17.814436
2461138.445451389, A.D. 2026-Apr-07 22:41:27.0000,69.18563,-143106695.1051952,-42950330.50688046,-18639057.93168584,8.932556791399167,-25.63527090667233,-11.1146107758756,2026-04-07T22:40:17.814392
2461138.446145833, A.D. 2026-Apr-07 22:42:27.0000,69.18563,-143106159.1393743,-42951868.61555994,-18639724.80442309,8.9329823855558,-25.63505232068827,-11.11449516779919,2026-04-07T22:41:17.814348
2461138.446840278, A.D. 2026-Apr-07 22:43:27.0000,69.18563,-143105623.148019,-42953406.71112246,-18640391.67022296,8.93340793772838,-25.6348336749109,-11.1143795303012,2026-04-07T22:42:17.814385
2461138.447534722, A.D. 2026-Apr-07 22:44:27.0000,69.18563,-143105087.1311318,-42954944.79356449,-18641058.52908373,8.933833448017507,-25.63461496937655,-11.11426386338857,2026-04-07T22:43:17.814341
2461138.448229167, A.D. 2026-Apr-07 22:45:27.0000,69.18563,-143104551.0887092,-42956482.86288326,-18641725.38101759,8.934259035668575,-25.63439615289793,-11.11414846501068,2026-04-07T22:44:17.814418
2461138.448923611, A.D. 2026-Apr-07 22:46:27.0000,69.18563,-143104015.0207587,-42958020.9190704,-18642392.22601268,8.934684462491264,-25.6341773279388,-11.11403273928599,2026-04-07T22:45:17.814374
2461138.449618055, A.D. 2026-Apr-07 22:47:27.0000,69.18563,-143103478.9272828,-42959558.96212929,-18643059.06406466,8.935109847731342,-25.63395844331241,-11.11391698416375,2026-04-07T22:46:17.814330
2461138.4503125, A.D. 2026-Apr-07 22:48:27.0000,69.18563,-143102942.8082851,-42961096.99205337,-18643725.89517048,8.935535191487304,-25.63373949905479,-11.11380119965102,2026-04-07T22:47:17.814367
2461138.451006944, A.D. 2026-Apr-07 22:49:27.0000,69.18563,-143102406.663768,-42962635.00883895,-18644392.71932832,8.935960493858948,-25.63352049520094,-11.11368538575403,2026-04-07T22:48:17.814323
2461138.451701389, A.D. 2026-Apr-07 22:50:27.0000,69.18563,-143101870.4937329,-42964173.01248562,-18645059.53653779,8.93638575494561,-25.63330143178102,-11.11356954247863,2026-04-07T22:49:17.814400
2461138.452395834, A.D. 2026-Apr-07 22:51:27.0000,69.18563,-143101334.2981834,-42965711.00298666,-18645726.34679578,8.936810974845226,-25.63308230882242,-11.11345366983009,2026-04-07T22:50:17.814437
2461138.453090278, A.D. 2026-Apr-07 22:52:27.0000,69.18563,-143100798.077122,-42967248.98033863,-18646393.15010056,8.937236153655888,-25.63286312635676,-11.11333776781452,2026-04-07T22:51:17.814393
2461138.453784722, A.D. 2026-Apr-07 22:53:27.0000,69.18563,-143100261.8305511,-42968786.94453777,-18647059.9464503,8.937661291476333,-25.63264388441795,-11.11322183643793,2026-04-07T22:52:17.814349
2461138.454479167, A.D. 2026-Apr-07 22:54:27.0000,69.18563,-143099725.5584721,-42970324.89558376,-18647726.73584464,8.938086388405067,-25.63242458304104,-11.11310587570678,2026-04-07T22:53:17.814386
2461138.455173611, A.D. 2026-Apr-07 22:55:27.0000,69.18563,-143099189.2608896,-42971862.83346683,-18648393.51827913,8.938511444538115,-25.63220522225621,-11.11298988562694,2026-04-07T22:54:17.814382
2461138.455868056, A.D. 2026-Apr-07 22:56:27.0000,69.18563,-143098652.9378039,-42973400.75818948,-18649060.29375465,8.93893645997455,-25.63198580208909,-11.11287386620288,2026-04-07T22:55:17.814419
2461138.4565625, A.D. 2026-Apr-07 22:57:27.0000,69.18563,-143098116.5892175,-42974938.66974827,-18649727.06226948,8.939361434811088,-25.63176632257064,-11.11275781744052,2026-04-07T22:56:17.814375
2461138.457256944, A.D. 2026-Apr-07 22:58:27.0000,69.18563,-143097580.2151348,-42976476.56813339,-18650393.82381915,8.939786369143508,-25.63154678373505,-11.11264173934608,2026-04-07T22:57:17.814331
2461138.457951389, A.D. 2026-Apr-07 22:59:27.0000,69.18563,-143097043.8155563,-42978014.45334753,-18651060.57840461,8.940211263069866,-25.63132718561656,-11.11252563192565,2026-04-07T22:58:17.814368
2461138.458645833, A.D. 2026-Apr-07 23:00:27.0000,69.18563,-143096507.3904803,-42979552.32538183,-18651727.32603543,8.940636235826675,-25.63110747695541,-11.11240979311743,2026-04-07T22:59:17.814364
2461138.459340278, A.D. 2026-Apr-07 23:01:27.0000,69.18563,-143095970.9399121,-42981090.18423398,-18652394.06670234,8.941061049228123,-25.63088776035448,-11.11229362706042,2026-04-07T23:00:17.814401
2461138.460034722, A.D. 2026-Apr-07 23:02:27.0000,69.18563,-143095434.4638565,-42982628.0299014,-18653060.80039844,8.941485822510721,-25.63066798455625,-11.11217743169322,2026-04-07T23:01:17.814357
2461138.460729167, A.D. 2026-Apr-07 23:03:27.0000,69.18563,-143094897.9623145,-42984165.86238351,-18653727.52712325,8.941910555771296,-25.63044814959295,-11.11206120702126,2026-04-07T23:02:17.814394
2461138.461423611, A.D. 2026-Apr-07 23:04:27.0000,69.18563,-143094361.4352899,-42985703.68167382,-18654394.24687371,8.942335249104229,-25.63022825549777,-11.11194495305071,2026-04-07T23:03:17.814350
2461138.462118056, A.D. 2026-Apr-07 23:05:27.0000,69.18563,-143093824.8827848,-42987241.48776871,-18655060.95964807,8.94275990260469,-25.6300083023006,-11.11182866978687,2026-04-07T23:04:17.814427
2461138.4628125, A.D. 2026-Apr-07 23:06:27.0000,69.18563,-143093288.3048017,-42988779.2806646,-18655727.66544453,8.943184516367419,-25.62978829002808,-11.11171235723449,2026-04-07T23:05:17.814383
2461138.463506944, A.D. 2026-Apr-07 23:07:27.0000,69.18563,-143092751.701343,-42990317.06035805,-18656394.3642614,8.943609090486666,-25.62956821870488,-11.11159601539818,2026-04-07T23:06:17.814339
2461138.464201389, A.D. 2026-Apr-07 23:08:27.0000,69.18563,-143092215.0724099,-42991854.82684844,-18657061.05609817,8.944033625058179,-25.6293480883647,-11.1114796442834,2026-04-07T23:07:17.814376
2461138.464895833, A.D. 2026-Apr-07 23:09:27.0000,69.18563,-143091678.418006,-42993392.58012933,-18657727.74095184,8.944458120174843,-25.62912789905073,-11.11136324389809,2026-04-07T23:08:17.814332
2461138.465590278, A.D. 2026-Apr-07 23:10:27.0000,69.18563,-143091141.7381337,-42994930.32019708,-18658394.41882061,8.944882575930773,-25.628907650778,-11.11124681424475,2026-04-07T23:09:17.814409
2461138.466284722, A.D. 2026-Apr-07 23:11:27.0000,69.18563,-143090605.032794,-42996468.0470512,-18659061.08970403,8.945306992420388,-25.62868734356275,-11.11113035532608,2026-04-07T23:10:17.814365
2461138.466979166, A.D. 2026-Apr-07 23:12:27.0000,69.18563,-143090068.3019917,-42998005.76068208,-18659727.75359772,8.945731369734839,-25.62846697746839,-11.11101386715358,2026-04-07T23:11:17.814321
2461138.467673611, A.D. 2026-Apr-07 23:13:27.0000,69.18563,-143089531.5457268,-42999543.46109229,-18660394.41050257,8.946155707969224,-25.62824655251291,-11.11089734972994,2026-04-07T23:12:17.814358
2461138.468368056, A.D. 2026-Apr-07 23:14:27.0000,69.18563,-143088994.7640018,-43001081.14827833,-18661061.06041684,8.946580007217097,-25.62802606867002,-11.11078080305034,2026-04-07T23:13:17.814435
2461138.4690625, A.D. 2026-Apr-07 23:15:27.0000,69.18563,-143088457.9568159,-43002618.8222283,-18661727.70334878,8.947004386707086,-25.62780547461841,-11.11066452504354,2026-04-07T23:14:17.814391
2461138.469756945, A.D. 2026-Apr-07 23:16:27.0000,69.18563,-143087921.1241736,-43004156.48294307,-18662394.33929048,8.947428608254652,-25.62758487329427,-11.11054791990387,2026-04-07T23:15:17.814428
2461138.470451389, A.D. 2026-Apr-07 23:17:27.0000,69.18563,-143087384.2660781,-43005694.13042311,-18663060.96823636,8.947852791093363,-25.62736421307703,-11.1104312855069,2026-04-07T23:16:17.814384
2461138.471145833, A.D. 2026-Apr-07 23:18:27.0000,69.18563,-143086847.3825328,-43007231.76466171,-18663727.59018327,8.948276935313816,-25.62714349408412,-11.11031462187302,2026-04-07T23:17:17.814340
2461138.471840278, A.D. 2026-Apr-07 23:19:27.0000,69.18563,-143086310.4735389,-43008769.38565852,-18664394.20513082,8.94870104100448,-25.62692271673193,-11.11019792907531,2026-04-07T23:18:17.814377
2461138.472534722, A.D. 2026-Apr-07 23:20:27.0000,69.18563,-143085773.539101,-43010306.99340386,-18665060.8130746,8.949125108260555,-25.62670188052063,-11.11008120702573,2026-04-07T23:19:17.814373
2461138.473229167, A.D. 2026-Apr-07 23:21:27.0000,69.18563,-143085236.579219,-43011844.58790032,-18665727.41401552,8.949549137178458,-25.62648098513278,-11.10996445566674,2026-04-07T23:20:17.814410
2461138.473923611, A.D. 2026-Apr-07 23:22:27.0000,69.18563,-143084699.5938966,-43013382.16914135,-18666394.0079505,8.949973127833236,-25.6262600320206,-11.10984767525548,2026-04-07T23:21:17.814366
2461138.474618055, A.D. 2026-Apr-07 23:23:27.0000,69.18563,-143084162.5831359,-43014919.73712346,-18667060.59487777,8.950397080321848,-25.62603902065451,-11.10973086569669,2026-04-07T23:22:17.814322
2461138.4753125, A.D. 2026-Apr-07 23:24:27.0000,69.18563,-143083625.546938,-43016457.2918461,-18667727.1747969,8.950820994764138,-25.62581794856153,-11.10961402654631,2026-04-07T23:23:17.814359
2461138.476006945, A.D. 2026-Apr-07 23:25:27.0000,69.18563,-143083088.4853076,-43017994.83329963,-18668393.74770349,8.951244871211902,-25.62559681922321,-11.10949715842936,2026-04-07T23:24:17.814436
2461138.476701389, A.D. 2026-Apr-07 23:26:27.0000,69.18563,-143082551.3982446,-43019532.36148688,-18669060.31359849,8.951668709739582,-25.62537563482593,-11.10938026169127,2026-04-07T23:25:17.814392
2461138.477395833, A.D. 2026-Apr-07 23:27:27.0000,69.18563,-143082014.2857526,-43021069.87640112,-18669726.87247877,8.952092510507628,-25.62515438594833,-11.10926333469704,2026-04-07T23:26:17.814348
2461138.478090278, A.D. 2026-Apr-07 23:28:27.0000,69.18563,-143081477.1478325,-43022607.37804167,-18670393.42434388,8.952516273714688,-25.6249330774439,-11.10914637820667,2026-04-07T23:27:17.814385
2461138.478784722, A.D. 2026-Apr-07 23:29:27.0000,69.18563,-143080939.9844888,-43024144.8663995,-18671059.96918945,8.952940000524556,-25.62471173621645,-11.1090293943153,2026-04-07T23:28:17.814341
2461138.479479167, A.D. 2026-Apr-07 23:30:27.0000,69.18563,-143080402.7957158,-43025682.34148234,-18671726.50702855,8.95336382611952,-25.62449044679152,-11.10891266172444,2026-04-07T23:29:17.814418
2461138.480173611, A.D. 2026-Apr-07 23:31:27.0000,69.18563,-143079865.58152,-43027219.80328422,-18672393.03784997,8.953787488734653,-25.62426906436493,-11.10879559008157,2026-04-07T23:30:17.814374
2461138.480868055, A.D. 2026-Apr-07 23:32:27.0000,69.18563,-143079328.3419044,-43028757.25180536,-18673059.56164682,8.954211108967971,-25.62404765057503,-11.10867846706708,2026-04-07T23:31:17.814330
2461138.4815625, A.D. 2026-Apr-07 23:33:27.0000,69.18563,-143078791.076874,-43030294.68703695,-18673726.07841402,8.954634688366987,-25.62382617592299,-11.10856132001516,2026-04-07T23:32:17.814367
2461138.482256944, A.D. 2026-Apr-07 23:34:27.0000,69.18563,-143078253.7864287,-43031832.10898003,-18674392.58815383,8.95505823881961,-25.62360458801096,-11.10844417590311,2026-04-07T23:33:17.814323
2461138.482951389, A.D. 2026-Apr-07 23:35:27.0000,69.18563,-143077716.4705717,-43033369.51762415,-18675059.09086465,8.955481742398021,-25.62338288599925,-11.10832701637008,2026-04-07T23:34:17.814400
2461138.483645834, A.D. 2026-Apr-07 23:36:27.0000,69.18563,-143077179.1293058,-43034906.91296396,-18675725.58654506,8.955905206560178,-25.62316111357317,-11.10820982735452,2026-04-07T23:35:17.814437
2461138.484340278, A.D. 2026-Apr-07 23:37:27.0000,69.18563,-143076641.762632,-43036444.29499872,-18676392.07519454,8.956328634895273,-25.62293928418483,-11.10809260898024,2026-04-07T23:36:17.814393
2461138.485034722, A.D. 2026-Apr-07 23:38:27.0000,69.18563,-143076104.3705547,-43037981.66371897,-18677058.55680875,8.956752025360771,-25.62271739675479,-11.10797536190717,2026-04-07T23:37:17.814349
2461138.485729167, A.D. 2026-Apr-07 23:39:27.0000,69.18563,-143075566.9530741,-43039519.01912726,-18677725.03138859,8.957175379205212,-25.62249545103524,-11.10785808562616,2026-04-07T23:38:17.814386
2461138.486423611, A.D. 2026-Apr-07 23:40:27.0000,69.18563,-143075029.5101933,-43041056.3612171,-18678391.49893098,8.95759869682438,-25.62227344716167,-11.107740780036,2026-04-07T23:39:17.814382
2461138.487118056, A.D. 2026-Apr-07 23:41:27.0000,69.18563,-143074492.0419135,-43042593.68998796,-18679057.95943547,8.95802197761565,-25.62205138521431,-11.10762344542587,2026-04-07T23:40:17.814419
2461138.4878125, A.D. 2026-Apr-07 23:42:27.0000,69.18563,-143073954.5482391,-43044131.00543036,-18679724.41289772,8.958445221834246,-25.62182926520541,-11.10750608172923,2026-04-07T23:41:17.814375
2461138.488506944, A.D. 2026-Apr-07 23:43:27.0000,69.18563,-143073417.0291701,-43045668.30754688,-18680390.85931858,8.958868429817683,-25.62160708713505,-11.10738868884528,2026-04-07T23:42:17.814331
2461138.489201389, A.D. 2026-Apr-07 23:44:27.0000,69.18563,-143072879.4847097,-43047205.59633101,-18681057.29869502,8.959291601456098,-25.62138485103501,-11.10727126685699,2026-04-07T23:43:17.814368
2461138.489895833, A.D. 2026-Apr-07 23:45:27.0000,69.18563,-143072341.914855,-43048742.87177704,-18681723.73103796,8.959714855834283,-25.621162505435,-11.10715411372187,2026-04-07T23:44:17.814364
2461138.490590278, A.D. 2026-Apr-07 23:46:27.0000,69.18563,-143071804.3196101,-43050280.13388585,-18682390.15633947,8.960137955098652,-25.62094015338426,-11.10703663351812,2026-04-07T23:45:17.814401
2461138.491284722, A.D. 2026-Apr-07 23:47:27.0000,69.18563,-143071266.6989804,-43051817.38265178,-18683056.57459129,8.960561018300579,-25.62071774335773,-11.10691912420677,2026-04-07T23:46:17.814357
2461138.491979167, A.D. 2026-Apr-07 23:48:27.0000,69.18563,-143070729.052968,-43053354.61807141,-18683722.98579169,8.960984045499837,-25.62049527540501,-11.10680158580579,2026-04-07T23:47:17.814394
2461138.492673611, A.D. 2026-Apr-07 23:49:27.0000,69.18563,-143070191.3815751,-43054891.84014121,-18684389.38993892,8.961407036869446,-25.62027274962498,-11.10668401829622,2026-04-07T23:48:17.814350
2461138.493368056, A.D. 2026-Apr-07 23:50:27.0000,69.18563,-143069653.6848037,-43056429.0488577,-18685055.78703121,8.96182999241856,-25.62005016592987,-11.10656642169231,2026-04-07T23:49:17.814427
2461138.4940625, A.D. 2026-Apr-07 23:51:27.0000,69.18563,-143069115.9626551,-43057966.24422055,-18685722.17706819,8.962252912162715,-25.619827524274,-11.10644879601304,2026-04-07T23:50:17.814383
2461138.494756944, A.D. 2026-Apr-07 23:52:27.0000,69.18563,-143068578.2151324,-43059503.42622319,-18686388.56004676,8.962675796410064,-25.61960482498048,-11.10633114122379,2026-04-07T23:51:17.814339
2461138.495451389, A.D. 2026-Apr-07 23:53:27.0000,69.18563,-143068040.4422376,-43061040.59486208,-18687054.93596514,8.96309864516535,-25.61938206796187,-11.10621345734013,2026-04-07T23:52:17.814376
2461138.496145833, A.D. 2026-Apr-07 23:54:27.0000,69.18563,-143067502.643972,-43062577.75013696,-18687721.30482299,8.96352145811887,-25.61915925272147,-11.10609574443253,2026-04-07T23:53:17.814332
2461138.496840278, A.D. 2026-Apr-07 23:55:27.0000,69.18563,-143066964.8203397,-43064114.89203805,-18688387.66661584,8.96394423588294,-25.61893637998842,-11.10597800241498,2026-04-07T23:54:17.814409
2461138.497534722, A.D. 2026-Apr-07 23:56:27.0000,69.18563,-143066426.9713408,-43065652.02056823,-18689054.02134465,8.964366978889254,-25.61871345024756,-11.10586023122914,2026-04-07T23:55:17.814365
2461138.498229166, A.D. 2026-Apr-07 23:57:27.0000,69.18563,-143065889.0969784,-43067189.13572083,-18689720.36900631,8.964789685779081,-25.61849046160371,-11.10574243112399,2026-04-07T23:56:17.814321
2461138.498923611, A.D. 2026-Apr-07 23:58:27.0000,69.18563,-143065351.1972546,-43068726.23749235,-18690386.70959909,8.965212357227662,-25.61826741487766,-11.10562460200078,2026-04-07T23:57:17.814358
2461138.499618056, A.D. 2026-Apr-07 23:59:27.0000,69.18563,-143064813.2721705,-43070263.32588249,-18691053.04312257,8.965634995819304,-25.61804431343734,-11.10550674342539,2026-04-07T23:58:17.814435
2461138.5003125, A.D. 2026-Apr-08 00:00:27.0000,69.18563,-143064275.321724,-43071800.4008827,-18691719.36958632,8.966057719255286,-25.61782110371366,-11.10538915353992,2026-04-07T23:59:17.814391
2461138.501006945, A.D. 2026-Apr-08 00:01:27.0000,69.18563,-143063737.3459205,-43073337.4624906,-18692385.68898121,8.96648028371408,-25.61759788137193,-11.1052712375067,2026-04-08T00:00:17.814428
2461138.501701389, A.D. 2026-Apr-08 00:02:27.0000,69.18563,-143063199.3447638,-43074874.51070383,-18693052.00130017,8.966902827151463,-25.61737462129553,-11.10515328830315,2026-04-08T00:01:17.814384
2461138.502395833, A.D. 2026-Apr-08 00:03:27.0000,69.18563,-143062661.3182548,-43076411.54552106,-18693718.30654073,8.96732535960335,-25.61715135181635,-11.10503528589009,2026-04-08T00:02:17.814340
2461138.503090278, A.D. 2026-Apr-08 00:04:27.0000,69.18563,-143062123.2663936,-43077948.56694512,-18694384.60470008,8.967747863871075,-25.6169280770786,-11.10491719998384,2026-04-08T00:03:17.814377
2461138.503784722, A.D. 2026-Apr-08 00:05:27.0000,69.18563,-143061585.1891834,-43079485.5749718,-18695050.89577194,8.968170323329636,-25.6167047663925,-11.10479904370634,2026-04-08T00:04:17.814373
2461138.504479167, A.D. 2026-Apr-08 00:06:27.0000,69.18563,-143061047.0866269,-43081022.56959817,-18695717.17975336,8.968592747331806,-25.61648139919518,-11.10468085576227,2026-04-08T00:05:17.814410
2461138.505173611, A.D. 2026-Apr-08 00:07:27.0000,69.18563,-143060508.9587248,-43082559.55082384,-18696383.4566441,8.969015138115221,-25.61625797356435,-11.10456264168277,2026-04-08T00:06:17.814366
2461138.505868055, A.D. 2026-Apr-08 00:08:27.0000,69.18563,-143059983.4821554,-43084088.12863588,-18697053.1051443,8.969259045703142,-25.61594877169828,-11.10442276065943,2026-04-08T00:07:17.814322
2461138.5065625, A.D. 2026-Apr-08 00:09:27.0000,69.18563,-143059445.3145738,-43085625.07779781,-18697719.3668947,8.96967317839722,-25.61572245350258,-11.10431413317431,2026-04-08T00:08:17.814359
2461138.507256945, A.D. 2026-Apr-08 00:10:27.0000,69.18563,-143058907.1217313,-43087162.01351749,-18698385.6216356,8.970102055170525,-25.61550092643639,-11.10418785905935,2026-04-08T00:09:17.814436
2461138.507951389, A.D. 2026-Apr-08 00:11:27.0000,69.18563,-143058368.90286,-43088698.93604121,-18699051.86844493,8.970536866914843,-25.61528129585669,-11.10405444142212,2026-04-08T00:10:17.814392
2461138.508645833, A.D. 2026-Apr-08 00:12:27.0000,69.18563,-143057830.6584928,-43090235.84519129,-18699718.1079538,8.970944680138789,-25.61505276477374,-11.10395313902958,2026-04-08T00:11:17.814348
2461138.509340278, A.D. 2026-Apr-08 00:13:27.0000,69.18563,-143057292.3917164,-43091772.73995516,-18700384.34384031,8.971288015935855,-25.61480305291036,-11.10392862694771,2026-04-08T00:12:17.814385
2461138.510034722, A.D. 2026-Apr-08 00:14:27.0000,69.18563,-143056754.104485,-43093309.6196891,-18701050.57842309,8.971636734690422,-25.61455522343831,-11.10389757864924,2026-04-08T00:13:17.814341
2461138.510729167, A.D. 2026-Apr-08 00:15:27.0000,69.18563,-143056215.7949112,-43094846.48502551,-18701716.80944991,8.97203681245469,-25.61432435954386,-11.10380518490512,2026-04-08T00:14:17.814418
2461138.511423611, A.D. 2026-Apr-08 00:16:27.0000,69.18563,-143055677.4597598,-43096383.3370261,-18702383.03305546,8.972484104576122,-25.6141089506813,-11.10365643286931,2026-04-08T00:15:17.814374
2461138.512118055, A.D. 2026-Apr-08 00:17:27.0000,69.18563,-143055139.0976554,-43097920.17613335,-18703049.24759775,8.97292339109976,-25.61389065436543,-11.10351722116655,2026-04-08T00:16:17.814330
2461138.5128125, A.D. 2026-Apr-08 00:18:27.0000,69.18563,-143054600.7099729,-43099457.00188214,-18703715.45471852,8.973342350607133,-25.6136654684101,-11.10340222635394,2026-04-08T00:17:17.814367
2461138.513506944, A.D. 2026-Apr-08 00:19:27.0000,69.18563,-143054062.2972763,-43100993.8140743,-18704381.65508245,8.973759364147206,-25.61343958962683,-11.10328948503779,2026-04-08T00:18:17.814323
2461138.514201389, A.D. 2026-Apr-08 00:20:27.0000,69.18563,-143053523.8593765,-43102530.61277666,-18705047.84846446,8.974182861313905,-25.61321585196667,-11.10316892722787,2026-04-08T00:19:17.814400
2461138.514895834, A.D. 2026-Apr-08 00:21:27.0000,69.18563,-143052985.3959844,-43104067.39808109,-18705714.03451242,8.974606846206363,-25.61299223103801,-11.10304771842491,2026-04-08T00:20:17.814437
2461138.515590278, A.D. 2026-Apr-08 00:22:27.0000,69.18563,-143052446.9072524,-43105604.16993617,-18706380.21340684,8.97502851873972,-25.61276778274966,-11.10292920456972,2026-04-08T00:21:17.814393
2461138.516284722, A.D. 2026-Apr-08 00:23:27.0000,69.18563,-143051908.3932309,-43107140.92831654,-18707046.38519883,8.97544998011246,-25.61254321637407,-11.10281087476337,2026-04-08T00:22:17.814349
2461138.516979167, A.D. 2026-Apr-08 00:24:27.0000,69.18563,-143051369.8539117,-43108677.67322773,-18707712.54987948,8.975871789544993,-25.6123187240216,-11.10269205979453,2026-04-08T00:23:17.814386
2461138.517673611, A.D. 2026-Apr-08 00:25:27.0000,69.18563,-143050831.2892788,-43110214.40466977,-18708378.70742312,8.97629361583077,-25.6120941916381,-11.10257315624655,2026-04-08T00:24:17.814382
2461138.518368056, A.D. 2026-Apr-08 00:26:27.0000,69.18563,-143050292.6993434,-43111751.12263607,-18709044.85783894,8.97671528137356,-25.611869558236,-11.10245437676219,2026-04-08T00:25:17.814419
2461138.5190625, A.D. 2026-Apr-08 00:27:27.0000,69.18563,-143049754.0841081,-43113287.82712569,-18709711.00112855,8.977136912123992,-25.61164486715316,-11.10233557066875,2026-04-08T00:26:17.814375
2461138.519756944, A.D. 2026-Apr-08 00:28:27.0000,69.18563,-143049215.4435759,-43114824.51813217,-18710377.13728882,8.977558513830548,-25.61142012039342,-11.10221673116991,2026-04-08T00:27:17.814331
2461138.520451389, A.D. 2026-Apr-08 00:29:27.0000,69.18563,-143048676.7777485,-43116361.19565217,-18711043.26631777,8.977980083642564,-25.61119531667611,-11.10209786186082,2026-04-08T00:28:17.814368
2461138.521145833, A.D. 2026-Apr-08 00:30:27.0000,69.18563,-143048138.086628,-43117897.85968222,-18711709.38821377,8.978401619640834,-25.61097045552373,-11.10197896507566,2026-04-08T00:29:17.814364
2461138.521840278, A.D. 2026-Apr-08 00:31:27.0000,69.18563,-143047599.3702163,-43119434.51021891,-18712375.5029751,8.978823122971349,-25.61074553770541,-11.10186003941952,2026-04-08T00:30:17.814401
2461138.522534722, A.D. 2026-Apr-08 00:32:27.0000,69.18563,-143047060.6285143,-43120971.14726189,-18713041.61060136,8.979244593736821,-25.61052056320244,-11.10174108487807,2026-04-08T00:31:17.814357
2461138.523229167, A.D. 2026-Apr-08 00:33:27.0000,69.18563,-143046521.861525,-43122507.7708047,-18713707.71108948,8.97966603223826,-25.61029553170354,-11.10162210130908,2026-04-08T00:32:17.814394
2461138.523923611, A.D. 2026-Apr-08 00:34:27.0000,69.18563,-143045983.0692504,-43124044.38084392,-18714373.80443771,8.980087438597197,-25.61007044316209,-11.1015030886843,2026-04-08T00:33:17.814350
2461138.524618056, A.D. 2026-Apr-08 00:35:27.0000,69.18563,-143045444.2516925,-43125580.97737611,-18715039.89064432,8.980508812779172,-25.60984529775918,-11.10138404707612,2026-04-08T00:34:17.814427
2461138.5253125, A.D. 2026-Apr-08 00:36:27.0000,69.18563,-143044905.4088519,-43127117.56040096,-18715705.9697089,8.980930154804486,-25.60962009559756,-11.10126497652233,2026-04-08T00:35:17.814383
2461138.526006944, A.D. 2026-Apr-08 00:37:27.0000,69.18563,-143044366.5407319,-43128654.12991197,-18716372.04162838,8.981351464788487,-25.60939483663867,-11.10114587699917,2026-04-08T00:36:17.814339
2461138.526701389, A.D. 2026-Apr-08 00:38:27.0000,69.18563,-143043827.6473342,-43130190.68590575,-18717038.10640101,8.981772742827179,-25.60916952087098,-11.10102674849456,2026-04-08T00:37:17.814376
2461138.527395833, A.D. 2026-Apr-08 00:39:27.0000,69.18563,-143043288.7286608,-43131727.22837888,-18717704.16402508,8.982193988979867,-25.60894414833686,-11.10090759101995,2026-04-08T00:38:17.814332
2461138.528090278, A.D. 2026-Apr-08 00:40:27.0000,69.18563,-143042749.7847125,-43133263.75733104,-18718370.21450016,8.982615203316723,-25.60871871906441,-11.10078840458063,2026-04-08T00:39:17.814409
2461138.528784722, A.D. 2026-Apr-08 00:41:27.0000,69.18563,-143042210.8154934,-43134800.27275268,-18719036.25782185,8.983036385913808,-25.60849323306932,-11.10066918917622,2026-04-08T00:40:17.814365
2461138.529479166, A.D. 2026-Apr-08 00:42:27.0000,69.18563,-143041671.8210033,-43136336.77464652,-18719702.29399109,8.983457536848832,-25.6082676903677,-11.10054994480735,2026-04-08T00:41:17.814321
2461138.530173611, A.D. 2026-Apr-08 00:43:27.0000,69.18563,-143041132.8012451,-43137873.26300611,-18720368.3230048,8.983878656194262,-25.6080420909807,-11.10043067147638,2026-04-08T00:42:17.814358
2461138.530868056, A.D. 2026-Apr-08 00:44:27.0000,69.18563,-143040593.7562195,-43139409.73783109,-18721034.34486257,8.984299744024181,-25.60781643492934,-11.10031136918448,2026-04-08T00:43:17.814435
2461138.5315625, A.D. 2026-Apr-08 00:45:27.0000,69.18563,-143040054.6859308,-43140946.19911198,-18721700.35956001,8.984720800411054,-25.60759072223135,-11.10019203793372,2026-04-08T00:44:17.814391
2461138.532256945, A.D. 2026-Apr-08 00:46:27.0000,69.18563,-143039515.5903785,-43142482.64685145,-18722366.36709804,8.985141825430297,-25.60736495290752,-11.10007267772494,2026-04-08T00:45:17.814428
2461138.532951389, A.D. 2026-Apr-08 00:47:27.0000,69.18563,-143038976.4695657,-43144019.08104307,-18723032.36747359,8.985562819154376,-25.6071391269763,-11.09995328856029,2026-04-08T00:46:17.814384
2461138.533645833, A.D. 2026-Apr-08 00:48:27.0000,69.18563,-143038437.3234932,-43145555.50168652,-18723698.36068625,8.985983781657177,-25.60691324445655,-11.09983387044051,2026-04-08T00:47:17.814340
2461138.534340278, A.D. 2026-Apr-08 00:49:27.0000,69.18563,-143037898.1521649,-43147091.90877226,-18724364.34673163,8.986404713010282,-25.60668730536827,-11.09971442336764,2026-04-08T00:48:17.814377
2461138.535034722, A.D. 2026-Apr-08 00:50:27.0000,69.18563,-143037358.9555807,-43148628.30230302,-18725030.32561065,8.986825613288062,-25.60646130973005,-11.09959494734237,2026-04-08T00:49:17.814373
2461138.535729167, A.D. 2026-Apr-08 00:51:27.0000,69.18563,-143036819.7337433,-43150164.68227236,-18725696.29732024,8.987246482562838,-25.60623525756004,-11.09947544236677,2026-04-08T00:50:17.814410
2461138.536423611, A.D. 2026-Apr-08 00:52:27.0000,69.18563,-143036280.4866548,-43151701.04867688,-18726362.26185868,8.98766732090645,-25.60600914887794,-11.09935590844177,2026-04-08T00:51:17.814366
2461138.537118055, A.D. 2026-Apr-08 00:53:27.0000,69.18563,-143035741.2143158,-43153237.40151624,-18727028.21922553,8.988088128392437,-25.60578298370127,-11.09923634556827,2026-04-08T00:52:17.814322
2461138.5378125, A.D. 2026-Apr-08 00:54:27.0000,69.18563,-143035201.9167292,-43154773.74078401,-18727694.16941774,8.988508905092303,-25.60555676205047,-11.09911675374755,2026-04-08T00:53:17.814359
2461138.538506945, A.D. 2026-Apr-08 00:55:27.0000,69.18563,-143034662.5938971,-43156310.06647679,-18728360.11243359,8.98892965107758,-25.60533048394236,-11.09899713298144,2026-04-08T00:54:17.814436
2461138.539201389, A.D. 2026-Apr-08 00:56:27.0000,69.18563,-143034123.2458211,-43157846.37859121,-18729026.04827132,8.989350366420727,-25.60510414939563,-11.09887748327029,2026-04-08T00:55:17.814392
2461138.539895833, A.D. 2026-Apr-08 00:57:27.0000,69.18563,-143033583.8725031,-43159382.67712386,-18729691.97692921,8.989771051192948,-25.60487775842962,-11.09875780461619,2026-04-08T00:56:17.814348
2461138.540590278, A.D. 2026-Apr-08 00:58:27.0000,69.18563,-143033044.4739439,-43160918.96207443,-18730357.89840684,8.990191705466756,-25.60465131106164,-11.0986380970192,2026-04-08T00:57:17.814385
2461138.541284722, A.D. 2026-Apr-08 00:59:27.0000,69.18563,-143032505.0501464,-43162455.23343646,-18731023.81270115,8.990612329312412,-25.60442480730854,-11.09851836048044,2026-04-08T00:58:17.814341
2461138.541979167, A.D. 2026-Apr-08 01:00:27.0000,69.18563,-143031965.6011124,-43163991.49120659,-18731689.7198104,8.991032922801114,-25.60419824719149,-11.09839859500167,2026-04-08T00:59:17.814418
2461138.542673611, A.D. 2026-Apr-08 01:01:27.0000,69.18563,-143031426.1268437,-43165527.73538143,-18732355.61973286,8.991453486004064,-25.60397163072603,-11.0982788005835,2026-04-08T01:00:17.814374
2461138.543368055, A.D. 2026-Apr-08 01:02:27.0000,69.18563,-143030886.627341,-43167063.96596066,-18733021.51246811,8.991874018992569,-25.60374495793048,-11.09815897722637,2026-04-08T01:01:17.814330
2461138.5440625, A.D. 2026-Apr-08 01:03:27.0000,69.18563,-143030347.1026073,-43168600.18293783,-18733687.3980131,8.992294521836595,-25.60351822882339,-11.09803912493125,2026-04-08T01:02:17.814367
2461138.544756944, A.D. 2026-Apr-08 01:04:27.0000,69.18563,-143029807.5526443,-43170136.38630958,-18734353.27636608,8.992714994606779,-25.60329144342132,-11.09791924369978,2026-04-08T01:03:17.814323
2461138.545451389, A.D. 2026-Apr-08 01:05:27.0000,69.18563,-143029267.9774539,-43171672.57607252,-18735019.14752533,8.993135437373033,-25.60306460174206,-11.09779933353227,2026-04-08T01:04:17.814400
2461138.546145834, A.D. 2026-Apr-08 01:06:27.0000,69.18563,-143028728.3770378,-43173208.75222328,-18735685.0114891,8.993555850205912,-25.60283770380459,-11.09767939442994,2026-04-08T01:05:17.814437
2461138.546840278, A.D. 2026-Apr-08 01:07:27.0000,69.18563,-143028188.7513968,-43174744.91476155,-18736350.86825699,8.993976233175816,-25.60261074962374,-11.09755942639265,2026-04-08T01:06:17.814393
2461138.547534722, A.D. 2026-Apr-08 01:08:27.0000,69.18563,-143027649.1005337,-43176281.06368088,-18737016.71782593,8.99439658635187,-25.60238373921841,-11.09743942942184,2026-04-08T01:07:17.814349
2461138.548229167, A.D. 2026-Apr-08 01:09:27.0000,69.18563,-143027109.4244503,-43177817.1989779,-18737682.56019419,8.99481690980346,-25.60215667260585,-11.09731940351796,2026-04-08T01:08:17.814386
2461138.548923611, A.D. 2026-Apr-08 01:10:27.0000,69.18563,-143026569.7231485,-43179353.32064925,-18738348.39536003,8.995237203600535,-25.60192954980263,-11.09719934868219,2026-04-08T01:09:17.814382
2461138.549618056, A.D. 2026-Apr-08 01:11:27.0000,69.18563,-143026029.9966288,-43180889.42869461,-18739014.22332304,8.995657467812782,-25.60170237082614,-11.09707926491387,2026-04-08T01:10:17.814419
2461138.5503125, A.D. 2026-Apr-08 01:12:27.0000,69.18563,-143025490.2448942,-43182425.52310756,-18739680.04408016,8.996077702508746,-25.60147513569365,-11.09695915221506,2026-04-08T01:11:17.814375
2461138.551006944, A.D. 2026-Apr-08 01:13:27.0000,69.18563,-143024950.4679464,-43183961.60388472,-18740345.85762966,8.996497907757123,-25.60124784442129,-11.09683901058563,2026-04-08T01:12:17.814331
2461138.551701389, A.D. 2026-Apr-08 01:14:27.0000,69.18563,-143024410.6657872,-43185497.67102272,-18741011.6639698,8.996918083627055,-25.60102049702577,-11.09671884002607,2026-04-08T01:13:17.814368
2461138.552395833, A.D. 2026-Apr-08 01:15:27.0000,69.18563,-143023870.8384173,-43187033.72452127,-18741677.46310016,8.997338230187555,-25.60079309352418,-11.09659864053659,2026-04-08T01:14:17.814364
2461138.553090278, A.D. 2026-Apr-08 01:16:27.0000,69.18563,-143023330.9858394,-43188569.76437392,-18742343.25501768,8.997758347506768,-25.60056563393291,-11.09647841211865,2026-04-08T01:15:17.814401
2461138.553784722, A.D. 2026-Apr-08 01:17:27.0000,69.18563,-143022791.1080554,-43190105.79057733,-18743009.03972064,8.998178435652669,-25.60033811826936,-11.09635815477161,2026-04-08T01:16:17.814357
2461138.554479167, A.D. 2026-Apr-08 01:18:27.0000,69.18563,-143022251.205067,-43191641.80312812,-18743674.8172073,8.99859849469351,-25.60011054654876,-11.09623786849654,2026-04-08T01:17:17.814394
2461138.555173611, A.D. 2026-Apr-08 01:19:27.0000,69.18563,-143021711.276876,-43193177.80202294,-18744340.58747591,8.999018524697249,-25.59988291878792,-11.09611755329369,2026-04-08T01:18:17.814350
2461138.555868056, A.D. 2026-Apr-08 01:20:27.0000,69.18563,-143021171.3234829,-43194713.78726147,-18745006.35052607,8.99943852573261,-25.59965523500266,-11.09599720916273,2026-04-08T01:19:17.814427
2461138.5565625, A.D. 2026-Apr-08 01:21:27.0000,69.18563,-143020631.3448907,-43196249.7588373,-18745672.10635472,8.999858497866326,-25.59942749520977,-11.09587683610513,2026-04-08T01:20:17.814383
2461138.557256944, A.D. 2026-Apr-08 01:22:27.0000,69.18563,-143020091.3411011,-43197785.71674707,-18746337.85496012,9.000278441165797,-25.59919969942452,-11.09575643412002,2026-04-08T01:21:17.814339
2461138.557951389, A.D. 2026-Apr-08 01:23:27.0000,69.18563,-143019551.3121146,-43199321.66099048,-18747003.59634186,9.000698355699605,-25.59897184766418,-11.09563600320801,2026-04-08T01:22:17.814376
2461138.558645833, A.D. 2026-Apr-08 01:24:27.0000,69.18563,-143019011.2579352,-43200857.59155805,-18747669.33049556,9.001118241532934,-25.59874393994352,-11.09551554336965,2026-04-08T01:23:17.814332
2461138.559340278, A.D. 2026-Apr-08 01:25:27.0000,69.18563,-143018471.1785625,-43202393.50845254,-18748335.05742213,9.001538098734457,-25.59851597627864,-11.09539505460509,2026-04-08T01:24:17.814409
2461138.560034722, A.D. 2026-Apr-08 01:26:27.0000,69.18563,-143017931.0739992,-43203929.41166756,-18749000.77711851,9.001957927370402,-25.59828795668492,-11.09527453691387,2026-04-08T01:25:17.814365
2461138.560729166, A.D. 2026-Apr-08 01:27:27.0000,69.18563,-143017390.9442471,-43205465.30119971,-18749666.48958297,9.002377727507422,-25.59805988117889,-11.09515399029637,2026-04-08T01:26:17.814321
2461138.561423611, A.D. 2026-Apr-08 01:28:27.0000,69.18563,-143016850.7893067,-43207001.17704873,-18750332.19481509,9.002797499212704,-25.59783174977534,-11.09503341475256,2026-04-08T01:27:17.814358
2461138.562118056, A.D. 2026-Apr-08 01:29:27.0000,69.18563,-143016310.6091809,-43208537.03920818,-18750997.89281181,9.003217242552166,-25.5976035624897,-11.09491281028288,2026-04-08T01:28:17.814435
2461138.5628125, A.D. 2026-Apr-08 01:30:27.0000,69.18563,-143015770.4038714,-43210072.88767474,-18751663.5835714,9.003636957591864,-25.59737531933783,-11.09479217688698,2026-04-08T01:29:17.814391
2461138.563506945, A.D. 2026-Apr-08 01:31:27.0000,69.18563,-143015230.1733798,-43211608.72244503,-18752329.26709212,9.004056644397663,-25.5971470203345,-11.0946715145647,2026-04-08T01:30:17.814428
2461138.564201389, A.D. 2026-Apr-08 01:32:27.0000,69.18563,-143014689.9177079,-43213144.54351572,-18752994.94337225,9.004476303036057,-25.59691866549605,-11.09455082331649,2026-04-08T01:31:17.814384
2461138.564895833, A.D. 2026-Apr-08 01:33:27.0000,69.18563,-143014149.6368563,-43214680.3508865,-18753660.61241135,9.00489593357319,-25.59669025483502,-11.09443010314168,2026-04-08T01:32:17.814340
2461138.565590278, A.D. 2026-Apr-08 01:34:27.0000,69.18563,-143013609.3308276,-43216216.14455099,-18754326.27420638,9.00531553607384,-25.5964617883692,-11.09430935404044,2026-04-08T01:33:17.814377
2461138.566284722, A.D. 2026-Apr-08 01:35:27.0000,69.18563,-143013068.9996237,-43217751.92450581,-18754991.9287556,9.005735110603718,-25.5962332661123,-11.09418857601237,2026-04-08T01:34:17.814373
2461138.566979167, A.D. 2026-Apr-08 01:36:27.0000,69.18563,-143012528.6432462,-43219287.69074764,-18755657.57605727,9.006154657228123,-25.59600468807937,-11.09406776905758,2026-04-08T01:35:17.814410
2461138.567673611, A.D. 2026-Apr-08 01:37:27.0000,69.18563,-143011988.2616956,-43220823.44327616,-18756323.21611099,9.006574176013043,-25.59577605428525,-11.09394693317577,2026-04-08T01:36:17.814366
2461138.568368055, A.D. 2026-Apr-08 01:38:27.0000,69.18563,-143011447.8549748,-43222359.18208499,-18756988.84891369,9.006993667022623,-25.59554736474406,-11.09382606836614,2026-04-08T01:37:17.814322
2461138.5690625, A.D. 2026-Apr-08 01:39:27.0000,69.18563,-143010907.4230853,-43223894.90717079,-18757654.47446363,9.007413130321536,-25.59531861947113,-11.09370517462919,2026-04-08T01:38:17.814359
2461138.569756945, A.D. 2026-Apr-08 01:40:27.0000,69.18563,-143010366.9660289,-43225430.61853021,-18758320.0927591,9.007832565974628,-25.59508981848081,-11.09358425196408,2026-04-08T01:39:17.814436
2461138.570451389, A.D. 2026-Apr-08 01:41:27.0000,69.18563,-143009826.4838062,-43226966.31616297,-18758985.70379966,9.008251974047647,-25.59486096178683,-11.09346330037073,2026-04-08T01:40:17.814392
2461138.571145833, A.D. 2026-Apr-08 01:42:27.0000,69.18563,-143009285.9764208,-43228502.0000596,-18759651.30758093,9.008671354602894,-25.59463204940451,-11.09334231984876,2026-04-08T01:41:17.814348
2461138.571840278, A.D. 2026-Apr-08 01:43:27.0000,69.18563,-143008745.4438724,-43230037.67022288,-18760316.90410384,9.009090707706406,-25.5944030813482,-11.09322131039716,2026-04-08T01:42:17.814385
2461138.572534722, A.D. 2026-Apr-08 01:44:27.0000,69.18563,-143008204.8861625,-43231573.32664946,-18760982.49336663,9.009510033422384,-25.59417405763089,-11.09310027201609,2026-04-08T01:43:17.814341
2461138.573229167, A.D. 2026-Apr-08 01:45:27.0000,69.18563,-143007664.3032951,-43233108.96932991,-18761648.07536494,9.00992933181314,-25.59394497826774,-11.09297920470492,2026-04-08T01:44:17.814418
2461138.573923611, A.D. 2026-Apr-08 01:46:27.0000,69.18563,-143007123.6952695,-43234644.59826699,-18762313.65009966,9.01034860294401,-25.59371584327255,-11.09285810846275,2026-04-08T01:45:17.814374
2461138.574618055, A.D. 2026-Apr-08 01:47:27.0000,69.18563,-143006583.0620884,-43236180.2134543,-18762979.21756776,9.010767846877805,-25.59348665265893,-11.09273698328981,2026-04-08T01:46:17.814330
2461138.5753125, A.D. 2026-Apr-08 01:48:27.0000,69.18563,-143006042.4037535,-43237715.81488852,-18763644.77776747,9.011187063678422,-25.59325740644128,-11.09261582918487,2026-04-08T01:47:17.814367
2461138.576006944, A.D. 2026-Apr-08 01:49:27.0000,69.18563,-143005501.7202665,-43239251.40256631,-18764310.33069707,9.011606253410717,-25.59302810463013,-11.09249464614634,2026-04-08T01:48:17.814323
2461138.576701389, A.D. 2026-Apr-08 01:50:27.0000,69.18563,-143004961.0116279,-43240786.97648738,-18764975.87635615,9.012025416135067,-25.59279874724499,-11.09237343417595,2026-04-08T01:49:17.814400
2461138.577395834, A.D. 2026-Apr-08 01:51:27.0000,69.18563,-143004420.2778413,-43242322.5366423,-18765641.41474034,9.012444551911228,-25.59256933430233,-11.09225219327396,2026-04-08T01:50:17.814437
2461138.578090278, A.D. 2026-Apr-08 01:52:27.0000,69.18563,-143003879.5189063,-43243858.08303383,-18766306.94585052,9.012863660811181,-25.59233986580366,-11.0921309234352,2026-04-08T01:51:17.814393
2461138.578784722, A.D. 2026-Apr-08 01:53:27.0000,69.18563,-143003338.7348246,-43245393.61565864,-18766972.46968496,9.013282742916195,-25.59211034173603,-11.09200962464678,2026-04-08T01:52:17.814349
2461138.579479167, A.D. 2026-Apr-08 01:54:27.0000,69.18563,-143002797.9255998,-43246929.13450731,-18767637.9862393,9.013701798243005,-25.59188076217772,-11.09188829693692,2026-04-08T01:53:17.814386
2461138.580173611, A.D. 2026-Apr-08 01:55:27.0000,69.18563,-143002257.0912315,-43248464.63958259,-18768303.49551443,9.014120826838438,-25.59165112716834,-11.09176694031526,2026-04-08T01:54:17.814382
2461138.580868056, A.D. 2026-Apr-08 01:56:27.0000,69.18563,-143001716.2317223,-43250000.13087811,-18768968.9975073,9.014539828836824,-25.59142143661254,-11.0916455547344,2026-04-08T01:55:17.814419
2461138.5815625, A.D. 2026-Apr-08 01:57:27.0000,69.18563,-143001175.3470737,-43251535.60839054,-18769634.49221617,9.014958804414837,-25.59119169035566,-11.09152414011936,2026-04-08T01:56:17.814375
2461138.582256944, A.D. 2026-Apr-08 01:58:27.0000,69.18563,-143000634.4372863,-43253071.07211959,-18770299.97964062,9.015377753500582,-25.59096188860789,-11.09140269655626,2026-04-08T01:57:17.814331
2461138.582951389, A.D. 2026-Apr-08 01:59:27.0000,69.18563,-143000093.5023639,-43254606.52205583,-18770965.45977627,9.015796675961441,-25.59073203166941,-11.09128122416906,2026-04-08T01:58:17.814368
2461138.583645833, A.D. 2026-Apr-08 02:00:27.0000,69.18563,-142999552.5423059,-43256141.95820206,-18771630.93262405,9.016215571887175,-25.590502119513,-11.09115972294038,2026-04-08T01:59:17.814364
2461138.584340278, A.D. 2026-Apr-08 02:01:27.0000,69.18563,-142999011.5571149,-43257677.3805519,-18772296.39818088,9.016634441568932,-25.59027215181142,-11.09103819271901,2026-04-08T02:00:17.814401
2461138.585034722, A.D. 2026-Apr-08 02:02:27.0000,69.18563,-142998470.5467925,-43259212.78910201,-18772961.85644503,9.017053285114816,-25.59004212850841,-11.09091663347464,2026-04-08T02:01:17.814357
2461138.585729167, A.D. 2026-Apr-08 02:03:27.0000,69.18563,-142997929.5113393,-43260748.18385214,-18773627.30741609,9.017472102475423,-25.58981204978063,-11.09079504527825,2026-04-08T02:02:17.814394
2461138.586423611, A.D. 2026-Apr-08 02:04:27.0000,69.18563,-142997388.4507578,-43262283.56479587,-18774292.75109099,9.017890893653608,-25.58958191572709,-11.09067342816562,2026-04-08T02:03:17.814350
2461138.587118056, A.D. 2026-Apr-08 02:05:27.0000,69.18563,-142996847.3650496,-43263818.93192992,-18774958.18746799,9.018309658751928,-25.58935172629907,-11.09055178210933,2026-04-08T02:04:17.814427
2461138.5878125, A.D. 2026-Apr-08 02:06:27.0000,69.18563,-142996306.2542164,-43265354.28525094,-18775623.61654538,9.018728397853566,-25.58912148147607,-11.09043010709386,2026-04-08T02:05:17.814383
2461138.588506944, A.D. 2026-Apr-08 02:07:27.0000,69.18563,-142995765.1182585,-43266889.62475867,-18776289.03832271,9.01914711100352,-25.58889118129222,-11.09030840312808,2026-04-08T02:06:17.814339
2461138.589201389, A.D. 2026-Apr-08 02:08:27.0000,69.18563,-142995223.9571796,-43268424.95044369,-18776954.45279563,9.019565798255519,-25.58866082577244,-11.09018667021512,2026-04-08T02:07:17.814376
2461138.589895833, A.D. 2026-Apr-08 02:09:27.0000,69.18563,-142994682.7709793,-43269960.26230877,-18777619.85996502,9.019984459675065,-25.58843041491953,-11.09006490835081,2026-04-08T02:08:17.814332
2461138.590590278, A.D. 2026-Apr-08 02:10:27.0000,69.18563,-142994141.55966,-43271495.56034756,-18778285.25982784,9.02040309532397,-25.58819994874457,-11.08994311753283,2026-04-08T02:09:17.814409
2461138.591284722, A.D. 2026-Apr-08 02:11:27.0000,69.18563,-142993600.3232224,-43273030.84455977,-18778950.65238367,9.020821705261897,-25.58796942726164,-11.08982129776046,2026-04-08T02:10:17.814365
2461138.591979166, A.D. 2026-Apr-08 02:12:27.0000,69.18563,-142993059.06167,-43274566.11493599,-18779616.03762813,9.021240289546963,-25.58773885048276,-11.08969944903316,2026-04-08T02:11:17.814321
2461138.592673611, A.D. 2026-Apr-08 02:13:27.0000,69.18563,-142992517.7750022,-43276101.371479,-18780281.41556212,9.02165884824101,-25.58750821841838,-11.08957757134872,2026-04-08T02:12:17.814358
2461138.593368056, A.D. 2026-Apr-08 02:14:27.0000,69.18563,-142991976.4632217,-43277636.61418243,-18780946.78618259,9.022077381403331,-25.58727753108146,-11.08945566470666,2026-04-08T02:13:17.814435
2461138.5940625, A.D. 2026-Apr-08 02:15:27.0000,69.18563,-142991435.1263289,-43279171.84304604,-18781612.1494891,9.022495889094117,-25.58704678848379,-11.08933372910436,2026-04-08T02:14:17.814391
2461138.594756945, A.D. 2026-Apr-08 02:16:27.0000,69.18563,-142990893.7643275,-43280707.05806038,-18782277.50547731,9.022914371371323,-25.58681599063712,-11.08921176454135,2026-04-08T02:15:17.814428
2461138.595451389, A.D. 2026-Apr-08 02:17:27.0000,69.18563,-142990352.3772169,-43282242.25922825,-18782942.85414809,9.023332828296573,-25.58658513755196,-11.08908977101552,2026-04-08T02:16:17.814384
2461138.596145833, A.D. 2026-Apr-08 02:18:27.0000,69.18563,-142989810.9649996,-43283777.44654329,-18783608.1954984,9.023751259927602,-25.58635422924035,-11.08896774852599,2026-04-08T02:17:17.814340
2461138.596840278, A.D. 2026-Apr-08 02:19:27.0000,69.18563,-142989269.5276772,-43285312.62000219,-18784273.52952649,9.024169666324001,-25.58612326571302,-11.08884569707065,2026-04-08T02:18:17.814377
2461138.597534722, A.D. 2026-Apr-08 02:20:27.0000,69.18563,-142988728.0652501,-43286847.77960467,-18784938.85623195,9.024588047545745,-25.58589224698182,-11.08872361664758,2026-04-08T02:19:17.814373
2461138.598229167, A.D. 2026-Apr-08 02:21:27.0000,69.18563,-142988186.577722,-43288382.92534132,-18785604.1756104,9.025006403649828,-25.58566117305902,-11.08860150725636,2026-04-08T02:20:17.814410
2461138.598923611, A.D. 2026-Apr-08 02:22:27.0000,69.18563,-142987645.0650922,-43289918.05721495,-18786269.48766275,9.025424734696719,-25.5854300439534,-11.08847936889402,2026-04-08T02:21:17.814366
2461138.599618055, A.D. 2026-Apr-08 02:23:27.0000,69.18563,-142987103.5273633,-43291453.17521918,-18786934.79238592,9.025843040744464,-25.58519885967831,-11.08835720155999,2026-04-08T02:22:17.814322
2461138.6003125, A.D. 2026-Apr-08 02:24:27.0000,69.18563,-142986561.9645357,-43292988.27935377,-18787600.08977951,9.026261321852322,-25.58496762024336,-11.0882350052519,2026-04-08T02:23:17.814359
2461138.601006945, A.D. 2026-Apr-08 02:25:27.0000,69.18563,-142986020.3766131,-43294523.36960928,-18788265.37983914,9.026679578077083,-25.58473632565994,-11.08811277996785,2026-04-08T02:24:17.814436
2461138.601701389, A.D. 2026-Apr-08 02:26:27.0000,69.18563,-142985478.7635948,-43296058.44598852,-18788930.66256571,9.027097809478363,-25.58450497593811,-11.08799052570687,2026-04-08T02:25:17.814392
2461138.602395833, A.D. 2026-Apr-08 02:27:27.0000,69.18563,-142984937.1254834,-43297593.50848514,-18789595.93795616,9.027516016113877,-25.58427357109059,-11.08786824246636,2026-04-08T02:26:17.814348
2461138.603090278, A.D. 2026-Apr-08 02:28:27.0000,69.18563,-142984395.4622793,-43299128.55709887,-18790261.20601007,9.027934198042,-25.58404211112521,-11.08774593024483,2026-04-08T02:27:17.814385
2461138.603784722, A.D. 2026-Apr-08 02:29:27.0000,69.18563,-142983853.773986,-43300663.5918203,-18790926.46672306,9.028352355319381,-25.58381059605524,-11.08762358904056,2026-04-08T02:28:17.814341
2461138.604479167, A.D. 2026-Apr-08 02:30:27.0000,69.18563,-142983312.0606031,-43302198.61265224,-18791591.72009603,9.028770488005364,-25.58357902588884,-11.08750121885131,2026-04-08T02:29:17.814418
2461138.605173611, A.D. 2026-Apr-08 02:31:27.0000,69.18563,-142982770.3221329,-43303733.61958832,-18792256.96612593,9.029188596156509,-25.58334740063842,-11.08737881967553,2026-04-08T02:30:17.814374
2461138.605868055, A.D. 2026-Apr-08 02:32:27.0000,69.18563,-142982228.5585769,-43305268.61262524,-18792922.20481101,9.029606679830367,-25.5831157203133,-11.08725639151113,2026-04-08T02:31:17.814330
2461138.6065625, A.D. 2026-Apr-08 02:33:27.0000,69.18563,-142981686.7699356,-43306803.59176275,-18793587.43615085,9.03002473908549,-25.58288398492393,-11.08713393435601,2026-04-08T02:32:17.814367
2461138.607256944, A.D. 2026-Apr-08 02:34:27.0000,69.18563,-142981144.9562126,-43308338.55699144,-18794252.66014108,9.030442773976775,-25.58265219448095,-11.08701144820867,2026-04-08T02:33:17.814323
2461138.607951389, A.D. 2026-Apr-08 02:35:27.0000,69.18563,-142980603.1174072,-43309873.5083141,-18794917.8767826,9.03086078456328,-25.58242034899414,-11.08688893306581,2026-04-08T02:34:17.814400
2461138.608645834, A.D. 2026-Apr-08 02:36:27.0000,69.18563,-142980061.2535218,-43311408.44572441,-18795583.08607234,9.031278770901396,-25.58218844847315,-11.08676638892682,2026-04-08T02:35:17.814437
2461138.609340278, A.D. 2026-Apr-08 02:37:27.0000,69.18563,-142979519.3645569,-43312943.36922208,-18796248.28800989,9.03169673304875,-25.58195649292869,-11.08664381578826,2026-04-08T02:36:17.814393
2461138.610034722, A.D. 2026-Apr-08 02:38:27.0000,69.18563,-142978977.4505162,-43314478.27879773,-18796913.48259087,9.032114671060226,-25.5817244823703,-11.08652121364968,2026-04-08T02:37:17.814349
2461138.610729167, A.D. 2026-Apr-08 02:39:27.0000,69.18563,-142978435.5113988,-43316013.17445415,-18797578.66981616,9.03253258499397,-25.58149241680758,-11.08639858250747,2026-04-08T02:38:17.814386
2461138.611423611, A.D. 2026-Apr-08 02:40:27.0000,69.18563,-142977893.5472073,-43317548.056185,-18798243.84968273,9.032950474905935,-25.58126029625164,-11.08627592235997,2026-04-08T02:39:17.814382
2461138.612118056, A.D. 2026-Apr-08 02:41:27.0000,69.18563,-142977351.5579431,-43319082.92398697,-18798909.02218882,9.033368340852178,-25.58102812071072,-11.08615323320504,2026-04-08T02:40:17.814419
2461138.6128125, A.D. 2026-Apr-08 02:42:27.0000,69.18563,-142976809.5436067,-43320617.77785981,-18799574.18733402,9.033786182890102,-25.58079589019412,-11.08603051503994,2026-04-08T02:41:17.814375
2461138.613506944, A.D. 2026-Apr-08 02:43:27.0000,69.18563,-142976267.5042004,-43322152.61779718,-18800239.34511526,9.034204001074887,-25.58056360471221,-11.08590776786301,2026-04-08T02:42:17.814331
2461138.614201389, A.D. 2026-Apr-08 02:44:27.0000,69.18563,-142975725.4397258,-43323687.44379579,-18800904.4955308,9.034621795462014,-25.58033126427437,-11.08578499167178,2026-04-08T02:43:17.814368
2461138.614895833, A.D. 2026-Apr-08 02:45:27.0000,69.18563,-142975183.3501843,-43325222.25585233,-18801569.63857891,9.03503956610789,-25.58009886889018,-11.08566218646378,2026-04-08T02:44:17.814364
2461138.615590278, A.D. 2026-Apr-08 02:46:27.0000,69.18563,-142974641.2355772,-43326757.0539635,-18802234.77425784,9.035457313068248,-25.5798664185687,-11.0855393522367,2026-04-08T02:45:17.814401
2461138.616284722, A.D. 2026-Apr-08 02:47:27.0000,69.18563,-142974099.095905,-43328291.83812906,-18802899.90256716,9.035875036399213,-25.57963391331978,-11.08541648898813,2026-04-08T02:46:17.814357
2461138.616979167, A.D. 2026-Apr-08 02:48:27.0000,69.18563,-142973556.9311701,-43329826.60834267,-18803565.02350383,9.036292736155747,-25.579401353151,-11.08529359671549,2026-04-08T02:47:17.814394
2461138.617673611, A.D. 2026-Apr-08 02:49:27.0000,69.18563,-142973014.7413739,-43331361.36460103,-18804230.1370661,9.036710412392916,-25.57916873807349,-11.08517067541669,2026-04-08T02:48:17.814350
2461138.618368056, A.D. 2026-Apr-08 02:50:27.0000,69.18563,-142972472.5265178,-43332896.10690085,-18804895.24325222,9.037128065166147,-25.57893606809439,-11.08504772508886,2026-04-08T02:49:17.814427
2461138.6190625, A.D. 2026-Apr-08 02:51:27.0000,69.18563,-142971930.2866023,-43334430.83524187,-18805560.34206177,9.037545694531254,-25.57870334322332,-11.08492474572966,2026-04-08T02:50:17.814383
2461138.619756944, A.D. 2026-Apr-08 02:52:27.0000,69.18563,-142971388.0216297,-43335965.54961777,-18806225.43349169,9.037963300542701,-25.57847056346965,-11.08480173733682,2026-04-08T02:51:17.814339
2461138.620451389, A.D. 2026-Apr-08 02:53:27.0000,69.18563,-142970845.7316014,-43337500.25002524,-18806890.51754025,9.038380883255112,-25.57823772884196,-11.08467869990753,2026-04-08T02:52:17.814376
2461138.621145833, A.D. 2026-Apr-08 02:54:27.0000,69.18563,-142970303.4165189,-43339034.93646099,-18807555.59420569,9.038798442723168,-25.57800483934956,-11.0845556334389,2026-04-08T02:53:17.814332
2461138.621840278, A.D. 2026-Apr-08 02:55:27.0000,69.18563,-142969761.0763835,-43340569.60892174,-18808220.66348628,9.039215979001728,-25.57777189499919,-11.08443253792863,2026-04-08T02:54:17.814409
2461138.622534722, A.D. 2026-Apr-08 02:56:27.0000,69.18563,-142969218.7111956,-43342104.26740724,-18808885.72538159,9.039633492146109,-25.57753889580187,-11.08430941337406,2026-04-08T02:55:17.814365
2461138.623229166, A.D. 2026-Apr-08 02:57:27.0000,69.18563,-142968676.3209576,-43343638.91191114,-18809550.77988856,9.040050982209898,-25.57730584176398,-11.08418625977238,2026-04-08T02:56:17.814321
2461138.623923611, A.D. 2026-Apr-08 02:58:27.0000,69.18563,-142968133.9056709,-43345173.54243017,-18810215.82700545,9.040468449247376,-25.57707273289526,-11.08406307712098,2026-04-08T02:57:17.814358
2461138.624618056, A.D. 2026-Apr-08 02:59:27.0000,69.18563,-142967591.4653358,-43346708.15896408,-18810880.86673183,9.040885893313627,-25.57683956920316,-11.08393986541673,2026-04-08T02:58:17.814435
2461138.6253125, A.D. 2026-Apr-08 03:00:27.0000,69.18563,-142967048.9999559,-43348242.76150348,-18811545.89906332,9.041303314460436,-25.57660635069672,-11.08381662465757,2026-04-08T02:59:17.814391
2461138.626006945, A.D. 2026-Apr-08 03:01:27.0000,69.18563,-142966506.5095303,-43349777.35005118,-18812210.92400081,9.041720712744091,-25.57637307738432,-11.0836933548403,2026-04-08T03:00:17.814428
2461138.626701389, A.D. 2026-Apr-08 03:02:27.0000,69.18563,-142965963.9940614,-43351311.92460085,-18812875.94154125,9.042138088217346,-25.57613974927323,-11.08357005596191,2026-04-08T03:01:17.814384
2461138.627395833, A.D. 2026-Apr-08 03:03:27.0000,69.185629,-142965421.4535497,-43352846.48515224,-18813540.95168422,9.042555440934743,-25.57590636637196,-11.08344672801961,2026-04-08T03:02:17.814340
2461138.628090278, A.D. 2026-Apr-08 03:04:27.0000,69.185629,-142964878.8879986,-43354381.03169598,-18814205.95442531,9.042972770948179,-25.57567292868922,-11.08332337101099,2026-04-08T03:03:17.814377
2461138.628784722, A.D. 2026-Apr-08 03:05:27.0000,69.185629,-142964336.2974074,-43355915.56423487,-18814870.94976544,9.04339007831277,-25.57543943623209,-11.08319998493231,2026-04-08T03:04:17.814373
2461138.629479167, A.D. 2026-Apr-08 03:06:27.0000,69.185629,-142963793.6817783,-43357450.08276256,-18815535.93770154,9.043807363081156,-25.57520588900842,-11.08307656978155,2026-04-08T03:05:17.814410
2461138.630173611, A.D. 2026-Apr-08 03:07:27.0000,69.185629,-142963251.0411129,-43358984.5872758,-18816200.91823185,9.044224625306319,-25.5749722870263,-11.08295312555484,2026-04-08T03:06:17.814366
2461138.630868055, A.D. 2026-Apr-08 03:08:27.0000,69.185629,-142962708.3754113,-43360519.07777434,-18816865.89135597,9.044641865042536,-25.57473863029316,-11.08282965225006,2026-04-08T03:07:17.814322
2461138.6315625, A.D. 2026-Apr-08 03:09:27.0000,69.185629,-142962165.6846772,-43362053.55424878,-18817530.8570695,9.045059082340922,-25.57450491881744,-11.0827061498633,2026-04-08T03:08:17.814359
2461138.632256945, A.D. 2026-Apr-08 03:10:27.0000,69.185629,-142961622.9689095,-43363588.01670195,-18818195.81537334,9.045476277256093,-25.57427115260553,-11.08258261839187,2026-04-08T03:09:17.814436
2461138.632951389, A.D. 2026-Apr-08 03:11:27.0000,69.185629,-142961080.2281099,-43365122.46513055,-18818860.76626574,9.045893449840815,-25.57403733166508,-11.08245905783291,2026-04-08T03:10:17.814392
2461138.633645833, A.D. 2026-Apr-08 03:12:27.0000,69.185629,-142960537.4622816,-43366656.89952523,-18819525.70974232,9.04631060014603,-25.5738034560049,-11.08233546818308,2026-04-08T03:11:17.814348
2461138.634340278, A.D. 2026-Apr-08 03:13:27.0000,69.185629,-142959994.6714239,-43368191.31988878,-18820190.64580398,9.046727728226138,-25.5735695256306,-11.08221184943917,2026-04-08T03:12:17.814385
2461138.635034722, A.D. 2026-Apr-08 03:14:27.0000,69.185629,-142959451.8555402,-43369725.72621182,-18820855.57444632,9.047144834131519,-25.57333554055203,-11.08208820159807,2026-04-08T03:13:17.814341
2461138.635729167, A.D. 2026-Apr-08 03:15:27.0000,69.185629,-142958909.0146287,-43371260.11850021,-18821520.49567156,9.047561917917463,-25.57310150077273,-11.08196452465631,2026-04-08T03:14:17.814418
2461138.636423611, A.D. 2026-Apr-08 03:16:27.0000,69.185629,-142958366.148694,-43372794.49674155,-18822185.40947399,9.047978979633495,-25.57286740630261,-11.08184081861121,2026-04-08T03:15:17.814374
2461138.637118055, A.D. 2026-Apr-08 03:17:27.0000,69.185629,-142957823.2577362,-43374328.86093558,-18822850.31585319,9.048396019334646,-25.57263325714503,-11.08171708345843,2026-04-08T03:16:17.814330
2461138.6378125, A.D. 2026-Apr-08 03:18:27.0000,69.185629,-142957280.3417557,-43375863.21108208,-18823515.21480874,9.0488130370692,-25.57239905331317,-11.08159331919613,2026-04-08T03:17:17.814367
2461138.638506944, A.D. 2026-Apr-08 03:19:27.0000,69.185629,-142956737.4007547,-43377397.54717471,-18824180.10633756,9.04923003288724,-25.57216479481647,-11.08146952582288,2026-04-08T03:18:17.814323
2461138.639201389, A.D. 2026-Apr-08 03:20:27.0000,69.185629,-142956194.4347347,-43378931.86921021,-18824844.99043791,9.049647006847596,-25.57193048164941,-11.08134570333019,2026-04-08T03:19:17.814400
2461138.639895834, A.D. 2026-Apr-08 03:21:27.0000,69.185629,-142955651.4436958,-43380466.17718832,-18825509.86710936,9.05006395902158,-25.57169611379215,-11.08122185170271,2026-04-08T03:20:17.814437
2461138.640590278, A.D. 2026-Apr-08 03:22:27.0000,69.185629,-142955108.4276405,-43382000.47110274,-18826174.73634884,9.050480889415187,-25.57146169131792,-11.08109797096595,2026-04-08T03:21:17.814393
2461138.641284722, A.D. 2026-Apr-08 03:23:27.0000,69.185629,-142954565.386571,-43383534.75094713,-18826839.59815329,9.050897798061072,-25.57122721426073,-11.08097406112914,2026-04-08T03:22:17.814349
2461138.641979167, A.D. 2026-Apr-08 03:24:27.0000,69.185629,-142954022.3204856,-43385069.01672736,-18827504.45252492,9.051314685087421,-25.57099268251513,-11.08085012213887,2026-04-08T03:23:17.814386
2461138.642673611, A.D. 2026-Apr-08 03:25:27.0000,69.185629,-142953479.2293887,-43386603.26843099,-18828169.29945802,9.051731550659467,-25.57075809591642,-11.08072615391573,2026-04-08T03:24:17.814382
2461138.643368056, A.D. 2026-Apr-08 03:26:27.0000,69.185629,-142952936.1132794,-43388137.50606085,-18828834.13895347,9.052148394692638,-25.57052345467327,-11.08060215654638,2026-04-08T03:25:17.814419
2461138.6440625, A.D. 2026-Apr-08 03:27:27.0000,69.185629,-142952392.9721613,-43389671.72960756,-18829498.97100689,9.052565217039565,-25.57028875908429,-11.08047813015645,2026-04-08T03:26:17.814375
2461138.644756944, A.D. 2026-Apr-08 03:28:27.0000,69.185629,-142951849.8060333,-43391205.93907396,-18830163.79561919,9.052982017779517,-25.57005400911672,-11.08035407472416,2026-04-08T03:27:17.814331
2461138.645451389, A.D. 2026-Apr-08 03:29:27.0000,69.185629,-142951306.6148969,-43392740.13445678,-18830828.6127886,9.05339879719815,-25.56981920442771,-11.08022999009206,2026-04-08T03:28:17.814368
2461138.646145833, A.D. 2026-Apr-08 03:30:27.0000,69.185629,-142950763.3987555,-43394274.31574663,-18831493.42251075,9.05381555539226,-25.56958434495357,-11.08010587622585,2026-04-08T03:29:17.814364
2461138.646840278, A.D. 2026-Apr-08 03:31:27.0000,69.185629,-142950220.1576081,-43395808.48294632,-18832158.22478651,9.054232292300036,-25.56934943086857,-11.07998173319637,2026-04-08T03:30:17.814401
2461138.647534722, A.D. 2026-Apr-08 03:32:27.0000,69.185629,-142949676.8914572,-43397342.63604955,-18832823.01961282,9.05464900791242,-25.5691144622669,-11.07985756103805,2026-04-08T03:31:17.814357
2461138.648229167, A.D. 2026-Apr-08 03:33:27.0000,69.185629,-142949133.600304,-43398876.77505304,-18833487.80698793,9.055065702322334,-25.56887943909078,-11.07973335971952,2026-04-08T03:32:17.814394
2461138.648923611, A.D. 2026-Apr-08 03:34:27.0000,69.185629,-142948590.2841487,-43400410.89995654,-18834152.58691142,9.055482375602713,-25.56864436131215,-11.07960912922256,2026-04-08T03:33:17.814350
2461138.649618056, A.D. 2026-Apr-08 03:35:27.0000,69.185629,-142948046.9429947,-43401945.01075071,-18834817.35937888,9.05589902778632,-25.56840922896305,-11.07948486955457,2026-04-08T03:34:17.814427
2461138.6503125, A.D. 2026-Apr-08 03:36:27.0000,69.185629,-142947503.5768412,-43403479.10743835,-18835482.12439121,9.056315658918265,-25.56817404205744,-11.0793605807146,2026-04-08T03:35:17.814383
2461138.651006944, A.D. 2026-Apr-08 03:37:27.0000,69.185629,-142946960.1856904,-43405013.19001315,-18836146.88194533,9.05673226905183,-25.56793880059507,-11.07923626269667,2026-04-08T03:36:17.814339
2461138.651701389, A.D. 2026-Apr-08 03:38:27.0000,69.185629,-142946416.7695426,-43406547.25847488,-18836811.63204083,9.057148858239588,-25.56770350457822,-11.07911191549588,2026-04-08T03:37:17.814376
2461138.652395833, A.D. 2026-Apr-08 03:39:27.0000,69.185629,-142945873.3284011,-43408081.31281416,-18837476.3746733,9.057565426528171,-25.56746815401615,-11.07898753910966,2026-04-08T03:38:17.814332
2461138.653090278, A.D. 2026-Apr-08 03:40:27.0000,69.185629,-142945329.8622652,-43409615.35303385,-18838141.10984364,9.057981973968625,-25.56723274891241,-11.07886313353381,2026-04-08T03:39:17.814409
2461138.653784722, A.D. 2026-Apr-08 03:41:27.0000,69.185629,-142944786.371137,-43411149.37912758,-18838805.83754877,9.058398500609785,-25.56699728927338,-11.07873869876399,2026-04-08T03:40:17.814365
2461138.654479166, A.D. 2026-Apr-08 03:42:27.0000,69.185629,-142944242.8550167,-43412683.39109517,-18839470.55778826,9.058815006501755,-25.56676177510478,-11.07861423479678,2026-04-08T03:41:17.814321
2461138.655173611, A.D. 2026-Apr-08 03:43:27.0000,69.185629,-142943699.3139079,-43414217.38892722,-18840135.27055772,9.059231491692502,-25.56652620641178,-11.07848974162779,2026-04-08T03:42:17.814358
2461138.655868056, A.D. 2026-Apr-08 03:44:27.0000,69.185629,-142943155.7478094,-43415751.37262657,-18840799.97585804,9.05964795623263,-25.56629058320025,-11.07836521925329,2026-04-08T03:43:17.814435
2461138.6565625, A.D. 2026-Apr-08 03:45:27.0000,69.185629,-142942612.1567238,-43417285.34218691,-18841464.67368615,9.060064400170337,-25.5660549054736,-11.0782406676691,2026-04-08T03:44:17.814391
2461138.657256945, A.D. 2026-Apr-08 03:46:27.0000,69.185629,-142942068.5406521,-43418819.29760496,-18842129.36404029,9.0604808235549,-25.56581917323702,-11.07811608687095,2026-04-08T03:45:17.814428
2461138.657951389, A.D. 2026-Apr-08 03:47:27.0000,69.185629,-142941524.8995956,-43420353.23887743,-18842794.0469187,9.060897226435134,-25.56558338649861,-11.07799147685549,2026-04-08T03:46:17.814384
2461138.658645833, A.D. 2026-Apr-08 03:48:27.0000,69.185629,-142940981.2335546,-43421887.16600413,-18843458.72232097,9.061313608860422,-25.56534754525904,-11.07786683761758,2026-04-08T03:47:17.814340
2461138.659340278, A.D. 2026-Apr-08 03:49:27.0000,69.185629,-142940437.5425312,-43423421.07897872,-18844123.39024401,9.061729970878828,-25.56511164952617,-11.07774216915372,2026-04-08T03:48:17.814377
2461138.660034722, A.D. 2026-Apr-08 03:50:27.0000,69.185629,-142939893.8265267,-43424954.97779795,-18844788.05068607,9.062146312538927,-25.56487569930436,-11.07761747145951,2026-04-08T03:49:17.814373
2461138.660729167, A.D. 2026-Apr-08 03:51:27.0000,69.185629,-142939350.0855423,-43426488.86245853,-18845452.70364539,9.062562633889314,-25.56463969459746,-11.0774927445308,2026-04-08T03:50:17.814410
2461138.661423611, A.D. 2026-Apr-08 03:52:27.0000,69.185629,-142938806.3195782,-43428022.73296025,-18846117.34912154,9.062978934978807,-25.56440363541069,-11.07736798836331,2026-04-08T03:51:17.814366
2461138.662118055, A.D. 2026-Apr-08 03:53:27.0000,69.185629,-142938262.5286367,-43429556.58929679,-18846781.98711145,9.06339521585542,-25.56416752174917,-11.07724320295233,2026-04-08T03:52:17.814322
2461138.6628125, A.D. 2026-Apr-08 03:54:27.0000,69.185629,-142937718.7127188,-43431090.43146489,-18847446.61761336,9.063811476566961,-25.5639313536166,-11.0771183882948,2026-04-08T03:53:17.814359
2461138.663506945, A.D. 2026-Apr-08 03:55:27.0000,69.185629,-142937174.8718261,-43432624.25946126,-18848111.24062552,9.064227717161598,-25.56369513101833,-11.07699354438537,2026-04-08T03:54:17.814436
2461138.664201389, A.D. 2026-Apr-08 03:56:27.0000,69.185629,-142936631.0059583,-43434158.07328571,-18848775.85614749,9.064643937687983,-25.56345885395789,-11.07686867121986,2026-04-08T03:55:17.814392
2461138.664895833, A.D. 2026-Apr-08 03:57:27.0000,69.185629,-142936087.115119,-43435691.87292886,-18849440.46417488,9.065060138192894,-25.56322252244083,-11.07674376879413,2026-04-08T03:56:17.814348
2461138.665590278, A.D. 2026-Apr-08 03:58:27.0000,69.185629,-142935543.1993073,-43437225.65839354,-18850105.06470856,9.065476318725182,-25.56298613647021,-11.07661883710354,2026-04-08T03:57:17.814385
2461138.666284722, A.D. 2026-Apr-08 03:59:27.0000,69.185629,-142934999.2585253,-43438759.42967343,-18850769.65774548,9.06589247933192,-25.56274969605118,-11.07649387614367,2026-04-08T03:58:17.814341
2461138.666979167, A.D. 2026-Apr-08 04:00:27.0000,69.185629,-142934455.2927732,-43440293.18676832,-18851434.24328518,9.066308620061506,-25.56251320118707,-11.07636888591019,2026-04-08T03:59:17.814418
2461138.667673611, A.D. 2026-Apr-08 04:01:27.0000,69.185629,-142933911.3020533,-43441826.92967189,-18852098.82132459,9.066724740960622,-25.56227665188245,-11.07624386639853,2026-04-08T04:00:17.814374
2461138.668368055, A.D. 2026-Apr-08 04:02:27.0000,69.185629,-142933367.2863678,-43443360.65837784,-18852763.39186063,9.067140842075803,-25.56204004814149,-11.07611881760463,2026-04-08T04:01:17.814330
2461138.6690625, A.D. 2026-Apr-08 04:03:27.0000,69.185629,-142932823.2457147,-43444894.37289203,-18853427.95489552,9.067556923457092,-25.5618033899691,-11.07599373952306,2026-04-08T04:02:17.814367
2461138.669756944, A.D. 2026-Apr-08 04:04:27.0000,69.185629,-142932279.1800984,-43446428.07320205,-18854092.51042353,9.067972985148835,-25.56156667736697,-11.07586863215008,2026-04-08T04:03:17.814323
2461138.670451389, A.D. 2026-Apr-08 04:05:27.0000,69.185629,-142931735.089519,-43447961.75930769,-18854757.05844421,9.068389027199052,-25.56132991034077,-11.07574349548073,2026-04-08T04:04:17.814400
2461138.671145834, A.D. 2026-Apr-08 04:06:27.0000,69.185629,-142931190.9739766,-43449495.43120873,-18855421.59895715,9.068805049655715,-25.56109308889439,-11.07561832951022,2026-04-08T04:05:17.814437
2461138.671840278, A.D. 2026-Apr-08 04:07:27.0000,69.185629,-142930646.8334734,-43451029.08889886,-18856086.13195924,9.069221052564826,-25.56085621303,-11.07549313423452,2026-04-08T04:06:17.814393
2461138.672534722, A.D. 2026-Apr-08 04:08:27.0000,69.185629,-142930102.6680096,-43452562.73237786,-18856750.65745007,9.069637035974079,-25.56061928275201,-11.07536790964788,2026-04-08T04:07:17.814349
2461138.673229167, A.D. 2026-Apr-08 04:09:27.0000,69.185629,-142929558.4775885,-43454096.36163637,-18857415.17542522,9.070052999928558,-25.56038229806519,-11.07524265574706,2026-04-08T04:08:17.814386
2461138.673923611, A.D. 2026-Apr-08 04:10:27.0000,69.185629,-142929014.262209,-43455629.97667722,-18858079.68588559,9.070468944476206,-25.56014525897105,-11.07511737252611,2026-04-08T04:09:17.814382
2461138.674618056, A.D. 2026-Apr-08 04:11:27.0000,69.185629,-142928470.0218735,-43457163.57749411,-18858744.18882809,9.070884869663113,-25.55990816547408,-11.07499205998056,2026-04-08T04:10:17.814419
2461138.6753125, A.D. 2026-Apr-08 04:12:27.0000,69.185629,-142927925.756583,-43458697.16408375,-18859408.68425096,9.071300775535546,-25.55967101757768,-11.07486671810598,2026-04-08T04:11:17.814375
2461138.676006944, A.D. 2026-Apr-08 04:13:27.0000,69.185629,-142927381.4663388,-43460230.7364429,-18860073.17215244,9.071716662140076,-25.55943381528576,-11.07474134689754,2026-04-08T04:12:17.814331
2461138.676701389, A.D. 2026-Apr-08 04:14:27.0000,69.185629,-142926837.1511409,-43461764.29457133,-18860737.65253209,9.072132529523168,-25.55919655860025,-11.07461594635019,2026-04-08T04:13:17.814368
2461138.677395833, A.D. 2026-Apr-08 04:15:27.0000,69.185629,-142926292.8109915,-43463297.83846274,-18861402.12538683,9.072548377730898,-25.55895924752564,-11.07449051645882,2026-04-08T04:14:17.814364
2461138.678090278, A.D. 2026-Apr-08 04:16:27.0000,69.185629,-142925748.4458919,-43464831.36811385,-18862066.59071491,9.072964206808912,-25.55872188206511,-11.07436505721953,2026-04-08T04:15:17.814401
2461138.678784722, A.D. 2026-Apr-08 04:17:27.0000,69.185629,-142925204.055843,-43466364.88352142,-18862731.04851454,9.073380016803107,-25.55848446222011,-11.07423956862617,2026-04-08T04:16:17.814357
2461138.679479167, A.D. 2026-Apr-08 04:18:27.0000,69.185629,-142924659.6408451,-43467898.38468522,-18863395.49878531,9.073795807760385,-25.55824698799478,-11.07411405067434,2026-04-08T04:17:17.814394
2461138.680173611, A.D. 2026-Apr-08 04:19:27.0000,69.185629,-142924115.2009003,-43469431.87159894,-18864059.94152413,9.074211579725453,-25.55800945939248,-11.07398850335918,2026-04-08T04:18:17.814350
2461138.680868056, A.D. 2026-Apr-08 04:20:27.0000,69.185629,-142923570.7360097,-43470965.34425933,-18864724.37672923,9.074627332744301,-25.55777187641509,-11.07386292667564,2026-04-08T04:19:17.814427
2461138.6815625, A.D. 2026-Apr-08 04:21:27.0000,69.185629,-142923026.2461746,-43472498.8026631,-18865388.80439885,9.075043066862301,-25.55753423906745,-11.07373732061883,2026-04-08T04:20:17.814383
2461138.682256944, A.D. 2026-Apr-08 04:22:27.0000,69.185629,-142922481.731396,-43474032.24680702,-18866053.22453123,9.075458782125121,-25.55729654735025,-11.07361168518355,2026-04-08T04:21:17.814339
2461138.682951389, A.D. 2026-Apr-08 04:23:27.0000,69.185629,-142921937.191674,-43475565.67669085,-18866717.63712592,9.075874478578662,-25.55705880126684,-11.07348602036462,2026-04-08T04:22:17.814376
2461138.683645833, A.D. 2026-Apr-08 04:24:27.0000,69.185629,-142921392.6270108,-43477099.0923083,-18867382.04217985,9.0762901562676,-25.55682100081893,-11.07336032615687,2026-04-08T04:23:17.814332
2461138.684340278, A.D. 2026-Apr-08 04:25:27.0000,69.185629,-142920848.0374074,-43478632.49365609,-18868046.43969125,9.076705815237416,-25.55658314601101,-11.07323460255567,2026-04-08T04:24:17.814409
2461138.685034722, A.D. 2026-Apr-08 04:26:27.0000,69.185629,-142920303.4228651,-43480165.88073097,-18868710.82965835,9.077121455532827,-25.55634523684502,-11.07310884955551,2026-04-08T04:25:17.814365
2461138.685729166, A.D. 2026-Apr-08 04:27:27.0000,69.185629,-142919758.7833839,-43481699.25353273,-18869375.21208072,9.077537077199876,-25.55610727332218,-11.07298306715092,2026-04-08T04:26:17.814321
2461138.686423611, A.D. 2026-Apr-08 04:28:27.0000,69.185629,-142919214.1189659,-43483232.61205506,-18870039.58695526,9.077952680282653,-25.5558692554463,-11.07285725533725,2026-04-08T04:27:17.814358
2461138.687118056, A.D. 2026-Apr-08 04:29:27.0000,69.185629,-142918669.4296124,-43484765.95629468,-18870703.95428022,9.07836826482619,-25.55563118321881,-11.07273141410908,2026-04-08T04:28:17.814435
2461138.6878125, A.D. 2026-Apr-08 04:30:27.0000,69.185629,-142918124.7153243,-43486299.28624835,-18871368.31405382,9.078783830875,-25.55539305664279,-11.07260554346129,2026-04-08T04:29:17.814391
2461138.688506945, A.D. 2026-Apr-08 04:31:27.0000,69.185629,-142917579.9761018,-43487832.60191584,-18872032.66627563,9.079199378474797,-25.55515487571958,-11.07247964338814,2026-04-08T04:30:17.814428
2461138.689201389, A.D. 2026-Apr-08 04:32:27.0000,69.185629,-142917035.2119469,-43489365.90329085,-18872697.01094255,9.079614907669077,-25.55491664045142,-11.07235371388475,2026-04-08T04:31:17.814384
2461138.689895833, A.D. 2026-Apr-08 04:33:27.0000,69.185629,-142916490.4228609,-43490899.19037014,-18873361.34805282,9.08003041850249,-25.55467835084109,-11.07222775494512,2026-04-08T04:32:17.814340
2461138.690590278, A.D. 2026-Apr-08 04:34:27.0000,69.185629,-142915945.6088448,-43492432.46315042,-18874025.67760468,9.080445911019478,-25.55444000689041,-11.07210176656516,2026-04-08T04:33:17.814377
2461138.691284722, A.D. 2026-Apr-08 04:35:27.0000,69.185629,-142915400.7698996,-43493965.72162843,-18874689.99959635,9.080861385264418,-25.55420160860164,-11.07197574873874,2026-04-08T04:34:17.814373
2461138.691979167, A.D. 2026-Apr-08 04:36:27.0000,69.185629,-142914855.9060256,-43495498.96580398,-18875354.3140274,9.081276841282168,-25.5539631559757,-11.07184970145991,2026-04-08T04:35:17.814410
2461138.692673611, A.D. 2026-Apr-08 04:37:27.0000,69.185629,-142914311.0172247,-43497032.19567075,-18876018.62089472,9.081692279116208,-25.55372464901458,-11.07172362472413,2026-04-08T04:36:17.814366
2461138.693368055, A.D. 2026-Apr-08 04:38:27.0000,69.185629,-142913766.1034981,-43498565.41122548,-18876682.92019657,9.082107698810576,-25.55348608772131,-11.07159751852557,2026-04-08T04:37:17.814322
2461138.6940625, A.D. 2026-Apr-08 04:39:27.0000,69.185629,-142913221.1648458,-43500098.61246794,-18877347.21193248,9.082523100409757,-25.55324747209568,-11.07147138285848,2026-04-08T04:38:17.814359
2461138.694756945, A.D. 2026-Apr-08 04:40:27.0000,69.185629,-142912676.201271,-43501631.79938881,-18878011.49609805,9.082938483956438,-25.55300880214071,-11.07134521771766,2026-04-08T04:39:17.814436
2461138.695451389, A.D. 2026-Apr-08 04:41:27.0000,69.185629,-142912131.2127727,-43503164.97199089,-18878675.77269415,9.083353849495921,-25.55277007785844,-11.0712190230977,2026-04-08T04:40:17.814392
2461138.696145833, A.D. 2026-Apr-08 04:42:27.0000,69.185629,-142911586.199353,-43504698.1302679,-18879340.0417177,9.08376919707103,-25.55253129924875,-11.07109279899291,2026-04-08T04:41:17.814348
2461138.696840278, A.D. 2026-Apr-08 04:43:27.0000,69.185629,-142911041.161013,-43506231.27421658,-18880004.30316691,9.084184526725249,-25.55229246631481,-11.07096654539752,2026-04-08T04:42:17.814385
2461138.697534722, A.D. 2026-Apr-08 04:44:27.0000,69.185629,-142910496.0977527,-43507764.4038367,-18880668.55704135,9.084599838503143,-25.55205357905605,-11.07084026230561,2026-04-08T04:43:17.814341
2461138.698229167, A.D. 2026-Apr-08 04:45:27.0000,69.185629,-142909951.0095742,-43509297.51912195,-18881332.80333793,9.085015132449413,-25.55181463747271,-11.07071394971119,2026-04-08T04:44:17.814418
2461138.698923611, A.D. 2026-Apr-08 04:46:27.0000,69.185629,-142909405.8964787,-43510830.6200691,-18881997.04205486,9.085430408602654,-25.55157564157165,-11.07058760761015,2026-04-08T04:45:17.814374
2461138.699618055, A.D. 2026-Apr-08 04:47:27.0000,69.185629,-142908860.7584671,-43512363.70667487,-18882661.27319039,9.085845667005431,-25.55133659135603,-11.07046123599878,2026-04-08T04:46:17.814330
2461138.7003125, A.D. 2026-Apr-08 04:48:27.0000,69.185629,-142908315.5955405,-43513896.77893601,-18883325.49674274,9.086260907708139,-25.55109748681646,-11.07033483486592,2026-04-08T04:47:17.814367
2461138.701006944, A.D. 2026-Apr-08 04:49:27.0000,69.185629,-142907770.407699,-43515429.83685227,-18883989.71271146,9.08667613077363,-25.55085832792381,-11.07020840419294,2026-04-08T04:48:17.814323
2461138.701701389, A.D. 2026-Apr-08 04:50:27.0000,69.185629,-142907225.1949446,-43516962.88041741,-18884653.92109346,9.087091336198434,-25.55061911475016,-11.07008194400499,2026-04-08T04:49:17.814400
2461138.702395834, A.D. 2026-Apr-08 04:51:27.0000,69.185629,-142906679.9572785,-43518495.90962812,-18885318.12188696,9.087506524007587,-25.55037984732111,-11.06995545430782,2026-04-08T04:50:17.814437
2461138.703090278, A.D. 2026-Apr-08 04:52:27.0000,69.185629,-142906134.6947005,-43520028.92448422,-18885982.31509152,9.087921694320254,-25.5501405255259,-11.06982893504554,2026-04-08T04:51:17.814393
2461138.703784722, A.D. 2026-Apr-08 04:53:27.0000,69.185629,-142905589.407214,-43521561.92497633,-18886646.50070272,9.088336847296382,-25.54990114918816,-11.06970238613371,2026-04-08T04:52:17.814349
2461138.704479167, A.D. 2026-Apr-08 04:54:27.0000,69.185629,-142905044.0948176,-43523094.91110727,-18887310.67872142,9.088751982840163,-25.54966171851771,-11.069575807659,2026-04-08T04:53:17.814386
2461138.705173611, A.D. 2026-Apr-08 04:55:27.0000,69.185629,-142904498.7575137,-43524627.88287076,-18887974.84914453,9.0891671007934,-25.5494222338127,-11.06944919974831,2026-04-08T04:54:17.814382
2461138.705868056, A.D. 2026-Apr-08 04:56:27.0000,69.185629,-142903953.3953033,-43526160.84026357,-18888639.01197029,9.0895822012251,-25.5491826950341,-11.06932256237789,2026-04-08T04:55:17.814419
2461138.7065625, A.D. 2026-Apr-08 04:57:27.0000,69.185629,-142903408.0081863,-43527693.78328547,-18889303.16719824,9.0899972844185,-25.54894310182531,-11.06919589538225,2026-04-08T04:56:17.814375
2461138.707256944, A.D. 2026-Apr-08 04:58:27.0000,69.185629,-142902862.5961649,-43529226.71193014,-18889967.31482529,9.090412350463435,-25.5487034541158,-11.06906919872497,2026-04-08T04:57:17.814331
2461138.707951389, A.D. 2026-Apr-08 04:59:27.0000,69.185629,-142902317.1592399,-43530759.62619433,-18890631.45484964,9.090827399286137,-25.54846375207778,-11.06894247247562,2026-04-08T04:58:17.814368
2461138.708645833, A.D. 2026-Apr-08 05:00:27.0000,69.185629,-142901771.6974126,-43532292.52607477,-18891295.58726954,9.091242430869066,-25.5482239958017,-11.06881571666848,2026-04-08T04:59:17.814364
2461138.709340278, A.D. 2026-Apr-08 05:01:27.0000,69.185629,-142901226.2106839,-43533825.41156822,-18891959.71208322,9.0916574452973,-25.54798418522376,-11.06868893126834,2026-04-08T05:00:17.814401
2461138.710034722, A.D. 2026-Apr-08 05:02:27.0000,69.185629,-142900680.6990538,-43535358.28267445,-18892623.8292902,9.092072442636193,-25.54774432030887,-11.06856211625423,2026-04-08T05:01:17.814357
2461138.710729167, A.D. 2026-Apr-08 05:03:27.0000,69.185629,-142900135.1625244,-43536891.13938716,-18893287.93888739,9.09248742291101,-25.5475044010829,-11.06843527163126,2026-04-08T05:02:17.814394
2461138.711423611, A.D. 2026-Apr-08 05:04:27.0000,69.185629,-142899589.6010967,-43538423.9817031,-18893952.04087302,9.09290238615664,-25.54726442755597,-11.06830839739684,2026-04-08T05:03:17.814350
2461138.712118056, A.D. 2026-Apr-08 05:05:27.0000,69.185629,-142899044.0147718,-43539956.80961901,-18894616.13524532,9.093317332419279,-25.54702439972168,-11.06818149354296,2026-04-08T05:04:17.814427
2461138.7128125, A.D. 2026-Apr-08 05:06:27.0000,69.185629,-142898498.4035494,-43541489.62313468,-18895280.22200382,9.093732261743286,-25.54678431757723,-11.06805456006141,2026-04-08T05:05:17.814383
2461138.713506944, A.D. 2026-Apr-08 05:07:27.0000,69.185629,-142897952.7674319,-43543022.42224378,-18895944.30114542,9.094147174167938,-25.54654418112446,-11.06792759694731,2026-04-08T05:06:17.814339
2461138.714201389, A.D. 2026-Apr-08 05:08:27.0000,69.185629,-142897407.1064201,-43544555.20694309,-18896608.37266836,9.09456206973455,-25.5463039903649,-11.06780060419484,2026-04-08T05:07:17.814376
2461138.714895833, A.D. 2026-Apr-08 05:09:27.0000,69.185629,-142896861.4205151,-43546087.97722931,-18897272.43657084,9.09497694848483,-25.54606374529604,-11.06767358179672,2026-04-08T05:08:17.814332
2461138.715590278, A.D. 2026-Apr-08 05:10:27.0000,69.185629,-142896315.7097168,-43547620.73310226,-18897936.4928524,9.095391810460733,-25.54582344591949,-11.06754652974759,2026-04-08T05:09:17.814409
2461138.716284722, A.D. 2026-Apr-08 05:11:27.0000,69.185629,-142895769.9740272,-43549153.47455563,-18898600.54150997,9.095806655702974,-25.5455830922352,-11.06741944804068,2026-04-08T05:10:17.814365
2461138.716979166, A.D. 2026-Apr-08 05:12:27.0000,69.185629,-142895224.2134475,-43550686.20158616,-18899264.58254174,9.096221484252696,-25.54534268424248,-11.06729233666957,2026-04-08T05:11:17.814321
2461138.717673611, A.D. 2026-Apr-08 05:13:27.0000,69.185629,-142894678.4279786,-43552218.91419058,-18899928.61594594,9.096636296150969,-25.54510222193995,-11.06716519562831,2026-04-08T05:12:17.814358
2461138.718368056, A.D. 2026-Apr-08 05:14:27.0000,69.185629,-142894132.6176215,-43553751.61236563,-18900592.6417208,9.097051091438786,-25.54486170532879,-11.06703802491027,2026-04-08T05:13:17.814435
2461138.7190625, A.D. 2026-Apr-08 05:15:27.0000,69.185629,-142893586.7823761,-43555284.29611113,-18901256.65986584,9.097465870158066,-25.54462113440721,-11.06691082450864,2026-04-08T05:14:17.814391
2461138.719756945, A.D. 2026-Apr-08 05:16:27.0000,69.185629,-142893040.9222445,-43556816.96542075,-18901920.67037798,9.097880632348613,-25.54438050917647,-11.06678359441767,2026-04-08T05:15:17.814428
2461138.720451389, A.D. 2026-Apr-08 05:17:27.0000,69.185629,-142892495.0372277,-43558349.62029121,-18902584.67325542,9.098295378051631,-25.54413982963388,-11.06665633463052,2026-04-08T05:16:17.814384
2461138.721145833, A.D. 2026-Apr-08 05:18:27.0000,69.185629,-142891949.1273266,-43559882.26071929,-18903248.66849638,9.098710107307411,-25.54389909578059,-11.06652904514073,2026-04-08T05:17:17.814340
2461138.721840278, A.D. 2026-Apr-08 05:19:27.0000,69.185629,-142891403.1925412,-43561414.88670476,-18903912.65610041,9.09912482015774,-25.54365830761476,-11.06640172594176,2026-04-08T05:18:17.814377
2461138.722534722, A.D. 2026-Apr-08 05:20:27.0000,69.185629,-142890857.2328735,-43562947.49824131,-18904576.6360644,9.099539516642414,-25.54341746513602,-11.06627437702704,2026-04-08T05:19:17.814373
2461138.723229167, A.D. 2026-Apr-08 05:21:27.0000,69.185629,-142890311.2483245,-43564480.0953257,-18905240.60838657,9.099954196801644,-25.54317656834457,-11.06614699839,2026-04-08T05:20:17.814410
2461138.723923611, A.D. 2026-Apr-08 05:22:27.0000,69.185629,-142889765.2388952,-43566012.67795466,-18905904.57306512,9.100368860675879,-25.54293561723794,-11.06601959002437,2026-04-08T05:21:17.814366
2461138.724618055, A.D. 2026-Apr-08 05:23:27.0000,69.185629,-142889219.2045856,-43567545.24612797,-18906568.53009962,9.1007835083066,-25.54269461181647,-11.06589215192289,2026-04-08T05:22:17.814322
2461138.7253125, A.D. 2026-Apr-08 05:24:27.0000,69.185629,-142888673.1453986,-43569077.79983629,-18907232.47948561,9.101198139731984,-25.54245355207832,-11.06576468407997,2026-04-08T05:23:17.814359
2461138.726006945, A.D. 2026-Apr-08 05:25:27.0000,69.185629,-142888127.0613331,-43570610.33908245,-18907896.42122396,9.10161275499426,-25.54221243802319,-11.06563718648779,2026-04-08T05:24:17.814436
2461138.726701389, A.D. 2026-Apr-08 05:26:27.0000,69.185629,-142887580.9523902,-43572142.86386319,-18908560.3553129,9.102027354133268,-25.54197126964918,-11.06550965913965,2026-04-08T05:25:17.814392
2461138.727395833, A.D. 2026-Apr-08 05:27:27.0000,69.185629,-142887034.8185729,-43573675.37416916,-18909224.28174797,9.102441937187406,-25.54173004695621,-11.06538210203029,2026-04-08T05:26:17.814348
2461138.728090278, A.D. 2026-Apr-08 05:28:27.0000,69.185629,-142886488.65988,-43575207.87000319,-18909888.20053005,9.102856504198504,-25.54148876994232,-11.06525451515123,2026-04-08T05:27:17.814385
2461138.728784722, A.D. 2026-Apr-08 05:29:27.0000,69.185629,-142885942.4763136,-43576740.35135897,-18910552.11165604,9.103271055205258,-25.5412474386067,-11.06512689849666,2026-04-08T05:28:17.814341
2461138.729479167, A.D. 2026-Apr-08 05:30:27.0000,69.185629,-142885396.2678745,-43578272.81823324,-18911216.01512413,9.103685590247913,-25.54100605294768,-11.06499925205976,2026-04-08T05:29:17.814418
2461138.730173611, A.D. 2026-Apr-08 05:31:27.0000,69.185629,-142884850.034564,-43579805.27062276,-18911879.91093254,9.104100109365982,-25.54076461296414,-11.06487157583341,2026-04-08T05:30:17.814374
2461138.730868055, A.D. 2026-Apr-08 05:32:27.0000,69.185629,-142884303.7763816,-43581337.7085273,-18912543.79908082,9.104514612599539,-25.54052311865419,-11.06474386981065,2026-04-08T05:31:17.814330
2461138.7315625, A.D. 2026-Apr-08 05:33:27.0000,69.185629,-142883757.4933296,-43582870.13194057,-18913207.67956583,9.104929099987949,-25.54028157001702,-11.06461613398499,2026-04-08T05:32:17.814367
2461138.732256944, A.D. 2026-Apr-08 05:34:27.0000,69.185629,-142883211.1854087,-43584402.54085928,-18913871.55238581,9.105343571570526,-25.54003996705104,-11.06448836834925,2026-04-08T05:33:17.814323
2461138.732951389, A.D. 2026-Apr-08 05:35:27.0000,69.185629,-142882664.8526201,-43585934.9352802,-18914535.41753896,9.10575802738653,-25.53979830975433,-11.06436057289675,2026-04-08T05:34:17.814400
2461138.733645834, A.D. 2026-Apr-08 05:36:27.0000,69.185629,-142882118.4949636,-43587467.31520309,-18915199.27502481,9.106172467476362,-25.5395565981248,-11.06423274762017,2026-04-08T05:35:17.814437
2461138.734340278, A.D. 2026-Apr-08 05:37:27.0000,69.185629,-142881572.1124422,-43588999.68061864,-18915863.12483894,9.106586891877264,-25.53931483216201,-11.06410489251322,2026-04-08T05:36:17.814393
2461138.735034722, A.D. 2026-Apr-08 05:38:27.0000,69.185629,-142881025.7050547,-43590532.03152964,-18916526.96698218,9.10700130063055,-25.53907301186333,-11.06397700756829,2026-04-08T05:37:17.814349
2461138.735729167, A.D. 2026-Apr-08 05:39:27.0000,69.185629,-142880479.2728021,-43592064.36793284,-18917190.80145276,9.10741569377495,-25.53883113722642,-11.06384909277832,2026-04-08T05:38:17.814386
2461138.736423611, A.D. 2026-Apr-08 05:40:27.0000,69.185629,-142879932.8156874,-43593596.6898189,-18917854.62824623,9.107830071348305,-25.53858920825121,-11.06372114813668,2026-04-08T05:39:17.814382
2461138.737118056, A.D. 2026-Apr-08 05:41:27.0000,69.185629,-142879386.3337095,-43595128.99719063,-18918518.44736346,9.108244433390908,-25.53834722493353,-11.06359317363627,2026-04-08T05:40:17.814419
2461138.7378125, A.D. 2026-Apr-08 05:42:27.0000,69.185629,-142878839.8268704,-43596661.29004174,-18919182.25880132,9.108658779940844,-25.53810518727387,-11.06346516926983,2026-04-08T05:41:17.814375
2461138.738506944, A.D. 2026-Apr-08 05:43:27.0000,69.185629,-142878293.295171,-43598193.56836899,-18919846.06255803,9.109073111037251,-25.53786309526841,-11.06333713502981,2026-04-08T05:42:17.814331
2461138.739201389, A.D. 2026-Apr-08 05:44:27.0000,69.185629,-142877746.7386121,-43599725.83216908,-18920509.85863179,9.109487426718498,-25.53762094891477,-11.06320907090983,2026-04-08T05:43:17.814368
2461138.739895833, A.D. 2026-Apr-08 05:45:27.0000,69.185629,-142877200.1571937,-43601258.0814418,-18921173.64702213,9.109901727024393,-25.53737874821216,-11.06308097690194,2026-04-08T05:44:17.814364
2461138.740590278, A.D. 2026-Apr-08 05:46:27.0000,69.185629,-142876653.5509177,-43602790.31618086,-18921837.42772594,9.11031601199231,-25.53713649315722,-11.06295285299964,2026-04-08T05:45:17.814401
2461138.741284722, A.D. 2026-Apr-08 05:47:27.0000,69.185629,-142876106.9197852,-43604322.536383,-18922501.20074142,9.110730281661498,-25.53689418374903,-11.0628246991955,2026-04-08T05:46:17.814357
2461138.741979167, A.D. 2026-Apr-08 05:48:27.0000,69.185629,-142875560.2637969,-43605854.74204495,-18923164.96606677,9.11114453606978,-25.5366518199841,-11.06269651548228,2026-04-08T05:47:17.814394
2461138.742673611, A.D. 2026-Apr-08 05:49:27.0000,69.185629,-142875013.5829538,-43607386.93316344,-18923828.72370021,9.111558775255903,-25.53640940186018,-11.06256830185277,2026-04-08T05:48:17.814350
2461138.743368056, A.D. 2026-Apr-08 05:50:27.0000,69.185629,-142874466.8772557,-43608919.10973828,-18924492.47364126,9.111972999258757,-25.53616692937567,-11.0624400582992,2026-04-08T05:49:17.814427
2461138.7440625, A.D. 2026-Apr-08 05:51:27.0000,69.185629,-142873920.1467047,-43610451.27176313,-18925156.2158868,9.112387208116179,-25.53592440252678,-11.06231178481495,2026-04-08T05:50:17.814383
2461138.744756944, A.D. 2026-Apr-08 05:52:27.0000,69.185629,-142873373.3913016,-43611983.41923476,-18925819.95043503,9.112801401865704,-25.53568182131184,-11.0621834813922,2026-04-08T05:51:17.814339
2461138.745451389, A.D. 2026-Apr-08 05:53:27.0000,69.185629,-142872826.6110463,-43613515.55215292,-18926483.67728549,9.113215580546791,-25.53543918572747,-11.06205514802374,2026-04-08T05:52:17.814376
2461138.746145833, A.D. 2026-Apr-08 05:54:27.0000,69.185629,-142872279.8059407,-43615047.67051134,-18927147.39643505,9.113629744196569,-25.53519649577232,-11.06192678470174,2026-04-08T05:53:17.814332
2461138.746840278, A.D. 2026-Apr-08 05:55:27.0000,69.185629,-142871732.9759857,-43616579.77430672,-18927811.10788191,9.11404389285295,-25.53495375144272,-11.06179839141966,2026-04-08T05:54:17.814409
2461138.747534722, A.D. 2026-Apr-08 05:56:27.0000,69.185629,-142871186.1211823,-43618111.86353583,-18928474.81162428,9.114458026553908,-25.5347109527364,-11.06166996816943,2026-04-08T05:55:17.814365
2461138.748229166, A.D. 2026-Apr-08 05:57:27.0000,69.185629,-142870639.2415313,-43619643.93819539,-18929138.50766036,9.114872145337014,-25.53446809965057,-11.06154151494409,2026-04-08T05:56:17.814321
2461138.748923611, A.D. 2026-Apr-08 05:58:27.0000,69.185629,-142870092.3370326,-43621175.99828517,-18929802.19598967,9.115286249241294,-25.5342251921813,-11.06141303173541,2026-04-08T05:57:17.814358
2461138.749618056, A.D. 2026-Apr-08 05:59:27.0000,69.185629,-142869545.4076881,-43622708.04379889,-18930465.87660909,9.115700338303144,-25.533982230327,-11.06128451853639,2026-04-08T05:58:17.814435
2461138.7503125, A.D. 2026-Apr-08 06:00:27.0000,69.185629,-142868998.4534987,-43624240.07473328,-18931129.54951682,9.116114412560547,-25.5337392140832,-11.06115597533895,2026-04-08T05:59:17.814391
2461138.751006945, A.D. 2026-Apr-08 06:01:27.0000,69.185629,-142868451.4744653,-43625772.09108506,-18931793.21471107,9.116528472050794,-25.53349614344869,-11.06102740213651,2026-04-08T06:00:17.814428
2461138.751701389, A.D. 2026-Apr-08 06:02:27.0000,69.185629,-142867904.4705888,-43627304.09285098,-18932456.87219002,9.116942516811482,-25.5332530184195,-11.06089879892113,2026-04-08T06:01:17.814384
2461138.752395833, A.D. 2026-Apr-08 06:03:27.0000,69.185629,-142867357.441869,-43628836.08003081,-18933120.52195321,9.117356546880814,-25.53300983899267,-11.06077016568426,2026-04-08T06:02:17.814340
2461138.753090278, A.D. 2026-Apr-08 06:04:27.0000,69.185629,-142866810.3883078,-43630368.05261826,-18933784.1639975,9.117770562295506,-25.53276660516387,-11.06064150241926,2026-04-08T06:03:17.814377
2461138.753784722, A.D. 2026-Apr-08 06:05:27.0000,69.185629,-142866263.3099061,-43631900.01061004,-18934447.7983211,9.118184563092353,-25.53252331693123,-11.06051280911816,2026-04-08T06:04:17.814373
2461138.754479167, A.D. 2026-Apr-08 06:06:27.0000,69.185629,-142865716.2066637,-43633431.95400596,-18935111.42492352,9.118598549309878,-25.53227997429103,-11.06038408577292,2026-04-08T06:05:17.814410
2461138.755173611, A.D. 2026-Apr-08 06:07:27.0000,69.185629,-142865169.0785827,-43634963.88279969,-18935775.04380164,9.119012520983981,-25.5320365772395,-11.06025533237645,2026-04-08T06:06:17.814366
2461138.755868055, A.D. 2026-Apr-08 06:08:27.0000,69.185629,-142864621.9256637,-43636495.79698797,-18936438.65495366,9.11942647815212,-25.53179312577396,-11.06012654892115,2026-04-08T06:07:17.814322
2461138.7565625, A.D. 2026-Apr-08 06:09:27.0000,69.185629,-142864074.7479078,-43638027.69656754,-18937102.25837778,9.119840420853265,-25.53154961988667,-11.05999773539706,2026-04-08T06:08:17.814359
2461138.757256945, A.D. 2026-Apr-08 06:10:27.0000,69.185629,-142863527.5453158,-43639559.58153513,-18937765.85407218,9.120254349119568,-25.53130605958283,-11.0598688918,2026-04-08T06:09:17.814436
2461138.757951389, A.D. 2026-Apr-08 06:11:27.0000,69.185629,-142862980.3178875,-43641091.45189051,-18938429.44203639,9.120668262988012,-25.53106244485805,-11.05974001812239,2026-04-08T06:10:17.814392
2461138.758645833, A.D. 2026-Apr-08 06:12:27.0000,69.185629,-142862433.0656247,-43642623.3076274,-18939093.02226728,9.12108216250188,-25.53081877569929,-11.05961111435231,2026-04-08T06:11:17.814348
2461138.759340278, A.D. 2026-Apr-08 06:13:27.0000,69.185629,-142861885.7885284,-43644155.14874249,-18939756.59476304,9.121496047716843,-25.53057505207199,-11.05948218046767,2026-04-08T06:12:17.814385
2461138.760034722, A.D. 2026-Apr-08 06:14:27.0000,69.185629,-142861338.4865994,-43645686.97523256,-18940420.15952187,9.121909918623873,-25.53033127404493,-11.05935321649259,2026-04-08T06:13:17.814341
2461138.760729167, A.D. 2026-Apr-08 06:15:27.0000,69.185629,-142860791.1598376,-43647218.78709735,-18941083.71654329,9.12232377524146,-25.53008744163895,-11.05922422243143,2026-04-08T06:14:17.814418
2461138.761423611, A.D. 2026-Apr-08 06:16:27.0000,69.185629,-142860243.8082458,-43648750.58432753,-18941747.26582284,9.1227376176814,-25.52984355473727,-11.05909519822486,2026-04-08T06:15:17.814374
2461138.762118055, A.D. 2026-Apr-08 06:17:27.0000,69.185629,-142859696.4318229,-43650282.3669259,-18942410.80736135,9.123151446103279,-25.52959961315383,-11.05896614378312,2026-04-08T06:16:17.814330
2461138.7628125, A.D. 2026-Apr-08 06:18:27.0000,69.185629,-142859149.0305696,-43651814.1348892,-18943074.34115701,9.123565260400369,-25.5293556170977,-11.058837059194,2026-04-08T06:17:17.814367
2461138.763506944, A.D. 2026-Apr-08 06:19:27.0000,69.185629,-142858601.604489,-43653345.88820808,-18943737.86720538,9.123979060403695,-25.52911156687063,-11.05870794458662,2026-04-08T06:18:17.814323
2461138.764201389, A.D. 2026-Apr-08 06:20:27.0000,69.185629,-142858054.1535797,-43654877.62688535,-18944401.3855073,9.124392846178846,-25.52886746242613,-11.058578799934,2026-04-08T06:19:17.814400
2461138.764895834, A.D. 2026-Apr-08 06:21:27.0000,69.185629,-142857506.6778437,-43656409.35091473,-18945064.89605963,9.124806618004534,-25.52862330339624,-11.05844962506499,2026-04-08T06:20:17.814437
2461138.765590278, A.D. 2026-Apr-08 06:22:27.0000,69.185629,-142856959.1772818,-43657941.06029294,-18945728.39886057,9.125220375967011,-25.52837908970368,-11.05832041993842,2026-04-08T06:21:17.814393
2461138.766284722, A.D. 2026-Apr-08 06:23:27.0000,69.185629,-142856411.6518949,-43659472.7550167,-18946391.8939083,9.1256341199833,-25.52813482152046,-11.05819118462509,2026-04-08T06:22:17.814349
2461138.766979167, A.D. 2026-Apr-08 06:24:27.0000,69.185629,-142855864.1016827,-43661004.43508579,-18947055.38120232,9.126047850029835,-25.52789049893103,-11.05806191915764,2026-04-08T06:23:17.814386
2461138.767673611, A.D. 2026-Apr-08 06:25:27.0000,69.185629,-142855316.5266471,-43662536.10049389,-18947718.86073951,9.126461566186107,-25.52764612186826,-11.05793262349916,2026-04-08T06:24:17.814382
2461138.768368056, A.D. 2026-Apr-08 06:26:27.0000,69.185629,-142854768.926789,-43664067.75123774,-18948382.33251807,9.126875268509986,-25.52740169029332,-11.05780329762539,2026-04-08T06:25:17.814419
2461138.7690625, A.D. 2026-Apr-08 06:27:27.0000,69.185629,-142854221.3021091,-43665599.38731407,-18949045.79653617,9.127288957021424,-25.52715720422526,-11.05767394153928,2026-04-08T06:26:17.814375
2461138.769756944, A.D. 2026-Apr-08 06:28:27.0000,69.185629,-142853673.6526073,-43667131.00872264,-18949709.25279332,9.127702631750363,-25.52691266366948,-11.0575445552372,2026-04-08T06:27:17.814331
2461138.770451389, A.D. 2026-Apr-08 06:29:27.0000,69.185629,-142853125.9782854,-43668662.61545715,-18950372.70128638,9.12811629273546,-25.52666806861563,-11.0574151387081,2026-04-08T06:28:17.814368
2461138.771145833, A.D. 2026-Apr-08 06:30:27.0000,69.185629,-142852578.2791443,-43670194.20751435,-18951036.14201355,9.12852994001453,-25.52642341905625,-11.05728569194229,2026-04-08T06:29:17.814364
2461138.771840278, A.D. 2026-Apr-08 06:31:27.0000,69.185629,-142852030.5551847,-43671725.78489093,-18951699.57497301,9.128943573621616,-25.52617871498865,-11.05715621493275,2026-04-08T06:30:17.814401
2461138.772534722, A.D. 2026-Apr-08 06:32:27.0000,69.185629,-142851482.8064076,-43673257.34758364,-18952363.00016296,9.129357193592101,-25.52593395640853,-11.05702670767121,2026-04-08T06:31:17.814357
2461138.773229167, A.D. 2026-Apr-08 06:33:27.0000,69.185629,-142850935.0328126,-43674788.89559225,-18953026.41758287,9.129770799962365,-25.52568914331081,-11.0568971701485,2026-04-08T06:32:17.814394
2461138.773923611, A.D. 2026-Apr-08 06:34:27.0000,69.185629,-142850387.2344016,-43676320.42891043,-18953689.82722963,9.130184392766658,-25.52544427569059,-11.05676760235715,2026-04-08T06:33:17.814350
2461138.774618056, A.D. 2026-Apr-08 06:35:27.0000,69.185629,-142849839.4111755,-43677851.94753494,-18954353.22910142,9.13059797204074,-25.52519935354293,-11.05663800428834,2026-04-08T06:34:17.814427
2461138.7753125, A.D. 2026-Apr-08 06:36:27.0000,69.185629,-142849291.563134,-43679383.45146554,-18955016.62319773,9.131011537820036,-25.52495437686247,-11.05650837593334,2026-04-08T06:35:17.814383
2461138.776006944, A.D. 2026-Apr-08 06:37:27.0000,69.185629,-142848743.69028,-43680914.94069286,-18955680.00951412,9.131425090138691,-25.52470934564559,-11.05637871728489,2026-04-08T06:36:17.814339
2461138.776701389, A.D. 2026-Apr-08 06:38:27.0000,69.185629,-142848195.7926122,-43682446.41521971,-18956343.38805141,9.131838629033147,-25.52446425988642,-11.05624902833317,2026-04-08T06:37:17.814376
2461138.777395833, A.D. 2026-Apr-08 06:39:27.0000,69.185629,-142847647.8701325,-43683977.8750398,-18957006.75880645,9.13225215453752,-25.52421911958035,-11.0561193090708,2026-04-08T06:38:17.814332
2461138.778090278, A.D. 2026-Apr-08 06:40:27.0000,69.185629,-142847099.9228405,-43685509.32015287,-18957670.12177875,9.132665666687897,-25.52397392472087,-11.05598955948819,2026-04-08T06:39:17.814409
2461138.778784722, A.D. 2026-Apr-08 06:41:27.0000,69.185629,-142846551.9507394,-43687040.75054958,-18958333.47696384,9.13307916551732,-25.52372867530409,-11.0558597795779,2026-04-08T06:40:17.814365
2461138.779479166, A.D. 2026-Apr-08 06:42:27.0000,69.185629,-142846003.9538276,-43688572.16623275,-18958996.82436256,9.133492651062342,-25.52348337132502,-11.05572996933046,2026-04-08T06:41:17.814321
2461138.780173611, A.D. 2026-Apr-08 06:43:27.0000,69.185629,-142845455.9321071,-43690103.56719604,-18959660.16397176,9.13390612335714,-25.52323801277718,-11.05560012873764,2026-04-08T06:42:17.814358
2461138.780868056, A.D. 2026-Apr-08 06:44:27.0000,69.185629,-142844907.8855787,-43691634.95343619,-18960323.4957896,9.134319582436117,-25.5229925996561,-11.05547025779102,2026-04-08T06:43:17.814435
2461138.7815625, A.D. 2026-Apr-08 06:45:27.0000,69.185629,-142844359.814242,-43693166.32495295,-18960986.81981561,9.134733028334892,-25.52274713195611,-11.05534035648147,2026-04-08T06:44:17.814391
2461138.782256945, A.D. 2026-Apr-08 06:46:27.0000,69.185629,-142843811.718099,-43694697.68174004,-18961650.13604663,9.135146461087475,-25.52250160967093,-11.05521042480076,2026-04-08T06:45:17.814428
2461138.782951389, A.D. 2026-Apr-08 06:47:27.0000,69.185629,-142843263.5971516,-43696229.0237911,-18962313.44447952,9.135559880727067,-25.52225603279654,-11.05508046274035,2026-04-08T06:46:17.814384
2461138.783645833, A.D. 2026-Apr-08 06:48:27.0000,69.185629,-142842715.4513972,-43697760.35111202,-18962976.74511641,9.135973287291199,-25.52201040132656,-11.05495047029085,2026-04-08T06:47:17.814340
2461138.784340278, A.D. 2026-Apr-08 06:49:27.0000,69.185629,-142842167.2808398,-43699291.66369036,-18963640.03795154,9.136386680811357,-25.5217647152563,-11.05482044744418,2026-04-08T06:48:17.814377
2461138.785034722, A.D. 2026-Apr-08 06:50:27.0000,69.185629,-142841619.0854782,-43700822.96152896,-18964303.3229857,9.136800061323836,-25.52151897457818,-11.05469039419134,2026-04-08T06:49:17.814373
2461138.785729167, A.D. 2026-Apr-08 06:51:27.0000,69.185629,-142841070.8653142,-43702354.24462148,-18964966.60021575,9.137213428861957,-25.52127317928845,-11.05456031052333,2026-04-08T06:50:17.814410
2461138.786423611, A.D. 2026-Apr-08 06:52:27.0000,69.185629,-142840522.6203485,-43703885.51296465,-18965629.86963988,9.137626783460146,-25.52102732937986,-11.05443019643201,2026-04-08T06:51:17.814366
2461138.787118055, A.D. 2026-Apr-08 06:53:27.0000,69.185629,-142839974.3505819,-43705416.76655519,-18966293.13125625,9.138040125152559,-25.52078142484823,-11.05430005190786,2026-04-08T06:52:17.814322
2461138.7878125, A.D. 2026-Apr-08 06:54:27.0000,69.185629,-142839426.0560141,-43706948.00539288,-18966956.38506436,9.138453453974003,-25.520535465686,-11.05416987694234,2026-04-08T06:53:17.814359
2461138.788506945, A.D. 2026-Apr-08 06:55:27.0000,69.185629,-142838877.736647,-43708479.22947139,-18967619.63106106,9.138866769957742,-25.52028945188798,-11.05403967152611,2026-04-08T06:54:17.814436
2461138.789201389, A.D. 2026-Apr-08 06:56:27.0000,69.185629,-142838329.3924813,-43710010.43878742,-18968282.86924453,9.139280073137721,-25.52004338344781,-11.05390943565106,2026-04-08T06:55:17.814392
2461138.789895833, A.D. 2026-Apr-08 06:57:27.0000,69.185629,-142837781.0235178,-43711541.63333772,-18968946.09961293,9.139693363547835,-25.51979726036089,-11.05377916930813,2026-04-08T06:56:17.814348
2461138.790590278, A.D. 2026-Apr-08 06:58:27.0000,69.185629,-142837232.6297573,-43713072.813119,-18969609.32216445,9.140106641222367,-25.51955108262023,-11.05364887248821,2026-04-08T06:57:17.814385
2461138.791284722, A.D. 2026-Apr-08 06:59:27.0000,69.185629,-142836684.2111995,-43714603.97813103,-18970272.53689855,9.14051990619563,-25.51930485021864,-11.05351854518188,2026-04-08T06:58:17.814341
2461138.791979167, A.D. 2026-Apr-08 07:00:27.0000,69.185629,-142836135.7678461,-43716135.12836748,-18970935.74381211,9.140933158500541,-25.51905856315138,-11.05338818738057,2026-04-08T06:59:17.814418
2461138.792673611, A.D. 2026-Apr-08 07:01:27.0000,69.185629,-142835587.299698,-43717666.26382507,-18971598.94290329,9.141346398171,-25.51881222141141,-11.05325779907536,2026-04-08T07:00:17.814374
2461138.793368055, A.D. 2026-Apr-08 07:02:27.0000,69.185629,-142835038.8067548,-43719197.38450357,-18972262.13417158,9.141759625241166,-25.51856582499211,-11.05312738025668,2026-04-08T07:01:17.814330
2461138.7940625, A.D. 2026-Apr-08 07:03:27.0000,69.185629,-142834490.2890184,-43720728.49039664,-18972925.31761382,9.142172839744232,-25.51831937388875,-11.05299693091582,2026-04-08T07:02:17.814367
2461138.794756944, A.D. 2026-Apr-08 07:04:27.0000,69.185629,-142833941.7464894,-43722259.58150102,-18973588.49322819,9.14258604171348,-25.51807286809423,-11.05286645104408,2026-04-08T07:03:17.814323
2461138.795451389, A.D. 2026-Apr-08 07:05:27.0000,69.185629,-142833393.1791688,-43723790.65781341,-18974251.66101286,9.142999231182255,-25.51782630760104,-11.05273594063219,2026-04-08T07:04:17.814400
2461138.796145834, A.D. 2026-Apr-08 07:06:27.0000,69.185629,-142832844.5870571,-43725321.71933055,-18974914.82096599,9.143412408184044,-25.51757969240401,-11.05260539967044,2026-04-08T07:05:17.814437
2461138.796840278, A.D. 2026-Apr-08 07:07:27.0000,69.185629,-142832295.9701542,-43726852.76605217,-18975577.97308706,9.143825572753212,-25.5173330224964,-11.05247482815021,2026-04-08T07:06:17.814393
2461138.797534722, A.D. 2026-Apr-08 07:08:27.0000,69.185629,-142831747.3284617,-43728383.79797196,-18976241.11737294,9.144238724922282,-25.51708629787075,-11.052344226062,2026-04-08T07:07:17.814349
2461138.798229167, A.D. 2026-Apr-08 07:09:27.0000,69.185629,-142831198.6619805,-43729914.81508664,-18976904.25382177,9.144651864724072,-25.51683951852167,-11.0522135933969,2026-04-08T07:08:17.814386
2461138.798923611, A.D. 2026-Apr-08 07:10:27.0000,69.185629,-142830649.9707113,-43731445.81739292,-18977567.38243172,9.145064992192099,-25.51659268444115,-11.05208293014545,2026-04-08T07:09:17.814382
2461138.799618056, A.D. 2026-Apr-08 07:11:27.0000,69.185629,-142830101.2546549,-43732976.80488753,-18978230.50320097,9.14547810735918,-25.51634579562343,-11.05195223629849,2026-04-08T07:10:17.814419
2461138.8003125, A.D. 2026-Apr-08 07:12:27.0000,69.185629,-142829552.5138108,-43734507.77757022,-18978893.61612899,9.145891210259709,-25.51609885206119,-11.05182151184623,2026-04-08T07:11:17.814375
2461138.801006944, A.D. 2026-Apr-08 07:13:27.0000,69.185629,-142829003.7481809,-43736038.73543464,-18979556.72121263,9.14630430092552,-25.51585185374872,-11.05169075678046,2026-04-08T07:12:17.814331
2461138.801701389, A.D. 2026-Apr-08 07:14:27.0000,69.185629,-142828454.9577648,-43737569.67848058,-18980219.81845137,9.146717379390186,-25.51560480067667,-11.05155997109095,2026-04-08T07:13:17.814368
2461138.802395833, A.D. 2026-Apr-08 07:15:27.0000,69.185629,-142827906.1425655,-43739100.60669866,-18980882.90784073,9.14713044568546,-25.51535769284062,-11.05142915476887,2026-04-08T07:14:17.814364
2461138.803090278, A.D. 2026-Apr-08 07:16:27.0000,69.185629,-142827357.3025815,-43740631.52009168,-18981545.98938151,9.147543499845678,-25.51511053023216,-11.05129830780451,2026-04-08T07:15:17.814401
2461138.803784722, A.D. 2026-Apr-08 07:17:27.0000,69.185629,-142826808.4378147,-43742162.41865329,-18982209.06307056,9.147956541902676,-25.51486331284478,-11.05116743018879,2026-04-08T07:16:17.814357
2461138.804479167, A.D. 2026-Apr-08 07:18:27.0000,69.185629,-142826259.5482657,-43743693.30238023,-18982872.12890604,9.148369571888987,-25.5146160406711,-11.05103652191167,2026-04-08T07:17:17.814394
2461138.805173611, A.D. 2026-Apr-08 07:19:27.0000,69.185629,-142825710.6339352,-43745224.17126919,-18983535.1868861,9.148782589837573,-25.51436871370431,-11.05090558296431,2026-04-08T07:18:17.814350
2461138.805868056, A.D. 2026-Apr-08 07:20:27.0000,69.185629,-142825161.694823,-43746755.02531995,-18984198.23701023,9.149195595781922,-25.51412133193702,-11.05077461333664,2026-04-08T07:19:17.814427
2461138.8065625, A.D. 2026-Apr-08 07:21:27.0000,69.185629,-142824612.7309308,-43748285.86452616,-18984861.27927526,9.149608589753653,-25.51387389536171,-11.05064361302006,2026-04-08T07:20:17.814383
2461138.807256944, A.D. 2026-Apr-08 07:22:27.0000,69.185629,-142824063.7422593,-43749816.68888453,-18985524.31367936,9.150021571785055,-25.51362640397208,-11.05051258200467,2026-04-08T07:21:17.814339
2461138.807951389, A.D. 2026-Apr-08 07:23:27.0000,69.185629,-142823514.7288093,-43751347.4983918,-18986187.34022067,9.150434541909021,-25.51337885775992,-11.05038152028072,2026-04-08T07:22:17.814376
2461138.808645833, A.D. 2026-Apr-08 07:24:27.0000,69.185629,-142822965.6905803,-43752878.29304768,-18986850.35889868,9.150847500158358,-25.5131312567176,-11.05025042783837,2026-04-08T07:23:17.814332
2461138.809340278, A.D. 2026-Apr-08 07:25:27.0000,69.185629,-142822416.6275742,-43754409.07284587,-18987513.36971023,9.151260446564782,-25.51288360083775,-11.05011930466851,2026-04-08T07:24:17.814409
2461138.810034722, A.D. 2026-Apr-08 07:26:27.0000,69.185629,-142821867.5397917,-43755939.83778306,-18988176.37265347,9.151673381160382,-25.51263589011366,-11.04998815076187,2026-04-08T07:25:17.814365
2461138.810729166, A.D. 2026-Apr-08 07:27:27.0000,69.185629,-142821318.4272335,-43757470.58785597,-18988839.36772655,9.15208630397777,-25.51238812453697,-11.0498569661079,2026-04-08T07:26:17.814321
2461138.811423611, A.D. 2026-Apr-08 07:28:27.0000,69.185629,-142820769.2899002,-43759001.32306131,-18989502.35492764,9.152499215048781,-25.5121403041007,-11.04972575069798,2026-04-08T07:27:17.814358
2461138.812118056, A.D. 2026-Apr-08 07:29:27.0000,69.185629,-142820220.1277916,-43760532.04339882,-18990165.3342562,9.152912114406623,-25.51189242879654,-11.04959450452118,2026-04-08T07:28:17.814435
2461138.8128125, A.D. 2026-Apr-08 07:30:27.0000,69.185629,-142819670.9409094,-43762062.74886218,-18990828.30570907,9.153325002082253,-25.51164449861727,-11.04946322756875,2026-04-08T07:29:17.814391
2461138.813506945, A.D. 2026-Apr-08 07:31:27.0000,69.185629,-142819121.7292542,-43763593.43944808,-18991491.2692844,9.153737878107625,-25.51139651355498,-11.04933191983094,2026-04-08T07:30:17.814428
2461138.814201389, A.D. 2026-Apr-08 07:32:27.0000,69.185629,-142818572.4928258,-43765124.11515628,-18992154.22498167,9.154150742515718,-25.51114847360143,-11.04920058129715,2026-04-08T07:31:17.814384
2461138.814895833, A.D. 2026-Apr-08 07:33:27.0000,69.185629,-142818023.231627,-43766654.7759774,-18992817.17279638,9.154563595339148,-25.51090037874681,-11.04906921195709,2026-04-08T07:32:17.814340
2461138.815590278, A.D. 2026-Apr-08 07:34:27.0000,69.185629,-142817473.9456562,-43768185.42191423,-18993480.11272933,9.15497643660622,-25.51065222898914,-11.04893781180389,2026-04-08T07:33:17.814377
2461138.816284722, A.D. 2026-Apr-08 07:35:27.0000,69.185629,-142816924.6349142,-43769716.05296348,-18994143.04477867,9.15538926634798,-25.51040402432189,-11.04880638082785,2026-04-08T07:34:17.814373
2461138.816979167, A.D. 2026-Apr-08 07:36:27.0000,69.185629,-142816375.2994039,-43771246.66911575,-18994805.9689399,9.155802084602149,-25.51015576472646,-11.04867491901512,2026-04-08T07:35:17.814410
2461138.817673611, A.D. 2026-Apr-08 07:37:27.0000,69.185629,-142815825.9391238,-43772777.27037386,-18995468.88521383,9.156214891421573,-25.50990745016458,-11.04854342634098,2026-04-08T07:36:17.814366
2461138.818368055, A.D. 2026-Apr-08 07:38:27.0000,69.185629,-142815276.5540767,-43774307.8567284,-18996131.79359595,9.156627686789175,-25.50965908070015,-11.04841190282905,2026-04-08T07:37:17.814322
2461138.8190625, A.D. 2026-Apr-08 07:39:27.0000,69.185629,-142814727.1442612,-43775838.42818218,-18996794.69408706,9.157040470719384,-25.50941065635093,-11.04828034848148,2026-04-08T07:38:17.814359
2461138.819756945, A.D. 2026-Apr-08 07:40:27.0000,69.185629,-142814177.7096779,-43777368.98473191,-18997457.58668531,9.15745324332165,-25.50916217699409,-11.04814876323477,2026-04-08T07:39:17.814436
2461138.820451389, A.D. 2026-Apr-08 07:41:27.0000,69.185629,-142813628.2503296,-43778899.52636817,-18998120.47138619,9.157866004749273,-25.50891364243442,-11.04801714699646,2026-04-08T07:40:17.814392
2461138.821145833, A.D. 2026-Apr-08 07:42:27.0000,69.185629,-142813078.7662149,-43780430.05309377,-18998783.34819049,9.158278754890372,-25.50866505288193,-11.04788549985382,2026-04-08T07:41:17.814348
2461138.821840278, A.D. 2026-Apr-08 07:43:27.0000,69.185629,-142812529.2573356,-43781960.56490234,-18999446.21709505,9.158691493567806,-25.50841640864027,-11.04775382193864,2026-04-08T07:42:17.814385
2461138.822534722, A.D. 2026-Apr-08 07:44:27.0000,69.185629,-142811979.7236923,-43783491.06179064,-19000109.07809801,9.159104220841082,-25.50816770965831,-11.04762211322113,2026-04-08T07:43:17.814341
2461138.823229167, A.D. 2026-Apr-08 07:45:27.0000,69.185629,-142811430.1652846,-43785021.54375838,-19000771.93119884,9.159516936989906,-25.50791895555546,-11.04749037352278,2026-04-08T07:44:17.814418
2461138.823923611, A.D. 2026-Apr-08 07:46:27.0000,69.185629,-142810880.5821154,-43786552.0107962,-19001434.77639303,9.159929642094792,-25.50767014624756,-11.04735860280046,2026-04-08T07:45:17.814374
2461138.824618055, A.D. 2026-Apr-08 07:47:27.0000,69.185629,-142810330.9741831,-43788082.46290684,-19002097.61368139,9.160342336067686,-25.50742128190745,-11.04722680112475,2026-04-08T07:46:17.814330
2461138.8253125, A.D. 2026-Apr-08 07:48:27.0000,69.185629,-142809781.3414885,-43789612.90008702,-19002760.44306203,9.16075501887792,-25.5071723626182,-11.04709496852785,2026-04-08T07:47:17.814367
2461138.826006944, A.D. 2026-Apr-08 07:49:27.0000,69.185629,-142809231.6840343,-43791143.32232737,-19003423.26453047,9.161167690599916,-25.50692338830444,-11.04696310496889,2026-04-08T07:48:17.814323
2461138.826701389, A.D. 2026-Apr-08 07:50:27.0000,69.185629,-142808682.0018191,-43792673.72963065,-19004086.07808749,9.161580351289242,-25.50667435892317,-11.04683121042268,2026-04-08T07:49:17.814400
2461138.827395834, A.D. 2026-Apr-08 07:51:27.0000,69.185629,-142808132.2948445,-43794204.12199052,-19004748.88372991,9.16199300095971,-25.50642527449082,-11.04669928488945,2026-04-08T07:50:17.814437
2461138.828090278, A.D. 2026-Apr-08 07:52:27.0000,69.185629,-142807582.5631113,-43795734.49940367,-19005411.68145587,9.162405639635123,-25.50617613500758,-11.04656732836411,2026-04-08T07:51:17.814393
2461138.828784722, A.D. 2026-Apr-08 07:53:27.0000,69.185629,-142807032.8066202,-43797264.86186682,-19006074.47126351,9.162818267350529,-25.5059269404589,-11.04643534083366,2026-04-08T07:52:17.814349
2461138.829479167, A.D. 2026-Apr-08 07:54:27.0000,69.185629,-142806483.0253706,-43798795.20937968,-19006737.2531523,9.163230884139757,-25.50567769083277,-11.04630332228591,2026-04-08T07:53:17.814386
2461138.830173611, A.D. 2026-Apr-08 07:55:27.0000,69.185629,-142805933.2193654,-43800325.54193288,-19007400.02711772,9.163643490030276,-25.50542838612338,-11.04617127271233,2026-04-08T07:54:17.814382
2461138.830868056, A.D. 2026-Apr-08 07:56:27.0000,69.185629,-142805383.3886032,-43801855.85952919,-19008062.79316056,9.164056085054428,-25.50517902632067,-11.04603919210234,2026-04-08T07:55:17.814419
2461138.8315625, A.D. 2026-Apr-08 07:57:27.0000,69.185629,-142804833.5330844,-43803386.16216531,-19008725.55127895,9.164468669242785,-25.50492961141515,-11.04590708044486,2026-04-08T07:56:17.814375
2461138.832256944, A.D. 2026-Apr-08 07:58:27.0000,69.185629,-142804283.6528121,-43804916.44983185,-19009388.3014684,9.1648812426244,-25.50468014139886,-11.04577493773046,2026-04-08T07:57:17.814331
2461138.832951389, A.D. 2026-Apr-08 07:59:27.0000,69.185629,-142803733.7477846,-43806446.72253157,-19010051.04372967,9.165293805231524,-25.50443061626341,-11.04564276394818,2026-04-08T07:58:17.814368
2461138.833645833, A.D. 2026-Apr-08 08:00:27.0000,69.185629,-142803183.8180036,-43807976.98025814,-19010713.77805958,9.165706357093738,-25.50418103599761,-11.04551055908826,2026-04-08T07:59:17.814364
2461138.834340278, A.D. 2026-Apr-08 08:01:27.0000,69.185629,-142802633.8634699,-43809507.22300825,-19011376.50445628,9.16611889824138,-25.50393140059347,-11.04537832313944,2026-04-08T08:00:17.814401
2461138.835034722, A.D. 2026-Apr-08 08:02:27.0000,69.185629,-142802083.884183,-43811037.45078164,-19012039.22291921,9.166531428705722,-25.50368171004096,-11.04524605609176,2026-04-08T08:01:17.814357
2461138.835729167, A.D. 2026-Apr-08 08:03:27.0000,69.185629,-142801533.8801456,-43812567.66356889,-19012701.93344386,9.166943948515772,-25.50343196433142,-11.04511375793489,2026-04-08T08:02:17.814394
2461138.836423611, A.D. 2026-Apr-08 08:04:27.0000,69.185629,-142800983.8513563,-43814097.86137278,-19013364.63603101,9.167356457703043,-25.50318216345512,-11.04498142865769,2026-04-08T08:03:17.814350
2461138.837118056, A.D. 2026-Apr-08 08:05:27.0000,69.185629,-142800433.7978168,-43815628.04418699,-19014027.33067748,9.16776895629708,-25.50293230740299,-11.04484906825041,2026-04-08T08:04:17.814427
2461138.8378125, A.D. 2026-Apr-08 08:06:27.0000,69.185629,-142799883.7195266,-43817158.21201122,-19014690.0173827,9.168181444328853,-25.5026823961657,-11.04471667670174,2026-04-08T08:05:17.814383
2461138.838506944, A.D. 2026-Apr-08 08:07:27.0000,69.185629,-142799333.6164885,-43818688.36483608,-19015352.69614219,9.168593921826934,-25.50243242973222,-11.04458425400202,2026-04-08T08:06:17.814339
2461138.839201389, A.D. 2026-Apr-08 08:08:27.0000,69.185629,-142798783.488701,-43820218.50266435,-19016015.3669567,9.16900638882346,-25.5021824080941,-11.04445180013957,2026-04-08T08:07:17.814376
2461138.839895833, A.D. 2026-Apr-08 08:09:27.0000,69.185629,-142798233.3361658,-43821748.62548967,-19016678.02982304,9.169418845346975,-25.50193233124232,-11.04431931510454,2026-04-08T08:08:17.814332
2461138.840590278, A.D. 2026-Apr-08 08:10:27.0000,69.185629,-142797683.1588824,-43823278.73331176,-19017340.68474067,9.169831291428478,-25.50168219916583,-11.04418679888559,2026-04-08T08:09:17.814409
2461138.841284722, A.D. 2026-Apr-08 08:11:27.0000,69.185629,-142797132.9568537,-43824808.82612125,-19018003.33170507,9.170243727096512,-25.50143201185669,-11.04405425147321,2026-04-08T08:10:17.814365
2461138.841979166, A.D. 2026-Apr-08 08:12:27.0000,69.185629,-142796582.7300782,-43826338.90392088,-19018665.97071702,9.170656152382463,-25.50118176930366,-11.0439216728557,2026-04-08T08:11:17.814321
2461138.842673611, A.D. 2026-Apr-08 08:13:27.0000,69.185629,-142796032.4785573,-43827868.96670431,-19019328.60177331,9.171068567315297,-25.50093147149738,-11.04378906302232,2026-04-08T08:12:17.814358
2461138.843368056, A.D. 2026-Apr-08 08:14:27.0000,69.185629,-142795482.202292,-43829399.01446822,-19019991.22487208,9.171480971924767,-25.50068111842785,-11.04365642196296,2026-04-08T08:13:17.814435
2461138.8440625, A.D. 2026-Apr-08 08:15:27.0000,69.185629,-142794931.9012815,-43830929.04721233,-19020653.84001277,9.17189336624203,-25.50043071008537,-11.04352374966644,2026-04-08T08:14:17.814391
2461138.844756945, A.D. 2026-Apr-08 08:16:27.0000,69.185629,-142794381.5755289,-43832459.06492724,-19021316.44719087,9.172305750294447,-25.50018024645989,-11.04339104612246,2026-04-08T08:15:17.814428
2461138.845451389, A.D. 2026-Apr-08 08:17:27.0000,69.185629,-142793831.2250324,-43833989.06761573,-19021979.04640714,9.172718124113558,-25.4999297275417,-11.04325831131965,2026-04-08T08:16:17.814384
2461138.846145833, A.D. 2026-Apr-08 08:18:27.0000,69.185629,-142793280.8497926,-43835519.05527446,-19022641.6376597,9.173130487728848,-25.49967915331928,-11.04312554524687,2026-04-08T08:17:17.814340
2461138.846840278, A.D. 2026-Apr-08 08:19:27.0000,69.185629,-142792730.4498125,-43837049.02789406,-19023304.22094405,9.17354284116867,-25.49942852378435,-11.042992747894,2026-04-08T08:18:17.814377
2461138.847534722, A.D. 2026-Apr-08 08:20:27.0000,69.185629,-142792180.0250904,-43838578.98547727,-19023966.79626093,9.173955184463667,-25.49917783892553,-11.04285991924994,2026-04-08T08:19:17.814373
2461138.848229167, A.D. 2026-Apr-08 08:21:27.0000,69.185629,-142791629.575628,-43840108.92801774,-19024629.36360717,9.174367517642866,-25.49892709873393,-11.04272705930414,2026-04-08T08:20:17.814410
2461138.848923611, A.D. 2026-Apr-08 08:22:27.0000,69.185629,-142791079.101426,-43841638.85551213,-19025291.92298087,9.174779840735393,-25.49867630319789,-11.0425941680447,2026-04-08T08:21:17.814366
2461138.849618055, A.D. 2026-Apr-08 08:23:27.0000,69.185629,-142790528.6024849,-43843168.76795714,-19025954.47438015,9.175192153770821,-25.49842545230812,-11.04246124546177,2026-04-08T08:22:17.814322
2461138.8503125, A.D. 2026-Apr-08 08:24:27.0000,69.185629,-142789978.0788042,-43844698.66535249,-19026617.01780447,9.175604456779016,-25.49817454605406,-11.04232829154354,2026-04-08T08:23:17.814359
2461138.851006945, A.D. 2026-Apr-08 08:25:27.0000,69.185629,-142789427.5303867,-43846228.54768875,-19027279.55324929,9.176016749787939,-25.49792358442514,-11.04219530627936,2026-04-08T08:24:17.814436
2461138.851701389, A.D. 2026-Apr-08 08:26:27.0000,69.185629,-142788876.9572297,-43847758.41497175,-19027942.08071669,9.17642903282929,-25.49767256741002,-11.04206228965799,2026-04-08T08:25:17.814392
2461138.852395833, A.D. 2026-Apr-08 08:27:27.0000,69.185629,-142788326.3593372,-43849288.26718903,-19028604.60020085,9.17684130592936,-25.49742149499989,-11.04192924166909,2026-04-08T08:26:17.814348
2461138.853090278, A.D. 2026-Apr-08 08:28:27.0000,69.185629,-142787775.7367086,-43850818.1043403,-19029267.11170118,9.177253569118628,-25.49717036718391,-11.04179616230087,2026-04-08T08:27:17.814385
2461138.853784722, A.D. 2026-Apr-08 08:29:27.0000,69.185629,-142787225.0893434,-43852347.9264253,-19029929.61521713,9.177665822426775,-25.49691918395062,-11.04166305154251,2026-04-08T08:28:17.814341
2461138.854479167, A.D. 2026-Apr-08 08:30:27.0000,69.185629,-142786674.4172434,-43853877.73343764,-19030592.1107455,9.178078065881971,-25.49666794528936,-11.04152990938261,2026-04-08T08:29:17.814418
2461138.855173611, A.D. 2026-Apr-08 08:31:27.0000,69.185629,-142786123.720409,-43855407.52537401,-19031254.59828439,9.178490299513333,-25.49641665119003,-11.04139673581042,2026-04-08T08:30:17.814374
2461138.855868055, A.D. 2026-Apr-08 08:32:27.0000,69.185629,-142785572.9988398,-43856937.30223411,-19031917.07783325,9.178902523350441,-25.49616530164209,-11.04126353081439,2026-04-08T08:31:17.814330
2461138.8565625, A.D. 2026-Apr-08 08:33:27.0000,69.185629,-142785022.2525375,-43858467.06401158,-19032579.54938887,9.179314737421693,-25.49591389663363,-11.0411302943838,2026-04-08T08:32:17.814367
2461138.857256944, A.D. 2026-Apr-08 08:34:27.0000,69.185629,-142784471.4815038,-43859996.81070005,-19033242.01294805,9.179726941754838,-25.495662436156,-11.04099702650736,2026-04-08T08:33:17.814323
2461138.857951389, A.D. 2026-Apr-08 08:35:27.0000,69.185629,-142783920.6857359,-43861526.54230531,-19033904.46851284,9.180139136381337,-25.49541092019465,-11.04086372717324,2026-04-08T08:34:17.814400
2461138.858645834, A.D. 2026-Apr-08 08:36:27.0000,69.185629,-142783369.8652377,-43863056.25881492,-19034566.91607742,9.180551321327252,-25.4951593487429,-11.04073039637094,2026-04-08T08:35:17.814437
2461138.859340278, A.D. 2026-Apr-08 08:37:27.0000,69.185629,-142782819.0200076,-43864585.96023162,-19035229.35564252,9.180963496623209,-25.49490772178667,-11.04059703408897,2026-04-08T08:36:17.814393
2461138.860034722, A.D. 2026-Apr-08 08:38:27.0000,69.185629,-142782268.1500473,-43866115.64654905,-19035891.78720495,9.181375662296993,-25.49465603931685,-11.04046364031578,2026-04-08T08:37:17.814349
2461138.860729167, A.D. 2026-Apr-08 08:39:27.0000,69.185629,-142781717.2553574,-43867645.31776386,-19036554.21076281,9.181787818377037,-25.49440430132154,-11.04033021504024,2026-04-08T08:38:17.814386
2461138.861423611, A.D. 2026-Apr-08 08:40:27.0000,69.185629,-142781166.3359383,-43869174.97387274,-19037216.62631422,9.182199964892519,-25.49415250778932,-11.04019675825096,2026-04-08T08:39:17.814382
2461138.862118056, A.D. 2026-Apr-08 08:41:27.0000,69.185629,-142780615.3917897,-43870704.61487538,-19037879.03385858,9.182612101871959,-25.49390065871009,-11.04006326993643,2026-04-08T08:40:17.814419
2461138.8628125, A.D. 2026-Apr-08 08:42:27.0000,69.185629,-142780064.4229143,-43872234.24076238,-19038541.43339139,9.18302422934289,-25.49364875407132,-11.03992975008555,2026-04-08T08:41:17.814375
2461138.863506944, A.D. 2026-Apr-08 08:43:27.0000,69.185629,-142779513.4293093,-43873763.85153952,-19039203.8249147,9.183436347335778,-25.4933967938624,-11.03979619868658,2026-04-08T08:42:17.814331
2461138.864201389, A.D. 2026-Apr-08 08:44:27.0000,69.185629,-142778962.4109787,-43875293.44719435,-19039866.20842266,9.18384845587686,-25.49314477807234,-11.03966261572857,2026-04-08T08:43:17.814368
2461138.864895833, A.D. 2026-Apr-08 08:45:27.0000,69.185629,-142778411.3679218,-43876823.02772656,-19040528.5839147,9.184260554995289,-25.49289270668965,-11.03952900119983,2026-04-08T08:44:17.814364
2461138.865590278, A.D. 2026-Apr-08 08:46:27.0000,69.185629,-142777860.3001381,-43878352.59313587,-19041190.95139024,9.18467264471995,-25.49264057970237,-11.03939535508851,2026-04-08T08:45:17.814401
2461138.866284722, A.D. 2026-Apr-08 08:47:27.0000,69.185629,-142777309.2076294,-43879882.1434159,-19041853.31084607,9.18508472507863,-25.49238839710011,-11.03926167738341,2026-04-08T08:46:17.814357
2461138.866979167, A.D. 2026-Apr-08 08:48:27.0000,69.185629,-142776758.0903962,-43881411.6785633,-19042515.6622803,9.185496796099423,-25.49213615887024,-11.03912796807289,2026-04-08T08:47:17.814394
2461138.867673611, A.D. 2026-Apr-08 08:49:27.0000,69.185629,-142776206.9484379,-43882941.19857779,-19043178.00569233,9.185908857811313,-25.49188386500103,-11.03899422714537,2026-04-08T08:48:17.814350
2461138.868368056, A.D. 2026-Apr-08 08:50:27.0000,69.185629,-142775655.7817561,-43884470.70345299,-19043840.34107896,9.18632091024142,-25.49163151548233,-11.03886045458926,2026-04-08T08:49:17.814427
2461138.8690625, A.D. 2026-Apr-08 08:51:27.0000,69.185629,-142775104.5903526,-43886000.19318251,-19044502.66843698,9.18673295341741,-25.49137911030182,-11.03872665039362,2026-04-08T08:50:17.814383
2461138.869756944, A.D. 2026-Apr-08 08:52:27.0000,69.185629,-142774553.3742246,-43887529.66777213,-19045164.98776843,9.187144987369642,-25.49112664944728,-11.03859281454608,2026-04-08T08:51:17.814339
2461138.870451389, A.D. 2026-Apr-08 08:53:27.0000,69.185629,-142774002.133376,-43889059.1272094,-19045827.29906747,9.187557012123602,-25.490874132908,-11.03845894703496,2026-04-08T08:52:17.814376
2461138.871145833, A.D. 2026-Apr-08 08:54:27.0000,69.185629,-142773450.867805,-43890588.57149705,-19046489.60233483,9.187969027708906,-25.49062156067098,-11.03832504784915,2026-04-08T08:53:17.814332
2461138.871840278, A.D. 2026-Apr-08 08:55:27.0000,69.185629,-142772899.5775134,-43892118.0006287,-19047151.89756728,9.188381034152592,-25.49036893272593,-11.03819111697594,2026-04-08T08:54:17.814409
2461138.872534722, A.D. 2026-Apr-08 08:56:27.0000,69.185629,-142772348.2625017,-43893647.414601,-19047814.18476294,9.188793031482689,-25.49011624906005,-11.03805715440526,2026-04-08T08:55:17.814365
2461138.873229166, A.D. 2026-Apr-08 08:57:27.0000,69.185629,-142771796.9227704,-43895176.81341062,-19048476.46391989,9.1892050197293,-25.48986350965761,-11.03792316012181,2026-04-08T08:56:17.814321
2461138.873923611, A.D. 2026-Apr-08 08:58:27.0000,69.185629,-142771245.5583191,-43896706.19705725,-19049138.73503756,9.18961699891596,-25.48961071451475,-11.03778913411849,2026-04-08T08:57:17.814358
2461138.874618056, A.D. 2026-Apr-08 08:59:27.0000,69.185629,-142770694.1691504,-43898235.56553147,-19049800.9981114,9.19002896906814,-25.48935786362093,-11.03765507638411,2026-04-08T08:58:17.814435
2461138.8753125, A.D. 2026-Apr-08 09:00:27.0000,69.185629,-142770142.7552626,-43899764.918836,-19050463.25314214,9.190440930222456,-25.48910495695208,-11.03752098690131,2026-04-08T08:59:17.814391
2461138.876006945, A.D. 2026-Apr-08 09:01:27.0000,69.185629,-142769591.3166563,-43901294.2569675,-19051125.50012788,9.190852882426762,-25.48885199446583,-11.03738686564471,2026-04-08T09:00:17.814428
2461138.876701389, A.D. 2026-Apr-08 09:02:27.0000,69.185629,-142769039.8533343,-43902823.57991655,-19051787.73906408,9.191264825659076,-25.48859897622329,-11.03725271263496,2026-04-08T09:01:17.814384
2461138.877395833, A.D. 2026-Apr-08 09:03:27.0000,69.185629,-142768488.3652949,-43904352.88768587,-19052449.96995147,9.191676759929603,-25.48834590224032,-11.03711852787389,2026-04-08T09:02:17.814340
2461138.878090278, A.D. 2026-Apr-08 09:04:27.0000,69.185629,-142767936.8525397,-43905882.18026909,-19053112.19278681,9.192088685344386,-25.48809277238426,-11.03698431129436,2026-04-08T09:03:17.814377
2461138.878784722, A.D. 2026-Apr-08 09:05:27.0000,69.185629,-142767385.3150692,-43907411.45766284,-19053774.40756821,9.192500602056265,-25.48783958645548,-11.03685006279935,2026-04-08T09:04:17.814373
2461138.879479167, A.D. 2026-Apr-08 09:06:27.0000,69.185629,-142766833.7528829,-43908940.7198668,-19054436.61429507,9.192912509946185,-25.48758634466266,-11.03671578247654,2026-04-08T09:05:17.814410
2461138.880173611, A.D. 2026-Apr-08 09:07:27.0000,69.185629,-142766282.1659835,-43910469.96687155,-19055098.81296283,9.193324408828813,-25.48733304731228,-11.03658147046076,2026-04-08T09:06:17.814366
2461138.880868055, A.D. 2026-Apr-08 09:08:27.0000,69.185629,-142765730.5543694,-43911999.19867984,-19055761.00357225,9.193736298761603,-25.48707969434875,-11.03644712671898,2026-04-08T09:07:17.814322
2461138.8815625, A.D. 2026-Apr-08 09:09:27.0000,69.185629,-142765178.918041,-43913528.41528832,-19056423.1861214,9.194148180024214,-25.48682628537929,-11.03631275106675,2026-04-08T09:08:17.814359
2461138.882256945, A.D. 2026-Apr-08 09:10:27.0000,69.185629,-142764627.2570012,-43915057.61668754,-19057085.36060575,9.194560052693419,-25.48657282031305,-11.03617834345676,2026-04-08T09:09:17.814436
2461138.882951389, A.D. 2026-Apr-08 09:11:27.0000,69.185629,-142764075.5712481,-43916586.80288022,-19057747.52702599,9.194971916675431,-25.48631929932416,-11.03604390396088,2026-04-08T09:10:17.814392
2461138.883645833, A.D. 2026-Apr-08 09:12:27.0000,69.185629,-142763523.8607835,-43918115.97385997,-19058409.68537892,9.195383771934313,-25.4860657224942,-11.03590943260999,2026-04-08T09:11:17.814348
2461138.884340278, A.D. 2026-Apr-08 09:13:27.0000,69.185629,-142762972.1256078,-43919645.12962344,-19059071.83566261,9.19579561854232,-25.48581208974013,-11.03577492936126,2026-04-08T09:12:17.814385
2461138.885034722, A.D. 2026-Apr-08 09:14:27.0000,69.185629,-142762420.3657216,-43921174.27016728,-19059733.97787515,9.196207456550251,-25.48555840101679,-11.03564039418636,2026-04-08T09:13:17.814341
2461138.885729167, A.D. 2026-Apr-08 09:15:27.0000,69.185629,-142761868.5811243,-43922703.39549116,-19060396.11201594,9.196619285969069,-25.48530465633367,-11.03550582708412,2026-04-08T09:14:17.814418
2461138.886423611, A.D. 2026-Apr-08 09:16:27.0000,69.185629,-142761316.7718185,-43924232.50558564,-19061058.23808043,9.197031106817306,-25.48505085569006,-11.03537122804737,2026-04-08T09:15:17.814374
2461138.887118055, A.D. 2026-Apr-08 09:17:27.0000,69.185629,-142760764.9378028,-43925761.60045344,-19061720.35606935,9.197442919127907,-25.48479699906749,-11.035236597061,2026-04-08T09:16:17.814330
2461138.8878125, A.D. 2026-Apr-08 09:18:27.0000,69.185629,-142760213.0790774,-43927290.68009122,-19062382.46598076,9.19785472292963,-25.4845430864473,-11.03510193411083,2026-04-08T09:17:17.814367
2461138.888506944, A.D. 2026-Apr-08 09:19:27.0000,69.185629,-142759661.1956452,-43928819.74448954,-19063044.56781013,9.198266518246948,-25.48428911782156,-11.0349672391869,2026-04-08T09:18:17.814323
2461138.889201389, A.D. 2026-Apr-08 09:20:27.0000,69.185629,-142759109.2875044,-43930348.79365108,-19063706.66155815,9.198678305107471,-25.48403509317592,-11.0348325122763,2026-04-08T09:19:17.814400
2461138.889895834, A.D. 2026-Apr-08 09:21:27.0000,69.185629,-142758557.3546567,-43931877.82756948,-19064368.74722161,9.199090083537602,-25.48378101249808,-11.03469775336665,2026-04-08T09:20:17.814437
2461138.890590278, A.D. 2026-Apr-08 09:22:27.0000,69.185629,-142758005.3971025,-43933406.84624136,-19065030.82479857,9.199501853564158,-25.48352687577467,-11.0345629624455,2026-04-08T09:21:17.814393
2461138.891284722, A.D. 2026-Apr-08 09:23:27.0000,69.185629,-142757453.4148413,-43934935.8496664,-19065692.89428844,9.199913615214363,-25.48327268299159,-11.03442813950027,2026-04-08T09:22:17.814349
2461138.891979167, A.D. 2026-Apr-08 09:24:27.0000,69.185629,-142756901.4078746,-43936464.8378382,-19066354.95568797,9.200325368514727,-25.48301843413669,-11.03429328451934,2026-04-08T09:23:17.814386
2461138.892673611, A.D. 2026-Apr-08 09:25:27.0000,69.185629,-142756349.3762041,-43937993.81075034,-19067017.00899393,9.200737113490716,-25.48276412919781,-11.03415839749011,2026-04-08T09:24:17.814382
2461138.893368056, A.D. 2026-Apr-08 09:26:27.0000,69.185629,-142755797.319827,-43939522.7684086,-19067679.05420834,9.201148850171354,-25.48250976815954,-11.0340234783997,2026-04-08T09:25:17.814419
2461138.8940625, A.D. 2026-Apr-08 09:27:27.0000,69.185629,-142755245.238747,-43941051.71080048,-19068341.09132534,9.20156057858102,-25.48225535100996,-11.03388852723597,2026-04-08T09:26:17.814375
2461138.894756944, A.D. 2026-Apr-08 09:28:27.0000,69.185629,-142754693.1329625,-43942580.63792869,-19069003.12034561,9.201972298747755,-25.48200087773465,-11.0337535439866,2026-04-08T09:27:17.814331
2461138.895451389, A.D. 2026-Apr-08 09:29:27.0000,69.185629,-142754141.002475,-43944109.54978681,-19069665.14126593,9.202384010697342,-25.48174634832105,-11.03361852863886,2026-04-08T09:28:17.814368
2461138.896145833, A.D. 2026-Apr-08 09:30:27.0000,69.185629,-142753588.8472851,-43945638.4463715,-19070327.15408437,9.202795714455943,-25.48149176275544,-11.03348348118017,2026-04-08T09:29:17.814364
2461138.896840278, A.D. 2026-Apr-08 09:31:27.0000,69.185629,-142753036.6673931,-43947167.32767937,-19070989.158799,9.203207410050455,-25.48123712102485,-11.03334840159843,2026-04-08T09:30:17.814401
2461138.897534722, A.D. 2026-Apr-08 09:32:27.0000,69.185629,-142752484.4627986,-43948696.1937101,-19071651.15540921,9.203619097507875,-25.48098242311471,-11.03321328988073,2026-04-08T09:31:17.814357
2461138.898229167, A.D. 2026-Apr-08 09:33:27.0000,69.185629,-142751932.2335031,-43950225.04445727,-19072313.14391176,9.204030776853594,-25.48072766901237,-11.03307814601449,2026-04-08T09:32:17.814394
2461138.898923611, A.D. 2026-Apr-08 09:34:27.0000,69.185629,-142751379.9795071,-43951753.87991751,-19072975.12430471,9.204442448114103,-25.48047285870399,-11.03294296998701,2026-04-08T09:33:17.814350
2461138.899618056, A.D. 2026-Apr-08 09:35:27.0000,69.185629,-142750827.7008111,-43953282.70008746,-19073637.09658614,9.204854111315854,-25.48021799217558,-11.03280776178612,2026-04-08T09:34:17.814427
2461138.9003125, A.D. 2026-Apr-08 09:36:27.0000,69.185629,-142750275.3974145,-43954811.50496677,-19074299.06075543,9.205265766485475,-25.47996306941307,-11.03267252139877,2026-04-08T09:35:17.814383
2461138.901006944, A.D. 2026-Apr-08 09:37:27.0000,69.185629,-142749723.0693198,-43956340.294546,-19074961.01680802,9.205677413647761,-25.4797080904036,-11.03253724881252,2026-04-08T09:36:17.814339
2461138.901701389, A.D. 2026-Apr-08 09:38:27.0000,69.185629,-142749170.7165256,-43957869.06882784,-19075622.9647446,9.206089052830643,-25.47945305513225,-11.03240194401461,2026-04-08T09:37:17.814376
2461138.902395833, A.D. 2026-Apr-08 09:39:27.0000,69.185629,-142748618.3390321,-43959397.82780892,-19076284.90456325,9.206500684060044,-25.47919796358645,-11.03226660699164,2026-04-08T09:38:17.814332
2461138.903090278, A.D. 2026-Apr-08 09:40:27.0000,69.185629,-142748065.936842,-43960926.57147978,-19076946.83625939,9.206912307360398,-25.478942815752,-11.03213123773222,2026-04-08T09:39:17.814409
2461138.903784722, A.D. 2026-Apr-08 09:41:27.0000,69.185629,-142747513.5099537,-43962455.29984313,-19077608.75983374,9.207323922759546,-25.47868761161409,-11.03199583622228,2026-04-08T09:40:17.814365
2461138.904479166, A.D. 2026-Apr-08 09:42:27.0000,69.185629,-142746961.0583688,-43963984.01289254,-19078270.67528302,9.207735530282427,-25.47843235115962,-11.03186040244976,2026-04-08T09:41:17.814321
2461138.905173611, A.D. 2026-Apr-08 09:43:27.0000,69.185629,-142746408.5820876,-43965512.71062465,-19078932.58260532,9.208147129955254,-25.47817703437381,-11.03172493640172,2026-04-08T09:42:17.814358
2461138.905868056, A.D. 2026-Apr-08 09:44:27.0000,69.185629,-142745856.0811107,-43967041.39303607,-19079594.48179869,9.20855872180378,-25.47792166124348,-11.03158943806556,2026-04-08T09:43:17.814435
2461138.9065625, A.D. 2026-Apr-08 09:45:27.0000,69.185629,-142745303.5554374,-43968570.06012644,-19080256.3728625,9.20897030585489,-25.47766623175329,-11.0314539074274,2026-04-08T09:44:17.814391
2461138.907256945, A.D. 2026-Apr-08 09:46:27.0000,69.185629,-142744751.0050694,-43970098.71188936,-19080918.25579351,9.209381882133448,-25.47741074588982,-11.03131834447567,2026-04-08T09:45:17.814428
2461138.907951389, A.D. 2026-Apr-08 09:47:27.0000,69.185629,-142744198.430007,-43971627.34832145,-19081580.13058978,9.209793450665297,-25.4771552036385,-11.03118274919655,2026-04-08T09:46:17.814384
2461138.908645833, A.D. 2026-Apr-08 09:48:27.0000,69.185629,-142743645.8302496,-43973155.96942236,-19082241.99725068,9.210205011477118,-25.4768996049857,-11.03104712157774,2026-04-08T09:47:17.814340
2461138.909340278, A.D. 2026-Apr-08 09:49:27.0000,69.185629,-142743093.2057999,-43974684.57518261,-19082903.85577163,9.210616564592804,-25.47664394991664,-11.03091146160597,2026-04-08T09:48:17.814377
2461138.910034722, A.D. 2026-Apr-08 09:50:27.0000,69.185629,-142742540.5566562,-43976213.16560491,-19083565.70615334,9.211028110040306,-25.47638823841669,-11.03077576926772,2026-04-08T09:49:17.814373
2461138.910729167, A.D. 2026-Apr-08 09:51:27.0000,69.185629,-142741987.88282,-43977741.74068284,-19084227.54839254,9.211439647843532,-25.47613247047219,-11.03064004455129,2026-04-08T09:50:17.814410
2461138.911423611, A.D. 2026-Apr-08 09:52:27.0000,69.185629,-142741435.1842917,-43979270.300413,-19084889.38248729,9.21185117802864,-25.47587664606841,-11.03050428744242,2026-04-08T09:51:17.814366
2461138.912118055, A.D. 2026-Apr-08 09:53:27.0000,69.185629,-142740882.4610707,-43980798.84479503,-19085551.20843695,9.212262700622198,-25.47562076518982,-11.0303684979289,2026-04-08T09:52:17.814322
2461138.9128125, A.D. 2026-Apr-08 09:54:27.0000,69.185629,-142740329.7131587,-43982327.37382254,-19086213.02623828,9.21267421564877,-25.47536482782352,-11.03023267599696,2026-04-08T09:53:17.814359
2461138.913506945, A.D. 2026-Apr-08 09:55:27.0000,69.185629,-142739776.940556,-43983855.88749211,-19086874.83588932,9.213085723133798,-25.47510883395355,-11.03009682163415,2026-04-08T09:54:17.814436
2461138.914201389, A.D. 2026-Apr-08 09:56:27.0000,69.185629,-142739224.1432631,-43985384.38580035,-19087536.63738812,9.213497223102662,-25.4748527835662,-11.0299609348269,2026-04-08T09:55:17.814392
2461138.914895833, A.D. 2026-Apr-08 09:57:27.0000,69.185629,-142738671.3212793,-43986912.86874693,-19088198.43073407,9.213908715581852,-25.47459667664611,-11.02982501556178,2026-04-08T09:56:17.814348
2461138.915590278, A.D. 2026-Apr-08 09:58:27.0000,69.185629,-142738118.4746073,-43988441.33632236,-19088860.21592257,9.214320200594937,-25.4743405131793,-11.0296890638268,2026-04-08T09:57:17.814385
2461138.916284722, A.D. 2026-Apr-08 09:59:27.0000,69.185629,-142737565.6032453,-43989969.78852932,-19089521.99295431,9.21473167816929,-25.47408429315023,-11.02955307960772,2026-04-08T09:58:17.814341
2461138.916979167, A.D. 2026-Apr-08 10:00:27.0000,69.185629,-142737012.7071938,-43991498.22536443,-19090183.76182734,9.2151431483298,-25.47382801654442,-11.02941706289129,2026-04-08T09:59:17.814418
2461138.917673611, A.D. 2026-Apr-08 10:01:27.0000,69.185629,-142736459.7864555,-43993026.64681821,-19090845.52253707,9.215554611100337,-25.47357168334747,-11.02928101366526,2026-04-08T10:00:17.814374
2461138.918368055, A.D. 2026-Apr-08 10:02:27.0000,69.185629,-142735906.8410284,-43994555.05289336,-19091507.2750842,9.215966066507704,-25.4733152935433,-11.02914493191522,2026-04-08T10:01:17.814330
2461138.9190625, A.D. 2026-Apr-08 10:03:27.0000,69.185629,-142735353.8709143,-43996083.4435834,-19092169.01946545,9.21637751457639,-25.47305884711778,-11.0290088176286,2026-04-08T10:02:17.814367
2461138.919756944, A.D. 2026-Apr-08 10:04:27.0000,69.185629,-142734800.8761136,-43997611.81888498,-19092830.75567887,9.216788955331566,-25.4728023440562,-11.02887267079188,2026-04-08T10:03:17.814323
2461138.920451389, A.D. 2026-Apr-08 10:05:27.0000,69.185629,-142734247.8566266,-43999140.17879468,-19093492.48372251,9.217200388798423,-25.47254578434245,-11.02873649139186,2026-04-08T10:04:17.814400
2461138.921145834, A.D. 2026-Apr-08 10:06:27.0000,69.185629,-142733694.8124527,-44000668.52331214,-19094154.20359572,9.217611815002776,-25.47228916796187,-11.02860027941512,2026-04-08T10:05:17.814437
2461138.921840278, A.D. 2026-Apr-08 10:07:27.0000,69.185629,-142733141.7435935,-44002196.85243092,-19094815.91529524,9.218023233968948,-25.4720324949007,-11.02846403484794,2026-04-08T10:06:17.814393
2461138.922534722, A.D. 2026-Apr-08 10:08:27.0000,69.185629,-142732588.6500494,-44003725.16614761,-19095477.6188191,9.218434645721944,-25.47177576514227,-11.02832775767755,2026-04-08T10:07:17.814349
2461138.923229167, A.D. 2026-Apr-08 10:09:27.0000,69.185629,-142732035.5318208,-44005253.46445884,-19096139.31416537,9.218846050286793,-25.47151897867112,-11.02819144789006,2026-04-08T10:08:17.814386
2461138.923923611, A.D. 2026-Apr-08 10:10:27.0000,69.185629,-142731482.388907,-44006781.7473642,-19096801.00133338,9.219257447689511,-25.47126213547231,-11.02805510547202,2026-04-08T10:09:17.814382
2461138.924618056, A.D. 2026-Apr-08 10:11:27.0000,69.185629,-142730929.2213097,-44008310.01485728,-19097462.68031988,9.219668837953707,-25.47100523553053,-11.02791873041019,2026-04-08T10:10:17.814419
2461138.9253125, A.D. 2026-Apr-08 10:12:27.0000,69.185629,-142730376.0290291,-44009838.26693466,-19098124.35112289,9.220080221104745,-25.47074827883128,-11.02778232269088,2026-04-08T10:11:17.814375
2461138.926006944, A.D. 2026-Apr-08 10:13:27.0000,69.185629,-142729822.8120658,-44011366.50359296,-19098786.01374046,9.220491597167346,-25.47049126535842,-11.02764588230085,2026-04-08T10:12:17.814331
2461138.926701389, A.D. 2026-Apr-08 10:14:27.0000,69.185629,-142729269.570419,-44012894.72483177,-19099447.66817195,9.220902966167015,-25.47023419509626,-11.02750940922639,2026-04-08T10:13:17.814368
2461138.927395833, A.D. 2026-Apr-08 10:15:27.0000,69.185629,-142728716.3040903,-44014422.93064468,-19100109.31441407,9.221314328127688,-25.46997706802933,-11.02737290345391,2026-04-08T10:14:17.814364
2461138.928090278, A.D. 2026-Apr-08 10:16:27.0000,69.185629,-142728163.0130801,-44015951.12102826,-19100770.95246486,9.22172568307451,-25.46971988414254,-11.02723636497,2026-04-08T10:15:17.814401
2461138.928784722, A.D. 2026-Apr-08 10:17:27.0000,69.185629,-142727609.6973889,-44017479.2959791,-19101432.58232237,9.222137031034203,-25.46946264341703,-11.02709979375937,2026-04-08T10:16:17.814357
2461138.929479167, A.D. 2026-Apr-08 10:18:27.0000,69.185629,-142727056.3570169,-44019007.4554938,-19102094.20398463,9.222548372026539,-25.4692053458437,-11.02696318981154,2026-04-08T10:17:17.814394
2461138.930173611, A.D. 2026-Apr-08 10:19:27.0000,69.185629,-142726502.9919636,-44020535.59957199,-19102755.81745099,9.22295970607615,-25.46894799140913,-11.02682655311358,2026-04-08T10:18:17.814350
2461138.930868056, A.D. 2026-Apr-08 10:20:27.0000,69.185629,-142725949.6022305,-44022063.72820721,-19103417.42271816,9.223371033214281,-25.46869058008507,-11.02668988364699,2026-04-08T10:19:17.814427
2461138.9315625, A.D. 2026-Apr-08 10:21:27.0000,69.185629,-142725396.187818,-44023591.84139604,-19104079.01978419,9.223782353486117,-25.46843311182601,-11.02655318138338,2026-04-08T10:20:17.814383
2461138.932256944, A.D. 2026-Apr-08 10:22:27.0000,69.185629,-142724842.7487254,-44025119.93913811,-19104740.60864841,9.224193666868244,-25.46817558668907,-11.02641644634282,2026-04-08T10:21:17.814339
2461138.932951389, A.D. 2026-Apr-08 10:23:27.0000,69.185629,-142724289.2849542,-44026648.02142698,-19105402.18930755,9.224604973365151,-25.46791800468793,-11.02627967852552,2026-04-08T10:22:17.814376
2461138.933645833, A.D. 2026-Apr-08 10:24:27.0000,69.185629,-142723735.7965048,-44028176.08825922,-19106063.76175964,9.22501627308148,-25.46766036568486,-11.02614287786148,2026-04-08T10:23:17.814332
2461138.934340278, A.D. 2026-Apr-08 10:25:27.0000,69.185629,-142723182.2833776,-44029704.13963141,-19106725.3260027,9.225427566169348,-25.46740266947064,-11.02600604424813,2026-04-08T10:24:17.814409
2461138.935034722, A.D. 2026-Apr-08 10:26:27.0000,69.185629,-142722628.7455731,-44031232.17554012,-19107386.88203477,9.225838852503415,-25.46714491625642,-11.02586917777593,2026-04-08T10:25:17.814365
2461138.935729166, A.D. 2026-Apr-08 10:27:27.0000,69.185629,-142722075.1830905,-44032760.19598498,-19108048.42985518,9.226250131894743,-25.46688710635008,-11.02573227858014,2026-04-08T10:26:17.814321
2461138.936423611, A.D. 2026-Apr-08 10:28:27.0000,69.185629,-142721521.5959314,-44034288.20095955,-19108709.96946066,9.226661404395227,-25.46662923969352,-11.02559534662642,2026-04-08T10:27:17.814358
2461138.937118056, A.D. 2026-Apr-08 10:29:27.0000,69.185629,-142720967.9840961,-44035816.19046041,-19109371.50084923,9.227072670286075,-25.46637131588121,-11.02545838172284,2026-04-08T10:28:17.814435
2461138.9378125, A.D. 2026-Apr-08 10:30:27.0000,69.185629,-142720414.3475851,-44037344.16448413,-19110033.02401893,9.227483929643038,-25.46611333481796,-11.02532138381995,2026-04-08T10:29:17.814391
2461138.938506945, A.D. 2026-Apr-08 10:31:27.0000,69.185629,-142719860.6863976,-44038872.1230303,-19110694.53896908,9.22789518236673,-25.4658552966759,-11.02518435298998,2026-04-08T10:30:17.814428
2461138.939201389, A.D. 2026-Apr-08 10:32:27.0000,69.185629,-142719307.0005351,-44040400.0660925,-19111356.0456964,9.228306428417076,-25.46559720153615,-11.0250472892628,2026-04-08T10:31:17.814384
2461138.939895833, A.D. 2026-Apr-08 10:33:27.0000,69.185629,-142718753.2899981,-44041927.99366727,-19112017.5441989,9.228717667864473,-25.46533904931181,-11.02491019259226,2026-04-08T10:32:17.814340
2461138.940590278, A.D. 2026-Apr-08 10:34:27.0000,69.185629,-142718199.554787,-44043455.90575121,-19112679.03447462,9.229128900756649,-25.46508083995066,-11.02477306294896,2026-04-08T10:33:17.814377
2461138.941284722, A.D. 2026-Apr-08 10:35:27.0000,69.185629,-142717645.7949009,-44044983.8023439,-19113340.51652289,9.229540127101412,-25.46482257346215,-11.02463590032968,2026-04-08T10:34:17.814373
2461138.941979167, A.D. 2026-Apr-08 10:36:27.0000,69.185629,-142717092.0103426,-44046511.68343586,-19114001.9903391,9.229951346914834,-25.46456424984046,-11.02449870472565,2026-04-08T10:35:17.814410
2461138.942673611, A.D. 2026-Apr-08 10:37:27.0000,69.185629,-142716538.2011102,-44048039.54902974,-19114663.4559239,9.23036256022623,-25.46430586906249,-11.02436147611962,2026-04-08T10:36:17.814366
2461138.943368055, A.D. 2026-Apr-08 10:38:27.0000,69.185629,-142715984.3672042,-44049567.39912209,-19115324.91327532,9.230773767061867,-25.46404743110833,-11.02422421449591,2026-04-08T10:37:17.814322
2461138.9440625, A.D. 2026-Apr-08 10:39:27.0000,69.185629,-142715430.508627,-44051095.23370341,-19115986.36238873,9.231184967442575,-25.4637889359643,-11.02408691984172,2026-04-08T10:38:17.814359
2461138.944756945, A.D. 2026-Apr-08 10:40:27.0000,69.185629,-142714876.6253769,-44052623.05277635,-19116647.80326479,9.2315961613938,-25.46353038361317,-11.02394959214284,2026-04-08T10:39:17.814436
2461138.945451389, A.D. 2026-Apr-08 10:41:27.0000,69.185629,-142714322.7174553,-44054150.85633446,-19117309.2359002,9.232007348938946,-25.4632717740387,-11.02381223138484,2026-04-08T10:40:17.814392
2461138.946145833, A.D. 2026-Apr-08 10:42:27.0000,69.185629,-142713768.7848627,-44055678.64437425,-19117970.66029298,9.232418530101603,-25.4630131072244,-11.02367483755433,2026-04-08T10:41:17.814348
2461138.946840278, A.D. 2026-Apr-08 10:43:27.0000,69.185629,-142713214.8275983,-44057206.41689537,-19118632.07644244,9.232829704906523,-25.46275438315258,-11.02353741063613,2026-04-08T10:42:17.814385
2461138.947534722, A.D. 2026-Apr-08 10:44:27.0000,69.185629,-142712660.8456647,-44058734.1738883,-19119293.48434399,9.233240873375767,-25.46249560180782,-11.02339995061667,2026-04-08T10:43:17.814341
2461138.948229167, A.D. 2026-Apr-08 10:45:27.0000,69.185629,-142712106.8390602,-44060261.91535567,-19119954.88399826,9.233652035535092,-25.46223676317118,-11.02326245748097,2026-04-08T10:44:17.814418
2461138.948923611, A.D. 2026-Apr-08 10:46:27.0000,69.185629,-142711552.807786,-44061789.64129101,-19120616.27540195,9.234063191406921,-25.4619778672284,-11.02312493121552,2026-04-08T10:45:17.814374
2461138.949618055, A.D. 2026-Apr-08 10:47:27.0000,69.185629,-142710998.7518417,-44063317.35169391,-19121277.65855439,9.234474341016199,-25.46171891396024,-11.02298737180529,2026-04-08T10:46:17.814330
2461138.9503125, A.D. 2026-Apr-08 10:48:27.0000,69.185629,-142710444.6712296,-44064845.04655486,-19121939.03345096,9.234885484384806,-25.46145990335094,-11.02284977923673,2026-04-08T10:47:17.814367
2461138.951006944, A.D. 2026-Apr-08 10:49:27.0000,69.185629,-142709890.565948,-44066372.7258765,-19122600.40009229,9.235296621538042,-25.46120083538348,-11.02271215349476,2026-04-08T10:48:17.814323
2461138.951701389, A.D. 2026-Apr-08 10:50:27.0000,69.185629,-142709336.4359985,-44067900.38965233,-19123261.75847509,9.235707752498879,-25.46094171004002,-11.02257449456584,2026-04-08T10:49:17.814400
2461138.952395834, A.D. 2026-Apr-08 10:51:27.0000,69.185629,-142708782.2813801,-44069428.03788198,-19123923.10859867,9.236118877291402,-25.46068252730339,-11.02243680243422,2026-04-08T10:50:17.814437
2461138.953090278, A.D. 2026-Apr-08 10:52:27.0000,69.185629,-142708228.1020955,-44070955.6705559,-19124584.45045842,9.236529995937586,-25.46042328715764,-11.02229907708662,2026-04-08T10:51:17.814393
2461138.953784722, A.D. 2026-Apr-08 10:53:27.0000,69.185629,-142707673.898143,-44072483.28767674,-19125245.78405496,9.236941108462803,-25.46016398958529,-11.0221613185082,2026-04-08T10:52:17.814349
2461138.954479167, A.D. 2026-Apr-08 10:54:27.0000,69.185629,-142707119.6695238,-44074010.88923799,-19125907.109385,9.237352214889457,-25.45990463456797,-11.02202352668432,2026-04-08T10:53:17.814386
2461138.955173611, A.D. 2026-Apr-08 10:55:27.0000,69.185629,-142706565.4162374,-44075538.47523927,-19126568.42644785,9.237763315242145,-25.45964522208824,-11.02188570160065,2026-04-08T10:54:17.814382
2461138.955868056, A.D. 2026-Apr-08 10:56:27.0000,69.185629,-142706011.1382862,-44077066.04567105,-19127229.73523888,9.238174409542403,-25.45938575213104,-11.02174784324283,2026-04-08T10:55:17.814419
2461138.9565625, A.D. 2026-Apr-08 10:57:27.0000,69.185629,-142705456.8356685,-44078593.60053594,-19127891.03575873,9.238585497815533,-25.45912622467646,-11.02160995159648,2026-04-08T10:56:17.814375
2461138.957256944, A.D. 2026-Apr-08 10:58:27.0000,69.185629,-142704902.5083856,-44080121.13982745,-19128552.32800408,9.238996580083793,-25.45886663970875,-11.02147202664621,2026-04-08T10:57:17.814331
2461138.957951389, A.D. 2026-Apr-08 10:59:27.0000,69.185629,-142704348.1564381,-44081648.66354216,-19129213.61197294,9.239407656370526,-25.45860699720903,-11.02133406837794,2026-04-08T10:58:17.814368
2461138.958645833, A.D. 2026-Apr-08 11:00:27.0000,69.185629,-142703793.7798249,-44083176.17167962,-19129874.88766462,9.23981872669988,-25.45834729716054,-11.02119607677705,2026-04-08T10:59:17.814364
2461138.959340278, A.D. 2026-Apr-08 11:01:27.0000,69.185629,-142703239.3785478,-44084703.66423336,-19130536.15507581,9.240229791094492,-25.45808753954563,-11.02105805182871,2026-04-08T11:00:17.814401
2461138.960034722, A.D. 2026-Apr-08 11:02:27.0000,69.185629,-142702684.952607,-44086231.14119993,-19131197.41420449,9.240640849577359,-25.45782772434764,-11.02091999351881,2026-04-08T11:01:17.814357
2461138.960729167, A.D. 2026-Apr-08 11:03:27.0000,69.185629,-142702130.5020029,-44087758.60257586,-19131858.66504869,9.241051902171806,-25.45756785154742,-11.02078190183165,2026-04-08T11:02:17.814394
2461138.961423611, A.D. 2026-Apr-08 11:04:27.0000,69.185629,-142701576.0267358,-44089286.0483577,-19132519.90760638,9.241462948901141,-25.45730792112801,-11.02064377675356,2026-04-08T11:03:17.814350
2461138.962118056, A.D. 2026-Apr-08 11:05:27.0000,69.185629,-142701021.526805,-44090813.47854502,-19133181.14187689,9.24187398978914,-25.45704793307074,-11.02050561826888,2026-04-08T11:04:17.814427
2461138.9628125, A.D. 2026-Apr-08 11:06:27.0000,69.185629,-142700467.0022119,-44092340.89313134,-19133842.36785688,9.242285024858212,-25.45678788735955,-11.02036742636366,2026-04-08T11:05:17.814383
2461138.963506944, A.D. 2026-Apr-08 11:07:27.0000,69.185629,-142699912.4529569,-44093868.29211318,-19134503.58554436,9.242696054131393,-25.4565277839749,-11.02022920102268,2026-04-08T11:06:17.814339
2461138.964201389, A.D. 2026-Apr-08 11:08:27.0000,69.185629,-142699357.8790392,-44095395.67549013,-19135164.79493864,9.243107077632265,-25.45626762289947,-11.02009094223122,2026-04-08T11:07:17.814376
2461138.964895833, A.D. 2026-Apr-08 11:09:27.0000,69.185629,-142698803.2804614,-44096923.04325266,-19135825.99603506,9.24351809538263,-25.45600740411669,-11.01995264997421,2026-04-08T11:08:17.814332
2461138.965590278, A.D. 2026-Apr-08 11:10:27.0000,69.185629,-142698248.6572216,-44098450.39540337,-19136487.18883427,9.243929107407041,-25.45574712760628,-11.0198143242372,2026-04-08T11:09:17.814409
2461138.966284722, A.D. 2026-Apr-08 11:11:27.0000,69.185629,-142697694.0093212,-44099977.73193576,-19137148.37333293,9.244340113727496,-25.45548679335145,-11.01967596500506,2026-04-08T11:10:17.814365
2461138.966979166, A.D. 2026-Apr-08 11:12:27.0000,69.185629,-142697139.3367596,-44101505.0528494,-19137809.54953035,9.244751114368013,-25.45522640133435,-11.0195375722627,2026-04-08T11:11:17.814321
2461138.967673611, A.D. 2026-Apr-08 11:13:27.0000,69.185629,-142696584.6395392,-44103032.35813475,-19138470.71742188,9.245162109349408,-25.45496595153631,-11.01939914599571,2026-04-08T11:12:17.814358
2461138.968368056, A.D. 2026-Apr-08 11:14:27.0000,69.185629,-142696029.9176582,-44104559.64779443,-19139131.87700815,9.245573098696614,-25.45470544393919,-11.01926068618863,2026-04-08T11:13:17.814435
2461138.9690625, A.D. 2026-Apr-08 11:15:27.0000,69.185629,-142695475.1711179,-44106086.92182192,-19139793.02828583,9.245984082431404,-25.45444487852575,-11.01912219282679,2026-04-08T11:14:17.814391
2461138.969756945, A.D. 2026-Apr-08 11:16:27.0000,69.185629,-142694920.3999178,-44107614.18021679,-19140454.17125421,9.246395060577424,-25.45418425527571,-11.01898366589467,2026-04-08T11:15:17.814428
2461138.970451389, A.D. 2026-Apr-08 11:17:27.0000,69.185629,-142694365.6040602,-44109141.4229695,-19141115.30590866,9.246806033156053,-25.45392357417299,-11.01884510537819,2026-04-08T11:16:17.814384
2461138.971145833, A.D. 2026-Apr-08 11:18:27.0000,69.185629,-142693810.7835433,-44110668.65008265,-19141776.43224979,9.247217000191396,-25.45366283519845,-11.01870651126138,2026-04-08T11:17:17.814340
2461138.971840278, A.D. 2026-Apr-08 11:19:27.0000,69.185629,-142693255.9383686,-44112195.86154973,-19142437.55027426,9.247627961705502,-25.45340203833308,-11.01856788352976,2026-04-08T11:18:17.814377
2461138.972534722, A.D. 2026-Apr-08 11:20:27.0000,69.185629,-142692701.0685353,-44113723.05737029,-19143098.65998138,9.248038917721727,-25.45314118355876,-11.0184292221677,2026-04-08T11:19:17.814373
2461138.973229167, A.D. 2026-Apr-08 11:21:27.0000,69.185629,-142692146.1740459,-44115250.2375348,-19143759.7613665,9.248449868261352,-25.45288027085847,-11.01829052716063,2026-04-08T11:20:17.814410
2461138.973923611, A.D. 2026-Apr-08 11:22:27.0000,69.185629,-142691591.2548985,-44116777.40204585,-19144420.85443022,9.248860813348454,-25.45261930021163,-11.01815179849319,2026-04-08T11:21:17.814366
2461138.974618055, A.D. 2026-Apr-08 11:23:27.0000,69.185629,-142691036.3110946,-44118304.55089693,-19145081.93916922,9.249271753004859,-25.45235827160052,-11.01801303615029,2026-04-08T11:22:17.814322
2461138.9753125, A.D. 2026-Apr-08 11:24:27.0000,69.185629,-142690481.3426345,-44119831.68408456,-19145743.01558146,9.249682687253177,-25.45209718500677,-11.0178742401165,2026-04-08T11:23:17.814359
2461138.976006945, A.D. 2026-Apr-08 11:25:27.0000,69.185629,-142689926.3495173,-44121358.80160829,-19146404.08366625,9.250093616116738,-25.45183604041157,-11.01773541037649,2026-04-08T11:24:17.814436
2461138.976701389, A.D. 2026-Apr-08 11:26:27.0000,69.185629,-142689371.3317447,-44122885.90346161,-19147065.14342025,9.250504539617248,-25.4515748377958,-11.01759654691555,2026-04-08T11:25:17.814392
2461138.977395833, A.D. 2026-Apr-08 11:27:27.0000,69.185629,-142688816.2893168,-44124412.98964103,-19147726.19484143,9.25091545777714,-25.45131357714145,-11.017457649718,2026-04-08T11:26:17.814348
2461138.978090278, A.D. 2026-Apr-08 11:28:27.0000,69.185629,-142688261.222234,-44125940.06014309,-19148387.23792776,9.251326370619001,-25.45105225842945,-11.01731871876903,2026-04-08T11:27:17.814385
2461138.978784722, A.D. 2026-Apr-08 11:29:27.0000,69.185629,-142687706.1304965,-44127467.11496428,-19149048.27267724,9.251737278165068,-25.45079088164141,-11.01717975405269,2026-04-08T11:28:17.814341
2461138.979479167, A.D. 2026-Apr-08 11:30:27.0000,69.185629,-142687151.0141037,-44128994.15410416,-19149709.29908912,9.252148180438697,-25.45052944675722,-11.01704075555367,2026-04-08T11:29:17.814418
2461138.980173611, A.D. 2026-Apr-08 11:31:27.0000,69.185629,-142686595.8730568,-44130521.17755621,-19150370.31716009,9.252559077461315,-25.45026795375874,-11.0169017232571,2026-04-08T11:30:17.814374
2461138.980868055, A.D. 2026-Apr-08 11:32:27.0000,69.185629,-142686040.7073564,-44132048.18531694,-19151031.32688811,9.252969969255503,-25.45000640262703,-11.01676265714733,2026-04-08T11:31:17.814330
2461138.9815625, A.D. 2026-Apr-08 11:33:27.0000,69.185629,-142685485.5170015,-44133575.1773859,-19151692.32827247,9.25338085584432,-25.44974479334372,-11.01662355720874,2026-04-08T11:32:17.814367
2461138.982256944, A.D. 2026-Apr-08 11:34:27.0000,69.185629,-142684930.3019947,-44135102.15375352,-19152353.32130849,9.253791737248163,-25.44948312588879,-11.01648442342671,2026-04-08T11:33:17.814323
2461138.982951389, A.D. 2026-Apr-08 11:35:27.0000,69.185629,-142684375.062334,-44136629.11442238,-19153014.3059968,9.254202613491028,-25.44922140024369,-11.01634525578467,2026-04-08T11:34:17.814400
2461138.983645834, A.D. 2026-Apr-08 11:36:27.0000,69.185629,-142683819.7980209,-44138156.05938598,-19153675.28233403,9.254613484594465,-25.448959616389,-11.016206054268,2026-04-08T11:35:17.814437
2461138.984340278, A.D. 2026-Apr-08 11:37:27.0000,69.185629,-142683264.5090546,-44139682.98864383,-19154336.25031947,9.255024350583799,-25.44869777430184,-11.01606681885863,2026-04-08T11:36:17.814393
2461138.985034722, A.D. 2026-Apr-08 11:38:27.0000,69.185629,-142682709.1954376,-44141209.90218638,-19154997.20994845,9.255435211474547,-25.44843587397154,-11.015927549546,2026-04-08T11:37:17.814349
2461138.985729167, A.D. 2026-Apr-08 11:39:27.0000,69.185629,-142682153.8571681,-44142736.8000162,-19155658.16122158,9.255846067289237,-25.4481739153794,-11.01578824631389,2026-04-08T11:38:17.814386
2461138.986423611, A.D. 2026-Apr-08 11:40:27.0000,69.185629,-142681598.4942473,-44144263.68212676,-19156319.1041355,9.25625691805714,-25.44791189849447,-11.01564890914213,2026-04-08T11:39:17.814382
2461138.987118056, A.D. 2026-Apr-08 11:41:27.0000,69.185629,-142681043.1066746,-44145790.54851759,-19156980.03868949,9.256667763822023,-25.44764982326534,-11.01550953799955,2026-04-08T11:40:17.814419
2461138.9878125, A.D. 2026-Apr-08 11:42:27.0000,69.185629,-142680487.6944523,-44147317.39917914,-19157640.96487887,9.257078604554664,-25.44738768974972,-11.01537013290634,2026-04-08T11:41:17.814375
2461138.988506944, A.D. 2026-Apr-08 11:43:27.0000,69.185629,-142679932.2575787,-44148844.23411396,-19158301.88270425,9.257489440259114,-25.44712549795569,-11.01523069386014,2026-04-08T11:42:17.814331
2461138.989201389, A.D. 2026-Apr-08 11:44:27.0000,69.185629,-142679376.7960551,-44150371.05331553,-19158962.79216227,9.257900271038416,-25.44686324774166,-11.01509122078807,2026-04-08T11:43:17.814368
2461138.989895833, A.D. 2026-Apr-08 11:45:27.0000,69.185629,-142678821.3098807,-44151897.85678337,-19159623.69325219,9.258311097044617,-25.44660093888795,-11.01495171358283,2026-04-08T11:44:17.814364
2461138.990590278, A.D. 2026-Apr-08 11:46:27.0000,69.185629,-142678265.799058,-44153424.64450788,-19160284.58596935,9.258721918145897,-25.44633857160969,-11.01481217233651,2026-04-08T11:45:17.814401
2461138.991284722, A.D. 2026-Apr-08 11:47:27.0000,69.185629,-142677710.263585,-44154951.41649166,-19160945.47031434,9.259132734148382,-25.44607614621685,-11.01467259718577,2026-04-08T11:46:17.814357
2461138.991979167, A.D. 2026-Apr-08 11:48:27.0000,69.185629,-142677154.7034633,-44156478.17272818,-19161606.34628379,9.259543545102511,-25.44581366264613,-11.01453298809473,2026-04-08T11:47:17.814394
2461138.992673611, A.D. 2026-Apr-08 11:49:27.0000,69.185629,-142676599.1186931,-44158004.91321393,-19162267.21387569,9.259954351290435,-25.44555112048252,-11.0143933448636,2026-04-08T11:48:17.814350
2461138.993368056, A.D. 2026-Apr-08 11:50:27.0000,69.185629,-142676043.5092735,-44159531.63794842,-19162928.07308928,9.260365152786939,-25.44528851962228,-11.01425366744068,2026-04-08T11:49:17.814427
2461138.9940625, A.D. 2026-Apr-08 11:51:27.0000,69.185629,-142675487.875206,-44161058.34692512,-19163588.9239212,9.260775949487394,-25.44502586024111,-11.01411395589811,2026-04-08T11:50:17.814383
2461138.994756944, A.D. 2026-Apr-08 11:52:27.0000,69.185629,-142674932.2164908,-44162585.04014049,-19164249.7663694,9.261186741348293,-25.44476314241633,-11.01397421026594,2026-04-08T11:51:17.814339
2461138.995451389, A.D. 2026-Apr-08 11:53:27.0000,69.185629,-142674376.5331283,-44164111.71759105,-19164910.60043186,9.26159752843871,-25.44450036605774,-11.01383443049565,2026-04-08T11:52:17.814376
2461138.996145833, A.D. 2026-Apr-08 11:54:27.0000,69.185629,-142673820.8251188,-44165638.37927329,-19165571.42610649,9.262008310804363,-25.44423753110819,-11.01369461655376,2026-04-08T11:53:17.814332
2461138.996840278, A.D. 2026-Apr-08 11:55:27.0000,69.185629,-142673265.0924613,-44167165.0251867,-19166232.24339259,9.262419088450637,-25.44397463757341,-11.01355476843648,2026-04-08T11:54:17.814409
2461138.997534722, A.D. 2026-Apr-08 11:56:27.0000,69.185629,-142672709.3351573,-44168691.65532475,-19166893.05228677,9.262829861391227,-25.44371168544414,-11.01341488613285,2026-04-08T11:55:17.814365
2461138.998229166, A.D. 2026-Apr-08 11:57:27.0000,69.185629,-142672153.553207,-44170218.26968391,-19167553.852787,9.263240629651806,-25.44344867469452,-11.01327496962418,2026-04-08T11:56:17.814321
2461138.998923611, A.D. 2026-Apr-08 11:58:27.0000,69.185629,-142671597.7466098,-44171744.86826371,-19168214.64489252,9.263651393257351,-25.4431856053006,-11.01313501889204,2026-04-08T11:57:17.814358
2461138.999618056, A.D. 2026-Apr-08 11:59:27.0000,69.185629,-142671041.9153679,-44173271.45105455,-19168875.42859866,9.264062152226161,-25.44292247724533,-11.01299503392311,2026-04-08T11:58:17.814435
2461139.0003125, A.D. 2026-Apr-08 12:00:27.0000,69.185629,-142670486.0594796,-44174798.01805899,-19169536.20390599,9.264472906581242,-25.4426592905079,-11.01285501469993,2026-04-08T11:59:17.814391
2461139.001006945, A.D. 2026-Apr-08 12:01:27.0000,69.185629,-142669930.1789461,-44176324.56927047,-19170196.97081114,9.264883656343102,-25.44239604506854,-11.01271496120698,2026-04-08T12:00:17.814428
2461139.001701389, A.D. 2026-Apr-08 12:02:27.0000,69.185629,-142669374.2737667,-44177851.1046885,-19170857.72931336,9.265294401534849,-25.4421327409057,-11.012574873428,2026-04-08T12:01:17.814384
2461139.002395833, A.D. 2026-Apr-08 12:03:27.0000,69.185629,-142668818.3439428,-44179377.62430651,-19171518.4794093,9.265705142176444,-25.44186937800144,-11.0124347513473,2026-04-08T12:02:17.814340
2461139.003090278, A.D. 2026-Apr-08 12:04:27.0000,69.185629,-142668262.3894756,-44180904.12811797,-19172179.22109557,9.266115878288755,-25.44160595633334,-11.01229459494827,2026-04-08T12:03:17.814377
2461139.003784722, A.D. 2026-Apr-08 12:05:27.0000,69.185629,-142667706.4103622,-44182430.61612844,-19172839.95437405,9.266526609895635,-25.44134247588151,-11.01215440421449,2026-04-08T12:04:17.814373
2461139.004479167, A.D. 2026-Apr-08 12:06:27.0000,69.185629,-142667150.4066062,-44183957.08832528,-19173500.67923875,9.266937337016165,-25.44107893662592,-11.01201417913027,2026-04-08T12:05:17.814410
2461139.005173611, A.D. 2026-Apr-08 12:07:27.0000,69.185629,-142666594.3782055,-44185483.54471105,-19174161.39569023,9.26734805967316,-25.44081533854509,-11.01187391967894,2026-04-08T12:06:17.814366
2461139.005868055, A.D. 2026-Apr-08 12:08:27.0000,69.185629,-142666038.3251628,-44187009.98527613,-19174822.1037238,9.267758777886492,-25.4405516816195,-11.01173362584509,2026-04-08T12:07:17.814322
2461139.0065625, A.D. 2026-Apr-08 12:09:27.0000,69.185629,-142665482.2474749,-44188536.4100261,-19175482.80334133,9.26816949167973,-25.44028796582773,-11.01159329761136,2026-04-08T12:08:17.814359
2461139.007256945, A.D. 2026-Apr-08 12:10:27.0000,69.185629,-142664926.1451454,-44190062.81894832,-19176143.49453683,9.268580201072021,-25.44002419115061,-11.011452934962,2026-04-08T12:09:17.814436
2461139.007951389, A.D. 2026-Apr-08 12:11:27.0000,69.185629,-142664370.0181724,-44191589.21204535,-19176804.17731085,9.268990906086193,-25.439760357565,-11.01131253788085,2026-04-08T12:10:17.814392
2461139.008645833, A.D. 2026-Apr-08 12:12:27.0000,69.185629,-142663813.8665583,-44193115.58930755,-19177464.85165871,9.26940160674163,-25.43949646505273,-11.01117210635143,2026-04-08T12:11:17.814348
2461139.009340278, A.D. 2026-Apr-08 12:13:27.0000,69.185629,-142663257.6903012,-44194641.95073748,-19178125.51758095,9.26981230306133,-25.43923251359177,-11.01103164035668,2026-04-08T12:12:17.814385
2461139.010034722, A.D. 2026-Apr-08 12:14:27.0000,69.185629,-142662701.4894014,-44196168.29633158,-19178786.17507551,9.270222995066685,-25.43896850316101,-11.01089113988098,2026-04-08T12:13:17.814341
2461139.010729167, A.D. 2026-Apr-08 12:15:27.0000,69.185629,-142662145.2638612,-44197694.62608027,-19179446.82413771,9.270633682776841,-25.43870443374031,-11.01075060490817,2026-04-08T12:14:17.814418
2461139.011423611, A.D. 2026-Apr-08 12:16:27.0000,69.185629,-142661589.0136789,-44199220.93998605,-19180107.46476807,9.27104436621485,-25.43844030530706,-11.01061003542091,2026-04-08T12:15:17.814374
2461139.012118055, A.D. 2026-Apr-08 12:17:27.0000,69.185629,-142661032.7388557,-44200747.23804237,-19180768.09696325,9.271455045401138,-25.43817611784373,-11.0104694314031,2026-04-08T12:16:17.814330
2461139.0128125, A.D. 2026-Apr-08 12:18:27.0000,69.185629,-142660476.4393919,-44202273.52024566,-19181428.72072114,9.271865720356287,-25.43791187132596,-11.01032879283877,2026-04-08T12:17:17.814367
2461139.013506944, A.D. 2026-Apr-08 12:19:27.0000,69.185629,-142659920.1152866,-44203799.78659543,-19182089.336041,9.272276391102679,-25.43764756573451,-11.01018811971035,2026-04-08T12:18:17.814323
2461139.014201389, A.D. 2026-Apr-08 12:20:27.0000,69.185629,-142659363.7665412,-44205326.0370851,-19182749.94291943,9.272687057660141,-25.43738320104721,-11.01004741200184,2026-04-08T12:19:17.814400
2461139.014895834, A.D. 2026-Apr-08 12:21:27.0000,69.185629,-142658807.3931558,-44206852.27171112,-19183410.54135437,9.273097720050135,-25.43711877724403,-11.00990666969725,2026-04-08T12:20:17.814437
2461139.015590278, A.D. 2026-Apr-08 12:22:27.0000,69.185629,-142658250.995131,-44208378.49046993,-19184071.13134374,9.273508378293407,-25.43685429430287,-11.00976589277904,2026-04-08T12:21:17.814393
2461139.016284722, A.D. 2026-Apr-08 12:23:27.0000,69.185629,-142657694.5724656,-44209904.69336104,-19184731.71288676,9.273919032411731,-25.43658975220347,-11.00962508123085,2026-04-08T12:22:17.814349
2461139.016979167, A.D. 2026-Apr-08 12:24:27.0000,69.185629,-142657138.1251622,-44211430.88037482,-19185392.28597874,9.274329682424296,-25.43632515092401,-11.00948423503637,2026-04-08T12:23:17.814386
2461139.017673611, A.D. 2026-Apr-08 12:25:27.0000,69.185629,-142656581.6532189,-44212957.05151378,-19186052.85062023,9.274740328353994,-25.43606049044286,-11.00934335417898,2026-04-08T12:24:17.814382
2461139.018368056, A.D. 2026-Apr-08 12:26:27.0000,69.185629,-142656025.1566369,-44214483.20677134,-19186713.40680782,9.27515097022061,-25.4357957707389,-11.00920243864098,2026-04-08T12:25:17.814419
2461139.0190625, A.D. 2026-Apr-08 12:27:27.0000,69.185629,-142655468.6354155,-44216009.34614697,-19187373.95454076,9.275561608045924,-25.4355309917914,-11.00906148840688,2026-04-08T12:26:17.814375
2461139.019756944, A.D. 2026-Apr-08 12:28:27.0000,69.185629,-142654912.0895559,-44217535.4696341,-19188034.49381565,9.27597224184996,-25.43526615357703,-11.00892050345933,2026-04-08T12:27:17.814331
2461139.020451389, A.D. 2026-Apr-08 12:29:27.0000,69.185629,-142654355.5190583,-44219061.57722916,-19188695.02463039,9.2763828716535,-25.43500125607691,-11.00877948378177,2026-04-08T12:28:17.814368
2461139.021145833, A.D. 2026-Apr-08 12:30:27.0000,69.185629,-142653798.9239232,-44220587.6689286,-19189355.54698292,9.276793497477328,-25.4347362992676,-11.00863842935719,2026-04-08T12:29:17.814364
2461139.021840278, A.D. 2026-Apr-08 12:31:27.0000,69.185629,-142653242.3041506,-44222113.74472885,-19190016.06087115,9.277204119342409,-25.43447128312871,-11.00849734016882,2026-04-08T12:30:17.814401
2461139.022534722, A.D. 2026-Apr-08 12:32:27.0000,69.185629,-142652685.6597397,-44223639.80462939,-19190676.56629429,9.277614737270072,-25.43420620763754,-11.00835621620039,2026-04-08T12:31:17.814357
2461139.023229167, A.D. 2026-Apr-08 12:33:27.0000,69.185629,-142652128.9906918,-44225165.84862363,-19191337.06324895,9.278025351280146,-25.43394107277283,-11.00821505743368,2026-04-08T12:32:17.814394
2461139.023923611, A.D. 2026-Apr-08 12:34:27.0000,69.185629,-142651572.2970073,-44226691.87670799,-19191997.55173304,9.278435961393535,-25.43367587851372,-11.00807386385343,2026-04-08T12:33:17.814350
2461139.024618056, A.D. 2026-Apr-08 12:35:27.0000,69.185629,-142651015.5786863,-44228217.88887891,-19192658.03174448,9.278846567630875,-25.43341062483725,-11.00793263544168,2026-04-08T12:34:17.814427
2461139.0253125, A.D. 2026-Apr-08 12:36:27.0000,69.185629,-142650458.8357279,-44229743.88513587,-19193318.50328248,9.279257170013393,-25.43314531172206,-11.00779137218171,2026-04-08T12:35:17.814383
2461139.026006944, A.D. 2026-Apr-08 12:37:27.0000,69.185629,-142649902.0681335,-44231269.86547226,-19193978.96634365,9.279667768561062,-25.43287993914577,-11.00765007405629,2026-04-08T12:36:17.814339
2461139.026701389, A.D. 2026-Apr-08 12:38:27.0000,69.185629,-142649345.2759033,-44232795.82988453,-19194639.42092588,9.280078363294786,-25.43261450708781,-11.00750874104936,2026-04-08T12:37:17.814376
2461139.027395833, A.D. 2026-Apr-08 12:39:27.0000,69.185629,-142648788.4590375,-44234321.77836908,-19195299.86702708,9.280488954234634,-25.43234901552518,-11.00736737314303,2026-04-08T12:38:17.814332
2461139.028090278, A.D. 2026-Apr-08 12:40:27.0000,69.185629,-142648231.6175353,-44235847.7109254,-19195960.30464648,9.280899541402263,-25.4320834644362,-11.00722597032022,2026-04-08T12:39:17.814409
2461139.028784722, A.D. 2026-Apr-08 12:41:27.0000,69.185629,-142647674.7513979,-44237373.62754687,-19196620.73378066,9.281310124817255,-25.43181785379888,-11.00708453256417,2026-04-08T12:40:17.814365
2461139.029479166, A.D. 2026-Apr-08 12:42:27.0000,69.185629,-142647117.8606257,-44238899.52822991,-19197281.15442754,9.28172070450009,-25.43155218359148,-11.00694305985835,2026-04-08T12:41:17.814321
2461139.030173611, A.D. 2026-Apr-08 12:43:27.0000,69.185629,-142646560.9452189,-44240425.41297096,-19197941.566585,9.282131280471425,-25.43128645379218,-11.00680155218471,2026-04-08T12:42:17.814358
2461139.030868056, A.D. 2026-Apr-08 12:44:27.0000,69.185629,-142646004.0051765,-44241951.28176948,-19198601.97025227,9.28254185275233,-25.43102066437666,-11.00666000952616,2026-04-08T12:43:17.814435
2461139.0315625, A.D. 2026-Apr-08 12:45:27.0000,69.185629,-142645447.0404998,-44243477.13461883,-19199262.36542593,9.282952421362323,-25.43075481532458,-11.0065184318662,2026-04-08T12:44:17.814391
2461139.032256945, A.D. 2026-Apr-08 12:46:27.0000,69.185629,-142644890.0511892,-44245002.97151547,-19199922.75210388,9.28336298632225,-25.43048890661352,-11.00637681918738,2026-04-08T12:45:17.814428
2461139.032951389, A.D. 2026-Apr-08 12:47:27.0000,69.185629,-142644333.0372448,-44246528.79245578,-19200583.13028402,9.283773547651954,-25.43022293822111,-11.00623517147206,2026-04-08T12:46:17.814384
2461139.033645833, A.D. 2026-Apr-08 12:48:27.0000,69.185629,-142643775.9986657,-44248054.59743926,-19201243.49996557,9.28418410537312,-25.42995691012547,-11.0060934887036,2026-04-08T12:47:17.814340
2461139.034340278, A.D. 2026-Apr-08 12:49:27.0000,69.185629,-142643218.9354532,-44249580.38645925,-19201903.86114509,9.284594659504757,-25.42969082230345,-11.00595177086399,2026-04-08T12:48:17.814377
2461139.035034722, A.D. 2026-Apr-08 12:50:27.0000,69.185629,-142642661.8476076,-44251106.15951218,-19202564.21382051,9.285005210067624,-25.42942467473227,-11.00581001793736,2026-04-08T12:49:17.814373
2461139.035729167, A.D. 2026-Apr-08 12:51:27.0000,69.185629,-142642104.7351291,-44252631.91659447,-19203224.55798969,9.285415757081713,-25.42915846739114,-11.00566822990487,2026-04-08T12:50:17.814410
2461139.036423611, A.D. 2026-Apr-08 12:52:27.0000,69.185629,-142641547.5980168,-44254157.65770557,-19203884.89365184,9.285826300568177,-25.42889220025564,-11.00552640674988,2026-04-08T12:51:17.814366
2461139.037118055, A.D. 2026-Apr-08 12:53:27.0000,69.185629,-142640990.4362731,-44255683.38283581,-19204545.22080225,9.28623684054575,-25.42862587330465,-11.00538454845516,2026-04-08T12:52:17.814322
2461139.0378125, A.D. 2026-Apr-08 12:54:27.0000,69.185629,-142640433.249896,-44257209.09198768,-19205205.53944142,9.286647377035958,-25.42835948651503,-11.00524265500266,2026-04-08T12:53:17.814359
2461139.038506945, A.D. 2026-Apr-08 12:55:27.0000,69.185629,-142639876.0388858,-44258734.78515757,-19205865.84956724,9.28705791005925,-25.4280930398633,-11.00510072637538,2026-04-08T12:54:17.814436
2461139.039201389, A.D. 2026-Apr-08 12:56:27.0000,69.185629,-142639318.8032447,-44260260.46233585,-19206526.15117498,9.28746843963414,-25.42782653332803,-11.00495876255641,2026-04-08T12:55:17.814392
2461139.039895833, A.D. 2026-Apr-08 12:57:27.0000,69.185629,-142638761.5429709,-44261786.12352497,-19207186.44426514,9.287878965784882,-25.42755996688246,-11.00481676352571,2026-04-08T12:56:17.814348
2461139.040590278, A.D. 2026-Apr-08 12:58:27.0000,69.185629,-142638204.2580656,-44263311.76871832,-19207846.72883431,9.288289488525388,-25.42729334051157,-11.00467472926999,2026-04-08T12:57:17.814385
2461139.041284722, A.D. 2026-Apr-08 12:59:27.0000,69.185629,-142637646.9485291,-44264837.39791229,-19208507.00488037,9.288700007874802,-25.42702665419408,-11.00453265977213,2026-04-08T12:58:17.814341
2461139.041979167, A.D. 2026-Apr-08 13:00:27.0000,69.185629,-142637089.6143604,-44266363.0111063,-19209167.27240252,9.289110523862274,-25.42675990789498,-11.00439055500898,2026-04-08T12:59:17.814418
2461139.042673611, A.D. 2026-Apr-08 13:01:27.0000,69.185629,-142636532.2555619,-44267888.60829072,-19209827.53139601,9.28952103652688,-25.42649310155885,-11.00424841494853,2026-04-08T13:00:17.814374
2461139.043368055, A.D. 2026-Apr-08 13:02:27.0000,69.185629,-142635974.8721318,-44269414.189468,-19210487.78186135,9.289931545840298,-25.42622623524014,-11.00410623960799,2026-04-08T13:01:17.814330
2461139.0440625, A.D. 2026-Apr-08 13:03:27.0000,69.185629,-142635417.46407,-44270939.75463452,-19211148.02379643,9.290342051802565,-25.42595930894672,-11.00396402898474,2026-04-08T13:02:17.814367
2461139.044756944, A.D. 2026-Apr-08 13:04:27.0000,69.185629,-142634860.0313791,-44272465.30378065,-19211808.2571965,9.290752554515004,-25.42569232252715,-11.00382178300181,2026-04-08T13:03:17.814323
2461139.045451389, A.D. 2026-Apr-08 13:05:27.0000,69.185629,-142634302.574057,-44273990.83690881,-19212468.48206207,9.291163054130314,-25.42542527575723,-11.00367950154813,2026-04-08T13:04:17.814400
2461139.046145834, A.D. 2026-Apr-08 13:06:27.0000,69.185629,-142633745.0921051,-44275516.35401236,-19213128.69838968,9.29157355051345,-25.42515816885109,-11.00353718471523,2026-04-08T13:05:17.814437
2461139.046840278, A.D. 2026-Apr-08 13:07:27.0000,69.185629,-142633187.5855234,-44277041.85508772,-19213788.90617723,9.291984043463769,-25.4248910021247,-11.00339483264392,2026-04-08T13:06:17.814393
2461139.047534722, A.D. 2026-Apr-08 13:08:27.0000,69.185629,-142632630.0543123,-44278567.34013128,-19214449.1054226,9.292394533030523,-25.42462377550932,-11.00325244529434,2026-04-08T13:07:17.814349
2461139.048229167, A.D. 2026-Apr-08 13:09:27.0000,69.185629,-142632072.4984709,-44280092.80914246,-19215109.29612498,9.292805019498669,-25.42435648857553,-11.00311002246099,2026-04-08T13:08:17.814386
2461139.048923611, A.D. 2026-Apr-08 13:10:27.0000,69.185629,-142631514.9180003,-44281618.26211461,-19215769.47828093,9.29321550294057,-25.42408914121743,-11.00296756408757,2026-04-08T13:09:17.814382
2461139.049618056, A.D. 2026-Apr-08 13:11:27.0000,69.185629,-142630957.3129008,-44283143.69904413,-19216429.65188831,9.293625983248043,-25.42382173360951,-11.00282507024869,2026-04-08T13:10:17.814419
2461139.0503125, A.D. 2026-Apr-08 13:12:27.0000,69.185629,-142630399.6831715,-44284669.11993042,-19217089.81694631,9.294036460376148,-25.42355426582825,-11.00268254097169,2026-04-08T13:11:17.814375
2461139.051006944, A.D. 2026-Apr-08 13:13:27.0000,69.185629,-142629842.0288148,-44286194.52476381,-19217749.97345019,9.294446934390352,-25.42328673777942,-11.00253997620566,2026-04-08T13:12:17.814331
2461139.051701389, A.D. 2026-Apr-08 13:14:27.0000,69.185629,-142629284.3498287,-44287719.91354674,-19218410.12140042,9.294857405336774,-25.42301914939909,-11.00239737591536,2026-04-08T13:13:17.814368
2461139.052395833, A.D. 2026-Apr-08 13:15:27.0000,69.185629,-142628726.6462143,-44289245.28627256,-19219070.26079357,9.29526787321637,-25.42275150069164,-11.00225474009524,2026-04-08T13:14:17.814364
2461139.053090278, A.D. 2026-Apr-08 13:16:27.0000,69.185629,-142628168.9179709,-44290770.64294068,-19219730.39162882,9.295678338043258,-25.42248379164435,-11.00211206873216,2026-04-08T13:15:17.814401
2461139.053784722, A.D. 2026-Apr-08 13:17:27.0000,69.185629,-142627611.1651008,-44292295.98354142,-19220390.51390141,9.296088799839428,-25.42221602222784,-11.0019693618057,2026-04-08T13:16:17.814357
2461139.054479167, A.D. 2026-Apr-08 13:18:27.0000,69.185629,-142627053.387602,-44293821.30807722,-19221050.62761184,9.296499258628215,-25.42194819241384,-11.00182661929537,2026-04-08T13:17:17.814394
2461139.055173611, A.D. 2026-Apr-08 13:19:27.0000,69.185629,-142626495.5854758,-44295346.61654143,-19221710.73275664,9.296909714427139,-25.4216803021816,-11.00168384118547,2026-04-08T13:18:17.814350
2461139.055868056, A.D. 2026-Apr-08 13:20:27.0000,69.185629,-142625937.7587212,-44296871.90893344,-19222370.82933502,9.297320167256444,-25.42141235150773,-11.00154102745681,2026-04-08T13:19:17.814427
2461139.0565625, A.D. 2026-Apr-08 13:21:27.0000,69.185629,-142625379.9073406,-44298397.18524356,-19223030.91734217,9.297730617134187,-25.42114434036817,-11.00139817809217,2026-04-08T13:20:17.814383
2461139.057256944, A.D. 2026-Apr-08 13:22:27.0000,69.185629,-142624822.031332,-44299922.44547424,-19223690.99677862,9.298141064081495,-25.42087626873963,-11.00125529307338,2026-04-08T13:21:17.814339
2461139.057951389, A.D. 2026-Apr-08 13:23:27.0000,69.185629,-142624264.1306967,-44301447.68961883,-19224351.0676409,9.29855150811736,-25.42060813659677,-11.00111237238168,2026-04-08T13:22:17.814376
2461139.058645833, A.D. 2026-Apr-08 13:24:27.0000,69.185629,-142623706.2054338,-44302972.91767669,-19225011.12992818,9.298961949261855,-25.42033994391675,-11.00096941599955,2026-04-08T13:23:17.814332
2461139.059340278, A.D. 2026-Apr-08 13:25:27.0000,69.185629,-142623148.2555456,-44304498.12963814,-19225671.1836357,9.299372387533163,-25.42007169067547,-11.00082642390872,2026-04-08T13:24:17.814409
2461139.060034722, A.D. 2026-Apr-08 13:26:27.0000,69.185629,-142622590.28103,-44306023.32550563,-19226331.22876393,9.299782822951919,-25.41980337684912,-11.00068339609038,2026-04-08T13:25:17.814365
2461139.060729166, A.D. 2026-Apr-08 13:27:27.0000,69.185629,-142622032.2818885,-44307548.50527246,-19226991.26530942,9.300193255537485,-25.41953500241208,-11.00054033252755,2026-04-08T13:26:17.814321
2461139.061423611, A.D. 2026-Apr-08 13:28:27.0000,69.185629,-142621474.258121,-44309073.66893502,-19227651.29327003,9.300603685308735,-25.41926656734273,-11.000397233201,2026-04-08T13:27:17.814358
2461139.062118056, A.D. 2026-Apr-08 13:29:27.0000,69.185629,-142620916.2097268,-44310598.81649269,-19228311.31264491,9.301014112286333,-25.4189980716152,-11.00025409809253,2026-04-08T13:28:17.814435
2461139.0628125, A.D. 2026-Apr-08 13:30:27.0000,69.185629,-142620358.136707,-44312123.94793879,-19228971.32343063,9.301424536488447,-25.41872951520536,-11.00011092718382,2026-04-08T13:29:17.814391
2461139.063506945, A.D. 2026-Apr-08 13:31:27.0000,69.185629,-142619800.0390618,-44313649.0632697,-19229631.32562501,9.301834957934812,-25.41846089808921,-10.9999677204571,2026-04-08T13:30:17.814428
2461139.064201389, A.D. 2026-Apr-08 13:32:27.0000,69.185629,-142619241.9167916,-44315174.16248176,-19230291.31922592,9.30224537664489,-25.41819222024282,-10.99982447789403,2026-04-08T13:31:17.814384
2461139.064895833, A.D. 2026-Apr-08 13:33:27.0000,69.185629,-142618683.7698951,-44316699.24557436,-19230951.30423251,9.302655792638413,-25.41792348164156,-10.99968119947526,2026-04-08T13:32:17.814340
2461139.065590278, A.D. 2026-Apr-08 13:34:27.0000,69.185629,-142618125.5983737,-44318224.31254084,-19231611.28064132,9.303066205934176,-25.41765468226085,-10.99953788518332,2026-04-08T13:33:17.814377
2461139.066284722, A.D. 2026-Apr-08 13:35:27.0000,69.185629,-142617567.4022277,-44319749.36337752,-19232271.2484502,9.303476616551665,-25.41738582207652,-10.99939453499974,2026-04-08T13:34:17.814373
2461139.066979167, A.D. 2026-Apr-08 13:36:27.0000,69.185629,-142617009.181457,-44321274.39808077,-19232931.20765699,9.303887024509812,-25.41711690106447,-10.99925114890553,2026-04-08T13:35:17.814410
2461139.067673611, A.D. 2026-Apr-08 13:37:27.0000,69.185629,-142616450.936062,-44322799.41664694,-19233591.15825955,9.304297429828091,-25.41684791919987,-10.99910772688327,2026-04-08T13:36:17.814366
2461139.068368055, A.D. 2026-Apr-08 13:38:27.0000,69.185629,-142615892.6660417,-44324324.4190754,-19234251.10025702,9.304707832526397,-25.41657887645697,-10.99896426891291,2026-04-08T13:37:17.814322
2461139.0690625, A.D. 2026-Apr-08 13:39:27.0000,69.185629,-142615334.3713973,-44325849.40535948,-19234911.03364592,9.305118232623332,-25.41630977281301,-10.99882077497695,2026-04-08T13:38:17.814359
2461139.069756945, A.D. 2026-Apr-08 13:40:27.0000,69.185629,-142614776.0521289,-44327374.37549552,-19235570.95842412,9.305528630138072,-25.41604060824223,-10.99867724505659,2026-04-08T13:39:17.814436
2461139.070451389, A.D. 2026-Apr-08 13:41:27.0000,69.185629,-142614217.7082357,-44328899.32948288,-19236230.87459076,9.305939025090463,-25.41577138272007,-10.99853367913324,2026-04-08T13:40:17.814392
2461139.071145833, A.D. 2026-Apr-08 13:42:27.0000,69.185629,-142613659.3397188,-44330424.2673149,-19236890.78214236,9.306349417498996,-25.41550209622178,-10.99839007718831,2026-04-08T13:41:17.814348
2461139.071840278, A.D. 2026-Apr-08 13:43:27.0000,69.185629,-142613100.9465786,-44331949.18898789,-19237550.68107677,9.306759807382896,-25.41523274872282,-10.99824643920333,2026-04-08T13:42:17.814385
2461139.072534722, A.D. 2026-Apr-08 13:44:27.0000,69.185629,-142612542.528815,-44333474.0944982,-19238210.57139182,9.307170194761147,-25.41496334019883,-10.99810276515977,2026-04-08T13:43:17.814341
2461139.073229167, A.D. 2026-Apr-08 13:45:27.0000,69.185629,-142611984.0864271,-44334998.98384521,-19238870.45308665,9.307580579653749,-25.41469387062358,-10.99795905503822,2026-04-08T13:44:17.814418
2461139.073923611, A.D. 2026-Apr-08 13:46:27.0000,69.185629,-142611425.6194173,-44336523.85701919,-19239530.32615649,9.307990962077993,-25.41442433997336,-10.99781530882102,2026-04-08T13:45:17.814374
2461139.074618055, A.D. 2026-Apr-08 13:47:27.0000,69.185629,-142610867.1277835,-44338048.71402252,-19240190.19060178,9.308401342054735,-25.41415474822288,-10.9976715264887,2026-04-08T13:46:17.814330
2461139.0753125, A.D. 2026-Apr-08 13:48:27.0000,69.185629,-142610308.611527,-44339573.55484854,-19240850.04641906,9.308811719602145,-25.4138850953472,-10.99752770802279,2026-04-08T13:47:17.814367
2461139.076006944, A.D. 2026-Apr-08 13:49:27.0000,69.185629,-142609750.0706469,-44341098.37949656,-19241509.89360745,9.309222094740198,-25.41361538131997,-10.99738385340405,2026-04-08T13:48:17.814323
2461139.076701389, A.D. 2026-Apr-08 13:50:27.0000,69.185629,-142609191.5051443,-44342623.18795992,-19242169.73216348,9.309632467486757,-25.41334560611785,-10.99723996261382,2026-04-08T13:49:17.814400
2461139.077395834, A.D. 2026-Apr-08 13:51:27.0000,69.185629,-142608632.9150194,-44344147.98023493,-19242829.56208498,9.310042837861134,-25.41307576971497,-10.9970960356342,2026-04-08T13:50:17.814437
2461139.078090278, A.D. 2026-Apr-08 13:52:27.0000,69.185629,-142608074.3002724,-44345672.75631793,-19243489.38336978,9.310453205882114,-25.41280587208596,-10.99695207244509,2026-04-08T13:51:17.814393
2461139.078784722, A.D. 2026-Apr-08 13:53:27.0000,69.185629,-142607515.6609033,-44347197.51620523,-19244149.1960157,9.31086357156864,-25.41253591320629,-10.99680807302854,2026-04-08T13:52:17.814349
2461139.079479167, A.D. 2026-Apr-08 13:54:27.0000,69.185629,-142606956.9969113,-44348722.2598962,-19244809.00002189,9.311273934940616,-25.41226589304963,-10.99666403736493,2026-04-08T13:53:17.814386
2461139.080173611, A.D. 2026-Apr-08 13:55:27.0000,69.185629,-142606398.3082976,-44350246.98738413,-19245468.79538485,9.31168429601604,-25.41199581159108,-10.99651996543576,2026-04-08T13:54:17.814382
2461139.080868056, A.D. 2026-Apr-08 13:56:27.0000,69.185629,-142605839.5950623,-44351771.69866532,-19246128.5821024,9.312094654813698,-25.41172566880664,-10.99637585722212,2026-04-08T13:55:17.814419
2461139.0815625, A.D. 2026-Apr-08 13:57:27.0000,69.185629,-142605280.8572043,-44353296.39373914,-19246788.36017369,9.312505011353293,-25.41145546466731,-10.99623171270422,2026-04-08T13:56:17.814375
2461139.082256944, A.D. 2026-Apr-08 13:58:27.0000,69.185629,-142604722.0947263,-44354821.07259586,-19247448.12959391,9.312915365652238,-25.4111851991521,-10.99608753186455,2026-04-08T13:57:17.814331
2461139.082951389, A.D. 2026-Apr-08 13:59:27.0000,69.185629,-142604163.3076259,-44356345.73523782,-19248107.8903635,9.313325717730873,-25.41091487223212,-10.9959433146827,2026-04-08T13:58:17.814368
2461139.083645833, A.D. 2026-Apr-08 14:00:27.0000,69.185629,-142603604.4959044,-44357870.38165834,-19248767.64247897,9.313736067606872,-25.4106444838835,-10.99579906113993,2026-04-08T13:59:17.814364
2461139.084340278, A.D. 2026-Apr-08 14:01:27.0000,69.185629,-142603045.6595609,-44359395.01185674,-19249427.38593944,9.31414641530035,-25.41037403407935,-10.99565477121736,2026-04-08T14:00:17.814401
2461139.085034722, A.D. 2026-Apr-08 14:02:27.0000,69.185629,-142602486.7985967,-44360919.62582631,-19250087.12074144,9.314556760829003,-25.41010352279485,-10.9955104448956,2026-04-08T14:01:17.814357
2461139.085729167, A.D. 2026-Apr-08 14:03:27.0000,69.185629,-142601927.9130117,-44362444.22356338,-19250746.84688276,9.31496710421164,-25.40983295000473,-10.99536608215608,2026-04-08T14:02:17.814394
2461139.086423611, A.D. 2026-Apr-08 14:04:27.0000,69.185629,-142601369.0028062,-44363968.80506422,-19251406.56436123,9.315377445467028,-25.40956231568278,-10.99522168297923,2026-04-08T14:03:17.814350
2461139.087118056, A.D. 2026-Apr-08 14:05:27.0000,69.185629,-142600810.0679804,-44365493.37032517,-19252066.27317466,9.31578778461352,-25.40929161980333,-10.99507724734594,2026-04-08T14:04:17.814427
2461139.0878125, A.D. 2026-Apr-08 14:06:27.0000,69.185628,-142600251.1085331,-44367017.91934554,-19252725.97332216,9.31619812167113,-25.4090208623401,-10.99493277523676,2026-04-08T14:05:17.814383
2461139.088506944, A.D. 2026-Apr-08 14:07:27.0000,69.185628,-142599692.1244657,-44368542.45211863,-19253385.66480025,9.31660845665719,-25.40875004326783,-10.99478826663306,2026-04-08T14:06:17.814339
2461139.089201389, A.D. 2026-Apr-08 14:08:27.0000,69.185628,-142599133.1157782,-44370066.96864073,-19254045.34760673,9.317018789590959,-25.40847916256012,-10.99464372151458,2026-04-08T14:07:17.814376
2461139.089895833, A.D. 2026-Apr-08 14:09:27.0000,69.185628,-142598574.0824709,-44371591.46890814,-19254705.02173941,9.31742912049066,-25.4082082201912,-10.994499139863,2026-04-08T14:08:17.814332
2461139.090590278, A.D. 2026-Apr-08 14:10:27.0000,69.185628,-142598015.0245426,-44373115.95292018,-19255364.68719741,9.31783944937577,-25.40793721613525,-10.9943545216582,2026-04-08T14:09:17.814409
