Az,El,Delta,Deldot,Calendar Date (UTC)
115.553212,-1.331506,1.64848470445111,-15.6674609,2026-04-07T02:26:32
115.735793,-1.178684,1.64847842093778,-15.6671281,2026-04-07T02:27:32
115.918559,-1.026095,1.64847213755903,-15.6667898,2026-04-07T02:28:32
116.101515,-0.873743,1.64846585431703,-15.6664462,2026-04-07T02:29:32
116.284661,-0.721629,1.64845957121394,-15.6660971,2026-04-07T02:30:32
116.468,-0.569755,1.64845328825192,-15.6657427,2026-04-07T02:31:32
116.651535,-0.418122,1.64844700543314,-15.6653828,2026-04-07T02:32:32
116.835267,-0.266733,1.64844072275975,-15.6650176,2026-04-07T02:33:32
117.019199,-0.11559,1.64843444023392,-15.664647,2026-04-07T02:34:32
117.203333,0.035307,1.64842815785777,-15.6642711,2026-04-07T02:35:32
117.387671,0.185955,1.64842187563349,-15.6638898,2026-04-07T02:36:32
117.572216,0.336351,1.64841559356318,-15.6635032,2026-04-07T02:37:32
117.756969,0.486495,1.648409311649,-15.6631112,2026-04-07T02:38:32
117.941934,0.636385,1.64840302989308,-15.662714,2026-04-07T02:39:32
118.127111,0.786018,1.64839674829756,-15.6623114,2026-04-07T02:40:32
118.312503,0.935393,1.64839046686456,-15.6619035,2026-04-07T02:41:32
118.498113,1.084508,1.64838418559621,-15.6614903,2026-04-07T02:42:32
118.683943,1.233361,1.64837790449464,-15.6610718,2026-04-07T02:43:32
118.869994,1.38195,1.64837162356195,-15.6606481,2026-04-07T02:44:32
119.056269,1.530274,1.64836534280026,-15.6602191,2026-04-07T02:45:32
119.24277,1.67833,1.64835906221169,-15.6597848,2026-04-07T02:46:32
119.429499,1.826116,1.64835278179832,-15.6593453,2026-04-07T02:47:32
119.616458,1.973631,1.64834650156227,-15.6589006,2026-04-07T02:48:32
119.80365,2.120873,1.64834022150564,-15.6584506,2026-04-07T02:49:32
119.991076,2.267839,1.64833394163051,-15.6579954,2026-04-07T02:50:32
120.178738,2.414528,1.64832766193899,-15.657535,2026-04-07T02:51:32
120.366639,2.560939,1.64832138243315,-15.6570695,2026-04-07T02:52:32
120.554781,2.707068,1.64831510311507,-15.6565987,2026-04-07T02:53:32
120.743166,2.852914,1.64830882398682,-15.6561228,2026-04-07T02:54:32
120.931795,2.998475,1.64830254505049,-15.6556417,2026-04-07T02:55:32
121.120672,3.14375,1.64829626630815,-15.6551554,2026-04-07T02:56:32
121.309797,3.288736,1.64828998776183,-15.6546641,2026-04-07T02:57:32
121.499173,3.433431,1.64828370941363,-15.6541675,2026-04-07T02:58:32
121.688802,3.577833,1.64827743126559,-15.6536659,2026-04-07T02:59:32
121.878686,3.721941,1.64827115331975,-15.6531592,2026-04-07T03:00:32
122.068827,3.865752,1.64826487557818,-15.6526473,2026-04-07T03:01:32
122.259227,4.009265,1.6482585980429,-15.6521304,2026-04-07T03:02:32
122.449888,4.152476,1.64825232071595,-15.6516084,2026-04-07T03:03:32
122.640811,4.295385,1.64824604359937,-15.6510813,2026-04-07T03:04:32
122.832,4.43799,1.64823976669517,-15.6505492,2026-04-07T03:05:32
123.023455,4.580288,1.6482334900054,-15.6500121,2026-04-07T03:06:32
123.215179,4.722277,1.64822721353206,-15.6494699,2026-04-07T03:07:32
123.407174,4.863955,1.64822093727718,-15.6489227,2026-04-07T03:08:32
123.599441,5.005321,1.64821466124274,-15.6483706,2026-04-07T03:09:32
123.791983,5.146372,1.64820838543076,-15.6478134,2026-04-07T03:10:32
123.984802,5.287106,1.64820210984324,-15.6472512,2026-04-07T03:11:32
124.177898,5.427522,1.64819583448219,-15.6466841,2026-04-07T03:12:32
124.371275,5.567616,1.64818955934956,-15.646112,2026-04-07T03:13:32
124.564934,5.707387,1.64818328444737,-15.645535,2026-04-07T03:14:32
124.758876,5.846834,1.64817700977757,-15.6449531,2026-04-07T03:15:32
124.953105,5.985953,1.64817073534216,-15.6443662,2026-04-07T03:16:32
125.14762,6.124743,1.64816446114309,-15.6437745,2026-04-07T03:17:32
125.342426,6.263202,1.64815818718234,-15.6431778,2026-04-07T03:18:32
125.537522,6.401327,1.64815191346185,-15.6425763,2026-04-07T03:19:32
125.732911,6.539117,1.64814563998359,-15.6419699,2026-04-07T03:20:32
125.928595,6.676569,1.64813936674949,-15.6413587,2026-04-07T03:21:32
126.124576,6.813681,1.64813309376151,-15.6407426,2026-04-07T03:22:32
126.320855,6.950452,1.64812682102157,-15.6401217,2026-04-07T03:23:32
126.517434,7.086879,1.64812054853161,-15.639496,2026-04-07T03:24:32
126.714315,7.222959,1.64811427629359,-15.6388655,2026-04-07T03:25:32
126.911499,7.358692,1.64810800430937,-15.6382302,2026-04-07T03:26:32
127.108988,7.494074,1.64810173258089,-15.6375901,2026-04-07T03:27:32
127.306784,7.629103,1.64809546111007,-15.6369453,2026-04-07T03:28:32
127.504889,7.763778,1.64808918989881,-15.6362958,2026-04-07T03:29:32
127.703304,7.898096,1.64808291894901,-15.6356415,2026-04-07T03:30:32
127.902031,8.032055,1.64807664826256,-15.6349825,2026-04-07T03:31:32
128.101071,8.165653,1.64807037784135,-15.6343188,2026-04-07T03:32:32
128.300426,8.298887,1.64806410768724,-15.6336504,2026-04-07T03:33:32
128.500099,8.431756,1.64805783780215,-15.6329774,2026-04-07T03:34:32
128.700089,8.564257,1.64805156818791,-15.6322997,2026-04-07T03:35:32
128.9004,8.696388,1.6480452988464,-15.6316173,2026-04-07T03:36:32
129.101031,8.828147,1.64803902977949,-15.6309304,2026-04-07T03:37:32
129.301986,8.959531,1.64803276098901,-15.6302388,2026-04-07T03:38:32
129.503266,9.090539,1.64802649247683,-15.6295426,2026-04-07T03:39:32
129.704872,9.221168,1.64802022424476,-15.6288418,2026-04-07T03:40:32
129.906805,9.351416,1.64801395629467,-15.6281365,2026-04-07T03:41:32
130.109067,9.48128,1.64800768862837,-15.6274266,2026-04-07T03:42:32
130.31166,9.610759,1.64800142124768,-15.6267122,2026-04-07T03:43:32
130.514585,9.739851,1.64799515415442,-15.6259933,2026-04-07T03:44:32
130.717843,9.868552,1.6479888873504,-15.6252698,2026-04-07T03:45:32
130.921436,9.996861,1.64798262083744,-15.6245419,2026-04-07T03:46:32
131.125366,10.124775,1.64797635461731,-15.6238095,2026-04-07T03:47:32
131.329633,10.252292,1.64797008869183,-15.6230726,2026-04-07T03:48:32
131.534239,10.37941,1.64796382306276,-15.6223313,2026-04-07T03:49:32
131.739186,10.506127,1.6479575577319,-15.6215855,2026-04-07T03:50:32
131.944474,10.63244,1.64795129270101,-15.6208354,2026-04-07T03:51:32
132.150106,10.758347,1.64794502797186,-15.6200808,2026-04-07T03:52:32
132.356081,10.883846,1.6479387635462,-15.6193219,2026-04-07T03:53:32
132.562403,11.008934,1.64793249942582,-15.6185586,2026-04-07T03:54:32
132.769071,11.133609,1.64792623561242,-15.6177909,2026-04-07T03:55:32
132.976088,11.257869,1.64791997210777,-15.6170189,2026-04-07T03:56:32
133.183454,11.381712,1.6479137089136,-15.6162426,2026-04-07T03:57:32
133.39117,11.505134,1.64790744603163,-15.615462,2026-04-07T03:58:32
133.599239,11.628134,1.64790118346359,-15.6146771,2026-04-07T03:59:32
133.80766,11.75071,1.64789492121119,-15.613888,2026-04-07T04:00:32
134.016435,11.872859,1.64788865927615,-15.6130946,2026-04-07T04:01:32
134.225566,11.994578,1.64788239766013,-15.612297,2026-04-07T04:02:32
134.435053,12.115866,1.64787613636488,-15.6114951,2026-04-07T04:03:32
134.644897,12.23672,1.64786987539205,-15.6106891,2026-04-07T04:04:32
134.8551,12.357137,1.64786361474333,-15.6098788,2026-04-07T04:05:32
135.065662,12.477116,1.6478573544204,-15.6090644,2026-04-07T04:06:32
135.276585,12.596654,1.64785109442492,-15.6082459,2026-04-07T04:07:32
135.48787,12.715748,1.64784483475855,-15.6074232,2026-04-07T04:08:32
135.699517,12.834396,1.64783857542295,-15.6065964,2026-04-07T04:09:32
135.911527,12.952597,1.64783231641976,-15.6057655,2026-04-07T04:10:32
136.123902,13.070346,1.64782605775063,-15.6049306,2026-04-07T04:11:32
136.336643,13.187643,1.64781979941718,-15.6040916,2026-04-07T04:12:32
136.54975,13.304484,1.64781354142104,-15.6032485,2026-04-07T04:13:32
136.763223,13.420867,1.64780728376382,-15.6024014,2026-04-07T04:14:32
136.977065,13.53679,1.64780102644715,-15.6015503,2026-04-07T04:15:32
137.191275,13.652251,1.64779476947261,-15.6006952,2026-04-07T04:16:32
137.405856,13.767246,1.64778851284181,-15.5998361,2026-04-07T04:17:32
137.620806,13.881774,1.64778225655635,-15.5989731,2026-04-07T04:18:32
137.836127,13.995833,1.64777600061779,-15.5981062,2026-04-07T04:19:32
138.051821,14.109419,1.64776974502771,-15.5972353,2026-04-07T04:20:32
138.267887,14.22253,1.64776348978769,-15.5963605,2026-04-07T04:21:32
138.484326,14.335164,1.64775723489929,-15.5954819,2026-04-07T04:22:32
138.701138,14.447318,1.64775098036405,-15.5945994,2026-04-07T04:23:32
138.918326,14.558991,1.64774472618353,-15.593713,2026-04-07T04:24:32
139.135888,14.670179,1.64773847235925,-15.5928228,2026-04-07T04:25:32
139.353826,14.78088,1.64773221889276,-15.5919288,2026-04-07T04:26:32
139.57214,14.891092,1.64772596578557,-15.591031,2026-04-07T04:27:32
139.790831,15.000812,1.6477197130392,-15.5901295,2026-04-07T04:28:32
140.009899,15.110038,1.64771346065516,-15.5892242,2026-04-07T04:29:32
140.229345,15.218767,1.64770720863495,-15.5883151,2026-04-07T04:30:32
140.449168,15.326997,1.64770095698006,-15.5874024,2026-04-07T04:31:32
140.669371,15.434725,1.64769470569198,-15.5864859,2026-04-07T04:32:32
140.889951,15.54195,1.64768845477219,-15.5855658,2026-04-07T04:33:32
141.110912,15.648668,1.64768220422214,-15.584642,2026-04-07T04:34:32
141.332251,15.754877,1.64767595404332,-15.5837146,2026-04-07T04:35:32
141.553971,15.860574,1.64766970423718,-15.5827836,2026-04-07T04:36:32
141.77607,15.965758,1.64766345480514,-15.581849,2026-04-07T04:37:32
141.99855,16.070426,1.64765720574868,-15.5809108,2026-04-07T04:38:32
142.221411,16.174574,1.64765095706919,-15.579969,2026-04-07T04:39:32
142.444652,16.278202,1.64764470876813,-15.5790237,2026-04-07T04:40:32
142.668273,16.381305,1.6476384608469,-15.5780749,2026-04-07T04:41:32
142.892276,16.483883,1.6476322133069,-15.5771225,2026-04-07T04:42:32
143.11666,16.585932,1.64762596614954,-15.5761667,2026-04-07T04:43:32
143.341425,16.687449,1.64761971937621,-15.5752075,2026-04-07T04:44:32
143.566571,16.788434,1.64761347298829,-15.5742448,2026-04-07T04:45:32
143.792097,16.888882,1.64760722698717,-15.5732786,2026-04-07T04:46:32
144.018005,16.988791,1.64760098137419,-15.5723091,2026-04-07T04:47:32
144.244294,17.08816,1.64759473615074,-15.5713362,2026-04-07T04:48:32
144.470964,17.186985,1.64758849131815,-15.5703599,2026-04-07T04:49:32
144.698014,17.285265,1.64758224687777,-15.5693803,2026-04-07T04:50:32
144.925445,17.382996,1.64757600283095,-15.5683974,2026-04-07T04:51:32
145.153256,17.480176,1.647569759179,-15.5674112,2026-04-07T04:52:32
145.381448,17.576803,1.64756351592324,-15.5664216,2026-04-07T04:53:32
145.610019,17.672874,1.64755727306498,-15.5654289,2026-04-07T04:54:32
145.838969,17.768388,1.64755103060554,-15.5644329,2026-04-07T04:55:32
146.068299,17.86334,1.6475447885462,-15.5634336,2026-04-07T04:56:32
146.298007,17.95773,1.64753854688825,-15.5624312,2026-04-07T04:57:32
146.528094,18.051553,1.64753230563296,-15.5614256,2026-04-07T04:58:32
146.758559,18.144809,1.64752606478161,-15.5604169,2026-04-07T04:59:32
146.989401,18.237495,1.64751982433546,-15.559405,2026-04-07T05:00:32
147.22062,18.329608,1.64751358429576,-15.55839,2026-04-07T05:01:32
147.452215,18.421145,1.64750734466375,-15.5573719,2026-04-07T05:02:32
147.684186,18.512105,1.64750110544067,-15.5563508,2026-04-07T05:03:32
147.916533,18.602485,1.64749486662774,-15.5553265,2026-04-07T05:04:32
148.149253,18.692282,1.6474886282262,-15.5542993,2026-04-07T05:05:32
148.382348,18.781494,1.64748239023725,-15.5532691,2026-04-07T05:06:32
148.615815,18.870119,1.64747615266208,-15.5522358,2026-04-07T05:07:32
148.849655,18.958154,1.6474699155019,-15.5511996,2026-04-07T05:08:32
149.083867,19.045597,1.64746367875789,-15.5501605,2026-04-07T05:09:32
149.318448,19.132445,1.64745744243122,-15.5491184,2026-04-07T05:10:32
149.5534,19.218696,1.64745120652306,-15.5480734,2026-04-07T05:11:32
149.788721,19.304348,1.64744497103458,-15.5470256,2026-04-07T05:12:32
150.024409,19.389398,1.6474387359669,-15.5459749,2026-04-07T05:13:32
150.260465,19.473844,1.6474325013212,-15.5449214,2026-04-07T05:14:32
150.496886,19.557684,1.6474262670986,-15.543865,2026-04-07T05:15:32
150.733672,19.640914,1.64742003330022,-15.5428058,2026-04-07T05:16:32
150.970822,19.723534,1.64741379992717,-15.5417439,2026-04-07T05:17:32
151.208334,19.805539,1.64740756698056,-15.5406793,2026-04-07T05:18:32
151.446208,19.886929,1.6474013344615,-15.5396119,2026-04-07T05:19:32
151.684442,19.967701,1.64739510237107,-15.5385418,2026-04-07T05:20:32
151.923034,20.047852,1.64738887071034,-15.537469,2026-04-07T05:21:32
152.161985,20.12738,1.64738263948041,-15.5363935,2026-04-07T05:22:32
152.401291,20.206283,1.64737640868231,-15.5353155,2026-04-07T05:23:32
152.640953,20.284558,1.64737017831712,-15.5342348,2026-04-07T05:24:32
152.880968,20.362203,1.64736394838587,-15.5331515,2026-04-07T05:25:32
153.121335,20.439216,1.64735771888959,-15.5320656,2026-04-07T05:26:32
153.362052,20.515595,1.64735148982933,-15.5309772,2026-04-07T05:27:32
153.603119,20.591337,1.6473452612061,-15.5298863,2026-04-07T05:28:32
153.844533,20.666441,1.64733903302089,-15.5287928,2026-04-07T05:29:32
154.086293,20.740903,1.64733280527472,-15.5276969,2026-04-07T05:30:32
154.328397,20.814721,1.64732657796858,-15.5265985,2026-04-07T05:31:32
154.570843,20.887894,1.64732035110344,-15.5254977,2026-04-07T05:32:32
154.81363,20.960419,1.64731412468028,-15.5243944,2026-04-07T05:33:32
155.056756,21.032294,1.64730789870007,-15.5232888,2026-04-07T05:34:32
155.30022,21.103516,1.64730167316375,-15.5221808,2026-04-07T05:35:32
155.544018,21.174085,1.64729544807228,-15.5210705,2026-04-07T05:36:32
155.78815,21.243996,1.64728922342659,-15.5199578,2026-04-07T05:37:32
156.032614,21.313249,1.64728299922762,-15.5188428,2026-04-07T05:38:32
156.277407,21.38184,1.64727677547627,-15.5177256,2026-04-07T05:39:32
156.522528,21.449769,1.64727055217344,-15.5166061,2026-04-07T05:40:32
156.767974,21.517032,1.64726432932007,-15.5154843,2026-04-07T05:41:32
157.013743,21.583628,1.64725810691701,-15.5143604,2026-04-07T05:42:32
157.259834,21.649555,1.64725188496515,-15.5132343,2026-04-07T05:43:32
157.506244,21.71481,1.64724566346538,-15.512106,2026-04-07T05:44:32
157.752971,21.779391,1.64723944241856,-15.5109755,2026-04-07T05:45:32
158.000012,21.843296,1.64723322182553,-15.509843,2026-04-07T05:46:32
158.247366,21.906524,1.64722700168714,-15.5087083,2026-04-07T05:47:32
158.49503,21.969072,1.64722078200421,-15.5075716,2026-04-07T05:48:32
158.743001,22.030939,1.64721456277759,-15.5064329,2026-04-07T05:49:32
158.991278,22.092121,1.64720834400809,-15.5052921,2026-04-07T05:50:32
159.239858,22.152618,1.64720212569652,-15.5041493,2026-04-07T05:51:32
159.488738,22.212427,1.64719590784365,-15.5030045,2026-04-07T05:52:32
159.737915,22.271547,1.6471896904503,-15.5018578,2026-04-07T05:53:32
159.987388,22.329974,1.64718347351724,-15.5007092,2026-04-07T05:54:32
160.237154,22.387709,1.64717725704524,-15.4995586,2026-04-07T05:55:32
160.48721,22.444747,1.64717104103504,-15.4984062,2026-04-07T05:56:32
160.737553,22.501089,1.64716482548742,-15.4972519,2026-04-07T05:57:32
160.988181,22.556731,1.6471586104031,-15.4960958,2026-04-07T05:58:32
161.239091,22.611672,1.64715239578282,-15.4949379,2026-04-07T05:59:32
161.49028,22.66591,1.64714618162729,-15.4937781,2026-04-07T06:00:32
161.741745,22.719444,1.64713996793724,-15.4926166,2026-04-07T06:01:32
161.993484,22.772271,1.64713375471337,-15.4914534,2026-04-07T06:02:32
162.245493,22.824389,1.64712754195637,-15.4902885,2026-04-07T06:03:32
162.49777,22.875798,1.64712132966691,-15.4891218,2026-04-07T06:04:32
162.750312,22.926495,1.64711511784569,-15.4879535,2026-04-07T06:05:32
163.003115,22.976478,1.64710890649334,-15.4867836,2026-04-07T06:06:32
163.256177,23.025746,1.64710269561054,-15.485612,2026-04-07T06:07:32
163.509494,23.074297,1.64709648519795,-15.4844388,2026-04-07T06:08:32
163.763064,23.122129,1.64709027525617,-15.4832641,2026-04-07T06:09:32
164.016883,23.169241,1.64708406578584,-15.4820878,2026-04-07T06:10:32
164.270948,23.215631,1.64707785678759,-15.48091,2026-04-07T06:11:32
164.525256,23.261298,1.647071648262,-15.4797307,2026-04-07T06:12:32
164.779803,23.306239,1.6470654402097,-15.4785499,2026-04-07T06:13:32
165.034587,23.350454,1.64705923263125,-15.4773676,2026-04-07T06:14:32
165.289604,23.393941,1.64705302552723,-15.4761839,2026-04-07T06:15:32
165.54485,23.436698,1.64704681889823,-15.4749989,2026-04-07T06:16:32
165.800323,23.478724,1.64704061274479,-15.4738124,2026-04-07T06:17:32
166.056019,23.520017,1.64703440706745,-15.4726246,2026-04-07T06:18:32
166.311933,23.560576,1.64702820186677,-15.4714355,2026-04-07T06:19:32
166.568064,23.600399,1.64702199714328,-15.470245,2026-04-07T06:20:32
166.824407,23.639486,1.64701579289747,-15.4690533,2026-04-07T06:21:32
167.080959,23.677834,1.64700958912988,-15.4678603,2026-04-07T06:22:32
167.337717,23.715442,1.647003385841,-15.466666,2026-04-07T06:23:32
167.594676,23.752309,1.64699718303131,-15.4654706,2026-04-07T06:24:32
167.851833,23.788434,1.6469909807013,-15.464274,2026-04-07T06:25:32
168.109184,23.823815,1.64698477885145,-15.4630762,2026-04-07T06:26:32
168.366726,23.858451,1.64697857748219,-15.4618773,2026-04-07T06:27:32
168.624455,23.892341,1.64697237659401,-15.4606773,2026-04-07T06:28:32
168.882367,23.925483,1.64696617618732,-15.4594761,2026-04-07T06:29:32
169.140458,23.957877,1.64695997626256,-15.458274,2026-04-07T06:30:32
169.398726,23.989521,1.64695377682017,-15.4570707,2026-04-07T06:31:32
169.657164,24.020415,1.64694757786053,-15.4558665,2026-04-07T06:32:32
169.915771,24.050556,1.64694137938406,-15.4546613,2026-04-07T06:33:32
170.174542,24.079943,1.64693518139116,-15.4534551,2026-04-07T06:34:32
170.433473,24.108577,1.64692898388218,-15.452248,2026-04-07T06:35:32
170.69256,24.136455,1.64692278685752,-15.4510399,2026-04-07T06:36:32
170.9518,24.163578,1.64691659031754,-15.449831,2026-04-07T06:37:32
171.211187,24.189942,1.64691039426258,-15.4486212,2026-04-07T06:38:32
171.470719,24.215549,1.646904198693,-15.4474106,2026-04-07T06:39:32
171.730392,24.240396,1.64689800360911,-15.4461991,2026-04-07T06:40:32
171.9902,24.264483,1.64689180901124,-15.4449869,2026-04-07T06:41:32
172.250141,24.28781,1.64688561489971,-15.4437739,2026-04-07T06:42:32
172.510209,24.310374,1.64687942127482,-15.4425601,2026-04-07T06:43:32
172.770402,24.332176,1.64687322813686,-15.4413457,2026-04-07T06:44:32
173.030715,24.353214,1.64686703548611,-15.4401305,2026-04-07T06:45:32
173.291143,24.373488,1.64686084332285,-15.4389147,2026-04-07T06:46:32
173.551682,24.392996,1.64685465164733,-15.4376982,2026-04-07T06:47:32
173.812329,24.41174,1.64684846045982,-15.4364811,2026-04-07T06:48:32
174.07308,24.429716,1.64684226976057,-15.4352634,2026-04-07T06:49:32
174.333929,24.446926,1.64683607954978,-15.4340452,2026-04-07T06:50:32
174.594873,24.463368,1.64682988982769,-15.4328264,2026-04-07T06:51:32
174.855907,24.479041,1.64682370059452,-15.4316071,2026-04-07T06:52:32
175.117028,24.493945,1.64681751185046,-15.4303873,2026-04-07T06:53:32
175.37823,24.50808,1.64681132359571,-15.429167,2026-04-07T06:54:32
175.63951,24.521445,1.64680513583045,-15.4279463,2026-04-07T06:55:32
175.900864,24.53404,1.64679894855486,-15.4267251,2026-04-07T06:56:32
176.162287,24.545863,1.6467927617691,-15.4255036,2026-04-07T06:57:32
176.423774,24.556915,1.64678657547331,-15.4242817,2026-04-07T06:58:32
176.685322,24.567195,1.64678038966765,-15.4230594,2026-04-07T06:59:32
176.946926,24.576703,1.64677420435225,-15.4218369,2026-04-07T07:00:32
177.208582,24.585438,1.64676801952723,-15.420614,2026-04-07T07:01:32
177.470285,24.5934,1.6467618351927,-15.4193909,2026-04-07T07:02:32
177.732031,24.600589,1.64675565134877,-15.4181675,2026-04-07T07:03:32
177.993816,24.607004,1.64674946799553,-15.4169439,2026-04-07T07:04:32
178.255636,24.612646,1.64674328513306,-15.4157201,2026-04-07T07:05:32
178.517485,24.617514,1.64673710276144,-15.4144962,2026-04-07T07:06:32
178.77936,24.621608,1.64673092088072,-15.4132721,2026-04-07T07:07:32
179.041255,24.624927,1.64672473949096,-15.4120479,2026-04-07T07:08:32
179.303168,24.627472,1.64671855859221,-15.4108235,2026-04-07T07:09:32
179.565093,24.629242,1.6467123781845,-15.4095992,2026-04-07T07:10:32
179.827026,24.630238,1.64670619826784,-15.4083747,2026-04-07T07:11:32
180.088963,24.630459,1.64670001884226,-15.4071503,2026-04-07T07:12:32
180.350899,24.629906,1.64669383990775,-15.4059258,2026-04-07T07:13:32
180.61283,24.628578,1.64668766146431,-15.4047014,2026-04-07T07:14:32
180.874751,24.626475,1.64668148351193,-15.4034771,2026-04-07T07:15:32
181.136658,24.623598,1.64667530605056,-15.4022528,2026-04-07T07:16:32
181.398547,24.619947,1.64666912908019,-15.4010286,2026-04-07T07:17:32
181.660413,24.615521,1.64666295260075,-15.3998046,2026-04-07T07:18:32
181.922252,24.610322,1.6466567766122,-15.3985807,2026-04-07T07:19:32
182.184059,24.604348,1.64665060111445,-15.397357,2026-04-07T07:20:32
182.44583,24.597601,1.64664442610745,-15.3961335,2026-04-07T07:21:32
182.707562,24.59008,1.64663825159109,-15.3949102,2026-04-07T07:22:32
182.969248,24.581787,1.6466320775653,-15.3936872,2026-04-07T07:23:32
183.230886,24.57272,1.64662590402994,-15.3924645,2026-04-07T07:24:32
183.49247,24.562881,1.64661973098492,-15.391242,2026-04-07T07:25:32
183.753996,24.55227,1.64661355843009,-15.3900199,2026-04-07T07:26:32
184.015461,24.540888,1.64660738636533,-15.3887982,2026-04-07T07:27:32
184.276859,24.528734,1.64660121479048,-15.3875768,2026-04-07T07:28:32
184.538187,24.515809,1.64659504370539,-15.3863559,2026-04-07T07:29:32
184.799439,24.502114,1.6465888731099,-15.3851353,2026-04-07T07:30:32
185.060613,24.487649,1.64658270300381,-15.3839153,2026-04-07T07:31:32
185.321703,24.472415,1.64657653338696,-15.3826957,2026-04-07T07:32:32
185.582705,24.456413,1.64657036425913,-15.3814766,2026-04-07T07:33:32
185.843615,24.439642,1.64656419562012,-15.380258,2026-04-07T07:34:32
186.104429,24.422103,1.64655802746973,-15.37904,2026-04-07T07:35:32
186.365142,24.403798,1.64655185980771,-15.3778226,2026-04-07T07:36:32
186.625751,24.384727,1.64654569263382,-15.3766058,2026-04-07T07:37:32
186.886251,24.36489,1.64653952594784,-15.3753896,2026-04-07T07:38:32
187.146638,24.344289,1.64653335974948,-15.374174,2026-04-07T07:39:32
187.406908,24.322924,1.64652719403849,-15.3729592,2026-04-07T07:40:32
187.667056,24.300795,1.64652102881461,-15.371745,2026-04-07T07:41:32
187.927079,24.277905,1.64651486407752,-15.3705316,2026-04-07T07:42:32
188.186973,24.254253,1.64650869982694,-15.3693189,2026-04-07T07:43:32
188.446733,24.22984,1.64650253606256,-15.368107,2026-04-07T07:44:32
188.706355,24.204667,1.64649637278407,-15.3668959,2026-04-07T07:45:32
188.965836,24.178736,1.64649020999113,-15.3656856,2026-04-07T07:46:32
189.22517,24.152047,1.64648404768341,-15.3644762,2026-04-07T07:47:32
189.484356,24.124602,1.64647788586057,-15.3632676,2026-04-07T07:48:32
189.743387,24.0964,1.64647172452225,-15.36206,2026-04-07T07:49:32
190.002261,24.067443,1.64646556366808,-15.3608533,2026-04-07T07:50:32
190.260974,24.037733,1.64645940329768,-15.3596475,2026-04-07T07:51:32
190.519521,24.00727,1.64645324341067,-15.3584427,2026-04-07T07:52:32
190.777899,23.976056,1.64644708400666,-15.3572389,2026-04-07T07:53:32
191.036103,23.944091,1.64644092508524,-15.3560362,2026-04-07T07:54:32
191.294131,23.911377,1.64643476664598,-15.3548344,2026-04-07T07:55:32
191.551978,23.877915,1.64642860868848,-15.3536338,2026-04-07T07:56:32
191.809641,23.843706,1.64642245121228,-15.3524342,2026-04-07T07:57:32
192.067115,23.808752,1.64641629421695,-15.3512358,2026-04-07T07:58:32
192.324397,23.773053,1.64641013770203,-15.3500385,2026-04-07T07:59:32
192.581484,23.736611,1.64640398166706,-15.3488424,2026-04-07T08:00:32
192.838372,23.699427,1.64639782611156,-15.3476475,2026-04-07T08:01:32
193.095056,23.661502,1.64639167103504,-15.3464538,2026-04-07T08:02:32
193.351534,23.622839,1.64638551643702,-15.3452614,2026-04-07T08:03:32
193.607802,23.583438,1.64637936231698,-15.3440702,2026-04-07T08:04:32
193.863857,23.5433,1.64637320867442,-15.3428803,2026-04-07T08:05:32
194.119694,23.502428,1.64636705550881,-15.3416917,2026-04-07T08:06:32
194.375311,23.460822,1.64636090281962,-15.3405045,2026-04-07T08:07:32
194.630704,23.418484,1.6463547506063,-15.3393186,2026-04-07T08:08:32
194.88587,23.375416,1.64634859886831,-15.3381342,2026-04-07T08:09:32
195.140804,23.331619,1.64634244760508,-15.3369511,2026-04-07T08:10:32
195.395505,23.287094,1.64633629681603,-15.3357695,2026-04-07T08:11:32
195.649968,23.241843,1.64633014650059,-15.3345893,2026-04-07T08:12:32
195.904191,23.195868,1.64632399665816,-15.3334107,2026-04-07T08:13:32
196.158169,23.14917,1.64631784728814,-15.3322335,2026-04-07T08:14:32
196.411901,23.101751,1.64631169838993,-15.3310579,2026-04-07T08:15:32
196.665382,23.053613,1.64630554996289,-15.3298838,2026-04-07T08:16:32
196.91861,23.004756,1.64629940200641,-15.3287114,2026-04-07T08:17:32
197.171581,22.955184,1.64629325451983,-15.3275405,2026-04-07T08:18:32
197.424293,22.904897,1.64628710750252,-15.3263713,2026-04-07T08:19:32
197.676742,22.853897,1.64628096095381,-15.3252037,2026-04-07T08:20:32
197.928926,22.802187,1.64627481487303,-15.3240378,2026-04-07T08:21:32
198.180841,22.749767,1.64626866925952,-15.3228736,2026-04-07T08:22:32
198.432484,22.696639,1.64626252411256,-15.3217111,2026-04-07T08:23:32
198.683853,22.642806,1.64625637943148,-15.3205504,2026-04-07T08:24:32
198.934945,22.588269,1.64625023521557,-15.3193914,2026-04-07T08:25:32
199.185757,22.53303,1.64624409146409,-15.3182343,2026-04-07T08:26:32
199.436287,22.477091,1.64623794817634,-15.3170789,2026-04-07T08:27:32
199.68653,22.420453,1.64623180535158,-15.3159255,2026-04-07T08:28:32
199.936486,22.363119,1.64622566298906,-15.3147738,2026-04-07T08:29:32
200.18615,22.305091,1.64621952108803,-15.3136241,2026-04-07T08:30:32
200.435522,22.24637,1.64621337964771,-15.3124763,2026-04-07T08:31:32
200.684597,22.186958,1.64620723866734,-15.3113304,2026-04-07T08:32:32
200.933373,22.126857,1.64620109814614,-15.3101865,2026-04-07T08:33:32
201.181849,22.066069,1.64619495808331,-15.3090446,2026-04-07T08:34:32
201.430021,22.004597,1.64618881847805,-15.3079047,2026-04-07T08:35:32
201.677887,21.942442,1.64618267932957,-15.3067669,2026-04-07T08:36:32
201.925445,21.879606,1.64617654063702,-15.305631,2026-04-07T08:37:32
202.172692,21.816091,1.64617040239957,-15.3044973,2026-04-07T08:38:32
202.419626,21.751899,1.64616426461641,-15.3033657,2026-04-07T08:39:32
202.666244,21.687033,1.64615812728667,-15.3022362,2026-04-07T08:40:32
202.912545,21.621494,1.64615199040949,-15.3011088,2026-04-07T08:41:32
203.158527,21.555285,1.64614585398402,-15.2999836,2026-04-07T08:42:32
203.404187,21.488407,1.64613971800937,-15.2988607,2026-04-07T08:43:32
203.649523,21.420863,1.64613358248466,-15.2977399,2026-04-07T08:44:32
203.894532,21.352654,1.646127447409,-15.2966214,2026-04-07T08:45:32
204.139214,21.283783,1.64612131278147,-15.2955051,2026-04-07T08:46:32
204.383566,21.214253,1.64611517860117,-15.2943911,2026-04-07T08:47:32
204.627585,21.144064,1.64610904486717,-15.2932795,2026-04-07T08:48:32
204.871271,21.07322,1.64610291157856,-15.2921701,2026-04-07T08:49:32
205.114621,21.001723,1.64609677873437,-15.2910632,2026-04-07T08:50:32
205.357634,20.929574,1.64609064633367,-15.2899586,2026-04-07T08:51:32
205.600307,20.856776,1.64608451437549,-15.2888564,2026-04-07T08:52:32
205.842639,20.783332,1.64607838285887,-15.2877566,2026-04-07T08:53:32
206.084628,20.709243,1.64607225178282,-15.2866593,2026-04-07T08:54:32
206.326273,20.634511,1.64606612114638,-15.2855645,2026-04-07T08:55:32
206.567572,20.559139,1.64605999094853,-15.2844721,2026-04-07T08:56:32
206.808523,20.48313,1.64605386118828,-15.2833823,2026-04-07T08:57:32
207.049124,20.406485,1.64604773186461,-15.282295,2026-04-07T08:58:32
207.289375,20.329206,1.6460416029765,-15.2812102,2026-04-07T08:59:32
207.529273,20.251296,1.64603547452291,-15.2801281,2026-04-07T09:00:32
207.768818,20.172758,1.64602934650282,-15.2790485,2026-04-07T09:01:32
208.008008,20.093593,1.64602321891517,-15.2779716,2026-04-07T09:02:32
208.246841,20.013805,1.6460170917589,-15.2768973,2026-04-07T09:03:32
208.485317,19.933394,1.64601096503294,-15.2758257,2026-04-07T09:04:32
208.723433,19.852364,1.64600483873623,-15.2747568,2026-04-07T09:05:32
208.961189,19.770716,1.64599871286767,-15.2736906,2026-04-07T09:06:32
209.198584,19.688454,1.64599258742617,-15.2726271,2026-04-07T09:07:32
209.435616,19.60558,1.64598646241063,-15.2715664,2026-04-07T09:08:32
209.672284,19.522095,1.64598033781995,-15.2705085,2026-04-07T09:09:32
209.908587,19.438002,1.645974213653,-15.2694533,2026-04-07T09:10:32
210.144525,19.353305,1.64596808990864,-15.268401,2026-04-07T09:11:32
210.380095,19.268004,1.64596196658575,-15.2673516,2026-04-07T09:12:32
210.615298,19.182102,1.64595584368319,-15.266305,2026-04-07T09:13:32
210.850132,19.095603,1.64594972119979,-15.2652613,2026-04-07T09:14:32
211.084596,19.008507,1.64594359913439,-15.2642205,2026-04-07T09:15:32
211.318689,18.920818,1.64593747748582,-15.2631826,2026-04-07T09:16:32
211.552411,18.832538,1.6459313562529,-15.2621477,2026-04-07T09:17:32
211.785761,18.743669,1.64592523543444,-15.2611158,2026-04-07T09:18:32
212.018738,18.654215,1.64591911502926,-15.2600869,2026-04-07T09:19:32
212.251341,18.564176,1.64591299503612,-15.2590609,2026-04-07T09:20:32
212.48357,18.473556,1.64590687545384,-15.2580381,2026-04-07T09:21:32
212.715423,18.382357,1.64590075628118,-15.2570182,2026-04-07T09:22:32
212.946902,18.290582,1.6458946375169,-15.2560015,2026-04-07T09:23:32
213.178004,18.198232,1.64588851915978,-15.2549879,2026-04-07T09:24:32
213.408729,18.105311,1.64588240120856,-15.2539773,2026-04-07T09:25:32
213.639077,18.01182,1.64587628366198,-15.25297,2026-04-07T09:26:32
213.869047,17.917763,1.64587016651878,-15.2519658,2026-04-07T09:27:32
214.09864,17.823142,1.6458640497777,-15.2509647,2026-04-07T09:28:32
214.327854,17.727958,1.64585793343745,-15.2499669,2026-04-07T09:29:32
214.556688,17.632215,1.64585181749672,-15.2489723,2026-04-07T09:30:32
214.785144,17.535916,1.64584570195423,-15.247981,2026-04-07T09:31:32
215.013221,17.439061,1.64583958680868,-15.2469929,2026-04-07T09:32:32
215.240917,17.341655,1.64583347205875,-15.2460081,2026-04-07T09:33:32
215.468234,17.243699,1.6458273577031,-15.2450267,2026-04-07T09:34:32
215.69517,17.145196,1.64582124374042,-15.2440485,2026-04-07T09:35:32
215.921727,17.046148,1.64581513016937,-15.2430737,2026-04-07T09:36:32
216.147902,16.946558,1.64580901698859,-15.2421023,2026-04-07T09:37:32
216.373697,16.846429,1.64580290419674,-15.2411342,2026-04-07T09:38:32
216.599112,16.745762,1.64579679179244,-15.2401696,2026-04-07T09:39:32
216.824146,16.64456,1.64579067977432,-15.2392084,2026-04-07T09:40:32
217.0488,16.542825,1.64578456814101,-15.2382507,2026-04-07T09:41:32
217.273072,16.440561,1.64577845689113,-15.2372964,2026-04-07T09:42:32
217.496965,16.33777,1.64577234602327,-15.2363456,2026-04-07T09:43:32
217.720476,16.234453,1.64576623553603,-15.2353983,2026-04-07T09:44:32
217.943608,16.130614,1.645760125428,-15.2344546,2026-04-07T09:45:32
218.166359,16.026255,1.64575401569775,-15.2335143,2026-04-07T09:46:32
218.388731,15.921379,1.64574790634387,-15.2325777,2026-04-07T09:47:32
218.610723,15.815987,1.64574179736492,-15.2316447,2026-04-07T09:48:32
218.832335,15.710083,1.64573568875945,-15.2307152,2026-04-07T09:49:32
219.053568,15.603668,1.64572958052602,-15.2297894,2026-04-07T09:50:32
219.274422,15.496746,1.64572347266316,-15.2288672,2026-04-07T09:51:32
219.494898,15.389318,1.64571736516942,-15.2279487,2026-04-07T09:52:32
219.714995,15.281388,1.64571125804331,-15.2270339,2026-04-07T09:53:32
219.934715,15.172957,1.64570515128337,-15.2261228,2026-04-07T09:54:32
220.154057,15.064028,1.64569904488808,-15.2252154,2026-04-07T09:55:32
220.373022,14.954604,1.64569293885597,-15.2243117,2026-04-07T09:56:32
220.591611,14.844687,1.64568683318552,-15.2234118,2026-04-07T09:57:32
220.809823,14.734279,1.64568072787522,-15.2225157,2026-04-07T09:58:32
221.027661,14.623384,1.64567462292357,-15.2216234,2026-04-07T09:59:32
221.245123,14.512002,1.64566851832902,-15.2207349,2026-04-07T10:00:32
221.462211,14.400138,1.64566241409004,-15.2198502,2026-04-07T10:01:32
221.678925,14.287792,1.6456563102051,-15.2189694,2026-04-07T10:02:32
221.895267,14.174968,1.64565020667265,-15.2180924,2026-04-07T10:03:32
222.111236,14.061669,1.64564410349111,-15.2172194,2026-04-07T10:04:32
222.326833,13.947895,1.64563800065894,-15.2163502,2026-04-07T10:05:32
222.542059,13.833651,1.64563189817458,-15.215485,2026-04-07T10:06:32
222.756915,13.718938,1.64562579603642,-15.2146237,2026-04-07T10:07:32
222.971401,13.603759,1.64561969424289,-15.2137664,2026-04-07T10:08:32
223.185519,13.488116,1.6456135927924,-15.2129131,2026-04-07T10:09:32
223.399268,13.372012,1.64560749168334,-15.2120638,2026-04-07T10:10:32
223.612651,13.255448,1.64560139091411,-15.2112184,2026-04-07T10:11:32
223.825667,13.138428,1.64559529048309,-15.2103771,2026-04-07T10:12:32
224.038318,13.020954,1.64558919038868,-15.2095399,2026-04-07T10:13:32
224.250605,12.903028,1.64558309062922,-15.2087067,2026-04-07T10:14:32
224.462528,12.784653,1.64557699120309,-15.2078777,2026-04-07T10:15:32
224.674089,12.66583,1.64557089210865,-15.2070527,2026-04-07T10:16:32
224.885287,12.546563,1.64556479334425,-15.2062318,2026-04-07T10:17:32
225.096126,12.426854,1.64555869490823,-15.2054151,2026-04-07T10:18:32
225.306604,12.306705,1.64555259679892,-15.2046026,2026-04-07T10:19:32
225.516724,12.186118,1.64554649901467,-15.2037942,2026-04-07T10:20:32
225.726487,12.065097,1.64554040155378,-15.20299,2026-04-07T10:21:32
225.935893,11.943642,1.64553430441458,-15.20219,2026-04-07T10:22:32
226.144944,11.821757,1.64552820759537,-15.2013942,2026-04-07T10:23:32
226.353641,11.699444,1.64552211109447,-15.2006027,2026-04-07T10:24:32
226.561984,11.576705,1.64551601491016,-15.1998154,2026-04-07T10:25:32
226.769976,11.453543,1.64550991904073,-15.1990324,2026-04-07T10:26:32
226.977617,11.32996,1.64550382348447,-15.1982537,2026-04-07T10:27:32
227.184908,11.205958,1.64549772823964,-15.1974794,2026-04-07T10:28:32
227.391851,11.08154,1.64549163330454,-15.1967093,2026-04-07T10:29:32
227.598447,10.956708,1.6454855386774,-15.1959436,2026-04-07T10:30:32
227.804697,10.831464,1.6454794443565,-15.1951822,2026-04-07T10:31:32
228.010603,10.70581,1.64547335034006,-15.1944252,2026-04-07T10:32:32
228.216165,10.57975,1.64546725662636,-15.1936726,2026-04-07T10:33:32
228.421385,10.453285,1.64546116321362,-15.1929244,2026-04-07T10:34:32
228.626265,10.326417,1.64545507010007,-15.1921806,2026-04-07T10:35:32
228.830805,10.199148,1.64544897728393,-15.1914412,2026-04-07T10:36:32
229.035008,10.071482,1.64544288476342,-15.1907063,2026-04-07T10:37:32
229.238874,9.943421,1.64543679253675,-15.1899759,2026-04-07T10:38:32
229.442405,9.814965,1.64543070060213,-15.1892499,2026-04-07T10:39:32
229.645602,9.686119,1.64542460895777,-15.1885285,2026-04-07T10:40:32
229.848467,9.556884,1.64541851760184,-15.1878115,2026-04-07T10:41:32
230.051002,9.427262,1.64541242653253,-15.1870991,2026-04-07T10:42:32
230.253207,9.297256,1.64540633574803,-15.1863913,2026-04-07T10:43:32
230.455084,9.166868,1.64540024524652,-15.1856879,2026-04-07T10:44:32
230.656634,9.036099,1.64539415502616,-15.1849892,2026-04-07T10:45:32
230.85786,8.904953,1.64538806508511,-15.1842951,2026-04-07T10:46:32
231.058762,8.773432,1.64538197542153,-15.1836055,2026-04-07T10:47:32
231.259343,8.641538,1.64537588603357,-15.1829206,2026-04-07T10:48:32
231.459604,8.509272,1.64536979691936,-15.1822403,2026-04-07T10:49:32
231.659545,8.376638,1.64536370807707,-15.1815647,2026-04-07T10:50:32
231.85917,8.243637,1.64535761950481,-15.1808937,2026-04-07T10:51:32
232.058479,8.110271,1.64535153120071,-15.1802274,2026-04-07T10:52:32
232.257475,7.976544,1.6453454431629,-15.1795658,2026-04-07T10:53:32
232.456158,7.842456,1.64533935538948,-15.1789089,2026-04-07T10:54:32
232.654531,7.708011,1.64533326787858,-15.1782567,2026-04-07T10:55:32
232.852595,7.57321,1.64532718062828,-15.1776093,2026-04-07T10:56:32
233.050352,7.438055,1.64532109363671,-15.1769666,2026-04-07T10:57:32
233.247803,7.302549,1.64531500690193,-15.1763287,2026-04-07T10:58:32
233.44495,7.166694,1.64530892042205,-15.1756955,2026-04-07T10:59:32
233.641795,7.030492,1.64530283419514,-15.1750671,2026-04-07T11:00:32
233.83834,6.893944,1.64529674821928,-15.1744436,2026-04-07T11:01:32
234.034586,6.757054,1.64529066249254,-15.1738248,2026-04-07T11:02:32
234.230536,6.619824,1.64528457701299,-15.1732109,2026-04-07T11:03:32
234.42619,6.482254,1.6452784917787,-15.1726018,2026-04-07T11:04:32
234.621551,6.344349,1.64527240678769,-15.1719976,2026-04-07T11:05:32
234.81662,6.206109,1.64526632203805,-15.1713982,2026-04-07T11:06:32
235.011399,6.067536,1.64526023752779,-15.1708038,2026-04-07T11:07:32
235.205891,5.928634,1.64525415325498,-15.1702142,2026-04-07T11:08:32
235.400096,5.789404,1.64524806921763,-15.1696295,2026-04-07T11:09:32
235.594018,5.649847,1.64524198541379,-15.1690498,2026-04-07T11:10:32
235.787656,5.509967,1.64523590184146,-15.168475,2026-04-07T11:11:32
235.981015,5.369765,1.64522981849868,-15.1679051,2026-04-07T11:12:32
236.174094,5.229243,1.64522373538344,-15.1673402,2026-04-07T11:13:32
236.366897,5.088403,1.64521765249378,-15.1667803,2026-04-07T11:14:32
236.559425,4.947248,1.64521156982768,-15.1662253,2026-04-07T11:15:32
236.751679,4.805779,1.64520548738314,-15.1656754,2026-04-07T11:16:32
236.943663,4.663998,1.64519940515817,-15.1651304,2026-04-07T11:17:32
237.135378,4.521908,1.64519332315074,-15.1645905,2026-04-07T11:18:32
237.326825,4.379511,1.64518724135885,-15.1640556,2026-04-07T11:19:32
237.518007,4.236808,1.64518115978046,-15.1635258,2026-04-07T11:20:32
237.708926,4.093801,1.64517507841356,-15.163001,2026-04-07T11:21:32
237.899583,3.950493,1.64516899725613,-15.1624812,2026-04-07T11:22:32
238.089981,3.806885,1.64516291630611,-15.1619666,2026-04-07T11:23:32
238.280122,3.66298,1.64515683556148,-15.161457,2026-04-07T11:24:32
238.470007,3.518779,1.64515075502019,-15.1609526,2026-04-07T11:25:32
238.659639,3.374285,1.64514467468018,-15.1604532,2026-04-07T11:26:32
238.849019,3.229499,1.64513859453942,-15.159959,2026-04-07T11:27:32
239.03815,3.084424,1.64513251459584,-15.1594699,2026-04-07T11:28:32
239.227034,2.939061,1.64512643484738,-15.158986,2026-04-07T11:29:32
239.415672,2.793412,1.64512035529197,-15.1585072,2026-04-07T11:30:32
239.604067,2.64748,1.64511427592755,-15.1580336,2026-04-07T11:31:32
239.792222,2.501266,1.64510819675203,-15.1575652,2026-04-07T11:32:32
239.980137,2.354772,1.64510211776334,-15.1571019,2026-04-07T11:33:32
240.167815,2.208,1.64509603895941,-15.1566439,2026-04-07T11:34:32
240.355258,2.060952,1.64508996033813,-15.156191,2026-04-07T11:35:32
240.542468,1.91363,1.64508388189742,-15.1557434,2026-04-07T11:36:32
240.729448,1.766035,1.64507780363518,-15.155301,2026-04-07T11:37:32
240.916199,1.618171,1.64507172554932,-15.1548639,2026-04-07T11:38:32
241.102724,1.470038,1.64506564763773,-15.154432,2026-04-07T11:39:32
241.289024,1.321638,1.64505956989829,-15.1540053,2026-04-07T11:40:32
241.475102,1.172974,1.64505349232891,-15.153584,2026-04-07T11:41:32
241.66096,1.024048,1.64504741492748,-15.1531679,2026-04-07T11:42:32
241.8466,0.87486,1.64504133769185,-15.1527571,2026-04-07T11:43:32
242.032025,0.725414,1.64503526061991,-15.1523516,2026-04-07T11:44:32
242.217236,0.57571,1.64502918370955,-15.1519514,2026-04-07T11:45:32
242.402236,0.425751,1.64502310695862,-15.1515565,2026-04-07T11:46:32
242.587026,0.275539,1.64501703036498,-15.1511669,2026-04-07T11:47:32
242.77161,0.125075,1.64501095392652,-15.1507827,2026-04-07T11:48:32
242.955989,-0.025638,1.64500487764108,-15.1504038,2026-04-07T11:49:32
243.140165,-0.176599,1.64499880150652,-15.1500303,2026-04-07T11:50:32
243.324141,-0.327806,1.64499272552068,-15.1496622,2026-04-07T11:51:32
243.50792,-0.479258,1.64498664968143,-15.1492994,2026-04-07T11:52:32
243.691502,-0.630952,1.64498057398658,-15.148942,2026-04-07T11:53:32
243.874891,-0.782886,1.64497449843401,-15.1485899,2026-04-07T11:54:32
244.058088,-0.935059,1.64496842302154,-15.1482433,2026-04-07T11:55:32
244.241096,-1.087469,1.644962347747,-15.1479021,2026-04-07T11:56:32
244.423918,-1.240115,1.64495627260823,-15.1475663,2026-04-07T11:57:32
244.606555,-1.392993,1.64495019760305,-15.1472359,2026-04-07T11:58:32
244.78901,-1.546104,1.6449441227293,-15.1469109,2026-04-07T11:59:32
244.971285,-1.699444,1.64493804798477,-15.1465914,2026-04-07T12:00:32
245.153383,-1.853012,1.64493197336731,-15.1462773,2026-04-07T12:01:32
245.335305,-2.006806,1.64492589887473,-15.1459686,2026-04-07T12:02:32
245.517054,-2.160824,1.64491982450483,-15.1456655,2026-04-07T12:03:32
245.698633,-2.315066,1.64491375025542,-15.1453678,2026-04-07T12:04:32
245.880043,-2.469528,1.64490767612432,-15.1450755,2026-04-07T12:05:32
246.061287,-2.62421,1.64490160210934,-15.1447888,2026-04-07T12:06:32
246.242368,-2.779109,1.64489552820825,-15.1445075,2026-04-07T12:07:32
246.423288,-2.934223,1.64488945441887,-15.1442317,2026-04-07T12:08:32
246.604048,-3.089552,1.64488338073898,-15.1439614,2026-04-07T12:09:32
246.784652,-3.245093,1.6448773071664,-15.1436967,2026-04-07T12:10:32
246.965102,-3.400844,1.64487123369888,-15.1434374,2026-04-07T12:11:32
247.145401,-3.556805,1.64486516033424,-15.1431837,2026-04-07T12:12:32
247.32555,-3.712972,1.64485908707025,-15.1429355,2026-04-07T12:13:32
247.505552,-3.869344,1.6448530139047,-15.1426928,2026-04-07T12:14:32
247.685409,-4.025921,1.64484694083536,-15.1424557,2026-04-07T12:15:32
247.865124,-4.182699,1.64484086786001,-15.1422241,2026-04-07T12:16:32
248.0447,-4.339677,1.64483479497643,-15.1419981,2026-04-07T12:17:32
248.224139,-4.496854,1.64482872218237,-15.1417776,2026-04-07T12:18:32
248.403442,-4.654228,1.64482264947563,-15.1415627,2026-04-07T12:19:32
248.582614,-4.811797,1.64481657685397,-15.1413533,2026-04-07T12:20:32
248.761655,-4.96956,1.64481050431514,-15.1411496,2026-04-07T12:21:32
248.940569,-5.127514,1.64480443185691,-15.1409514,2026-04-07T12:22:32
249.119359,-5.285658,1.64479835947705,-15.1407588,2026-04-07T12:23:32
249.298025,-5.443991,1.6447922871733,-15.1405718,2026-04-07T12:24:32
249.476572,-5.60251,1.64478621494343,-15.1403904,2026-04-07T12:25:32
249.655001,-5.761215,1.6447801427852,-15.1402146,2026-04-07T12:26:32
249.833316,-5.920103,1.64477407069635,-15.1400444,2026-04-07T12:27:32
250.011518,-6.079173,1.64476799867463,-15.1398798,2026-04-07T12:28:32
250.18961,-6.238423,1.6447619267178,-15.1397208,2026-04-07T12:29:32
250.367594,-6.397852,1.64475585482359,-15.1395675,2026-04-07T12:30:32
250.545474,-6.557457,1.64474978298976,-15.1394198,2026-04-07T12:31:32
250.723252,-6.717238,1.64474371121404,-15.1392777,2026-04-07T12:32:32
250.90093,-6.877192,1.64473763949418,-15.1391412,2026-04-07T12:33:32
251.07851,-7.037318,1.64473156782792,-15.1390104,2026-04-07T12:34:32
251.255996,-7.197614,1.64472549621298,-15.1388852,2026-04-07T12:35:32
251.43339,-7.358079,1.64471942464713,-15.1387657,2026-04-07T12:36:32
251.610695,-7.518712,1.64471335312808,-15.1386518,2026-04-07T12:37:32
251.787913,-7.679509,1.64470728165356,-15.1385436,2026-04-07T12:38:32
251.965046,-7.84047,1.64470121022131,-15.138441,2026-04-07T12:39:32
252.142099,-8.001594,1.64469513882907,-15.1383441,2026-04-07T12:40:32
252.319072,-8.162878,1.64468906747455,-15.1382529,2026-04-07T12:41:32
252.495968,-8.324321,1.64468299615549,-15.1381673,2026-04-07T12:42:32
252.672791,-8.485922,1.64467692486961,-15.1380874,2026-04-07T12:43:32
252.849544,-8.647678,1.64467085361463,-15.1380132,2026-04-07T12:44:32
253.026227,-8.809588,1.64466478238829,-15.1379446,2026-04-07T12:45:32
253.202845,-8.971651,1.6446587111883,-15.1378818,2026-04-07T12:46:32
253.3794,-9.133865,1.64465264001237,-15.1378246,2026-04-07T12:47:32
253.555895,-9.296228,1.64464656885824,-15.1377731,2026-04-07T12:48:32
253.732332,-9.458739,1.64464049772362,-15.1377273,2026-04-07T12:49:32
253.908714,-9.621396,1.64463442660624,-15.1376872,2026-04-07T12:50:32
254.085044,-9.784198,1.64462835550379,-15.1376527,2026-04-07T12:51:32
254.261325,-9.947143,1.64462228441401,-15.137624,2026-04-07T12:52:32
254.437558,-10.110229,1.64461621333461,-15.137601,2026-04-07T12:53:32
254.613748,-10.273455,1.6446101422633,-15.1375837,2026-04-07T12:54:32
254.789897,-10.436819,1.64460407119779,-15.137572,2026-04-07T12:55:32
254.966007,-10.60032,1.64459800013579,-15.1375661,2026-04-07T12:56:32
255.142081,-10.763956,1.64459192907504,-15.1375659,2026-04-07T12:57:32
255.318123,-10.927726,1.64458585801322,-15.1375714,2026-04-07T12:58:32
255.494135,-11.091628,1.64457978694805,-15.1375826,2026-04-07T12:59:32
255.670119,-11.25566,1.64457371587724,-15.1375995,2026-04-07T13:00:32
255.846079,-11.419821,1.6445676447985,-15.1376221,2026-04-07T13:01:32
256.022017,-11.584109,1.64456157370955,-15.1376505,2026-04-07T13:02:32
256.197936,-11.748523,1.64455550260808,-15.1376845,2026-04-07T13:03:32
256.37384,-11.913061,1.64454943149181,-15.1377243,2026-04-07T13:04:32
256.549731,-12.077721,1.64454336035845,-15.1377698,2026-04-07T13:05:32
256.725611,-12.242503,1.6445372892057,-15.137821,2026-04-07T13:06:32
256.901484,-12.407404,1.64453121803126,-15.1378779,2026-04-07T13:07:32
257.077353,-12.572423,1.64452514683285,-15.1379405,2026-04-07T13:08:32
257.25322,-12.737558,1.64451907560818,-15.1380089,2026-04-07T13:09:32
257.429089,-12.902809,1.64451300435495,-15.138083,2026-04-07T13:10:32
257.604962,-13.068172,1.64450693307086,-15.1381627,2026-04-07T13:11:32
257.780842,-13.233647,1.64450086175362,-15.1382482,2026-04-07T13:12:32
257.956733,-13.399232,1.64449479040095,-15.1383395,2026-04-07T13:13:32
258.132637,-13.564926,1.64448871901053,-15.1384364,2026-04-07T13:14:32
258.308557,-13.730727,1.64448264758009,-15.1385391,2026-04-07T13:15:32
258.484497,-13.896633,1.64447657610735,-15.1386475,2026-04-07T13:16:32
258.660458,-14.062643,1.64447050458997,-15.1387616,2026-04-07T13:17:32
258.836445,-14.228755,1.64446443302569,-15.1388814,2026-04-07T13:18:32
259.012461,-14.394968,1.64445836141222,-15.1390069,2026-04-07T13:19:32
259.188507,-14.561281,1.64445228974725,-15.1391382,2026-04-07T13:20:32
259.364588,-14.727691,1.64444621802848,-15.1392751,2026-04-07T13:21:32
259.540707,-14.894197,1.64444014625366,-15.1394178,2026-04-07T13:22:32
259.716866,-15.060798,1.64443407442045,-15.1395662,2026-04-07T13:23:32
259.893069,-15.227492,1.6444280025266,-15.1397203,2026-04-07T13:24:32
260.069319,-15.394278,1.6444219305698,-15.1398801,2026-04-07T13:25:32
260.245618,-15.561153,1.64441585854775,-15.1400456,2026-04-07T13:26:32
260.421971,-15.728117,1.64440978645818,-15.1402168,2026-04-07T13:27:32
260.59838,-15.895167,1.64440371429879,-15.1403938,2026-04-07T13:28:32
260.774848,-16.062303,1.6443976420673,-15.1405764,2026-04-07T13:29:32
260.951379,-16.229522,1.64439156976143,-15.1407647,2026-04-07T13:30:32
261.127976,-16.396824,1.64438549737887,-15.1409588,2026-04-07T13:31:32
261.304641,-16.564206,1.64437942491735,-15.1411585,2026-04-07T13:32:32
261.481379,-16.731667,1.64437335237459,-15.1413639,2026-04-07T13:33:32
261.658193,-16.899206,1.6443672797483,-15.141575,2026-04-07T13:34:32
261.835085,-17.066821,1.64436120703619,-15.1417918,2026-04-07T13:35:32
262.012059,-17.234509,1.64435513423599,-15.1420143,2026-04-07T13:36:32
262.189119,-17.402271,1.64434906134541,-15.1422425,2026-04-07T13:37:32
262.366267,-17.570104,1.64434298836217,-15.1424764,2026-04-07T13:38:32
262.543507,-17.738006,1.64433691528401,-15.1427159,2026-04-07T13:39:32
262.720843,-17.905977,1.64433084210863,-15.1429612,2026-04-07T13:40:32
262.898277,-18.074014,1.64432476883376,-15.1432121,2026-04-07T13:41:32
263.075814,-18.242116,1.64431869545713,-15.1434686,2026-04-07T13:42:32
263.253455,-18.410281,1.64431262197648,-15.1437309,2026-04-07T13:43:32
263.431206,-18.578508,1.6443065483895,-15.1439988,2026-04-07T13:44:32
263.609069,-18.746795,1.64430047469396,-15.1442723,2026-04-07T13:45:32
263.787048,-18.915141,1.64429440088755,-15.1445515,2026-04-07T13:46:32
263.965146,-19.083544,1.64428832696803,-15.1448364,2026-04-07T13:47:32
264.143367,-19.252002,1.64428225293314,-15.1451269,2026-04-07T13:48:32
264.321713,-19.420514,1.64427617878059,-15.1454231,2026-04-07T13:49:32
264.50019,-19.589078,1.64427010450813,-15.1457249,2026-04-07T13:50:32
264.6788,-19.757692,1.6442640301135,-15.1460323,2026-04-07T13:51:32
264.857547,-19.926356,1.64425795559444,-15.1463454,2026-04-07T13:52:32
265.036434,-20.095067,1.64425188094868,-15.1466641,2026-04-07T13:53:32
265.215465,-20.263824,1.64424580617398,-15.1469884,2026-04-07T13:54:32
265.394644,-20.432625,1.64423973126808,-15.1473184,2026-04-07T13:55:32
265.573975,-20.601469,1.64423365622872,-15.147654,2026-04-07T13:56:32
265.75346,-20.770354,1.64422758105365,-15.1479951,2026-04-07T13:57:32
265.933103,-20.939278,1.64422150574063,-15.1483419,2026-04-07T13:58:32
266.11291,-21.10824,1.64421543028741,-15.1486943,2026-04-07T13:59:32
266.292882,-21.277237,1.64420935469173,-15.1490523,2026-04-07T14:00:32
266.473024,-21.446269,1.64420327895138,-15.1494158,2026-04-07T14:01:32
266.653339,-21.615334,1.64419720306408,-15.149785,2026-04-07T14:02:32
266.833832,-21.78443,1.64419112702762,-15.1501597,2026-04-07T14:03:32
267.014506,-21.953556,1.64418505083976,-15.15054,2026-04-07T14:04:32
267.195365,-22.12271,1.64417897449825,-15.1509259,2026-04-07T14:05:32
267.376413,-22.291889,1.64417289800087,-15.1513173,2026-04-07T14:06:32
267.557654,-22.461093,1.6441668213454,-15.1517143,2026-04-07T14:07:32
267.739091,-22.63032,1.64416074452958,-15.1521168,2026-04-07T14:08:32
267.920729,-22.799568,1.64415466755122,-15.1525249,2026-04-07T14:09:32
268.102571,-22.968836,1.64414859040808,-15.1529385,2026-04-07T14:10:32
268.284622,-23.138122,1.64414251309795,-15.1533577,2026-04-07T14:11:32
268.466885,-23.307423,1.64413643561861,-15.1537823,2026-04-07T14:12:32
268.649364,-23.476739,1.64413035796784,-15.1542125,2026-04-07T14:13:32
268.832065,-23.646068,1.64412428014342,-15.1546482,2026-04-07T14:14:32
269.014989,-23.815408,1.64411820214316,-15.1550894,2026-04-07T14:15:32
269.198143,-23.984757,1.64411212396484,-15.1555362,2026-04-07T14:16:32
269.381529,-24.154113,1.64410604560627,-15.1559884,2026-04-07T14:17:32
269.565152,-24.323476,1.64409996706524,-15.156446,2026-04-07T14:18:32
269.749017,-24.492842,1.64409388833954,-15.1569092,2026-04-07T14:19:32
269.933126,-24.662211,1.64408780942699,-15.1573778,2026-04-07T14:20:32
270.117485,-24.831581,1.64408173032539,-15.1578519,2026-04-07T14:21:32
270.302098,-25.000949,1.64407565103255,-15.1583315,2026-04-07T14:22:32
270.486969,-25.170315,1.6440695715463,-15.1588165,2026-04-07T14:23:32
270.672103,-25.339676,1.64406349186443,-15.1593069,2026-04-07T14:24:32
270.857503,-25.50903,1.64405741198478,-15.1598028,2026-04-07T14:25:32
271.043174,-25.678376,1.64405133190517,-15.1603041,2026-04-07T14:26:32
271.229121,-25.847713,1.64404525162342,-15.1608108,2026-04-07T14:27:32
271.415347,-26.017037,1.64403917113736,-15.161323,2026-04-07T14:28:32
271.601858,-26.186348,1.64403309044481,-15.1618405,2026-04-07T14:29:32
271.788658,-26.355643,1.64402700954364,-15.1623634,2026-04-07T14:30:32
271.975751,-26.524921,1.64402092843165,-15.1628917,2026-04-07T14:31:32
272.163142,-26.69418,1.64401484710671,-15.1634254,2026-04-07T14:32:32
272.350835,-26.863418,1.64400876556665,-15.1639644,2026-04-07T14:33:32
272.538836,-27.032633,1.64400268380933,-15.1645089,2026-04-07T14:34:32
272.727148,-27.201823,1.6439966018326,-15.1650586,2026-04-07T14:35:32
272.915776,-27.370987,1.64399051963431,-15.1656137,2026-04-07T14:36:32
273.104726,-27.540123,1.64398443721232,-15.1661741,2026-04-07T14:37:32
273.294001,-27.709228,1.6439783545645,-15.1667399,2026-04-07T14:38:32
273.483606,-27.878301,1.64397227168872,-15.1673109,2026-04-07T14:39:32
273.673547,-28.04734,1.64396618858284,-15.1678873,2026-04-07T14:40:32
273.863828,-28.216343,1.64396010524474,-15.168469,2026-04-07T14:41:32
274.054454,-28.385307,1.64395402167231,-15.1690559,2026-04-07T14:42:32
274.24543,-28.554232,1.64394793786341,-15.1696481,2026-04-07T14:43:32
274.436761,-28.723115,1.64394185381594,-15.1702456,2026-04-07T14:44:32
274.628451,-28.891955,1.64393576952778,-15.1708484,2026-04-07T14:45:32
274.820507,-29.060748,1.64392968499684,-15.1714564,2026-04-07T14:46:32
275.012932,-29.229493,1.64392360022099,-15.1720696,2026-04-07T14:47:32
275.205732,-29.398189,1.64391751519817,-15.172688,2026-04-07T14:48:32
275.398911,-29.566833,1.64391142992628,-15.1733117,2026-04-07T14:49:32
275.592476,-29.735423,1.64390534440319,-15.1739406,2026-04-07T14:50:32
275.786432,-29.903957,1.64389925862685,-15.1745747,2026-04-07T14:51:32
275.980782,-30.072434,1.64389317259517,-15.1752139,2026-04-07T14:52:32
276.175534,-30.24085,1.64388708630607,-15.1758583,2026-04-07T14:53:32
276.370691,-30.409204,1.64388099975748,-15.1765079,2026-04-07T14:54:32
276.56626,-30.577494,1.64387491294733,-15.1771627,2026-04-07T14:55:32
276.762245,-30.745718,1.64386882587355,-15.1778226,2026-04-07T14:56:32
276.958653,-30.913874,1.6438627385341,-15.1784876,2026-04-07T14:57:32
277.155488,-31.081959,1.6438566509269,-15.1791577,2026-04-07T14:58:32
277.352756,-31.249971,1.64385056304992,-15.179833,2026-04-07T14:59:32
277.550463,-31.417909,1.64384447490108,-15.1805133,2026-04-07T15:00:32
277.748614,-31.585769,1.64383838647838,-15.1811988,2026-04-07T15:01:32
277.947214,-31.753551,1.64383229777976,-15.1818893,2026-04-07T15:02:32
278.14627,-31.921251,1.64382620880319,-15.1825848,2026-04-07T15:03:32
278.345787,-32.088868,1.64382011954664,-15.1832854,2026-04-07T15:04:32
278.545771,-32.256398,1.64381403000809,-15.1839911,2026-04-07T15:05:32
278.746227,-32.423841,1.64380794018552,-15.1847018,2026-04-07T15:06:32
278.947162,-32.591194,1.64380185007691,-15.1854175,2026-04-07T15:07:32
279.148581,-32.758454,1.64379575968026,-15.1861382,2026-04-07T15:08:32
279.35049,-32.925619,1.64378966899357,-15.1868639,2026-04-07T15:09:32
279.552895,-33.092687,1.64378357801482,-15.1875946,2026-04-07T15:10:32
279.755802,-33.259655,1.64377748674204,-15.1883302,2026-04-07T15:11:32
279.959217,-33.426521,1.64377139517322,-15.1890708,2026-04-07T15:12:32
280.163146,-33.593284,1.64376530330639,-15.1898164,2026-04-07T15:13:32
280.367595,-33.759939,1.64375921113957,-15.1905668,2026-04-07T15:14:32
280.572571,-33.926486,1.64375311867077,-15.1913222,2026-04-07T15:15:32
280.77808,-34.092921,1.64374702589803,-15.1920825,2026-04-07T15:16:32
280.984127,-34.259243,1.64374093281939,-15.1928477,2026-04-07T15:17:32
281.19072,-34.425448,1.64373483943289,-15.1936177,2026-04-07T15:18:32
281.397864,-34.591534,1.64372874573658,-15.1943927,2026-04-07T15:19:32
281.605566,-34.757499,1.64372265172849,-15.1951724,2026-04-07T15:20:32
281.813833,-34.92334,1.6437165574067,-15.1959571,2026-04-07T15:21:32
282.02267,-35.089055,1.64371046276926,-15.1967465,2026-04-07T15:22:32
282.232085,-35.254641,1.64370436781425,-15.1975408,2026-04-07T15:23:32
282.442084,-35.420096,1.64369827253974,-15.1983398,2026-04-07T15:24:32
282.652674,-35.585416,1.64369217694379,-15.1991436,2026-04-07T15:25:32
282.863861,-35.7506,1.64368608102451,-15.1999522,2026-04-07T15:26:32
283.075652,-35.915645,1.64367998477997,-15.2007656,2026-04-07T15:27:32
283.288053,-36.080547,1.64367388820828,-15.2015837,2026-04-07T15:28:32
283.501073,-36.245305,1.64366779130752,-15.2024065,2026-04-07T15:29:32
283.714717,-36.409916,1.64366169407582,-15.2032341,2026-04-07T15:30:32
283.928993,-36.574376,1.64365559651127,-15.2040663,2026-04-07T15:31:32
284.143907,-36.738684,1.64364949861201,-15.2049033,2026-04-07T15:32:32
284.359467,-36.902836,1.64364340037614,-15.2057449,2026-04-07T15:33:32
284.57568,-37.06683,1.64363730180181,-15.2065911,2026-04-07T15:34:32
284.792552,-37.230662,1.64363120288715,-15.207442,2026-04-07T15:35:32
285.010092,-37.39433,1.64362510363029,-15.2082976,2026-04-07T15:36:32
285.228306,-37.557832,1.64361900402938,-15.2091577,2026-04-07T15:37:32
285.447201,-37.721163,1.64361290408258,-15.2100225,2026-04-07T15:38:32
285.666785,-37.884322,1.64360680378804,-15.2108918,2026-04-07T15:39:32
285.887066,-38.047305,1.64360070314394,-15.2117657,2026-04-07T15:40:32
286.108051,-38.210109,1.64359460214844,-15.2126442,2026-04-07T15:41:32
286.329747,-38.372732,1.64358850079971,-15.2135272,2026-04-07T15:42:32
286.552161,-38.53517,1.64358239909593,-15.2144147,2026-04-07T15:43:32
286.775303,-38.69742,1.64357629703531,-15.2153067,2026-04-07T15:44:32
286.999179,-38.85948,1.64357019461604,-15.2162032,2026-04-07T15:45:32
287.223796,-39.021345,1.64356409183629,-15.2171042,2026-04-07T15:46:32
287.449164,-39.183013,1.64355798869432,-15.2180097,2026-04-07T15:47:32
287.675289,-39.344481,1.6435518851883,-15.2189196,2026-04-07T15:48:32
287.902179,-39.505746,1.64354578131646,-15.2198339,2026-04-07T15:49:32
288.129844,-39.666804,1.64353967707705,-15.2207527,2026-04-07T15:50:32
288.358289,-39.827652,1.64353357246827,-15.2216758,2026-04-07T15:51:32
288.587524,-39.988286,1.64352746748838,-15.2226033,2026-04-07T15:52:32
288.817557,-40.148704,1.64352136213562,-15.2235352,2026-04-07T15:53:32
289.048396,-40.308903,1.64351525640824,-15.2244715,2026-04-07T15:54:32
289.280049,-40.468878,1.6435091503045,-15.225412,2026-04-07T15:55:32
289.512525,-40.628626,1.64350304382267,-15.2263569,2026-04-07T15:56:32
289.745831,-40.788144,1.64349693696101,-15.2273061,2026-04-07T15:57:32
289.979976,-40.947429,1.6434908297178,-15.2282596,2026-04-07T15:58:32
290.214969,-41.106476,1.64348472209135,-15.2292174,2026-04-07T15:59:32
290.450818,-41.265283,1.64347861407992,-15.2301794,2026-04-07T16:00:32
290.687532,-41.423845,1.64347250568182,-15.2311456,2026-04-07T16:01:32
290.92512,-41.58216,1.64346639689535,-15.2321161,2026-04-07T16:02:32
291.163589,-41.740223,1.64346028771884,-15.2330907,2026-04-07T16:03:32
291.402949,-41.898031,1.64345417815058,-15.2340696,2026-04-07T16:04:32
291.643209,-42.05558,1.64344806818892,-15.2350526,2026-04-07T16:05:32
291.884377,-42.212866,1.64344195783218,-15.2360397,2026-04-07T16:06:32
292.126462,-42.369886,1.6434358470787,-15.237031,2026-04-07T16:07:32
292.369474,-42.526636,1.64342973592684,-15.2380264,2026-04-07T16:08:32
292.613421,-42.683112,1.64342362437493,-15.2390259,2026-04-07T16:09:32
292.858313,-42.839309,1.64341751242135,-15.2400295,2026-04-07T16:10:32
293.104157,-42.995225,1.64341140006445,-15.2410371,2026-04-07T16:11:32
293.350965,-43.150854,1.64340528730262,-15.2420488,2026-04-07T16:12:32
293.598744,-43.306194,1.64339917413424,-15.2430645,2026-04-07T16:13:32
293.847505,-43.461239,1.64339306055768,-15.2440843,2026-04-07T16:14:32
294.097256,-43.615987,1.64338694657135,-15.245108,2026-04-07T16:15:32
294.348007,-43.770432,1.64338083217365,-15.2461357,2026-04-07T16:16:32
294.599767,-43.924571,1.643374717363,-15.2471673,2026-04-07T16:17:32
294.852546,-44.078399,1.6433686021378,-15.2482029,2026-04-07T16:18:32
295.106353,-44.231912,1.64336248649647,-15.2492424,2026-04-07T16:19:32
295.361198,-44.385106,1.64335637043747,-15.2502858,2026-04-07T16:20:32
295.61709,-44.537976,1.64335025395923,-15.2513331,2026-04-07T16:21:32
295.87404,-44.690519,1.64334413706018,-15.2523843,2026-04-07T16:22:32
296.132056,-44.842729,1.64333801973878,-15.2534393,2026-04-07T16:23:32
296.39115,-44.994602,1.6433319019935,-15.2544981,2026-04-07T16:24:32
296.651329,-45.146133,1.64332578382279,-15.2555607,2026-04-07T16:25:32
296.912605,-45.297319,1.64331966522514,-15.2566272,2026-04-07T16:26:32
297.174987,-45.448154,1.64331354619904,-15.2576974,2026-04-07T16:27:32
297.438485,-45.598634,1.64330742674297,-15.2587713,2026-04-07T16:28:32
297.703109,-45.748754,1.64330130685543,-15.259849,2026-04-07T16:29:32
297.968869,-45.898509,1.64329518653493,-15.2609304,2026-04-07T16:30:32
298.235775,-46.047894,1.64328906577997,-15.2620155,2026-04-07T16:31:32
298.503838,-46.196906,1.6432829445891,-15.2631043,2026-04-07T16:32:32
298.773067,-46.345538,1.64327682296082,-15.2641967,2026-04-07T16:33:32
299.043472,-46.493785,1.64327070089369,-15.2652928,2026-04-07T16:34:32
299.315064,-46.641644,1.64326457838624,-15.2663925,2026-04-07T16:35:32
299.587852,-46.789108,1.64325845543703,-15.2674957,2026-04-07T16:36:32
299.861848,-46.936174,1.64325233204461,-15.2686026,2026-04-07T16:37:32
300.137061,-47.082834,1.64324620820755,-15.269713,2026-04-07T16:38:32
300.413502,-47.229085,1.64324008392444,-15.270827,2026-04-07T16:39:32
300.691181,-47.374921,1.64323395919385,-15.2719445,2026-04-07T16:40:32
300.970107,-47.520337,1.64322783401438,-15.2730655,2026-04-07T16:41:32
301.250293,-47.665327,1.64322170838462,-15.27419,2026-04-07T16:42:32
301.531747,-47.809886,1.64321558230319,-15.2753179,2026-04-07T16:43:32
301.814481,-47.954009,1.64320945576869,-15.2764493,2026-04-07T16:44:32
302.098505,-48.09769,1.64320332877976,-15.2775841,2026-04-07T16:45:32
302.383828,-48.240923,1.64319720133501,-15.2787223,2026-04-07T16:46:32
302.670462,-48.383704,1.6431910734331,-15.2798639,2026-04-07T16:47:32
302.958417,-48.526025,1.64318494507267,-15.2810089,2026-04-07T16:48:32
303.247704,-48.667882,1.64317881625238,-15.2821571,2026-04-07T16:49:32
303.538332,-48.809269,1.64317268697088,-15.2833088,2026-04-07T16:50:32
303.830312,-48.95018,1.64316655722686,-15.2844637,2026-04-07T16:51:32
304.123655,-49.090608,1.64316042701898,-15.2856219,2026-04-07T16:52:32
304.418371,-49.230549,1.64315429634595,-15.2867833,2026-04-07T16:53:32
304.71447,-49.369996,1.64314816520646,-15.287948,2026-04-07T16:54:32
305.011962,-49.508943,1.6431420335992,-15.2891159,2026-04-07T16:55:32
305.310859,-49.647384,1.64313590152291,-15.290287,2026-04-07T16:56:32
305.61117,-49.785312,1.64312976897629,-15.2914613,2026-04-07T16:57:32
305.912905,-49.922722,1.64312363595807,-15.2926388,2026-04-07T16:58:32
306.216075,-50.059607,1.643117502467,-15.2938194,2026-04-07T16:59:32
306.52069,-50.195961,1.64311136850182,-15.2950031,2026-04-07T17:00:32
306.82676,-50.331778,1.64310523406129,-15.2961899,2026-04-07T17:01:32
307.134296,-50.46705,1.64309909914416,-15.2973797,2026-04-07T17:02:32
307.443307,-50.601773,1.64309296374922,-15.2985726,2026-04-07T17:03:32
307.753803,-50.735938,1.64308682787523,-15.2997686,2026-04-07T17:04:32
308.065794,-50.869539,1.643080691521,-15.3009675,2026-04-07T17:05:32
308.379291,-51.00257,1.64307455468531,-15.3021695,2026-04-07T17:06:32
308.694303,-51.135023,1.64306841736699,-15.3033744,2026-04-07T17:07:32
309.010839,-51.266893,1.64306227956482,-15.3045822,2026-04-07T17:08:32
309.32891,-51.398172,1.64305614127765,-15.305793,2026-04-07T17:09:32
309.648525,-51.528853,1.6430500025043,-15.3070067,2026-04-07T17:10:32
309.969693,-51.65893,1.6430438632436,-15.3082233,2026-04-07T17:11:32
310.292425,-51.788394,1.64303772349443,-15.3094427,2026-04-07T17:12:32
310.616729,-51.91724,1.64303158325562,-15.3106649,2026-04-07T17:13:32
310.942614,-52.04546,1.64302544252605,-15.31189,2026-04-07T17:14:32
311.27009,-52.173047,1.64301930130458,-15.3131179,2026-04-07T17:15:32
311.599165,-52.299993,1.64301315959011,-15.3143485,2026-04-07T17:16:32
311.929849,-52.426291,1.64300701738153,-15.3155819,2026-04-07T17:17:32
312.26215,-52.551934,1.64300087467774,-15.3168181,2026-04-07T17:18:32
312.596077,-52.676914,1.64299473147765,-15.3180569,2026-04-07T17:19:32
312.931638,-52.801224,1.64298858778017,-15.3192984,2026-04-07T17:20:32
313.268842,-52.924857,1.64298244358423,-15.3205426,2026-04-07T17:21:32
313.607696,-53.047804,1.64297629888879,-15.3217894,2026-04-07T17:22:32
313.948209,-53.170058,1.64297015369276,-15.3230388,2026-04-07T17:23:32
314.290388,-53.291611,1.64296400799512,-15.3242908,2026-04-07T17:24:32
314.634241,-53.412456,1.64295786179481,-15.3255454,2026-04-07T17:25:32
314.979776,-53.532584,1.64295171509084,-15.3268026,2026-04-07T17:26:32
315.326999,-53.651989,1.64294556788215,-15.3280623,2026-04-07T17:27:32
315.675919,-53.770661,1.64293942016776,-15.3293245,2026-04-07T17:28:32
316.02654,-53.888593,1.64293327194666,-15.3305891,2026-04-07T17:29:32
316.378872,-54.005776,1.64292712321785,-15.3318563,2026-04-07T17:30:32
316.732918,-54.122204,1.64292097398036,-15.3331258,2026-04-07T17:31:32
317.088687,-54.237867,1.64291482423321,-15.3343978,2026-04-07T17:32:32
317.446183,-54.352757,1.64290867397542,-15.3356722,2026-04-07T17:33:32
317.805412,-54.466867,1.64290252320607,-15.336949,2026-04-07T17:34:32
318.166381,-54.580187,1.64289637192419,-15.3382281,2026-04-07T17:35:32
318.529093,-54.69271,1.64289022012884,-15.3395095,2026-04-07T17:36:32
318.893554,-54.804427,1.64288406781911,-15.3407932,2026-04-07T17:37:32
319.259768,-54.91533,1.64287791499406,-15.3420792,2026-04-07T17:38:32
319.62774,-55.025411,1.6428717616528,-15.3433675,2026-04-07T17:39:32
319.997473,-55.13466,1.64286560779442,-15.344658,2026-04-07T17:40:32
320.368972,-55.243069,1.64285945341803,-15.3459507,2026-04-07T17:41:32
320.742239,-55.35063,1.64285329852274,-15.3472456,2026-04-07T17:42:32
321.117278,-55.457334,1.64284714310769,-15.3485427,2026-04-07T17:43:32
321.49409,-55.563173,1.642840987172,-15.3498419,2026-04-07T17:44:32
321.87268,-55.668137,1.64283483071485,-15.3511432,2026-04-07T17:45:32
322.253048,-55.772218,1.64282867373536,-15.3524466,2026-04-07T17:46:32
322.635195,-55.875408,1.6428225162327,-15.3537521,2026-04-07T17:47:32
323.019124,-55.977697,1.64281635820606,-15.3550596,2026-04-07T17:48:32
323.404835,-56.079077,1.64281019965462,-15.3563692,2026-04-07T17:49:32
323.792329,-56.179539,1.64280404057755,-15.3576807,2026-04-07T17:50:32
324.181605,-56.279074,1.6427978809741,-15.3589943,2026-04-07T17:51:32
324.572662,-56.377673,1.64279172084343,-15.3603098,2026-04-07T17:52:32
324.965501,-56.475327,1.64278556018477,-15.3616272,2026-04-07T17:53:32
325.36012,-56.572028,1.64277939899738,-15.3629465,2026-04-07T17:54:32
325.756516,-56.667767,1.64277323728047,-15.3642677,2026-04-07T17:55:32
326.154689,-56.762534,1.6427670750333,-15.3655908,2026-04-07T17:56:32
326.554634,-56.856321,1.64276091225513,-15.3669157,2026-04-07T17:57:32
326.95635,-56.949118,1.64275474894524,-15.3682424,2026-04-07T17:58:32
327.359832,-57.040918,1.64274858510288,-15.369571,2026-04-07T17:59:32
327.765076,-57.13171,1.64274242072735,-15.3709012,2026-04-07T18:00:32
328.172077,-57.221486,1.64273625581796,-15.3722333,2026-04-07T18:01:32
328.580831,-57.310237,1.642730090374,-15.373567,2026-04-07T18:02:32
328.991332,-57.397955,1.64272392439479,-15.3749024,2026-04-07T18:03:32
329.403573,-57.484629,1.64271775787966,-15.3762395,2026-04-07T18:04:32
329.817548,-57.570252,1.64271159082794,-15.3775783,2026-04-07T18:05:32
330.23325,-57.654814,1.64270542323897,-15.3789186,2026-04-07T18:06:32
330.65067,-57.738306,1.64269925511211,-15.3802606,2026-04-07T18:07:32
331.0698,-57.820721,1.64269308644672,-15.3816042,2026-04-07T18:08:32
331.490631,-57.902048,1.64268691724218,-15.3829493,2026-04-07T18:09:32
331.913154,-57.982279,1.64268074749788,-15.3842959,2026-04-07T18:10:32
332.337358,-58.061405,1.64267457721319,-15.385644,2026-04-07T18:11:32
332.763233,-58.139419,1.64266840638754,-15.3869936,2026-04-07T18:12:32
333.190768,-58.216309,1.64266223502031,-15.3883447,2026-04-07T18:13:32
333.61995,-58.29207,1.64265606311095,-15.3896971,2026-04-07T18:14:32
334.050766,-58.36669,1.64264989065888,-15.391051,2026-04-07T18:15:32
334.483204,-58.440163,1.64264371766354,-15.3924063,2026-04-07T18:16:32
334.917251,-58.51248,1.64263754412437,-15.3937629,2026-04-07T18:17:32
335.35289,-58.583632,1.64263137004085,-15.3951209,2026-04-07T18:18:32
335.790108,-58.65361,1.64262519541245,-15.3964802,2026-04-07T18:19:32
336.228889,-58.722407,1.64261902023865,-15.3978407,2026-04-07T18:20:32
336.669216,-58.790015,1.64261284451892,-15.3992025,2026-04-07T18:21:32
337.111072,-58.856424,1.64260666825278,-15.4005656,2026-04-07T18:22:32
337.554441,-58.921628,1.64260049143973,-15.4019298,2026-04-07T18:23:32
337.999303,-58.985617,1.64259431407929,-15.4032953,2026-04-07T18:24:32
338.445639,-59.048385,1.64258813617099,-15.4046619,2026-04-07T18:25:32
338.893431,-59.109922,1.64258195771438,-15.4060296,2026-04-07T18:26:32
339.342658,-59.170223,1.64257577870899,-15.4073985,2026-04-07T18:27:32
339.793299,-59.229278,1.64256959915439,-15.4087684,2026-04-07T18:28:32
340.245333,-59.28708,1.64256341905014,-15.4101395,2026-04-07T18:29:32
340.698738,-59.343623,1.64255723839583,-15.4115115,2026-04-07T18:30:32
341.153491,-59.398898,1.64255105719104,-15.4128846,2026-04-07T18:31:32
341.609569,-59.452898,1.64254487543537,-15.4142586,2026-04-07T18:32:32
342.066947,-59.505616,1.64253869312843,-15.4156336,2026-04-07T18:33:32
342.525601,-59.557046,1.64253251026983,-15.4170096,2026-04-07T18:34:32
342.985506,-59.60718,1.64252632685921,-15.4183865,2026-04-07T18:35:32
343.446637,-59.656012,1.64252014289619,-15.4197643,2026-04-07T18:36:32
343.908965,-59.703534,1.64251395838043,-15.4211429,2026-04-07T18:37:32
344.372466,-59.749741,1.6425077733116,-15.4225224,2026-04-07T18:38:32
344.83711,-59.794627,1.64250158768934,-15.4239027,2026-04-07T18:39:32
345.30287,-59.838185,1.64249540151334,-15.4252838,2026-04-07T18:40:32
345.769718,-59.880408,1.64248921478328,-15.4266656,2026-04-07T18:41:32
346.237622,-59.921292,1.64248302749887,-15.4280482,2026-04-07T18:42:32
346.706555,-59.96083,1.64247683965981,-15.4294315,2026-04-07T18:43:32
347.176484,-59.999018,1.64247065126581,-15.4308155,2026-04-07T18:44:32
347.64738,-60.035848,1.64246446231662,-15.4322002,2026-04-07T18:45:32
348.119211,-60.071317,1.64245827281195,-15.4335855,2026-04-07T18:46:32
348.591944,-60.105419,1.64245208275155,-15.4349715,2026-04-07T18:47:32
349.065547,-60.13815,1.6424458921352,-15.436358,2026-04-07T18:48:32
349.539988,-60.169504,1.64243970096264,-15.4377451,2026-04-07T18:49:32
350.015233,-60.199477,1.64243350923366,-15.4391328,2026-04-07T18:50:32
350.491248,-60.228065,1.64242731694804,-15.440521,2026-04-07T18:51:32
350.967998,-60.255263,1.64242112410559,-15.4419096,2026-04-07T18:52:32
351.445449,-60.281068,1.64241493070609,-15.4432988,2026-04-07T18:53:32
351.923566,-60.305475,1.64240873674938,-15.4446883,2026-04-07T18:54:32
352.402313,-60.328482,1.64240254223528,-15.4460783,2026-04-07T18:55:32
352.881654,-60.350085,1.64239634716364,-15.4474687,2026-04-07T18:56:32
353.361554,-60.37028,1.64239015153427,-15.4488595,2026-04-07T18:57:32
353.841975,-60.389064,1.64238395534706,-15.4502506,2026-04-07T18:58:32
354.322882,-60.406435,1.64237775860188,-15.4516421,2026-04-07T18:59:32
354.804235,-60.422391,1.64237156129857,-15.4530338,2026-04-07T19:00:32
355.286,-60.436928,1.64236536343705,-15.4544258,2026-04-07T19:01:32
355.768137,-60.450044,1.64235916501721,-15.455818,2026-04-07T19:02:32
356.250608,-60.461739,1.64235296603894,-15.4572105,2026-04-07T19:03:32
356.733377,-60.472009,1.64234676650218,-15.4586032,2026-04-07T19:04:32
357.216404,-60.480853,1.64234056640683,-15.459996,2026-04-07T19:05:32
357.699652,-60.48827,1.64233436575286,-15.461389,2026-04-07T19:06:32
358.183081,-60.494259,1.64232816454019,-15.4627821,2026-04-07T19:07:32
358.666654,-60.498819,1.64232196276878,-15.4641752,2026-04-07T19:08:32
359.150331,-60.501949,1.64231576043861,-15.4655685,2026-04-07T19:09:32
359.634073,-60.503649,1.64230955754964,-15.4669618,2026-04-07T19:10:32
0.117843,-60.503919,1.64230335410188,-15.4683551,2026-04-07T19:11:32
0.601601,-60.502757,1.6422971500953,-15.4697485,2026-04-07T19:12:32
1.085308,-60.500166,1.64229094552992,-15.4711418,2026-04-07T19:13:32
1.568926,-60.496144,1.64228474040576,-15.472535,2026-04-07T19:14:32
2.052416,-60.490693,1.64227853472283,-15.4739282,2026-04-07T19:15:32
2.535739,-60.483813,1.64227232848119,-15.4753212,2026-04-07T19:16:32
3.018857,-60.475505,1.64226612168088,-15.4767142,2026-04-07T19:17:32
3.501731,-60.465772,1.64225991432195,-15.4781069,2026-04-07T19:18:32
3.984323,-60.454613,1.64225370640447,-15.4794995,2026-04-07T19:19:32
4.466595,-60.442031,1.64224749792852,-15.4808919,2026-04-07T19:20:32
4.948509,-60.428028,1.64224128889418,-15.4822841,2026-04-07T19:21:32
5.430028,-60.412606,1.64223507930155,-15.483676,2026-04-07T19:22:32
5.911113,-60.395767,1.64222886915073,-15.4850676,2026-04-07T19:23:32
6.391728,-60.377514,1.64222265844185,-15.4864589,2026-04-07T19:24:32
6.871835,-60.357848,1.64221644717503,-15.4878499,2026-04-07T19:25:32
7.351399,-60.336775,1.6422102353504,-15.4892406,2026-04-07T19:26:32
7.830382,-60.314295,1.64220402296813,-15.4906308,2026-04-07T19:27:32
8.308749,-60.290413,1.64219781002836,-15.4920207,2026-04-07T19:28:32
8.786464,-60.265133,1.64219159653126,-15.4934101,2026-04-07T19:29:32
9.263492,-60.238457,1.642185382477,-15.4947991,2026-04-07T19:30:32
9.739797,-60.21039,1.64217916786578,-15.4961876,2026-04-07T19:31:32
10.215346,-60.180936,1.64217295269778,-15.4975756,2026-04-07T19:32:32
10.690104,-60.1501,1.64216673697322,-15.4989631,2026-04-07T19:33:32
11.164038,-60.117885,1.64216052069232,-15.50035,2026-04-07T19:34:32
11.637115,-60.084296,1.64215430385529,-15.5017363,2026-04-07T19:35:32
12.109301,-60.049339,1.64214808646239,-15.503122,2026-04-07T19:36:32
12.580565,-60.013017,1.64214186851385,-15.5045071,2026-04-07T19:37:32
13.050875,-59.975337,1.64213565000993,-15.5058916,2026-04-07T19:38:32
13.520199,-59.936304,1.6421294309509,-15.5072754,2026-04-07T19:39:32
13.988508,-59.895922,1.64212321133703,-15.5086584,2026-04-07T19:40:32
14.455771,-59.854199,1.64211699116862,-15.5100408,2026-04-07T19:41:32
14.921958,-59.811139,1.64211077044595,-15.5114224,2026-04-07T19:42:32
15.38704,-59.766748,1.64210454916934,-15.5128032,2026-04-07T19:43:32
15.85099,-59.721034,1.6420983273391,-15.5141832,2026-04-07T19:44:32
16.313778,-59.674001,1.64209210495556,-15.5155624,2026-04-07T19:45:32
16.775378,-59.625656,1.64208588201905,-15.5169407,2026-04-07T19:46:32
17.235764,-59.576007,1.64207965852992,-15.5183182,2026-04-07T19:47:32
17.694908,-59.525058,1.64207343448853,-15.5196947,2026-04-07T19:48:32
18.152786,-59.472819,1.64206720989524,-15.5210704,2026-04-07T19:49:32
18.609373,-59.419294,1.64206098475042,-15.522445,2026-04-07T19:50:32
19.064644,-59.364492,1.64205475905447,-15.5238188,2026-04-07T19:51:32
19.518576,-59.308419,1.64204853280778,-15.5251915,2026-04-07T19:52:32
19.971146,-59.251084,1.64204230601075,-15.5265632,2026-04-07T19:53:32
20.422332,-59.192492,1.64203607866381,-15.5279338,2026-04-07T19:54:32
20.872112,-59.132652,1.64202985076736,-15.5293034,2026-04-07T19:55:32
21.320464,-59.071571,1.64202362232187,-15.5306718,2026-04-07T19:56:32
21.767369,-59.009257,1.64201739332776,-15.5320392,2026-04-07T19:57:32
22.212807,-58.945718,1.64201116378548,-15.5334054,2026-04-07T19:58:32
22.656758,-58.880962,1.64200493369551,-15.5347704,2026-04-07T19:59:32
23.099205,-58.814997,1.64199870305832,-15.5361343,2026-04-07T20:00:32
23.540128,-58.74783,1.6419924718744,-15.5374969,2026-04-07T20:01:32
23.979512,-58.67947,1.64198624014423,-15.5388583,2026-04-07T20:02:32
24.417339,-58.609925,1.64198000786832,-15.5402184,2026-04-07T20:03:32
24.853593,-58.539203,1.6419737750472,-15.5415772,2026-04-07T20:04:32
25.28826,-58.467313,1.64196754168136,-15.5429347,2026-04-07T20:05:32
25.721324,-58.394263,1.64196130777136,-15.5442908,2026-04-07T20:06:32
26.152772,-58.320061,1.64195507331773,-15.5456456,2026-04-07T20:07:32
26.58259,-58.244717,1.64194883832103,-15.546999,2026-04-07T20:08:32
27.010765,-58.168238,1.64194260278182,-15.548351,2026-04-07T20:09:32
27.437286,-58.090634,1.64193636670066,-15.5497015,2026-04-07T20:10:32
27.862139,-58.011912,1.64193013007816,-15.5510506,2026-04-07T20:11:32
28.285316,-57.932082,1.64192389291487,-15.5523982,2026-04-07T20:12:32
28.706804,-57.851152,1.64191765521144,-15.5537443,2026-04-07T20:13:32
29.126595,-57.769132,1.64191141696844,-15.5550889,2026-04-07T20:14:32
29.544679,-57.686029,1.64190517818651,-15.5564319,2026-04-07T20:15:32
29.961047,-57.601853,1.64189893886628,-15.5577733,2026-04-07T20:16:32
30.375692,-57.516613,1.64189269900838,-15.5591131,2026-04-07T20:17:32
30.788605,-57.430317,1.64188645861347,-15.5604513,2026-04-07T20:18:32
31.199781,-57.342975,1.6418802176822,-15.5617878,2026-04-07T20:19:32
31.609212,-57.254595,1.64187397621524,-15.5631226,2026-04-07T20:20:32
32.016892,-57.165186,1.64186773421327,-15.5644557,2026-04-07T20:21:32
32.422817,-57.074757,1.64186149167698,-15.5657872,2026-04-07T20:22:32
32.826981,-56.983318,1.64185524860707,-15.5671168,2026-04-07T20:23:32
33.22938,-56.890876,1.64184900500424,-15.5684447,2026-04-07T20:24:32
33.630011,-56.797442,1.6418427608692,-15.5697708,2026-04-07T20:25:32
34.028869,-56.703023,1.64183651620269,-15.5710951,2026-04-07T20:26:32
34.425952,-56.607629,1.64183027100544,-15.5724175,2026-04-07T20:27:32
34.821258,-56.511269,1.6418240252782,-15.573738,2026-04-07T20:28:32
35.214784,-56.413951,1.6418177790217,-15.5750567,2026-04-07T20:29:32
35.606529,-56.315685,1.64181153223674,-15.5763734,2026-04-07T20:30:32
35.996493,-56.21648,1.64180528492406,-15.5776883,2026-04-07T20:31:32
36.384674,-56.116344,1.64179903708447,-15.5790011,2026-04-07T20:32:32
36.771073,-56.015285,1.64179278871875,-15.5803119,2026-04-07T20:33:32
37.155689,-55.913314,1.64178653982769,-15.5816208,2026-04-07T20:34:32
37.538523,-55.810439,1.64178029041212,-15.5829276,2026-04-07T20:35:32
37.919576,-55.706668,1.64177404047285,-15.5842324,2026-04-07T20:36:32
38.298851,-55.602011,1.6417677900107,-15.585535,2026-04-07T20:37:32
38.676347,-55.496475,1.64176153902653,-15.5868356,2026-04-07T20:38:32
39.052069,-55.39007,1.64175528752118,-15.5881341,2026-04-07T20:39:32
39.426017,-55.282805,1.64174903549551,-15.5894304,2026-04-07T20:40:32
39.798195,-55.174687,1.64174278295037,-15.5907245,2026-04-07T20:41:32
40.168607,-55.065727,1.64173652988666,-15.5920164,2026-04-07T20:42:32
40.537256,-54.955931,1.64173027630525,-15.5933061,2026-04-07T20:43:32
40.904144,-54.845309,1.64172402220703,-15.5945936,2026-04-07T20:44:32
41.269278,-54.733869,1.64171776759292,-15.5958788,2026-04-07T20:45:32
41.632661,-54.621619,1.64171151246382,-15.5971617,2026-04-07T20:46:32
41.994298,-54.508569,1.64170525682066,-15.5984423,2026-04-07T20:47:32
42.354194,-54.394725,1.64169900066438,-15.5997206,2026-04-07T20:48:32
42.712354,-54.280098,1.6416927439959,-15.6009965,2026-04-07T20:49:32
43.068784,-54.164694,1.64168648681618,-15.60227,2026-04-07T20:50:32
43.423489,-54.048522,1.64168022912617,-15.6035412,2026-04-07T20:51:32
43.776476,-53.93159,1.64167397092685,-15.6048099,2026-04-07T20:52:32
44.127751,-53.813907,1.64166771221918,-15.6060761,2026-04-07T20:53:32
44.477321,-53.695479,1.64166145300417,-15.6073399,2026-04-07T20:54:32
44.825192,-53.576317,1.6416551932828,-15.6086012,2026-04-07T20:55:32
45.171371,-53.456426,1.64164893305608,-15.60986,2026-04-07T20:56:32
45.515866,-53.335816,1.64164267232501,-15.6111163,2026-04-07T20:57:32
45.858683,-53.214494,1.64163641109063,-15.61237,2026-04-07T20:58:32
46.199831,-53.092467,1.64163014935397,-15.6136211,2026-04-07T20:59:32
46.539317,-52.969745,1.64162388711604,-15.6148696,2026-04-07T21:00:32
46.877148,-52.846333,1.64161762437793,-15.6161154,2026-04-07T21:01:32
47.213334,-52.722241,1.64161136114067,-15.6173587,2026-04-07T21:02:32
47.547882,-52.597475,1.64160509740534,-15.6185992,2026-04-07T21:03:32
47.880801,-52.472043,1.64159883317301,-15.6198371,2026-04-07T21:04:32
48.212099,-52.345952,1.64159256844477,-15.6210723,2026-04-07T21:05:32
48.541784,-52.21921,1.64158630322171,-15.6223047,2026-04-07T21:06:32
48.869867,-52.091825,1.64158003750492,-15.6235343,2026-04-07T21:07:32
49.196355,-51.963803,1.64157377129553,-15.6247612,2026-04-07T21:08:32
49.521258,-51.835152,1.64156750459464,-15.6259853,2026-04-07T21:09:32
49.844584,-51.705879,1.6415612374034,-15.6272065,2026-04-07T21:10:32
50.166344,-51.57599,1.64155496972293,-15.6284249,2026-04-07T21:11:32
50.486546,-51.445494,1.64154870155439,-15.6296405,2026-04-07T21:12:32
50.8052,-51.314397,1.64154243289892,-15.6308531,2026-04-07T21:13:32
51.122315,-51.182707,1.64153616375769,-15.6320628,2026-04-07T21:14:32
51.437902,-51.050429,1.64152989413187,-15.6332696,2026-04-07T21:15:32
51.751969,-50.917571,1.64152362402264,-15.6344735,2026-04-07T21:16:32
52.064528,-50.784139,1.64151735343119,-15.6356744,2026-04-07T21:17:32
52.375587,-50.650141,1.64151108235873,-15.6368723,2026-04-07T21:18:32
52.685156,-50.515583,1.64150481080643,-15.6380671,2026-04-07T21:19:32
52.993246,-50.380471,1.64149853877555,-15.6392589,2026-04-07T21:20:32
53.299866,-50.244812,1.64149226626727,-15.6404477,2026-04-07T21:21:32
53.605027,-50.108613,1.64148599328286,-15.6416334,2026-04-07T21:22:32
53.908738,-49.97188,1.64147971982353,-15.642816,2026-04-07T21:23:32
54.211011,-49.834619,1.64147344589054,-15.6439954,2026-04-07T21:24:32
54.511855,-49.696837,1.64146717148516,-15.6451717,2026-04-07T21:25:32
54.81128,-49.55854,1.64146089660863,-15.6463449,2026-04-07T21:26:32
55.109297,-49.419733,1.64145462126223,-15.6475149,2026-04-07T21:27:32
55.405916,-49.280424,1.64144834544726,-15.6486816,2026-04-07T21:28:32
55.701148,-49.140618,1.64144206916499,-15.6498451,2026-04-07T21:29:32
55.995002,-49.000322,1.64143579241672,-15.6510054,2026-04-07T21:30:32
56.28749,-48.859541,1.64142951520377,-15.6521624,2026-04-07T21:31:32
56.578621,-48.718281,1.64142323752744,-15.6533162,2026-04-07T21:32:32
56.868405,-48.576548,1.64141695938906,-15.6544666,2026-04-07T21:33:32
57.156855,-48.434347,1.64141068078997,-15.6556137,2026-04-07T21:34:32
57.443979,-48.291686,1.64140440173149,-15.6567574,2026-04-07T21:35:32
57.729788,-48.148568,1.64139812221498,-15.6578978,2026-04-07T21:36:32
58.014292,-48.005001,1.6413918422418,-15.6590348,2026-04-07T21:37:32
58.297503,-47.860989,1.64138556181329,-15.6601683,2026-04-07T21:38:32
58.57943,-47.716538,1.64137928093086,-15.6612985,2026-04-07T21:39:32
58.860083,-47.571654,1.64137299959585,-15.6624252,2026-04-07T21:40:32
59.139474,-47.426341,1.64136671780967,-15.6635484,2026-04-07T21:41:32
59.417612,-47.280606,1.64136043557372,-15.6646681,2026-04-07T21:42:32
59.694508,-47.134453,1.64135415288939,-15.6657843,2026-04-07T21:43:32
59.970172,-46.987888,1.64134786975809,-15.666897,2026-04-07T21:44:32
60.244614,-46.840916,1.64134158618125,-15.6680062,2026-04-07T21:45:32
60.517845,-46.693542,1.64133530216029,-15.6691117,2026-04-07T21:46:32
60.789875,-46.545772,1.64132901769665,-15.6702137,2026-04-07T21:47:32
61.060714,-46.39761,1.64132273279178,-15.6713121,2026-04-07T21:48:32
61.330372,-46.249062,1.64131644744711,-15.6724068,2026-04-07T21:49:32
61.59886,-46.100132,1.64131016166412,-15.673498,2026-04-07T21:50:32
61.866187,-45.950825,1.64130387544426,-15.6745854,2026-04-07T21:51:32
62.132364,-45.801146,1.64129758878901,-15.6756691,2026-04-07T21:52:32
62.397401,-45.6511,1.64129130169985,-15.6767492,2026-04-07T21:53:32
62.661307,-45.500692,1.64128501417828,-15.6778255,2026-04-07T21:54:32
62.924093,-45.349927,1.64127872622578,-15.6788981,2026-04-07T21:55:32
63.185769,-45.198808,1.64127243784387,-15.6799669,2026-04-07T21:56:32
63.446345,-45.047342,1.64126614903405,-15.681032,2026-04-07T21:57:32
63.70583,-44.895531,1.64125985979784,-15.6820932,2026-04-07T21:58:32
63.964234,-44.743382,1.64125357013678,-15.6831507,2026-04-07T21:59:32
64.221567,-44.590898,1.64124728005239,-15.6842043,2026-04-07T22:00:32
64.477839,-44.438084,1.64124098954621,-15.685254,2026-04-07T22:01:32
64.73306,-44.284944,1.6412346986198,-15.6862999,2026-04-07T22:02:32
64.987239,-44.131482,1.64122840727472,-15.6873418,2026-04-07T22:03:32
65.240385,-43.977704,1.64122211551252,-15.6883799,2026-04-07T22:04:32
65.492509,-43.823613,1.64121582333478,-15.6894141,2026-04-07T22:05:32
65.743619,-43.669213,1.64120953074308,-15.6904443,2026-04-07T22:06:32
65.993726,-43.514509,1.641203237739,-15.6914705,2026-04-07T22:07:32
66.242838,-43.359504,1.64119694432414,-15.6924928,2026-04-07T22:08:32
66.490965,-43.204204,1.64119065050009,-15.693511,2026-04-07T22:09:32
66.738116,-43.048612,1.64118435626847,-15.6945252,2026-04-07T22:10:32
66.984301,-42.892731,1.64117806163089,-15.6955354,2026-04-07T22:11:32
67.229529,-42.736567,1.64117176658897,-15.6965416,2026-04-07T22:12:32
67.473808,-42.580122,1.64116547114433,-15.6975437,2026-04-07T22:13:32
67.717149,-42.423401,1.64115917529862,-15.6985417,2026-04-07T22:14:32
67.959559,-42.266409,1.64115287905349,-15.6995356,2026-04-07T22:15:32
68.201048,-42.109147,1.64114658241057,-15.7005253,2026-04-07T22:16:32
68.441625,-41.951621,1.64114028537152,-15.7015109,2026-04-07T22:17:32
68.681299,-41.793834,1.64113398793801,-15.7024924,2026-04-07T22:18:32
68.920078,-41.635791,1.64112769011171,-15.7034697,2026-04-07T22:19:32
69.157971,-41.477493,1.6411213918943,-15.7044428,2026-04-07T22:20:32
69.394988,-41.318946,1.64111509328745,-15.7054117,2026-04-07T22:21:32
69.631136,-41.160153,1.64110879429287,-15.7063764,2026-04-07T22:22:32
69.866424,-41.001117,1.64110249491225,-15.7073368,2026-04-07T22:23:32
70.100861,-40.841843,1.64109619514728,-15.708293,2026-04-07T22:24:32
70.334455,-40.682332,1.6410898949997,-15.7092449,2026-04-07T22:25:32
70.567215,-40.52259,1.64108359447121,-15.7101925,2026-04-07T22:26:32
70.799149,-40.362619,1.64107729356354,-15.7111358,2026-04-07T22:27:32
71.030266,-40.202424,1.64107099227842,-15.7120747,2026-04-07T22:28:32
71.260573,-40.042006,1.64106469061759,-15.7130094,2026-04-07T22:29:32
71.490079,-39.88137,1.64105838858279,-15.7139396,2026-04-07T22:30:32
71.718792,-39.720519,1.64105208617576,-15.7148655,2026-04-07T22:31:32
71.94672,-39.559457,1.64104578339829,-15.715787,2026-04-07T22:32:32
72.173871,-39.398186,1.6410394802521,-15.7167041,2026-04-07T22:33:32
72.400253,-39.236709,1.641033176739,-15.7176168,2026-04-07T22:34:32
72.625874,-39.075031,1.64102687286075,-15.7185251,2026-04-07T22:35:32
72.850742,-38.913154,1.64102056861913,-15.7194289,2026-04-07T22:36:32
73.074865,-38.751081,1.64101426401592,-15.7203282,2026-04-07T22:37:32
73.29825,-38.588815,1.64100795905294,-15.721223,2026-04-07T22:38:32
73.520905,-38.42636,1.64100165373197,-15.7221134,2026-04-07T22:39:32
73.742838,-38.263719,1.64099534805484,-15.7229992,2026-04-07T22:40:32
73.964057,-38.100894,1.64098904202333,-15.7238805,2026-04-07T22:41:32
74.184569,-37.937889,1.6409827356393,-15.7247572,2026-04-07T22:42:32
74.404381,-37.774707,1.64097642890454,-15.7256294,2026-04-07T22:43:32
74.623501,-37.61135,1.64097012182091,-15.726497,2026-04-07T22:44:32
74.841936,-37.447821,1.64096381439023,-15.72736,2026-04-07T22:45:32
75.059694,-37.284124,1.64095750661435,-15.7282184,2026-04-07T22:46:32
75.276781,-37.120262,1.64095119849512,-15.7290722,2026-04-07T22:47:32
75.493206,-36.956236,1.6409448900344,-15.7299214,2026-04-07T22:48:32
75.708975,-36.792051,1.64093858123405,-15.7307659,2026-04-07T22:49:32
75.924096,-36.627708,1.64093227209594,-15.7316058,2026-04-07T22:50:32
76.138575,-36.463211,1.64092596262193,-15.7324409,2026-04-07T22:51:32
76.352419,-36.298562,1.64091965281392,-15.7332714,2026-04-07T22:52:32
76.565636,-36.133764,1.64091334267378,-15.7340972,2026-04-07T22:53:32
76.778232,-35.96882,1.6409070322034,-15.7349182,2026-04-07T22:54:32
76.990214,-35.803732,1.64090072140469,-15.7357345,2026-04-07T22:55:32
77.20159,-35.638503,1.64089441027954,-15.7365461,2026-04-07T22:56:32
77.412365,-35.473137,1.64088809882985,-15.7373529,2026-04-07T22:57:32
77.622546,-35.307634,1.64088178705756,-15.7381549,2026-04-07T22:58:32
77.832141,-35.141999,1.64087547496457,-15.7389521,2026-04-07T22:59:32
78.041156,-34.976233,1.64086916255281,-15.7397445,2026-04-07T23:00:32
78.249596,-34.81034,1.6408628498242,-15.7405321,2026-04-07T23:01:32
78.45747,-34.644321,1.64085653678069,-15.7413149,2026-04-07T23:02:32
78.664783,-34.478179,1.64085022342421,-15.7420928,2026-04-07T23:03:32
78.871541,-34.311917,1.64084390975671,-15.7428659,2026-04-07T23:04:32
79.077752,-34.145537,1.64083759578014,-15.7436341,2026-04-07T23:05:32
79.283421,-33.979041,1.64083128149645,-15.7443974,2026-04-07T23:06:32
79.488555,-33.812433,1.64082496690762,-15.7451558,2026-04-07T23:07:32
79.69316,-33.645715,1.64081865201558,-15.7459093,2026-04-07T23:08:32
79.897242,-33.478888,1.64081233682235,-15.7466579,2026-04-07T23:09:32
80.100807,-33.311955,1.64080602132987,-15.7474015,2026-04-07T23:10:32
80.303861,-33.14492,1.64079970554015,-15.7481402,2026-04-07T23:11:32
80.506411,-32.977783,1.64079338945514,-15.748874,2026-04-07T23:12:32
80.708462,-32.810547,1.64078707307687,-15.7496027,2026-04-07T23:13:32
80.91002,-32.643216,1.64078075640732,-15.7503265,2026-04-07T23:14:32
81.111092,-32.47579,1.64077443944849,-15.7510453,2026-04-07T23:15:32
81.311683,-32.308272,1.6407681222024,-15.7517591,2026-04-07T23:16:32
81.511798,-32.140665,1.64076180467104,-15.7524678,2026-04-07T23:17:32
81.711445,-31.972971,1.64075548685644,-15.7531715,2026-04-07T23:18:32
81.910628,-31.805192,1.64074916876062,-15.7538702,2026-04-07T23:19:32
82.109353,-31.63733,1.64074285038562,-15.7545638,2026-04-07T23:20:32
82.307626,-31.469387,1.64073653173344,-15.7552524,2026-04-07T23:21:32
82.505452,-31.301366,1.64073021280614,-15.7559358,2026-04-07T23:22:32
82.702838,-31.133269,1.64072389360575,-15.7566142,2026-04-07T23:23:32
82.899788,-30.965098,1.64071757413431,-15.7572875,2026-04-07T23:24:32
83.096308,-30.796855,1.64071125439388,-15.7579556,2026-04-07T23:25:32
83.292404,-30.628542,1.64070493438651,-15.7586186,2026-04-07T23:26:32
83.48808,-30.460162,1.64069861411426,-15.7592765,2026-04-07T23:27:32
83.683343,-30.291716,1.64069229357918,-15.7599293,2026-04-07T23:28:32
83.878198,-30.123206,1.64068597278336,-15.7605768,2026-04-07T23:29:32
84.07265,-29.954635,1.64067965172884,-15.7612192,2026-04-07T23:30:32
84.266704,-29.786005,1.64067333041773,-15.7618565,2026-04-07T23:31:32
84.460365,-29.617318,1.64066700885209,-15.7624885,2026-04-07T23:32:32
84.653639,-29.448575,1.640660687034,-15.7631154,2026-04-07T23:33:32
84.846531,-29.279779,1.64065436496556,-15.763737,2026-04-07T23:34:32
85.039046,-29.110932,1.64064804264885,-15.7643534,2026-04-07T23:35:32
85.231188,-28.942036,1.64064172008598,-15.7649646,2026-04-07T23:36:32
85.422964,-28.773093,1.64063539727904,-15.7655705,2026-04-07T23:37:32
85.614378,-28.604104,1.64062907423014,-15.7661712,2026-04-07T23:38:32
85.805435,-28.435072,1.64062275094138,-15.7667666,2026-04-07T23:39:32
85.99614,-28.265999,1.64061642741489,-15.7673567,2026-04-07T23:40:32
86.186498,-28.096887,1.64061010365278,-15.7679416,2026-04-07T23:41:32
86.376514,-27.927737,1.64060377965716,-15.7685212,2026-04-07T23:42:32
86.566192,-27.758551,1.64059745543015,-15.7690954,2026-04-07T23:43:32
86.755537,-27.589333,1.64059113097388,-15.7696644,2026-04-07T23:44:32
86.944555,-27.420082,1.6405848062905,-15.770228,2026-04-07T23:45:32
87.13325,-27.250802,1.64057848138213,-15.7707864,2026-04-07T23:46:32
87.321626,-27.081493,1.64057215625092,-15.7713393,2026-04-07T23:47:32
87.509689,-26.912159,1.64056583089899,-15.771887,2026-04-07T23:48:32
87.697443,-26.742801,1.64055950532852,-15.7724292,2026-04-07T23:49:32
87.884892,-26.57342,1.64055317954162,-15.7729662,2026-04-07T23:50:32
88.072041,-26.404019,1.64054685354048,-15.7734977,2026-04-07T23:51:32
88.258895,-26.234599,1.64054052732723,-15.7740239,2026-04-07T23:52:32
88.445459,-26.065163,1.64053420090404,-15.7745446,2026-04-07T23:53:32
88.631736,-25.895711,1.64052787427308,-15.77506,2026-04-07T23:54:32
88.817731,-25.726247,1.6405215474365,-15.77557,2026-04-07T23:55:32
89.003448,-25.556771,1.64051522039649,-15.7760745,2026-04-07T23:56:32
89.188893,-25.387285,1.6405088931552,-15.7765736,2026-04-07T23:57:32
89.374069,-25.217792,1.64050256571483,-15.7770673,2026-04-07T23:58:32
89.558981,-25.048293,1.64049623807754,-15.7775556,2026-04-07T23:59:32
89.743633,-24.878789,1.64048991024552,-15.7780384,2026-04-08T00:00:32
89.928029,-24.709283,1.64048358222096,-15.7785158,2026-04-08T00:01:32
90.112174,-24.539777,1.64047725400604,-15.7789877,2026-04-08T00:02:32
90.296072,-24.370271,1.64047092560296,-15.7794541,2026-04-08T00:03:32
90.479727,-24.200768,1.64046459701391,-15.779915,2026-04-08T00:04:32
90.663143,-24.03127,1.64045826824109,-15.7803705,2026-04-08T00:05:32
90.846324,-23.861778,1.6404519392867,-15.7808205,2026-04-08T00:06:32
91.029275,-23.692294,1.64044561015294,-15.781265,2026-04-08T00:07:32
91.211999,-23.522819,1.64043928084202,-15.781704,2026-04-08T00:08:32
91.394502,-23.353356,1.64043295135614,-15.7821374,2026-04-08T00:09:32
91.576786,-23.183907,1.64042662169753,-15.7825654,2026-04-08T00:10:32
91.758855,-23.014472,1.64042029186839,-15.7829878,2026-04-08T00:11:32
91.940715,-22.845053,1.64041396187094,-15.7834047,2026-04-08T00:12:32
92.122368,-22.675653,1.64040763170739,-15.7838161,2026-04-08T00:13:32
92.303819,-22.506272,1.64040130137999,-15.7842219,2026-04-08T00:14:32
92.485072,-22.336913,1.64039497089093,-15.7846222,2026-04-08T00:15:32
92.666131,-22.167578,1.64038864024246,-15.7850169,2026-04-08T00:16:32
92.846998,-21.998267,1.64038230943679,-15.785406,2026-04-08T00:17:32
93.02768,-21.828982,1.64037597847617,-15.7857896,2026-04-08T00:18:32
93.208178,-21.659726,1.64036964736282,-15.7861676,2026-04-08T00:19:32
93.388497,-21.4905,1.64036331609899,-15.7865401,2026-04-08T00:20:32
93.568641,-21.321305,1.64035698468691,-15.7869069,2026-04-08T00:21:32
93.748614,-21.152143,1.64035065312882,-15.7872682,2026-04-08T00:22:32
93.928419,-20.983016,1.64034432142697,-15.7876238,2026-04-08T00:23:32
94.10806,-20.813926,1.64033798958359,-15.7879739,2026-04-08T00:24:32
94.287541,-20.644873,1.64033165760094,-15.7883184,2026-04-08T00:25:32
94.466865,-20.47586,1.64032532548127,-15.7886572,2026-04-08T00:26:32
94.646037,-20.306888,1.64031899322682,-15.7889904,2026-04-08T00:27:32
94.825059,-20.13796,1.64031266083985,-15.7893181,2026-04-08T00:28:32
95.003935,-19.969075,1.64030632832262,-15.7896401,2026-04-08T00:29:32
95.18267,-19.800237,1.64029999567738,-15.7899564,2026-04-08T00:30:32
95.361266,-19.631446,1.64029366290638,-15.7902671,2026-04-08T00:31:32
95.539728,-19.462705,1.64028733001189,-15.7905722,2026-04-08T00:32:32
95.718058,-19.294015,1.64028099699617,-15.7908717,2026-04-08T00:33:32
95.89626,-19.125377,1.64027466386149,-15.7911655,2026-04-08T00:34:32
96.074338,-18.956793,1.6402683306101,-15.7914536,2026-04-08T00:35:32
96.252296,-18.788265,1.64026199724429,-15.7917361,2026-04-08T00:36:32
96.430136,-18.619794,1.6402556637663,-15.792013,2026-04-08T00:37:32
96.607862,-18.451382,1.64024933017842,-15.7922842,2026-04-08T00:38:32
96.785478,-18.28303,1.64024299648292,-15.7925497,2026-04-08T00:39:32
96.962987,-18.114741,1.64023666268207,-15.7928095,2026-04-08T00:40:32
97.140393,-17.946515,1.64023032877813,-15.7930637,2026-04-08T00:41:32
97.317698,-17.778354,1.6402239947734,-15.7933122,2026-04-08T00:42:32
97.494907,-17.61026,1.64021766067013,-15.793555,2026-04-08T00:43:32
97.672022,-17.442234,1.64021132647063,-15.7937922,2026-04-08T00:44:32
97.849048,-17.274278,1.64020499217715,-15.7940236,2026-04-08T00:45:32
98.025986,-17.106393,1.64019865779199,-15.7942494,2026-04-08T00:46:32
98.202841,-16.938582,1.64019232331741,-15.7944695,2026-04-08T00:47:32
98.379616,-16.770845,1.64018598875571,-15.7946839,2026-04-08T00:48:32
98.556314,-16.603184,1.64017965410917,-15.7948926,2026-04-08T00:49:32
98.732938,-16.435601,1.64017331938007,-15.7950956,2026-04-08T00:50:32
98.909492,-16.268097,1.6401669845707,-15.7952929,2026-04-08T00:51:32
99.085979,-16.100674,1.64016064968336,-15.7954845,2026-04-08T00:52:32
99.262402,-15.933333,1.64015431472031,-15.7956704,2026-04-08T00:53:32
99.438764,-15.766076,1.64014797968384,-15.7958505,2026-04-08T00:54:32
99.615068,-15.598905,1.64014164457626,-15.796025,2026-04-08T00:55:32
99.791318,-15.43182,1.64013530939985,-15.7961938,2026-04-08T00:56:32
99.967517,-15.264825,1.64012897415689,-15.7963568,2026-04-08T00:57:32
100.143668,-15.097919,1.64012263884969,-15.7965142,2026-04-08T00:58:32
100.319774,-14.931105,1.64011630348052,-15.7966658,2026-04-08T00:59:32
100.495838,-14.764384,1.64010996805169,-15.7968117,2026-04-08T01:00:32
100.671863,-14.597758,1.64010363256548,-15.7969519,2026-04-08T01:01:32
100.847852,-14.431228,1.64009729702418,-15.7970864,2026-04-08T01:02:32
101.023809,-14.264797,1.64009096143011,-15.7972152,2026-04-08T01:03:32
101.199737,-14.098464,1.64008462578553,-15.7973382,2026-04-08T01:04:32
101.375637,-13.932233,1.64007829009277,-15.7974556,2026-04-08T01:05:32
101.551515,-13.766104,1.64007195435408,-15.7975672,2026-04-08T01:06:32
101.727371,-13.60008,1.64006561857178,-15.797673,2026-04-08T01:07:32
101.903211,-13.434161,1.64005928274816,-15.7977732,2026-04-08T01:08:32
102.079035,-13.268349,1.64005294688552,-15.7978676,2026-04-08T01:09:32
102.254849,-13.102646,1.64004661098616,-15.7979564,2026-04-08T01:10:32
102.430653,-12.937053,1.64004027505235,-15.7980394,2026-04-08T01:11:32
102.606453,-12.771572,1.64003393908641,-15.7981166,2026-04-08T01:12:32
102.782249,-12.606204,1.64002760309062,-15.7981882,2026-04-08T01:13:32
102.958046,-12.440952,1.64002126706728,-15.798254,2026-04-08T01:14:32
103.133846,-12.275816,1.6400149310187,-15.7983141,2026-04-08T01:15:32
103.309652,-12.110798,1.64000859494715,-15.7983685,2026-04-08T01:16:32
103.485467,-11.945899,1.64000225885494,-15.7984172,2026-04-08T01:17:32
103.661294,-11.781122,1.63999592274436,-15.7984601,2026-04-08T01:18:32
103.837136,-11.616468,1.63998958661769,-15.7984973,2026-04-08T01:19:32
104.012996,-11.451938,1.63998325047725,-15.7985288,2026-04-08T01:20:32
104.188876,-11.287534,1.63997691432531,-15.7985546,2026-04-08T01:21:32
104.364779,-11.123257,1.63997057816418,-15.7985747,2026-04-08T01:22:32
104.540708,-10.959109,1.63996424199615,-15.7985891,2026-04-08T01:23:32
104.716667,-10.795092,1.6399579058235,-15.7985977,2026-04-08T01:24:32
104.892657,-10.631207,1.63995156964853,-15.7986006,2026-04-08T01:25:32
105.068682,-10.467455,1.63994523347352,-15.7985979,2026-04-08T01:26:32
105.244744,-10.303839,1.63993889730078,-15.7985894,2026-04-08T01:27:32
105.420846,-10.14036,1.63993256113258,-15.7985752,2026-04-08T01:28:32
105.596991,-9.977019,1.63992622497122,-15.7985553,2026-04-08T01:29:32
105.773182,-9.813818,1.63991988881898,-15.7985297,2026-04-08T01:30:32
105.949421,-9.650759,1.63991355267816,-15.7984984,2026-04-08T01:31:32
106.125712,-9.487843,1.63990721655104,-15.7984614,2026-04-08T01:32:32
106.302056,-9.325072,1.63990088043989,-15.7984187,2026-04-08T01:33:32
106.478457,-9.162447,1.63989454434702,-15.7983703,2026-04-08T01:34:32
106.654917,-8.99997,1.6398882082747,-15.7983162,2026-04-08T01:35:32
106.83144,-8.837642,1.63988187222521,-15.7982564,2026-04-08T01:36:32
107.008027,-8.675466,1.63987553620083,-15.7981909,2026-04-08T01:37:32
107.184681,-8.513442,1.63986920020384,-15.7981198,2026-04-08T01:38:32
107.361405,-8.351573,1.63986286423654,-15.7980429,2026-04-08T01:39:32
107.538202,-8.18986,1.63985652830119,-15.7979604,2026-04-08T01:40:32
107.715075,-8.028304,1.63985019240005,-15.7978723,2026-04-08T01:41:32
107.892025,-7.866907,1.63984385653543,-15.7977784,2026-04-08T01:42:32
108.069056,-7.705671,1.63983752070958,-15.7976789,2026-04-08T01:43:32
108.246171,-7.544597,1.63983118492478,-15.7975737,2026-04-08T01:44:32
108.423371,-7.383687,1.6398248491833,-15.7974629,2026-04-08T01:45:32
108.60066,-7.222943,1.63981851348741,-15.7973463,2026-04-08T01:46:32
108.77804,-7.062366,1.63981217783939,-15.7972242,2026-04-08T01:47:32
108.955513,-6.901958,1.63980584224148,-15.7970964,2026-04-08T01:48:32
109.133083,-6.74172,1.63979950669596,-15.7969629,2026-04-08T01:49:32
109.310752,-6.581654,1.63979317120511,-15.7968238,2026-04-08T01:50:32
109.488522,-6.421763,1.63978683577115,-15.7966791,2026-04-08T01:51:32
109.666396,-6.262046,1.63978050039639,-15.7965287,2026-04-08T01:52:32
109.844376,-6.102506,1.63977416508304,-15.7963727,2026-04-08T01:53:32
110.022466,-5.943146,1.6397678298334,-15.7962111,2026-04-08T01:54:32
110.200667,-5.783965,1.63976149464969,-15.7960439,2026-04-08T01:55:32
110.378983,-5.624966,1.63975515953419,-15.795871,2026-04-08T01:56:32
110.557415,-5.466151,1.63974882448913,-15.7956926,2026-04-08T01:57:32
110.735966,-5.307522,1.63974248951677,-15.7955085,2026-04-08T01:58:32
110.914638,-5.149079,1.63973615461934,-15.7953189,2026-04-08T01:59:32
111.093435,-4.990824,1.63972981979911,-15.7951236,2026-04-08T02:00:32
111.272359,-4.832761,1.63972348505831,-15.7949228,2026-04-08T02:01:32
111.451412,-4.674889,1.63971715039917,-15.7947163,2026-04-08T02:02:32
111.630596,-4.51721,1.63971081582394,-15.7945043,2026-04-08T02:03:32
111.809914,-4.359727,1.63970448133486,-15.7942867,2026-04-08T02:04:32
111.989369,-4.202441,1.63969814693416,-15.7940636,2026-04-08T02:05:32
112.168962,-4.045354,1.63969181262407,-15.7938349,2026-04-08T02:06:32
112.348697,-3.888467,1.63968547840681,-15.7936006,2026-04-08T02:07:32
112.528576,-3.731782,1.63967914428462,-15.7933608,2026-04-08T02:08:32
112.708601,-3.575301,1.63967281025972,-15.7931155,2026-04-08T02:09:32
112.888775,-3.419026,1.63966647633433,-15.7928646,2026-04-08T02:10:32
113.0691,-3.262957,1.63966014251066,-15.7926082,2026-04-08T02:11:32
113.249578,-3.107098,1.63965380879094,-15.7923462,2026-04-08T02:12:32
113.430212,-2.95145,1.63964747517739,-15.7920788,2026-04-08T02:13:32
113.611004,-2.796013,1.6396411416722,-15.7918058,2026-04-08T02:14:32
113.791957,-2.640791,1.63963480827759,-15.7915273,2026-04-08T02:15:32
113.973072,-2.485785,1.63962847499577,-15.7912434,2026-04-08T02:16:32
114.154353,-2.330997,1.63962214182894,-15.7909539,2026-04-08T02:17:32
114.335802,-2.176428,1.63961580877929,-15.790659,2026-04-08T02:18:32
114.517421,-2.02208,1.63960947584903,-15.7903586,2026-04-08T02:19:32
114.699212,-1.867955,1.63960314304035,-15.7900527,2026-04-08T02:20:32
114.881178,-1.714054,1.63959681035543,-15.7897413,2026-04-08T02:21:32
115.063321,-1.56038,1.63959047779648,-15.7894245,2026-04-08T02:22:32
115.245643,-1.406935,1.63958414536567,-15.7891023,2026-04-08T02:23:32
115.428147,-1.253719,1.6395778130652,-15.7887746,2026-04-08T02:24:32
115.610835,-1.100735,1.63957148089722,-15.7884415,2026-04-08T02:25:32
115.793709,-0.947984,1.63956514886393,-15.788103,2026-04-08T02:26:32
115.976771,-0.795469,1.6395588169675,-15.7877591,2026-04-08T02:27:32
116.160024,-0.643191,1.63955248521008,-15.7874097,2026-04-08T02:28:32
116.343471,-0.491152,1.63954615359387,-15.787055,2026-04-08T02:29:32
116.527112,-0.339354,1.63953982212101,-15.7866948,2026-04-08T02:30:32
116.710952,-0.187798,1.63953349079364,-15.7863293,2026-04-08T02:31:32
116.894991,-0.036487,1.63952715961396,-15.7859584,2026-04-08T02:32:32
117.079232,0.114578,1.63952082858409,-15.7855822,2026-04-08T02:33:32
117.263677,0.265395,1.63951449770619,-15.7852006,2026-04-08T02:34:32
117.448329,0.415962,1.63950816698242,-15.7848137,2026-04-08T02:35:32
117.63319,0.566277,1.63950183641489,-15.7844214,2026-04-08T02:36:32
117.818261,0.716339,1.63949550600577,-15.7840238,2026-04-08T02:37:32
118.003546,0.866145,1.63948917575717,-15.7836208,2026-04-08T02:38:32
118.189046,1.015694,1.63948284567123,-15.7832126,2026-04-08T02:39:32
118.374764,1.164984,1.63947651575009,-15.7827991,2026-04-08T02:40:32
118.560701,1.314012,1.63947018599586,-15.7823802,2026-04-08T02:41:32
118.74686,1.462778,1.63946385641066,-15.7819561,2026-04-08T02:42:32
118.933243,1.611279,1.63945752699661,-15.7815268,2026-04-08T02:43:32
119.119852,1.759513,1.63945119775582,-15.7810921,2026-04-08T02:44:32
119.306689,1.907478,1.63944486869039,-15.7806522,2026-04-08T02:45:32
119.493757,2.055173,1.63943853980245,-15.7802071,2026-04-08T02:46:32
119.681057,2.202596,1.63943221109407,-15.7797567,2026-04-08T02:47:32
119.868592,2.349744,1.63942588256736,-15.7793012,2026-04-08T02:48:32
120.056364,2.496616,1.63941955422441,-15.7788404,2026-04-08T02:49:32
120.244375,2.643209,1.63941322606731,-15.7783744,2026-04-08T02:50:32
120.432626,2.789523,1.63940689809814,-15.7779032,2026-04-08T02:51:32
120.621121,2.935555,1.63940057031897,-15.7774268,2026-04-08T02:52:32
120.80986,3.081302,1.63939424273189,-15.7769453,2026-04-08T02:53:32
120.998847,3.226764,1.63938791533898,-15.7764586,2026-04-08T02:54:32
121.188083,3.371937,1.63938158814227,-15.7759668,2026-04-08T02:55:32
121.37757,3.516821,1.63937526114385,-15.7754698,2026-04-08T02:56:32
121.56731,3.661413,1.63936893434578,-15.7749677,2026-04-08T02:57:32
121.757306,3.805711,1.6393626077501,-15.7744605,2026-04-08T02:58:32
121.947558,3.949713,1.63935628135886,-15.7739482,2026-04-08T02:59:32
122.138071,4.093417,1.63934995517411,-15.7734308,2026-04-08T03:00:32
122.328844,4.236822,1.63934362919789,-15.7729083,2026-04-08T03:01:32
122.519881,4.379924,1.63933730343223,-15.7723808,2026-04-08T03:02:32
122.711183,4.522723,1.63933097787915,-15.7718482,2026-04-08T03:03:32
122.902752,4.665216,1.6393246525407,-15.7713105,2026-04-08T03:04:32
123.09459,4.807402,1.63931832741888,-15.7707679,2026-04-08T03:05:32
123.2867,4.949277,1.63931200251571,-15.7702202,2026-04-08T03:06:32
123.479082,5.09084,1.63930567783321,-15.7696674,2026-04-08T03:07:32
123.67174,5.23209,1.63929935337339,-15.7691097,2026-04-08T03:08:32
123.864674,5.373023,1.63929302913823,-15.7685471,2026-04-08T03:09:32
124.057887,5.513639,1.63928670512974,-15.7679794,2026-04-08T03:10:32
124.25138,5.653934,1.63928038134991,-15.7674068,2026-04-08T03:11:32
124.445157,5.793907,1.63927405780073,-15.7668292,2026-04-08T03:12:32
124.639217,5.933556,1.63926773448418,-15.7662467,2026-04-08T03:13:32
124.833564,6.072878,1.63926141140223,-15.7656593,2026-04-08T03:14:32
125.028199,6.211872,1.63925508855686,-15.7650669,2026-04-08T03:15:32
125.223124,6.350536,1.63924876595003,-15.7644697,2026-04-08T03:16:32
125.41834,6.488867,1.6392424435837,-15.7638676,2026-04-08T03:17:32
125.61385,6.626863,1.63923612145983,-15.7632606,2026-04-08T03:18:32
125.809656,6.764522,1.63922979958037,-15.7626488,2026-04-08T03:19:32
126.005758,6.901843,1.63922347794726,-15.7620321,2026-04-08T03:20:32
126.20216,7.038822,1.63921715656244,-15.7614106,2026-04-08T03:21:32
126.398862,7.175458,1.63921083542786,-15.7607843,2026-04-08T03:22:32
126.595866,7.311749,1.63920451454543,-15.7601531,2026-04-08T03:23:32
126.793175,7.447692,1.63919819391709,-15.7595172,2026-04-08T03:24:32
126.99079,7.583286,1.63919187354474,-15.7588765,2026-04-08T03:25:32
127.188712,7.718528,1.6391855534303,-15.7582311,2026-04-08T03:26:32
127.386943,7.853416,1.63917923357569,-15.7575809,2026-04-08T03:27:32
127.585485,7.987948,1.63917291398279,-15.7569259,2026-04-08T03:28:32
127.78434,8.122121,1.63916659465351,-15.7562663,2026-04-08T03:29:32
127.983509,8.255934,1.63916027558973,-15.7556019,2026-04-08T03:30:32
128.182994,8.389384,1.63915395679335,-15.7549329,2026-04-08T03:31:32
128.382797,8.52247,1.63914763826623,-15.7542591,2026-04-08T03:32:32
128.582918,8.655188,1.63914132001025,-15.7535807,2026-04-08T03:33:32
128.783361,8.787538,1.63913500202728,-15.7528977,2026-04-08T03:34:32
128.984125,8.919515,1.63912868431918,-15.75221,2026-04-08T03:35:32
129.185214,9.051119,1.63912236688781,-15.7515177,2026-04-08T03:36:32
129.386628,9.182347,1.63911604973501,-15.7508208,2026-04-08T03:37:32
129.588369,9.313197,1.63910973286263,-15.7501193,2026-04-08T03:38:32
129.790438,9.443666,1.6391034162725,-15.7494133,2026-04-08T03:39:32
129.992838,9.573753,1.63909709996647,-15.7487026,2026-04-08T03:40:32
130.195568,9.703455,1.63909078394634,-15.7479875,2026-04-08T03:41:32
130.398632,9.83277,1.63908446821395,-15.7472678,2026-04-08T03:42:32
130.60203,9.961695,1.63907815277109,-15.7465436,2026-04-08T03:43:32
130.805764,10.090229,1.6390718376196,-15.7458149,2026-04-08T03:44:32
131.009835,10.218369,1.63906552276125,-15.7450817,2026-04-08T03:45:32
131.214245,10.346112,1.63905920819785,-15.744344,2026-04-08T03:46:32
131.418995,10.473457,1.63905289393118,-15.7436019,2026-04-08T03:47:32
131.624087,10.600402,1.63904657996303,-15.7428554,2026-04-08T03:48:32
131.829521,10.726943,1.63904026629518,-15.7421044,2026-04-08T03:49:32
132.035299,10.853078,1.63903395292938,-15.7413491,2026-04-08T03:50:32
132.241423,10.978806,1.63902763986742,-15.7405893,2026-04-08T03:51:32
132.447893,11.104124,1.63902132711104,-15.7398252,2026-04-08T03:52:32
132.654711,11.22903,1.63901501466198,-15.7390567,2026-04-08T03:53:32
132.861879,11.353521,1.639008702522,-15.7382839,2026-04-08T03:54:32
133.069397,11.477595,1.63900239069283,-15.7375068,2026-04-08T03:55:32
133.277267,11.60125,1.6389960791762,-15.7367253,2026-04-08T03:56:32
133.48549,11.724483,1.63898976797384,-15.7359396,2026-04-08T03:57:32
133.694067,11.847292,1.63898345708746,-15.7351496,2026-04-08T03:58:32
133.902999,11.969674,1.63897714651878,-15.7343553,2026-04-08T03:59:32
134.112288,12.091628,1.63897083626948,-15.7335568,2026-04-08T04:00:32
134.321934,12.213151,1.63896452634128,-15.7327541,2026-04-08T04:01:32
134.531939,12.334241,1.63895821673587,-15.7319472,2026-04-08T04:02:32
134.742303,12.454894,1.63895190745493,-15.731136,2026-04-08T04:03:32
134.953028,12.57511,1.63894559850013,-15.7303208,2026-04-08T04:04:32
135.164116,12.694884,1.63893928987314,-15.7295013,2026-04-08T04:05:32
135.375566,12.814216,1.63893298157563,-15.7286777,2026-04-08T04:06:32
135.58738,12.933103,1.63892667360926,-15.72785,2026-04-08T04:07:32
135.799558,13.051542,1.63892036597566,-15.7270182,2026-04-08T04:08:32
136.012103,13.169531,1.63891405867648,-15.7261823,2026-04-08T04:09:32
136.225014,13.287067,1.63890775171337,-15.7253424,2026-04-08T04:10:32
136.438293,13.404148,1.63890144508794,-15.7244983,2026-04-08T04:11:32
136.65194,13.520772,1.63889513880183,-15.7236503,2026-04-08T04:12:32
136.865956,13.636937,1.63888883285663,-15.7227982,2026-04-08T04:13:32
137.080343,13.752639,1.63888252725396,-15.7219422,2026-04-08T04:14:32
137.295101,13.867876,1.63887622199541,-15.7210822,2026-04-08T04:15:32
137.51023,13.982647,1.63886991708259,-15.7202182,2026-04-08T04:16:32
137.725732,14.096948,1.63886361251707,-15.7193502,2026-04-08T04:17:32
137.941608,14.210777,1.63885730830043,-15.7184784,2026-04-08T04:18:32
138.157857,14.324132,1.63885100443424,-15.7176026,2026-04-08T04:19:32
138.374481,14.43701,1.63884470092007,-15.7167229,2026-04-08T04:20:32
138.59148,14.549409,1.63883839775947,-15.7158394,2026-04-08T04:21:32
138.808856,14.661327,1.63883209495398,-15.714952,2026-04-08T04:22:32
139.026608,14.77276,1.63882579250516,-15.7140608,2026-04-08T04:23:32
139.244737,14.883707,1.63881949041453,-15.7131658,2026-04-08T04:24:32
139.463244,14.994165,1.63881318868362,-15.712267,2026-04-08T04:25:32
139.682129,15.104131,1.63880688731395,-15.7113644,2026-04-08T04:26:32
139.901392,15.213604,1.63880058630703,-15.710458,2026-04-08T04:27:32
140.121035,15.32258,1.63879428566436,-15.7095479,2026-04-08T04:28:32
140.341058,15.431058,1.63878798538744,-15.7086341,2026-04-08T04:29:32
140.561461,15.539034,1.63878168547775,-15.7077166,2026-04-08T04:30:32
140.782244,15.646506,1.63877538593677,-15.7067954,2026-04-08T04:31:32
141.003409,15.753473,1.63876908676599,-15.7058705,2026-04-08T04:32:32
141.224954,15.85993,1.63876278796687,-15.704942,2026-04-08T04:33:32
141.446881,15.965877,1.63875648954086,-15.7040099,2026-04-08T04:34:32
141.669189,16.07131,1.6387501914894,-15.7030742,2026-04-08T04:35:32
141.89188,16.176227,1.63874389381395,-15.7021349,2026-04-08T04:36:32
142.114953,16.280625,1.63873759651594,-15.701192,2026-04-08T04:37:32
142.338408,16.384503,1.63873129959679,-15.7002455,2026-04-08T04:38:32
142.562246,16.487857,1.63872500305793,-15.6992956,2026-04-08T04:39:32
142.786467,16.590685,1.63871870690075,-15.6983421,2026-04-08T04:40:32
143.01107,16.692985,1.63871241112667,-15.6973852,2026-04-08T04:41:32
143.236056,16.794753,1.63870611573708,-15.6964247,2026-04-08T04:42:32
143.461425,16.895989,1.63869982073337,-15.6954609,2026-04-08T04:43:32
143.687177,16.996688,1.63869352611691,-15.6944936,2026-04-08T04:44:32
143.913312,17.096849,1.63868723188907,-15.6935229,2026-04-08T04:45:32
144.13983,17.19647,1.63868093805123,-15.6925488,2026-04-08T04:46:32
144.36673,17.295547,1.63867464460472,-15.6915713,2026-04-08T04:47:32
144.594013,17.394078,1.63866835155091,-15.6905905,2026-04-08T04:48:32
144.821678,17.492061,1.63866205889112,-15.6896064,2026-04-08T04:49:32
145.049726,17.589494,1.63865576662668,-15.688619,2026-04-08T04:50:32
145.278155,17.686373,1.63864947475893,-15.6876283,2026-04-08T04:51:32
145.506966,17.782697,1.63864318328917,-15.6866343,2026-04-08T04:52:32
145.736159,17.878463,1.63863689221871,-15.6856371,2026-04-08T04:53:32
145.965733,17.973668,1.63863060154883,-15.6846366,2026-04-08T04:54:32
146.195687,18.068311,1.63862431128085,-15.6836329,2026-04-08T04:55:32
146.426022,18.162387,1.63861802141602,-15.6826261,2026-04-08T04:56:32
146.656736,18.255896,1.63861173195564,-15.6816161,2026-04-08T04:57:32
146.88783,18.348835,1.63860544290095,-15.680603,2026-04-08T04:58:32
147.119303,18.441201,1.63859915425322,-15.6795867,2026-04-08T04:59:32
147.351155,18.532991,1.63859286601369,-15.6785673,2026-04-08T05:00:32
147.583384,18.624204,1.6385865781836,-15.6775449,2026-04-08T05:01:32
147.81599,18.714837,1.63858029076418,-15.6765194,2026-04-08T05:02:32
148.048973,18.804887,1.63857400375666,-15.6754909,2026-04-08T05:03:32
148.282331,18.894352,1.63856771716224,-15.6744593,2026-04-08T05:04:32
148.516065,18.98323,1.63856143098213,-15.6734248,2026-04-08T05:05:32
148.750173,19.071518,1.63855514521753,-15.6723873,2026-04-08T05:06:32
148.984655,19.159213,1.63854885986962,-15.6713468,2026-04-08T05:07:32
149.219509,19.246314,1.63854257493959,-15.6703034,2026-04-08T05:08:32
149.454736,19.332818,1.6385362904286,-15.6692572,2026-04-08T05:09:32
149.690333,19.418723,1.63853000633781,-15.668208,2026-04-08T05:10:32
149.9263,19.504025,1.63852372266839,-15.6671559,2026-04-08T05:11:32
150.162637,19.588723,1.63851743942147,-15.666101,2026-04-08T05:12:32
150.399341,19.672815,1.6385111565982,-15.6650433,2026-04-08T05:13:32
150.636412,19.756298,1.63850487419967,-15.6639828,2026-04-08T05:14:32
150.873849,19.839169,1.63849859222704,-15.6629195,2026-04-08T05:15:32
151.111651,19.921426,1.6384923106814,-15.6618535,2026-04-08T05:16:32
151.349817,20.003068,1.63848602956384,-15.6607847,2026-04-08T05:17:32
151.588345,20.084091,1.63847974887548,-15.6597132,2026-04-08T05:18:32
151.827233,20.164493,1.63847346861739,-15.6586391,2026-04-08T05:19:32
152.066482,20.244272,1.63846718879064,-15.6575622,2026-04-08T05:20:32
152.306089,20.323425,1.63846090939629,-15.6564827,2026-04-08T05:21:32
152.546053,20.401951,1.63845463043541,-15.6554006,2026-04-08T05:22:32
152.786373,20.479846,1.63844835190904,-15.6543159,2026-04-08T05:23:32
153.027047,20.557109,1.63844207381822,-15.6532286,2026-04-08T05:24:32
153.268074,20.633738,1.63843579616398,-15.6521388,2026-04-08T05:25:32
153.509452,20.709729,1.63842951894734,-15.6510464,2026-04-08T05:26:32
153.75118,20.785082,1.63842324216932,-15.6499515,2026-04-08T05:27:32
153.993256,20.859792,1.63841696583091,-15.6488541,2026-04-08T05:28:32
154.235678,20.933859,1.63841068993311,-15.6477543,2026-04-08T05:29:32
154.478445,21.00728,1.63840441447689,-15.646652,2026-04-08T05:30:32
154.721554,21.080053,1.63839813946325,-15.6455473,2026-04-08T05:31:32
154.965006,21.152175,1.63839186489314,-15.6444402,2026-04-08T05:32:32
155.208796,21.223644,1.63838559076754,-15.6433307,2026-04-08T05:33:32
155.452924,21.294459,1.63837931708736,-15.6422189,2026-04-08T05:34:32
155.697388,21.364616,1.63837304385356,-15.6411047,2026-04-08T05:35:32
155.942185,21.434115,1.63836677106707,-15.6399882,2026-04-08T05:36:32
156.187315,21.502952,1.63836049872882,-15.6388695,2026-04-08T05:37:32
156.432774,21.571125,1.63835422683971,-15.6377485,2026-04-08T05:38:32
156.678561,21.638632,1.63834795540063,-15.6366252,2026-04-08T05:39:32
156.924673,21.705472,1.6383416844125,-15.6354997,2026-04-08T05:40:32
157.171109,21.771642,1.63833541387618,-15.6343721,2026-04-08T05:41:32
157.417866,21.837139,1.63832914379256,-15.6332422,2026-04-08T05:42:32
157.664943,21.901963,1.6383228741625,-15.6321103,2026-04-08T05:43:32
157.912336,21.96611,1.63831660498685,-15.6309762,2026-04-08T05:44:32
158.160044,22.029579,1.63831033626648,-15.62984,2026-04-08T05:45:32
158.408065,22.092368,1.63830406800219,-15.6287017,2026-04-08T05:46:32
158.656395,22.154474,1.63829780019484,-15.6275614,2026-04-08T05:47:32
158.905033,22.215896,1.63829153284523,-15.626419,2026-04-08T05:48:32
159.153976,22.276632,1.63828526595418,-15.6252746,2026-04-08T05:49:32
159.403221,22.336679,1.63827899952249,-15.6241283,2026-04-08T05:50:32
159.652767,22.396036,1.63827273355094,-15.62298,2026-04-08T05:51:32
159.90261,22.454701,1.63826646804032,-15.6218297,2026-04-08T05:52:32
160.152748,22.512671,1.63826020299139,-15.6206776,2026-04-08T05:53:32
160.403178,22.569946,1.63825393840494,-15.6195235,2026-04-08T05:54:32
160.653898,22.626522,1.63824767428169,-15.6183676,2026-04-08T05:55:32
160.904905,22.682398,1.6382414106224,-15.6172099,2026-04-08T05:56:32
161.156196,22.737573,1.6382351474278,-15.6160503,2026-04-08T05:57:32
161.407768,22.792044,1.63822888469861,-15.614889,2026-04-08T05:58:32
161.659619,22.845809,1.63822262243556,-15.6137258,2026-04-08T05:59:32
161.911746,22.898867,1.63821636063933,-15.612561,2026-04-08T06:00:32
162.164145,22.951217,1.63821009931064,-15.6113944,2026-04-08T06:01:32
162.416814,23.002855,1.63820383845017,-15.6102261,2026-04-08T06:02:32
162.669749,23.05378,1.63819757805858,-15.6090561,2026-04-08T06:03:32
162.922949,23.103992,1.63819131813656,-15.6078845,2026-04-08T06:04:32
163.176409,23.153487,1.63818505868476,-15.6067112,2026-04-08T06:05:32
163.430128,23.202264,1.63817879970382,-15.6055364,2026-04-08T06:06:32
163.6841,23.250322,1.63817254119438,-15.6043599,2026-04-08T06:07:32
163.938324,23.297659,1.63816628315708,-15.6031819,2026-04-08T06:08:32
164.192796,23.344273,1.63816002559251,-15.6020024,2026-04-08T06:09:32
164.447513,23.390163,1.63815376850131,-15.6008214,2026-04-08T06:10:32
164.702472,23.435326,1.63814751188407,-15.5996389,2026-04-08T06:11:32
164.957669,23.479762,1.63814125574138,-15.5984549,2026-04-08T06:12:32
165.213102,23.523469,1.63813500007381,-15.5972695,2026-04-08T06:13:32
165.468766,23.566446,1.63812874488194,-15.5960827,2026-04-08T06:14:32
165.724658,23.60869,1.63812249016633,-15.5948945,2026-04-08T06:15:32
165.980775,23.6502,1.63811623592753,-15.593705,2026-04-08T06:16:32
166.237114,23.690976,1.63810998216608,-15.5925141,2026-04-08T06:17:32
166.49367,23.731014,1.63810372888251,-15.5913219,2026-04-08T06:18:32
166.750441,23.770315,1.63809747607735,-15.5901284,2026-04-08T06:19:32
167.007423,23.808877,1.6380912237511,-15.5889336,2026-04-08T06:20:32
167.264612,23.846697,1.63808497190427,-15.5877376,2026-04-08T06:21:32
167.522004,23.883776,1.63807872053735,-15.5865404,2026-04-08T06:22:32
167.779597,23.920111,1.63807246965082,-15.585342,2026-04-08T06:23:32
168.037385,23.955701,1.63806621924515,-15.5841425,2026-04-08T06:24:32
168.295367,23.990546,1.63805996932082,-15.5829417,2026-04-08T06:25:32
168.553537,24.024643,1.63805371987825,-15.5817399,2026-04-08T06:26:32
168.811892,24.057991,1.63804747091792,-15.580537,2026-04-08T06:27:32
169.070428,24.09059,1.63804122244025,-15.579333,2026-04-08T06:28:32
169.329142,24.122437,1.63803497444566,-15.578128,2026-04-08T06:29:32
169.58803,24.153533,1.63802872693456,-15.5769219,2026-04-08T06:30:32
169.847087,24.183876,1.63802247990736,-15.5757149,2026-04-08T06:31:32
170.10631,24.213464,1.63801623336444,-15.5745069,2026-04-08T06:32:32
170.365695,24.242297,1.63800998730621,-15.5732979,2026-04-08T06:33:32
170.625238,24.270373,1.63800374173304,-15.572088,2026-04-08T06:34:32
170.884935,24.297692,1.63799749664526,-15.5708772,2026-04-08T06:35:32
171.144782,24.324252,1.63799125204326,-15.5696656,2026-04-08T06:36:32
171.404775,24.350053,1.63798500792738,-15.5684531,2026-04-08T06:37:32
171.66491,24.375093,1.63797876429793,-15.5672398,2026-04-08T06:38:32
171.925182,24.399373,1.63797252115527,-15.5660257,2026-04-08T06:39:32
172.185589,24.422889,1.63796627849968,-15.5648108,2026-04-08T06:40:32
172.446125,24.445643,1.6379600363315,-15.5635951,2026-04-08T06:41:32
172.706787,24.467633,1.63795379465099,-15.5623788,2026-04-08T06:42:32
172.96757,24.488858,1.63794755345845,-15.5611617,2026-04-08T06:43:32
173.22847,24.509317,1.63794131275417,-15.559944,2026-04-08T06:44:32
173.489483,24.529011,1.63793507253839,-15.5587256,2026-04-08T06:45:32
173.750605,24.547937,1.63792883281138,-15.5575066,2026-04-08T06:46:32
174.011832,24.566095,1.63792259357338,-15.556287,2026-04-08T06:47:32
174.273159,24.583485,1.63791635482462,-15.5550669,2026-04-08T06:48:32
174.534583,24.600106,1.63791011656533,-15.5538462,2026-04-08T06:49:32
174.796098,24.615957,1.63790387879573,-15.5526249,2026-04-08T06:50:32
175.057701,24.631037,1.63789764151603,-15.5514032,2026-04-08T06:51:32
175.319387,24.645347,1.6378914047264,-15.550181,2026-04-08T06:52:32
175.581152,24.658886,1.63788516842705,-15.5489583,2026-04-08T06:53:32
175.842992,24.671652,1.63787893261815,-15.5477352,2026-04-08T06:54:32
176.104902,24.683647,1.63787269729985,-15.5465117,2026-04-08T06:55:32
176.366878,24.694868,1.63786646247233,-15.5452879,2026-04-08T06:56:32
176.628916,24.705316,1.6378602281357,-15.5440636,2026-04-08T06:57:32
176.891011,24.71499,1.63785399429013,-15.5428391,2026-04-08T06:58:32
177.153159,24.723891,1.63784776093573,-15.5416143,2026-04-08T06:59:32
177.415356,24.732017,1.63784152807262,-15.5403892,2026-04-08T07:00:32
177.677597,24.739368,1.63783529570089,-15.5391638,2026-04-08T07:01:32
177.939877,24.745944,1.63782906382066,-15.5379382,2026-04-08T07:02:32
178.202194,24.751746,1.63782283243199,-15.5367125,2026-04-08T07:03:32
178.464541,24.756771,1.63781660153496,-15.5354865,2026-04-08T07:04:32
178.726914,24.761022,1.63781037112965,-15.5342604,2026-04-08T07:05:32
178.98931,24.764496,1.63780414121612,-15.5330342,2026-04-08T07:06:32
179.251723,24.767195,1.63779791179438,-15.5318078,2026-04-08T07:07:32
179.51415,24.769117,1.63779168286449,-15.5305814,2026-04-08T07:08:32
179.776586,24.770264,1.63778545442648,-15.529355,2026-04-08T07:09:32
180.039026,24.770634,1.63777922648034,-15.5281285,2026-04-08T07:10:32
180.301466,24.770228,1.63777299902609,-15.526902,2026-04-08T07:11:32
180.563902,24.769047,1.63776677206374,-15.5256756,2026-04-08T07:12:32
180.826329,24.767089,1.63776054559325,-15.5244492,2026-04-08T07:13:32
181.088743,24.764355,1.63775431961461,-15.5232229,2026-04-08T07:14:32
181.351139,24.760845,1.63774809412777,-15.5219966,2026-04-08T07:15:32
181.613513,24.75656,1.6377418691327,-15.5207705,2026-04-08T07:16:32
181.87586,24.751498,1.63773564462933,-15.5195446,2026-04-08T07:17:32
182.138177,24.745662,1.63772942061761,-15.5183188,2026-04-08T07:18:32
182.400459,24.73905,1.63772319709746,-15.5170932,2026-04-08T07:19:32
182.6627,24.731664,1.63771697406878,-15.5158679,2026-04-08T07:20:32
182.924898,24.723503,1.6377107515315,-15.5146428,2026-04-08T07:21:32
183.187047,24.714567,1.63770452948549,-15.513418,2026-04-08T07:22:32
183.449143,24.704857,1.63769830793064,-15.5121935,2026-04-08T07:23:32
183.711183,24.694374,1.63769208686684,-15.5109693,2026-04-08T07:24:32
183.97316,24.683118,1.63768586629394,-15.5097454,2026-04-08T07:25:32
184.235072,24.671089,1.6376796462118,-15.508522,2026-04-08T07:26:32
184.496913,24.658287,1.63767342662026,-15.5072989,2026-04-08T07:27:32
184.75868,24.644714,1.63766720751916,-15.5060763,2026-04-08T07:28:32
185.020368,24.630369,1.63766098890833,-15.5048541,2026-04-08T07:29:32
185.281972,24.615253,1.63765477078757,-15.5036324,2026-04-08T07:30:32
185.54349,24.599367,1.63764855315668,-15.5024111,2026-04-08T07:31:32
185.804915,24.582712,1.63764233601547,-15.5011904,2026-04-08T07:32:32
186.066244,24.565287,1.63763611936373,-15.4999703,2026-04-08T07:33:32
186.327473,24.547094,1.63762990320121,-15.4987507,2026-04-08T07:34:32
186.588598,24.528134,1.6376236875277,-15.4975318,2026-04-08T07:35:32
186.849614,24.508406,1.63761747234293,-15.4963134,2026-04-08T07:36:32
187.110517,24.487912,1.63761125764667,-15.4950957,2026-04-08T07:37:32
187.371302,24.466653,1.63760504343863,-15.4938787,2026-04-08T07:38:32
187.631967,24.444628,1.63759882971856,-15.4926624,2026-04-08T07:39:32
187.892506,24.42184,1.63759261648616,-15.4914468,2026-04-08T07:40:32
188.152915,24.398289,1.63758640374113,-15.490232,2026-04-08T07:41:32
188.413191,24.373976,1.63758019148317,-15.4890179,2026-04-08T07:42:32
188.673329,24.348902,1.63757397971196,-15.4878046,2026-04-08T07:43:32
188.933325,24.323067,1.6375677684272,-15.4865922,2026-04-08T07:44:32
189.193176,24.296473,1.63756155762852,-15.4853806,2026-04-08T07:45:32
189.452876,24.26912,1.6375553473156,-15.4841698,2026-04-08T07:46:32
189.712423,24.24101,1.63754913748807,-15.48296,2026-04-08T07:47:32
189.971812,24.212144,1.63754292814557,-15.4817511,2026-04-08T07:48:32
190.231039,24.182522,1.63753671928773,-15.4805431,2026-04-08T07:49:32
190.4901,24.152146,1.63753051091416,-15.4793361,2026-04-08T07:50:32
190.748992,24.121017,1.63752430302448,-15.4781301,2026-04-08T07:51:32
191.00771,24.089136,1.63751809561826,-15.4769251,2026-04-08T07:52:32
191.266251,24.056504,1.6375118886951,-15.4757212,2026-04-08T07:53:32
191.524611,24.023123,1.63750568225459,-15.4745183,2026-04-08T07:54:32
191.782786,23.988993,1.63749947629627,-15.4733166,2026-04-08T07:55:32
192.040772,23.954116,1.6374932708197,-15.4721159,2026-04-08T07:56:32
192.298566,23.918493,1.63748706582445,-15.4709164,2026-04-08T07:57:32
192.556164,23.882125,1.63748086131003,-15.469718,2026-04-08T07:58:32
192.813562,23.845014,1.63747465727599,-15.4685209,2026-04-08T07:59:32
193.070756,23.807161,1.63746845372181,-15.467325,2026-04-08T08:00:32
193.327743,23.768567,1.63746225064704,-15.4661303,2026-04-08T08:01:32
193.58452,23.729234,1.63745604805116,-15.4649368,2026-04-08T08:02:32
193.841083,23.689163,1.63744984593366,-15.4637447,2026-04-08T08:03:32
194.097427,23.648356,1.63744364429401,-15.4625539,2026-04-08T08:04:32
194.353551,23.606814,1.63743744313168,-15.4613644,2026-04-08T08:05:32
194.609449,23.564538,1.63743124244613,-15.4601763,2026-04-08T08:06:32
194.86512,23.52153,1.63742504223682,-15.4589895,2026-04-08T08:07:32
195.120559,23.477792,1.63741884250317,-15.4578042,2026-04-08T08:08:32
195.375763,23.433325,1.63741264324463,-15.4566203,2026-04-08T08:09:32
195.630729,23.38813,1.63740644446059,-15.4554379,2026-04-08T08:10:32
195.885454,23.342209,1.63740024615049,-15.4542569,2026-04-08T08:11:32
196.139933,23.295564,1.63739404831371,-15.4530775,2026-04-08T08:12:32
196.394165,23.248197,1.63738785094966,-15.4518996,2026-04-08T08:13:32
196.648145,23.200108,1.6373816540577,-15.4507232,2026-04-08T08:14:32
196.901871,23.151301,1.63737545763721,-15.4495485,2026-04-08T08:15:32
197.15534,23.101775,1.63736926168755,-15.4483753,2026-04-08T08:16:32
197.408548,23.051534,1.63736306620808,-15.4472038,2026-04-08T08:17:32
197.661492,23.000578,1.63735687119813,-15.4460339,2026-04-08T08:18:32
197.91417,22.94891,1.63735067665704,-15.4448657,2026-04-08T08:19:32
198.166578,22.896532,1.63734448258413,-15.4436992,2026-04-08T08:20:32
198.418714,22.843444,1.63733828897871,-15.4425344,2026-04-08T08:21:32
198.670574,22.789649,1.6373320958401,-15.4413713,2026-04-08T08:22:32
198.922156,22.735149,1.63732590316758,-15.4402101,2026-04-08T08:23:32
199.173457,22.679946,1.63731971096043,-15.4390506,2026-04-08T08:24:32
199.424474,22.62404,1.63731351921793,-15.4378929,2026-04-08T08:25:32
199.675204,22.567436,1.63730732793937,-15.4367371,2026-04-08T08:26:32
199.925645,22.510133,1.63730113712396,-15.4355832,2026-04-08T08:27:32
200.175793,22.452134,1.63729494677099,-15.4344311,2026-04-08T08:28:32
200.425647,22.393441,1.63728875687967,-15.433281,2026-04-08T08:29:32
200.675204,22.334056,1.63728256744924,-15.4321328,2026-04-08T08:30:32
200.924461,22.273981,1.63727637847892,-15.4309865,2026-04-08T08:31:32
201.173415,22.213218,1.63727018996791,-15.4298423,2026-04-08T08:32:32
201.422065,22.151769,1.63726400191541,-15.4287,2026-04-08T08:33:32
201.670408,22.089635,1.63725781432062,-15.4275598,2026-04-08T08:34:32
201.91844,22.026819,1.63725162718271,-15.4264216,2026-04-08T08:35:32
202.166161,21.963323,1.63724544050086,-15.4252855,2026-04-08T08:36:32
202.413567,21.899149,1.63723925427423,-15.4241515,2026-04-08T08:37:32
202.660657,21.834299,1.63723306850198,-15.4230197,2026-04-08T08:38:32
202.907427,21.768775,1.63722688318323,-15.42189,2026-04-08T08:39:32
203.153877,21.702579,1.63722069831714,-15.4207624,2026-04-08T08:40:32
203.400003,21.635714,1.63721451390281,-15.419637,2026-04-08T08:41:32
203.645804,21.56818,1.63720832993938,-15.4185139,2026-04-08T08:42:32
203.891278,21.499982,1.63720214642595,-15.417393,2026-04-08T08:43:32
204.136422,21.43112,1.63719596336161,-15.4162744,2026-04-08T08:44:32
204.381234,21.361596,1.63718978074546,-15.415158,2026-04-08T08:45:32
204.625713,21.291414,1.63718359857656,-15.414044,2026-04-08T08:46:32
204.869857,21.220574,1.637177416854,-15.4129323,2026-04-08T08:47:32
205.113663,21.14908,1.63717123557682,-15.4118229,2026-04-08T08:48:32
205.35713,21.076934,1.63716505474409,-15.4107159,2026-04-08T08:49:32
205.600256,21.004137,1.63715887435484,-15.4096113,2026-04-08T08:50:32
205.84304,20.930692,1.63715269440811,-15.4085092,2026-04-08T08:51:32
206.085479,20.856602,1.63714651490292,-15.4074095,2026-04-08T08:52:32
206.327572,20.781867,1.63714033583828,-15.4063122,2026-04-08T08:53:32
206.569317,20.706492,1.63713415721321,-15.4052175,2026-04-08T08:54:32
206.810713,20.630477,1.6371279790267,-15.4041252,2026-04-08T08:55:32
207.051758,20.553826,1.63712180127773,-15.4030355,2026-04-08T08:56:32
207.292451,20.47654,1.63711562396529,-15.4019484,2026-04-08T08:57:32
207.532789,20.398622,1.63710944708835,-15.4008638,2026-04-08T08:58:32
207.772773,20.320075,1.63710327064587,-15.3997818,2026-04-08T08:59:32
208.012399,20.240899,1.63709709463678,-15.3987025,2026-04-08T09:00:32
208.251668,20.161098,1.63709091906006,-15.3976258,2026-04-08T09:01:32
208.490577,20.080675,1.63708474391462,-15.3965517,2026-04-08T09:02:32
208.729125,19.999631,1.63707856919939,-15.3954804,2026-04-08T09:03:32
208.967311,19.917968,1.63707239491328,-15.3944118,2026-04-08T09:04:32
209.205134,19.83569,1.63706622105522,-15.3933459,2026-04-08T09:05:32
209.442593,19.752798,1.63706004762408,-15.3922827,2026-04-08T09:06:32
209.679686,19.669295,1.63705387461877,-15.3912224,2026-04-08T09:07:32
209.916412,19.585183,1.63704770203817,-15.3901648,2026-04-08T09:08:32
210.152771,19.500465,1.63704152988115,-15.3891101,2026-04-08T09:09:32
210.388761,19.415143,1.63703535814656,-15.3880582,2026-04-08T09:10:32
210.624382,19.329219,1.63702918683328,-15.3870092,2026-04-08T09:11:32
210.859632,19.242696,1.63702301594014,-15.385963,2026-04-08T09:12:32
211.09451,19.155576,1.637016845466,-15.3849198,2026-04-08T09:13:32
211.329016,19.067861,1.63701067540964,-15.3838795,2026-04-08T09:14:32
211.563149,18.979555,1.63700450576992,-15.3828421,2026-04-08T09:15:32
211.796908,18.890659,1.63699833654565,-15.3818078,2026-04-08T09:16:32
212.030292,18.801176,1.63699216773561,-15.3807764,2026-04-08T09:17:32
212.263301,18.711108,1.63698599933863,-15.379748,2026-04-08T09:18:32
212.495933,18.620458,1.63697983135347,-15.3787227,2026-04-08T09:19:32
212.728189,18.529227,1.63697366377891,-15.3777004,2026-04-08T09:20:32
212.960067,18.43742,1.63696749661373,-15.3766812,2026-04-08T09:21:32
213.191567,18.345037,1.63696132985668,-15.3756651,2026-04-08T09:22:32
213.422689,18.252082,1.63695516350653,-15.3746521,2026-04-08T09:23:32
213.653432,18.158557,1.636948997562,-15.3736423,2026-04-08T09:24:32
213.883795,18.064464,1.63694283202184,-15.3726356,2026-04-08T09:25:32
214.113779,17.969806,1.63693666688477,-15.3716322,2026-04-08T09:26:32
214.343382,17.874585,1.63693050214952,-15.3706319,2026-04-08T09:27:32
214.572605,17.778804,1.63692433781479,-15.3696348,2026-04-08T09:28:32
214.801446,17.682465,1.63691817387929,-15.368641,2026-04-08T09:29:32
215.029906,17.585571,1.63691201034171,-15.3676505,2026-04-08T09:30:32
215.257985,17.488124,1.63690584720073,-15.3666632,2026-04-08T09:31:32
215.485682,17.390127,1.63689968445505,-15.3656793,2026-04-08T09:32:32
215.712997,17.291581,1.63689352210332,-15.3646987,2026-04-08T09:33:32
215.939929,17.19249,1.63688736014419,-15.3637214,2026-04-08T09:34:32
216.16648,17.092857,1.63688119857634,-15.3627475,2026-04-08T09:35:32
216.392648,16.992682,1.63687503739841,-15.361777,2026-04-08T09:36:32
216.618434,16.89197,1.63686887660902,-15.3608099,2026-04-08T09:37:32
216.843837,16.790722,1.63686271620681,-15.3598462,2026-04-08T09:38:32
217.068858,16.688941,1.6368565561904,-15.358886,2026-04-08T09:39:32
217.293496,16.586629,1.6368503965584,-15.3579292,2026-04-08T09:40:32
217.517753,16.483789,1.63684423730943,-15.3569759,2026-04-08T09:41:32
217.741627,16.380423,1.63683807844206,-15.3560262,2026-04-08T09:42:32
217.965118,16.276535,1.63683191995491,-15.3550799,2026-04-08T09:43:32
218.188228,16.172125,1.63682576184653,-15.3541373,2026-04-08T09:44:32
218.410956,16.067197,1.63681960411551,-15.3531981,2026-04-08T09:45:32
218.633303,15.961754,1.63681344676042,-15.3522626,2026-04-08T09:46:32
218.855268,15.855797,1.63680728977981,-15.3513307,2026-04-08T09:47:32
219.076853,15.749329,1.63680113317224,-15.3504024,2026-04-08T09:48:32
219.298056,15.642353,1.63679497693623,-15.3494777,2026-04-08T09:49:32
219.518879,15.534871,1.63678882107034,-15.3485567,2026-04-08T09:50:32
219.739322,15.426886,1.63678266557307,-15.3476394,2026-04-08T09:51:32
219.959386,15.318399,1.63677651044296,-15.3467258,2026-04-08T09:52:32
220.179071,15.209415,1.63677035567852,-15.3458159,2026-04-08T09:53:32
220.398376,15.099934,1.63676420127824,-15.3449098,2026-04-08T09:54:32
220.617304,14.989959,1.63675804724062,-15.3440074,2026-04-08T09:55:32
220.835853,14.879493,1.63675189356416,-15.3431088,2026-04-08T09:56:32
221.054026,14.768539,1.63674574024734,-15.342214,2026-04-08T09:57:32
221.271822,14.657099,1.63673958728862,-15.341323,2026-04-08T09:58:32
221.489241,14.545174,1.63673343468647,-15.3404358,2026-04-08T09:59:32
221.706286,14.432769,1.63672728243937,-15.3395525,2026-04-08T10:00:32
221.922955,14.319884,1.63672113054574,-15.3386731,2026-04-08T10:01:32
222.139251,14.206523,1.63671497900404,-15.3377975,2026-04-08T10:02:32
222.355172,14.092688,1.6367088278127,-15.3369259,2026-04-08T10:03:32
222.570722,13.978382,1.63670267697016,-15.3360581,2026-04-08T10:04:32
222.785899,13.863606,1.63669652647483,-15.3351944,2026-04-08T10:05:32
223.000705,13.748364,1.63669037632512,-15.3343346,2026-04-08T10:06:32
223.21514,13.632657,1.63668422651946,-15.3334787,2026-04-08T10:07:32
223.429206,13.516488,1.63667807705623,-15.3326269,2026-04-08T10:08:32
223.642903,13.39986,1.63667192793383,-15.3317791,2026-04-08T10:09:32
223.856232,13.282775,1.63666577915065,-15.3309353,2026-04-08T10:10:32
224.069194,13.165236,1.63665963070506,-15.3300956,2026-04-08T10:11:32
224.28179,13.047244,1.63665348259543,-15.3292599,2026-04-08T10:12:32
224.494021,12.928802,1.63664733482014,-15.3284284,2026-04-08T10:13:32
224.705887,12.809913,1.63664118737753,-15.3276009,2026-04-08T10:14:32
224.91739,12.690579,1.63663504026595,-15.3267775,2026-04-08T10:15:32
225.128531,12.570802,1.63662889348376,-15.3259583,2026-04-08T10:16:32
225.339311,12.450585,1.6366227470293,-15.3251433,2026-04-08T10:17:32
225.54973,12.32993,1.63661660090088,-15.3243324,2026-04-08T10:18:32
225.759791,12.20884,1.63661045509683,-15.3235257,2026-04-08T10:19:32
225.969493,12.087316,1.63660430961545,-15.3227232,2026-04-08T10:20:32
226.178838,11.965362,1.63659816445509,-15.321925,2026-04-08T10:21:32
226.387827,11.842979,1.63659201961402,-15.3211309,2026-04-08T10:22:32
226.596462,11.720171,1.63658587509054,-15.3203412,2026-04-08T10:23:32
226.804743,11.596938,1.63657973088295,-15.3195557,2026-04-08T10:24:32
227.012672,11.473284,1.63657358698952,-15.3187745,2026-04-08T10:25:32
227.22025,11.349212,1.63656744340854,-15.3179976,2026-04-08T10:26:32
227.427478,11.224722,1.63656130013826,-15.3172251,2026-04-08T10:27:32
227.634357,11.099818,1.63655515717695,-15.3164568,2026-04-08T10:28:32
227.840889,10.974502,1.63654901452288,-15.315693,2026-04-08T10:29:32
228.047075,10.848777,1.63654287217429,-15.3149335,2026-04-08T10:30:32
228.252916,10.722644,1.63653673012943,-15.3141784,2026-04-08T10:31:32
228.458413,10.596106,1.63653058838651,-15.3134277,2026-04-08T10:32:32
228.663569,10.469165,1.63652444694379,-15.3126814,2026-04-08T10:33:32
228.868383,10.341824,1.63651830579947,-15.3119396,2026-04-08T10:34:32
229.072858,10.214084,1.63651216495179,-15.3112022,2026-04-08T10:35:32
229.276995,10.085949,1.63650602439894,-15.3104692,2026-04-08T10:36:32
229.480796,9.95742,1.63649988413915,-15.3097408,2026-04-08T10:37:32
229.684261,9.8285,1.63649374417059,-15.3090169,2026-04-08T10:38:32
229.887393,9.69919,1.63648760449148,-15.3082974,2026-04-08T10:39:32
230.090192,9.569494,1.63648146509999,-15.3075825,2026-04-08T10:40:32
230.29266,9.439413,1.6364753259943,-15.3068722,2026-04-08T10:41:32
230.494799,9.30895,1.63646918717259,-15.3061664,2026-04-08T10:42:32
230.696611,9.178107,1.63646304863302,-15.3054652,2026-04-08T10:43:32
230.898096,9.046886,1.63645691037377,-15.3047686,2026-04-08T10:44:32
231.099256,8.915289,1.63645077239297,-15.3040765,2026-04-08T10:45:32
231.300093,8.783319,1.63644463468879,-15.3033892,2026-04-08T10:46:32
231.500608,8.650978,1.63643849725937,-15.3027064,2026-04-08T10:47:32
231.700804,8.518268,1.63643236010285,-15.3020283,2026-04-08T10:48:32
231.900681,8.385191,1.63642622321736,-15.3013548,2026-04-08T10:49:32
232.100241,8.251749,1.63642008660102,-15.300686,2026-04-08T10:50:32
232.299486,8.117946,1.63641395025196,-15.300022,2026-04-08T10:51:32
232.498417,7.983782,1.63640781416828,-15.2993626,2026-04-08T10:52:32
232.697037,7.84926,1.63640167834812,-15.2987079,2026-04-08T10:53:32
232.895346,7.714382,1.63639554278955,-15.298058,2026-04-08T10:54:32
233.093346,7.579151,1.63638940749069,-15.2974129,2026-04-08T10:55:32
233.29104,7.443569,1.63638327244962,-15.2967725,2026-04-08T10:56:32
233.488429,7.307637,1.63637713766444,-15.2961368,2026-04-08T10:57:32
233.685514,7.171358,1.63637100313322,-15.295506,2026-04-08T10:58:32
233.882297,7.034734,1.63636486885404,-15.29488,2026-04-08T10:59:32
234.078781,6.897767,1.63635873482496,-15.2942587,2026-04-08T11:00:32
234.274966,6.760459,1.63635260104407,-15.2936424,2026-04-08T11:01:32
234.470855,6.622813,1.63634646750941,-15.2930308,2026-04-08T11:02:32
234.66645,6.48483,1.63634033421904,-15.2924241,2026-04-08T11:03:32
234.861751,6.346513,1.636334201171,-15.2918223,2026-04-08T11:04:32
235.056762,6.207863,1.63632806836336,-15.2912254,2026-04-08T11:05:32
235.251483,6.068884,1.63632193579413,-15.2906334,2026-04-08T11:06:32
235.445917,5.929576,1.63631580346135,-15.2900463,2026-04-08T11:07:32
235.640066,5.789943,1.63630967136305,-15.2894641,2026-04-08T11:08:32
235.83393,5.649985,1.63630353949727,-15.2888868,2026-04-08T11:09:32
236.027513,5.509706,1.636297407862,-15.2883145,2026-04-08T11:10:32
236.220817,5.369107,1.63629127645527,-15.2877471,2026-04-08T11:11:32
236.413842,5.22819,1.63628514527508,-15.2871848,2026-04-08T11:12:32
236.606591,5.086958,1.63627901431945,-15.2866274,2026-04-08T11:13:32
236.799066,4.945412,1.63627288358636,-15.286075,2026-04-08T11:14:32
236.991268,4.803554,1.6362667530738,-15.2855276,2026-04-08T11:15:32
237.183201,4.661387,1.63626062277977,-15.2849852,2026-04-08T11:16:32
237.374865,4.518913,1.63625449270226,-15.2844479,2026-04-08T11:17:32
237.566262,4.376133,1.63624836283924,-15.2839156,2026-04-08T11:18:32
237.757395,4.233049,1.63624223318867,-15.2833884,2026-04-08T11:19:32
237.948266,4.089664,1.63623610374854,-15.2828662,2026-04-08T11:20:32
238.138876,3.94598,1.6362299745168,-15.2823491,2026-04-08T11:21:32
238.329227,3.801998,1.63622384549143,-15.2818372,2026-04-08T11:22:32
238.519322,3.657721,1.63621771667037,-15.2813303,2026-04-08T11:23:32
238.709163,3.513151,1.63621158805157,-15.2808285,2026-04-08T11:24:32
238.898751,3.368288,1.63620545963298,-15.2803319,2026-04-08T11:25:32
239.088089,3.223137,1.63619933141254,-15.2798404,2026-04-08T11:26:32
239.277178,3.077698,1.6361932033882,-15.279354,2026-04-08T11:27:32
239.466021,2.931973,1.63618707555787,-15.2788728,2026-04-08T11:28:32
239.65462,2.785965,1.63618094791951,-15.2783968,2026-04-08T11:29:32
239.842977,2.639675,1.63617482047101,-15.2779259,2026-04-08T11:30:32
240.031093,2.493105,1.63616869321031,-15.2774603,2026-04-08T11:31:32
240.218972,2.346257,1.63616256613533,-15.2769998,2026-04-08T11:32:32
240.406614,2.199134,1.63615643924397,-15.2765446,2026-04-08T11:33:32
240.594023,2.051736,1.63615031253414,-15.2760946,2026-04-08T11:34:32
240.7812,1.904067,1.63614418600375,-15.2756498,2026-04-08T11:35:32
240.968148,1.756127,1.63613805965069,-15.2752102,2026-04-08T11:36:32
241.154868,1.60792,1.63613193347287,-15.2747759,2026-04-08T11:37:32
241.341363,1.459446,1.63612580746817,-15.2743469,2026-04-08T11:38:32
241.527634,1.310707,1.63611968163447,-15.2739231,2026-04-08T11:39:32
241.713685,1.161706,1.63611355596968,-15.2735046,2026-04-08T11:40:32
241.899517,1.012444,1.63610743047165,-15.2730915,2026-04-08T11:41:32
242.085132,0.862924,1.63610130513829,-15.2726836,2026-04-08T11:42:32
242.270533,0.713146,1.63609517996743,-15.272281,2026-04-08T11:43:32
242.455722,0.563114,1.63608905495697,-15.2718837,2026-04-08T11:44:32
242.6407,0.412828,1.63608293010477,-15.2714918,2026-04-08T11:45:32
242.825471,0.262291,1.63607680540867,-15.2711052,2026-04-08T11:46:32
243.010036,0.111505,1.63607068086656,-15.270724,2026-04-08T11:47:32
243.194398,-0.039529,1.63606455647628,-15.2703481,2026-04-08T11:48:32
243.378558,-0.190809,1.63605843223569,-15.2699775,2026-04-08T11:49:32
243.56252,-0.342333,1.6360523081426,-15.2696124,2026-04-08T11:50:32
243.746285,-0.494099,1.63604618419488,-15.2692526,2026-04-08T11:51:32
243.929855,-0.646105,1.63604006039038,-15.2688982,2026-04-08T11:52:32
244.113233,-0.79835,1.63603393672692,-15.2685493,2026-04-08T11:53:32
244.296422,-0.950832,1.63602781320235,-15.2682057,2026-04-08T11:54:32
244.479423,-1.103548,1.63602168981447,-15.2678675,2026-04-08T11:55:32
244.662238,-1.256498,1.63601556656114,-15.2675348,2026-04-08T11:56:32
244.844871,-1.409679,1.63600944344016,-15.2672075,2026-04-08T11:57:32
245.027323,-1.563089,1.63600332044936,-15.2668856,2026-04-08T11:58:32
245.209596,-1.716728,1.63599719758656,-15.2665692,2026-04-08T11:59:32
245.391694,-1.870592,1.63599107484958,-15.2662582,2026-04-08T12:00:32
245.573617,-2.02468,1.63598495223621,-15.2659527,2026-04-08T12:01:32
245.755369,-2.178991,1.63597882974427,-15.2656526,2026-04-08T12:02:32
245.936953,-2.333523,1.63597270737157,-15.2653581,2026-04-08T12:03:32
246.118369,-2.488273,1.63596658511591,-15.265069,2026-04-08T12:04:32
246.299621,-2.643241,1.63596046297509,-15.2647854,2026-04-08T12:05:32
246.480711,-2.798424,1.63595434094689,-15.2645073,2026-04-08T12:06:32
246.661642,-2.95382,1.63594821902913,-15.2642347,2026-04-08T12:07:32
246.842415,-3.109429,1.63594209721959,-15.2639677,2026-04-08T12:08:32
247.023033,-3.265248,1.63593597551605,-15.2637061,2026-04-08T12:09:32
247.203499,-3.421275,1.63592985391631,-15.2634501,2026-04-08T12:10:32
247.383815,-3.57751,1.63592373241814,-15.2631996,2026-04-08T12:11:32
247.563983,-3.733949,1.63591761101933,-15.2629546,2026-04-08T12:12:32
247.744006,-3.890591,1.63591148971766,-15.2627152,2026-04-08T12:13:32
247.923886,-4.047435,1.63590536851089,-15.2624813,2026-04-08T12:14:32
248.103626,-4.204479,1.63589924739681,-15.262253,2026-04-08T12:15:32
248.283228,-4.361722,1.63589312637318,-15.2620302,2026-04-08T12:16:32
248.462695,-4.51916,1.63588700543777,-15.261813,2026-04-08T12:17:32
248.642028,-4.676794,1.63588088458835,-15.2616014,2026-04-08T12:18:32
248.821231,-4.834621,1.63587476382269,-15.2613954,2026-04-08T12:19:32
249.000306,-4.992639,1.63586864313852,-15.2611949,2026-04-08T12:20:32
249.179255,-5.150847,1.63586252253364,-15.2610001,2026-04-08T12:21:32
249.358081,-5.309243,1.63585640200579,-15.2608108,2026-04-08T12:22:32
249.536787,-5.467825,1.63585028155272,-15.2606271,2026-04-08T12:23:32
249.715374,-5.626592,1.63584416117219,-15.2604491,2026-04-08T12:24:32
249.893846,-5.785543,1.63583804086194,-15.2602766,2026-04-08T12:25:32
250.072205,-5.944675,1.63583192061973,-15.2601098,2026-04-08T12:26:32
250.250453,-6.103986,1.6358258004433,-15.2599486,2026-04-08T12:27:32
250.428593,-6.263476,1.63581968033041,-15.259793,2026-04-08T12:28:32
250.606628,-6.423142,1.63581356027878,-15.259643,2026-04-08T12:29:32
250.78456,-6.582983,1.63580744028617,-15.2594987,2026-04-08T12:30:32
250.962392,-6.742997,1.63580132035031,-15.25936,2026-04-08T12:31:32
251.140126,-6.903183,1.63579520046894,-15.2592269,2026-04-08T12:32:32
251.317765,-7.063538,1.6357890806398,-15.2590995,2026-04-08T12:33:32
251.495311,-7.224062,1.63578296086062,-15.2589778,2026-04-08T12:34:32
251.672767,-7.384753,1.63577684112913,-15.2588617,2026-04-08T12:35:32
251.850136,-7.545608,1.63577072144307,-15.2587513,2026-04-08T12:36:32
252.02742,-7.706627,1.63576460180017,-15.2586465,2026-04-08T12:37:32
252.204621,-7.867808,1.63575848219814,-15.2585474,2026-04-08T12:38:32
252.381744,-8.029149,1.63575236263473,-15.2584539,2026-04-08T12:39:32
252.558789,-8.190648,1.63574624310767,-15.2583662,2026-04-08T12:40:32
252.73576,-8.352305,1.63574012361465,-15.2582841,2026-04-08T12:41:32
252.91266,-8.514116,1.63573400415342,-15.2582077,2026-04-08T12:42:32
253.089491,-8.676082,1.6357278847217,-15.2581369,2026-04-08T12:43:32
253.266255,-8.838199,1.6357217653172,-15.2580719,2026-04-08T12:44:32
253.442957,-9.000468,1.63571564593766,-15.2580125,2026-04-08T12:45:32
253.619597,-9.162885,1.63570952658077,-15.2579589,2026-04-08T12:46:32
253.796179,-9.325449,1.63570340724428,-15.2579109,2026-04-08T12:47:32
253.972705,-9.488159,1.63569728792587,-15.2578686,2026-04-08T12:48:32
254.149179,-9.651014,1.63569116862328,-15.257832,2026-04-08T12:49:32
254.325603,-9.81401,1.63568504933422,-15.2578012,2026-04-08T12:50:32
254.50198,-9.977148,1.63567893005639,-15.257776,2026-04-08T12:51:32
254.678312,-10.140425,1.63567281078752,-15.2577565,2026-04-08T12:52:32
254.854603,-10.303841,1.63566669152532,-15.2577427,2026-04-08T12:53:32
255.030855,-10.467392,1.63566057226749,-15.2577347,2026-04-08T12:54:32
255.20707,-10.631078,1.63565445301175,-15.2577323,2026-04-08T12:55:32
255.383252,-10.794897,1.63564833375581,-15.2577357,2026-04-08T12:56:32
255.559404,-10.958847,1.63564221449737,-15.2577448,2026-04-08T12:57:32
255.735528,-11.122928,1.63563609523414,-15.2577596,2026-04-08T12:58:32
255.911627,-11.287137,1.63562997596383,-15.2577801,2026-04-08T12:59:32
256.087703,-11.451472,1.63562385668415,-15.2578063,2026-04-08T13:00:32
256.263761,-11.615933,1.63561773739281,-15.2578382,2026-04-08T13:01:32
256.439802,-11.780518,1.63561161808751,-15.2578759,2026-04-08T13:02:32
256.61583,-11.945224,1.63560549876595,-15.2579193,2026-04-08T13:03:32
256.791847,-12.110052,1.63559937942585,-15.2579684,2026-04-08T13:04:32
256.967857,-12.274998,1.63559326006492,-15.2580232,2026-04-08T13:05:32
257.143861,-12.440061,1.63558714068084,-15.2580838,2026-04-08T13:06:32
257.319864,-12.605241,1.63558102127133,-15.25815,2026-04-08T13:07:32
257.495868,-12.770534,1.63557490183409,-15.258222,2026-04-08T13:08:32
257.671875,-12.935941,1.63556878236684,-15.2582997,2026-04-08T13:09:32
257.84789,-13.101458,1.63556266286726,-15.2583832,2026-04-08T13:10:32
258.023914,-13.267085,1.63555654333307,-15.2584723,2026-04-08T13:11:32
258.199951,-13.432821,1.63555042376199,-15.2585672,2026-04-08T13:12:32
258.376004,-13.598662,1.63554430415169,-15.2586678,2026-04-08T13:13:32
258.552076,-13.764609,1.63553818449989,-15.2587742,2026-04-08T13:14:32
258.72817,-13.930659,1.6355320648043,-15.2588862,2026-04-08T13:15:32
258.904288,-14.096811,1.63552594506262,-15.259004,2026-04-08T13:16:32
259.080435,-14.263063,1.63551982527257,-15.2591275,2026-04-08T13:17:32
259.256612,-14.429414,1.63551370543183,-15.2592567,2026-04-08T13:18:32
259.432823,-14.595862,1.63550758553812,-15.2593916,2026-04-08T13:19:32
259.609072,-14.762406,1.63550146558915,-15.2595323,2026-04-08T13:20:32
259.78536,-14.929043,1.63549534558262,-15.2596787,2026-04-08T13:21:32
259.961692,-15.095773,1.63548922551625,-15.2598308,2026-04-08T13:22:32
260.138071,-15.262594,1.63548310538772,-15.2599886,2026-04-08T13:23:32
260.314498,-15.429505,1.63547698519477,-15.2601521,2026-04-08T13:24:32
260.490979,-15.596503,1.63547086493509,-15.2603213,2026-04-08T13:25:32
260.667515,-15.763588,1.6354647446064,-15.2604962,2026-04-08T13:26:32
260.84411,-15.930757,1.63545862420639,-15.2606769,2026-04-08T13:27:32
261.020768,-16.098009,1.63545250373279,-15.2608632,2026-04-08T13:28:32
261.19749,-16.265343,1.63544638318332,-15.2610553,2026-04-08T13:29:32
261.374282,-16.432757,1.63544026255568,-15.2612531,2026-04-08T13:30:32
261.551145,-16.600249,1.63543414184757,-15.2614565,2026-04-08T13:31:32
261.728083,-16.767819,1.63542802105672,-15.2616657,2026-04-08T13:32:32
261.9051,-16.935463,1.63542190018085,-15.2618805,2026-04-08T13:33:32
262.082198,-17.103181,1.63541577921766,-15.2621011,2026-04-08T13:34:32
262.259382,-17.270972,1.63540965816487,-15.2623273,2026-04-08T13:35:32
262.436653,-17.438833,1.63540353702022,-15.2625592,2026-04-08T13:36:32
262.614016,-17.606763,1.63539741578141,-15.2627968,2026-04-08T13:37:32
262.791474,-17.774761,1.63539129444616,-15.2630401,2026-04-08T13:38:32
262.96903,-17.942824,1.6353851730122,-15.2632891,2026-04-08T13:39:32
263.146688,-18.110952,1.63537905147724,-15.2635438,2026-04-08T13:40:32
263.324451,-18.279143,1.63537292983903,-15.2638041,2026-04-08T13:41:32
263.502323,-18.447394,1.63536680809527,-15.2640701,2026-04-08T13:42:32
263.680306,-18.615705,1.63536068624369,-15.2643417,2026-04-08T13:43:32
263.858405,-18.784075,1.63535456428204,-15.264619,2026-04-08T13:44:32
264.036622,-18.9525,1.63534844220802,-15.264902,2026-04-08T13:45:32
264.214962,-19.12098,1.63534232001939,-15.2651906,2026-04-08T13:46:32
264.393428,-19.289514,1.63533619771386,-15.2654849,2026-04-08T13:47:32
264.572023,-19.458099,1.63533007528917,-15.2657848,2026-04-08T13:48:32
264.75075,-19.626734,1.63532395274307,-15.2660904,2026-04-08T13:49:32
264.929615,-19.795418,1.63531783007328,-15.2664016,2026-04-08T13:50:32
265.108619,-19.964148,1.63531170727755,-15.2667185,2026-04-08T13:51:32
265.287766,-20.132923,1.63530558435362,-15.2670409,2026-04-08T13:52:32
265.467061,-20.301742,1.63529946129923,-15.267369,2026-04-08T13:53:32
265.646507,-20.470603,1.63529333811213,-15.2677027,2026-04-08T13:54:32
265.826108,-20.639504,1.63528721479006,-15.2680421,2026-04-08T13:55:32
266.005866,-20.808444,1.63528109133077,-15.268387,2026-04-08T13:56:32
266.185787,-20.977421,1.63527496773201,-15.2687376,2026-04-08T13:57:32
266.365873,-21.146434,1.63526884399155,-15.2690937,2026-04-08T13:58:32
266.546128,-21.31548,1.63526272010712,-15.2694554,2026-04-08T13:59:32
266.726556,-21.484558,1.63525659607649,-15.2698228,2026-04-08T14:00:32
266.907162,-21.653667,1.63525047189742,-15.2701957,2026-04-08T14:01:32
267.087948,-21.822804,1.63524434756767,-15.2705742,2026-04-08T14:02:32
267.268918,-21.991969,1.635238223085,-15.2709583,2026-04-08T14:03:32
267.450077,-22.161159,1.63523209844717,-15.2713479,2026-04-08T14:04:32
267.631429,-22.330373,1.63522597365196,-15.2717431,2026-04-08T14:05:32
267.812976,-22.499609,1.63521984869714,-15.2721439,2026-04-08T14:06:32
267.994723,-22.668866,1.63521372358049,-15.2725502,2026-04-08T14:07:32
268.176675,-22.838142,1.63520759829976,-15.272962,2026-04-08T14:08:32
268.358834,-23.007434,1.63520147285275,-15.2733794,2026-04-08T14:09:32
268.541205,-23.176743,1.63519534723723,-15.2738023,2026-04-08T14:10:32
268.723792,-23.346064,1.63518922145098,-15.2742308,2026-04-08T14:11:32
268.9066,-23.515398,1.6351830954918,-15.2746647,2026-04-08T14:12:32
269.089631,-23.684742,1.63517696935748,-15.2751042,2026-04-08T14:13:32
269.27289,-23.854095,1.6351708430458,-15.2755492,2026-04-08T14:14:32
269.456382,-24.023455,1.63516471655454,-15.2759996,2026-04-08T14:15:32
269.64011,-24.19282,1.63515858988152,-15.2764556,2026-04-08T14:16:32
269.824079,-24.362188,1.63515246302454,-15.276917,2026-04-08T14:17:32
270.008292,-24.531558,1.63514633598138,-15.277384,2026-04-08T14:18:32
270.192755,-24.700928,1.63514020874986,-15.2778564,2026-04-08T14:19:32
270.37747,-24.870295,1.6351340813278,-15.2783342,2026-04-08T14:20:32
270.562444,-25.03966,1.63512795371299,-15.2788175,2026-04-08T14:21:32
270.747679,-25.209019,1.63512182590326,-15.2793063,2026-04-08T14:22:32
270.93318,-25.37837,1.63511569789641,-15.2798005,2026-04-08T14:23:32
271.118951,-25.547713,1.63510956969027,-15.2803001,2026-04-08T14:24:32
271.304998,-25.717045,1.63510344128266,-15.2808051,2026-04-08T14:25:32
271.491323,-25.886365,1.63509731267142,-15.2813156,2026-04-08T14:26:32
