Az,El,Delta,Deldot,Calendar Date (UTC)
105.790988,-23.644328,0.00244183235401,0.3907849,2026-04-05T20:43:43
105.955216,-23.483449,0.00244198901851,0.3905046,2026-04-05T20:44:43
106.119404,-23.322695,0.00244214557165,0.3902296,2026-04-05T20:45:43
106.283556,-23.162066,0.00244230201556,0.3899599,2026-04-05T20:46:43
106.447674,-23.001563,0.00244245835236,0.3896954,2026-04-05T20:47:43
106.61176,-22.841189,0.00244261458414,0.3894362,2026-04-05T20:48:43
106.775818,-22.680943,0.00244277071299,0.3891822,2026-04-05T20:49:43
106.939851,-22.520828,0.00244292674106,0.3889335,2026-04-05T20:50:43
107.10386,-22.360845,0.00244308267045,0.38869,2026-04-05T20:51:43
107.267849,-22.200995,0.00244323850324,0.3884519,2026-04-05T20:52:43
107.431821,-22.04128,0.00244339424158,0.3882189,2026-04-05T20:53:43
107.595777,-21.8817,0.00244354988758,0.3879913,2026-04-05T20:54:43
107.759721,-21.722258,0.00244370544334,0.3877689,2026-04-05T20:55:43
107.923655,-21.562953,0.00244386091097,0.3875518,2026-04-05T20:56:43
108.087582,-21.403789,0.00244401629261,0.38734,2026-04-05T20:57:43
108.251505,-21.244765,0.00244417159033,0.3871335,2026-04-05T20:58:43
108.415425,-21.085884,0.00244432680632,0.3869322,2026-04-05T20:59:43
108.579346,-20.927147,0.00244448194262,0.3867363,2026-04-05T21:00:43
108.74327,-20.768554,0.00244463700141,0.3865456,2026-04-05T21:01:43
108.9072,-20.610108,0.00244479198477,0.3863602,2026-04-05T21:02:43
109.071137,-20.451809,0.00244494689486,0.38618,2026-04-05T21:03:43
109.235086,-20.293659,0.00244510173375,0.3860052,2026-04-05T21:04:43
109.399047,-20.135659,0.00244525650359,0.3858357,2026-04-05T21:05:43
109.563024,-19.977811,0.00244541120648,0.3856714,2026-04-05T21:06:43
109.72702,-19.820116,0.00244556584457,0.3855124,2026-04-05T21:07:43
109.891035,-19.662575,0.00244572041996,0.3853587,2026-04-05T21:08:43
110.055074,-19.50519,0.00244587493478,0.3852103,2026-04-05T21:09:43
110.219137,-19.347962,0.00244602939115,0.3850672,2026-04-05T21:10:43
110.383229,-19.190891,0.00244618379117,0.3849294,2026-04-05T21:11:43
110.547351,-19.033981,0.002446338137,0.3847969,2026-04-05T21:12:43
110.711505,-18.877231,0.00244649243076,0.3846697,2026-04-05T21:13:43
110.875694,-18.720644,0.00244664667452,0.3845477,2026-04-05T21:14:43
111.03992,-18.56422,0.00244680087044,0.3844311,2026-04-05T21:15:43
111.204185,-18.407961,0.00244695502066,0.3843197,2026-04-05T21:16:43
111.368493,-18.251868,0.00244710912726,0.3842136,2026-04-05T21:17:43
111.532844,-18.095943,0.00244726319239,0.3841128,2026-04-05T21:18:43
111.697242,-17.940187,0.00244741721816,0.3840174,2026-04-05T21:19:43
111.861689,-17.784601,0.00244757120671,0.3839271,2026-04-05T21:20:43
112.026187,-17.629187,0.00244772516012,0.3838422,2026-04-05T21:21:43
112.190738,-17.473946,0.00244787908055,0.3837626,2026-04-05T21:22:43
112.355345,-17.31888,0.0024480329701,0.3836883,2026-04-05T21:23:43
112.520009,-17.163989,0.0024481868309,0.3836192,2026-04-05T21:24:43
112.684733,-17.009276,0.00244834066506,0.3835554,2026-04-05T21:25:43
112.849519,-16.854741,0.00244849447471,0.3834969,2026-04-05T21:26:43
113.01437,-16.700386,0.00244864826195,0.3834437,2026-04-05T21:27:43
113.179287,-16.546212,0.00244880202894,0.3833958,2026-04-05T21:28:43
113.344274,-16.392221,0.00244895577774,0.3833532,2026-04-05T21:29:43
113.50933,-16.238414,0.00244910951052,0.3833158,2026-04-05T21:30:43
113.67446,-16.084792,0.00244926322934,0.3832837,2026-04-05T21:31:43
113.839666,-15.931357,0.00244941693638,0.3832569,2026-04-05T21:32:43
114.004948,-15.77811,0.00244957063369,0.3832353,2026-04-05T21:33:43
114.17031,-15.625053,0.00244972432344,0.3832191,2026-04-05T21:34:43
114.335754,-15.472187,0.00244987800772,0.3832081,2026-04-05T21:35:43
114.501281,-15.319514,0.00245003168862,0.3832023,2026-04-05T21:36:43
114.666894,-15.167034,0.0024501853683,0.3832018,2026-04-05T21:37:43
114.832595,-15.014749,0.00245033904883,0.3832066,2026-04-05T21:38:43
114.998385,-14.862661,0.00245049273233,0.3832167,2026-04-05T21:39:43
115.164268,-14.710771,0.00245064642092,0.383232,2026-04-05T21:40:43
115.330244,-14.559081,0.00245080011671,0.3832525,2026-04-05T21:41:43
115.496317,-14.407591,0.00245095382177,0.3832783,2026-04-05T21:42:43
115.662488,-14.256303,0.00245110753826,0.3833094,2026-04-05T21:43:43
115.828758,-14.10522,0.00245126126823,0.3833457,2026-04-05T21:44:43
115.995131,-13.954341,0.00245141501383,0.3833872,2026-04-05T21:45:43
116.161608,-13.803669,0.00245156877713,0.383434,2026-04-05T21:46:43
116.328191,-13.653205,0.00245172256023,0.383486,2026-04-05T21:47:43
116.494881,-13.502951,0.00245187636527,0.3835433,2026-04-05T21:48:43
116.661682,-13.352907,0.0024520301943,0.3836058,2026-04-05T21:49:43
116.828595,-13.203076,0.00245218404944,0.3836735,2026-04-05T21:50:43
116.995622,-13.053458,0.00245233793276,0.3837464,2026-04-05T21:51:43
117.162764,-12.904056,0.00245249184639,0.3838245,2026-04-05T21:52:43
117.330024,-12.75487,0.00245264579241,0.3839079,2026-04-05T21:53:43
117.497404,-12.605903,0.00245279977289,0.3839965,2026-04-05T21:54:43
117.664905,-12.457155,0.00245295378995,0.3840902,2026-04-05T21:55:43
117.83253,-12.308628,0.00245310784565,0.3841892,2026-04-05T21:56:43
118.00028,-12.160324,0.00245326194208,0.3842934,2026-04-05T21:57:43
118.168157,-12.012244,0.00245341608132,0.3844027,2026-04-05T21:58:43
118.336164,-11.864389,0.00245357026548,0.3845173,2026-04-05T21:59:43
118.504301,-11.716762,0.00245372449661,0.384637,2026-04-05T22:00:43
118.672571,-11.569363,0.00245387877682,0.3847619,2026-04-05T22:01:43
118.840975,-11.422193,0.00245403310815,0.384892,2026-04-05T22:02:43
119.009516,-11.275256,0.00245418749267,0.3850273,2026-04-05T22:03:43
119.178196,-11.128551,0.00245434193251,0.3851677,2026-04-05T22:04:43
119.347015,-10.982081,0.00245449642967,0.3853133,2026-04-05T22:05:43
119.515976,-10.835846,0.00245465098627,0.3854641,2026-04-05T22:06:43
119.685081,-10.68985,0.00245480560435,0.38562,2026-04-05T22:07:43
119.854331,-10.544092,0.00245496028597,0.385781,2026-04-05T22:08:43
120.023728,-10.398574,0.00245511503323,0.3859472,2026-04-05T22:09:43
120.193274,-10.253299,0.00245526984815,0.3861185,2026-04-05T22:10:43
120.362971,-10.108268,0.00245542473278,0.3862949,2026-04-05T22:11:43
120.532821,-9.963481,0.00245557968922,0.3864765,2026-04-05T22:12:43
120.702824,-9.818941,0.00245573471949,0.3866631,2026-04-05T22:13:43
120.872983,-9.674649,0.00245588982562,0.3868549,2026-04-05T22:14:43
121.0433,-9.530607,0.00245604500973,0.3870518,2026-04-05T22:15:43
121.213776,-9.386816,0.0024562002738,0.3872538,2026-04-05T22:16:43
121.384414,-9.243278,0.0024563556199,0.3874608,2026-04-05T22:17:43
121.555213,-9.099995,0.00245651105005,0.387673,2026-04-05T22:18:43
121.726177,-8.956967,0.00245666656631,0.3878902,2026-04-05T22:19:43
121.897308,-8.814197,0.00245682217072,0.3881125,2026-04-05T22:20:43
122.068605,-8.671685,0.00245697786528,0.3883399,2026-04-05T22:21:43
122.240073,-8.529435,0.00245713365206,0.3885724,2026-04-05T22:22:43
122.411711,-8.387446,0.00245728953305,0.3888098,2026-04-05T22:23:43
122.583521,-8.245722,0.0024574455103,0.3890524,2026-04-05T22:24:43
122.755506,-8.104263,0.00245760158583,0.3892999,2026-04-05T22:25:43
122.927666,-7.96307,0.00245775776164,0.3895525,2026-04-05T22:26:43
123.100004,-7.822147,0.00245791403977,0.3898101,2026-04-05T22:27:43
123.272521,-7.681493,0.00245807042223,0.3900728,2026-04-05T22:28:43
123.445219,-7.541111,0.00245822691099,0.3903404,2026-04-05T22:29:43
123.618098,-7.401003,0.00245838350811,0.3906131,2026-04-05T22:30:43
123.791162,-7.261169,0.00245854021557,0.3908907,2026-04-05T22:31:43
123.96441,-7.121612,0.00245869703538,0.3911733,2026-04-05T22:32:43
124.137845,-6.982333,0.00245885396953,0.3914609,2026-04-05T22:33:43
124.311469,-6.843334,0.00245901101999,0.3917535,2026-04-05T22:34:43
124.485282,-6.704617,0.0024591681888,0.392051,2026-04-05T22:35:43
124.659287,-6.566182,0.00245932547793,0.3923535,2026-04-05T22:36:43
124.833484,-6.428032,0.00245948288934,0.3926609,2026-04-05T22:37:43
125.007876,-6.290169,0.00245964042505,0.3929733,2026-04-05T22:38:43
125.182464,-6.152594,0.00245979808701,0.3932906,2026-04-05T22:39:43
125.357249,-6.015308,0.0024599558772,0.3936128,2026-04-05T22:40:43
125.532232,-5.878313,0.0024601137976,0.3939399,2026-04-05T22:41:43
125.707416,-5.741612,0.00246027185017,0.3942719,2026-04-05T22:42:43
125.882802,-5.605205,0.00246043003688,0.3946088,2026-04-05T22:43:43
126.05839,-5.469094,0.00246058835971,0.3949507,2026-04-05T22:44:43
126.234183,-5.333282,0.00246074682056,0.3952973,2026-04-05T22:45:43
126.410182,-5.197768,0.00246090542143,0.3956489,2026-04-05T22:46:43
126.586388,-5.062557,0.00246106416427,0.3960053,2026-04-05T22:47:43
126.762803,-4.927648,0.00246122305101,0.3963665,2026-04-05T22:48:43
126.939428,-4.793044,0.00246138208359,0.3967326,2026-04-05T22:49:43
127.116264,-4.658746,0.00246154126397,0.3971035,2026-04-05T22:50:43
127.293313,-4.524756,0.00246170059406,0.3974793,2026-04-05T22:51:43
127.470576,-4.391076,0.0024618600758,0.3978598,2026-04-05T22:52:43
127.648055,-4.257708,0.00246201971113,0.3982452,2026-04-05T22:53:43
127.82575,-4.124652,0.00246217950195,0.3986353,2026-04-05T22:54:43
128.003664,-3.991912,0.00246233945021,0.3990302,2026-04-05T22:55:43
128.181797,-3.859488,0.00246249955778,0.3994299,2026-04-05T22:56:43
128.360151,-3.727382,0.00246265982663,0.3998344,2026-04-05T22:57:43
128.538726,-3.595597,0.0024628202586,0.4002436,2026-04-05T22:58:43
128.717525,-3.464133,0.00246298085565,0.4006575,2026-04-05T22:59:43
128.896548,-3.332993,0.00246314161965,0.4010762,2026-04-05T23:00:43
129.075798,-3.202178,0.00246330255249,0.4014996,2026-04-05T23:01:43
129.255274,-3.07169,0.00246346365609,0.4019277,2026-04-05T23:02:43
129.434978,-2.94153,0.0024636249323,0.4023605,2026-04-05T23:03:43
129.614912,-2.811702,0.00246378638302,0.4027979,2026-04-05T23:04:43
129.795077,-2.682205,0.00246394801012,0.4032401,2026-04-05T23:05:43
129.975473,-2.553042,0.00246410981549,0.4036869,2026-04-05T23:06:43
130.156102,-2.424216,0.00246427180099,0.4041384,2026-04-05T23:07:43
130.336966,-2.295726,0.00246443396847,0.4045945,2026-04-05T23:08:43
130.518065,-2.167576,0.00246459631979,0.4050552,2026-04-05T23:09:43
130.6994,-2.039767,0.00246475885684,0.4055206,2026-04-05T23:10:43
130.880973,-1.912301,0.00246492158144,0.4059906,2026-04-05T23:11:43
131.062785,-1.785179,0.00246508449543,0.4064652,2026-04-05T23:12:43
131.244837,-1.658404,0.00246524760066,0.4069443,2026-04-05T23:13:43
131.427129,-1.531977,0.00246541089899,0.407428,2026-04-05T23:14:43
131.609664,-1.405901,0.0024655743922,0.4079163,2026-04-05T23:15:43
131.792441,-1.280175,0.00246573808217,0.4084092,2026-04-05T23:16:43
131.975463,-1.154804,0.00246590197069,0.4089065,2026-04-05T23:17:43
132.158731,-1.029788,0.00246606605959,0.4094084,2026-04-05T23:18:43
132.342244,-0.905129,0.00246623035067,0.4099149,2026-04-05T23:19:43
132.526005,-0.780829,0.00246639484577,0.4104258,2026-04-05T23:20:43
132.710013,-0.65689,0.00246655954664,0.4109412,2026-04-05T23:21:43
132.894272,-0.533313,0.00246672445512,0.4114611,2026-04-05T23:22:43
133.07878,-0.410101,0.002466889573,0.4119854,2026-04-05T23:23:43
133.26354,-0.287255,0.00246705490204,0.4125142,2026-04-05T23:24:43
133.448552,-0.164778,0.00246722044405,0.4130474,2026-04-05T23:25:43
133.633817,-0.04267,0.00246738620079,0.4135851,2026-04-05T23:26:43
133.819336,0.079066,0.00246755217403,0.4141272,2026-04-05T23:27:43
134.00511,0.200428,0.00246771836557,0.4146736,2026-04-05T23:28:43
134.19114,0.321415,0.00246788477713,0.4152245,2026-04-05T23:29:43
134.377426,0.442024,0.0024680514105,0.4157797,2026-04-05T23:30:43
134.563971,0.562254,0.00246821826739,0.4163393,2026-04-05T23:31:43
134.750773,0.682104,0.00246838534959,0.4169032,2026-04-05T23:32:43
134.937835,0.80157,0.0024685526588,0.4174715,2026-04-05T23:33:43
135.125158,0.920652,0.0024687201968,0.4180441,2026-04-05T23:34:43
135.312741,1.039347,0.00246888796529,0.418621,2026-04-05T23:35:43
135.500586,1.157653,0.002469055966,0.4192022,2026-04-05T23:36:43
135.688694,1.27557,0.00246922420063,0.4197877,2026-04-05T23:37:43
135.877065,1.393094,0.00246939267093,0.4203774,2026-04-05T23:38:43
136.0657,1.510224,0.00246956137859,0.4209714,2026-04-05T23:39:43
136.2546,1.626958,0.00246973032531,0.4215696,2026-04-05T23:40:43
136.443765,1.743294,0.00246989951277,0.422172,2026-04-05T23:41:43
136.633197,1.85923,0.0024700689427,0.4227787,2026-04-05T23:42:43
136.822896,1.974765,0.00247023861676,0.4233895,2026-04-05T23:43:43
137.012863,2.089897,0.00247040853663,0.4240045,2026-04-05T23:44:43
137.203097,2.204623,0.00247057870397,0.4246237,2026-04-05T23:45:43
137.393601,2.318942,0.00247074912048,0.4252471,2026-04-05T23:46:43
137.584375,2.432851,0.0024709197878,0.4258745,2026-04-05T23:47:43
137.775418,2.54635,0.00247109070758,0.4265061,2026-04-05T23:48:43
137.966733,2.659435,0.0024712618815,0.4271418,2026-04-05T23:49:43
138.158319,2.772106,0.00247143331117,0.4277816,2026-04-05T23:50:43
138.350177,2.88436,0.00247160499823,0.4284255,2026-04-05T23:51:43
138.542308,2.996196,0.00247177694436,0.4290734,2026-04-05T23:52:43
138.734711,3.107611,0.00247194915112,0.4297254,2026-04-05T23:53:43
138.927389,3.218603,0.00247212162016,0.4303814,2026-04-05T23:54:43
139.12034,3.329171,0.0024722943531,0.4310414,2026-04-05T23:55:43
139.313566,3.439313,0.00247246735154,0.4317055,2026-04-05T23:56:43
139.507067,3.549026,0.00247264061707,0.4323735,2026-04-05T23:57:43
139.700844,3.65831,0.00247281415131,0.4330454,2026-04-05T23:58:43
139.894877,3.76636,0.00247299371087,0.4337993,2026-04-05T23:59:43
140.089204,3.874776,0.00247316781856,0.4344793,2026-04-06T00:00:43
140.283809,3.982756,0.00247334219972,0.4351632,2026-04-06T00:01:43
140.47869,4.090299,0.00247351685592,0.435851,2026-04-06T00:02:43
140.673849,4.197401,0.00247369178874,0.4365426,2026-04-06T00:03:43
140.869286,4.304063,0.00247386699971,0.4372381,2026-04-06T00:04:43
141.065001,4.41028,0.00247404249034,0.4379374,2026-04-06T00:05:43
141.260994,4.516052,0.0024742182622,0.4386406,2026-04-06T00:06:43
141.457267,4.621377,0.00247439431684,0.4393476,2026-04-06T00:07:43
141.653818,4.726252,0.00247457065579,0.4400584,2026-04-06T00:08:43
141.850649,4.830677,0.00247474728059,0.4407731,2026-04-06T00:09:43
142.04776,4.934648,0.00247492419273,0.4414915,2026-04-06T00:10:43
142.24515,5.038164,0.00247510139376,0.4422137,2026-04-06T00:11:43
142.44282,5.141222,0.00247527888516,0.4429396,2026-04-06T00:12:43
142.640771,5.243822,0.00247545666841,0.4436693,2026-04-06T00:13:43
142.839002,5.345961,0.00247563474506,0.4444026,2026-04-06T00:14:43
143.037513,5.447638,0.00247581311654,0.4451397,2026-04-06T00:15:43
143.236305,5.548849,0.00247599178438,0.4458804,2026-04-06T00:16:43
143.435378,5.649594,0.00247617074998,0.4466248,2026-04-06T00:17:43
143.634732,5.74987,0.00247635001487,0.4473728,2026-04-06T00:18:43
143.834366,5.849676,0.00247652958047,0.4481245,2026-04-06T00:19:43
144.034281,5.949009,0.00247670944822,0.4488797,2026-04-06T00:20:43
144.234478,6.047868,0.00247688961956,0.4496385,2026-04-06T00:21:43
144.434955,6.146251,0.00247707009592,0.4504008,2026-04-06T00:22:43
144.635714,6.244155,0.00247725087871,0.4511667,2026-04-06T00:23:43
144.836753,6.34158,0.00247743196937,0.4519361,2026-04-06T00:24:43
145.038073,6.438522,0.00247761336931,0.4527091,2026-04-06T00:25:43
145.239674,6.53498,0.00247779507993,0.4534855,2026-04-06T00:26:43
145.441556,6.630952,0.00247797710264,0.4542654,2026-04-06T00:27:43
145.643718,6.726437,0.00247815943884,0.4550489,2026-04-06T00:28:43
145.846161,6.821432,0.0024783420899,0.4558357,2026-04-06T00:29:43
146.048883,6.915935,0.00247852505722,0.456626,2026-04-06T00:30:43
146.251887,7.009944,0.00247870834217,0.4574197,2026-04-06T00:31:43
146.45517,7.103458,0.00247889194612,0.4582168,2026-04-06T00:32:43
146.658732,7.196475,0.00247907587041,0.4590173,2026-04-06T00:33:43
146.862574,7.288992,0.00247926011638,0.4598211,2026-04-06T00:34:43
147.066696,7.381009,0.00247944468538,0.4606281,2026-04-06T00:35:43
147.271096,7.472522,0.00247962957869,0.4614386,2026-04-06T00:36:43
147.475775,7.56353,0.00247981479772,0.4622524,2026-04-06T00:37:43
147.680732,7.654031,0.00248000034376,0.4630695,2026-04-06T00:38:43
147.885966,7.744023,0.00248018621815,0.4638898,2026-04-06T00:39:43
148.091479,7.833505,0.0024803724222,0.4647135,2026-04-06T00:40:43
148.297269,7.922474,0.00248055895726,0.4655404,2026-04-06T00:41:43
148.503335,8.010928,0.00248074582456,0.4663706,2026-04-06T00:42:43
148.709677,8.098866,0.00248093302547,0.4672039,2026-04-06T00:43:43
148.916296,8.186286,0.00248112056121,0.4680405,2026-04-06T00:44:43
149.12319,8.273186,0.00248130843305,0.4688802,2026-04-06T00:45:43
149.330358,8.359564,0.00248149664228,0.469723,2026-04-06T00:46:43
149.537801,8.445418,0.00248168519015,0.4705689,2026-04-06T00:47:43
149.745518,8.530746,0.00248187407789,0.4714179,2026-04-06T00:48:43
149.953507,8.615547,0.00248206330674,0.4722701,2026-04-06T00:49:43
150.16177,8.699818,0.00248225287796,0.4731253,2026-04-06T00:50:43
150.370304,8.783558,0.00248244279275,0.4739835,2026-04-06T00:51:43
150.57911,8.866765,0.00248263305231,0.4748447,2026-04-06T00:52:43
150.788186,8.949437,0.00248282365788,0.4757089,2026-04-06T00:53:43
150.997532,9.031572,0.0024830146106,0.4765761,2026-04-06T00:54:43
151.207147,9.113168,0.00248320591173,0.4774462,2026-04-06T00:55:43
151.417031,9.194224,0.00248339756238,0.4783193,2026-04-06T00:56:43
151.627183,9.274737,0.00248358956379,0.4791953,2026-04-06T00:57:43
151.837602,9.354706,0.00248378191707,0.4800742,2026-04-06T00:58:43
152.048286,9.43413,0.00248397462343,0.480956,2026-04-06T00:59:43
152.259236,9.513005,0.00248416768398,0.4818406,2026-04-06T01:00:43
152.470451,9.591331,0.00248436109986,0.4827281,2026-04-06T01:01:43
152.681929,9.669106,0.00248455487223,0.4836184,2026-04-06T01:02:43
152.89367,9.746327,0.0024847490022,0.4845115,2026-04-06T01:03:43
153.105673,9.822994,0.0024849434909,0.4854073,2026-04-06T01:04:43
153.317936,9.899103,0.00248513833942,0.486306,2026-04-06T01:05:43
153.530459,9.974655,0.00248533354889,0.4872073,2026-04-06T01:06:43
153.743242,10.049646,0.0024855291204,0.4881114,2026-04-06T01:07:43
153.956281,10.124075,0.00248572505499,0.4890182,2026-04-06T01:08:43
154.169578,10.19794,0.00248592135379,0.4899276,2026-04-06T01:09:43
154.383131,10.27124,0.00248611801782,0.4908397,2026-04-06T01:10:43
154.596938,10.343972,0.00248631504816,0.4917544,2026-04-06T01:11:43
154.810999,10.416135,0.00248651244586,0.4926717,2026-04-06T01:12:43
155.025312,10.487728,0.002486710212,0.4935916,2026-04-06T01:13:43
155.239876,10.558748,0.00248690834755,0.4945141,2026-04-06T01:14:43
155.45469,10.629195,0.00248710685359,0.4954392,2026-04-06T01:15:43
155.669754,10.699065,0.00248730573117,0.496367,2026-04-06T01:16:43
155.885064,10.768358,0.00248750498131,0.4972972,2026-04-06T01:17:43
156.100621,10.837071,0.00248770460501,0.4982299,2026-04-06T01:18:43
156.316424,10.905204,0.00248790460329,0.4991652,2026-04-06T01:19:43
156.53247,10.972754,0.00248810497712,0.5001029,2026-04-06T01:20:43
156.748758,11.03972,0.00248830572751,0.501043,2026-04-06T01:21:43
156.965288,11.1061,0.00248850685539,0.5019855,2026-04-06T01:22:43
157.182057,11.171893,0.00248870836172,0.5029303,2026-04-06T01:23:43
157.399064,11.237096,0.00248891024743,0.5038774,2026-04-06T01:24:43
157.616309,11.301709,0.00248911251346,0.5048269,2026-04-06T01:25:43
157.833789,11.365729,0.0024893151607,0.5057787,2026-04-06T01:26:43
158.051502,11.429156,0.00248951819013,0.5067327,2026-04-06T01:27:43
158.269449,11.491987,0.00248972160262,0.5076891,2026-04-06T01:28:43
158.487626,11.55422,0.00248992539912,0.5086477,2026-04-06T01:29:43
158.706033,11.615855,0.00249012958051,0.5096086,2026-04-06T01:30:43
158.924667,11.67689,0.00249033414771,0.5105717,2026-04-06T01:31:43
159.143528,11.737323,0.00249053910158,0.511537,2026-04-06T01:32:43
159.362614,11.797153,0.00249074444301,0.5125044,2026-04-06T01:33:43
159.581922,11.856377,0.00249095017283,0.513474,2026-04-06T01:34:43
159.801452,11.914996,0.00249115629198,0.5144458,2026-04-06T01:35:43
160.021202,11.973006,0.00249136280124,0.5154197,2026-04-06T01:36:43
160.24117,12.030407,0.00249156970149,0.5163956,2026-04-06T01:37:43
160.461354,12.087197,0.00249177699354,0.5173736,2026-04-06T01:38:43
160.681752,12.143375,0.00249198467822,0.5183536,2026-04-06T01:39:43
160.902363,12.198939,0.00249219275635,0.5193357,2026-04-06T01:40:43
161.123186,12.253888,0.00249240122872,0.5203198,2026-04-06T01:41:43
161.344217,12.30822,0.00249261009616,0.5213058,2026-04-06T01:42:43
161.565456,12.361934,0.00249281935942,0.5222938,2026-04-06T01:43:43
161.7869,12.415028,0.00249302901931,0.5232838,2026-04-06T01:44:43
162.008548,12.467501,0.00249323907659,0.5242756,2026-04-06T01:45:43
162.230397,12.519352,0.00249344953203,0.5252694,2026-04-06T01:46:43
162.452446,12.57058,0.00249366038639,0.526265,2026-04-06T01:47:43
162.674693,12.621182,0.00249387164037,0.5272624,2026-04-06T01:48:43
162.897136,12.671158,0.00249408329477,0.5282617,2026-04-06T01:49:43
163.119773,12.720506,0.0024942953503,0.5292629,2026-04-06T01:50:43
163.342601,12.769225,0.00249450780766,0.5302657,2026-04-06T01:51:43
163.56562,12.817314,0.00249472066757,0.5312704,2026-04-06T01:52:43
163.788826,12.864771,0.00249493393075,0.5322767,2026-04-06T01:53:43
164.012217,12.911595,0.00249514759783,0.5332848,2026-04-06T01:54:43
164.235793,12.957785,0.00249536166955,0.5342946,2026-04-06T01:55:43
164.45955,13.00334,0.00249557614656,0.535306,2026-04-06T01:56:43
164.683486,13.048258,0.00249579102953,0.5363191,2026-04-06T01:57:43
164.907599,13.092537,0.00249600631911,0.5373338,2026-04-06T01:58:43
165.131887,13.136178,0.00249622201594,0.53835,2026-04-06T01:59:43
165.356349,13.179179,0.00249643812065,0.5393679,2026-04-06T02:00:43
165.58098,13.221537,0.0024966546339,0.5403873,2026-04-06T02:01:43
165.80578,13.263254,0.00249687155628,0.5414083,2026-04-06T02:02:43
166.030747,13.304326,0.00249708888841,0.5424308,2026-04-06T02:03:43
166.255877,13.344754,0.0024973066309,0.5434547,2026-04-06T02:04:43
166.481168,13.384535,0.00249752478431,0.5444802,2026-04-06T02:05:43
166.706619,13.423669,0.00249774334928,0.545507,2026-04-06T02:06:43
166.932227,13.462155,0.00249796232635,0.5465353,2026-04-06T02:07:43
167.157989,13.499992,0.00249818171605,0.5475649,2026-04-06T02:08:43
167.383904,13.537178,0.00249840151899,0.548596,2026-04-06T02:09:43
167.609968,13.573713,0.00249862173569,0.5496284,2026-04-06T02:10:43
167.83618,13.609596,0.00249884236667,0.5506621,2026-04-06T02:11:43
168.062537,13.644825,0.00249906341248,0.5516971,2026-04-06T02:12:43
168.289036,13.6794,0.00249928487363,0.5527334,2026-04-06T02:13:43
168.515675,13.713319,0.00249950675061,0.5537709,2026-04-06T02:14:43
168.742453,13.746582,0.00249972904393,0.5548097,2026-04-06T02:15:43
168.969365,13.779187,0.0024999517541,0.5558496,2026-04-06T02:16:43
169.19641,13.811135,0.00250017488158,0.5568908,2026-04-06T02:17:43
169.423585,13.842423,0.00250039842683,0.5579331,2026-04-06T02:18:43
169.650888,13.873051,0.00250062239033,0.5589766,2026-04-06T02:19:43
169.878316,13.903018,0.00250084677256,0.5600213,2026-04-06T02:20:43
170.105866,13.932324,0.00250107157397,0.561067,2026-04-06T02:21:43
170.333536,13.960967,0.00250129679496,0.5621138,2026-04-06T02:22:43
170.561324,13.988947,0.00250152243597,0.5631616,2026-04-06T02:23:43
170.789226,14.016262,0.00250174849742,0.5642105,2026-04-06T02:24:43
171.017241,14.042913,0.00250197497967,0.5652602,2026-04-06T02:25:43
171.245365,14.068898,0.00250220188312,0.566311,2026-04-06T02:26:43
171.473596,14.094216,0.00250242920816,0.5673627,2026-04-06T02:27:43
171.701931,14.118867,0.00250265695513,0.5684152,2026-04-06T02:28:43
171.930368,14.14285,0.00250288512443,0.5694687,2026-04-06T02:29:43
172.158904,14.166165,0.00250311371639,0.5705231,2026-04-06T02:30:43
172.387535,14.18881,0.00250334273139,0.5715783,2026-04-06T02:31:43
172.616261,14.210785,0.00250357216972,0.5726344,2026-04-06T02:32:43
172.845077,14.23209,0.00250380203174,0.5736912,2026-04-06T02:33:43
173.073981,14.252724,0.00250403231776,0.5747488,2026-04-06T02:34:43
173.30297,14.272685,0.00250426302809,0.5758073,2026-04-06T02:35:43
173.532042,14.291975,0.00250449416305,0.5768664,2026-04-06T02:36:43
173.761194,14.310591,0.00250472572291,0.5779263,2026-04-06T02:37:43
173.990422,14.328534,0.00250495770791,0.5789868,2026-04-06T02:38:43
174.219725,14.345803,0.0025051901184,0.5800479,2026-04-06T02:39:43
174.449099,14.362398,0.00250542295457,0.5811098,2026-04-06T02:40:43
174.678542,14.378317,0.00250565621672,0.5821722,2026-04-06T02:41:43
174.908051,14.393561,0.00250588990504,0.5832352,2026-04-06T02:42:43
175.137623,14.408129,0.00250612401982,0.5842988,2026-04-06T02:43:43
175.367255,14.422021,0.00250635856127,0.585363,2026-04-06T02:44:43
175.596944,14.435236,0.00250659352957,0.5864277,2026-04-06T02:45:43
175.826688,14.447774,0.00250682892497,0.5874928,2026-04-06T02:46:43
176.056484,14.459635,0.00250706474761,0.5885585,2026-04-06T02:47:43
176.286328,14.470817,0.00250730099776,0.5896246,2026-04-06T02:48:43
176.516219,14.481322,0.00250753767551,0.5906911,2026-04-06T02:49:43
176.746153,14.491147,0.00250777478108,0.5917581,2026-04-06T02:50:43
176.976127,14.500295,0.00250801231463,0.5928254,2026-04-06T02:51:43
177.206138,14.508763,0.00250825027629,0.5938931,2026-04-06T02:52:43
177.436184,14.516551,0.0025084886662,0.5949611,2026-04-06T02:53:43
177.666261,14.523661,0.00250872748448,0.5960294,2026-04-06T02:54:43
177.896368,14.53009,0.00250896673127,0.597098,2026-04-06T02:55:43
178.1265,14.53584,0.00250920640669,0.5981669,2026-04-06T02:56:43
178.356655,14.540909,0.00250944651084,0.5992361,2026-04-06T02:57:43
178.58683,14.545298,0.0025096870438,0.6003055,2026-04-06T02:58:43
178.817023,14.549007,0.00250992800566,0.601375,2026-04-06T02:59:43
179.04723,14.552035,0.00251016939651,0.6024448,2026-04-06T03:00:43
179.277448,14.554383,0.00251041121638,0.6035147,2026-04-06T03:01:43
179.507675,14.55605,0.00251065346536,0.6045847,2026-04-06T03:02:43
179.737895,14.557049,0.00251089608548,0.605422,2026-04-06T03:03:43
179.968111,14.557375,0.0025111390994,0.6064921,2026-04-06T03:04:43
180.198326,14.55702,0.00251138254251,0.6075623,2026-04-06T03:05:43
180.428539,14.555985,0.0025116264148,0.6086324,2026-04-06T03:06:43
180.658746,14.554269,0.00251187071622,0.6097025,2026-04-06T03:07:43
180.888944,14.551872,0.00251211544678,0.6107725,2026-04-06T03:08:43
181.119131,14.548795,0.00251236060649,0.6118426,2026-04-06T03:09:43
181.349302,14.545037,0.0025126061953,0.6129125,2026-04-06T03:10:43
181.579457,14.540599,0.00251285221318,0.6139824,2026-04-06T03:11:43
181.809591,14.535481,0.00251309866011,0.6150521,2026-04-06T03:12:43
182.039702,14.529683,0.002513345536,0.6161217,2026-04-06T03:13:43
182.269786,14.523205,0.00251359284082,0.6171911,2026-04-06T03:14:43
182.499842,14.516048,0.00251384057448,0.6182603,2026-04-06T03:15:43
182.729865,14.50821,0.00251408873691,0.6193294,2026-04-06T03:16:43
182.959854,14.499694,0.00251433732804,0.6203982,2026-04-06T03:17:43
183.189805,14.490498,0.00251458634772,0.6214667,2026-04-06T03:18:43
183.419716,14.480624,0.0025148357959,0.622535,2026-04-06T03:19:43
183.649583,14.470072,0.00251508567244,0.623603,2026-04-06T03:20:43
183.879404,14.458841,0.00251533597721,0.6246706,2026-04-06T03:21:43
184.109176,14.446932,0.0025155867101,0.6257379,2026-04-06T03:22:43
184.338896,14.434346,0.00251583787093,0.6268048,2026-04-06T03:23:43
184.568561,14.421083,0.00251608945954,0.6278713,2026-04-06T03:24:43
184.798168,14.407142,0.00251634147581,0.6289374,2026-04-06T03:25:43
185.027715,14.392526,0.00251659391953,0.6300031,2026-04-06T03:26:43
185.257199,14.377234,0.00251684679052,0.6310682,2026-04-06T03:27:43
185.486616,14.361266,0.00251710008861,0.632133,2026-04-06T03:28:43
185.715965,14.344623,0.00251735381358,0.6331971,2026-04-06T03:29:43
185.945242,14.327306,0.00251760796523,0.6342608,2026-04-06T03:30:43
186.174444,14.309314,0.00251786254333,0.6353239,2026-04-06T03:31:43
186.403569,14.290649,0.00251811754766,0.6363864,2026-04-06T03:32:43
186.632614,14.271311,0.00251837297799,0.6374483,2026-04-06T03:33:43
186.861577,14.251301,0.00251862883405,0.6385095,2026-04-06T03:34:43
187.090453,14.230619,0.00251888511559,0.6395702,2026-04-06T03:35:43
187.319242,14.209265,0.00251914182236,0.6406301,2026-04-06T03:36:43
187.547939,14.187241,0.00251939895409,0.6416894,2026-04-06T03:37:43
187.776543,14.164547,0.00251965651045,0.6427479,2026-04-06T03:38:43
188.00505,14.141184,0.00251991449118,0.6438056,2026-04-06T03:39:43
188.233458,14.117151,0.00252017289594,0.6448626,2026-04-06T03:40:43
188.461765,14.092451,0.00252043172446,0.6459188,2026-04-06T03:41:43
188.689967,14.067083,0.00252069097639,0.6469742,2026-04-06T03:42:43
188.918061,14.041049,0.00252095065139,0.6480287,2026-04-06T03:43:43
189.146046,14.014349,0.00252121074912,0.6490824,2026-04-06T03:44:43
189.373919,13.986984,0.00252147126923,0.6501351,2026-04-06T03:45:43
189.601676,13.958955,0.00252173221138,0.651187,2026-04-06T03:46:43
189.829316,13.930262,0.00252199357517,0.6522379,2026-04-06T03:47:43
190.056836,13.900906,0.00252225536023,0.6532878,2026-04-06T03:48:43
190.284233,13.870888,0.00252251756618,0.6543368,2026-04-06T03:49:43
190.511505,13.84021,0.00252278019261,0.6553848,2026-04-06T03:50:43
190.738648,13.808871,0.00252304323913,0.6564318,2026-04-06T03:51:43
190.965662,13.776873,0.0025233067053,0.6574777,2026-04-06T03:52:43
191.192542,13.744216,0.00252357059072,0.6585225,2026-04-06T03:53:43
191.419287,13.710902,0.00252383489492,0.6595662,2026-04-06T03:54:43
191.645894,13.676932,0.00252409961748,0.6606088,2026-04-06T03:55:43
191.87236,13.642306,0.00252436475793,0.6616503,2026-04-06T03:56:43
192.098684,13.607025,0.00252463031582,0.6626905,2026-04-06T03:57:43
192.324863,13.571091,0.00252489629065,0.6637296,2026-04-06T03:58:43
192.550894,13.534504,0.00252516268198,0.6647675,2026-04-06T03:59:43
192.776774,13.497265,0.00252542948928,0.6658041,2026-04-06T04:00:43
193.002503,13.459376,0.00252569671208,0.6668395,2026-04-06T04:01:43
193.228076,13.420837,0.00252596434986,0.6678736,2026-04-06T04:02:43
193.453492,13.38165,0.00252623240207,0.6689064,2026-04-06T04:03:43
193.678749,13.341815,0.00252650086821,0.6699378,2026-04-06T04:04:43
193.903844,13.301334,0.00252676974773,0.670968,2026-04-06T04:05:43
194.128775,13.260208,0.00252703904012,0.6719967,2026-04-06T04:06:43
194.35354,13.218437,0.00252730874478,0.673024,2026-04-06T04:07:43
194.578136,13.176024,0.00252757886114,0.6740499,2026-04-06T04:08:43
194.802561,13.132969,0.00252784938866,0.6750744,2026-04-06T04:09:43
195.026813,13.089274,0.00252812032672,0.6760973,2026-04-06T04:10:43
195.250889,13.044939,0.00252839167472,0.6771188,2026-04-06T04:11:43
195.474789,12.999965,0.00252866343208,0.6781388,2026-04-06T04:12:43
195.698508,12.954355,0.00252893559819,0.6791572,2026-04-06T04:13:43
195.922046,12.908109,0.0025292081724,0.680174,2026-04-06T04:14:43
196.145401,12.861229,0.00252948115409,0.6811893,2026-04-06T04:15:43
196.368569,12.813715,0.00252975454264,0.682203,2026-04-06T04:16:43
196.591549,12.765569,0.00253002833738,0.683215,2026-04-06T04:17:43
196.814339,12.716793,0.00253030253764,0.6842253,2026-04-06T04:18:43
197.036937,12.667387,0.00253057714279,0.685234,2026-04-06T04:19:43
197.259341,12.617353,0.0025308521521,0.6862411,2026-04-06T04:20:43
197.481549,12.566692,0.00253112756497,0.6872464,2026-04-06T04:21:43
197.703558,12.515406,0.00253140338062,0.6882499,2026-04-06T04:22:43
197.925368,12.463496,0.00253167959839,0.6892517,2026-04-06T04:23:43
198.146976,12.410963,0.00253195621755,0.6902517,2026-04-06T04:24:43
198.36838,12.357808,0.00253223323737,0.6912498,2026-04-06T04:25:43
198.589578,12.304034,0.00253251065715,0.6922462,2026-04-06T04:26:43
198.810569,12.249641,0.00253278847614,0.6932407,2026-04-06T04:27:43
199.03135,12.194632,0.00253306669358,0.6942333,2026-04-06T04:28:43
199.25192,12.139006,0.00253334530873,0.695224,2026-04-06T04:29:43
199.472277,12.082766,0.00253362432082,0.6962128,2026-04-06T04:30:43
199.692419,12.025914,0.00253390372909,0.6971997,2026-04-06T04:31:43
199.912344,11.96845,0.00253418353272,0.6981846,2026-04-06T04:32:43
200.132052,11.910377,0.00253446373098,0.6991676,2026-04-06T04:33:43
200.351539,11.851695,0.00253474432301,0.7001485,2026-04-06T04:34:43
200.570805,11.792406,0.00253502530805,0.7011274,2026-04-06T04:35:43
200.789847,11.732512,0.00253530668526,0.7021043,2026-04-06T04:36:43
201.008664,11.672014,0.00253558845384,0.7030791,2026-04-06T04:37:43
201.227254,11.610913,0.00253587061897,0.7040518,2026-04-06T04:38:43
201.445617,11.549212,0.00253615316772,0.7050223,2026-04-06T04:39:43
201.66375,11.486912,0.00253643610526,0.7059908,2026-04-06T04:40:43
201.881652,11.424014,0.00253671943077,0.7069571,2026-04-06T04:41:43
202.099321,11.360521,0.00253700314338,0.7079212,2026-04-06T04:42:43
202.316756,11.296432,0.00253728724217,0.7088831,2026-04-06T04:43:43
202.533955,11.231751,0.00253757172631,0.7098428,2026-04-06T04:44:43
202.750917,11.166479,0.00253785659485,0.7108002,2026-04-06T04:45:43
202.96764,11.100617,0.00253814184693,0.7117554,2026-04-06T04:46:43
203.184123,11.034166,0.0025384274816,0.7127083,2026-04-06T04:47:43
203.400365,10.96713,0.00253871349798,0.7136589,2026-04-06T04:48:43
203.616365,10.899509,0.00253899989509,0.7146071,2026-04-06T04:49:43
203.83212,10.831304,0.00253928667205,0.7155531,2026-04-06T04:50:43
204.04763,10.762518,0.00253957382789,0.7164966,2026-04-06T04:51:43
204.262893,10.693153,0.00253986136163,0.7174377,2026-04-06T04:52:43
204.477908,10.623209,0.00254014927233,0.7183764,2026-04-06T04:53:43
204.692675,10.552689,0.002540437559,0.7193127,2026-04-06T04:54:43
204.907191,10.481594,0.00254072622067,0.7202465,2026-04-06T04:55:43
205.121455,10.409926,0.00254101525635,0.7211779,2026-04-06T04:56:43
205.335467,10.337687,0.00254130466505,0.7221068,2026-04-06T04:57:43
205.549225,10.264878,0.00254159444575,0.7230331,2026-04-06T04:58:43
205.762728,10.191502,0.00254188459742,0.7239569,2026-04-06T04:59:43
205.975975,10.117559,0.00254217511908,0.7248781,2026-04-06T05:00:43
206.188964,10.043052,0.00254246600966,0.7257968,2026-04-06T05:01:43
206.401696,9.967982,0.00254275726816,0.7267128,2026-04-06T05:02:43
206.614169,9.892351,0.00254304889351,0.7276263,2026-04-06T05:03:43
206.826381,9.816161,0.00254334088468,0.7285371,2026-04-06T05:04:43
207.038333,9.739414,0.00254363324058,0.7294453,2026-04-06T05:05:43
207.250022,9.662111,0.00254392596019,0.7303508,2026-04-06T05:06:43
207.461448,9.584254,0.00254421904238,0.7312536,2026-04-06T05:07:43
207.672611,9.505845,0.00254451248609,0.7321537,2026-04-06T05:08:43
207.883508,9.426886,0.00254480629021,0.733051,2026-04-06T05:09:43
208.094141,9.347379,0.00254510045367,0.7339456,2026-04-06T05:10:43
208.304506,9.267324,0.00254539497532,0.7348374,2026-04-06T05:11:43
208.514605,9.186725,0.00254568985406,0.7357264,2026-04-06T05:12:43
208.724435,9.105583,0.00254598508879,0.7366126,2026-04-06T05:13:43
208.933996,9.0239,0.00254628067834,0.737496,2026-04-06T05:14:43
209.143288,8.941677,0.00254657662161,0.7383765,2026-04-06T05:15:43
209.35231,8.858917,0.0025468729174,0.7392542,2026-04-06T05:16:43
209.561061,8.775621,0.00254716956459,0.7401289,2026-04-06T05:17:43
209.76954,8.69179,0.00254746656202,0.7410007,2026-04-06T05:18:43
209.977747,8.607428,0.00254776390851,0.7418696,2026-04-06T05:19:43
210.185681,8.522536,0.00254806160286,0.7427357,2026-04-06T05:20:43
210.393342,8.437115,0.00254835964395,0.7435986,2026-04-06T05:21:43
210.600729,8.351168,0.00254865803051,0.7444586,2026-04-06T05:22:43
210.807841,8.264696,0.00254895676136,0.7453156,2026-04-06T05:23:43
211.014678,8.177702,0.00254925583529,0.7461696,2026-04-06T05:24:43
211.221239,8.090186,0.0025495552511,0.7470205,2026-04-06T05:25:43
211.427524,8.002152,0.00254985500752,0.7478683,2026-04-06T05:26:43
211.633532,7.9136,0.00255015510336,0.7487131,2026-04-06T05:27:43
211.839264,7.824533,0.00255045553736,0.7495547,2026-04-06T05:28:43
212.044718,7.734952,0.00255075630826,0.7503932,2026-04-06T05:29:43
212.249894,7.64486,0.0025510574148,0.7512286,2026-04-06T05:30:43
212.454792,7.554258,0.00255135885574,0.7520608,2026-04-06T05:31:43
212.659412,7.463149,0.0025516606298,0.7528898,2026-04-06T05:32:43
212.863752,7.371533,0.00255196273568,0.7537157,2026-04-06T05:33:43
213.067814,7.279414,0.00255226517213,0.7545383,2026-04-06T05:34:43
213.271595,7.186792,0.00255256793783,0.7553577,2026-04-06T05:35:43
213.475097,7.093671,0.00255287103148,0.7561738,2026-04-06T05:36:43
213.67832,7.000051,0.00255317445177,0.7569866,2026-04-06T05:37:43
213.881261,6.905934,0.00255347819738,0.7577961,2026-04-06T05:38:43
214.083923,6.811323,0.00255378226697,0.7586024,2026-04-06T05:39:43
214.286304,6.71622,0.00255408665923,0.7594052,2026-04-06T05:40:43
214.488404,6.620626,0.00255439137279,0.7602048,2026-04-06T05:41:43
214.690223,6.524543,0.00255469640633,0.7610009,2026-04-06T05:42:43
214.891761,6.427973,0.00255500175849,0.7617937,2026-04-06T05:43:43
215.093018,6.330919,0.00255530742792,0.7625831,2026-04-06T05:44:43
215.293994,6.233381,0.00255561341323,0.7633691,2026-04-06T05:45:43
215.494688,6.135362,0.00255591971305,0.7641516,2026-04-06T05:46:43
215.695101,6.036864,0.00255622632599,0.7649306,2026-04-06T05:47:43
215.895233,5.937889,0.0025565332507,0.7657062,2026-04-06T05:48:43
216.095084,5.838438,0.00255684048572,0.7664783,2026-04-06T05:49:43
216.294653,5.738514,0.00255714802969,0.7672468,2026-04-06T05:50:43
216.493942,5.638118,0.00255745588116,0.7680119,2026-04-06T05:51:43
216.692949,5.537253,0.00255776403874,0.7687734,2026-04-06T05:52:43
216.891674,5.43592,0.00255807250103,0.7695314,2026-04-06T05:53:43
217.090119,5.334121,0.00255838126657,0.7702858,2026-04-06T05:54:43
217.288284,5.231859,0.00255869033392,0.7710366,2026-04-06T05:55:43
217.486167,5.129134,0.00255899970166,0.7717837,2026-04-06T05:56:43
217.68377,5.02595,0.00255930936833,0.7725273,2026-04-06T05:57:43
217.881092,4.922307,0.00255961933245,0.7732672,2026-04-06T05:58:43
218.078135,4.818208,0.0025599295926,0.7740035,2026-04-06T05:59:43
218.274897,4.713655,0.00256024014728,0.7747361,2026-04-06T06:00:43
218.47138,4.60865,0.00256055099499,0.775465,2026-04-06T06:01:43
218.667583,4.503194,0.0025608621343,0.7761901,2026-04-06T06:02:43
218.863507,4.39729,0.00256117356367,0.7769116,2026-04-06T06:03:43
219.059152,4.290939,0.00256148528165,0.7776293,2026-04-06T06:04:43
219.254519,4.184143,0.00256179728669,0.7783432,2026-04-06T06:05:43
219.449607,4.076905,0.00256210957726,0.7790534,2026-04-06T06:06:43
219.644417,3.969226,0.00256242215191,0.7797598,2026-04-06T06:07:43
219.83895,3.861108,0.00256273500907,0.7804623,2026-04-06T06:08:43
220.033206,3.752553,0.00256304814724,0.7811611,2026-04-06T06:09:43
220.227185,3.643562,0.00256336156489,0.781856,2026-04-06T06:10:43
220.420888,3.534139,0.00256367526042,0.7825471,2026-04-06T06:11:43
220.614315,3.424284,0.00256398923235,0.7832343,2026-04-06T06:12:43
220.807466,3.314,0.0025643034791,0.7839176,2026-04-06T06:13:43
221.000343,3.203289,0.00256461799909,0.784597,2026-04-06T06:14:43
221.192945,3.092151,0.00256493279076,0.7852725,2026-04-06T06:15:43
221.385273,2.980591,0.00256524785256,0.785944,2026-04-06T06:16:43
221.577327,2.868608,0.00256556318287,0.7866116,2026-04-06T06:17:43
221.769109,2.756205,0.00256587878014,0.7872753,2026-04-06T06:18:43
221.960618,2.643385,0.00256619464275,0.787935,2026-04-06T06:19:43
222.151856,2.530148,0.00256651076914,0.7885907,2026-04-06T06:20:43
222.342822,2.416498,0.0025668271578,0.7892428,2026-04-06T06:21:43
222.533517,2.302435,0.00256714380714,0.7898909,2026-04-06T06:22:43
222.723943,2.187961,0.00256746071559,0.7905349,2026-04-06T06:23:43
222.914099,2.073079,0.00256777788148,0.7911748,2026-04-06T06:24:43
223.103987,1.95779,0.00256809530322,0.7918108,2026-04-06T06:25:43
223.293607,1.842097,0.00256841297921,0.7924426,2026-04-06T06:26:43
223.482959,1.726,0.00256873090776,0.7930704,2026-04-06T06:27:43
223.672044,1.609503,0.00256904908725,0.793694,2026-04-06T06:28:43
223.860864,1.492607,0.0025693675159,0.7943131,2026-04-06T06:29:43
224.049418,1.375313,0.00256968619201,0.794928,2026-04-06T06:30:43
224.237708,1.257624,0.0025700051139,0.7955388,2026-04-06T06:31:43
224.425734,1.139541,0.00257032427992,0.7961454,2026-04-06T06:32:43
224.613498,1.021066,0.00257064368839,0.7967479,2026-04-06T06:33:43
224.800999,0.902202,0.00257096333764,0.7973462,2026-04-06T06:34:43
224.988239,0.78295,0.00257128322599,0.7979403,2026-04-06T06:35:43
225.175218,0.663311,0.00257160335175,0.7985302,2026-04-06T06:36:43
225.361937,0.543289,0.00257192371322,0.7991158,2026-04-06T06:37:43
225.548398,0.422884,0.0025722443087,0.7996972,2026-04-06T06:38:43
225.734601,0.302098,0.00257256513648,0.8002743,2026-04-06T06:39:43
225.920546,0.180934,0.00257288619485,0.8008471,2026-04-06T06:40:43
226.106235,0.059393,0.00257320748209,0.8014157,2026-04-06T06:41:43
226.291669,-0.062524,0.00257352899647,0.8019799,2026-04-06T06:42:43
226.476849,-0.184813,0.00257385073627,0.8025398,2026-04-06T06:43:43
226.661775,-0.307474,0.00257417269977,0.8030954,2026-04-06T06:44:43
226.846448,-0.430505,0.00257449488523,0.8036468,2026-04-06T06:45:43
227.03087,-0.553903,0.00257481729091,0.8041937,2026-04-06T06:46:43
227.215041,-0.677667,0.00257513991507,0.8047362,2026-04-06T06:47:43
227.398963,-0.801796,0.00257546275589,0.8052744,2026-04-06T06:48:43
227.582636,-0.926287,0.00257578581167,0.8058081,2026-04-06T06:49:43
227.766061,-1.051138,0.00257610908062,0.8063374,2026-04-06T06:50:43
227.949239,-1.176348,0.00257643256097,0.8068623,2026-04-06T06:51:43
228.132172,-1.301915,0.00257675625094,0.8073828,2026-04-06T06:52:43
228.314861,-1.427837,0.00257708014875,0.8078989,2026-04-06T06:53:43
228.497306,-1.554112,0.00257740425262,0.8084105,2026-04-06T06:54:43
228.679508,-1.680739,0.00257772856078,0.8089176,2026-04-06T06:55:43
228.861469,-1.807715,0.00257805307141,0.8094202,2026-04-06T06:56:43
229.04319,-1.93504,0.0025783777827,0.8099184,2026-04-06T06:57:43
229.224672,-2.062711,0.00257870269288,0.810412,2026-04-06T06:58:43
229.405916,-2.190726,0.00257902780012,0.8109011,2026-04-06T06:59:43
229.586923,-2.319084,0.00257935310264,0.8113857,2026-04-06T07:00:43
229.767694,-2.447783,0.00257967859856,0.8118658,2026-04-06T07:01:43
229.948231,-2.57682,0.00258000428611,0.8123413,2026-04-06T07:02:43
230.128534,-2.706196,0.00258033016344,0.8128122,2026-04-06T07:03:43
230.308605,-2.835907,0.00258065622871,0.8132786,2026-04-06T07:04:43
230.488445,-2.965951,0.0025809824801,0.8137404,2026-04-06T07:05:43
230.668055,-3.096328,0.00258130891579,0.8141976,2026-04-06T07:06:43
230.847436,-3.227035,0.00258163553388,0.8146502,2026-04-06T07:07:43
231.02659,-3.358071,0.00258196233259,0.8150981,2026-04-06T07:08:43
231.205518,-3.489434,0.00258228931,0.8155415,2026-04-06T07:09:43
231.384221,-3.621122,0.00258261646427,0.8159802,2026-04-06T07:10:43
231.562701,-3.753134,0.00258294379357,0.8164143,2026-04-06T07:11:43
231.740958,-3.885467,0.00258327129601,0.8168437,2026-04-06T07:12:43
231.918993,-4.01812,0.00258359896973,0.8172684,2026-04-06T07:13:43
232.096809,-4.151092,0.00258392681282,0.8176884,2026-04-06T07:14:43
232.274407,-4.28438,0.00258425482347,0.8181039,2026-04-06T07:15:43
232.451787,-4.417983,0.0025845829998,0.8185146,2026-04-06T07:16:43
232.628952,-4.551899,0.00258491133986,0.8189206,2026-04-06T07:17:43
232.805902,-4.686127,0.00258523984178,0.8193218,2026-04-06T07:18:43
232.982639,-4.820665,0.00258556850366,0.8197183,2026-04-06T07:19:43
233.159164,-4.95551,0.00258589732361,0.82011,2026-04-06T07:20:43
233.335478,-5.090663,0.00258622629972,0.820497,2026-04-06T07:21:43
233.511584,-5.22612,0.00258655543006,0.8208793,2026-04-06T07:22:43
233.687482,-5.36188,0.00258688471276,0.8212567,2026-04-06T07:23:43
233.863173,-5.497941,0.00258721414586,0.8216294,2026-04-06T07:24:43
234.03866,-5.634302,0.00258754372745,0.8219973,2026-04-06T07:25:43
234.213943,-5.770962,0.00258787345562,0.8223603,2026-04-06T07:26:43
234.389024,-5.907918,0.00258820332844,0.8227186,2026-04-06T07:27:43
234.563905,-6.045168,0.00258853334398,0.8230721,2026-04-06T07:28:43
234.738586,-6.182712,0.00258886350029,0.8234207,2026-04-06T07:29:43
234.91307,-6.320547,0.00258919379545,0.8237645,2026-04-06T07:30:43
235.087358,-6.458673,0.00258952422753,0.8241035,2026-04-06T07:31:43
235.261451,-6.597086,0.00258985479456,0.8244376,2026-04-06T07:32:43
235.43535,-6.735786,0.00259018549463,0.8247668,2026-04-06T07:33:43
235.609058,-6.874771,0.00259051632575,0.8250912,2026-04-06T07:34:43
235.782576,-7.014039,0.00259084728598,0.8254107,2026-04-06T07:35:43
235.955905,-7.153589,0.0025911783734,0.8257254,2026-04-06T07:36:43
236.129047,-7.29342,0.00259150958599,0.8260351,2026-04-06T07:37:43
236.302003,-7.433528,0.00259184092183,0.8263399,2026-04-06T07:38:43
236.474775,-7.573914,0.00259217237894,0.8266399,2026-04-06T07:39:43
236.647365,-7.714575,0.00259250395535,0.8269349,2026-04-06T07:40:43
236.819774,-7.85551,0.00259283564907,0.827225,2026-04-06T07:41:43
236.992003,-7.996716,0.00259316745815,0.8275101,2026-04-06T07:42:43
237.164055,-8.138194,0.00259349938061,0.8277903,2026-04-06T07:43:43
237.33593,-8.27994,0.00259383141445,0.8280656,2026-04-06T07:44:43
237.507631,-8.421953,0.0025941635577,0.8283359,2026-04-06T07:45:43
237.679159,-8.564233,0.00259449580835,0.8286013,2026-04-06T07:46:43
237.850515,-8.706777,0.00259482816443,0.8288617,2026-04-06T07:47:43
238.021702,-8.849583,0.00259516062392,0.8291171,2026-04-06T07:48:43
238.192721,-8.99265,0.00259549318486,0.8293675,2026-04-06T07:49:43
238.363573,-9.135977,0.00259582584521,0.8296129,2026-04-06T07:50:43
238.534261,-9.279562,0.00259615860301,0.8298534,2026-04-06T07:51:43
238.704786,-9.423404,0.00259649145621,0.8300888,2026-04-06T07:52:43
238.875149,-9.5675,0.00259682440284,0.8303192,2026-04-06T07:53:43
239.045353,-9.711849,0.00259715744085,0.8305446,2026-04-06T07:54:43
239.215398,-9.856451,0.00259749056829,0.8307651,2026-04-06T07:55:43
239.385288,-10.001303,0.00259782378311,0.8309805,2026-04-06T07:56:43
239.555023,-10.146403,0.00259815708332,0.8311909,2026-04-06T07:57:43
239.724605,-10.291751,0.00259849046688,0.8313962,2026-04-06T07:58:43
239.894036,-10.437344,0.00259882393182,0.8315965,2026-04-06T07:59:43
240.063317,-10.583182,0.00259915747604,0.8317918,2026-04-06T08:00:43
240.232451,-10.729262,0.00259949109758,0.831982,2026-04-06T08:01:43
240.40144,-10.875583,0.00259982479438,0.8321671,2026-04-06T08:02:43
240.570284,-11.022145,0.00260015856441,0.8323472,2026-04-06T08:03:43
240.738986,-11.168944,0.00260049240563,0.8325222,2026-04-06T08:04:43
240.907548,-11.31598,0.00260082631603,0.8326921,2026-04-06T08:05:43
241.075971,-11.463251,0.00260116029355,0.8328569,2026-04-06T08:06:43
241.244257,-11.610756,0.00260149433614,0.8330167,2026-04-06T08:07:43
241.412409,-11.758493,0.00260182844179,0.8331713,2026-04-06T08:08:43
241.580427,-11.90646,0.00260216260843,0.8333209,2026-04-06T08:09:43
241.748314,-12.054657,0.00260249683403,0.8334653,2026-04-06T08:10:43
241.916072,-12.203082,0.00260283111653,0.8336047,2026-04-06T08:11:43
242.083702,-12.351733,0.00260316545388,0.8337389,2026-04-06T08:12:43
242.251206,-12.500609,0.00260349984403,0.833868,2026-04-06T08:13:43
242.418587,-12.649708,0.00260383428493,0.833992,2026-04-06T08:14:43
242.585845,-12.799029,0.00260416877457,0.834111,2026-04-06T08:15:43
242.752984,-12.948571,0.00260450331087,0.8342247,2026-04-06T08:16:43
242.920004,-13.098332,0.00260483789174,0.8343333,2026-04-06T08:17:43
243.086909,-13.24831,0.00260517251514,0.8344367,2026-04-06T08:18:43
243.253699,-13.398504,0.00260550717899,0.834535,2026-04-06T08:19:43
243.420377,-13.548913,0.00260584188123,0.8346282,2026-04-06T08:20:43
243.586945,-13.699535,0.00260617661979,0.8347162,2026-04-06T08:21:43
243.753404,-13.850369,0.0026065113926,0.834799,2026-04-06T08:22:43
243.919757,-14.001414,0.00260684619762,0.8348767,2026-04-06T08:23:43
244.086005,-14.152667,0.00260718103275,0.8349492,2026-04-06T08:24:43
244.252151,-14.304128,0.00260751589592,0.8350166,2026-04-06T08:25:43
244.418197,-14.455795,0.0026078507851,0.8350788,2026-04-06T08:26:43
244.584145,-14.607666,0.00260818569816,0.8351358,2026-04-06T08:27:43
244.749996,-14.759741,0.00260852063305,0.8351876,2026-04-06T08:28:43
244.915752,-14.912018,0.0026088555877,0.8352343,2026-04-06T08:29:43
245.081417,-15.064495,0.00260919056,0.8352758,2026-04-06T08:30:43
245.246991,-15.217172,0.00260952554792,0.8353121,2026-04-06T08:31:43
245.412477,-15.370046,0.00260986054936,0.8353432,2026-04-06T08:32:43
245.577877,-15.523116,0.00261019556221,0.8353691,2026-04-06T08:33:43
245.743193,-15.676381,0.00261053058444,0.8353898,2026-04-06T08:34:43
245.908428,-15.82984,0.00261086561394,0.8354054,2026-04-06T08:35:43
246.073582,-15.983491,0.00261120064861,0.8354157,2026-04-06T08:36:43
246.238659,-16.137332,0.00261153568641,0.8354209,2026-04-06T08:37:43
246.403661,-16.291363,0.0026118707252,0.8354208,2026-04-06T08:38:43
246.568589,-16.445582,0.00261220576295,0.8354155,2026-04-06T08:39:43
246.733446,-16.599987,0.00261254079752,0.8354051,2026-04-06T08:40:43
246.898234,-16.754577,0.00261287582686,0.8353894,2026-04-06T08:41:43
247.062955,-16.909352,0.00261321084888,0.8353685,2026-04-06T08:42:43
247.227611,-17.064309,0.00261354586145,0.8353424,2026-04-06T08:43:43
247.392205,-17.219446,0.00261388086253,0.8353111,2026-04-06T08:44:43
247.556739,-17.374764,0.00261421585004,0.8352747,2026-04-06T08:45:43
247.721215,-17.53026,0.0026145508219,0.835233,2026-04-06T08:46:43
247.885635,-17.685933,0.00261488577594,0.8351861,2026-04-06T08:47:43
248.050002,-17.841782,0.00261522071013,0.8351339,2026-04-06T08:48:43
248.214317,-17.997805,0.00261555562238,0.8350765,2026-04-06T08:49:43
248.378584,-18.154001,0.00261589051054,0.8350139,2026-04-06T08:50:43
248.542803,-18.310369,0.00261622537255,0.8349461,2026-04-06T08:51:43
248.706979,-18.466907,0.00261656020631,0.834873,2026-04-06T08:52:43
248.871112,-18.623614,0.00261689500975,0.8347948,2026-04-06T08:53:43
249.035206,-18.780488,0.00261722978075,0.8347113,2026-04-06T08:54:43
249.199262,-18.937529,0.0026175645172,0.8346226,2026-04-06T08:55:43
249.363284,-19.094735,0.00261789921706,0.8345287,2026-04-06T08:56:43
249.527272,-19.252104,0.00261823387819,0.8344295,2026-04-06T08:57:43
249.691231,-19.409636,0.00261856849853,0.8343252,2026-04-06T08:58:43
249.855161,-19.567329,0.00261890307594,0.8342156,2026-04-06T08:59:43
250.019066,-19.725181,0.00261923760838,0.8341008,2026-04-06T09:00:43
250.182948,-19.883191,0.00261957209371,0.8339807,2026-04-06T09:01:43
250.34681,-20.041359,0.00261990652986,0.8338555,2026-04-06T09:02:43
250.510653,-20.199682,0.00262024091472,0.833725,2026-04-06T09:03:43
250.674481,-20.358159,0.00262057524623,0.8335893,2026-04-06T09:04:43
250.838295,-20.51679,0.00262090952224,0.8334484,2026-04-06T09:05:43
251.002098,-20.675572,0.00262124374071,0.8333022,2026-04-06T09:06:43
251.165894,-20.834505,0.00262157789954,0.8331509,2026-04-06T09:07:43
251.329684,-20.993586,0.0026219119966,0.8329943,2026-04-06T09:08:43
251.49347,-21.152816,0.00262224602984,0.8328325,2026-04-06T09:09:43
251.657256,-21.312192,0.00262257999714,0.8326655,2026-04-06T09:10:43
251.821044,-21.471713,0.00262291389641,0.8324933,2026-04-06T09:11:43
251.984836,-21.631378,0.00262324772558,0.8323159,2026-04-06T09:12:43
252.148636,-21.791185,0.00262358148255,0.8321332,2026-04-06T09:13:43
252.312445,-21.951134,0.00262391516521,0.8319454,2026-04-06T09:14:43
252.476266,-22.111222,0.00262424877152,0.8317525,2026-04-06T09:15:43
252.640103,-22.27145,0.0026245822994,0.8315542,2026-04-06T09:16:43
252.803957,-22.431814,0.00262491574672,0.8313507,2026-04-06T09:17:43
252.967832,-22.592315,0.0026252491114,0.831142,2026-04-06T09:18:43
253.13173,-22.75295,0.00262558239135,0.8309282,2026-04-06T09:19:43
253.295653,-22.913719,0.00262591558447,0.8307091,2026-04-06T09:20:43
253.459605,-23.07462,0.0026262486887,0.8304848,2026-04-06T09:21:43
253.623589,-23.235652,0.00262658170193,0.8302553,2026-04-06T09:22:43
253.787606,-23.396813,0.00262691462209,0.8300207,2026-04-06T09:23:43
253.95166,-23.558103,0.00262724744711,0.8297808,2026-04-06T09:24:43
254.115754,-23.71952,0.00262758017488,0.8295358,2026-04-06T09:25:43
254.27989,-23.881062,0.00262791280336,0.8292855,2026-04-06T09:26:43
254.444071,-24.042729,0.00262824533043,0.8290301,2026-04-06T09:27:43
254.608301,-24.204518,0.00262857775403,0.8287695,2026-04-06T09:28:43
254.772581,-24.36643,0.0026289100721,0.8285038,2026-04-06T09:29:43
254.936915,-24.528462,0.00262924228255,0.8282328,2026-04-06T09:30:43
255.101306,-24.690613,0.0026295743833,0.8279567,2026-04-06T09:31:43
255.265757,-24.852883,0.00262990637227,0.8276754,2026-04-06T09:32:43
255.430271,-25.015268,0.00263023824741,0.827389,2026-04-06T09:33:43
255.59485,-25.17777,0.00263057000662,0.8270974,2026-04-06T09:34:43
255.759498,-25.340385,0.00263090164787,0.8268006,2026-04-06T09:35:43
255.924217,-25.503113,0.00263123316907,0.8264987,2026-04-06T09:36:43
256.089011,-25.665953,0.00263156456816,0.8261916,2026-04-06T09:37:43
256.253883,-25.828902,0.00263189584306,0.8258794,2026-04-06T09:38:43
256.418836,-25.991961,0.00263222699173,0.8255621,2026-04-06T09:39:43
256.583872,-26.155127,0.00263255801209,0.8252396,2026-04-06T09:40:43
256.748996,-26.318399,0.0026328889021,0.824912,2026-04-06T09:41:43
256.91421,-26.481777,0.00263321965969,0.8245792,2026-04-06T09:42:43
257.079517,-26.645258,0.0026335502828,0.8242413,2026-04-06T09:43:43
257.244921,-26.808842,0.00263388076936,0.8238983,2026-04-06T09:44:43
257.410425,-26.972526,0.00263421111738,0.8235504,2026-04-06T09:45:43
257.576031,-27.136311,0.00263454132481,0.8231971,2026-04-06T09:46:43
257.741744,-27.300194,0.00263487138956,0.8228388,2026-04-06T09:47:43
257.907566,-27.464174,0.00263520130957,0.8224754,2026-04-06T09:48:43
258.073501,-27.62825,0.00263553108278,0.8221068,2026-04-06T09:49:43
258.239552,-27.792421,0.00263586070719,0.8217332,2026-04-06T09:50:43
258.405723,-27.956685,0.00263619018074,0.8213545,2026-04-06T09:51:43
258.572017,-28.121042,0.00263651950139,0.8209707,2026-04-06T09:52:43
258.738437,-28.285488,0.00263684866709,0.8205818,2026-04-06T09:53:43
258.904987,-28.450025,0.00263717767583,0.8201878,2026-04-06T09:54:43
259.07167,-28.614649,0.00263750652554,0.8197888,2026-04-06T09:55:43
259.23849,-28.77936,0.00263783521422,0.8193847,2026-04-06T09:56:43
259.40545,-28.944157,0.00263816373984,0.8189756,2026-04-06T09:57:43
259.572553,-29.109037,0.00263849210036,0.8185614,2026-04-06T09:58:43
259.739804,-29.274001,0.00263882029378,0.8181422,2026-04-06T09:59:43
259.907206,-29.439046,0.00263914831804,0.8177179,2026-04-06T10:00:43
260.074763,-29.604171,0.00263947617114,0.8172886,2026-04-06T10:01:43
260.242478,-29.769375,0.00263980385106,0.8168543,2026-04-06T10:02:43
260.410354,-29.934656,0.00264013135582,0.8164149,2026-04-06T10:03:43
260.578397,-30.100014,0.00264045868333,0.8159706,2026-04-06T10:04:43
260.746608,-30.265447,0.00264078583166,0.8155212,2026-04-06T10:05:43
260.914993,-30.430953,0.00264111279876,0.8150668,2026-04-06T10:06:43
261.083555,-30.596531,0.00264143958263,0.8146075,2026-04-06T10:07:43
261.252297,-30.76218,0.00264176618129,0.8141431,2026-04-06T10:08:43
261.421224,-30.927899,0.00264209259272,0.8136738,2026-04-06T10:09:43
261.59034,-31.093685,0.00264241881491,0.8131994,2026-04-06T10:10:43
261.759648,-31.259539,0.00264274484591,0.8127202,2026-04-06T10:11:43
261.929153,-31.425458,0.00264307068368,0.8122359,2026-04-06T10:12:43
262.098858,-31.591441,0.00264339632627,0.8117467,2026-04-06T10:13:43
262.268768,-31.757487,0.00264372177166,0.8112526,2026-04-06T10:14:43
262.438886,-31.923594,0.00264404701793,0.8107537,2026-04-06T10:15:43
262.609217,-32.089761,0.00264437206308,0.8102496,2026-04-06T10:16:43
262.779764,-32.255986,0.00264469690512,0.8097407,2026-04-06T10:17:43
262.950533,-32.422269,0.00264502154206,0.8092268,2026-04-06T10:18:43
263.121527,-32.588608,0.00264534597194,0.8087081,2026-04-06T10:19:43
263.29275,-32.755001,0.00264567019279,0.8081844,2026-04-06T10:20:43
263.464207,-32.921447,0.00264599420265,0.8076558,2026-04-06T10:21:43
263.635903,-33.087945,0.00264631799955,0.8071224,2026-04-06T10:22:43
263.80784,-33.254492,0.00264664158152,0.806584,2026-04-06T10:23:43
263.980025,-33.421089,0.00264696494663,0.8060408,2026-04-06T10:24:43
264.15246,-33.587733,0.00264728809293,0.8054928,2026-04-06T10:25:43
264.325152,-33.754424,0.00264761101844,0.8049399,2026-04-06T10:26:43
264.498104,-33.921158,0.00264793372124,0.8043821,2026-04-06T10:27:43
264.67132,-34.087936,0.00264825619938,0.8038195,2026-04-06T10:28:43
264.844807,-34.254756,0.00264857845092,0.8032521,2026-04-06T10:29:43
265.018567,-34.421615,0.00264890047394,0.8026798,2026-04-06T10:30:43
265.192606,-34.588514,0.00264922226649,0.8021027,2026-04-06T10:31:43
265.366929,-34.75545,0.00264954382666,0.8015209,2026-04-06T10:32:43
265.54154,-34.922422,0.00264986515251,0.8009342,2026-04-06T10:33:43
265.716444,-35.089428,0.00265018624212,0.8003428,2026-04-06T10:34:43
265.891647,-35.256467,0.00265050709358,0.7997465,2026-04-06T10:35:43
266.067152,-35.423538,0.00265082770497,0.7991456,2026-04-06T10:36:43
266.242965,-35.590638,0.00265114807439,0.7985398,2026-04-06T10:37:43
266.419091,-35.757767,0.00265146819992,0.7979293,2026-04-06T10:38:43
266.595536,-35.924923,0.00265178807966,0.7973141,2026-04-06T10:39:43
266.772303,-36.092104,0.00265210771172,0.7966941,2026-04-06T10:40:43
266.949399,-36.25931,0.00265242709419,0.7960694,2026-04-06T10:41:43
267.126828,-36.426537,0.00265274622519,0.79544,2026-04-06T10:42:43
267.304596,-36.593786,0.00265306510283,0.7948059,2026-04-06T10:43:43
267.482708,-36.761054,0.00265338372525,0.7941671,2026-04-06T10:44:43
267.66117,-36.928339,0.00265370209055,0.7935238,2026-04-06T10:45:43
267.839986,-37.095641,0.0026540201969,0.7928756,2026-04-06T10:46:43
268.019163,-37.262958,0.00265433804236,0.7922228,2026-04-06T10:47:43
268.198706,-37.430287,0.0026546556251,0.7915654,2026-04-06T10:48:43
268.37862,-37.597628,0.00265497294321,0.7909033,2026-04-06T10:49:43
268.558911,-37.764979,0.00265528999488,0.7902365,2026-04-06T10:50:43
268.739586,-37.932338,0.00265560677824,0.7895652,2026-04-06T10:51:43
268.920648,-38.099704,0.00265592329142,0.7888892,2026-04-06T10:52:43
269.102106,-38.267074,0.00265623953258,0.7882086,2026-04-06T10:53:43
269.283963,-38.434448,0.0026565554999,0.7875235,2026-04-06T10:54:43
269.466227,-38.601824,0.00265687119151,0.7868337,2026-04-06T10:55:43
269.648903,-38.7692,0.0026571866056,0.7861394,2026-04-06T10:56:43
269.831997,-38.936574,0.00265750174032,0.7854405,2026-04-06T10:57:43
270.015516,-39.103945,0.00265781659386,0.7847371,2026-04-06T10:58:43
270.199465,-39.271311,0.00265813116438,0.7840292,2026-04-06T10:59:43
270.383851,-39.43867,0.00265844545009,0.7833167,2026-04-06T11:00:43
270.568681,-39.60602,0.00265875944915,0.7825997,2026-04-06T11:01:43
270.75396,-39.773361,0.00265907315977,0.7818782,2026-04-06T11:02:43
270.939695,-39.940689,0.00265938658015,0.7811523,2026-04-06T11:03:43
271.125892,-40.108004,0.00265969970847,0.7804218,2026-04-06T11:04:43
271.312559,-40.275304,0.00266001254296,0.7796869,2026-04-06T11:05:43
271.499702,-40.442586,0.00266032508183,0.7789475,2026-04-06T11:06:43
271.687327,-40.609849,0.00266063732327,0.7782037,2026-04-06T11:07:43
271.875441,-40.777092,0.00266094926551,0.7774554,2026-04-06T11:08:43
272.064052,-40.944311,0.00266126090677,0.7767027,2026-04-06T11:09:43
272.253166,-41.111506,0.0026615722453,0.7759456,2026-04-06T11:10:43
272.44279,-41.278675,0.00266188327933,0.7751841,2026-04-06T11:11:43
272.632932,-41.445816,0.00266219400707,0.7744183,2026-04-06T11:12:43
272.823598,-41.612926,0.00266250442681,0.773648,2026-04-06T11:13:43
273.014796,-41.780005,0.00266281453676,0.7728734,2026-04-06T11:14:43
273.206533,-41.94705,0.00266312433521,0.7720946,2026-04-06T11:15:43
273.398817,-42.114058,0.00266343382042,0.7713113,2026-04-06T11:16:43
273.591655,-42.281029,0.00266374299064,0.7705237,2026-04-06T11:17:43
273.785055,-42.44796,0.00266405184412,0.7697317,2026-04-06T11:18:43
273.979024,-42.61485,0.00266436037916,0.7689355,2026-04-06T11:19:43
274.173571,-42.781695,0.002664668594,0.768135,2026-04-06T11:20:43
274.368702,-42.948495,0.00266497648694,0.7673302,2026-04-06T11:21:43
274.564427,-43.115247,0.00266528405625,0.7665211,2026-04-06T11:22:43
274.760752,-43.281949,0.00266559130027,0.7657078,2026-04-06T11:23:43
274.957687,-43.448599,0.00266589821727,0.7648903,2026-04-06T11:24:43
275.155239,-43.615195,0.00266620480553,0.7640685,2026-04-06T11:25:43
275.353417,-43.781735,0.0026665110634,0.7632426,2026-04-06T11:26:43
275.55223,-43.948217,0.00266681698919,0.7624124,2026-04-06T11:27:43
275.751684,-44.114638,0.0026671225812,0.761578,2026-04-06T11:28:43
275.951791,-44.280996,0.00266742783776,0.7607395,2026-04-06T11:29:43
276.152557,-44.44729,0.00266773275719,0.7598968,2026-04-06T11:30:43
276.353992,-44.613517,0.00266803733785,0.75905,2026-04-06T11:31:43
276.556104,-44.779674,0.00266834157808,0.7581991,2026-04-06T11:32:43
276.758904,-44.94576,0.00266864547621,0.757344,2026-04-06T11:33:43
276.962399,-45.111772,0.00266894903059,0.7564848,2026-04-06T11:34:43
277.166599,-45.277707,0.0026692522396,0.7556216,2026-04-06T11:35:43
277.371514,-45.443565,0.00266955510158,0.7547542,2026-04-06T11:36:43
277.577153,-45.609341,0.00266985761491,0.7538828,2026-04-06T11:37:43
277.783525,-45.775034,0.00267015977796,0.7530074,2026-04-06T11:38:43
277.99064,-45.940642,0.00267046158912,0.7521279,2026-04-06T11:39:43
278.198508,-46.106161,0.00267076304676,0.7512444,2026-04-06T11:40:43
278.407139,-46.27159,0.00267106414926,0.7503569,2026-04-06T11:41:43
278.616542,-46.436926,0.00267136489505,0.7494654,2026-04-06T11:42:43
278.826729,-46.602166,0.00267166528253,0.74857,2026-04-06T11:43:43
279.037709,-46.767308,0.00267196531008,0.7476705,2026-04-06T11:44:43
279.249492,-46.93235,0.00267226497617,0.7467673,2026-04-06T11:45:43
279.46209,-47.097288,0.0026725642792,0.74586,2026-04-06T11:46:43
279.675512,-47.262121,0.00267286321756,0.7449488,2026-04-06T11:47:43
279.88977,-47.426844,0.00267316178972,0.7440336,2026-04-06T11:48:43
280.104874,-47.591457,0.00267345999407,0.7431146,2026-04-06T11:49:43
280.320836,-47.755956,0.0026737578291,0.7421917,2026-04-06T11:50:43
280.537666,-47.920338,0.00267405529321,0.741265,2026-04-06T11:51:43
280.755376,-48.0846,0.0026743523849,0.7403344,2026-04-06T11:52:43
280.973977,-48.24874,0.0026746491026,0.7393999,2026-04-06T11:53:43
281.193481,-48.412755,0.00267494544478,0.7384617,2026-04-06T11:54:43
281.413899,-48.576642,0.00267524140992,0.7375196,2026-04-06T11:55:43
281.635244,-48.740398,0.00267553699652,0.7365738,2026-04-06T11:56:43
281.857527,-48.904019,0.00267583220302,0.7356242,2026-04-06T11:57:43
282.080761,-49.067504,0.00267612702795,0.7346708,2026-04-06T11:58:43
282.304957,-49.230849,0.0026764214698,0.7337137,2026-04-06T11:59:43
282.530129,-49.394051,0.00267671552705,0.7327529,2026-04-06T12:00:43
282.756288,-49.557107,0.00267700919823,0.7317884,2026-04-06T12:01:43
282.983448,-49.720014,0.00267730248185,0.7308201,2026-04-06T12:02:43
283.211621,-49.882768,0.00267759537643,0.7298482,2026-04-06T12:03:43
283.440821,-50.045366,0.0026778878805,0.7288727,2026-04-06T12:04:43
283.67106,-50.207806,0.00267817999261,0.7278935,2026-04-06T12:05:43
283.902352,-50.370083,0.00267847171129,0.7269106,2026-04-06T12:06:43
284.13471,-50.532195,0.00267876303506,0.7259242,2026-04-06T12:07:43
284.368149,-50.694138,0.00267905396251,0.7249341,2026-04-06T12:08:43
284.602681,-50.855908,0.0026793444922,0.7239405,2026-04-06T12:09:43
284.838322,-51.017502,0.00267963462268,0.7229433,2026-04-06T12:10:43
285.075085,-51.178917,0.00267992435252,0.7219425,2026-04-06T12:11:43
285.312984,-51.340149,0.00268021368032,0.7209383,2026-04-06T12:12:43
285.552034,-51.501194,0.00268050260463,0.7199304,2026-04-06T12:13:43
285.79225,-51.662049,0.0026807911241,0.7189191,2026-04-06T12:14:43
286.033647,-51.82271,0.0026810792373,0.7179045,2026-04-06T12:15:43
286.27624,-51.983174,0.00268136694285,0.7168862,2026-04-06T12:16:43
286.520043,-52.143435,0.00268165423937,0.7158645,2026-04-06T12:17:43
286.765073,-52.303492,0.00268194112544,0.7148394,2026-04-06T12:18:43
287.011345,-52.463338,0.0026822275997,0.7138108,2026-04-06T12:19:43
287.258874,-52.622972,0.00268251366075,0.7127788,2026-04-06T12:20:43
287.507677,-52.782388,0.00268279930727,0.7117435,2026-04-06T12:21:43
287.75777,-52.941583,0.0026830845379,0.7107047,2026-04-06T12:22:43
288.00917,-53.100551,0.00268336935128,0.7096627,2026-04-06T12:23:43
288.261892,-53.259291,0.00268365374607,0.7086172,2026-04-06T12:24:43
288.515954,-53.417796,0.00268393772093,0.7075685,2026-04-06T12:25:43
288.771372,-53.576062,0.00268422127454,0.7065165,2026-04-06T12:26:43
289.028164,-53.734086,0.00268450440558,0.7054611,2026-04-06T12:27:43
289.286347,-53.891863,0.00268478711274,0.7044025,2026-04-06T12:28:43
289.545939,-54.049388,0.00268506939469,0.7033407,2026-04-06T12:29:43
289.806957,-54.206656,0.00268535125015,0.7022756,2026-04-06T12:30:43
290.069419,-54.363664,0.00268563267782,0.7012073,2026-04-06T12:31:43
290.333344,-54.520406,0.00268591367642,0.7001358,2026-04-06T12:32:43
290.59875,-54.676878,0.00268619424465,0.6990611,2026-04-06T12:33:43
290.865654,-54.833074,0.00268647438128,0.6979833,2026-04-06T12:34:43
291.134078,-54.98899,0.00268675408499,0.6969023,2026-04-06T12:35:43
291.404038,-55.144621,0.00268703335455,0.6958181,2026-04-06T12:36:43
291.675554,-55.299962,0.00268731218871,0.6947309,2026-04-06T12:37:43
291.948647,-55.455007,0.00268759058621,0.6936406,2026-04-06T12:38:43
292.223334,-55.609752,0.00268786854584,0.6925471,2026-04-06T12:39:43
292.499638,-55.764192,0.00268814606633,0.6914507,2026-04-06T12:40:43
292.777576,-55.91832,0.00268842314648,0.6903512,2026-04-06T12:41:43
293.05717,-56.072131,0.00268869978508,0.6892486,2026-04-06T12:42:43
293.33844,-56.22562,0.0026889759809,0.6881431,2026-04-06T12:43:43
293.621407,-56.378782,0.00268925173276,0.6870345,2026-04-06T12:44:43
293.906092,-56.53161,0.00268952703947,0.6859232,2026-04-06T12:45:43
294.192516,-56.684099,0.00268980189987,0.6848087,2026-04-06T12:46:43
294.4807,-56.836243,0.00269007631272,0.6836913,2026-04-06T12:47:43
294.770665,-56.988036,0.00269035027687,0.682571,2026-04-06T12:48:43
295.062435,-57.139472,0.00269062379114,0.6814478,2026-04-06T12:49:43
295.35603,-57.290545,0.00269089685438,0.6803217,2026-04-06T12:50:43
295.651473,-57.441249,0.00269116946543,0.6791927,2026-04-06T12:51:43
295.948786,-57.591577,0.00269144162315,0.6780609,2026-04-06T12:52:43
296.247993,-57.741523,0.00269171332641,0.6769263,2026-04-06T12:53:43
296.549115,-57.891081,0.00269198457405,0.6757888,2026-04-06T12:54:43
296.852176,-58.040244,0.00269225536499,0.6746486,2026-04-06T12:55:43
297.1572,-58.189005,0.00269252569807,0.6735056,2026-04-06T12:56:43
297.464209,-58.337357,0.00269279557223,0.6723599,2026-04-06T12:57:43
297.773227,-58.485294,0.00269306498633,0.6712114,2026-04-06T12:58:43
298.084279,-58.632808,0.00269333393929,0.6700602,2026-04-06T12:59:43
298.397389,-58.779893,0.00269360243003,0.6689063,2026-04-06T13:00:43
298.71258,-58.926541,0.00269387045747,0.6677497,2026-04-06T13:01:43
299.029877,-59.072745,0.00269413802053,0.6665904,2026-04-06T13:02:43
299.349305,-59.218498,0.00269440511817,0.6654285,2026-04-06T13:03:43
299.670889,-59.363792,0.00269467174931,0.664264,2026-04-06T13:04:43
299.994654,-59.508618,0.00269493791291,0.6630969,2026-04-06T13:05:43
300.320624,-59.652971,0.00269520360794,0.6619272,2026-04-06T13:06:43
300.648826,-59.796841,0.00269546883333,0.660755,2026-04-06T13:07:43
300.979286,-59.940221,0.00269573358811,0.6595801,2026-04-06T13:08:43
301.312027,-60.083102,0.00269599787122,0.6584028,2026-04-06T13:09:43
301.647078,-60.225477,0.00269626168168,0.657223,2026-04-06T13:10:43
301.984462,-60.367337,0.00269652501844,0.6560406,2026-04-06T13:11:43
302.324208,-60.508673,0.00269678788056,0.6548558,2026-04-06T13:12:43
302.666341,-60.649477,0.00269705026702,0.6536685,2026-04-06T13:13:43
303.010887,-60.789741,0.00269731217684,0.6524788,2026-04-06T13:14:43
303.357873,-60.929454,0.0026975736091,0.6512869,2026-04-06T13:15:43
303.707325,-61.068609,0.00269783456282,0.6500924,2026-04-06T13:16:43
304.059271,-61.207196,0.002698095037,0.6488955,2026-04-06T13:17:43
304.413737,-61.345205,0.00269835503073,0.6476962,2026-04-06T13:18:43
304.77075,-61.482629,0.00269861454303,0.6464947,2026-04-06T13:19:43
305.130337,-61.619456,0.00269887357297,0.6452908,2026-04-06T13:20:43
305.492525,-61.755677,0.00269913211965,0.6440846,2026-04-06T13:21:43
305.857341,-61.891283,0.00269939018214,0.6428761,2026-04-06T13:22:43
306.224812,-62.026264,0.00269964775953,0.6416654,2026-04-06T13:23:43
306.594965,-62.160609,0.00269990485089,0.6404524,2026-04-06T13:24:43
306.967828,-62.294308,0.00270016145536,0.6392372,2026-04-06T13:25:43
307.343426,-62.427351,0.00270041757205,0.6380198,2026-04-06T13:26:43
307.721788,-62.559727,0.00270067320007,0.6368002,2026-04-06T13:27:43
308.102941,-62.691426,0.00270092833855,0.6355785,2026-04-06T13:28:43
308.48691,-62.822437,0.00270118298663,0.6343546,2026-04-06T13:29:43
308.873723,-62.952749,0.00270143714345,0.6331286,2026-04-06T13:30:43
309.263407,-63.08235,0.00270169080817,0.6319004,2026-04-06T13:31:43
309.655988,-63.21123,0.00270194397996,0.6306703,2026-04-06T13:32:43
310.051493,-63.339377,0.00270219665795,0.629438,2026-04-06T13:33:43
310.449947,-63.46678,0.00270244884134,0.6282037,2026-04-06T13:34:43
310.851377,-63.593427,0.00270270052934,0.6269673,2026-04-06T13:35:43
311.255809,-63.719305,0.00270295172109,0.625729,2026-04-06T13:36:43
311.663268,-63.844404,0.00270320241583,0.6244887,2026-04-06T13:37:43
312.073779,-63.96871,0.00270345261276,0.6232464,2026-04-06T13:38:43
312.487368,-64.092212,0.00270370231106,0.6220022,2026-04-06T13:39:43
312.904059,-64.214898,0.00270395151001,0.620756,2026-04-06T13:40:43
313.323876,-64.336753,0.00270420020881,0.6195079,2026-04-06T13:41:43
313.746843,-64.457767,0.0027044484067,0.618258,2026-04-06T13:42:43
314.172985,-64.577925,0.00270469610293,0.6170062,2026-04-06T13:43:43
314.602323,-64.697215,0.00270494329679,0.6157525,2026-04-06T13:44:43
315.03488,-64.815623,0.00270518998751,0.6144972,2026-04-06T13:45:43
315.470678,-64.933137,0.00270543617442,0.6132399,2026-04-06T13:46:43
315.909739,-65.049743,0.00270568185672,0.6119808,2026-04-06T13:47:43
316.352084,-65.165427,0.00270592703374,0.61072,2026-04-06T13:48:43
316.797733,-65.280175,0.00270617170475,0.6094574,2026-04-06T13:49:43
317.246705,-65.393973,0.00270641586907,0.6081931,2026-04-06T13:50:43
317.699019,-65.506808,0.002706659526,0.6069271,2026-04-06T13:51:43
318.154693,-65.618665,0.00270690267486,0.6056594,2026-04-06T13:52:43
318.613745,-65.72953,0.00270714531499,0.60439,2026-04-06T13:53:43
319.076192,-65.839388,0.00270738744573,0.603119,2026-04-06T13:54:43
319.542048,-65.948225,0.00270762906639,0.6018464,2026-04-06T13:55:43
320.011328,-66.056025,0.00270787017637,0.6005721,2026-04-06T13:56:43
320.484046,-66.162776,0.002708110775,0.5992963,2026-04-06T13:57:43
320.960215,-66.26846,0.00270835086166,0.5980189,2026-04-06T13:58:43
321.439847,-66.373064,0.00270859043572,0.59674,2026-04-06T13:59:43
321.922951,-66.476571,0.00270882949657,0.5954595,2026-04-06T14:00:43
322.409538,-66.578968,0.00270906804362,0.5941776,2026-04-06T14:01:43
322.899615,-66.680238,0.00270930607623,0.5928941,2026-04-06T14:02:43
323.393189,-66.780365,0.00270954359385,0.5916092,2026-04-06T14:03:43
323.890267,-66.879335,0.00270978059588,0.5903229,2026-04-06T14:04:43
324.390851,-66.977132,0.00271001708174,0.5890351,2026-04-06T14:05:43
324.894945,-67.07374,0.00271025305088,0.587746,2026-04-06T14:06:43
325.402551,-67.169142,0.00271048850275,0.5864554,2026-04-06T14:07:43
325.913667,-67.263324,0.00271072343676,0.5851635,2026-04-06T14:08:43
326.428293,-67.35627,0.00271095785241,0.5838703,2026-04-06T14:09:43
326.946425,-67.447963,0.00271119174915,0.5825757,2026-04-06T14:10:43
327.468058,-67.538387,0.00271142512645,0.5812799,2026-04-06T14:11:43
327.993186,-67.627527,0.0027116579838,0.5799828,2026-04-06T14:12:43
328.521799,-67.715366,0.00271189032071,0.5786844,2026-04-06T14:13:43
329.053889,-67.801888,0.00271212213664,0.5773847,2026-04-06T14:14:43
329.589441,-67.887077,0.00271235343117,0.5760841,2026-04-06T14:15:43
330.128443,-67.970917,0.00271258420379,0.574782,2026-04-06T14:16:43
330.670879,-68.053393,0.002712814454,0.5734788,2026-04-06T14:17:43
331.21673,-68.134487,0.00271304418135,0.5721744,2026-04-06T14:18:43
331.765976,-68.214184,0.00271327338534,0.5708689,2026-04-06T14:19:43
332.318596,-68.292468,0.00271350206556,0.5695623,2026-04-06T14:20:43
332.874565,-68.369323,0.00271373022155,0.5682546,2026-04-06T14:21:43
333.433856,-68.444733,0.00271395785288,0.5669458,2026-04-06T14:22:43
333.996441,-68.518683,0.00271418495911,0.565636,2026-04-06T14:23:43
334.562289,-68.591156,0.00271441153985,0.5643251,2026-04-06T14:24:43
335.131367,-68.662137,0.00271463759467,0.5630132,2026-04-06T14:25:43
335.70364,-68.731611,0.00271486312318,0.5617004,2026-04-06T14:26:43
336.279069,-68.799562,0.00271508812497,0.5603865,2026-04-06T14:27:43
336.857615,-68.865975,0.00271531259966,0.5590718,2026-04-06T14:28:43
337.439235,-68.930836,0.00271553654689,0.557756,2026-04-06T14:29:43
338.023884,-68.994128,0.00271575996629,0.5564394,2026-04-06T14:30:43
338.611515,-69.055838,0.00271598285748,0.5551219,2026-04-06T14:31:43
339.202078,-69.115951,0.00271620522011,0.5538035,2026-04-06T14:32:43
339.795521,-69.174452,0.00271642705385,0.5524843,2026-04-06T14:33:43
340.39179,-69.231328,0.00271664835837,0.5511643,2026-04-06T14:34:43
340.990828,-69.286565,0.00271686913334,0.5498434,2026-04-06T14:35:43
341.592575,-69.34015,0.00271708937842,0.5485218,2026-04-06T14:36:43
342.196969,-69.392068,0.00271730909331,0.5471994,2026-04-06T14:37:43
342.803947,-69.442307,0.00271752827774,0.5458762,2026-04-06T14:38:43
343.413442,-69.490854,0.00271774693135,0.5445524,2026-04-06T14:39:43
344.025385,-69.537696,0.00271796505392,0.5432278,2026-04-06T14:40:43
344.639705,-69.582823,0.00271818264514,0.5419026,2026-04-06T14:41:43
345.256328,-69.626221,0.00271839970475,0.5405767,2026-04-06T14:42:43
345.87518,-69.66788,0.00271861623247,0.5392501,2026-04-06T14:43:43
346.496181,-69.707788,0.00271883222808,0.5379229,2026-04-06T14:44:43
347.119253,-69.745934,0.00271904769134,0.5365953,2026-04-06T14:45:43
347.744312,-69.782309,0.00271926262204,0.535267,2026-04-06T14:46:43
348.371276,-69.816903,0.00271947701988,0.5339381,2026-04-06T14:47:43
349.000058,-69.849706,0.00271969088468,0.5326086,2026-04-06T14:48:43
349.630569,-69.880708,0.0027199042162,0.5312787,2026-04-06T14:49:43
350.262721,-69.909902,0.00272011701429,0.5299484,2026-04-06T14:50:43
350.896421,-69.93728,0.00272032927876,0.5286174,2026-04-06T14:51:43
351.531577,-69.962833,0.00272054100935,0.5272861,2026-04-06T14:52:43
352.168093,-69.986554,0.00272075220594,0.5259543,2026-04-06T14:53:43
352.805875,-70.008436,0.00272096286833,0.524622,2026-04-06T14:54:43
353.444823,-70.028474,0.00272117299638,0.5232894,2026-04-06T14:55:43
354.084839,-70.046662,0.0027213825899,0.5219564,2026-04-06T14:56:43
354.725823,-70.062994,0.00272159164875,0.5206231,2026-04-06T14:57:43
355.367674,-70.077465,0.00272180017284,0.5192894,2026-04-06T14:58:43
356.01029,-70.090072,0.00272200816197,0.5179554,2026-04-06T14:59:43
356.653567,-70.10081,0.00272221561607,0.5166211,2026-04-06T15:00:43
357.297403,-70.109677,0.00272242253499,0.5152865,2026-04-06T15:01:43
357.941692,-70.11667,0.00272262891866,0.5139517,2026-04-06T15:02:43
358.586329,-70.121786,0.00272283476698,0.5126167,2026-04-06T15:03:43
359.23121,-70.125025,0.00272304007982,0.5112814,2026-04-06T15:04:43
359.876229,-70.126385,0.00272324485718,0.5099461,2026-04-06T15:05:43
0.52128,-70.125865,0.00272344909896,0.5086105,2026-04-06T15:06:43
1.166257,-70.123466,0.00272365280509,0.5072748,2026-04-06T15:07:43
1.811055,-70.119189,0.00272385597547,0.5059389,2026-04-06T15:08:43
2.455568,-70.113034,0.00272405861009,0.5046029,2026-04-06T15:09:43
3.099691,-70.105004,0.00272426070889,0.5032668,2026-04-06T15:10:43
3.743319,-70.095099,0.00272446227184,0.5019306,2026-04-06T15:11:43
4.386349,-70.083325,0.00272466329893,0.5005944,2026-04-06T15:12:43
5.028676,-70.069682,0.00272486379011,0.4992581,2026-04-06T15:13:43
5.670199,-70.054177,0.00272506374542,0.4979219,2026-04-06T15:14:43
6.310815,-70.036812,0.00272526316485,0.4965856,2026-04-06T15:15:43
6.950423,-70.017593,0.00272546204836,0.4952494,2026-04-06T15:16:43
7.588925,-69.996525,0.00272566039602,0.4939132,2026-04-06T15:17:43
8.226221,-69.973613,0.00272585820783,0.4925771,2026-04-06T15:18:43
8.862215,-69.948866,0.00272605548383,0.4912411,2026-04-06T15:19:43
9.496811,-69.922288,0.00272625222407,0.4899054,2026-04-06T15:20:43
10.129915,-69.893888,0.00272644842864,0.4885696,2026-04-06T15:21:43
10.761434,-69.863674,0.00272664409754,0.487234,2026-04-06T15:22:43
11.391278,-69.831653,0.00272683923083,0.4858986,2026-04-06T15:23:43
12.019357,-69.797835,0.00272703382859,0.4845633,2026-04-06T15:24:43
12.645585,-69.762228,0.00272722789088,0.4832283,2026-04-06T15:25:43
13.269877,-69.724843,0.00272742141783,0.4818934,2026-04-06T15:26:43
13.892148,-69.685688,0.00272761440949,0.4805589,2026-04-06T15:27:43
14.512318,-69.644775,0.00272780686601,0.4792246,2026-04-06T15:28:43
15.130308,-69.602115,0.00272799878745,0.4778905,2026-04-06T15:29:43
15.74604,-69.557717,0.00272819017396,0.4765568,2026-04-06T15:30:43
16.359441,-69.511595,0.00272838102567,0.4752235,2026-04-06T15:31:43
16.970437,-69.46376,0.00272857134271,0.4738904,2026-04-06T15:32:43
17.578958,-69.414223,0.00272876112521,0.4725578,2026-04-06T15:33:43
18.184937,-69.362998,0.00272895037333,0.4712255,2026-04-06T15:34:43
18.788309,-69.310097,0.00272913908726,0.4698937,2026-04-06T15:35:43
19.389009,-69.255534,0.00272932726716,0.4685623,2026-04-06T15:36:43
19.986977,-69.199321,0.00272951491318,0.4672312,2026-04-06T15:37:43
20.582154,-69.141472,0.00272970202548,0.4659006,2026-04-06T15:38:43
21.174486,-69.082002,0.00272988860426,0.4645706,2026-04-06T15:39:43
21.763918,-69.020924,0.00273007464972,0.463241,2026-04-06T15:40:43
22.3504,-68.958252,0.00273026016205,0.4619119,2026-04-06T15:41:43
22.933882,-68.894002,0.00273044514149,0.4605834,2026-04-06T15:42:43
23.514318,-68.828188,0.00273062958825,0.4592554,2026-04-06T15:43:43
24.091664,-68.760824,0.00273081350254,0.457928,2026-04-06T15:44:43
24.66588,-68.691926,0.00273099688462,0.4566012,2026-04-06T15:45:43
25.236925,-68.621509,0.00273117973469,0.455275,2026-04-06T15:46:43
25.804763,-68.549589,0.00273136205306,0.4539494,2026-04-06T15:47:43
26.36936,-68.47618,0.00273154383994,0.4526245,2026-04-06T15:48:43
26.930683,-68.401299,0.00273172509562,0.4513003,2026-04-06T15:49:43
27.488702,-68.32496,0.00273190582039,0.4499769,2026-04-06T15:50:43
28.04339,-68.247181,0.00273208601451,0.448654,2026-04-06T15:51:43
28.594721,-68.167976,0.00273226567828,0.4473319,2026-04-06T15:52:43
29.142672,-68.087362,0.002732444812,0.4460106,2026-04-06T15:53:43
29.687222,-68.005354,0.00273262341592,0.44469,2026-04-06T15:54:43
30.22835,-67.921969,0.0027328014904,0.4433702,2026-04-06T15:55:43
30.766041,-67.837222,0.00273297903571,0.4420511,2026-04-06T15:56:43
31.300279,-67.75113,0.00273315605222,0.440733,2026-04-06T15:57:43
31.83105,-67.663709,0.00273333254026,0.4394156,2026-04-06T15:58:43
32.358344,-67.574974,0.00273350850013,0.4380991,2026-04-06T15:59:43
32.882151,-67.484942,0.00273368393222,0.4367835,2026-04-06T16:00:43
33.402462,-67.393628,0.00273385883686,0.4354687,2026-04-06T16:01:43
33.919273,-67.301049,0.00273403321441,0.4341549,2026-04-06T16:02:43
34.432579,-67.207221,0.00273420706524,0.432842,2026-04-06T16:03:43
34.942377,-67.112159,0.00273438038973,0.43153,2026-04-06T16:04:43
35.448666,-67.01588,0.00273455318829,0.4302191,2026-04-06T16:05:43
35.951447,-66.918399,0.0027347254613,0.4289091,2026-04-06T16:06:43
36.450721,-66.819732,0.00273489720914,0.4276001,2026-04-06T16:07:43
36.946493,-66.719894,0.0027350684322,0.4262921,2026-04-06T16:08:43
37.438766,-66.618902,0.00273523913092,0.4249851,2026-04-06T16:09:43
37.927547,-66.51677,0.00273540930567,0.4236792,2026-04-06T16:10:43
38.412844,-66.413515,0.00273557895693,0.4223743,2026-04-06T16:11:43
38.894665,-66.309151,0.00273574808509,0.4210706,2026-04-06T16:12:43
39.37302,-66.203693,0.00273591669061,0.4197679,2026-04-06T16:13:43
39.847919,-66.097157,0.00273608477394,0.4184663,2026-04-06T16:14:43
40.319376,-65.989558,0.0027362523355,0.4171659,2026-04-06T16:15:43
40.787403,-65.88091,0.00273641937579,0.4158667,2026-04-06T16:16:43
41.252014,-65.771228,0.00273658589524,0.4145686,2026-04-06T16:17:43
41.713224,-65.660528,0.00273675189435,0.4132717,2026-04-06T16:18:43
42.171049,-65.548823,0.00273691737359,0.411976,2026-04-06T16:19:43
42.625507,-65.436128,0.00273708233345,0.4106816,2026-04-06T16:20:43
43.076614,-65.322456,0.00273724677445,0.4093883,2026-04-06T16:21:43
43.52439,-65.207823,0.00273741069706,0.4080963,2026-04-06T16:22:43
43.968853,-65.092242,0.00273757410177,0.4068056,2026-04-06T16:23:43
44.410023,-64.975728,0.0027377369891,0.4055162,2026-04-06T16:24:43
44.84792,-64.858292,0.00273789935957,0.404228,2026-04-06T16:25:43
45.282567,-64.73995,0.00273806121372,0.4029412,2026-04-06T16:26:43
45.713984,-64.620715,0.00273822255205,0.4016557,2026-04-06T16:27:43
46.142194,-64.5006,0.00273838337513,0.4003716,2026-04-06T16:28:43
46.567219,-64.379617,0.0027385436835,0.3990888,2026-04-06T16:29:43
46.989083,-64.257781,0.00273870347769,0.3978074,2026-04-06T16:30:43
47.40781,-64.135103,0.00273886275826,0.3965274,2026-04-06T16:31:43
47.823422,-64.011597,0.00273902152581,0.3952489,2026-04-06T16:32:43
48.235946,-63.887275,0.00273917978085,0.3939717,2026-04-06T16:33:43
48.645406,-63.76215,0.00273933752401,0.392696,2026-04-06T16:34:43
49.051826,-63.636232,0.00273949475587,0.3914219,2026-04-06T16:35:43
49.455232,-63.509536,0.00273965147701,0.3901491,2026-04-06T16:36:43
49.855651,-63.382072,0.00273980768801,0.3888778,2026-04-06T16:37:43
50.253107,-63.253853,0.00273996338947,0.387608,2026-04-06T16:38:43
50.647627,-63.124889,0.00274011858199,0.3863397,2026-04-06T16:39:43
51.039237,-62.995194,0.0027402732662,0.385073,2026-04-06T16:40:43
51.427964,-62.864776,0.00274042744272,0.3838078,2026-04-06T16:41:43
51.813834,-62.733649,0.00274058111212,0.3825442,2026-04-06T16:42:43
52.196875,-62.601823,0.0027407342751,0.3812821,2026-04-06T16:43:43
52.577112,-62.469309,0.00274088693225,0.3800217,2026-04-06T16:44:43
52.954573,-62.336117,0.00274103908423,0.3787628,2026-04-06T16:45:43
53.329285,-62.202258,0.00274119073169,0.3775056,2026-04-06T16:46:43
53.701275,-62.067743,0.00274134187525,0.37625,2026-04-06T16:47:43
54.07057,-61.932582,0.00274149251559,0.374996,2026-04-06T16:48:43
54.437197,-61.796785,0.00274164265339,0.3737437,2026-04-06T16:49:43
54.801183,-61.660362,0.00274179228931,0.3724933,2026-04-06T16:50:43
55.162555,-61.523323,0.00274194142418,0.3712448,2026-04-06T16:51:43
55.52134,-61.385678,0.0027420900587,0.369998,2026-04-06T16:52:43
55.877566,-61.247436,0.00274223819355,0.368753,2026-04-06T16:53:43
56.231259,-61.108607,0.00274238582943,0.3675096,2026-04-06T16:54:43
56.582446,-60.9692,0.00274253296702,0.3662681,2026-04-06T16:55:43
56.931153,-60.829224,0.00274267960703,0.3650282,2026-04-06T16:56:43
57.277408,-60.688689,0.00274282575015,0.3637901,2026-04-06T16:57:43
57.621238,-60.547603,0.00274297139712,0.3625537,2026-04-06T16:58:43
57.962668,-60.405975,0.00274311654849,0.3613187,2026-04-06T16:59:43
58.301725,-60.263813,0.00274326120495,0.3600855,2026-04-06T17:00:43
58.638435,-60.121127,0.00274340536719,0.3588542,2026-04-06T17:01:43
58.972824,-59.977925,0.00274354903599,0.3576246,2026-04-06T17:02:43
59.304919,-59.834215,0.00274369221204,0.3563969,2026-04-06T17:03:43
59.634745,-59.690004,0.00274383489611,0.355171,2026-04-06T17:04:43
59.962328,-59.545303,0.00274397708896,0.3539471,2026-04-06T17:05:43
60.287694,-59.400117,0.00274411879132,0.352725,2026-04-06T17:06:43
60.610867,-59.254455,0.00274426000394,0.3515048,2026-04-06T17:07:43
60.931873,-59.108325,0.00274440072756,0.3502864,2026-04-06T17:08:43
61.250736,-58.961734,0.00274454096295,0.3490699,2026-04-06T17:09:43
61.567482,-58.814691,0.00274468071088,0.3478554,2026-04-06T17:10:43
61.882136,-58.667201,0.00274481997211,0.3466428,2026-04-06T17:11:43
62.194721,-58.519273,0.00274495874741,0.3454321,2026-04-06T17:12:43
62.505262,-58.370913,0.00274509703758,0.3442234,2026-04-06T17:13:43
62.813783,-58.222129,0.00274523484338,0.3430166,2026-04-06T17:14:43
63.120308,-58.072927,0.0027453721656,0.3418118,2026-04-06T17:15:43
63.42486,-57.923315,0.00274550900504,0.3406089,2026-04-06T17:16:43
63.727463,-57.773299,0.00274564536251,0.3394081,2026-04-06T17:17:43
64.02814,-57.622885,0.00274578123876,0.3382092,2026-04-06T17:18:43
64.326915,-57.472081,0.00274591663462,0.3370124,2026-04-06T17:19:43
64.623808,-57.320893,0.00274605155091,0.3358176,2026-04-06T17:20:43
64.918845,-57.169327,0.00274618598846,0.3346248,2026-04-06T17:21:43
65.212046,-57.017389,0.00274631994802,0.333434,2026-04-06T17:22:43
65.503434,-56.865086,0.00274645343043,0.3322452,2026-04-06T17:23:43
65.793031,-56.712423,0.0027465864365,0.3310585,2026-04-06T17:24:43
66.080859,-56.559407,0.00274671896708,0.3298738,2026-04-06T17:25:43
66.366939,-56.406043,0.00274685102295,0.3286912,2026-04-06T17:26:43
66.651292,-56.252338,0.00274698260496,0.3275107,2026-04-06T17:27:43
66.93394,-56.098296,0.00274711371394,0.3263322,2026-04-06T17:28:43
67.214903,-55.943925,0.00274724435072,0.3251558,2026-04-06T17:29:43
67.494203,-55.789228,0.00274737451614,0.3239815,2026-04-06T17:30:43
67.771858,-55.634212,0.00274750421105,0.3228093,2026-04-06T17:31:43
68.047891,-55.478882,0.00274763343627,0.3216392,2026-04-06T17:32:43
68.32232,-55.323243,0.00274776219265,0.3204712,2026-04-06T17:33:43
68.595165,-55.167301,0.00274789048105,0.3193053,2026-04-06T17:34:43
68.866446,-55.011061,0.00274801830232,0.3181417,2026-04-06T17:35:43
69.136183,-54.854528,0.00274814565733,0.31698,2026-04-06T17:36:43
69.404394,-54.697706,0.00274827254688,0.3158205,2026-04-06T17:37:43
69.671099,-54.540602,0.00274839897188,0.3146632,2026-04-06T17:38:43
69.936316,-54.383218,0.00274852493315,0.313508,2026-04-06T17:39:43
70.200063,-54.225562,0.00274865043156,0.3123549,2026-04-06T17:40:43
70.46236,-54.067637,0.00274877546796,0.3112039,2026-04-06T17:41:43
70.723223,-53.909447,0.00274890004323,0.3100552,2026-04-06T17:42:43
70.982672,-53.750998,0.00274902415821,0.3089086,2026-04-06T17:43:43
71.240723,-53.592294,0.00274914781381,0.3077641,2026-04-06T17:44:43
71.497394,-53.43334,0.00274927101085,0.3066218,2026-04-06T17:45:43
71.752703,-53.274139,0.00274939375022,0.3054817,2026-04-06T17:46:43
72.006666,-53.114697,0.00274951603278,0.3043437,2026-04-06T17:47:43
72.2593,-52.955017,0.00274963785942,0.303208,2026-04-06T17:48:43
72.510623,-52.795104,0.00274975923101,0.3020744,2026-04-06T17:49:43
72.76065,-52.634962,0.00274988014843,0.300943,2026-04-06T17:50:43
73.009398,-52.474595,0.00275000061256,0.2998138,2026-04-06T17:51:43
73.256883,-52.314008,0.00275012062424,0.2986867,2026-04-06T17:52:43
73.503121,-52.153203,0.00275024018438,0.2975618,2026-04-06T17:53:43
73.748128,-51.992185,0.00275035929381,0.2964391,2026-04-06T17:54:43
73.991919,-51.830959,0.00275047795346,0.2953186,2026-04-06T17:55:43
74.234509,-51.669527,0.00275059616415,0.2942003,2026-04-06T17:56:43
74.475915,-51.507893,0.00275071392678,0.2930841,2026-04-06T17:57:43
74.71615,-51.346062,0.00275083124223,0.2919702,2026-04-06T17:58:43
74.95523,-51.184038,0.00275094811137,0.2908584,2026-04-06T17:59:43
75.193169,-51.021822,0.00275106453507,0.2897488,2026-04-06T18:00:43
75.429981,-50.85942,0.00275118051422,0.2886414,2026-04-06T18:01:43
75.665682,-50.696835,0.00275129604968,0.2875361,2026-04-06T18:02:43
75.900285,-50.53407,0.00275141114232,0.2864331,2026-04-06T18:03:43
76.133804,-50.371129,0.00275152579303,0.2853322,2026-04-06T18:04:43
76.366254,-50.208015,0.00275164000269,0.2842335,2026-04-06T18:05:43
76.597647,-50.044732,0.00275175377216,0.2831369,2026-04-06T18:06:43
76.827997,-49.881282,0.00275186710226,0.2820424,2026-04-06T18:07:43
77.057317,-49.71767,0.00275197999383,0.28095,2026-04-06T18:08:43
77.285621,-49.553898,0.00275209244775,0.2798598,2026-04-06T18:09:43
77.512922,-49.38997,0.00275220446491,0.2787717,2026-04-06T18:10:43
77.739232,-49.225888,0.0027523160461,0.2776858,2026-04-06T18:11:43
77.964564,-49.061656,0.00275242719226,0.2766021,2026-04-06T18:12:43
78.188931,-48.897277,0.00275253790421,0.2755205,2026-04-06T18:13:43
78.412345,-48.732754,0.0027526481828,0.274441,2026-04-06T18:14:43
78.634818,-48.568091,0.0027527580289,0.2733636,2026-04-06T18:15:43
78.856363,-48.403289,0.00275286744335,0.2722883,2026-04-06T18:16:43
79.076991,-48.238352,0.00275297642702,0.2712152,2026-04-06T18:17:43
79.296715,-48.073282,0.00275308498074,0.2701442,2026-04-06T18:18:43
79.515545,-47.908084,0.00275319310534,0.2690752,2026-04-06T18:19:43
79.733493,-47.742759,0.00275330080164,0.2680082,2026-04-06T18:20:43
79.950571,-47.57731,0.00275340807046,0.2669434,2026-04-06T18:21:43
80.166791,-47.411741,0.00275351491269,0.2658807,2026-04-06T18:22:43
80.382162,-47.246053,0.00275362132915,0.2648201,2026-04-06T18:23:43
80.596697,-47.08025,0.00275372732065,0.2637615,2026-04-06T18:24:43
80.810406,-46.914334,0.00275383288802,0.262705,2026-04-06T18:25:43
81.023299,-46.748307,0.0027539380321,0.2616505,2026-04-06T18:26:43
81.235388,-46.582173,0.00275404275368,0.260598,2026-04-06T18:27:43
81.446683,-46.415935,0.00275414705356,0.2595475,2026-04-06T18:28:43
81.657194,-46.249593,0.00275425093255,0.258499,2026-04-06T18:29:43
81.866932,-46.083152,0.00275435439145,0.2574525,2026-04-06T18:30:43
82.075906,-45.916613,0.00275445743107,0.2564079,2026-04-06T18:31:43
82.284127,-45.74998,0.00275456005215,0.2553653,2026-04-06T18:32:43
82.491604,-45.583254,0.0027546622555,0.2543247,2026-04-06T18:33:43
82.698348,-45.416438,0.00275476404191,0.253286,2026-04-06T18:34:43
82.904367,-45.249534,0.00275486541209,0.2522489,2026-04-06T18:35:43
83.109672,-45.082545,0.00275496636678,0.251214,2026-04-06T18:36:43
83.314273,-44.915473,0.0027550669068,0.250181,2026-04-06T18:37:43
83.518177,-44.74832,0.00275516703291,0.2491498,2026-04-06T18:38:43
83.721395,-44.581089,0.00275526674585,0.2481204,2026-04-06T18:39:43
83.923935,-44.413782,0.00275536604632,0.2470929,2026-04-06T18:40:43
84.125807,-44.246401,0.00275546493509,0.2460672,2026-04-06T18:41:43
84.32702,-44.078949,0.00275556341286,0.2450433,2026-04-06T18:42:43
84.527582,-43.911427,0.00275566148036,0.2440211,2026-04-06T18:43:43
84.727502,-43.743838,0.00275575913826,0.2430007,2026-04-06T18:44:43
84.926789,-43.576184,0.00275585638728,0.241982,2026-04-06T18:45:43
85.125451,-43.408467,0.00275595322809,0.240965,2026-04-06T18:46:43
85.323496,-43.240689,0.00275604966141,0.2399497,2026-04-06T18:47:43
85.520934,-43.072852,0.00275614568786,0.238936,2026-04-06T18:48:43
85.717771,-42.904959,0.00275624130811,0.237924,2026-04-06T18:49:43
85.914017,-42.737012,0.0027563365228,0.2369134,2026-04-06T18:50:43
86.10968,-42.569012,0.00275643133254,0.2359045,2026-04-06T18:51:43
86.304766,-42.400961,0.00275652573801,0.2348973,2026-04-06T18:52:43
86.499285,-42.232862,0.00275661973982,0.2338915,2026-04-06T18:53:43
86.693244,-42.064716,0.00275671333862,0.2328873,2026-04-06T18:54:43
86.88665,-41.896526,0.00275680653494,0.2318845,2026-04-06T18:55:43
87.079512,-41.728294,0.00275689932943,0.2308832,2026-04-06T18:56:43
87.271836,-41.560021,0.00275699172263,0.2298833,2026-04-06T18:57:43
87.463631,-41.391709,0.00275708371512,0.2288848,2026-04-06T18:58:43
87.654903,-41.22336,0.00275717530745,0.2278877,2026-04-06T18:59:43
87.84566,-41.054976,0.00275726650014,0.2268919,2026-04-06T19:00:43
88.03591,-40.88656,0.00275735729373,0.2258974,2026-04-06T19:01:43
88.225658,-40.718112,0.00275744768875,0.2249041,2026-04-06T19:02:43
88.414913,-40.549635,0.00275753768567,0.2239121,2026-04-06T19:03:43
88.603681,-40.381131,0.00275762728499,0.2229213,2026-04-06T19:04:43
88.79197,-40.212601,0.00275771648714,0.2219314,2026-04-06T19:05:43
88.979785,-40.044047,0.00275780529259,0.2209429,2026-04-06T19:06:43
89.167134,-39.87547,0.00275789370181,0.2199554,2026-04-06T19:07:43
89.354023,-39.706874,0.00275798171521,0.218969,2026-04-06T19:08:43
89.54046,-39.538259,0.00275806933323,0.2179836,2026-04-06T19:09:43
89.72645,-39.369627,0.00275815655627,0.2169992,2026-04-06T19:10:43
89.912001,-39.20098,0.0027582433847,0.2160157,2026-04-06T19:11:43
90.097117,-39.03232,0.00275832981888,0.215033,2026-04-06T19:12:43
90.281807,-38.863649,0.00275841585916,0.2140513,2026-04-06T19:13:43
90.466076,-38.694967,0.00275850150586,0.2130703,2026-04-06T19:14:43
90.64993,-38.526277,0.00275858675934,0.2120901,2026-04-06T19:15:43
90.833376,-38.35758,0.00275867161982,0.2111106,2026-04-06T19:16:43
91.016419,-38.188879,0.00275875608764,0.2101318,2026-04-06T19:17:43
91.199067,-38.020174,0.00275884016302,0.2091535,2026-04-06T19:18:43
91.381323,-37.851468,0.0027589238462,0.2081759,2026-04-06T19:19:43
91.563195,-37.682762,0.0027590071374,0.2071986,2026-04-06T19:20:43
91.744689,-37.514057,0.00275909003678,0.2062219,2026-04-06T19:21:43
91.92581,-37.345356,0.00275917254454,0.2052457,2026-04-06T19:22:43
92.106563,-37.176659,0.0027592546609,0.2042698,2026-04-06T19:23:43
92.286956,-37.007969,0.00275933638595,0.2032943,2026-04-06T19:24:43
92.466992,-36.839287,0.00275941771979,0.202319,2026-04-06T19:25:43
92.646678,-36.670614,0.00275949866256,0.2013439,2026-04-06T19:26:43
92.82602,-36.501953,0.0027595792143,0.2003689,2026-04-06T19:27:43
93.005022,-36.333305,0.00275965937507,0.199394,2026-04-06T19:28:43
93.183691,-36.16467,0.00275973914487,0.1984192,2026-04-06T19:29:43
93.362031,-35.996052,0.00275981852371,0.1974443,2026-04-06T19:30:43
93.540048,-35.827451,0.00275989751158,0.1964693,2026-04-06T19:31:43
93.717747,-35.658868,0.00275997610841,0.1954942,2026-04-06T19:32:43
93.895133,-35.490307,0.00276005431412,0.1945188,2026-04-06T19:33:43
94.072212,-35.321767,0.00276013212864,0.1935432,2026-04-06T19:34:43
94.248988,-35.15325,0.00276020955177,0.192567,2026-04-06T19:35:43
94.425467,-34.984758,0.00276028658335,0.1915906,2026-04-06T19:36:43
94.601654,-34.816293,0.00276036322325,0.1906137,2026-04-06T19:37:43
94.777553,-34.647855,0.00276043947126,0.1896362,2026-04-06T19:38:43
94.95317,-34.479447,0.00276051532714,0.1886581,2026-04-06T19:39:43
95.128509,-34.31107,0.00276059079061,0.1876792,2026-04-06T19:40:43
95.303575,-34.142724,0.00276066586135,0.1866996,2026-04-06T19:41:43
95.478374,-33.974413,0.00276074053908,0.1857191,2026-04-06T19:42:43
95.652909,-33.806136,0.00276081482339,0.1847377,2026-04-06T19:43:43
95.827186,-33.637897,0.00276088871392,0.1837553,2026-04-06T19:44:43
96.001209,-33.469695,0.00276096221022,0.1827717,2026-04-06T19:45:43
96.174983,-33.301532,0.00276103531184,0.181787,2026-04-06T19:46:43
96.348512,-33.133411,0.0027611080183,0.180801,2026-04-06T19:47:43
96.521801,-32.965332,0.00276118032905,0.1798136,2026-04-06T19:48:43
96.694854,-32.797296,0.00276125224355,0.1788248,2026-04-06T19:49:43
96.867676,-32.629306,0.00276132376117,0.1778343,2026-04-06T19:50:43
97.040272,-32.461362,0.00276139488125,0.1768423,2026-04-06T19:51:43
97.212645,-32.293465,0.00276146560318,0.1758487,2026-04-06T19:52:43
97.384801,-32.125619,0.00276153592624,0.1748532,2026-04-06T19:53:43
97.556742,-31.957823,0.00276160584972,0.1738558,2026-04-06T19:54:43
97.728475,-31.790078,0.00276167537279,0.1728564,2026-04-06T19:55:43
97.900002,-31.622388,0.00276174449464,0.1718549,2026-04-06T19:56:43
98.071328,-31.454752,0.00276181321444,0.1708513,2026-04-06T19:57:43
98.242458,-31.287172,0.00276188153124,0.1698453,2026-04-06T19:58:43
98.413395,-31.11965,0.0027619494441,0.1688369,2026-04-06T19:59:43
98.584143,-30.952187,0.00276201695208,0.1678259,2026-04-06T20:00:43
98.754707,-30.784784,0.0027620840541,0.1668124,2026-04-06T20:01:43
98.925091,-30.617443,0.0027621507491,0.1657961,2026-04-06T20:02:43
99.095298,-30.450165,0.00276221703595,0.164777,2026-04-06T20:03:43
99.265333,-30.282951,0.00276228291352,0.1637549,2026-04-06T20:04:43
99.435199,-30.115803,0.00276234838053,0.1627295,2026-04-06T20:05:43
99.604901,-29.948722,0.00276241343571,0.1617011,2026-04-06T20:06:43
99.774442,-29.781709,0.00276247807783,0.1606694,2026-04-06T20:07:43
99.943826,-29.614766,0.0027625423055,0.1596343,2026-04-06T20:08:43
100.113057,-29.447894,0.00276260611733,0.1585956,2026-04-06T20:09:43
100.282139,-29.281095,0.00276266951185,0.1575532,2026-04-06T20:10:43
100.451076,-29.114369,0.00276273248759,0.156507,2026-04-06T20:11:43
100.619871,-28.947719,0.00276279504294,0.1554568,2026-04-06T20:12:43
100.788527,-28.781144,0.00276285717633,0.1544026,2026-04-06T20:13:43
100.95705,-28.614648,0.00276291888605,0.1533441,2026-04-06T20:14:43
101.125442,-28.44823,0.00276298017044,0.1522812,2026-04-06T20:15:43
101.293706,-28.281893,0.00276304102767,0.1512139,2026-04-06T20:16:43
101.461847,-28.115638,0.00276310145593,0.1501419,2026-04-06T20:17:43
101.629869,-27.949465,0.00276316145332,0.1490651,2026-04-06T20:18:43
101.797774,-27.783377,0.00276322101791,0.1479834,2026-04-06T20:19:43
101.965566,-27.617375,0.00276328014762,0.1468965,2026-04-06T20:20:43
102.133249,-27.451459,0.00276333884044,0.1458045,2026-04-06T20:21:43
102.300826,-27.285632,0.00276339709421,0.144707,2026-04-06T20:22:43
102.4683,-27.119895,0.00276345490676,0.1436041,2026-04-06T20:23:43
102.635676,-26.954248,0.00276351227584,0.1424954,2026-04-06T20:24:43
102.802955,-26.788693,0.0027635691991,0.1413808,2026-04-06T20:25:43
102.970143,-26.623233,0.0027636256742,0.1402602,2026-04-06T20:26:43
103.137242,-26.457867,0.00276368169865,0.1391335,2026-04-06T20:27:43
103.304255,-26.292597,0.00276373726996,0.1380003,2026-04-06T20:28:43
103.471186,-26.127424,0.0027637923855,0.1368606,2026-04-06T20:29:43
103.638038,-25.962351,0.00276384704263,0.1357142,2026-04-06T20:30:43
103.804814,-25.797377,0.00276390123862,0.1345609,2026-04-06T20:31:43
103.971518,-25.632505,0.00276395497067,0.1334005,2026-04-06T20:32:43
104.138152,-25.467736,0.00276400823591,0.1322328,2026-04-06T20:33:43
104.304721,-25.303071,0.00276406103139,0.1310577,2026-04-06T20:34:43
104.471227,-25.138511,0.00276411335405,0.1298748,2026-04-06T20:35:43
104.637672,-24.974057,0.00276416520079,0.1286843,2026-04-06T20:36:43
104.804062,-24.809712,0.00276421656847,0.1274857,2026-04-06T20:37:43
104.970397,-24.645476,0.00276426745383,0.1262789,2026-04-06T20:38:43
105.136683,-24.481351,0.00276431785353,0.1250637,2026-04-06T20:39:43
105.302921,-24.317337,0.00276436776417,0.1238399,2026-04-06T20:40:43
105.469115,-24.153437,0.00276441718226,0.1226072,2026-04-06T20:41:43
105.635267,-23.989651,0.00276446610418,0.1213656,2026-04-06T20:42:43
105.801381,-23.825981,0.0027645145263,0.1201147,2026-04-06T20:43:43
105.967461,-23.662428,0.00276456244487,0.1188543,2026-04-06T20:44:43
106.133507,-23.498994,0.00276460985603,0.1175843,2026-04-06T20:45:43
106.299525,-23.33568,0.0027646567559,0.1163043,2026-04-06T20:46:43
106.465516,-23.172486,0.00276470314045,0.1150143,2026-04-06T20:47:43
106.631484,-23.009416,0.00276474900557,0.1137139,2026-04-06T20:48:43
106.797432,-22.846469,0.00276479434708,0.112403,2026-04-06T20:49:43
106.963361,-22.683647,0.00276483916066,0.1110812,2026-04-06T20:50:43
107.129276,-22.520952,0.00276488344198,0.1097484,2026-04-06T20:51:43
107.295179,-22.358384,0.00276492718655,0.1084044,2026-04-06T20:52:43
107.461074,-22.195945,0.00276497038982,0.1070489,2026-04-06T20:53:43
107.626961,-22.033637,0.00276501304714,0.1056817,2026-04-06T20:54:43
107.792846,-21.871461,0.00276505515375,0.1043025,2026-04-06T20:55:43
107.95873,-21.709418,0.00276509670479,0.102911,2026-04-06T20:56:43
108.124616,-21.547509,0.00276513769532,0.1015071,2026-04-06T20:57:43
108.290507,-21.385737,0.00276517812026,0.1000905,2026-04-06T20:58:43
108.456405,-21.224101,0.00276521797449,0.0986608,2026-04-06T20:59:43
108.622314,-21.062604,0.00276525725271,0.097218,2026-04-06T21:00:43
108.788236,-20.901247,0.0027652959496,0.0957616,2026-04-06T21:01:43
108.954174,-20.740031,0.00276533405968,0.0942915,2026-04-06T21:02:43
109.12013,-20.578957,0.00276537157737,0.0928073,2026-04-06T21:03:43
109.286108,-20.418028,0.00276540849698,0.0913089,2026-04-06T21:04:43
109.452109,-20.257244,0.00276544481275,0.0897958,2026-04-06T21:05:43
109.618137,-20.096606,0.00276548051876,0.088268,2026-04-06T21:06:43
109.784193,-19.936117,0.00276551560903,0.0867251,2026-04-06T21:07:43
109.950282,-19.775777,0.00276555007743,0.0851668,2026-04-06T21:08:43
110.116404,-19.615588,0.0027655839178,0.0835929,2026-04-06T21:09:43
110.282564,-19.455551,0.00276561712376,0.082003,2026-04-06T21:10:43
110.448763,-19.295667,0.00276564968886,0.0803969,2026-04-06T21:11:43
110.615003,-19.135939,0.00276568160658,0.0787744,2026-04-06T21:12:43
110.781289,-18.976367,0.00276571287023,0.077135,2026-04-06T21:13:43
110.947621,-18.816953,0.00276574347303,0.0754786,2026-04-06T21:14:43
111.114002,-18.657698,0.00276577340809,0.0738049,2026-04-06T21:15:43
111.280436,-18.498603,0.00276580266838,0.0721136,2026-04-06T21:16:43
111.446924,-18.339671,0.00276583124679,0.0704043,2026-04-06T21:17:43
111.613469,-18.180901,0.00276585913609,0.0686769,2026-04-06T21:18:43
111.780074,-18.022297,0.00276588632889,0.0669309,2026-04-06T21:19:43
111.94674,-17.863859,0.00276591281772,0.0651661,2026-04-06T21:20:43
112.113471,-17.705589,0.00276593859499,0.0633823,2026-04-06T21:21:43
112.280268,-17.547487,0.00276596365301,0.0615791,2026-04-06T21:22:43
112.447135,-17.389557,0.00276598798395,0.0597563,2026-04-06T21:23:43
112.614073,-17.231798,0.0027660115799,0.0579136,2026-04-06T21:24:43
112.781085,-17.074213,0.00276603443277,0.0560506,2026-04-06T21:25:43
112.948173,-16.916802,0.00276605653439,0.0541671,2026-04-06T21:26:43
113.115339,-16.759568,0.00276607787652,0.0522628,2026-04-06T21:27:43
113.282587,-16.602512,0.00276609845072,0.0503374,2026-04-06T21:28:43
113.449918,-16.445635,0.00276611824849,0.0483907,2026-04-06T21:29:43
113.617334,-16.288939,0.00276613726119,0.0464223,2026-04-06T21:30:43
113.784838,-16.132425,0.0027661554801,0.0444319,2026-04-06T21:31:43
113.952432,-15.976095,0.00276617289634,0.0424194,2026-04-06T21:32:43
114.120119,-15.81995,0.00276618950098,0.0403843,2026-04-06T21:33:43
114.287901,-15.663992,0.00276620528492,0.0383265,2026-04-06T21:34:43
114.455779,-15.508222,0.00276622023895,0.0362456,2026-04-06T21:35:43
114.623757,-15.352642,0.00276623435381,0.0341415,2026-04-06T21:36:43
114.791836,-15.197253,0.00276624762012,0.0320137,2026-04-06T21:37:43
114.960018,-15.042057,0.00276626002833,0.0298622,2026-04-06T21:38:43
115.128306,-14.887056,0.00276627156885,0.0276866,2026-04-06T21:39:43
115.296703,-14.73225,0.00276628223202,0.0254866,2026-04-06T21:40:43
115.465209,-14.577641,0.00276629200797,0.0232621,2026-04-06T21:41:43
115.633828,-14.423232,0.00276630088683,0.0210127,2026-04-06T21:42:43
115.802562,-14.269023,0.00276630885858,0.0187383,2026-04-06T21:43:43
115.971412,-14.115016,0.00276631591317,0.0164387,2026-04-06T21:44:43
116.14038,-13.961213,0.00276632204037,0.0141135,2026-04-06T21:45:43
116.30947,-13.807615,0.00276632722994,0.0117626,2026-04-06T21:46:43
116.478682,-13.654224,0.00276633147154,0.0093859,2026-04-06T21:47:43
116.64802,-13.501041,0.00276633475471,0.006983,2026-04-06T21:48:43
116.817485,-13.348068,0.00276633706894,0.0045538,2026-04-06T21:49:43
116.987079,-13.195307,0.00276633840366,0.0020981,2026-04-06T21:50:43
117.156804,-13.042759,0.00276633874822,-0.0003842,2026-04-06T21:51:43
117.326662,-12.890427,0.0027663380919,-0.0028934,2026-04-06T21:52:43
117.496656,-12.73831,0.0027663364239,-0.0054295,2026-04-06T21:53:43
117.666787,-12.586412,0.00276633373338,-0.0079927,2026-04-06T21:54:43
117.837057,-12.434733,0.00276633000948,-0.0105831,2026-04-06T21:55:43
118.007468,-12.283276,0.00276632524122,-0.0132008,2026-04-06T21:56:43
118.178023,-12.132042,0.00276631941762,-0.0158461,2026-04-06T21:57:43
118.348723,-11.981033,0.00276631252767,-0.0185188,2026-04-06T21:58:43
118.51957,-11.83025,0.00276630456028,-0.0212192,2026-04-06T21:59:43
118.690567,-11.679696,0.00276629550439,-0.0239472,2026-04-06T22:00:43
118.861714,-11.529371,0.00276628534889,-0.026703,2026-04-06T22:01:43
119.033014,-11.379278,0.00276627408262,-0.0294866,2026-04-06T22:02:43
119.204469,-11.229418,0.00276626169447,-0.0322979,2026-04-06T22:03:43
119.376081,-11.079793,0.00276624817326,-0.035137,2026-04-06T22:04:43
119.547851,-10.930405,0.00276623350791,-0.0380039,2026-04-06T22:05:43
119.719782,-10.781255,0.00276621768722,-0.0408986,2026-04-06T22:06:43
119.891874,-10.632345,0.0027662007001,-0.0438209,2026-04-06T22:07:43
120.064131,-10.483677,0.00276618253546,-0.0467709,2026-04-06T22:08:43
120.236554,-10.335253,0.00276616318221,-0.0497485,2026-04-06T22:09:43
120.409145,-10.187075,0.00276614262935,-0.0527534,2026-04-06T22:10:43
120.581904,-10.039143,0.00276612086586,-0.0557858,2026-04-06T22:11:43
120.754836,-9.891461,0.00276609788083,-0.0588453,2026-04-06T22:12:43
120.92794,-9.74403,0.0027660736634,-0.0619318,2026-04-06T22:13:43
121.101218,-9.596851,0.00276604820271,-0.0650452,2026-04-06T22:14:43
121.274674,-9.449926,0.00276602148809,-0.0681853,2026-04-06T22:15:43
121.448307,-9.303258,0.00276599350886,-0.0713517,2026-04-06T22:16:43
121.62212,-9.156848,0.00276596425451,-0.0745444,2026-04-06T22:17:43
121.796115,-9.010698,0.00276593371452,-0.077763,2026-04-06T22:18:43
121.970293,-8.864809,0.00276590187864,-0.0810072,2026-04-06T22:19:43
122.144656,-8.719184,0.00276586873659,-0.0842766,2026-04-06T22:20:43
122.319205,-8.573825,0.00276583427833,-0.0875712,2026-04-06T22:21:43
122.493943,-8.428733,0.00276579849388,-0.0908903,2026-04-06T22:22:43
122.66887,-8.283911,0.00276576137342,-0.0942337,2026-04-06T22:23:43
122.843988,-8.139359,0.00276572290733,-0.097601,2026-04-06T22:24:43
123.0193,-7.99508,0.00276568308612,-0.1009916,2026-04-06T22:25:43
123.194805,-7.851077,0.00276564190047,-0.1044053,2026-04-06T22:26:43
123.370507,-7.70735,0.00276559934127,-0.1078415,2026-04-06T22:27:43
123.546407,-7.563902,0.00276555539959,-0.1112997,2026-04-06T22:28:43
123.722505,-7.420734,0.00276551006671,-0.1147793,2026-04-06T22:29:43
123.898804,-7.27785,0.00276546333408,-0.11828,2026-04-06T22:30:43
124.075305,-7.135249,0.00276541519346,-0.121801,2026-04-06T22:31:43
124.25201,-6.992935,0.00276536563675,-0.1253419,2026-04-06T22:32:43
124.42892,-6.85091,0.00276531465615,-0.1289019,2026-04-06T22:33:43
124.606036,-6.709175,0.00276526224405,-0.1324806,2026-04-06T22:34:43
124.78336,-6.567733,0.0027652083932,-0.136077,2026-04-06T22:35:43
124.960893,-6.426585,0.00276515309651,-0.1396908,2026-04-06T22:36:43
125.138637,-6.285733,0.00276509634721,-0.1433211,2026-04-06T22:37:43
125.316593,-6.145179,0.00276503813878,-0.1469672,2026-04-06T22:38:43
125.494762,-6.004926,0.00276497846507,-0.1506285,2026-04-06T22:39:43
125.673146,-5.864975,0.00276491732014,-0.154304,2026-04-06T22:40:43
125.851747,-5.725329,0.00276485469842,-0.1579931,2026-04-06T22:41:43
126.030564,-5.585989,0.00276479059464,-0.161695,2026-04-06T22:42:43
126.209601,-5.446957,0.00276472500381,-0.1654088,2026-04-06T22:43:43
126.388857,-5.308236,0.00276465792135,-0.1691337,2026-04-06T22:44:43
126.568335,-5.169827,0.00276458934296,-0.1728688,2026-04-06T22:45:43
126.748036,-5.031732,0.00276451926469,-0.1766134,2026-04-06T22:46:43
126.92796,-4.893954,0.00276444768298,-0.1803664,2026-04-06T22:47:43
127.108109,-4.756495,0.00276437459457,-0.1841271,2026-04-06T22:48:43
127.288485,-4.619356,0.00276429999658,-0.1878945,2026-04-06T22:49:43
127.469088,-4.48254,0.00276422388656,-0.1916675,2026-04-06T22:50:43
127.649919,-4.346049,0.00276414626235,-0.1954456,2026-04-06T22:51:43
127.830981,-4.209884,0.00276406712217,-0.1992275,2026-04-06T22:52:43
128.012273,-4.074049,0.00276398646466,-0.2030124,2026-04-06T22:53:43
128.193797,-3.938544,0.00276390428881,-0.2067993,2026-04-06T22:54:43
128.375555,-3.803372,0.00276382059401,-0.2105872,2026-04-06T22:55:43
128.557547,-3.668536,0.00276373538006,-0.2143752,2026-04-06T22:56:43
128.739775,-3.534036,0.00276364864712,-0.2181622,2026-04-06T22:57:43
128.922239,-3.399876,0.00276356039577,-0.2219473,2026-04-06T22:58:43
129.10494,-3.266058,0.00276347062698,-0.2257295,2026-04-06T22:59:43
129.287881,-3.132582,0.00276337934211,-0.2295078,2026-04-06T23:00:43
129.471061,-2.999452,0.00276328654291,-0.2332813,2026-04-06T23:01:43
129.654481,-2.86667,0.00276319223156,-0.2370488,2026-04-06T23:02:43
129.838143,-2.734238,0.00276309641061,-0.2408095,2026-04-06T23:03:43
130.022048,-2.602157,0.00276299908302,-0.2445623,2026-04-06T23:04:43
130.206197,-2.470431,0.00276290025215,-0.2483061,2026-04-06T23:05:43
130.39059,-2.33906,0.00276279992177,-0.2520402,2026-04-06T23:06:43
130.575229,-2.208047,0.00276269809599,-0.2557635,2026-04-06T23:07:43
130.760114,-2.077395,0.0027625947793,-0.2594751,2026-04-06T23:08:43
130.945247,-1.947105,0.00276248997666,-0.2631739,2026-04-06T23:09:43
131.130628,-1.81718,0.00276238369333,-0.2668591,2026-04-06T23:10:43
131.316258,-1.687621,0.00276227593501,-0.2705296,2026-04-06T23:11:43
131.502139,-1.55843,0.00276216670774,-0.2741845,2026-04-06T23:12:43
131.68827,-1.429611,0.00276205601794,-0.277823,2026-04-06T23:13:43
131.874654,-1.301164,0.00276194387243,-0.2814441,2026-04-06T23:14:43
132.06129,-1.173092,0.00276183027833,-0.2850469,2026-04-06T23:15:43
132.248179,-1.045397,0.00276171524317,-0.2886306,2026-04-06T23:16:43
132.435323,-0.918082,0.00276159877477,-0.2921942,2026-04-06T23:17:43
132.622722,-0.791148,0.00276148088138,-0.295737,2026-04-06T23:18:43
132.810376,-0.664597,0.00276136157149,-0.2992581,2026-04-06T23:19:43
132.998288,-0.538431,0.00276124085403,-0.3027564,2026-04-06T23:20:43
133.186456,-0.412653,0.00276111873817,-0.3062317,2026-04-06T23:21:43
133.374883,-0.287265,0.00276099523338,-0.3096829,2026-04-06T23:22:43
133.563569,-0.162269,0.00276087034947,-0.3131093,2026-04-06T23:23:43
133.752515,-0.037666,0.00276074409653,-0.3165101,2026-04-06T23:24:43
133.94172,0.086541,0.00276061648497,-0.3198846,2026-04-06T23:25:43
134.131187,0.210349,0.00276048752547,-0.3232322,2026-04-06T23:26:43
134.320916,0.333758,0.00276035722896,-0.3265521,2026-04-06T23:27:43
134.510906,0.456764,0.00276022560668,-0.3298437,2026-04-06T23:28:43
134.70116,0.579366,0.00276009267011,-0.3331064,2026-04-06T23:29:43
134.891678,0.701562,0.00275995843094,-0.3363396,2026-04-06T23:30:43
135.082459,0.823349,0.00275982290114,-0.3395427,2026-04-06T23:31:43
135.273506,0.944726,0.00275968609291,-0.3427151,2026-04-06T23:32:43
135.464818,1.06569,0.00275954801863,-0.3458563,2026-04-06T23:33:43
135.656396,1.186239,0.00275940869092,-0.3489658,2026-04-06T23:34:43
135.848241,1.306372,0.00275926812263,-0.352043,2026-04-06T23:35:43
136.040353,1.426086,0.00275912632677,-0.3550877,2026-04-06T23:36:43
136.232732,1.545379,0.0027589833165,-0.3580992,2026-04-06T23:37:43
136.42538,1.664249,0.00275883910515,-0.3610772,2026-04-06T23:38:43
136.618297,1.782695,0.00275869370629,-0.3640213,2026-04-06T23:39:43
136.811483,1.900713,0.00275854713357,-0.3669312,2026-04-06T23:40:43
137.004938,2.018302,0.00275839940083,-0.3698064,2026-04-06T23:41:43
137.198664,2.13546,0.002758250522,-0.3726466,2026-04-06T23:42:43
137.392661,2.252185,0.00275810051117,-0.3754516,2026-04-06T23:43:43
137.586929,2.368475,0.00275794938255,-0.378221,2026-04-06T23:44:43
137.781468,2.484327,0.00275779715041,-0.3809547,2026-04-06T23:45:43
137.976279,2.59974,0.00275764382918,-0.3836523,2026-04-06T23:46:43
138.171363,2.714712,0.00275748943333,-0.3863137,2026-04-06T23:47:43
138.36672,2.829241,0.00275733397746,-0.3889387,2026-04-06T23:48:43
138.56235,2.943324,0.00275717747618,-0.3915271,2026-04-06T23:49:43
138.758253,3.05696,0.00275701994425,-0.3940785,2026-04-06T23:50:43
138.95443,3.170146,0.00275686139644,-0.3965932,2026-04-06T23:51:43
139.150882,3.282881,0.00275670184753,-0.399071,2026-04-06T23:52:43
139.347608,3.395163,0.00275654131235,-0.4015117,2026-04-06T23:53:43
139.544609,3.506989,0.00275637980579,-0.4039152,2026-04-06T23:54:43
139.741885,3.618358,0.00275621734277,-0.4062816,2026-04-06T23:55:43
139.939436,3.729267,0.0027560539382,-0.4086107,2026-04-06T23:56:43
140.137263,3.839715,0.00275588960702,-0.4109026,2026-04-06T23:57:43
140.335367,3.9497,0.00275572436416,-0.4131572,2026-04-06T23:58:43
140.535078,4.061791,0.00275552713307,-0.415894,2026-04-06T23:59:43
140.733744,4.170831,0.00275535990489,-0.4180665,2026-04-07T00:00:43
140.932686,4.279402,0.0027551918129,-0.4202019,2026-04-07T00:01:43
141.131905,4.387501,0.00275502287196,-0.4223002,2026-04-07T00:02:43
141.331401,4.495127,0.00275485309694,-0.4243615,2026-04-07T00:03:43
141.531174,4.602277,0.00275468250268,-0.4263858,2026-04-07T00:04:43
141.731224,4.70895,0.00275451110391,-0.4283734,2026-04-07T00:05:43
141.931551,4.815144,0.00275433891541,-0.4303243,2026-04-07T00:06:43
142.132156,4.920857,0.00275416595183,-0.4322387,2026-04-07T00:07:43
142.333038,5.026086,0.0027539922278,-0.4341167,2026-04-07T00:08:43
142.534198,5.13083,0.00275381775789,-0.4359584,2026-04-07T00:09:43
142.735636,5.235087,0.0027536425566,-0.4377641,2026-04-07T00:10:43
142.937351,5.338855,0.00275346663834,-0.4395339,2026-04-07T00:11:43
143.139343,5.442132,0.00275329001747,-0.4412681,2026-04-07T00:12:43
143.341613,5.544916,0.00275311270829,-0.4429667,2026-04-07T00:13:43
143.544161,5.647205,0.00275293472495,-0.44463,2026-04-07T00:14:43
143.746986,5.748997,0.00275275608156,-0.4462583,2026-04-07T00:15:43
143.950089,5.850291,0.00275257679218,-0.4478517,2026-04-07T00:16:43
144.15347,5.951083,0.00275239687069,-0.4494106,2026-04-07T00:17:43
144.357127,6.051374,0.00275221633095,-0.450935,2026-04-07T00:18:43
144.561062,6.151159,0.00275203518667,-0.4524254,2026-04-07T00:19:43
144.765274,6.250439,0.0027518534515,-0.4538819,2026-04-07T00:20:43
144.969763,6.349209,0.00275167113896,-0.4553048,2026-04-07T00:21:43
145.174529,6.44747,0.00275148826248,-0.4566943,2026-04-07T00:22:43
145.379571,6.545219,0.00275130483535,-0.4580508,2026-04-07T00:23:43
145.58489,6.642453,0.00275112087082,-0.4593745,2026-04-07T00:24:43
145.790485,6.739172,0.00275093638197,-0.4606656,2026-04-07T00:25:43
145.996355,6.835372,0.00275075138175,-0.4619246,2026-04-07T00:26:43
146.202502,6.931053,0.00275056588307,-0.4631516,2026-04-07T00:27:43
146.408923,7.026213,0.00275037989864,-0.4643469,2026-04-07T00:28:43
146.61562,7.120848,0.00275019344113,-0.465511,2026-04-07T00:29:43
146.822592,7.214959,0.00275000652302,-0.4666439,2026-04-07T00:30:43
147.029837,7.308542,0.00274981915671,-0.4677461,2026-04-07T00:31:43
147.237357,7.401596,0.00274963135449,-0.4688179,2026-04-07T00:32:43
147.445151,7.49412,0.0027494431285,-0.4698595,2026-04-07T00:33:43
147.653217,7.58611,0.00274925449078,-0.4708713,2026-04-07T00:34:43
147.861557,7.677566,0.00274906545319,-0.4718536,2026-04-07T00:35:43
148.070169,7.768485,0.00274887602756,-0.4728066,2026-04-07T00:36:43
148.279052,7.858866,0.00274868622552,-0.4737308,2026-04-07T00:37:43
148.488207,7.948707,0.0027484960586,-0.4746263,2026-04-07T00:38:43
148.697633,8.038005,0.00274830553819,-0.4754936,2026-04-07T00:39:43
148.907329,8.12676,0.00274811467561,-0.4763329,2026-04-07T00:40:43
149.117295,8.214969,0.002747923482,-0.4771445,2026-04-07T00:41:43
149.32753,8.302631,0.00274773196835,-0.4779288,2026-04-07T00:42:43
149.538034,8.389743,0.00274754014561,-0.478686,2026-04-07T00:43:43
149.748805,8.476304,0.00274734802454,-0.4794166,2026-04-07T00:44:43
149.959844,8.562313,0.00274715561582,-0.4801207,2026-04-07T00:45:43
150.17115,8.647766,0.00274696292992,-0.4807987,2026-04-07T00:46:43
150.382721,8.732663,0.0027467699773,-0.481451,2026-04-07T00:47:43
150.594558,8.817002,0.00274657676822,-0.4820778,2026-04-07T00:48:43
150.806659,8.900781,0.00274638331283,-0.4826794,2026-04-07T00:49:43
151.019024,8.983998,0.00274618962114,-0.4832561,2026-04-07T00:50:43
151.231651,9.066651,0.00274599570312,-0.4838083,2026-04-07T00:51:43
151.444541,9.148739,0.00274580156852,-0.4843362,2026-04-07T00:52:43
151.657693,9.230259,0.002745607227,-0.4848402,2026-04-07T00:53:43
151.871104,9.311211,0.00274541268813,-0.4853205,2026-04-07T00:54:43
152.084776,9.391592,0.00274521796131,-0.4857775,2026-04-07T00:55:43
152.298706,9.471401,0.00274502305586,-0.4862114,2026-04-07T00:56:43
152.512893,9.550636,0.00274482798095,-0.4866225,2026-04-07T00:57:43
152.727338,9.629295,0.00274463274567,-0.4870112,2026-04-07T00:58:43
152.942038,9.707376,0.00274443735897,-0.4873777,2026-04-07T00:59:43
153.156994,9.784878,0.00274424182969,-0.4877223,2026-04-07T01:00:43
153.372203,9.861799,0.00274404616653,-0.4880454,2026-04-07T01:01:43
153.587665,9.938138,0.0027438503781,-0.4883471,2026-04-07T01:02:43
153.803379,10.013892,0.0027436544729,-0.4886277,2026-04-07T01:03:43
154.019343,10.08906,0.00274345845933,-0.4888876,2026-04-07T01:04:43
154.235557,10.16364,0.00274326234562,-0.4891271,2026-04-07T01:05:43
154.45202,10.237631,0.00274306613995,-0.4893463,2026-04-07T01:06:43
154.668729,10.311031,0.00274286985037,-0.4895456,2026-04-07T01:07:43
154.885685,10.383839,0.00274267348481,-0.4897252,2026-04-07T01:08:43
155.102886,10.456052,0.00274247705109,-0.4898855,2026-04-07T01:09:43
155.32033,10.527669,0.00274228055698,-0.4900266,2026-04-07T01:10:43
155.538017,10.598688,0.00274208401004,-0.4901488,2026-04-07T01:11:43
155.755945,10.669109,0.00274188741783,-0.4902524,2026-04-07T01:12:43
155.974113,10.738928,0.00274169078775,-0.4903377,2026-04-07T01:13:43
156.192519,10.808145,0.00274149412712,-0.4904049,2026-04-07T01:14:43
156.411162,10.876759,0.00274129744312,-0.4904542,2026-04-07T01:15:43
156.630042,10.944766,0.00274110074288,-0.4904859,2026-04-07T01:16:43
156.849155,11.012167,0.00274090403342,-0.4905003,2026-04-07T01:17:43
157.068502,11.078959,0.00274070732161,-0.4904975,2026-04-07T01:18:43
157.28808,11.14514,0.0027405106143,-0.4904779,2026-04-07T01:19:43
157.507889,11.21071,0.00274031391821,-0.4904417,2026-04-07T01:20:43
157.727926,11.275666,0.00274011723994,-0.490389,2026-04-07T01:21:43
157.94819,11.340008,0.00273992058604,-0.4903202,2026-04-07T01:22:43
158.168679,11.403733,0.00273972396294,-0.4902355,2026-04-07T01:23:43
158.389393,11.466841,0.00273952737698,-0.490135,2026-04-07T01:24:43
158.610329,11.529329,0.00273933083443,-0.490019,2026-04-07T01:25:43
158.831486,11.591196,0.00273913434144,-0.4898878,2026-04-07T01:26:43
159.052861,11.652441,0.00273893790411,-0.4897416,2026-04-07T01:27:43
159.274455,11.713062,0.0027387415284,-0.4895805,2026-04-07T01:28:43
159.496264,11.773058,0.00273854522024,-0.4894048,2026-04-07T01:29:43
159.718288,11.832428,0.00273834898542,-0.4892147,2026-04-07T01:30:43
159.940523,11.891169,0.0027381528297,-0.4890104,2026-04-07T01:31:43
160.16297,11.949281,0.00273795675873,-0.4887921,2026-04-07T01:32:43
160.385625,12.006762,0.00273776077806,-0.48856,2026-04-07T01:33:43
160.608488,12.06361,0.0027375648932,-0.4883144,2026-04-07T01:34:43
160.831555,12.119825,0.00273736910955,-0.4880553,2026-04-07T01:35:43
161.054827,12.175405,0.00273717343243,-0.4877831,2026-04-07T01:36:43
161.278299,12.230349,0.00273697786708,-0.4874979,2026-04-07T01:37:43
161.501972,12.284655,0.00273678241873,-0.4871998,2026-04-07T01:38:43
161.725842,12.338322,0.0027365870924,-0.4868892,2026-04-07T01:39:43
161.949908,12.391348,0.00273639189316,-0.4865661,2026-04-07T01:40:43
162.174168,12.443733,0.00273619682597,-0.4862308,2026-04-07T01:41:43
162.39862,12.495475,0.00273600189566,-0.4858834,2026-04-07T01:42:43
162.623262,12.546573,0.00273580710705,-0.4855241,2026-04-07T01:43:43
162.848092,12.597025,0.00273561246488,-0.4851532,2026-04-07T01:44:43
163.073108,12.64683,0.0027354179738,-0.4847707,2026-04-07T01:45:43
163.298307,12.695988,0.00273522363841,-0.4843768,2026-04-07T01:46:43
163.523689,12.744496,0.00273502946321,-0.4839718,2026-04-07T01:47:43
163.74925,12.792354,0.00273483545267,-0.4835557,2026-04-07T01:48:43
163.974988,12.83956,0.00273464161119,-0.4831288,2026-04-07T01:49:43
164.200902,12.886114,0.00273444794307,-0.4826911,2026-04-07T01:50:43
164.426989,12.932013,0.00273425445255,-0.482243,2026-04-07T01:51:43
164.653247,12.977258,0.00273406114387,-0.4817845,2026-04-07T01:52:43
164.879674,13.021846,0.0027338680211,-0.4813158,2026-04-07T01:53:43
165.106268,13.065777,0.00273367508834,-0.480837,2026-04-07T01:54:43
165.333026,13.109049,0.00273348234956,-0.4803483,2026-04-07T01:55:43
165.559946,13.151662,0.00273328980875,-0.4798499,2026-04-07T01:56:43
165.787026,13.193614,0.00273309746977,-0.4793418,2026-04-07T01:57:43
166.014263,13.234905,0.00273290533641,-0.4788243,2026-04-07T01:58:43
166.241656,13.275533,0.00273271341245,-0.4782975,2026-04-07T01:59:43
166.469201,13.315497,0.00273252170162,-0.4777616,2026-04-07T02:00:43
166.696897,13.354796,0.00273233020752,-0.4772166,2026-04-07T02:01:43
166.924741,13.393429,0.00273213893378,-0.4766627,2026-04-07T02:02:43
167.152731,13.431396,0.00273194788392,-0.4761001,2026-04-07T02:03:43
167.380864,13.468695,0.00273175706139,-0.4755289,2026-04-07T02:04:43
167.609138,13.505325,0.00273156646966,-0.4749493,2026-04-07T02:05:43
167.83755,13.541286,0.00273137611208,-0.4743613,2026-04-07T02:06:43
168.066099,13.576576,0.00273118599197,-0.473765,2026-04-07T02:07:43
168.294781,13.611195,0.00273099611258,-0.4731608,2026-04-07T02:08:43
168.523593,13.645141,0.00273080647714,-0.4725485,2026-04-07T02:09:43
168.752534,13.678414,0.00273061708878,-0.4719285,2026-04-07T02:10:43
168.981602,13.711013,0.00273042795066,-0.4713007,2026-04-07T02:11:43
169.210792,13.742938,0.00273023906582,-0.4706654,2026-04-07T02:12:43
169.440103,13.774186,0.00273005043725,-0.4700226,2026-04-07T02:13:43
169.669533,13.804758,0.00272986206794,-0.4693725,2026-04-07T02:14:43
169.899078,13.834653,0.00272967396079,-0.4687152,2026-04-07T02:15:43
170.128736,13.86387,0.0027294861187,-0.4680508,2026-04-07T02:16:43
170.358505,13.892408,0.00272929854444,-0.4673794,2026-04-07T02:17:43
170.588381,13.920267,0.00272911124082,-0.4667012,2026-04-07T02:18:43
170.818363,13.947445,0.00272892421056,-0.4660162,2026-04-07T02:19:43
171.048447,13.973942,0.00272873745633,-0.4653246,2026-04-07T02:20:43
171.27863,13.999758,0.00272855098081,-0.4646264,2026-04-07T02:21:43
171.508911,14.024892,0.00272836478655,-0.4639218,2026-04-07T02:22:43
171.739286,14.049343,0.00272817887615,-0.4632109,2026-04-07T02:23:43
171.969753,14.07311,0.00272799325207,-0.4624939,2026-04-07T02:24:43
172.200309,14.096194,0.00272780791679,-0.4617707,2026-04-07T02:25:43
172.43095,14.118592,0.00272762287276,-0.4610415,2026-04-07T02:26:43
172.661676,14.140306,0.00272743812234,-0.4603064,2026-04-07T02:27:43
172.892482,14.161333,0.00272725366788,-0.4595656,2026-04-07T02:28:43
173.123366,14.181675,0.00272706951169,-0.458819,2026-04-07T02:29:43
173.354324,14.201329,0.00272688565603,-0.4580668,2026-04-07T02:30:43
173.585356,14.220296,0.00272670210311,-0.4573092,2026-04-07T02:31:43
173.816457,14.238576,0.00272651885512,-0.4565462,2026-04-07T02:32:43
174.047624,14.256167,0.00272633591422,-0.4557778,2026-04-07T02:33:43
174.278855,14.27307,0.00272615328251,-0.4550043,2026-04-07T02:34:43
174.510148,14.289283,0.00272597096204,-0.4542256,2026-04-07T02:35:43
174.741498,14.304808,0.00272578895487,-0.4534419,2026-04-07T02:36:43
174.972904,14.319642,0.00272560726298,-0.4526533,2026-04-07T02:37:43
175.204363,14.333786,0.00272542588833,-0.4518598,2026-04-07T02:38:43
175.435871,14.34724,0.00272524483286,-0.4510616,2026-04-07T02:39:43
175.667426,14.360003,0.00272506409846,-0.4502587,2026-04-07T02:40:43
175.899024,14.372075,0.00272488368695,-0.4494512,2026-04-07T02:41:43
176.130664,14.383455,0.00272470360019,-0.4486393,2026-04-07T02:42:43
176.362342,14.394144,0.00272452383992,-0.4478229,2026-04-07T02:43:43
176.594055,14.404141,0.00272434440794,-0.4470022,2026-04-07T02:44:43
176.8258,14.413446,0.00272416530594,-0.4461773,2026-04-07T02:45:43
177.057575,14.422058,0.00272398653561,-0.4453482,2026-04-07T02:46:43
177.289377,14.429978,0.00272380809858,-0.444515,2026-04-07T02:47:43
177.521201,14.437206,0.0027236299965,-0.4436779,2026-04-07T02:48:43
177.753047,14.443741,0.00272345223094,-0.4428368,2026-04-07T02:49:43
177.98491,14.449583,0.00272327480347,-0.4419919,2026-04-07T02:50:43
178.216788,14.454732,0.00272309771559,-0.4411432,2026-04-07T02:51:43
178.448678,14.459187,0.00272292096882,-0.4402909,2026-04-07T02:52:43
178.680577,14.46295,0.00272274456459,-0.4394349,2026-04-07T02:53:43
178.912482,14.46602,0.00272256850436,-0.4385754,2026-04-07T02:54:43
179.144391,14.468397,0.00272239278953,-0.4377124,2026-04-07T02:55:43
179.376299,14.47008,0.00272221742145,-0.4368461,2026-04-07T02:56:43
179.608204,14.47107,0.00272204240148,-0.4359764,2026-04-07T02:57:43
179.840104,14.471368,0.00272186773093,-0.4351036,2026-04-07T02:58:43
180.071996,14.470972,0.00272169341107,-0.4342275,2026-04-07T02:59:43
180.303875,14.469883,0.00272151944319,-0.4333483,2026-04-07T03:00:43
180.53574,14.468102,0.00272134582848,-0.4324662,2026-04-07T03:01:43
180.767588,14.465628,0.00272117256818,-0.431581,2026-04-07T03:02:43
180.999416,14.462461,0.00272099966341,-0.430693,2026-04-07T03:03:43
181.23122,14.458602,0.00272082711538,-0.4298021,2026-04-07T03:04:43
181.462998,14.454051,0.00272065492514,-0.4289085,2026-04-07T03:05:43
181.694746,14.448807,0.00272048309385,-0.4280122,2026-04-07T03:06:43
181.926463,14.442872,0.00272031162252,-0.4271133,2026-04-07T03:07:43
182.158145,14.436246,0.0027201405122,-0.4262118,2026-04-07T03:08:43
182.389789,14.428928,0.00271996976393,-0.4253079,2026-04-07T03:09:43
182.621392,14.420919,0.00271979937866,-0.4244015,2026-04-07T03:10:43
182.852951,14.41222,0.00271962935736,-0.4234927,2026-04-07T03:11:43
183.084464,14.40283,0.002719459701,-0.4225817,2026-04-07T03:12:43
183.315927,14.39275,0.00271929041044,-0.4216684,2026-04-07T03:13:43
183.547338,14.381981,0.0027191214866,-0.4207529,2026-04-07T03:14:43
183.778694,14.370522,0.00271895293035,-0.4198353,2026-04-07T03:15:43
184.009991,14.358374,0.00271878474249,-0.4189156,2026-04-07T03:16:43
184.241227,14.345538,0.00271861692385,-0.417994,2026-04-07T03:17:43
184.4724,14.332014,0.00271844947523,-0.4170704,2026-04-07T03:18:43
184.703506,14.317803,0.0027182823974,-0.4161449,2026-04-07T03:19:43
184.934542,14.302904,0.00271811569109,-0.4152176,2026-04-07T03:20:43
185.165505,14.287319,0.002717949357,-0.4142886,2026-04-07T03:21:43
185.396394,14.271048,0.00271778339586,-0.4133578,2026-04-07T03:22:43
185.627204,14.254091,0.00271761780833,-0.4124254,2026-04-07T03:23:43
185.857934,14.23645,0.00271745259504,-0.4114914,2026-04-07T03:24:43
186.088579,14.218124,0.00271728775665,-0.4105558,2026-04-07T03:25:43
186.319138,14.199114,0.00271712329377,-0.4096188,2026-04-07T03:26:43
186.549608,14.179422,0.00271695920696,-0.4086803,2026-04-07T03:27:43
186.779986,14.159046,0.00271679549678,-0.4077405,2026-04-07T03:28:43
187.010269,14.137989,0.0027166321638,-0.4067993,2026-04-07T03:29:43
187.240454,14.116251,0.00271646920851,-0.4058569,2026-04-07T03:30:43
187.470539,14.093832,0.00271630663142,-0.4049133,2026-04-07T03:31:43
187.700521,14.070733,0.00271614443301,-0.4039685,2026-04-07T03:32:43
187.930397,14.046956,0.00271598261375,-0.4030225,2026-04-07T03:33:43
188.160165,14.0225,0.00271582117403,-0.4020755,2026-04-07T03:34:43
188.389821,13.997366,0.00271566011432,-0.4011276,2026-04-07T03:35:43
188.619363,13.971556,0.00271549943497,-0.4001786,2026-04-07T03:36:43
188.848789,13.94507,0.00271533913639,-0.3992287,2026-04-07T03:37:43
189.078096,13.917908,0.00271517921892,-0.398278,2026-04-07T03:38:43
189.307281,13.890073,0.00271501968288,-0.3973265,2026-04-07T03:39:43
189.536341,13.861564,0.00271486052863,-0.3963742,2026-04-07T03:40:43
189.765275,13.832382,0.0027147017564,-0.3954212,2026-04-07T03:41:43
189.994078,13.802528,0.00271454336652,-0.3944675,2026-04-07T03:42:43
190.222749,13.772004,0.00271438535924,-0.3935132,2026-04-07T03:43:43
190.451286,13.74081,0.00271422773476,-0.3925583,2026-04-07T03:44:43
190.679685,13.708947,0.00271407049336,-0.391603,2026-04-07T03:45:43
190.907944,13.676417,0.00271391363518,-0.3906471,2026-04-07T03:46:43
191.136061,13.643219,0.00271375716044,-0.3896908,2026-04-07T03:47:43
191.364033,13.609355,0.00271360106931,-0.3887341,2026-04-07T03:48:43
191.591857,13.574826,0.00271344536189,-0.3877771,2026-04-07T03:49:43
191.819531,13.539633,0.00271329003836,-0.3868198,2026-04-07T03:50:43
192.047053,13.503778,0.00271313509879,-0.3858622,2026-04-07T03:51:43
192.274421,13.46726,0.00271298054329,-0.3849045,2026-04-07T03:52:43
192.501631,13.430082,0.00271282637193,-0.3839465,2026-04-07T03:53:43
192.728681,13.392244,0.00271267258477,-0.3829885,2026-04-07T03:54:43
192.955569,13.353748,0.00271251918184,-0.3820304,2026-04-07T03:55:43
193.182293,13.314594,0.00271236616318,-0.3810722,2026-04-07T03:56:43
193.408851,13.274784,0.00271221352877,-0.3801141,2026-04-07T03:57:43
193.635239,13.234318,0.00271206127859,-0.379156,2026-04-07T03:58:43
193.861456,13.193199,0.00271190941265,-0.378198,2026-04-07T03:59:43
194.087499,13.151427,0.00271175793086,-0.3772401,2026-04-07T04:00:43
194.313366,13.109003,0.00271160683318,-0.3762825,2026-04-07T04:01:43
194.539055,13.065929,0.00271145611953,-0.375325,2026-04-07T04:02:43
194.764564,13.022206,0.00271130578982,-0.3743678,2026-04-07T04:03:43
194.98989,12.977835,0.00271115584389,-0.3734109,2026-04-07T04:04:43
195.215032,12.932818,0.00271100628167,-0.3724544,2026-04-07T04:05:43
195.439986,12.887155,0.002710857103,-0.3714982,2026-04-07T04:06:43
195.664751,12.840848,0.00271070830769,-0.3705425,2026-04-07T04:07:43
195.889326,12.793898,0.00271055989558,-0.3695872,2026-04-07T04:08:43
196.113706,12.746307,0.00271041186647,-0.3686324,2026-04-07T04:09:43
196.337892,12.698076,0.00271026422019,-0.3676782,2026-04-07T04:10:43
196.561879,12.649206,0.00271011695646,-0.3667246,2026-04-07T04:11:43
196.785668,12.599699,0.00270997007507,-0.3657715,2026-04-07T04:12:43
197.009254,12.549555,0.00270982357575,-0.3648191,2026-04-07T04:13:43
197.232637,12.498777,0.00270967745825,-0.3638674,2026-04-07T04:14:43
197.455815,12.447366,0.00270953172227,-0.3629165,2026-04-07T04:15:43
197.678785,12.395323,0.0027093863675,-0.3619663,2026-04-07T04:16:43
197.901546,12.34265,0.00270924139365,-0.3610169,2026-04-07T04:17:43
198.124095,12.289348,0.00270909680037,-0.3600684,2026-04-07T04:18:43
198.346431,12.235418,0.00270895258733,-0.3591207,2026-04-07T04:19:43
198.568552,12.180862,0.00270880875414,-0.358174,2026-04-07T04:20:43
198.790456,12.125682,0.00270866530047,-0.3572282,2026-04-07T04:21:43
199.012141,12.069879,0.00270852222588,-0.3562834,2026-04-07T04:22:43
199.233606,12.013454,0.00270837953002,-0.3553396,2026-04-07T04:23:43
199.454848,11.956409,0.00270823721241,-0.3543969,2026-04-07T04:24:43
199.675867,11.898746,0.00270809527269,-0.3534552,2026-04-07T04:25:43
199.896659,11.840465,0.00270795371036,-0.3525147,2026-04-07T04:26:43
200.117224,11.78157,0.00270781252498,-0.3515754,2026-04-07T04:27:43
200.33756,11.72206,0.00270767171608,-0.3506373,2026-04-07T04:28:43
200.557664,11.661938,0.00270753128315,-0.3497004,2026-04-07T04:29:43
200.777537,11.601206,0.00270739122573,-0.3487647,2026-04-07T04:30:43
200.997175,11.539864,0.00270725154325,-0.3478304,2026-04-07T04:31:43
201.216577,11.477915,0.00270711223525,-0.3468974,2026-04-07T04:32:43
201.435742,11.41536,0.00270697330111,-0.3459658,2026-04-07T04:33:43
201.654669,11.3522,0.00270683474033,-0.3450355,2026-04-07T04:34:43
201.873355,11.288438,0.00270669655234,-0.3441068,2026-04-07T04:35:43
202.091799,11.224075,0.00270655873653,-0.3431794,2026-04-07T04:36:43
202.31,11.159113,0.00270642129232,-0.3422536,2026-04-07T04:37:43
202.527956,11.093553,0.0027062842191,-0.3413293,2026-04-07T04:38:43
202.745666,11.027397,0.00270614751624,-0.3404066,2026-04-07T04:39:43
202.963128,10.960646,0.00270601118313,-0.3394854,2026-04-07T04:40:43
203.180342,10.893303,0.0027058752191,-0.3385659,2026-04-07T04:41:43
203.397305,10.825369,0.00270573962349,-0.3376481,2026-04-07T04:42:43
203.614016,10.756846,0.00270560439564,-0.3367319,2026-04-07T04:43:43
203.830475,10.687735,0.00270546953488,-0.3358175,2026-04-07T04:44:43
204.046679,10.618039,0.00270533504048,-0.3349048,2026-04-07T04:45:43
204.262628,10.547758,0.00270520091174,-0.333994,2026-04-07T04:46:43
204.478321,10.476895,0.00270506714795,-0.3330849,2026-04-07T04:47:43
204.693755,10.405452,0.00270493374838,-0.3321777,2026-04-07T04:48:43
204.90893,10.33343,0.00270480071227,-0.3312723,2026-04-07T04:49:43
205.123845,10.26083,0.00270466803884,-0.3303689,2026-04-07T04:50:43
205.338499,10.187656,0.00270453572736,-0.3294674,2026-04-07T04:51:43
205.55289,10.113908,0.00270440377702,-0.3285678,2026-04-07T04:52:43
205.767018,10.039588,0.00270427218704,-0.3276703,2026-04-07T04:53:43
205.980881,9.964698,0.0027041409566,-0.3267748,2026-04-07T04:54:43
206.194479,9.88924,0.0027040100849,-0.3258813,2026-04-07T04:55:43
206.407809,9.813216,0.00270387957109,-0.3249899,2026-04-07T04:56:43
206.620873,9.736627,0.00270374941435,-0.3241006,2026-04-07T04:57:43
206.833667,9.659476,0.00270361961382,-0.3232135,2026-04-07T04:58:43
207.046192,9.581764,0.00270349016861,-0.3223286,2026-04-07T04:59:43
207.258447,9.503492,0.00270336107789,-0.3214458,2026-04-07T05:00:43
207.47043,9.424664,0.00270323234073,-0.3205653,2026-04-07T05:01:43
207.682141,9.34528,0.00270310395624,-0.319687,2026-04-07T05:02:43
207.893579,9.265343,0.00270297592353,-0.318811,2026-04-07T05:03:43
208.104743,9.184854,0.00270284824165,-0.3179374,2026-04-07T05:04:43
208.315632,9.103816,0.0027027209097,-0.317066,2026-04-07T05:05:43
208.526246,9.022229,0.00270259392673,-0.316197,2026-04-07T05:06:43
208.736584,8.940097,0.00270246729176,-0.3153305,2026-04-07T05:07:43
208.946645,8.85742,0.00270234100386,-0.3144663,2026-04-07T05:08:43
209.156428,8.774201,0.00270221506202,-0.3136046,2026-04-07T05:09:43
209.365933,8.690442,0.00270208946527,-0.3127454,2026-04-07T05:10:43
209.575158,8.606144,0.00270196421261,-0.3118886,2026-04-07T05:11:43
209.784105,8.521309,0.00270183930304,-0.3110344,2026-04-07T05:12:43
209.992771,8.43594,0.00270171473552,-0.3101827,2026-04-07T05:13:43
210.201156,8.350038,0.00270159050904,-0.3093337,2026-04-07T05:14:43
210.40926,8.263605,0.00270146662257,-0.3084872,2026-04-07T05:15:43
210.617082,8.176643,0.00270134307503,-0.3076434,2026-04-07T05:16:43
210.824622,8.089154,0.00270121986538,-0.3068022,2026-04-07T05:17:43
211.031878,8.00114,0.00270109699253,-0.3059637,2026-04-07T05:18:43
211.238852,7.912602,0.00270097445543,-0.3051279,2026-04-07T05:19:43
211.445541,7.823544,0.00270085225297,-0.3042948,2026-04-07T05:20:43
211.651946,7.733966,0.00270073038404,-0.3034645,2026-04-07T05:21:43
211.858067,7.64387,0.00270060884753,-0.302637,2026-04-07T05:22:43
212.063903,7.553259,0.00270048764235,-0.3018123,2026-04-07T05:23:43
212.269453,7.462134,0.00270036676734,-0.3009904,2026-04-07T05:24:43
212.474717,7.370498,0.00270024622135,-0.3001714,2026-04-07T05:25:43
212.679696,7.278352,0.00270012600327,-0.2993553,2026-04-07T05:26:43
212.884388,7.185698,0.0027000061119,-0.298542,2026-04-07T05:27:43
213.088793,7.092538,0.00269988654607,-0.2977318,2026-04-07T05:28:43
213.292912,6.998875,0.00269976730462,-0.2969244,2026-04-07T05:29:43
213.496743,6.904709,0.00269964838637,-0.29612,2026-04-07T05:30:43
213.700288,6.810043,0.00269952979008,-0.2953187,2026-04-07T05:31:43
213.903545,6.71488,0.00269941151457,-0.2945203,2026-04-07T05:32:43
214.106514,6.61922,0.00269929355863,-0.2937251,2026-04-07T05:33:43
214.309195,6.523066,0.00269917592103,-0.2929328,2026-04-07T05:34:43
214.511589,6.42642,0.00269905860051,-0.2921437,2026-04-07T05:35:43
214.713694,6.329284,0.00269894159584,-0.2913577,2026-04-07T05:36:43
214.915512,6.23166,0.00269882490575,-0.2905748,2026-04-07T05:37:43
215.117041,6.133549,0.00269870852899,-0.2897951,2026-04-07T05:38:43
215.318282,6.034954,0.00269859246429,-0.2890186,2026-04-07T05:39:43
215.519235,5.935876,0.00269847671038,-0.2882453,2026-04-07T05:40:43
215.7199,5.836318,0.00269836126593,-0.2874753,2026-04-07T05:41:43
215.920277,5.736282,0.00269824612967,-0.2867084,2026-04-07T05:42:43
216.120365,5.635769,0.00269813130026,-0.2859449,2026-04-07T05:43:43
216.320166,5.534782,0.00269801677644,-0.2851846,2026-04-07T05:44:43
216.519678,5.433322,0.00269790255683,-0.2844277,2026-04-07T05:45:43
216.718903,5.331391,0.00269778864012,-0.2836741,2026-04-07T05:46:43
216.91784,5.228992,0.00269767502494,-0.2829239,2026-04-07T05:47:43
217.116489,5.126126,0.00269756170998,-0.282177,2026-04-07T05:48:43
217.314851,5.022795,0.00269744869384,-0.2814336,2026-04-07T05:49:43
217.512926,4.919002,0.00269733597517,-0.2806936,2026-04-07T05:50:43
217.710714,4.814748,0.00269722355257,-0.279957,2026-04-07T05:51:43
217.908214,4.710035,0.0026971114247,-0.2792239,2026-04-07T05:52:43
218.105429,4.604865,0.00269699959012,-0.2784943,2026-04-07T05:53:43
218.302357,4.49924,0.00269688804744,-0.2777682,2026-04-07T05:54:43
218.498999,4.393162,0.00269677679525,-0.2770456,2026-04-07T05:55:43
218.695355,4.286633,0.00269666583215,-0.2763266,2026-04-07T05:56:43
218.891426,4.179655,0.00269655515667,-0.2756112,2026-04-07T05:57:43
219.087211,4.07223,0.00269644476741,-0.2748993,2026-04-07T05:58:43
219.282712,3.96436,0.00269633466292,-0.274191,2026-04-07T05:59:43
219.477929,3.856047,0.00269622484175,-0.2734864,2026-04-07T06:00:43
219.672861,3.747293,0.00269611530241,-0.2727854,2026-04-07T06:01:43
219.86751,3.638099,0.00269600604349,-0.2720881,2026-04-07T06:02:43
220.061876,3.528468,0.00269589706346,-0.2713945,2026-04-07T06:03:43
220.255959,3.418401,0.00269578836086,-0.2707046,2026-04-07T06:04:43
220.44976,3.307901,0.0026956799342,-0.2700184,2026-04-07T06:05:43
220.643279,3.19697,0.00269557178197,-0.269336,2026-04-07T06:06:43
220.836517,3.085609,0.00269546390269,-0.2686573,2026-04-07T06:07:43
221.029474,2.97382,0.00269535629482,-0.2679824,2026-04-07T06:08:43
221.22215,2.861606,0.00269524895686,-0.2673113,2026-04-07T06:09:43
221.414547,2.748968,0.00269514188726,-0.2666441,2026-04-07T06:10:43
221.606665,2.635909,0.0026950350845,-0.2659806,2026-04-07T06:11:43
221.798504,2.522429,0.00269492854703,-0.265321,2026-04-07T06:12:43
221.990065,2.408531,0.0026948222733,-0.2646653,2026-04-07T06:13:43
222.181349,2.294218,0.00269471626176,-0.2640135,2026-04-07T06:14:43
222.372356,2.17949,0.00269461051081,-0.2633657,2026-04-07T06:15:43
222.563087,2.06435,0.00269450501894,-0.2627217,2026-04-07T06:16:43
222.753542,1.9488,0.00269439978451,-0.2620817,2026-04-07T06:17:43
222.943723,1.832842,0.00269429480598,-0.2614456,2026-04-07T06:18:43
223.133629,1.716477,0.00269419008172,-0.2608136,2026-04-07T06:19:43
223.323262,1.599708,0.00269408561015,-0.2601855,2026-04-07T06:20:43
223.512623,1.482536,0.00269398138968,-0.2595614,2026-04-07T06:21:43
223.701711,1.364963,0.00269387741865,-0.2589414,2026-04-07T06:22:43
223.890528,1.246992,0.00269377369546,-0.2583254,2026-04-07T06:23:43
224.079075,1.128624,0.00269367021849,-0.2577135,2026-04-07T06:24:43
224.267352,1.009861,0.00269356698611,-0.2571057,2026-04-07T06:25:43
224.45536,0.890704,0.00269346399668,-0.256502,2026-04-07T06:26:43
224.643101,0.771157,0.00269336124852,-0.2559024,2026-04-07T06:27:43
224.830574,0.65122,0.00269325874001,-0.2553069,2026-04-07T06:28:43
225.01778,0.530896,0.00269315646946,-0.2547156,2026-04-07T06:29:43
225.204721,0.410186,0.00269305443523,-0.2541285,2026-04-07T06:30:43
225.391397,0.289093,0.00269295263563,-0.2535455,2026-04-07T06:31:43
225.57781,0.167618,0.00269285106899,-0.2529667,2026-04-07T06:32:43
225.763959,0.045763,0.00269274973361,-0.2523922,2026-04-07T06:33:43
225.949847,-0.07647,0.00269264862783,-0.2518218,2026-04-07T06:34:43
226.135473,-0.19908,0.0026925477499,-0.2512558,2026-04-07T06:35:43
226.32084,-0.322063,0.00269244709815,-0.2506939,2026-04-07T06:36:43
226.505947,-0.445419,0.00269234667087,-0.2501364,2026-04-07T06:37:43
226.690796,-0.569146,0.00269224646631,-0.2495831,2026-04-07T06:38:43
226.875387,-0.693241,0.00269214648279,-0.2490342,2026-04-07T06:39:43
227.059723,-0.817704,0.00269204671853,-0.2484895,2026-04-07T06:40:43
227.243803,-0.942531,0.00269194717185,-0.2479492,2026-04-07T06:41:43
227.427629,-1.067722,0.00269184784097,-0.2474133,2026-04-07T06:42:43
227.611201,-1.193274,0.00269174872416,-0.2468817,2026-04-07T06:43:43
227.794522,-1.319185,0.00269164981965,-0.2463545,2026-04-07T06:44:43
227.977591,-1.445454,0.0026915511257,-0.2458317,2026-04-07T06:45:43
228.16041,-1.57208,0.00269145264053,-0.2453133,2026-04-07T06:46:43
228.34298,-1.699059,0.00269135436237,-0.2447993,2026-04-07T06:47:43
228.525303,-1.826391,0.00269125628947,-0.2442897,2026-04-07T06:48:43
228.707378,-1.954073,0.00269115842003,-0.2437846,2026-04-07T06:49:43
228.889208,-2.082103,0.00269106075224,-0.243284,2026-04-07T06:50:43
229.070793,-2.210481,0.00269096328435,-0.2427879,2026-04-07T06:51:43
229.252135,-2.339203,0.00269086601455,-0.2422962,2026-04-07T06:52:43
229.433235,-2.468269,0.002690768941,-0.241809,2026-04-07T06:53:43
229.614093,-2.597677,0.00269067206193,-0.2413264,2026-04-07T06:54:43
229.794712,-2.727424,0.00269057537552,-0.2408482,2026-04-07T06:55:43
229.975092,-2.857509,0.00269047887995,-0.2403747,2026-04-07T06:56:43
230.155234,-2.98793,0.00269038257338,-0.2399056,2026-04-07T06:57:43
230.33514,-3.118685,0.00269028645401,-0.2394412,2026-04-07T06:58:43
230.514811,-3.249773,0.00269019051997,-0.2389813,2026-04-07T06:59:43
230.694248,-3.381192,0.00269009476945,-0.238526,2026-04-07T07:00:43
230.873452,-3.51294,0.00268999920058,-0.2380754,2026-04-07T07:01:43
231.052425,-3.645015,0.00268990381153,-0.2376293,2026-04-07T07:02:43
231.231168,-3.777415,0.00268980860044,-0.2371879,2026-04-07T07:03:43
231.409682,-3.91014,0.00268971356545,-0.2367511,2026-04-07T07:04:43
231.587969,-4.043186,0.00268961870469,-0.236319,2026-04-07T07:05:43
231.766029,-4.176553,0.00268952401629,-0.2358915,2026-04-07T07:06:43
231.943865,-4.310239,0.0026894294984,-0.2354688,2026-04-07T07:07:43
232.121476,-4.444241,0.00268933514911,-0.2350507,2026-04-07T07:08:43
232.298866,-4.578558,0.00268924096654,-0.2346373,2026-04-07T07:09:43
232.476035,-4.713189,0.00268914694881,-0.2342286,2026-04-07T07:10:43
232.652983,-4.848131,0.00268905309405,-0.2338247,2026-04-07T07:11:43
232.829714,-4.983384,0.00268895940034,-0.2334254,2026-04-07T07:12:43
233.006228,-5.118945,0.00268886586576,-0.233031,2026-04-07T07:13:43
233.182527,-5.254812,0.00268877248844,-0.2326413,2026-04-07T07:14:43
233.358611,-5.390984,0.00268867926645,-0.2322563,2026-04-07T07:15:43
233.534483,-5.527459,0.00268858619789,-0.2318762,2026-04-07T07:16:43
233.710143,-5.664236,0.00268849328082,-0.2315008,2026-04-07T07:17:43
233.885594,-5.801312,0.00268840051333,-0.2311302,2026-04-07T07:18:43
234.060836,-5.938687,0.0026883078935,-0.2307645,2026-04-07T07:19:43
234.235872,-6.076358,0.00268821541938,-0.2304035,2026-04-07T07:20:43
234.410702,-6.214324,0.00268812308904,-0.2300474,2026-04-07T07:21:43
234.585327,-6.352583,0.00268803090055,-0.2296961,2026-04-07T07:22:43
234.759751,-6.491133,0.00268793885198,-0.2293497,2026-04-07T07:23:43
234.933973,-6.629973,0.00268784694133,-0.2290082,2026-04-07T07:24:43
235.107996,-6.769102,0.0026877551667,-0.2286715,2026-04-07T07:25:43
235.28182,-6.908516,0.00268766352613,-0.2283397,2026-04-07T07:26:43
235.455449,-7.048216,0.00268757201763,-0.2280128,2026-04-07T07:27:43
235.628882,-7.188199,0.00268748063928,-0.2276907,2026-04-07T07:28:43
235.802121,-7.328463,0.00268738938907,-0.2273736,2026-04-07T07:29:43
235.975169,-7.469007,0.00268729826505,-0.2270614,2026-04-07T07:30:43
236.148026,-7.60983,0.00268720726525,-0.2267542,2026-04-07T07:31:43
236.320695,-7.750929,0.00268711638768,-0.2264518,2026-04-07T07:32:43
236.493176,-7.892303,0.00268702563037,-0.2261544,2026-04-07T07:33:43
236.665472,-8.033951,0.00268693499135,-0.225862,2026-04-07T07:34:43
236.837583,-8.17587,0.00268684446861,-0.2255745,2026-04-07T07:35:43
237.009512,-8.31806,0.00268675406014,-0.225292,2026-04-07T07:36:43
237.181261,-8.460518,0.00268666376399,-0.2250145,2026-04-07T07:37:43
237.35283,-8.603244,0.00268657357813,-0.224742,2026-04-07T07:38:43
237.524221,-8.746234,0.00268648350059,-0.2244744,2026-04-07T07:39:43
237.695436,-8.889489,0.00268639352933,-0.2242119,2026-04-07T07:40:43
237.866477,-9.033006,0.00268630366235,-0.2239543,2026-04-07T07:41:43
238.037346,-9.176784,0.00268621389767,-0.2237018,2026-04-07T07:42:43
238.208043,-9.32082,0.00268612423323,-0.2234543,2026-04-07T07:43:43
238.378571,-9.465115,0.00268603466706,-0.2232118,2026-04-07T07:44:43
238.548932,-9.609665,0.00268594519711,-0.2229744,2026-04-07T07:45:43
238.719126,-9.75447,0.00268585582136,-0.2227421,2026-04-07T07:46:43
238.889157,-9.899527,0.00268576653779,-0.2225147,2026-04-07T07:47:43
239.059024,-10.044836,0.00268567734437,-0.2222925,2026-04-07T07:48:43
239.228731,-10.190395,0.00268558823907,-0.2220753,2026-04-07T07:49:43
239.398279,-10.336202,0.00268549921985,-0.2218632,2026-04-07T07:50:43
239.56767,-10.482255,0.00268541028468,-0.2216561,2026-04-07T07:51:43
239.736905,-10.628554,0.00268532143152,-0.2214542,2026-04-07T07:52:43
239.905986,-10.775096,0.00268523265833,-0.2212574,2026-04-07T07:53:43
240.074915,-10.921881,0.00268514396305,-0.2210656,2026-04-07T07:54:43
240.243694,-11.068906,0.00268505534365,-0.220879,2026-04-07T07:55:43
240.412324,-11.21617,0.00268496679806,-0.2206975,2026-04-07T07:56:43
240.580808,-11.363671,0.00268487832426,-0.2205211,2026-04-07T07:57:43
240.749147,-11.511409,0.00268478992017,-0.2203498,2026-04-07T07:58:43
240.917343,-11.659381,0.00268470158375,-0.2201836,2026-04-07T07:59:43
241.085397,-11.807586,0.00268461331291,-0.2200226,2026-04-07T08:00:43
241.253313,-11.956023,0.00268452510562,-0.2198668,2026-04-07T08:01:43
241.42109,-12.10469,0.0026844369598,-0.2197161,2026-04-07T08:02:43
241.588732,-12.253585,0.0026843488734,-0.2195705,2026-04-07T08:03:43
241.75624,-12.402708,0.00268426084433,-0.2194301,2026-04-07T08:04:43
241.923616,-12.552056,0.00268417287055,-0.2192949,2026-04-07T08:05:43
242.090863,-12.701628,0.00268408494995,-0.2191648,2026-04-07T08:06:43
242.25798,-12.851423,0.00268399708048,-0.2190399,2026-04-07T08:07:43
242.424972,-13.001438,0.00268390926004,-0.2189202,2026-04-07T08:08:43
242.591839,-13.151674,0.0026838214866,-0.2188057,2026-04-07T08:09:43
242.758584,-13.302128,0.00268373375802,-0.2186963,2026-04-07T08:10:43
242.925208,-13.452799,0.00268364607226,-0.2185922,2026-04-07T08:11:43
243.091714,-13.603685,0.00268355842723,-0.2184933,2026-04-07T08:12:43
243.258103,-13.754784,0.00268347082083,-0.2183995,2026-04-07T08:13:43
243.424378,-13.906097,0.00268338325097,-0.218311,2026-04-07T08:14:43
243.59054,-14.05762,0.00268329571558,-0.2182276,2026-04-07T08:15:43
243.756591,-14.209353,0.00268320821258,-0.2181495,2026-04-07T08:16:43
243.922533,-14.361294,0.00268312073984,-0.2180766,2026-04-07T08:17:43
244.088369,-14.513441,0.00268303329529,-0.218009,2026-04-07T08:18:43
244.254099,-14.665794,0.00268294587683,-0.2179465,2026-04-07T08:19:43
244.419728,-14.818351,0.00268285848237,-0.2178893,2026-04-07T08:20:43
244.585255,-14.97111,0.00268277110979,-0.2178373,2026-04-07T08:21:43
244.750684,-15.12407,0.00268268375703,-0.2177906,2026-04-07T08:22:43
244.916017,-15.27723,0.00268259642196,-0.2177491,2026-04-07T08:23:43
245.081255,-15.430588,0.00268250910248,-0.2177128,2026-04-07T08:24:43
245.2464,-15.584143,0.0026824217965,-0.2176818,2026-04-07T08:25:43
245.411455,-15.737893,0.0026823345019,-0.217656,2026-04-07T08:26:43
245.576422,-15.891837,0.00268224721658,-0.2176355,2026-04-07T08:27:43
245.741303,-16.045973,0.00268215993846,-0.2176202,2026-04-07T08:28:43
245.9061,-16.200301,0.00268207266539,-0.2176102,2026-04-07T08:29:43
246.070815,-16.354818,0.00268198539528,-0.2176055,2026-04-07T08:30:43
246.23545,-16.509524,0.00268189812604,-0.217606,2026-04-07T08:31:43
246.400007,-16.664417,0.00268181085552,-0.2176117,2026-04-07T08:32:43
246.564489,-16.819495,0.00268172358164,-0.2176228,2026-04-07T08:33:43
246.728898,-16.974758,0.00268163630229,-0.2176391,2026-04-07T08:34:43
246.893236,-17.130204,0.00268154901533,-0.2176606,2026-04-07T08:35:43
247.057505,-17.285831,0.00268146171868,-0.2176875,2026-04-07T08:36:43
247.221707,-17.441638,0.0026813744102,-0.2177196,2026-04-07T08:37:43
247.385844,-17.597624,0.00268128708779,-0.217757,2026-04-07T08:38:43
247.54992,-17.753788,0.00268119974931,-0.2177996,2026-04-07T08:39:43
247.713935,-17.910127,0.00268111239268,-0.2178476,2026-04-07T08:40:43
247.877893,-18.066641,0.00268102501577,-0.2179008,2026-04-07T08:41:43
248.041795,-18.223328,0.00268093761644,-0.2179593,2026-04-07T08:42:43
248.205644,-18.380188,0.00268085019261,-0.218023,2026-04-07T08:43:43
