JDTDB,Calendar Date (TDB),delta-T,X,Y,Z,VX,VY,VZ,Calendar Date (UTC)
2461132.92505787, A.D. 2026-Apr-02 10:12:05.0000,69.185634,-193044898.218408,-213618105.6585473,-88337333.47562608,17.48728142776798,-4.163899584565252,-2.510553309818222,2026-04-02T10:10:55.814333
2461132.925752315, A.D. 2026-Apr-02 10:13:05.0000,69.185634,-193043848.9535061,-213618355.4969108,-88337484.11182623,17.48733807872844,-4.163836992380565,-2.510527424744911,2026-04-02T10:11:55.814410
2461132.926446759, A.D. 2026-Apr-02 10:14:05.0000,69.185634,-193042799.6852031,-213618605.3315192,-88337634.74647354,17.4873947296362,-4.163774399840025,-2.510501539510529,2026-04-02T10:12:55.814366
2461132.927141204, A.D. 2026-Apr-02 10:15:05.0000,69.185634,-193041750.4135031,-213618855.1623714,-88337785.37956737,17.48745138049103,-4.163711806943879,-2.51047565411518,2026-04-02T10:13:55.814403
2461132.927835648, A.D. 2026-Apr-02 10:16:05.0000,69.185634,-193040701.1384038,-213619104.9894679,-88337936.01110804,17.48750803129304,-4.163649213692,-2.510449768558808,2026-04-02T10:14:55.814359
2461132.928530093, A.D. 2026-Apr-02 10:17:05.0000,69.185634,-193039651.8599033,-213619354.8128093,-88338086.64109583,17.48756468204234,-4.16358662008426,-2.510423882841363,2026-04-02T10:15:55.814396
2461132.929224537, A.D. 2026-Apr-02 10:18:05.0000,69.185634,-193038602.5780038,-213619604.6323949,-88338237.26953045,17.48762133273881,-4.163524026120783,-2.510397996962894,2026-04-02T10:16:55.814392
2461132.929918982, A.D. 2026-Apr-02 10:19:05.0000,69.185634,-193037553.2927072,-213619854.4482242,-88338387.89641155,17.48767798338235,-4.163461431801689,-2.510372110923452,2026-04-02T10:17:55.814429
2461132.930613426, A.D. 2026-Apr-02 10:20:05.0000,69.185634,-193036504.0040093,-213620104.2602984,-88338538.52173975,17.48773463397318,-4.163398837126728,-2.510346224722932,2026-04-02T10:18:55.814385
2461132.93130787, A.D. 2026-Apr-02 10:21:05.0000,69.185634,-193035454.7119124,-213620354.0686167,-88338689.14551476,17.48779128451118,-4.163336242096021,-2.510320338361385,2026-04-02T10:19:55.814341
2461132.932002315, A.D. 2026-Apr-02 10:22:05.0000,69.185634,-193034405.4164164,-213620603.8731792,-88338839.76773651,17.48784793499635,-4.163273646709565,-2.51029445183881,2026-04-02T10:20:55.814378
2461132.932696759, A.D. 2026-Apr-02 10:23:05.0000,69.185634,-193033356.1175212,-213620853.6739859,-88338990.38840503,17.48790458542869,-4.16321105096736,-2.510268565155205,2026-04-02T10:21:55.814334
2461132.933391204, A.D. 2026-Apr-02 10:24:05.0000,69.185634,-193032306.8152269,-213621103.4710367,-88339141.00752032,17.4879612358082,-4.1631484548694,-2.510242678310569,2026-04-02T10:22:55.814411
2461132.934085648, A.D. 2026-Apr-02 10:25:05.0000,69.185634,-193031257.5095335,-213621353.2643317,-88339291.62508234,17.48801788613489,-4.163085858415685,-2.510216791304902,2026-04-02T10:23:55.814367
2461132.934780092, A.D. 2026-Apr-02 10:26:05.0000,69.185634,-193030208.200441,-213621603.0538708,-88339442.24109112,17.48807453640874,-4.16302326160621,-2.510190904138202,2026-04-02T10:24:55.814323
2461132.935474537, A.D. 2026-Apr-02 10:27:05.0000,69.185634,-193029158.8879494,-213621852.8396539,-88339592.85554661,17.48813118662976,-4.162960664440976,-2.510165016810467,2026-04-02T10:25:55.814360
2461132.936168981, A.D. 2026-Apr-02 10:28:05.0000,69.185634,-193028109.5720587,-213622102.6216811,-88339743.4684488,17.48818783679794,-4.162898066919978,-2.510139129321697,2026-04-02T10:26:55.814316
2461132.936863426, A.D. 2026-Apr-02 10:29:05.0000,69.185634,-193027060.252769,-213622352.3999524,-88339894.07979771,17.48824448691329,-4.162835469043214,-2.510113241671891,2026-04-02T10:27:55.814393
2461132.937557871, A.D. 2026-Apr-02 10:30:05.0000,69.185634,-193026010.930078,-213622602.1744682,-88340044.68959364,17.48830113697592,-4.162772870810557,-2.510087353860995,2026-04-02T10:28:55.814430
2461132.938252315, A.D. 2026-Apr-02 10:31:05.0000,69.185634,-193024961.60399,-213622851.9452275,-88340195.29783593,17.4883577869856,-4.162710272222253,-2.510061465889112,2026-04-02T10:29:55.814386
2461132.938946759, A.D. 2026-Apr-02 10:32:05.0000,69.185634,-193023912.274503,-213623101.7122307,-88340345.90452491,17.48841443694243,-4.162647673278177,-2.510035577756188,2026-04-02T10:30:55.814342
2461132.939641204, A.D. 2026-Apr-02 10:33:05.0000,69.185634,-193022862.9416148,-213623351.4754785,-88340496.50966085,17.48847108684655,-4.1625850739782,-2.510009689462173,2026-04-02T10:31:55.814419
2461132.940335648, A.D. 2026-Apr-02 10:34:05.0000,69.185634,-193021813.6053296,-213623601.2349696,-88340647.11324316,17.4885277366977,-4.162522474322567,-2.509983801007166,2026-04-02T10:32:55.814375
2461132.941030093, A.D. 2026-Apr-02 10:35:05.0000,69.185634,-193020764.2656432,-213623850.9907052,-88340797.71527241,17.48858438649614,-4.16245987431103,-2.509957912391064,2026-04-02T10:33:55.814412
2461132.941724537, A.D. 2026-Apr-02 10:36:05.0000,69.185634,-193019714.9225578,-213624100.7426847,-88340948.31574829,17.48864103624172,-4.16239727394371,-2.509932023613917,2026-04-02T10:34:55.814368
2461132.942418981, A.D. 2026-Apr-02 10:37:05.0000,69.185634,-193018665.5760754,-213624350.4909075,-88341098.91467053,17.48869768593435,-4.162334673220727,-2.509906134675776,2026-04-02T10:35:55.814324
2461132.943113426, A.D. 2026-Apr-02 10:38:05.0000,69.185634,-193017616.2261918,-213624600.2353747,-88341249.51203966,17.48875433557425,-4.162272072141831,-2.509880245576536,2026-04-02T10:36:55.814401
2461132.94380787, A.D. 2026-Apr-02 10:39:05.0000,69.185634,-193016566.8729092,-213624849.9760858,-88341400.10785541,17.4888109851613,-4.162209470707144,-2.509854356316249,2026-04-02T10:37:55.814357
2461132.944502315, A.D. 2026-Apr-02 10:40:05.0000,69.185634,-193015517.5162275,-213625099.7130406,-88341550.70211777,17.48886763469551,-4.162146868916663,-2.509828466894911,2026-04-02T10:38:55.814394
2461132.945196759, A.D. 2026-Apr-02 10:41:05.0000,69.185634,-193014468.1561468,-213625349.4462392,-88341701.2948267,17.48892428417687,-4.162084266770386,-2.509802577312524,2026-04-02T10:39:55.814350
2461132.945891204, A.D. 2026-Apr-02 10:42:05.0000,69.185634,-193013418.792667,-213625599.1756816,-88341851.88598223,17.48898093360537,-4.162021664268311,-2.509776687569084,2026-04-02T10:40:55.814387
2461132.946585648, A.D. 2026-Apr-02 10:43:05.0000,69.185634,-193012369.4257882,-213625848.9013678,-88342002.47558433,17.48903758298103,-4.161959061410433,-2.509750797664591,2026-04-02T10:41:55.814383
2461132.947280093, A.D. 2026-Apr-02 10:44:05.0000,69.185634,-193011320.0555103,-213626098.6232976,-88342153.06363297,17.48909423230383,-4.161896458196752,-2.509724907599044,2026-04-02T10:42:55.814420
2461132.947974537, A.D. 2026-Apr-02 10:45:05.0000,69.185634,-193010270.6818333,-213626348.3414712,-88342303.65012819,17.48915088157379,-4.161833854627265,-2.509699017372442,2026-04-02T10:43:55.814376
2461132.948668981, A.D. 2026-Apr-02 10:46:05.0000,69.185634,-193009221.3047574,-213626598.0558884,-88342454.23506993,17.48920753079089,-4.161771250701968,-2.509673126984784,2026-04-02T10:44:55.814332
2461132.949363426, A.D. 2026-Apr-02 10:47:05.0000,69.185634,-193008171.9242824,-213626847.7665493,-88342604.81845821,17.48926417995514,-4.161708646420861,-2.509647236436068,2026-04-02T10:45:55.814369
2461132.95005787, A.D. 2026-Apr-02 10:48:05.0000,69.185634,-193007122.5404062,-213627097.4734543,-88342755.40029332,17.48932082906664,-4.161646041783814,-2.509621345726242,2026-04-02T10:46:55.814325
2461132.950752315, A.D. 2026-Apr-02 10:49:05.0000,69.185634,-193006073.1531332,-213627347.1766025,-88342905.98057464,17.48937747812517,-4.161583436791076,-2.509595454855407,2026-04-02T10:47:55.814402
2461132.951446759, A.D. 2026-Apr-02 10:50:05.0000,69.185634,-193005023.762459,-213627596.8759948,-88343056.55930276,17.48943412713096,-4.161520831442394,-2.509569563823459,2026-04-02T10:48:55.814358
2461132.952141204, A.D. 2026-Apr-02 10:51:05.0000,69.185634,-193003974.3683878,-213627846.5716301,-88343207.1364771,17.48949077608377,-4.161458225738015,-2.509543672630501,2026-04-02T10:49:55.814395
2461132.952835648, A.D. 2026-Apr-02 10:52:05.0000,69.185634,-193002924.9709156,-213628096.2635095,-88343357.7120982,17.48954742498384,-4.161395619677688,-2.509517781276428,2026-04-02T10:50:55.814351
2461132.953530093, A.D. 2026-Apr-02 10:53:05.0000,69.185634,-193001875.5700465,-213628345.9516318,-88343508.28616549,17.48960407383093,-4.161333013261658,-2.509491889761341,2026-04-02T10:51:55.814428
2461132.954224537, A.D. 2026-Apr-02 10:54:05.0000,69.185634,-193000826.1657762,-213628595.6359983,-88343658.85867953,17.48966072262528,-4.161270406489675,-2.509465998085138,2026-04-02T10:52:55.814384
2461132.954918982, A.D. 2026-Apr-02 10:55:05.0000,69.185634,-192999776.7581069,-213628845.3166082,-88343809.42964001,17.48971737136675,-4.161207799361859,-2.509440106247867,2026-04-02T10:53:55.814421
2461132.955613426, A.D. 2026-Apr-02 10:56:05.0000,69.185634,-192998727.3470407,-213629094.9934611,-88343959.99904667,17.48977402005526,-4.161145191878335,-2.509414214249579,2026-04-02T10:54:55.814377
2461132.95630787, A.D. 2026-Apr-02 10:57:05.0000,69.185634,-192997677.9325734,-213629344.6665579,-88344110.56690006,17.48983066869101,-4.16108258403885,-2.509388322090171,2026-04-02T10:55:55.814333
2461132.957002315, A.D. 2026-Apr-02 10:58:05.0000,69.185634,-192996628.5147071,-213629594.3358981,-88344261.13319986,17.48988731727389,-4.161019975843525,-2.509362429769693,2026-04-02T10:56:55.814410
2461132.957696759, A.D. 2026-Apr-02 10:59:05.0000,69.185634,-192995579.0934418,-213629844.0014818,-88344411.69794609,17.48994396580391,-4.160957367292358,-2.509336537288142,2026-04-02T10:57:55.814366
2461132.958391204, A.D. 2026-Apr-02 11:00:05.0000,69.185634,-192994529.6687776,-213630093.6633088,-88344562.26113872,17.49000061428105,-4.160894758385347,-2.509310644645519,2026-04-02T10:58:55.814403
2461132.959085648, A.D. 2026-Apr-02 11:01:05.0000,69.185634,-192993480.2407143,-213630343.3213792,-88344712.82277775,17.49005726270533,-4.160832149122489,-2.509284751841822,2026-04-02T10:59:55.814359
2461132.959780093, A.D. 2026-Apr-02 11:02:05.0000,69.185634,-192992430.809252,-213630592.975693,-88344863.38286316,17.49011391107674,-4.160769539503781,-2.50925885887705,2026-04-02T11:00:55.814396
2461132.960474537, A.D. 2026-Apr-02 11:03:05.0000,69.185634,-192991381.3743887,-213630842.6262505,-88345013.94139527,17.49017055939538,-4.160706929529098,-2.50923296575115,2026-04-02T11:01:55.814392
2461132.961168982, A.D. 2026-Apr-02 11:04:05.0000,69.185634,-192990331.9361285,-213631092.2730508,-88345164.49837342,17.49022720766104,-4.160644319198685,-2.509207072464223,2026-04-02T11:02:55.814429
2461132.961863426, A.D. 2026-Apr-02 11:05:05.0000,69.185634,-192989282.4944693,-213631341.9160945,-88345315.05379795,17.49028385587383,-4.160581708512414,-2.509181179016219,2026-04-02T11:03:55.814385
2461132.96255787, A.D. 2026-Apr-02 11:06:05.0000,69.185634,-192988233.0494111,-213631591.5553813,-88345465.60766882,17.49034050403374,-4.160519097470284,-2.509155285407134,2026-04-02T11:04:55.814341
2461132.963252315, A.D. 2026-Apr-02 11:07:05.0000,69.185634,-192987183.6009518,-213631841.1909119,-88345616.15998633,17.49039715214088,-4.160456486072167,-2.509129391636916,2026-04-02T11:05:55.814378
2461132.963946759, A.D. 2026-Apr-02 11:08:05.0000,69.185634,-192986134.1490957,-213632090.8226852,-88345766.71074986,17.49045380019504,-4.160393874318311,-2.509103497705668,2026-04-02T11:06:55.814334
2461132.964641204, A.D. 2026-Apr-02 11:09:05.0000,69.185634,-192985084.6938385,-213632340.4507022,-88345917.25996004,17.49051044819643,-4.160331262208463,-2.509077603613286,2026-04-02T11:07:55.814411
2461132.965335648, A.D. 2026-Apr-02 11:10:05.0000,69.185634,-192984035.2351844,-213632590.0749619,-88346067.8076162,17.49056709614483,-4.16026864974287,-2.50905170935987,2026-04-02T11:08:55.814367
2461132.966030092, A.D. 2026-Apr-02 11:11:05.0000,69.185634,-192982985.7731293,-213632839.6954652,-88346218.35371898,17.49062374404045,-4.16020603692128,-2.509025814945316,2026-04-02T11:09:55.814323
2461132.966724537, A.D. 2026-Apr-02 11:12:05.0000,69.185634,-192981936.3076752,-213633089.3122117,-88346368.89826804,17.4906803918832,-4.160143423743816,-2.508999920369676,2026-04-02T11:10:55.814360
2461132.967418981, A.D. 2026-Apr-02 11:13:05.0000,69.185634,-192980886.8388243,-213633338.9252007,-88346519.4412631,17.49073703967295,-4.160080810210599,-2.508974025633,2026-04-02T11:11:55.814316
2461132.968113426, A.D. 2026-Apr-02 11:14:05.0000,69.185634,-192979837.3665724,-213633588.5344334,-88346669.98270473,17.49079368740993,-4.160018196321378,-2.508948130735182,2026-04-02T11:12:55.814393
2461132.968807871, A.D. 2026-Apr-02 11:15:05.0000,69.185634,-192978787.8909214,-213633838.1399091,-88346820.5225926,17.49085033509402,-4.159955582076274,-2.508922235676275,2026-04-02T11:13:55.814430
2461132.969502315, A.D. 2026-Apr-02 11:16:05.0000,69.185634,-192977738.4118715,-213634087.7416278,-88346971.06092672,17.49090698272523,-4.159892967475287,-2.508896340456276,2026-04-02T11:14:55.814386
2461132.970196759, A.D. 2026-Apr-02 11:17:05.0000,69.185634,-192976688.9294227,-213634337.3395895,-88347121.59770711,17.49096363030355,-4.15983035251841,-2.508870445075184,2026-04-02T11:15:55.814342
2461132.970891204, A.D. 2026-Apr-02 11:18:05.0000,69.185634,-192975639.443575,-213634586.9337943,-88347272.13293372,17.49102027782898,-4.159767737205645,-2.508844549532998,2026-04-02T11:16:55.814419
2461132.971585648, A.D. 2026-Apr-02 11:19:05.0000,69.185634,-192974589.9543283,-213634836.524242,-88347422.66660655,17.49107692530152,-4.159705121536987,-2.508818653829717,2026-04-02T11:17:55.814375
2461132.972280093, A.D. 2026-Apr-02 11:20:05.0000,69.185634,-192973540.4616827,-213635086.1109327,-88347573.1987256,17.49113357272117,-4.159642505512435,-2.50879275796534,2026-04-02T11:18:55.814412
2461132.972974537, A.D. 2026-Apr-02 11:21:05.0000,69.185634,-192972490.9656361,-213635335.6938668,-88347723.72929116,17.49119022008804,-4.159579889131861,-2.508766861939813,2026-04-02T11:19:55.814368
2461132.973668981, A.D. 2026-Apr-02 11:22:05.0000,69.185634,-192971441.4661926,-213635585.2730433,-88347874.2583026,17.4912468674019,-4.159517272395511,-2.50874096575324,2026-04-02T11:20:55.814324
2461132.974363426, A.D. 2026-Apr-02 11:23:05.0000,69.185634,-192970391.9633502,-213635834.8484627,-88348024.78576022,17.49130351466287,-4.159454655303259,-2.508715069405567,2026-04-02T11:21:55.814401
2461132.97505787, A.D. 2026-Apr-02 11:24:05.0000,69.185634,-192969342.4571068,-213636084.4201255,-88348175.31166433,17.49136016187106,-4.159392037854977,-2.508689172896741,2026-04-02T11:22:55.814357
2461132.975752315, A.D. 2026-Apr-02 11:25:05.0000,69.185634,-192968292.9474666,-213636333.9880307,-88348325.8360143,17.49141680902624,-4.159329420050913,-2.508663276226865,2026-04-02T11:23:55.814394
2461132.976446759, A.D. 2026-Apr-02 11:26:05.0000,69.185634,-192967243.4344274,-213636583.5521786,-88348476.35881044,17.49147345612852,-4.159266801890938,-2.508637379395886,2026-04-02T11:24:55.814350
2461132.977141204, A.D. 2026-Apr-02 11:27:05.0000,69.185634,-192966193.9179873,-213636833.1125699,-88348626.88005301,17.49153010317802,-4.159204183374926,-2.50861148240375,2026-04-02T11:25:55.814387
2461132.977835648, A.D. 2026-Apr-02 11:28:05.0000,69.185634,-192965144.3981483,-213637082.6692039,-88348777.39974172,17.49158675017462,-4.159141564503,-2.508585585250509,2026-04-02T11:26:55.814383
2461132.978530093, A.D. 2026-Apr-02 11:29:05.0000,69.185634,-192964094.8749124,-213637332.2220803,-88348927.91787626,17.4916433971182,-4.159078945275279,-2.508559687936213,2026-04-02T11:27:55.814420
2461132.979224537, A.D. 2026-Apr-02 11:30:05.0000,69.185634,-192963045.3482756,-213637581.7711998,-88349078.43445721,17.49170004400899,-4.159016325691515,-2.508533790460757,2026-04-02T11:28:55.814376
2461132.979918981, A.D. 2026-Apr-02 11:31:05.0000,69.185634,-192961995.8182398,-213637831.3165621,-88349228.94948427,17.49175669084688,-4.158953705751828,-2.508507892824192,2026-04-02T11:29:55.814332
2461132.980613426, A.D. 2026-Apr-02 11:32:05.0000,69.185634,-192960946.2848052,-213638080.8581671,-88349379.46295744,17.49181333763187,-4.158891085456215,-2.508481995026517,2026-04-02T11:30:55.814369
2461132.98130787, A.D. 2026-Apr-02 11:33:05.0000,69.185634,-192959896.7479717,-213638330.3960147,-88349529.97487669,17.49186998436395,-4.158828464804675,-2.50845609706773,2026-04-02T11:31:55.814325
2461132.982002315, A.D. 2026-Apr-02 11:34:05.0000,69.185634,-192958847.2077414,-213638579.9301045,-88349680.48524173,17.49192663104301,-4.158765843797329,-2.508430198947882,2026-04-02T11:32:55.814402
2461132.982696759, A.D. 2026-Apr-02 11:35:05.0000,69.185634,-192957797.6641101,-213638829.4604374,-88349830.99405311,17.49198327766928,-4.158703222433926,-2.508404300666869,2026-04-02T11:33:55.814358
2461132.983391204, A.D. 2026-Apr-02 11:36:05.0000,69.185634,-192956748.1170778,-213639078.9870135,-88349981.50131087,17.49203992424275,-4.158640600714463,-2.508378402224689,2026-04-02T11:34:55.814395
2461132.984085648, A.D. 2026-Apr-02 11:37:05.0000,69.185634,-192955698.5666488,-213639328.5098316,-88350132.00701436,17.4920965707632,-4.158577978639187,-2.508352503621445,2026-04-02T11:35:55.814351
2461132.984780093, A.D. 2026-Apr-02 11:38:05.0000,69.185634,-192954649.0128208,-213639578.0288924,-88350282.51116392,17.49215321723074,-4.15851535620797,-2.508326604857083,2026-04-02T11:36:55.814428
2461132.985474537, A.D. 2026-Apr-02 11:39:05.0000,69.185634,-192953599.455594,-213639827.5441957,-88350433.0137595,17.49220986364537,-4.15845273342081,-2.508300705931603,2026-04-02T11:37:55.814384
2461132.986168982, A.D. 2026-Apr-02 11:40:05.0000,69.185634,-192952549.8949684,-213640077.0557414,-88350583.51480108,17.49226651000708,-4.158390110277705,-2.508274806845003,2026-04-02T11:38:55.814421
2461132.986863426, A.D. 2026-Apr-02 11:41:05.0000,69.185634,-192951500.3309417,-213640326.5635302,-88350734.014289,17.492323156316,-4.158327486778528,-2.508248907597231,2026-04-02T11:39:55.814377
2461132.98755787, A.D. 2026-Apr-02 11:42:05.0000,69.185634,-192950450.7635183,-213640576.067561,-88350884.5122226,17.49237980257189,-4.158264862923525,-2.508223008188388,2026-04-02T11:40:55.814333
2461132.988252315, A.D. 2026-Apr-02 11:43:05.0000,69.185634,-192949401.192694,-213640825.5678347,-88351035.0086025,17.49243644877497,-4.158202238712443,-2.508197108618371,2026-04-02T11:41:55.814410
2461132.988946759, A.D. 2026-Apr-02 11:44:05.0000,69.185634,-192948351.6184729,-213641075.0643504,-88351185.5034281,17.49249309492502,-4.158139614145531,-2.508171208887281,2026-04-02T11:42:55.814366
2461132.989641204, A.D. 2026-Apr-02 11:45:05.0000,69.185634,-192947302.0408508,-213641324.5571091,-88351335.99669996,17.49254974102227,-4.158076989222536,-2.508145308995013,2026-04-02T11:43:55.814403
2461132.990335648, A.D. 2026-Apr-02 11:46:05.0000,69.185634,-192946252.459832,-213641574.0461095,-88351486.48841746,17.49260638706648,-4.158014363943706,-2.508119408941671,2026-04-02T11:44:55.814359
2461132.991030093, A.D. 2026-Apr-02 11:47:05.0000,69.185634,-192945202.8754122,-213641823.5313529,-88351636.97858123,17.49266303305789,-4.157951738308787,-2.508093508727149,2026-04-02T11:45:55.814396
2461132.991724537, A.D. 2026-Apr-02 11:48:05.0000,69.185634,-192944153.2875937,-213642073.0128387,-88351787.46719095,17.49271967899638,-4.157889112317903,-2.508067608351498,2026-04-02T11:46:55.814392
2461132.992418982, A.D. 2026-Apr-02 11:49:05.0000,69.185634,-192943103.6963762,-213642322.4905668,-88351937.9542466,17.49277632488194,-4.157826485971051,-2.508041707814717,2026-04-02T11:47:55.814429
2461132.993113426, A.D. 2026-Apr-02 11:50:05.0000,69.185634,-192942054.1017621,-213642571.9645367,-88352088.43974786,17.49283297071447,-4.157763859268353,-2.508015807116855,2026-04-02T11:48:55.814385
2461132.99380787, A.D. 2026-Apr-02 11:51:05.0000,69.185634,-192941004.503747,-213642821.4347493,-88352238.92369534,17.49288961649418,-4.157701232209557,-2.50798990625781,2026-04-02T11:49:55.814341
2461132.994502315, A.D. 2026-Apr-02 11:52:05.0000,69.185634,-192939954.902333,-213643070.9012043,-88352389.40608872,17.49294626222097,-4.157638604794784,-2.507964005237631,2026-04-02T11:50:55.814378
2461132.995196759, A.D. 2026-Apr-02 11:53:05.0000,69.185634,-192938905.2975203,-213643320.3639015,-88352539.88692802,17.49300290789483,-4.157575977024035,-2.507938104056317,2026-04-02T11:51:55.814334
2461132.995891204, A.D. 2026-Apr-02 11:54:05.0000,69.185634,-192937855.6893086,-213643569.8228409,-88352690.3662132,17.49305955351576,-4.157513348897303,-2.507912202713867,2026-04-02T11:52:55.814411
2461132.996585648, A.D. 2026-Apr-02 11:55:05.0000,69.185634,-192936806.0776961,-213643819.278023,-88352840.84394455,17.49311619908388,-4.157450720414464,-2.507886301210229,2026-04-02T11:53:55.814367
2461132.997280092, A.D. 2026-Apr-02 11:56:05.0000,69.185634,-192935756.4626869,-213644068.7294469,-88352991.32012145,17.49317284459896,-4.157388091575764,-2.507860399545503,2026-04-02T11:54:55.814323
2461132.997974537, A.D. 2026-Apr-02 11:57:05.0000,69.185634,-192934706.8442789,-213644318.1771128,-88353141.79474421,17.4932294900611,-4.157325462381076,-2.507834497719638,2026-04-02T11:55:55.814360
2461132.998668981, A.D. 2026-Apr-02 11:58:05.0000,69.185634,-192933657.222472,-213644567.621021,-88353292.26781283,17.49328613547031,-4.157262832830396,-2.507808595732632,2026-04-02T11:56:55.814316
2461132.999363426, A.D. 2026-Apr-02 11:59:05.0000,69.185634,-192932607.5972643,-213644817.0611717,-88353442.7393276,17.4933427808267,-4.157200202923598,-2.507782693584433,2026-04-02T11:57:55.814393
2461133.000057871, A.D. 2026-Apr-02 12:00:05.0000,69.185634,-192931557.9686598,-213645066.4975641,-88353593.20928785,17.49339942613004,-4.157137572660929,-2.507756791275142,2026-04-02T11:58:55.814430
2461133.000752315, A.D. 2026-Apr-02 12:01:05.0000,69.185634,-192930508.3366545,-213645315.930199,-88353743.67769425,17.49345607138056,-4.157074942042136,-2.507730888804655,2026-04-02T11:59:55.814386
2461133.001446759, A.D. 2026-Apr-02 12:02:05.0000,69.185634,-192929458.7012525,-213645565.3590755,-88353894.14454617,17.49351271657802,-4.157012311067468,-2.507704986173074,2026-04-02T12:00:55.814342
2461133.002141204, A.D. 2026-Apr-02 12:03:05.0000,69.185634,-192928409.0624495,-213645814.7841945,-88354044.60984416,17.49356936172267,-4.156949679736671,-2.507679083380296,2026-04-02T12:01:55.814419
2461133.002835648, A.D. 2026-Apr-02 12:04:05.0000,69.185634,-192927359.4202498,-213646064.2055551,-88354195.07358766,17.49362600681426,-4.156887048049992,-2.50765318042642,2026-04-02T12:02:55.814375
2461133.003530093, A.D. 2026-Apr-02 12:05:05.0000,69.185634,-192926309.7746493,-213646313.6231582,-88354345.53577723,17.49368265185302,-4.156824416007181,-2.507627277311344,2026-04-02T12:03:55.814412
2461133.004224537, A.D. 2026-Apr-02 12:06:05.0000,69.185634,-192925260.12565,-213646563.0370031,-88354495.99641256,17.49373929683885,-4.156761783608358,-2.507601374035119,2026-04-02T12:04:55.814368
2461133.004918981, A.D. 2026-Apr-02 12:07:05.0000,69.185634,-192924210.4732519,-213646812.4470901,-88354646.45549364,17.49379594177173,-4.156699150853521,-2.507575470597742,2026-04-02T12:05:55.814324
2461133.005613426, A.D. 2026-Apr-02 12:08:05.0000,69.185634,-192923160.817455,-213647061.853419,-88354796.91302049,17.49385258665167,-4.156636517742669,-2.507549566999212,2026-04-02T12:06:55.814401
2461133.00630787, A.D. 2026-Apr-02 12:09:05.0000,69.185634,-192922111.1582594,-213647311.2559898,-88354947.36899309,17.49390923147866,-4.156573884275797,-2.507523663239529,2026-04-02T12:07:55.814357
2461133.007002315, A.D. 2026-Apr-02 12:10:05.0000,69.185634,-192921061.495665,-213647560.6548025,-88355097.8234114,17.49396587625271,-4.156511250452904,-2.507497759318691,2026-04-02T12:08:55.814394
2461133.007696759, A.D. 2026-Apr-02 12:11:05.0000,69.185634,-192920011.8296718,-213647810.049857,-88355248.27627546,17.49402252097381,-4.156448616273988,-2.507471855236697,2026-04-02T12:09:55.814350
2461133.008391204, A.D. 2026-Apr-02 12:12:05.0000,69.185634,-192918962.1602798,-213648059.4411534,-88355398.7275852,17.49407916564196,-4.156385981739044,-2.507445950993546,2026-04-02T12:10:55.814387
2461133.009085648, A.D. 2026-Apr-02 12:13:05.0000,69.185634,-192917912.4874891,-213648308.8286916,-88355549.17734066,17.49413581025716,-4.156323346848072,-2.507420046589236,2026-04-02T12:11:55.814383
2461133.009780093, A.D. 2026-Apr-02 12:14:05.0000,69.185634,-192916862.8112996,-213648558.2124717,-88355699.62554179,17.49419245481941,-4.156260711601069,-2.507394142023767,2026-04-02T12:12:55.814420
2461133.010474537, A.D. 2026-Apr-02 12:15:05.0000,69.185634,-192915813.1317114,-213648807.5924935,-88355850.07218862,17.49424909932872,-4.156198075998032,-2.507368237297138,2026-04-02T12:13:55.814376
2461133.011168981, A.D. 2026-Apr-02 12:16:05.0000,69.185634,-192914763.4487223,-213649056.9687575,-88356000.51728143,17.49430574378518,-4.156135440038834,-2.507342332409294,2026-04-02T12:14:55.814332
2461133.011863426, A.D. 2026-Apr-02 12:17:05.0000,69.185634,-192913713.7623365,-213649306.3412628,-88356150.96081959,17.49436238818857,-4.156072803723721,-2.507316427360339,2026-04-02T12:15:55.814369
2461133.01255787, A.D. 2026-Apr-02 12:18:05.0000,69.185634,-192912664.0725499,-213649555.7100103,-88356301.40280369,17.49441903253913,-4.156010167052443,-2.507290522150169,2026-04-02T12:16:55.814325
2461133.013252315, A.D. 2026-Apr-02 12:19:05.0000,69.185634,-192911614.3793667,-213649805.074999,-88356451.84323315,17.49447567683661,-4.155947530025244,-2.507264616778885,2026-04-02T12:17:55.814402
2461133.013946759, A.D. 2026-Apr-02 12:20:05.0000,69.185634,-192910564.6827826,-213650054.4362299,-88356602.28210853,17.49453232108126,-4.155884892641875,-2.507238711246383,2026-04-02T12:18:55.814358
2461133.014641204, A.D. 2026-Apr-02 12:21:05.0000,69.185634,-192909514.9828019,-213650303.7937019,-88356752.71942925,17.49458896527283,-4.155822254902581,-2.507212805552764,2026-04-02T12:19:55.814395
2461133.015335648, A.D. 2026-Apr-02 12:22:05.0000,69.185634,-192908465.2794204,-213650553.1474161,-88356903.15519589,17.49464560941156,-4.15575961680711,-2.507186899697925,2026-04-02T12:20:55.814351
2461133.016030093, A.D. 2026-Apr-02 12:23:05.0000,69.185634,-192907415.5726401,-213650802.4973719,-88357053.58940811,17.49470225349732,-4.155696978355587,-2.507160993681917,2026-04-02T12:21:55.814428
2461133.016724537, A.D. 2026-Apr-02 12:24:05.0000,69.185634,-192906365.8624611,-213651051.8435692,-88357204.02206595,17.49475889753013,-4.155634339548005,-2.507135087504737,2026-04-02T12:22:55.814384
2461133.017418982, A.D. 2026-Apr-02 12:25:05.0000,69.185634,-192905316.1488855,-213651301.1860076,-88357354.45316906,17.49481554150986,-4.155571700384489,-2.507109181166435,2026-04-02T12:23:55.814421
2461133.018113426, A.D. 2026-Apr-02 12:26:05.0000,69.185634,-192904266.431909,-213651550.5246881,-88357504.88271806,17.49487218543674,-4.155509060864787,-2.507083274666909,2026-04-02T12:24:55.814377
2461133.01880787, A.D. 2026-Apr-02 12:27:05.0000,69.185634,-192903216.7115338,-213651799.8596101,-88357655.31071262,17.49492882931065,-4.155446420989021,-2.507057368006209,2026-04-02T12:25:55.814333
2461133.019502315, A.D. 2026-Apr-02 12:28:05.0000,69.185634,-192902166.9877599,-213652049.1907736,-88357805.73715273,17.4949854731316,-4.155383780757187,-2.507031461184332,2026-04-02T12:26:55.814410
2461133.020196759, A.D. 2026-Apr-02 12:29:05.0000,69.185634,-192901117.2605874,-213652298.5181786,-88357956.16203839,17.49504211689959,-4.155321140169285,-2.507005554201278,2026-04-02T12:27:55.814366
2461133.020891204, A.D. 2026-Apr-02 12:30:05.0000,69.185634,-192900067.5300139,-213652547.8418255,-88358106.58536988,17.49509876061472,-4.155258499225186,-2.506979647056994,2026-04-02T12:28:55.814403
2461133.021585648, A.D. 2026-Apr-02 12:31:05.0000,69.185634,-192899017.796044,-213652797.1617134,-88358257.00714661,17.49515540427676,-4.155195857925136,-2.506953739751583,2026-04-02T12:29:55.814359
2461133.022280093, A.D. 2026-Apr-02 12:32:05.0000,69.185634,-192897968.0586752,-213653046.4778427,-88358407.42736885,17.49521204788584,-4.155133216269011,-2.506927832284991,2026-04-02T12:30:55.814396
2461133.022974537, A.D. 2026-Apr-02 12:33:05.0000,69.185634,-192896918.3179078,-213653295.7902133,-88358557.8460366,17.49526869144195,-4.155070574256806,-2.506901924657217,2026-04-02T12:31:55.814392
2461133.023668982, A.D. 2026-Apr-02 12:34:05.0000,69.185634,-192895868.5737396,-213653545.0988259,-88358708.26315016,17.49532533494519,-4.155007931888394,-2.506876016868208,2026-04-02T12:32:55.814429
2461133.024363426, A.D. 2026-Apr-02 12:35:05.0000,69.185634,-192894818.8261748,-213653794.4036793,-88358858.6787089,17.49538197839535,-4.154945289164022,-2.506850108918067,2026-04-02T12:33:55.814385
2461133.02505787, A.D. 2026-Apr-02 12:36:05.0000,69.185634,-192893769.0752092,-213654043.7047745,-88359009.09271342,17.49543862179265,-4.154882646083438,-2.506824200806689,2026-04-02T12:34:55.814341
2461133.025752315, A.D. 2026-Apr-02 12:37:05.0000,69.185634,-192892719.320847,-213654293.0021106,-88359159.50516309,17.49549526513686,-4.15482000264689,-2.506798292534177,2026-04-02T12:35:55.814378
2461133.026446759, A.D. 2026-Apr-02 12:38:05.0000,69.185634,-192891669.5630841,-213654542.2956884,-88359309.91605854,17.49555190842821,-4.154757358854124,-2.506772384100425,2026-04-02T12:36:55.814334
2461133.027141204, A.D. 2026-Apr-02 12:39:05.0000,69.185634,-192890619.8019245,-213654791.5855071,-88359460.32539915,17.49560855166647,-4.154694714705389,-2.506746475505536,2026-04-02T12:37:55.814411
2461133.027835648, A.D. 2026-Apr-02 12:40:05.0000,69.185634,-192889570.0373642,-213655040.8715674,-88359610.73318549,17.49566519485186,-4.154632070200432,-2.506720566749405,2026-04-02T12:38:55.814367
2461133.028530092, A.D. 2026-Apr-02 12:41:05.0000,69.185634,-192888520.2694052,-213655290.153869,-88359761.13941723,17.49572183798427,-4.154569425339375,-2.506694657832083,2026-04-02T12:39:55.814323
2461133.029224537, A.D. 2026-Apr-02 12:42:05.0000,69.185634,-192887470.4980476,-213655539.4324118,-88359911.54409443,17.49577848106371,-4.154506780122216,-2.506668748753569,2026-04-02T12:40:55.814360
2461133.029918981, A.D. 2026-Apr-02 12:43:05.0000,69.185634,-192886420.7232912,-213655788.7071957,-88360061.94721702,17.49583512409015,-4.154444134548952,-2.506642839513861,2026-04-02T12:41:55.814316
2461133.030613426, A.D. 2026-Apr-02 12:44:05.0000,69.185634,-192885370.9451362,-213656037.9782209,-88360212.34878503,17.49589176706362,-4.154381488619582,-2.506616930112958,2026-04-02T12:42:55.814393
2461133.031307871, A.D. 2026-Apr-02 12:45:05.0000,69.185634,-192884321.1635846,-213656287.2454866,-88360362.74879813,17.49594840998399,-4.154318842334225,-2.506591020550912,2026-04-02T12:43:55.814430
2461133.032002315, A.D. 2026-Apr-02 12:46:05.0000,69.185634,-192883271.3786303,-213656536.5089945,-88360513.1472572,17.4960050528516,-4.154256195692507,-2.506565110827566,2026-04-02T12:44:55.814386
2461133.032696759, A.D. 2026-Apr-02 12:47:05.0000,69.185634,-192882221.5902793,-213656785.768743,-88360663.54416135,17.49606169566611,-4.154193548694798,-2.506539200943072,2026-04-02T12:45:55.814342
2461133.033391204, A.D. 2026-Apr-02 12:48:05.0000,69.185634,-192881171.7985297,-213657035.0247325,-88360813.93951087,17.49611833842763,-4.154130901340973,-2.506513290897379,2026-04-02T12:46:55.814419
2461133.034085648, A.D. 2026-Apr-02 12:49:05.0000,69.185634,-192880122.0033814,-213657284.2769631,-88360964.33330573,17.49617498113617,-4.154068253631028,-2.506487380690486,2026-04-02T12:47:55.814375
2461133.034780093, A.D. 2026-Apr-02 12:50:05.0000,69.185634,-192879072.2048345,-213657533.5254348,-88361114.72554594,17.49623162379172,-4.154005605564959,-2.506461470322391,2026-04-02T12:48:55.814412
2461133.035474537, A.D. 2026-Apr-02 12:51:05.0000,69.185634,-192878022.4028868,-213657782.7701479,-88361265.11623177,17.49628826639438,-4.153942957142641,-2.506435559793041,2026-04-02T12:49:55.814368
2461133.036168981, A.D. 2026-Apr-02 12:52:05.0000,69.185634,-192876972.5975426,-213658032.0111015,-88361415.50536264,17.49634490894394,-4.153880308364321,-2.506409649102539,2026-04-02T12:50:55.814324
2461133.036863426, A.D. 2026-Apr-02 12:53:05.0000,69.185634,-192875922.7887977,-213658281.2482966,-88361565.89293912,17.49640155144063,-4.153817659229746,-2.506383738250781,2026-04-02T12:51:55.814401
2461133.03755787, A.D. 2026-Apr-02 12:54:05.0000,69.185634,-192874872.9766562,-213658530.4817322,-88361716.2789606,17.4964581938842,-4.153755009739162,-2.506357827237867,2026-04-02T12:52:55.814357
2461133.038252315, A.D. 2026-Apr-02 12:55:05.0000,69.185634,-192873823.161114,-213658779.7114092,-88361866.6634277,17.4965148362749,-4.153692359892319,-2.506331916063695,2026-04-02T12:53:55.814394
2461133.038946759, A.D. 2026-Apr-02 12:56:05.0000,69.185634,-192872773.3421753,-213659028.9373265,-88362017.04633977,17.49657147861248,-4.153629709689462,-2.506306004728365,2026-04-02T12:54:55.814350
2461133.039641204, A.D. 2026-Apr-02 12:57:05.0000,69.185634,-192871723.5198358,-213659278.1594853,-88362167.4276974,17.49662812089718,-4.153567059130341,-2.506280093231774,2026-04-02T12:55:55.814387
2461133.040335648, A.D. 2026-Apr-02 12:58:05.0000,69.185634,-192870673.6940978,-213659527.3778849,-88362317.80750032,17.49668476312888,-4.153504408215078,-2.506254181573971,2026-04-02T12:56:55.814383
2461133.041030093, A.D. 2026-Apr-02 12:59:05.0000,69.185634,-192869623.8649631,-213659776.5925249,-88362468.18574817,17.49674140530747,-4.153441756943793,-2.506228269755008,2026-04-02T12:57:55.814420
2461133.041724537, A.D. 2026-Apr-02 13:00:05.0000,69.185634,-192868574.0324279,-213660025.8034061,-88362618.56244159,17.49679804743317,-4.153379105316236,-2.50620235777478,2026-04-02T12:58:55.814376
2461133.042418981, A.D. 2026-Apr-02 13:01:05.0000,69.185634,-192867524.196494,-213660275.0105283,-88362768.93758024,17.49685468950588,-4.153316453332529,-2.506176445633338,2026-04-02T12:59:55.814332
2461133.043113426, A.D. 2026-Apr-02 13:02:05.0000,69.185634,-192866474.3571614,-213660524.2138911,-88362919.31116413,17.49691133152557,-4.153253800992669,-2.506150533330679,2026-04-02T13:00:55.814369
2461133.04380787, A.D. 2026-Apr-02 13:03:05.0000,69.185634,-192865424.5144303,-213660773.4134947,-88363069.68319322,17.49696797349226,-4.153191148296654,-2.506124620866804,2026-04-02T13:01:55.814325
2461133.044502315, A.D. 2026-Apr-02 13:04:05.0000,69.185634,-192864374.6683006,-213661022.6093391,-88363220.05366752,17.49702461540596,-4.153128495244481,-2.50609870824171,2026-04-02T13:02:55.814402
2461133.045196759, A.D. 2026-Apr-02 13:05:05.0000,69.185634,-192863324.8187723,-213661271.8014241,-88363370.42258702,17.49708125726664,-4.153065841836147,-2.506072795455398,2026-04-02T13:03:55.814358
2461133.045891204, A.D. 2026-Apr-02 13:06:05.0000,69.185634,-192862274.9658433,-213661520.9897503,-88363520.78995202,17.49713789907443,-4.153003188071525,-2.506046882507813,2026-04-02T13:04:55.814395
2461133.046585648, A.D. 2026-Apr-02 13:07:05.0000,69.185634,-192861225.1095178,-213661770.1743168,-88363671.15576188,17.4971945408291,-4.152940533950863,-2.506020969399058,2026-04-02T13:05:55.814351
2461133.047280093, A.D. 2026-Apr-02 13:08:05.0000,69.185634,-192860175.2497937,-213662019.3551238,-88363821.52001692,17.49725118253075,-4.152877879474033,-2.50599505612908,2026-04-02T13:06:55.814428
2461133.047974537, A.D. 2026-Apr-02 13:09:05.0000,69.185634,-192859125.386671,-213662268.5321715,-88363971.88271712,17.4973078241794,-4.152815224641032,-2.505969142697879,2026-04-02T13:07:55.814384
2461133.048668982, A.D. 2026-Apr-02 13:10:05.0000,69.185634,-192858075.5201477,-213662517.7054603,-88364122.24386278,17.49736446577515,-4.152752569451733,-2.5059432291054,2026-04-02T13:08:55.814421
2461133.049363426, A.D. 2026-Apr-02 13:11:05.0000,69.185634,-192857025.6502278,-213662766.8749892,-88364272.60345326,17.49742110731777,-4.152689913906384,-2.505917315351748,2026-04-02T13:09:55.814377
2461133.05005787, A.D. 2026-Apr-02 13:12:05.0000,69.185634,-192855975.7769073,-213663016.0407591,-88364422.96148919,17.49747774880749,-4.152627258004731,-2.505891401436815,2026-04-02T13:10:55.814333
2461133.050752315, A.D. 2026-Apr-02 13:13:05.0000,69.185634,-192854925.9001903,-213663265.202769,-88364573.31796993,17.49753439024409,-4.152564601747023,-2.505865487360706,2026-04-02T13:11:55.814410
2461133.051446759, A.D. 2026-Apr-02 13:14:05.0000,69.185634,-192853876.0200727,-213663514.3610201,-88364723.67289609,17.49759103162778,-4.152501945133007,-2.505839573123315,2026-04-02T13:12:55.814366
2461133.052141204, A.D. 2026-Apr-02 13:15:05.0000,69.185634,-192852826.1365564,-213663763.5155116,-88364874.02626733,17.49764767295846,-4.152439288162804,-2.505813658724694,2026-04-02T13:13:55.814403
2461133.052835648, A.D. 2026-Apr-02 13:16:05.0000,69.185634,-192851776.2496417,-213664012.6662435,-88365024.37808369,17.49770431423611,-4.152376630836415,-2.50578774416484,2026-04-02T13:14:55.814359
2461133.053530093, A.D. 2026-Apr-02 13:17:05.0000,69.185634,-192850726.3593304,-213664261.8132154,-88365174.72834483,17.49776095546064,-4.152313973153958,-2.505761829443805,2026-04-02T13:15:55.814396
2461133.054224537, A.D. 2026-Apr-02 13:18:05.0000,69.185634,-192849676.4656185,-213664510.9564283,-88365325.07705133,17.49781759663226,-4.152251315115183,-2.505735914561483,2026-04-02T13:16:55.814392
2461133.054918982, A.D. 2026-Apr-02 13:19:05.0000,69.185634,-192848626.5685081,-213664760.0958816,-88365475.42420289,17.49787423775085,-4.152188656720212,-2.505709999517925,2026-04-02T13:17:55.814429
2461133.055613426, A.D. 2026-Apr-02 13:20:05.0000,69.185634,-192847576.6679991,-213665009.2315752,-88365625.76979952,17.49793087881642,-4.152125997969044,-2.505684084313132,2026-04-02T13:18:55.814385
2461133.05630787, A.D. 2026-Apr-02 13:21:05.0000,69.185634,-192846526.7640915,-213665258.3635093,-88365776.11384118,17.49798751982897,-4.152063338861674,-2.505658168947099,2026-04-02T13:19:55.814341
2461133.057002315, A.D. 2026-Apr-02 13:22:05.0000,69.185634,-192845476.8567854,-213665507.4916836,-88365926.45632787,17.4980441607885,-4.152000679398101,-2.505632253419827,2026-04-02T13:20:55.814378
2461133.057696759, A.D. 2026-Apr-02 13:23:05.0000,69.185634,-192844426.9460787,-213665756.6160989,-88366076.7972599,17.49810080169511,-4.151938019578197,-2.505606337731264,2026-04-02T13:21:55.814334
2461133.058391204, A.D. 2026-Apr-02 13:24:05.0000,69.185634,-192843377.0319755,-213666005.7367539,-88366227.13663664,17.49815744254859,-4.151875359402209,-2.505580421881511,2026-04-02T13:22:55.814411
2461133.059085648, A.D. 2026-Apr-02 13:25:05.0000,69.185634,-192842327.1144738,-213666254.8536491,-88366377.47445838,17.49821408334903,-4.151812698870009,-2.505554505870514,2026-04-02T13:23:55.814367
2461133.059780092, A.D. 2026-Apr-02 13:26:05.0000,69.185634,-192841277.1935736,-213666503.9667847,-88366527.81072511,17.49827072409644,-4.151750037981597,-2.505528589698274,2026-04-02T13:24:55.814323
2461133.060474537, A.D. 2026-Apr-02 13:27:05.0000,69.185634,-192840227.2692727,-213666753.076161,-88366678.14543714,17.49832736479094,-4.151687376736844,-2.505502673364738,2026-04-02T13:25:55.814360
2461133.061168981, A.D. 2026-Apr-02 13:28:05.0000,69.185634,-192839177.3415754,-213667002.181777,-88366828.47859384,17.49838400543229,-4.151624715135998,-2.505476756870006,2026-04-02T13:26:55.814316
2461133.061863426, A.D. 2026-Apr-02 13:29:05.0000,69.185634,-192838127.4104775,-213667251.2836337,-88366978.8101958,17.49844064602073,-4.151562053178804,-2.505450840213976,2026-04-02T13:27:55.814393
2461133.062557871, A.D. 2026-Apr-02 13:30:05.0000,69.185634,-192837077.4759832,-213667500.3817301,-88367129.14024241,17.49849728655601,-4.151499390865512,-2.505424923396748,2026-04-02T13:28:55.814430
2461133.063252315, A.D. 2026-Apr-02 13:31:05.0000,69.185634,-192836027.5380882,-213667749.4760672,-88367279.4687343,17.49855392703838,-4.151436728195868,-2.505399006418219,2026-04-02T13:29:55.814386
2461133.063946759, A.D. 2026-Apr-02 13:32:05.0000,69.185634,-192834977.5967948,-213667998.5666444,-88367429.7956711,17.49861056746771,-4.151374065169996,-2.50537308927844,2026-04-02T13:30:55.814342
2461133.064641204, A.D. 2026-Apr-02 13:33:05.0000,69.185634,-192833927.6521049,-213668247.6534612,-88367580.12105253,17.49866720784389,-4.151311401788018,-2.505347171977459,2026-04-02T13:31:55.814419
2461133.065335648, A.D. 2026-Apr-02 13:34:05.0000,69.185634,-192832877.7040145,-213668496.7365186,-88367730.44487917,17.49872384816715,-4.151248738049682,-2.505321254515174,2026-04-02T13:32:55.814375
2461133.066030093, A.D. 2026-Apr-02 13:35:05.0000,69.185634,-192831827.7525255,-213668745.815816,-88367880.76715076,17.49878048843736,-4.151186073955108,-2.505295336891634,2026-04-02T13:33:55.814412
2461133.066724537, A.D. 2026-Apr-02 13:36:05.0000,69.185634,-192830777.797638,-213668994.8913535,-88368031.0878672,17.49883712865454,-4.151123409504295,-2.50526941910684,2026-04-02T13:34:55.814368
2461133.067418981, A.D. 2026-Apr-02 13:37:05.0000,69.185634,-192829727.839352,-213669243.9631311,-88368181.40702856,17.49889376881867,-4.151060744697242,-2.505243501160787,2026-04-02T13:35:55.814324
2461133.068113426, A.D. 2026-Apr-02 13:38:05.0000,69.185634,-192828677.8776676,-213669493.0311486,-88368331.72463478,17.49895040892977,-4.150998079533943,-2.505217583053478,2026-04-02T13:36:55.814401
2461133.06880787, A.D. 2026-Apr-02 13:39:05.0000,69.185634,-192827627.9125846,-213669742.0954061,-88368482.04068588,17.49900704898782,-4.150935414014399,-2.505191664784908,2026-04-02T13:37:55.814357
2461133.069502315, A.D. 2026-Apr-02 13:40:05.0000,69.185634,-192826577.9441032,-213669991.1559036,-88368632.35518184,17.49906368899282,-4.150872748138606,-2.505165746355078,2026-04-02T13:38:55.814394
2461133.070196759, A.D. 2026-Apr-02 13:41:05.0000,69.185634,-192825527.9722233,-213670240.2126411,-88368782.66812265,17.49912032894478,-4.150810081906561,-2.505139827763988,2026-04-02T13:39:55.814350
2461133.070891204, A.D. 2026-Apr-02 13:42:05.0000,69.185634,-192824477.9969449,-213670489.2656184,-88368932.9795083,17.4991769688437,-4.150747415318262,-2.505113909011634,2026-04-02T13:40:55.814387
2461133.071585648, A.D. 2026-Apr-02 13:43:05.0000,69.185634,-192823428.0182659,-213670738.3148362,-88369083.28933908,17.49923360868967,-4.150684748373582,-2.505087990097965,2026-04-02T13:41:55.814383
2461133.072280093, A.D. 2026-Apr-02 13:44:05.0000,69.185634,-192822378.0361906,-213670987.3602933,-88369233.59761438,17.49929024848248,-4.150622081072767,-2.505062071023083,2026-04-02T13:42:55.814420
2461133.072974537, A.D. 2026-Apr-02 13:45:05.0000,69.185634,-192821328.0507168,-213671236.4019903,-88369383.90433449,17.49934688822225,-4.15055941341569,-2.505036151786934,2026-04-02T13:43:55.814376
2461133.073668981, A.D. 2026-Apr-02 13:46:05.0000,69.185634,-192820278.0618424,-213671485.4399276,-88369534.20949969,17.49940352790908,-4.150496745402225,-2.505010232389466,2026-04-02T13:44:55.814332
2461133.074363426, A.D. 2026-Apr-02 13:47:05.0000,69.185634,-192819228.0695716,-213671734.4741043,-88369684.5131094,17.49946016754274,-4.150434077032617,-2.504984312830782,2026-04-02T13:45:55.814369
2461133.07505787, A.D. 2026-Apr-02 13:48:05.0000,69.185634,-192818178.0739003,-213671983.5045212,-88369834.8151642,17.49951680712346,-4.150371408306616,-2.504958393110776,2026-04-02T13:46:55.814325
2461133.075752315, A.D. 2026-Apr-02 13:49:05.0000,69.185634,-192817128.0748305,-213672232.5311779,-88369985.11566375,17.49957344665113,-4.150308739224343,-2.504932473229499,2026-04-02T13:47:55.814402
2461133.076446759, A.D. 2026-Apr-02 13:50:05.0000,69.185634,-192816078.0723644,-213672481.5540738,-88370135.41460776,17.49963008612563,-4.15024606978592,-2.504906553187002,2026-04-02T13:48:55.814358
2461133.077141204, A.D. 2026-Apr-02 13:51:05.0000,69.185634,-192815028.0664977,-213672730.57321,-88370285.71199685,17.49968672554719,-4.150183399991096,-2.50488063298318,2026-04-02T13:49:55.814395
2461133.077835648, A.D. 2026-Apr-02 13:52:05.0000,69.185634,-192813978.0572326,-213672979.5885859,-88370436.00783068,17.49974336491568,-4.150120729839991,-2.504854712618084,2026-04-02T13:50:55.814351
2461133.078530093, A.D. 2026-Apr-02 13:53:05.0000,69.185634,-192812928.044569,-213673228.6002015,-88370586.30210923,17.49980000423113,-4.150058059332606,-2.504828792091711,2026-04-02T13:51:55.814428
2461133.079224537, A.D. 2026-Apr-02 13:54:05.0000,69.185634,-192811878.028507,-213673477.6080567,-88370736.59483251,17.49985664349351,-4.149995388468935,-2.504802871404062,2026-04-02T13:52:55.814384
2461133.079918982, A.D. 2026-Apr-02 13:55:05.0000,69.185634,-192810828.0090466,-213673726.6121516,-88370886.8860005,17.49991328270282,-4.149932717248977,-2.504776950555136,2026-04-02T13:53:55.814421
2461133.080613426, A.D. 2026-Apr-02 13:56:05.0000,69.185634,-192809777.9861877,-213673975.6124861,-88371037.1756132,17.49996992185908,-4.14987004567273,-2.50475102954493,2026-04-02T13:54:55.814377
2461133.08130787, A.D. 2026-Apr-02 13:57:05.0000,69.185634,-192808727.9599304,-213674224.6090602,-88371187.4636706,17.50002656096227,-4.149807373740192,-2.504725108373444,2026-04-02T13:55:55.814333
2461133.082002315, A.D. 2026-Apr-02 13:58:05.0000,69.185634,-192807677.9302746,-213674473.6018738,-88371337.75017267,17.5000832000124,-4.149744701451358,-2.504699187040677,2026-04-02T13:56:55.814410
2461133.082696759, A.D. 2026-Apr-02 13:59:05.0000,69.185634,-192806627.8972204,-213674722.5909271,-88371488.03511944,17.50013983900946,-4.149682028806227,-2.504673265546627,2026-04-02T13:57:55.814366
2461133.083391204, A.D. 2026-Apr-02 14:00:05.0000,69.185634,-192805577.8607678,-213674971.5762199,-88371638.31851086,17.50019647795346,-4.149619355804797,-2.504647343891293,2026-04-02T13:58:55.814403
2461133.084085648, A.D. 2026-Apr-02 14:01:05.0000,69.185634,-192804527.8209147,-213675220.5577526,-88371788.60034724,17.5002531168445,-4.149556682446939,-2.504621422074623,2026-04-02T13:59:55.814359
2461133.084780093, A.D. 2026-Apr-02 14:02:05.0000,69.185634,-192803477.7776653,-213675469.5355244,-88371938.88062797,17.50030975568237,-4.149494008732901,-2.504595500096717,2026-04-02T14:00:55.814396
2461133.085474537, A.D. 2026-Apr-02 14:03:05.0000,69.185634,-192802427.7310154,-213675718.5095362,-88372089.15935363,17.50036639446727,-4.149431334662432,-2.504569577957473,2026-04-02T14:01:55.814392
2461133.086168982, A.D. 2026-Apr-02 14:04:05.0000,69.185634,-192801377.6809691,-213675967.4797869,-88372239.43652362,17.50042303319899,-4.149368660235778,-2.504543655656993,2026-04-02T14:02:55.814429
2461133.086863426, A.D. 2026-Apr-02 14:05:05.0000,69.185634,-192800327.6275223,-213676216.4462775,-88372389.71213855,17.50047967187775,-4.149305985452686,-2.504517733195171,2026-04-02T14:03:55.814385
2461133.08755787, A.D. 2026-Apr-02 14:06:05.0000,69.185634,-192799277.5706793,-213676465.409007,-88372539.98619775,17.50053631050332,-4.149243310313404,-2.50449181057211,2026-04-02T14:04:55.814341
2461133.088252315, A.D. 2026-Apr-02 14:07:05.0000,69.185634,-192798227.5104357,-213676714.3679765,-88372690.25870188,17.50059294907594,-4.14918063481768,-2.504465887787705,2026-04-02T14:05:55.814378
2461133.088946759, A.D. 2026-Apr-02 14:08:05.0000,69.185634,-192797177.4467938,-213676963.3231853,-88372840.52965058,17.50064958759548,-4.149117958965637,-2.504439964842007,2026-04-02T14:06:55.814334
2461133.089641204, A.D. 2026-Apr-02 14:09:05.0000,69.185634,-192796127.3797555,-213677212.2746329,-88372990.79904357,17.50070622606183,-4.149055282757395,-2.504414041735066,2026-04-02T14:07:55.814411
2461133.090335648, A.D. 2026-Apr-02 14:10:05.0000,69.185634,-192795077.3093167,-213677461.2223203,-88373141.06688142,17.50076286447521,-4.148992606192703,-2.504388118466779,2026-04-02T14:08:55.814367
2461133.091030092, A.D. 2026-Apr-02 14:11:05.0000,69.185634,-192794027.2354796,-213677710.1662471,-88373291.33316384,17.50081950283552,-4.148929929271684,-2.504362195037194,2026-04-02T14:09:55.814323
2461133.091724537, A.D. 2026-Apr-02 14:12:05.0000,69.185634,-192792977.1582441,-213677959.1064131,-88373441.59789081,17.50087614114275,-4.148867251994336,-2.504336271446312,2026-04-02T14:10:55.814360
2461133.092418981, A.D. 2026-Apr-02 14:13:05.0000,69.185634,-192791927.0776102,-213678208.0428184,-88373591.8610623,17.50093277939689,-4.148804574360654,-2.50431034769413,2026-04-02T14:11:55.814316
2461133.093113426, A.D. 2026-Apr-02 14:14:05.0000,69.185634,-192790876.9935779,-213678456.9754629,-88373742.12267835,17.50098941759796,-4.148741896370638,-2.504284423780649,2026-04-02T14:12:55.814393
2461133.093807871, A.D. 2026-Apr-02 14:15:05.0000,69.185634,-192789826.9061473,-213678705.9043467,-88373892.38273889,17.50104605574593,-4.148679218024283,-2.504258499705866,2026-04-02T14:13:55.814430
2461133.094502315, A.D. 2026-Apr-02 14:16:05.0000,69.185634,-192788776.8153161,-213678954.8294701,-88374042.64124428,17.50110269384095,-4.148616539321464,-2.504232575469729,2026-04-02T14:14:55.814386
2461133.095196759, A.D. 2026-Apr-02 14:17:05.0000,69.185634,-192787726.7210887,-213679203.7508323,-88374192.89819384,17.50115933188275,-4.148553860262426,-2.50420665107234,2026-04-02T14:15:55.814342
2461133.095891204, A.D. 2026-Apr-02 14:18:05.0000,69.185634,-192786676.623463,-213679452.6684335,-88374343.1535879,17.50121596987148,-4.148491180847044,-2.504180726513646,2026-04-02T14:16:55.814419
2461133.096585648, A.D. 2026-Apr-02 14:19:05.0000,69.185634,-192785626.5224389,-213679701.5822739,-88374493.40742645,17.50127260780712,-4.148428501075314,-2.504154801793645,2026-04-02T14:17:55.814375
2461133.097280093, A.D. 2026-Apr-02 14:20:05.0000,69.185634,-192784576.4180143,-213679950.4923539,-88374643.65970977,17.50132924568978,-4.148365820947108,-2.504128876912286,2026-04-02T14:18:55.814412
2461133.097974537, A.D. 2026-Apr-02 14:21:05.0000,69.185634,-192783526.3101934,-213680199.3986725,-88374793.91043724,17.50138588351924,-4.148303140462675,-2.50410295186967,2026-04-02T14:19:55.814368
2461133.098668981, A.D. 2026-Apr-02 14:22:05.0000,69.185634,-192782476.1989721,-213680448.3012306,-88374944.15960948,17.50144252129573,-4.148240459621761,-2.504077026665693,2026-04-02T14:20:55.814324
2461133.099363426, A.D. 2026-Apr-02 14:23:05.0000,69.185634,-192781426.0843546,-213680697.2000273,-88375094.40722588,17.501499159019,-4.148177778424615,-2.504051101300457,2026-04-02T14:21:55.814401
2461133.10005787, A.D. 2026-Apr-02 14:24:05.0000,69.185634,-192780375.9663366,-213680946.0950635,-88375244.65328698,17.5015557966893,-4.148115096870982,-2.504025175773857,2026-04-02T14:22:55.814357
2461133.100752315, A.D. 2026-Apr-02 14:25:05.0000,69.185634,-192779325.8449203,-213681194.9863388,-88375394.89779252,17.5016124343065,-4.148052414960987,-2.503999250085944,2026-04-02T14:23:55.814394
2461133.101446759, A.D. 2026-Apr-02 14:26:05.0000,69.185634,-192778275.7201077,-213681443.8738524,-88375545.14074217,17.5016690718705,-4.147989732694751,-2.503973324236769,2026-04-02T14:24:55.814350
2461133.102141204, A.D. 2026-Apr-02 14:27:05.0000,69.185634,-192777225.5918947,-213681692.7576056,-88375695.38213654,17.50172570938151,-4.147927050072023,-2.503947398226226,2026-04-02T14:25:55.814387
2461133.102835648, A.D. 2026-Apr-02 14:28:05.0000,69.185634,-192776175.4602834,-213681941.6375977,-88375845.62197529,17.50178234683942,-4.147864367092924,-2.503921472054367,2026-04-02T14:26:55.814383
2461133.103530093, A.D. 2026-Apr-02 14:29:05.0000,69.185634,-192775125.3252737,-213682190.5138287,-88375995.86025843,17.50183898424424,-4.147801683757452,-2.50389554572119,2026-04-02T14:27:55.814420
2461133.104224537, A.D. 2026-Apr-02 14:30:05.0000,69.185634,-192774075.1868657,-213682439.3862986,-88376146.09698594,17.50189562159596,-4.147739000065604,-2.503869619226694,2026-04-02T14:28:55.814376
2461133.104918981, A.D. 2026-Apr-02 14:31:05.0000,69.185634,-192773025.0450594,-213682688.2550074,-88376296.33215782,17.50195225889457,-4.147676316017378,-2.503843692570878,2026-04-02T14:29:55.814332
2461133.105613426, A.D. 2026-Apr-02 14:32:05.0000,69.185634,-192771974.8998547,-213682937.119955,-88376446.56577405,17.50200889614009,-4.147613631612771,-2.50381776575374,2026-04-02T14:30:55.814369
2461133.10630787, A.D. 2026-Apr-02 14:33:05.0000,69.185634,-192770924.7512518,-213683185.9811415,-88376596.79783463,17.5020655333325,-4.14755094685178,-2.50379183877528,2026-04-02T14:31:55.814325
2461133.107002315, A.D. 2026-Apr-02 14:34:05.0000,69.185634,-192769874.5992505,-213683434.8385668,-88376747.02833956,17.50212217047181,-4.147488261734404,-2.503765911635496,2026-04-02T14:32:55.814402
2461133.107696759, A.D. 2026-Apr-02 14:35:05.0000,69.185634,-192768824.4438488,-213683683.6922313,-88376897.25728911,17.50217880755813,-4.147425576260516,-2.503739984334337,2026-04-02T14:33:55.814358
2461133.108391204, A.D. 2026-Apr-02 14:36:05.0000,69.185634,-192767774.2850509,-213683932.5421341,-88377047.48468268,17.50223544459122,-4.147362890430361,-2.503714056871902,2026-04-02T14:34:55.814395
2461133.109085648, A.D. 2026-Apr-02 14:37:05.0000,69.185634,-192766724.1228547,-213684181.3882757,-88377197.71052055,17.50229208157122,-4.147300204243813,-2.50368812924814,2026-04-02T14:35:55.814351
2461133.109780093, A.D. 2026-Apr-02 14:38:05.0000,69.185634,-192765673.9572581,-213684430.2306565,-88377347.93480302,17.50234871849821,-4.147237517700743,-2.503662201462999,2026-04-02T14:36:55.814428
2461133.110474537, A.D. 2026-Apr-02 14:39:05.0000,69.185634,-192764623.7882653,-213684679.0692755,-88377498.15752949,17.50240535537198,-4.147174830801401,-2.503636273516579,2026-04-02T14:37:55.814384
2461133.111168982, A.D. 2026-Apr-02 14:40:05.0000,69.185634,-192763573.6158721,-213684927.9041336,-88377648.37870052,17.50246199219276,-4.147112143545531,-2.503610345408777,2026-04-02T14:38:55.814421
2461133.111863426, A.D. 2026-Apr-02 14:41:05.0000,69.185634,-192762523.4400806,-213685176.7352305,-88377798.59831585,17.50251862896042,-4.14704945593326,-2.503584417139643,2026-04-02T14:39:55.814377
2461133.11255787, A.D. 2026-Apr-02 14:42:05.0000,69.185634,-192761473.260893,-213685425.5625655,-88377948.81637512,17.50257526567486,-4.146986767964706,-2.503558488709228,2026-04-02T14:40:55.814333
2461133.113252315, A.D. 2026-Apr-02 14:43:05.0000,69.185634,-192760423.0783049,-213685674.3861395,-88378099.03287895,17.50263190233629,-4.14692407963962,-2.503532560117427,2026-04-02T14:41:55.814410
2461133.113946759, A.D. 2026-Apr-02 14:44:05.0000,69.185634,-192759372.8923185,-213685923.2059522,-88378249.24782701,17.50268853894461,-4.146861390958121,-2.50350663136429,2026-04-02T14:42:55.814366
2461133.114641204, A.D. 2026-Apr-02 14:45:05.0000,69.185634,-192758322.702936,-213686172.022003,-88378399.461219,17.50274517549971,-4.146798701920335,-2.503480702449869,2026-04-02T14:43:55.814403
2461133.115335648, A.D. 2026-Apr-02 14:46:05.0000,69.185634,-192757272.5101531,-213686420.8342928,-88378549.67305551,17.5028018120018,-4.146736012526008,-2.503454773374058,2026-04-02T14:44:55.814359
2461133.116030093, A.D. 2026-Apr-02 14:47:05.0000,69.185634,-192756222.313972,-213686669.6428211,-88378699.88333623,17.50285844845077,-4.146673322775261,-2.503428844136908,2026-04-02T14:45:55.814396
2461133.116724537, A.D. 2026-Apr-02 14:48:05.0000,69.185634,-192755172.1143925,-213686918.447588,-88378850.09206116,17.50291508484662,-4.146610632668093,-2.503402914738418,2026-04-02T14:46:55.814392
2461133.117418982, A.D. 2026-Apr-02 14:49:05.0000,69.185634,-192754121.9114148,-213687167.2485933,-88379000.29923028,17.50297172118935,-4.146547942204502,-2.503376985178587,2026-04-02T14:47:55.814429
2461133.118113426, A.D. 2026-Apr-02 14:50:05.0000,69.185634,-192753071.7050367,-213687416.0458376,-88379150.50484388,17.50302835747907,-4.14648525138436,-2.503351055457362,2026-04-02T14:48:55.814385
2461133.11880787, A.D. 2026-Apr-02 14:51:05.0000,69.185634,-192752021.4952625,-213687664.8393199,-88379300.70890135,17.50308499371556,-4.146422560207912,-2.503325125574844,2026-04-02T14:49:55.814341
2461133.119502315, A.D. 2026-Apr-02 14:52:05.0000,69.185634,-192750971.28209,-213687913.6290405,-88379450.911403,17.50314162989892,-4.146359868675034,-2.503299195530982,2026-04-02T14:50:55.814378
2461133.120196759, A.D. 2026-Apr-02 14:53:05.0000,69.185634,-192749921.0655193,-213688162.4149996,-88379601.11234878,17.50319826602916,-4.146297176785723,-2.503273265325774,2026-04-02T14:51:55.814334
2461133.120891204, A.D. 2026-Apr-02 14:54:05.0000,69.185634,-192748870.8455482,-213688411.1971976,-88379751.31173901,17.50325490210639,-4.14623448453985,-2.503247334959168,2026-04-02T14:52:55.814411
2461133.121585648, A.D. 2026-Apr-02 14:55:05.0000,69.185634,-192747820.6221809,-213688659.9756334,-88379901.50957309,17.50331153813038,-4.146171791937662,-2.503221404431264,2026-04-02T14:53:55.814367
2461133.122280092, A.D. 2026-Apr-02 14:56:05.0000,69.185634,-192746770.3954154,-213688908.7503075,-88380051.70585129,17.50336817410123,-4.146109098979032,-2.503195473742011,2026-04-02T14:54:55.814323
2461133.122974537, A.D. 2026-Apr-02 14:57:05.0000,69.185634,-192745720.1652496,-213689157.5212205,-88380201.90057388,17.50342481001907,-4.146046405663835,-2.503169542891356,2026-04-02T14:55:55.814360
2461133.123668981, A.D. 2026-Apr-02 14:58:05.0000,69.185634,-192744669.9316876,-213689406.2883713,-88380352.09374031,17.50348144588367,-4.145983711992315,-2.5031436118794,2026-04-02T14:56:55.814316
2461133.124363426, A.D. 2026-Apr-02 14:59:05.0000,69.185634,-192743619.6947253,-213689655.0517608,-88380502.28535111,17.50353808169525,-4.145921017964222,-2.50311768070604,2026-04-02T14:57:55.814393
2461133.125057871, A.D. 2026-Apr-02 15:00:05.0000,69.185634,-192742569.4543648,-213689903.8113886,-88380652.475406,17.5035947174537,-4.145858323579677,-2.503091749371326,2026-04-02T14:58:55.814430
2461133.125752315, A.D. 2026-Apr-02 15:01:05.0000,69.185634,-192741519.210606,-213690152.5672546,-88380802.66390498,17.50365135315901,-4.145795628838678,-2.503065817875256,2026-04-02T14:59:55.814386
2461133.126446759, A.D. 2026-Apr-02 15:02:05.0000,69.185634,-192740468.9634511,-213690401.3193583,-88380952.85084772,17.50370798881108,-4.145732933741346,-2.503039886217882,2026-04-02T15:00:55.814342
2461133.127141204, A.D. 2026-Apr-02 15:03:05.0000,69.185634,-192739418.7128959,-213690650.0677008,-88381103.03623481,17.50376462441012,-4.145670238287432,-2.503013954399098,2026-04-02T15:01:55.814419
2461133.127835648, A.D. 2026-Apr-02 15:04:05.0000,69.185634,-192738368.4589425,-213690898.8122814,-88381253.22006595,17.50382125995603,-4.145607542477054,-2.502988022418955,2026-04-02T15:02:55.814375
2461133.128530093, A.D. 2026-Apr-02 15:05:05.0000,69.185634,-192737318.2015909,-213691147.5531001,-88381403.40234113,17.5038778954488,-4.145544846310212,-2.502962090277452,2026-04-02T15:03:55.814412
2461133.129224537, A.D. 2026-Apr-02 15:06:05.0000,69.185634,-192736267.940841,-213691396.290157,-88381553.58306032,17.50393453088843,-4.145482149786904,-2.502936157974588,2026-04-02T15:04:55.814368
2461133.129918981, A.D. 2026-Apr-02 15:07:05.0000,69.185634,-192735217.6766929,-213691645.0234519,-88381703.76222356,17.50399116627491,-4.145419452907126,-2.502910225510362,2026-04-02T15:05:55.814324
2461133.130613426, A.D. 2026-Apr-02 15:08:05.0000,69.185634,-192734167.4091467,-213691893.752985,-88381853.93983077,17.50404780160826,-4.145356755670877,-2.502884292884771,2026-04-02T15:06:55.814401
2461133.13130787, A.D. 2026-Apr-02 15:09:05.0000,69.185634,-192733117.1382001,-213692142.4787566,-88382004.1158823,17.50410443688858,-4.145294058078028,-2.502858360097765,2026-04-02T15:07:55.814357
2461133.132002315, A.D. 2026-Apr-02 15:10:05.0000,69.185634,-192732066.8638574,-213692391.2007657,-88382154.29037753,17.50416107211564,-4.145231360128827,-2.502832427149445,2026-04-02T15:08:55.814394
2461133.132696759, A.D. 2026-Apr-02 15:11:05.0000,69.185634,-192731016.5861165,-213692639.9190129,-88382304.46331671,17.50421770728956,-4.145168661823146,-2.502806494039757,2026-04-02T15:09:55.814350
2461133.133391204, A.D. 2026-Apr-02 15:12:05.0000,69.185634,-192729966.3049774,-213692888.633498,-88382454.63469988,17.50427434241033,-4.145105963160983,-2.502780560768701,2026-04-02T15:10:55.814387
2461133.134085648, A.D. 2026-Apr-02 15:13:05.0000,69.185634,-192728916.0204381,-213693137.3442217,-88382604.80452731,17.50433097747807,-4.145043264142211,-2.502754627336223,2026-04-02T15:11:55.814383
2461133.134780093, A.D. 2026-Apr-02 15:14:05.0000,69.185634,-192727865.7325026,-213693386.0511828,-88382754.97279838,17.50438761249255,-4.144980564767078,-2.502728693742427,2026-04-02T15:12:55.814420
2461133.135474537, A.D. 2026-Apr-02 15:15:05.0000,69.185634,-192726815.4411669,-213693634.7543823,-88382905.1395137,17.50444424745399,-4.144917865035328,-2.502702759987208,2026-04-02T15:13:55.814376
2461133.136168981, A.D. 2026-Apr-02 15:16:05.0000,69.185634,-192725765.146433,-213693883.4538197,-88383055.30467294,17.50450088236228,-4.144855164947088,-2.502676826070615,2026-04-02T15:14:55.814332
2461133.136863426, A.D. 2026-Apr-02 15:17:05.0000,69.185634,-192724714.848303,-213694132.1494946,-88383205.46827582,17.5045575172173,-4.144792464502477,-2.5026508919927,2026-04-02T15:15:55.814369
2461133.13755787, A.D. 2026-Apr-02 15:18:05.0000,69.185634,-192723664.5467728,-213694380.8414077,-88383355.63032289,17.50461415201929,-4.144729763701243,-2.502624957753358,2026-04-02T15:16:55.814325
2461133.138252315, A.D. 2026-Apr-02 15:19:05.0000,69.185634,-192722614.2418444,-213694629.5295588,-88383505.79081388,17.50467078676812,-4.144667062543511,-2.502599023352639,2026-04-02T15:17:55.814402
2461133.138946759, A.D. 2026-Apr-02 15:20:05.0000,69.185634,-192721563.9335178,-213694878.2139476,-88383655.94974875,17.50472742146381,-4.144604361029276,-2.502573088790543,2026-04-02T15:18:55.814358
2461133.139641204, A.D. 2026-Apr-02 15:21:05.0000,69.185634,-192720513.6217951,-213695126.8945738,-88383806.1071272,17.50478405610622,-4.14454165915866,-2.50254715406712,2026-04-02T15:19:55.814395
2461133.140335648, A.D. 2026-Apr-02 15:22:05.0000,69.185634,-192719463.3066722,-213695375.5714382,-88383956.26294982,17.50484069069558,-4.144478956931413,-2.502521219182265,2026-04-02T15:20:55.814351
2461133.141030093, A.D. 2026-Apr-02 15:23:05.0000,69.185634,-192718412.9881511,-213695624.2445405,-88384106.41721632,17.50489732523179,-4.144416254347655,-2.502495284136029,2026-04-02T15:21:55.814428
2461133.141724537, A.D. 2026-Apr-02 15:24:05.0000,69.185634,-192717362.6662318,-213695872.9138804,-88384256.56992666,17.50495395971484,-4.144353551407385,-2.50246934892841,2026-04-02T15:22:55.814384
2461133.142418982, A.D. 2026-Apr-02 15:25:05.0000,69.185634,-192716312.3409145,-213696121.5794581,-88384406.72108084,17.50501059414473,-4.144290848110601,-2.502443413559408,2026-04-02T15:23:55.814421
2461133.143113426, A.D. 2026-Apr-02 15:26:05.0000,69.185634,-192715262.0121968,-213696370.2412739,-88384556.87067917,17.50506722852158,-4.144228144457173,-2.50241747802897,2026-04-02T15:24:55.814377
2461133.14380787, A.D. 2026-Apr-02 15:27:05.0000,69.185634,-192714211.6800832,-213696618.8993269,-88384707.01872101,17.50512386284514,-4.144165440447351,-2.502391542337197,2026-04-02T15:25:55.814333
2461133.144502315, A.D. 2026-Apr-02 15:28:05.0000,69.185634,-192713161.3445713,-213696867.5536176,-88384857.16520667,17.50518049711555,-4.144102736081005,-2.502365606484037,2026-04-02T15:26:55.814410
2461133.145196759, A.D. 2026-Apr-02 15:29:05.0000,69.185634,-192712111.0056593,-213697116.2041464,-88385007.31013644,17.5052371313329,-4.144040031358011,-2.502339670469438,2026-04-02T15:27:55.814366
2461133.145891204, A.D. 2026-Apr-02 15:30:05.0000,69.185634,-192711060.6633511,-213697364.8509124,-88385157.4535097,17.50529376549697,-4.143977326278613,-2.502313734293501,2026-04-02T15:28:55.814403
2461133.146585648, A.D. 2026-Apr-02 15:31:05.0000,69.185634,-192710010.3176449,-213697613.4939159,-88385307.59532675,17.50535039960788,-4.143914620842684,-2.502287797956173,2026-04-02T15:29:55.814359
2461133.147280093, A.D. 2026-Apr-02 15:32:05.0000,69.185634,-192708959.9685384,-213697862.1331575,-88385457.73558785,17.50540703366573,-4.143851915050099,-2.502261861457401,2026-04-02T15:30:55.814396
2461133.147974537, A.D. 2026-Apr-02 15:33:05.0000,69.185634,-192707909.616036,-213698110.7686361,-88385607.87429245,17.5054636676703,-4.143789208901103,-2.502235924797289,2026-04-02T15:31:55.814392
2461133.148668982, A.D. 2026-Apr-02 15:34:05.0000,69.185634,-192706859.2601332,-213698359.4003527,-88385758.0114411,17.50552030162182,-4.143726502395443,-2.502209987975731,2026-04-02T15:32:55.814429
2461133.149363426, A.D. 2026-Apr-02 15:35:05.0000,69.185634,-192705808.9008324,-213698608.0283069,-88385908.14703348,17.50557693552016,-4.143663795533245,-2.502184050992777,2026-04-02T15:33:55.814385
2461133.15005787, A.D. 2026-Apr-02 15:36:05.0000,69.185634,-192704758.5381356,-213698856.6524981,-88386058.2810693,17.50563356936522,-4.143601088314627,-2.502158113848478,2026-04-02T15:34:55.814341
2461133.150752315, A.D. 2026-Apr-02 15:37:05.0000,69.185634,-192703708.1720385,-213699105.2729272,-88386208.41354917,17.50569020315721,-4.14353838073934,-2.502132176542731,2026-04-02T15:35:55.814378
2461133.151446759, A.D. 2026-Apr-02 15:38:05.0000,69.185634,-192702657.8025433,-213699353.8895938,-88386358.54447274,17.50574683689604,-4.143475672807504,-2.502106239075584,2026-04-02T15:36:55.814334
2461133.152141204, A.D. 2026-Apr-02 15:39:05.0000,69.185634,-192701607.42965,-213699602.5024977,-88386508.67384002,17.50580347058168,-4.143412964519118,-2.502080301447038,2026-04-02T15:37:55.814411
2461133.152835648, A.D. 2026-Apr-02 15:40:05.0000,69.185634,-192700557.0533586,-213699851.1116391,-88386658.80165099,17.50586010421415,-4.143350255874179,-2.50205436365709,2026-04-02T15:38:55.814367
2461133.153530092, A.D. 2026-Apr-02 15:41:05.0000,69.185634,-192699506.6736692,-213700099.7170178,-88386808.92790565,17.50591673779345,-4.143287546872685,-2.50202842570574,2026-04-02T15:39:55.814323
2461133.154224537, A.D. 2026-Apr-02 15:42:05.0000,69.185634,-192698456.2905816,-213700348.3186339,-88386959.05260399,17.50597337131956,-4.143224837514633,-2.502002487592986,2026-04-02T15:40:55.814360
2461133.154918981, A.D. 2026-Apr-02 15:43:05.0000,69.185634,-192697405.9040959,-213700596.9164873,-88387109.17574601,17.5060300047925,-4.143162127800019,-2.501976549318829,2026-04-02T15:41:55.814316
2461133.155613426, A.D. 2026-Apr-02 15:44:05.0000,69.185634,-192696355.5142121,-213700845.5105781,-88387259.29733168,17.50608663821225,-4.143099417728842,-2.501950610883265,2026-04-02T15:42:55.814393
2461133.156307871, A.D. 2026-Apr-02 15:45:05.0000,69.185634,-192695305.1209281,-213701094.1009066,-88387409.4173613,17.50614327157894,-4.143036707300976,-2.501924672286242,2026-04-02T15:43:55.814430
2461133.157002315, A.D. 2026-Apr-02 15:46:05.0000,69.185634,-192694254.7242482,-213701342.6874719,-88387559.53583427,17.50619990489232,-4.142973996516665,-2.501898733527863,2026-04-02T15:44:55.814386
2461133.157696759, A.D. 2026-Apr-02 15:47:05.0000,69.185634,-192693204.3241702,-213701591.2702745,-88387709.65275086,17.50625653815253,-4.142911285375784,-2.501872794608075,2026-04-02T15:45:55.814342
2461133.158391204, A.D. 2026-Apr-02 15:48:05.0000,69.185634,-192692153.920692,-213701839.8493147,-88387859.76811138,17.50631317135966,-4.142848573878205,-2.501846855526824,2026-04-02T15:46:55.814419
2461133.159085648, A.D. 2026-Apr-02 15:49:05.0000,69.185634,-192691103.5138178,-213702088.4245917,-88388009.88191521,17.50636980451349,-4.142785862024175,-2.501820916284213,2026-04-02T15:47:55.814375
2461133.159780093, A.D. 2026-Apr-02 15:50:05.0000,69.185634,-192690053.1035434,-213702336.9961064,-88388159.99416293,17.50642643761425,-4.142723149813441,-2.501794976880138,2026-04-02T15:48:55.814412
2461133.160474537, A.D. 2026-Apr-02 15:51:05.0000,69.185634,-192689002.6898731,-213702585.5638577,-88388310.10485396,17.50648307066171,-4.142660437246251,-2.5017690373147,2026-04-02T15:49:55.814368
2461133.161168981, A.D. 2026-Apr-02 15:52:05.0000,69.185634,-192687952.2728027,-213702834.1278467,-88388460.21398884,17.50653970365608,-4.142597724322354,-2.501743097587795,2026-04-02T15:50:55.814324
2461133.161863426, A.D. 2026-Apr-02 15:53:05.0000,69.185634,-192686901.8523341,-213703082.6880727,-88388610.32156733,17.50659633659728,-4.14253501104187,-2.501717157699475,2026-04-02T15:51:55.814401
2461133.16255787, A.D. 2026-Apr-02 15:54:05.0000,69.185634,-192685851.4284695,-213703331.2445354,-88388760.42758907,17.50665296948516,-4.142472297404922,-2.501691217649787,2026-04-02T15:52:55.814357
2461133.163252315, A.D. 2026-Apr-02 15:55:05.0000,69.185634,-192684801.0012049,-213703579.7972357,-88388910.53205465,17.50670960231996,-4.14240958341126,-2.501665277438629,2026-04-02T15:53:55.814394
2461133.163946759, A.D. 2026-Apr-02 15:56:05.0000,69.185634,-192683750.5705422,-213703828.346173,-88389060.63496378,17.50676623510157,-4.142346869061002,-2.501639337066052,2026-04-02T15:54:55.814350
2461133.164641204, A.D. 2026-Apr-02 15:57:05.0000,69.185634,-192682700.1364814,-213704076.8913473,-88389210.73631646,17.50682286782999,-4.142284154354149,-2.501613396532054,2026-04-02T15:55:55.814387
2461133.165335648, A.D. 2026-Apr-02 15:58:05.0000,69.185634,-192681649.6990226,-213704325.4327587,-88389360.83611265,17.5068795005052,-4.142221439290696,-2.501587455836633,2026-04-02T15:56:55.814383
2461133.166030093, A.D. 2026-Apr-02 15:59:05.0000,69.185634,-192680599.2581657,-213704573.970407,-88389510.93435234,17.50693613312723,-4.142158723870645,-2.501561514979789,2026-04-02T15:57:55.814420
2461133.166724537, A.D. 2026-Apr-02 16:00:05.0000,69.185634,-192679548.8139108,-213704822.5042923,-88389661.03103556,17.50699276569605,-4.142096008093987,-2.50153557396152,2026-04-02T15:58:55.814376
2461133.167418981, A.D. 2026-Apr-02 16:01:05.0000,69.185634,-192678498.3662579,-213705071.0344146,-88389811.12616226,17.50704939821167,-4.142033291960725,-2.501509632781826,2026-04-02T15:59:55.814332
2461133.168113426, A.D. 2026-Apr-02 16:02:05.0000,69.185634,-192677447.9152048,-213705319.5607743,-88389961.21973275,17.5071060306742,-4.141970575470728,-2.501483691440653,2026-04-02T16:00:55.814369
2461133.16880787, A.D. 2026-Apr-02 16:03:05.0000,69.185634,-192676397.4607558,-213705568.0833704,-88390111.3117464,17.50716266308342,-4.141907858624245,-2.501457749938103,2026-04-02T16:01:55.814325
2461133.169502315, A.D. 2026-Apr-02 16:04:05.0000,69.185634,-192675347.0029088,-213705816.6022034,-88390261.40220353,17.50721929543944,-4.141845141421148,-2.501431808274124,2026-04-02T16:02:55.814402
2461133.170196759, A.D. 2026-Apr-02 16:05:05.0000,69.185634,-192674296.5416616,-213706065.1172737,-88390411.49110442,17.50727592774236,-4.14178242386131,-2.501405866448663,2026-04-02T16:03:55.814358
2461133.170891204, A.D. 2026-Apr-02 16:06:05.0000,69.185634,-192673246.0770186,-213706313.6285804,-88390561.57844846,17.50733255999197,-4.141719705944977,-2.501379924461821,2026-04-02T16:04:55.814395
2461133.171585648, A.D. 2026-Apr-02 16:07:05.0000,69.185634,-192672195.6089754,-213706562.1361244,-88390711.66423622,17.50738919218848,-4.141656987671899,-2.501353982313495,2026-04-02T16:05:55.814351
2461133.172280093, A.D. 2026-Apr-02 16:08:05.0000,69.185634,-192671145.1375363,-213706810.6399047,-88390861.74846712,17.50744582433168,-4.14159426904232,-2.501328040003787,2026-04-02T16:06:55.814428
2461133.172974537, A.D. 2026-Apr-02 16:09:05.0000,69.185634,-192670094.662697,-213707059.1399223,-88391011.83114174,17.50750245642178,-4.141531550055992,-2.501302097532592,2026-04-02T16:07:55.814384
2461133.173668982, A.D. 2026-Apr-02 16:10:05.0000,69.185634,-192669044.1844619,-213707307.6361761,-88391161.91225946,17.50755908845855,-4.141468830713158,-2.501276154900012,2026-04-02T16:08:55.814421
2461133.174363426, A.D. 2026-Apr-02 16:11:05.0000,69.185634,-192667993.7028267,-213707556.1286672,-88391311.99182087,17.50761572044223,-4.141406111013569,-2.501250212105943,2026-04-02T16:09:55.814377
2461133.17505787, A.D. 2026-Apr-02 16:12:05.0000,69.185634,-192666943.2177934,-213707804.617395,-88391462.06982568,17.50767235237269,-4.141343390957345,-2.501224269150436,2026-04-02T16:10:55.814333
2461133.175752315, A.D. 2026-Apr-02 16:13:05.0000,69.185634,-192665892.7293622,-213708053.1023594,-88391612.14627387,17.50772898424995,-4.141280670544484,-2.501198326033488,2026-04-02T16:11:55.814410
2461133.176446759, A.D. 2026-Apr-02 16:14:05.0000,69.185634,-192664842.237533,-213708301.5835605,-88391762.22116542,17.50778561607398,-4.141217949774983,-2.5011723827551,2026-04-02T16:12:55.814366
2461133.177141204, A.D. 2026-Apr-02 16:15:05.0000,69.185634,-192663791.7423058,-213708550.0609983,-88391912.29450034,17.50784224784481,-4.141155228648842,-2.501146439315269,2026-04-02T16:13:55.814403
2461133.177835648, A.D. 2026-Apr-02 16:16:05.0000,69.185634,-192662741.2436805,-213708798.5346727,-88392062.3662786,17.50789887956241,-4.141092507166055,-2.501120495713995,2026-04-02T16:14:55.814359
2461133.178530093, A.D. 2026-Apr-02 16:17:05.0000,69.185634,-192661690.7416573,-213709047.0045837,-88392212.4365002,17.50795551122681,-4.141029785326623,-2.501094551951275,2026-04-02T16:15:55.814396
2461133.179224537, A.D. 2026-Apr-02 16:18:05.0000,69.185634,-192660640.2362362,-213709295.4707314,-88392362.50516513,17.50801214283798,-4.140967063130542,-2.501068608027111,2026-04-02T16:16:55.814392
2461133.179918982, A.D. 2026-Apr-02 16:19:05.0000,69.185634,-192659589.727417,-213709543.9331155,-88392512.57227339,17.50806877439593,-4.140904340577807,-2.501042663941499,2026-04-02T16:17:55.814429
2461133.180613426, A.D. 2026-Apr-02 16:20:05.0000,69.185634,-192658539.2151999,-213709792.3917362,-88392662.63782497,17.50812540590066,-4.140841617668419,-2.501016719694439,2026-04-02T16:18:55.814385
2461133.18130787, A.D. 2026-Apr-02 16:21:05.0000,69.185634,-192657488.6995827,-213710040.8465939,-88392812.70182012,17.50818203735229,-4.140778894402248,-2.500990775285878,2026-04-02T16:19:55.814341
2461133.182002315, A.D. 2026-Apr-02 16:22:05.0000,69.185634,-192656438.1805696,-213710289.2976877,-88392962.76425828,17.50823866875057,-4.140716170779543,-2.500964830715918,2026-04-02T16:20:55.814378
2461133.182696759, A.D. 2026-Apr-02 16:23:05.0000,69.185634,-192655387.6581585,-213710537.7450179,-88393112.82513972,17.50829530009564,-4.140653446800176,-2.500938885984508,2026-04-02T16:21:55.814334
2461133.183391204, A.D. 2026-Apr-02 16:24:05.0000,69.185634,-192654337.1323474,-213710786.188585,-88393262.88446474,17.50835193138759,-4.140590722464019,-2.500912941091592,2026-04-02T16:22:55.814411
2461133.184085648, A.D. 2026-Apr-02 16:25:05.0000,69.185634,-192653286.6031404,-213711034.6283881,-88393412.94223271,17.5084085626262,-4.14052799777132,-2.500886996037273,2026-04-02T16:23:55.814367
2461133.184780092, A.D. 2026-Apr-02 16:26:05.0000,69.185634,-192652236.0705334,-213711283.0644281,-88393562.99844424,17.5084651938117,-4.140465272721827,-2.500861050821449,2026-04-02T16:24:55.814323
2461133.185474537, A.D. 2026-Apr-02 16:27:05.0000,69.185634,-192651185.5345284,-213711531.4967045,-88393713.053099,17.50852182494397,-4.140402547315662,-2.500835105444168,2026-04-02T16:25:55.814360
2461133.186168981, A.D. 2026-Apr-02 16:28:05.0000,69.185634,-192650134.9951276,-213711779.9252168,-88393863.1061967,17.5085784560229,-4.140339821552947,-2.500809159905481,2026-04-02T16:26:55.814316
2461133.186863426, A.D. 2026-Apr-02 16:29:05.0000,69.185634,-192649084.4523267,-213712028.3499659,-88394013.15773794,17.50863508704871,-4.140277095433428,-2.500783214205283,2026-04-02T16:27:55.814393
2461133.187557871, A.D. 2026-Apr-02 16:30:05.0000,69.185634,-192648033.9061279,-213712276.7709513,-88394163.20772237,17.50869171802129,-4.140214368957231,-2.500757268343626,2026-04-02T16:28:55.814430
2461133.188252315, A.D. 2026-Apr-02 16:31:05.0000,69.185634,-192646983.3565311,-213712525.1881731,-88394313.25615002,17.50874834894063,-4.140151642124352,-2.500731322320507,2026-04-02T16:29:55.814386
2461133.188946759, A.D. 2026-Apr-02 16:32:05.0000,69.185634,-192645932.8035364,-213712773.6016311,-88394463.30302085,17.50880497980674,-4.140088914934788,-2.500705376135927,2026-04-02T16:30:55.814342
2461133.189641204, A.D. 2026-Apr-02 16:33:05.0000,69.185634,-192644882.2471437,-213713022.0113254,-88394613.34833488,17.50886161061962,-4.140026187388536,-2.500679429789883,2026-04-02T16:31:55.814419
2461133.190335648, A.D. 2026-Apr-02 16:34:05.0000,69.185634,-192643831.6873532,-213713270.4172559,-88394763.39209208,17.50891824137926,-4.139963459485593,-2.500653483282374,2026-04-02T16:32:55.814375
2461133.191030093, A.D. 2026-Apr-02 16:35:05.0000,69.185634,-192642781.1241647,-213713518.8194227,-88394913.43429245,17.50897487208566,-4.139900731225959,-2.5006275366134,2026-04-02T16:33:55.814412
2461133.191724537, A.D. 2026-Apr-02 16:36:05.0000,69.185634,-192641730.5575783,-213713767.2178257,-88395063.47493598,17.50903150273883,-4.13983800260963,-2.500601589782959,2026-04-02T16:34:55.814368
2461133.192418981, A.D. 2026-Apr-02 16:37:05.0000,69.185634,-192640679.9875939,-213714015.6124648,-88395213.51402263,17.50908813333875,-4.139775273636603,-2.500575642791049,2026-04-02T16:35:55.814324
2461133.193113426, A.D. 2026-Apr-02 16:38:05.0000,69.185634,-192639629.4142116,-213714264.0033401,-88395363.55155244,17.50914476388544,-4.139712544306876,-2.50054969563767,2026-04-02T16:36:55.814401
2461133.19380787, A.D. 2026-Apr-02 16:39:05.0000,69.185634,-192638578.8374294,-213714512.390452,-88395513.58752567,17.50920139437899,-4.139649814620323,-2.50052374832277,2026-04-02T16:37:55.814357
2461133.194502315, A.D. 2026-Apr-02 16:40:05.0000,69.185634,-192637528.2572513,-213714760.7737995,-88395663.62194172,17.50925802481919,-4.139587084577188,-2.500497800846448,2026-04-02T16:38:55.814394
2461133.195196759, A.D. 2026-Apr-02 16:41:05.0000,69.185634,-192636477.6736732,-213715009.1533836,-88395813.65480116,17.50931465520626,-4.13952435417722,-2.500471853208603,2026-04-02T16:39:55.814350
2461133.195891204, A.D. 2026-Apr-02 16:42:05.0000,69.185634,-192635427.0866992,-213715257.5292034,-88395963.68610343,17.50937128553997,-4.139461623420667,-2.500445905409336,2026-04-02T16:40:55.814387
2461133.196585648, A.D. 2026-Apr-02 16:43:05.0000,69.185634,-192634376.4963253,-213715505.9012596,-88396113.71584906,17.50942791582055,-4.139398892307276,-2.500419957448542,2026-04-02T16:41:55.814383
2461133.197280093, A.D. 2026-Apr-02 16:44:05.0000,69.185634,-192633325.9025556,-213715754.2695514,-88396263.74403748,17.50948454604777,-4.139336160837296,-2.500394009326323,2026-04-02T16:42:55.814420
2461133.197974537, A.D. 2026-Apr-02 16:45:05.0000,69.185634,-192632275.3053859,-213716002.6340797,-88396413.77066927,17.50954117622186,-4.139273429010473,-2.500368061042574,2026-04-02T16:43:55.814376
2461133.198668981, A.D. 2026-Apr-02 16:46:05.0000,69.185634,-192631224.7048183,-213716250.9948439,-88396563.7957441,17.50959780634269,-4.139210696826929,-2.500342112597348,2026-04-02T16:44:55.814332
2461133.199363426, A.D. 2026-Apr-02 16:47:05.0000,69.185634,-192630174.1008549,-213716499.3518437,-88396713.8192617,17.50965443641016,-4.139147964286787,-2.500316163990692,2026-04-02T16:45:55.814369
2461133.20005787, A.D. 2026-Apr-02 16:48:05.0000,69.185634,-192629123.4934915,-213716747.7050798,-88396863.84122264,17.50971106642449,-4.139085231389795,-2.500290215222505,2026-04-02T16:46:55.814325
2461133.200752315, A.D. 2026-Apr-02 16:49:05.0000,69.185634,-192628072.8827302,-213716996.0545519,-88397013.86162661,17.50976769638557,-4.139022498136074,-2.500264266292835,2026-04-02T16:47:55.814402
2461133.201446759, A.D. 2026-Apr-02 16:50:05.0000,69.185634,-192627022.2685711,-213717244.4002599,-88397163.88047358,17.5098243262934,-4.138959764525623,-2.500238317201682,2026-04-02T16:48:55.814358
2461133.202141204, A.D. 2026-Apr-02 16:51:05.0000,69.185634,-192625971.6510141,-213717492.7422038,-88397313.8977636,17.50988095614797,-4.138897030558439,-2.500212367949044,2026-04-02T16:49:55.814395
2461133.202835648, A.D. 2026-Apr-02 16:52:05.0000,69.185634,-192624921.0300592,-213717741.0803835,-88397463.91349657,17.50993758594929,-4.138834296234521,-2.50018641853492,2026-04-02T16:50:55.814351
2461133.203530093, A.D. 2026-Apr-02 16:53:05.0000,69.185634,-192623870.4057064,-213717989.414799,-88397613.92767258,17.50999421569735,-4.138771561553862,-2.50016046895931,2026-04-02T16:51:55.814428
2461133.204224537, A.D. 2026-Apr-02 16:54:05.0000,69.185634,-192622819.7779537,-213718237.7454509,-88397763.94029182,17.51005084539226,-4.138708826516339,-2.50013451922216,2026-04-02T16:52:55.814384
2461133.204918982, A.D. 2026-Apr-02 16:55:05.0000,69.185634,-192621769.1468052,-213718486.0723381,-88397913.95135377,17.5101074750338,-4.138646091122199,-2.500108569323572,2026-04-02T16:53:55.814421
2461133.205613426, A.D. 2026-Apr-02 16:56:05.0000,69.185634,-192620718.5122588,-213718734.395461,-88398063.96085867,17.51016410462208,-4.138583355371311,-2.500082619263494,2026-04-02T16:54:55.814377
2461133.20630787, A.D. 2026-Apr-02 16:57:05.0000,69.185634,-192619667.8743146,-213718982.7148197,-88398213.96880652,17.5102207341571,-4.138520619263676,-2.500056669041924,2026-04-02T16:55:55.814333
2461133.207002315, A.D. 2026-Apr-02 16:58:05.0000,69.185634,-192618617.2329704,-213719231.0304146,-88398363.97519763,17.51027736363897,-4.138457882799165,-2.50003071865881,2026-04-02T16:56:55.814410
2461133.207696759, A.D. 2026-Apr-02 16:59:05.0000,69.185634,-192617566.5882305,-213719479.3422447,-88398513.98003136,17.51033399306746,-4.138395145978024,-2.500004768114253,2026-04-02T16:57:55.814366
2461133.208391204, A.D. 2026-Apr-02 17:00:05.0000,69.185634,-192616515.9400906,-213719727.6503111,-88398663.98330832,17.51039062244281,-4.138332408800005,-2.49997881740815,2026-04-02T16:58:55.814403
2461133.209085648, A.D. 2026-Apr-02 17:01:05.0000,69.185634,-192615465.2885549,-213719975.9546125,-88398813.98502786,17.51044725176477,-4.13826967126535,-2.499952866540602,2026-04-02T16:59:55.814359
2461133.209780093, A.D. 2026-Apr-02 17:02:05.0000,69.185634,-192614414.6336194,-213720224.2551501,-88398963.98519064,17.51050388103357,-4.138206933373811,-2.499926915511505,2026-04-02T17:00:55.814396
2461133.210474537, A.D. 2026-Apr-02 17:03:05.0000,69.185634,-192613363.975286,-213720472.5519233,-88399113.98379631,17.51056051024912,-4.138144195125508,-2.49990096432091,2026-04-02T17:01:55.814392
2461133.211168982, A.D. 2026-Apr-02 17:04:05.0000,69.185634,-192612313.3135548,-213720720.8449322,-88399263.98084486,17.51061713941139,-4.138081456520438,-2.499875012968813,2026-04-02T17:02:55.814429
2461133.211863426, A.D. 2026-Apr-02 17:05:05.0000,69.185634,-192611262.6484278,-213720969.1341761,-88399413.97633597,17.51067376852027,-4.138018717558725,-2.499849061455269,2026-04-02T17:03:55.814385
2461133.21255787, A.D. 2026-Apr-02 17:06:05.0000,69.185634,-192610211.9799009,-213721217.419656,-88399563.97027028,17.510730397576,-4.137955978240116,-2.49982310978017,2026-04-02T17:04:55.814341
2461133.213252315, A.D. 2026-Apr-02 17:07:05.0000,69.185634,-192609161.3079761,-213721465.7013716,-88399713.96264741,17.51078702657846,-4.137893238564733,-2.499797157943568,2026-04-02T17:05:55.814378
2461133.213946759, A.D. 2026-Apr-02 17:08:05.0000,69.185634,-192608110.6326536,-213721713.9793226,-88399863.9534674,17.51084365552764,-4.137830498532574,-2.499771205945461,2026-04-02T17:06:55.814334
2461133.214641204, A.D. 2026-Apr-02 17:09:05.0000,69.185634,-192607059.9539332,-213721962.2535091,-88400013.94273023,17.51090028442355,-4.137767758143637,-2.499745253785849,2026-04-02T17:07:55.814411
2461133.215335648, A.D. 2026-Apr-02 17:10:05.0000,69.185634,-192606009.271815,-213722210.5239311,-88400163.93043588,17.51095691326619,-4.137705017397917,-2.499719301464729,2026-04-02T17:08:55.814367
2461133.216030092, A.D. 2026-Apr-02 17:11:05.0000,69.185634,-192604958.586299,-213722458.7905885,-88400313.91658436,17.51101354205554,-4.137642276295415,-2.499693348982102,2026-04-02T17:09:55.814323
2461133.216724537, A.D. 2026-Apr-02 17:12:05.0000,69.185634,-192603907.8973831,-213722707.0534818,-88400463.90117593,17.51107017079174,-4.137579534836001,-2.499667396337914,2026-04-02T17:10:55.814360
2461133.217418981, A.D. 2026-Apr-02 17:13:05.0000,69.185634,-192602857.2050715,-213722955.3126101,-88400613.88420999,17.51112679947454,-4.137516793019923,-2.499641443532267,2026-04-02T17:11:55.814316
2461133.218113426, A.D. 2026-Apr-02 17:14:05.0000,69.185634,-192601806.509362,-213723203.5679738,-88400763.86568686,17.51118342810405,-4.137454050847055,-2.499615490565108,2026-04-02T17:12:55.814393
2461133.218807871, A.D. 2026-Apr-02 17:15:05.0000,69.185634,-192600755.8102527,-213723451.8195733,-88400913.84560679,17.51124005668041,-4.137391308317266,-2.499589537436385,2026-04-02T17:13:55.814430
2461133.219502315, A.D. 2026-Apr-02 17:16:05.0000,69.185634,-192599705.1077477,-213723700.0674076,-88401063.82396922,17.51129668520336,-4.137328565430806,-2.499563584146201,2026-04-02T17:14:55.814386
2461133.220196759, A.D. 2026-Apr-02 17:17:05.0000,69.185634,-192598654.4018449,-213723948.3114773,-88401213.80077438,17.51135331367303,-4.137265822187548,-2.4995376306945,2026-04-02T17:15:55.814342
2461133.220891204, A.D. 2026-Apr-02 17:18:05.0000,69.185634,-192597603.6925421,-213724196.5517828,-88401363.77602258,17.51140994208953,-4.137203078587363,-2.499511677081232,2026-04-02T17:16:55.814419
2461133.221585648, A.D. 2026-Apr-02 17:19:05.0000,69.185634,-192596552.9798416,-213724444.7883235,-88401513.74971354,17.51146657045275,-4.137140334630373,-2.499485723306446,2026-04-02T17:17:55.814375
2461133.222280093, A.D. 2026-Apr-02 17:20:05.0000,69.185634,-192595502.2637455,-213724693.021099,-88401663.72184692,17.51152319876256,-4.137077590316702,-2.499459769370193,2026-04-02T17:18:55.814412
2461133.222974537, A.D. 2026-Apr-02 17:21:05.0000,69.185634,-192594451.5442494,-213724941.2501102,-88401813.69242333,17.5115798270192,-4.137014845646097,-2.499433815272369,2026-04-02T17:19:55.814368
2461133.223668981, A.D. 2026-Apr-02 17:22:05.0000,69.185634,-192593400.8213556,-213725189.4753567,-88401963.66144244,17.51163645522255,-4.13695210061868,-2.499407861013024,2026-04-02T17:20:55.814324
2461133.224363426, A.D. 2026-Apr-02 17:23:05.0000,69.185634,-192592350.0950639,-213725437.6968384,-88402113.62890425,17.51169308337261,-4.136889355234449,-2.499381906592156,2026-04-02T17:21:55.814401
2461133.22505787, A.D. 2026-Apr-02 17:24:05.0000,69.185634,-192591299.3653745,-213725685.9145552,-88402263.59480876,17.51174971146938,-4.136826609493402,-2.499355952009766,2026-04-02T17:22:55.814357
2461133.225752315, A.D. 2026-Apr-02 17:25:05.0000,69.185634,-192590248.6322895,-213725934.1285067,-88402413.55915563,17.51180633951275,-4.136763863395658,-2.499329997265902,2026-04-02T17:23:55.814394
2461133.226446759, A.D. 2026-Apr-02 17:26:05.0000,69.185634,-192589197.8958046,-213726182.3386938,-88402563.52194549,17.51186296750293,-4.13670111694097,-2.499304042360461,2026-04-02T17:24:55.814350
2461133.227141204, A.D. 2026-Apr-02 17:27:05.0000,69.185634,-192588147.1559198,-213726430.5451165,-88402713.48317832,17.51191959543993,-4.136638370129332,-2.499278087293442,2026-04-02T17:25:55.814387
2461133.227835648, A.D. 2026-Apr-02 17:28:05.0000,69.185634,-192587096.4126393,-213726678.7477738,-88402863.44285348,17.51197622332353,-4.136575622960992,-2.499252132064946,2026-04-02T17:26:55.814383
2461133.228530093, A.D. 2026-Apr-02 17:29:05.0000,69.185634,-192586045.6659611,-213726926.9466661,-88403013.40097128,17.51203285115382,-4.136512875435822,-2.499226176674921,2026-04-02T17:27:55.814420
2461133.229224537, A.D. 2026-Apr-02 17:30:05.0000,69.185634,-192584994.9158852,-213727175.1417935,-88403163.35753174,17.51208947893082,-4.13645012755382,-2.499200221123365,2026-04-02T17:28:55.814376
2461133.229918981, A.D. 2026-Apr-02 17:31:05.0000,69.185634,-192583944.1624115,-213727423.3331559,-88403313.31253481,17.51214610665452,-4.136387379314984,-2.499174265410279,2026-04-02T17:29:55.814332
2461133.230613426, A.D. 2026-Apr-02 17:32:05.0000,69.185634,-192582893.4055379,-213727671.5207539,-88403463.26598078,17.51220273432503,-4.136324630719185,-2.499148309535607,2026-04-02T17:30:55.814369
2461133.23130787, A.D. 2026-Apr-02 17:33:05.0000,69.185634,-192581842.6452687,-213727919.7045863,-88403613.21786906,17.51225936194213,-4.136261881766671,-2.499122353499454,2026-04-02T17:31:55.814325
2461133.232002315, A.D. 2026-Apr-02 17:34:05.0000,69.185634,-192580791.8815997,-213728167.8846541,-88403763.16820022,17.51231598950604,-4.136199132457191,-2.499096397301714,2026-04-02T17:32:55.814402
2461133.232696759, A.D. 2026-Apr-02 17:35:05.0000,69.185634,-192579741.114535,-213728416.0609564,-88403913.1169737,17.51237261701653,-4.136136382790992,-2.499070440942488,2026-04-02T17:33:55.814358
2461133.233391204, A.D. 2026-Apr-02 17:36:05.0000,69.185634,-192578690.3440705,-213728664.2334941,-88404063.06419003,17.51242924447383,-4.136073632767819,-2.499044484421674,2026-04-02T17:34:55.814395
2461133.234085648, A.D. 2026-Apr-02 17:37:05.0000,69.185634,-192577639.5702104,-213728912.4022662,-88404213.00984862,17.51248587187771,-4.136010882387922,-2.499018527739373,2026-04-02T17:35:55.814351
2461133.234780093, A.D. 2026-Apr-02 17:38:05.0000,69.185634,-192576588.7929504,-213729160.5672737,-88404362.95395009,17.51254249922841,-4.135948131651048,-2.498992570895481,2026-04-02T17:36:55.814428
2461133.235474537, A.D. 2026-Apr-02 17:39:05.0000,69.185634,-192575538.0122927,-213729408.728516,-88404512.89649408,17.51259912652579,-4.13588538055732,-2.498966613890047,2026-04-02T17:37:55.814384
2461133.236168982, A.D. 2026-Apr-02 17:40:05.0000,69.185634,-192574487.2282373,-213729656.8859932,-88404662.83748062,17.51265575376986,-4.135822629106733,-2.498940656723071,2026-04-02T17:38:55.814421
2461133.236863426, A.D. 2026-Apr-02 17:41:05.0000,69.185634,-192573436.4407863,-213729905.0397047,-88404812.77690938,17.51271238096051,-4.135759877299411,-2.498914699394604,2026-04-02T17:39:55.814377
2461133.23755787, A.D. 2026-Apr-02 17:42:05.0000,69.185634,-192572385.6499354,-213730153.1896514,-88404962.71478096,17.51276900809796,-4.135697125135103,-2.49888874190454,2026-04-02T17:40:55.814333
2461133.238252315, A.D. 2026-Apr-02 17:43:05.0000,69.185634,-192571334.8556869,-213730401.3358329,-88405112.65109505,17.5128256351821,-4.135634372613929,-2.498862784252931,2026-04-02T17:41:55.814410
2461133.238946759, A.D. 2026-Apr-02 17:44:05.0000,69.185634,-192570284.0580406,-213730649.4782491,-88405262.58585162,17.51288226221292,-4.135571619735888,-2.498836826439775,2026-04-02T17:42:55.814366
2461133.239641204, A.D. 2026-Apr-02 17:45:05.0000,69.185634,-192569233.2569966,-213730897.6169001,-88405412.5190507,17.51293888919043,-4.135508866500976,-2.498810868465072,2026-04-02T17:43:55.814403
2461133.240335648, A.D. 2026-Apr-02 17:46:05.0000,69.185634,-192568182.4525529,-213731145.7517863,-88405562.45069253,17.51299551611474,-4.135446112909067,-2.498784910328766,2026-04-02T17:44:55.814359
2461133.241030093, A.D. 2026-Apr-02 17:47:05.0000,69.185634,-192567131.6447135,-213731393.8829066,-88405712.38077655,17.51305214298562,-4.135383358960408,-2.498758952030963,2026-04-02T17:45:55.814396
2461133.241724537, A.D. 2026-Apr-02 17:48:05.0000,69.185634,-192566080.8334764,-213731642.0102616,-88405862.30930302,17.51310876980318,-4.13532060465487,-2.498732993571608,2026-04-02T17:46:55.814392
2461133.242418982, A.D. 2026-Apr-02 17:49:05.0000,69.185634,-192565030.0188417,-213731890.1338513,-88406012.23627195,17.51316539656742,-4.135257849992454,-2.498707034950699,2026-04-02T17:47:55.814429
2461133.243113426, A.D. 2026-Apr-02 17:50:05.0000,69.185634,-192563979.2008072,-213732138.2536761,-88406162.1616836,17.51322202327846,-4.135195094973029,-2.498681076168186,2026-04-02T17:48:55.814385
2461133.24380787, A.D. 2026-Apr-02 17:51:05.0000,69.185634,-192562928.379377,-213732386.3697349,-88406312.08553739,17.51327864993606,-4.135132339596844,-2.498655117224169,2026-04-02T17:49:55.814341
2461133.244502315, A.D. 2026-Apr-02 17:52:05.0000,69.185634,-192561877.5545471,-213732634.4820288,-88406462.0078339,17.51333527654045,-4.135069583863646,-2.498629158118545,2026-04-02T17:50:55.814378
2461133.245196759, A.D. 2026-Apr-02 17:53:05.0000,69.185634,-192560826.7263216,-213732882.5905568,-88406611.9285725,17.51339190309141,-4.135006827773682,-2.498603198851414,2026-04-02T17:51:55.814334
2461133.245891204, A.D. 2026-Apr-02 17:54:05.0000,69.185634,-192559775.8946963,-213733130.6953198,-88406761.84775382,17.51344852958915,-4.134944071326702,-2.498577239422673,2026-04-02T17:52:55.814411
2461133.246585648, A.D. 2026-Apr-02 17:55:05.0000,69.185634,-192558725.0596755,-213733378.7963168,-88406911.76537722,17.51350515603346,-4.134881314522949,-2.498551279832424,2026-04-02T17:53:55.814367
2461133.247280092, A.D. 2026-Apr-02 17:56:05.0000,69.185634,-192557674.2212549,-213733626.8935488,-88407061.68144332,17.51356178242455,-4.134818557362174,-2.498525320080562,2026-04-02T17:54:55.814323
2461133.247974537, A.D. 2026-Apr-02 17:57:05.0000,69.185634,-192556623.3794366,-213733874.9870153,-88407211.59595178,17.51361840876232,-4.134755799844499,-2.498499360167138,2026-04-02T17:55:55.814360
2461133.248668981, A.D. 2026-Apr-02 17:58:05.0000,69.185634,-192555572.5342207,-213734123.0767162,-88407361.5089026,17.51367503504675,-4.134693041969921,-2.498473400092151,2026-04-02T17:56:55.814316
2461133.249363426, A.D. 2026-Apr-02 17:59:05.0000,69.185634,-192554521.6856071,-213734371.1626515,-88407511.42029576,17.51373166127786,-4.134630283738438,-2.4984474398556,2026-04-02T17:57:55.814393
2461133.250057871, A.D. 2026-Apr-02 18:00:05.0000,69.185634,-192553470.8335958,-213734619.2448212,-88407661.33013128,17.51378828745563,-4.134567525150045,-2.498421479457483,2026-04-02T17:58:55.814430
2461133.250752315, A.D. 2026-Apr-02 18:01:05.0000,69.185634,-192552419.9781869,-213734867.3232253,-88407811.23840912,17.51384491358008,-4.134504766204742,-2.498395518897799,2026-04-02T17:59:55.814386
2461133.251446759, A.D. 2026-Apr-02 18:02:05.0000,69.185634,-192551369.1193804,-213735115.3978638,-88407961.14512928,17.51390153965119,-4.134442006902527,-2.498369558176547,2026-04-02T18:00:55.814342
2461133.252141204, A.D. 2026-Apr-02 18:03:05.0000,69.185634,-192550318.2571761,-213735363.4687366,-88408111.05029176,17.51395816566896,-4.134379247243395,-2.498343597293725,2026-04-02T18:01:55.814419
2461133.252835648, A.D. 2026-Apr-02 18:04:05.0000,69.185634,-192549267.3915743,-213735611.5358437,-88408260.95389655,17.5140147916334,-4.134316487227345,-2.498317636249333,2026-04-02T18:02:55.814375
2461133.253530093, A.D. 2026-Apr-02 18:05:05.0000,69.185634,-192548216.5225748,-213735859.5991851,-88408410.85594362,17.5140714175445,-4.134253726854374,-2.49829167504337,2026-04-02T18:03:55.814412
2461133.254224537, A.D. 2026-Apr-02 18:06:05.0000,69.185634,-192547165.6501777,-213736107.6587608,-88408560.75643297,17.51412804340227,-4.134190966124479,-2.498265713675834,2026-04-02T18:04:55.814368
2461133.254918981, A.D. 2026-Apr-02 18:07:05.0000,69.185634,-192546114.7743808,-213736355.7145712,-88408710.65536492,17.51418466920681,-4.134128205037534,-2.498239752146673,2026-04-02T18:05:55.814324
2461133.255613426, A.D. 2026-Apr-02 18:08:05.0000,69.185634,-192545063.8951884,-213736603.7666154,-88408860.5527388,17.51424129495789,-4.134065443593785,-2.498213790455988,2026-04-02T18:06:55.814401
2461133.25630787, A.D. 2026-Apr-02 18:09:05.0000,69.185634,-192544013.0125963,-213736851.8148942,-88409010.44855525,17.51429792065575,-4.134002681792981,-2.498187828603675,2026-04-02T18:07:55.814357
2461133.257002315, A.D. 2026-Apr-02 18:10:05.0000,69.185634,-192542962.1266086,-213737099.8594068,-88409160.34281366,17.51435454630016,-4.133939919635367,-2.498161866589836,2026-04-02T18:08:55.814394
2461133.257696759, A.D. 2026-Apr-02 18:11:05.0000,69.185634,-192541911.2372212,-213737347.900154,-88409310.23551457,17.51441117189134,-4.133877157120693,-2.498135904414368,2026-04-02T18:09:55.814350
2461133.258391204, A.D. 2026-Apr-02 18:12:05.0000,69.185634,-192540860.3444383,-213737595.9371349,-88409460.12665743,17.51446779742905,-4.133814394249206,-2.498109942077371,2026-04-02T18:10:55.814387
2461133.259085648, A.D. 2026-Apr-02 18:13:05.0000,69.185634,-192539809.4482557,-213737843.9703504,-88409610.0162428,17.51452442291354,-4.133751631020652,-2.498083979578741,2026-04-02T18:11:55.814383
2461133.259780093, A.D. 2026-Apr-02 18:14:05.0000,69.185634,-192538758.5486755,-213738091.9997999,-88409759.90427038,17.51458104834467,-4.133688867435154,-2.498058016918529,2026-04-02T18:12:55.814420
2461133.260474537, A.D. 2026-Apr-02 18:15:05.0000,69.185634,-192537707.6456977,-213738340.0254836,-88409909.79074015,17.51463767372246,-4.13362610349271,-2.498032054096734,2026-04-02T18:13:55.814376
2461133.261168981, A.D. 2026-Apr-02 18:16:05.0000,69.185634,-192536656.7393243,-213738588.0474008,-88410059.6756518,17.51469429904679,-4.133563339193442,-2.498006091113406,2026-04-02T18:14:55.814332
2461133.261863426, A.D. 2026-Apr-02 18:17:05.0000,69.185634,-192535605.8295513,-213738836.0655526,-88410209.55900595,17.51475092431788,-4.133500574537098,-2.497980127968441,2026-04-02T18:15:55.814369
2461133.26255787, A.D. 2026-Apr-02 18:18:05.0000,69.185634,-192534554.9163807,-213739084.0799384,-88410359.44080225,17.51480754953563,-4.133437809523801,-2.497954164661889,2026-04-02T18:16:55.814325
2461133.263252315, A.D. 2026-Apr-02 18:19:05.0000,69.185634,-192533503.9998125,-213739332.0905581,-88410509.3210407,17.51486417470001,-4.133375044153546,-2.497928201193749,2026-04-02T18:17:55.814402
2461133.263946759, A.D. 2026-Apr-02 18:20:05.0000,69.185634,-192532453.0798466,-213739580.0974118,-88410659.19972132,17.51492079981105,-4.133312278426334,-2.49790223756402,2026-04-02T18:18:55.814358
2461133.264641204, A.D. 2026-Apr-02 18:21:05.0000,69.185634,-192531402.1564811,-213739828.1005,-88410809.07684436,17.51497742486884,-4.133249512342034,-2.497876273772649,2026-04-02T18:19:55.814395
2461133.265335648, A.D. 2026-Apr-02 18:22:05.0000,69.185634,-192530351.2297201,-213740076.0998217,-88410958.95240924,17.51503404987317,-4.133186745900894,-2.497850309819738,2026-04-02T18:20:55.814351
2461133.266030093, A.D. 2026-Apr-02 18:23:05.0000,69.185634,-192529300.2995615,-213740324.0953772,-88411108.82641624,17.51509067482414,-4.133123979102789,-2.497824345705233,2026-04-02T18:21:55.814428
2461133.266724537, A.D. 2026-Apr-02 18:24:05.0000,69.185634,-192528249.3660054,-213740572.0871666,-88411258.69886534,17.51514729972175,-4.133061211947716,-2.497798381429136,2026-04-02T18:22:55.814384
2461133.267418982, A.D. 2026-Apr-02 18:25:05.0000,69.185634,-192527198.4290495,-213740820.0751904,-88411408.56975685,17.51520392456612,-4.132998444435545,-2.497772416991392,2026-04-02T18:23:55.814421
2461133.268113426, A.D. 2026-Apr-02 18:26:05.0000,69.185634,-192526147.4886982,-213741068.0594475,-88411558.43909013,17.51526054935701,-4.132935676566524,-2.497746452392102,2026-04-02T18:24:55.814377
2461133.26880787, A.D. 2026-Apr-02 18:27:05.0000,69.185634,-192525096.5449472,-213741316.0399389,-88411708.3068658,17.51531717409466,-4.132872908340403,-2.497720487631164,2026-04-02T18:25:55.814333
2461133.269502315, A.D. 2026-Apr-02 18:28:05.0000,69.185634,-192524045.5978008,-213741564.0166637,-88411858.17308325,17.51537379877883,-4.132810139757427,-2.497694522708679,2026-04-02T18:26:55.814410
2461133.270196759, A.D. 2026-Apr-02 18:29:05.0000,69.185634,-192522994.6472546,-213741811.9896227,-88412008.03774305,17.51543042340975,-4.132747370817344,-2.497668557624542,2026-04-02T18:27:55.814366
2461133.270891204, A.D. 2026-Apr-02 18:30:05.0000,69.185634,-192521943.6933131,-213742059.958815,-88412157.9008446,17.5154870479872,-4.132684601520403,-2.497642592378856,2026-04-02T18:28:55.814403
2461133.271585648, A.D. 2026-Apr-02 18:31:05.0000,69.185634,-192520892.7359718,-213742307.9242415,-88412307.7623885,17.51554367251139,-4.132621831866349,-2.497616626971517,2026-04-02T18:29:55.814359
2461133.272280093, A.D. 2026-Apr-02 18:32:05.0000,69.185634,-192519841.7752331,-213742555.8859017,-88412457.62237442,17.51560029698221,-4.132559061855305,-2.497590661402574,2026-04-02T18:30:55.814396
2461133.272974537, A.D. 2026-Apr-02 18:33:05.0000,69.185634,-192518790.8110967,-213742803.8437956,-88412607.48080236,17.51565692139967,-4.13249629148727,-2.497564695672027,2026-04-02T18:31:55.814392
2461133.273668982, A.D. 2026-Apr-02 18:34:05.0000,69.185634,-192517739.8435628,-213743051.7979232,-88412757.33767232,17.51571354576376,-4.132433520762241,-2.497538729779873,2026-04-02T18:32:55.814429
2461133.274363426, A.D. 2026-Apr-02 18:35:05.0000,69.185634,-192516688.8726335,-213743299.748284,-88412907.192984,17.51577017007437,-4.132370749680339,-2.497512763726165,2026-04-02T18:33:55.814385
2461133.27505787, A.D. 2026-Apr-02 18:36:05.0000,69.185634,-192515637.8983045,-213743547.6948788,-88413057.04673795,17.51582679433171,-4.132307978241312,-2.497486797510797,2026-04-02T18:34:55.814341
2461133.275752315, A.D. 2026-Apr-02 18:37:05.0000,69.185634,-192514586.9205759,-213743795.6377078,-88413206.89893419,17.5158834185358,-4.13224520644516,-2.497460831133769,2026-04-02T18:35:55.814378
2461133.276446759, A.D. 2026-Apr-02 18:38:05.0000,69.185634,-192513535.9394518,-213744043.5767699,-88413356.7495721,17.51594004268641,-4.132182434292126,-2.497434864595181,2026-04-02T18:36:55.814334
2461133.277141204, A.D. 2026-Apr-02 18:39:05.0000,69.185634,-192512484.9549302,-213744291.5120655,-88413506.59865196,17.51599666678364,-4.132119661782087,-2.497408897894982,2026-04-02T18:37:55.814411
2461133.277835648, A.D. 2026-Apr-02 18:40:05.0000,69.185634,-192511433.9670111,-213744539.4435947,-88413656.4461738,17.51605329082749,-4.132056888915037,-2.497382931033171,2026-04-02T18:38:55.814367
2461133.278530092, A.D. 2026-Apr-02 18:41:05.0000,69.185634,-192510382.9756945,-213744787.3713574,-88413806.29213756,17.51610991481797,-4.131994115690975,-2.497356964009744,2026-04-02T18:39:55.814323
2461133.279224537, A.D. 2026-Apr-02 18:42:05.0000,69.185634,-192509331.9809783,-213745035.2953541,-88413956.13654359,17.51616653875518,-4.131931342109773,-2.497330996824652,2026-04-02T18:40:55.814360
2461133.279918981, A.D. 2026-Apr-02 18:43:05.0000,69.185634,-192508280.9828666,-213745283.2155838,-88414105.9793912,17.51622316263891,-4.131868568171678,-2.497305029477995,2026-04-02T18:41:55.814316
2461133.280613426, A.D. 2026-Apr-02 18:44:05.0000,69.185634,-192507229.9813574,-213745531.1320469,-88414255.82068075,17.51627978646925,-4.131805793876565,-2.497279061969721,2026-04-02T18:42:55.814393
2461133.281307871, A.D. 2026-Apr-02 18:45:05.0000,69.185634,-192506178.9764486,-213745779.044744,-88414405.6604125,17.51633641024632,-4.131743019224304,-2.497253094299776,2026-04-02T18:43:55.814430
2461133.282002315, A.D. 2026-Apr-02 18:46:05.0000,69.185634,-192505127.9681422,-213746026.9536745,-88414555.49858615,17.51639303397002,-4.131680244215017,-2.497227126468212,2026-04-02T18:44:55.814386
2461133.282696759, A.D. 2026-Apr-02 18:47:05.0000,69.185634,-192504076.9564405,-213746274.8588379,-88414705.33520138,17.51644965764021,-4.131617468848829,-2.497201158475078,2026-04-02T18:45:55.814342
2461133.283391204, A.D. 2026-Apr-02 18:48:05.0000,69.185634,-192503025.9413392,-213746522.7602351,-88414855.1702588,17.51650628125714,-4.131554693125485,-2.497175190320271,2026-04-02T18:46:55.814419
2461133.284085648, A.D. 2026-Apr-02 18:49:05.0000,69.185634,-192501974.9228404,-213746770.6578657,-88415005.00375807,17.51656290482068,-4.131491917045109,-2.49714922200384,2026-04-02T18:47:55.814375
2461133.284780093, A.D. 2026-Apr-02 18:50:05.0000,69.185634,-192500923.9009461,-213747018.5517292,-88415154.8356989,17.51661952833072,-4.131429140607821,-2.497123253525836,2026-04-02T18:48:55.814412
2461133.285474537, A.D. 2026-Apr-02 18:51:05.0000,69.185634,-192499872.8756523,-213747266.4418264,-88415304.66608189,17.51667615178749,-4.131366363813373,-2.497097284886155,2026-04-02T18:49:55.814368
2461133.286168981, A.D. 2026-Apr-02 18:52:05.0000,69.185634,-192498821.846961,-213747514.3281569,-88415454.4949067,17.51673277519086,-4.131303586661883,-2.497071316084847,2026-04-02T18:50:55.814324
2461133.286863426, A.D. 2026-Apr-02 18:53:05.0000,69.185634,-192497770.8148722,-213747762.2107207,-88415604.32217336,17.51678939854085,-4.131240809153351,-2.497045347121911,2026-04-02T18:51:55.814401
2461133.28755787, A.D. 2026-Apr-02 18:54:05.0000,69.185634,-192496719.7793859,-213748010.0895178,-88415754.14788182,17.51684602183745,-4.131178031287773,-2.497019377997346,2026-04-02T18:52:55.814357
2461133.288252315, A.D. 2026-Apr-02 18:55:05.0000,69.185634,-192495668.7405022,-213748257.964548,-88415903.97203209,17.51690264508066,-4.131115253065149,-2.496993408711151,2026-04-02T18:53:55.814394
2461133.288946759, A.D. 2026-Apr-02 18:56:05.0000,69.185634,-192494617.6982209,-213748505.8358115,-88416053.79462415,17.51695926827047,-4.131052474485474,-2.496967439263324,2026-04-02T18:54:55.814350
2461133.289641204, A.D. 2026-Apr-02 18:57:05.0000,69.185634,-192493566.6525401,-213748753.7033086,-88416203.61565831,17.51701589140701,-4.13098969554862,-2.496941469653812,2026-04-02T18:55:55.814387
2461133.290335648, A.D. 2026-Apr-02 18:58:05.0000,69.185634,-192492515.6034639,-213749001.5670384,-88416353.43513396,17.51707251449003,-4.130926916254837,-2.496915499882719,2026-04-02T18:56:55.814383
2461133.291030093, A.D. 2026-Apr-02 18:59:05.0000,69.185634,-192491464.5509903,-213749249.4270014,-88416503.25305136,17.51712913751966,-4.130864136603995,-2.49688952994999,2026-04-02T18:57:55.814420
2461133.291724537, A.D. 2026-Apr-02 19:00:05.0000,69.185634,-192490413.4951192,-213749497.2831974,-88416653.06941053,17.51718576049589,-4.130801356596092,-2.496863559855626,2026-04-02T18:58:55.814376
2461133.292418981, A.D. 2026-Apr-02 19:01:05.0000,69.185634,-192489362.4358484,-213749745.1356271,-88416802.88421175,17.51724238341883,-4.130738576231002,-2.496837589599572,2026-04-02T18:59:55.814332
2461133.293113426, A.D. 2026-Apr-02 19:02:05.0000,69.185634,-192488311.3731824,-213749992.9842893,-88416952.69745441,17.51729900628826,-4.130675795508972,-2.496811619181931,2026-04-02T19:00:55.814369
2461133.29380787, A.D. 2026-Apr-02 19:03:05.0000,69.185634,-192487260.3071168,-213750240.8291851,-88417102.5091391,17.51735562910441,-4.130613014429747,-2.496785648602598,2026-04-02T19:01:55.814325
2461133.294502315, A.D. 2026-Apr-02 19:04:05.0000,69.185634,-192486209.2376559,-213750488.6703134,-88417252.3192652,17.51741225186704,-4.130550232993579,-2.496759677861677,2026-04-02T19:02:55.814402
2461133.295196759, A.D. 2026-Apr-02 19:05:05.0000,69.185634,-192485158.1647954,-213750736.5076751,-88417402.12783334,17.51746887457638,-4.13048745120021,-2.496733706959061,2026-04-02T19:03:55.814358
2461133.295891204, A.D. 2026-Apr-02 19:06:05.0000,69.185634,-192484107.0885375,-213750984.3412699,-88417551.93484315,17.51752549723231,-4.130424669049766,-2.496707735894803,2026-04-02T19:04:55.814395
2461133.296585648, A.D. 2026-Apr-02 19:07:05.0000,69.185634,-192483056.0088821,-213751232.1710977,-88417701.74029467,17.51758211983485,-4.130361886542245,-2.496681764668899,2026-04-02T19:05:55.814351
2461133.297280093, A.D. 2026-Apr-02 19:08:05.0000,69.185634,-192482004.9258313,-213751479.9971579,-88417851.54418756,17.51763874238386,-4.130299103677767,-2.496655793281402,2026-04-02T19:06:55.814428
2461133.297974537, A.D. 2026-Apr-02 19:09:05.0000,69.185634,-192480953.8393811,-213751727.8194515,-88418001.34652245,17.51769536487958,-4.130236320456081,-2.496629821732206,2026-04-02T19:07:55.814384
2461133.298668982, A.D. 2026-Apr-02 19:10:05.0000,69.185634,-192479902.7495334,-213751975.637978,-88418151.14729898,17.51775198732188,-4.13017353687731,-2.496603850021363,2026-04-02T19:08:55.814421
2461133.299363426, A.D. 2026-Apr-02 19:11:05.0000,69.185634,-192478851.6562882,-213752223.4527375,-88418300.94651715,17.51780860971078,-4.13011075294145,-2.49657787814887,2026-04-02T19:09:55.814377
2461133.30005787, A.D. 2026-Apr-02 19:12:05.0000,69.185634,-192477800.5596457,-213752471.2637297,-88418450.74417698,17.51786523204628,-4.130047968648498,-2.496551906114726,2026-04-02T19:10:55.814333
2461133.300752315, A.D. 2026-Apr-02 19:13:05.0000,69.185634,-192476749.4596057,-213752719.0709548,-88418600.54027846,17.51792185432835,-4.129985183998452,-2.496525933918931,2026-04-02T19:11:55.814410
2461133.301446759, A.D. 2026-Apr-02 19:14:05.0000,69.185634,-192475698.3561683,-213752966.8744127,-88418750.33482154,17.51797847655702,-4.129922398991313,-2.496499961561483,2026-04-02T19:12:55.814366
2461133.302141204, A.D. 2026-Apr-02 19:15:05.0000,69.185634,-192474647.2493314,-213753214.6741039,-88418900.12780654,17.51803509873238,-4.129859613626948,-2.496473989042331,2026-04-02T19:13:55.814403
2461133.302835648, A.D. 2026-Apr-02 19:16:05.0000,69.185634,-192473596.1390992,-213753462.4700274,-88419049.91923285,17.51809172085422,-4.129796827905608,-2.496448016361574,2026-04-02T19:14:55.814359
2461133.303530093, A.D. 2026-Apr-02 19:17:05.0000,69.185634,-192472545.0254696,-213753710.2621836,-88419199.70910075,17.51814834292264,-4.129734041827162,-2.496422043519161,2026-04-02T19:15:55.814396
2461133.304224537, A.D. 2026-Apr-02 19:18:05.0000,69.185634,-192471493.9084405,-213753958.0505731,-88419349.49741055,17.51820496493775,-4.129671255391488,-2.496396070515039,2026-04-02T19:16:55.814392
2461133.304918982, A.D. 2026-Apr-02 19:19:05.0000,69.185634,-192470442.788016,-213754205.8351947,-88419499.28416161,17.51826158689933,-4.129608468598827,-2.49637009734931,2026-04-02T19:17:55.814429
2461133.305613426, A.D. 2026-Apr-02 19:20:05.0000,69.185634,-192469391.6641921,-213754453.6160496,-88419649.06935453,17.51831820880761,-4.129545681448933,-2.496344124021869,2026-04-02T19:18:55.814385
2461133.30630787, A.D. 2026-Apr-02 19:21:05.0000,69.185634,-192468340.5369728,-213754701.3931366,-88419798.85298872,17.51837483066235,-4.129482893942048,-2.49631815053282,2026-04-02T19:19:55.814341
2461133.307002315, A.D. 2026-Apr-02 19:22:05.0000,69.185634,-192467289.4063541,-213754949.1664568,-88419948.63506475,17.51843145246379,-4.129420106077922,-2.496292176882057,2026-04-02T19:20:55.814378
2461133.307696759, A.D. 2026-Apr-02 19:23:05.0000,69.185634,-192466238.27234,-213755196.936009,-88420098.41558202,17.51848807421169,-4.129357317856802,-2.496266203069681,2026-04-02T19:21:55.814334
2461133.308391204, A.D. 2026-Apr-02 19:24:05.0000,69.185634,-192465187.1349265,-213755444.7017944,-88420248.19454111,17.51854469590628,-4.129294529278436,-2.49624022909559,2026-04-02T19:22:55.814411
2461133.309085648, A.D. 2026-Apr-02 19:25:05.0000,69.185634,-192464135.9941156,-213755692.4638124,-88420397.97194172,17.51860131754744,-4.129231740342946,-2.496214254959833,2026-04-02T19:23:55.814367
2461133.309780092, A.D. 2026-Apr-02 19:26:05.0000,69.185634,-192463084.8499073,-213755940.2220629,-88420547.74778385,17.51865793913518,-4.129168951050329,-2.496188280662409,2026-04-02T19:24:55.814323
2461133.310474537, A.D. 2026-Apr-02 19:27:05.0000,69.185634,-192462033.7023017,-213756187.976546,-88420697.52206746,17.51871456066948,-4.129106161400584,-2.496162306203317,2026-04-02T19:25:55.814360
2461133.311168981, A.D. 2026-Apr-02 19:28:05.0000,69.185634,-192460982.5512986,-213756435.7272616,-88420847.29479258,17.51877118215037,-4.129043371393706,-2.496136331582556,2026-04-02T19:26:55.814316
2461133.311863426, A.D. 2026-Apr-02 19:29:05.0000,69.185634,-192459931.3968983,-213756683.4742096,-88420997.06595916,17.51882780357782,-4.128980581029694,-2.496110356800125,2026-04-02T19:27:55.814393
2461133.312557871, A.D. 2026-Apr-02 19:30:05.0000,69.185634,-192458880.2391005,-213756931.2173902,-88421146.83556722,17.51888442495184,-4.128917790308546,-2.496084381856022,2026-04-02T19:28:55.814430
2461133.313252315, A.D. 2026-Apr-02 19:31:05.0000,69.185634,-192457829.0779053,-213757178.9568032,-88421296.60361671,17.51894104627243,-4.128854999230258,-2.496058406750246,2026-04-02T19:29:55.814386
2461133.313946759, A.D. 2026-Apr-02 19:32:05.0000,69.185634,-192456777.9133128,-213757426.6924486,-88421446.3701077,17.51899766753959,-4.128792207794829,-2.496032431482797,2026-04-02T19:30:55.814342
2461133.314641204, A.D. 2026-Apr-02 19:33:05.0000,69.185634,-192455726.745323,-213757674.4243264,-88421596.1350401,17.51905428875331,-4.128729416002255,-2.496006456053672,2026-04-02T19:31:55.814419
2461133.315335648, A.D. 2026-Apr-02 19:34:05.0000,69.185634,-192454675.5739336,-213757922.1524371,-88421745.89841422,17.51911090991371,-4.12866662385241,-2.495980480462819,2026-04-02T19:32:55.814375
2461133.316030093, A.D. 2026-Apr-02 19:35:05.0000,69.185634,-192453624.3991491,-213758169.8767797,-88421895.66022947,17.51916753102056,-4.128603831345539,-2.49595450471034,2026-04-02T19:33:55.814412
2461133.316724537, A.D. 2026-Apr-02 19:36:05.0000,69.185634,-192452573.2209671,-213758417.5973546,-88422045.42048614,17.51922415207398,-4.128541038481517,-2.495928528796183,2026-04-02T19:34:55.814368
2461133.317418981, A.D. 2026-Apr-02 19:37:05.0000,69.185634,-192451522.0393858,-213758665.3141624,-88422195.1791845,17.51928077307407,-4.128478245260216,-2.495902552720295,2026-04-02T19:35:55.814324
2461133.318113426, A.D. 2026-Apr-02 19:38:05.0000,69.185634,-192450470.8544092,-213758913.0272019,-88422344.93632396,17.51933739402061,-4.128415451681883,-2.495876576482777,2026-04-02T19:36:55.814401
2461133.31880787, A.D. 2026-Apr-02 19:39:05.0000,69.185634,-192449419.6660331,-213759160.7364742,-88422494.69190511,17.51939401491381,-4.128352657746264,-2.495850600083525,2026-04-02T19:37:55.814357
2461133.319502315, A.D. 2026-Apr-02 19:40:05.0000,69.185634,-192448368.4742597,-213759408.4419788,-88422644.44592762,17.51945063575358,-4.128289863453484,-2.49582462352259,2026-04-02T19:38:55.814394
2461133.320196759, A.D. 2026-Apr-02 19:41:05.0000,69.185634,-192447317.2790911,-213759656.1437151,-88422794.19839118,17.5195072565398,-4.128227068803664,-2.495798646800023,2026-04-02T19:39:55.814350
2461133.320891204, A.D. 2026-Apr-02 19:42:05.0000,69.185634,-192446266.080523,-213759903.8416842,-88422943.9492964,17.51956387727268,-4.128164273796552,-2.495772669915717,2026-04-02T19:40:55.814387
2461133.321585648, A.D. 2026-Apr-02 19:43:05.0000,69.185634,-192445214.8785577,-213760151.5358854,-88423093.69864297,17.51962049795211,-4.12810147843227,-2.495746692869725,2026-04-02T19:41:55.814383
2461133.322280093, A.D. 2026-Apr-02 19:44:05.0000,69.185634,-192444163.6731949,-213760399.2263188,-88423243.44643088,17.5196771185781,-4.128038682710816,-2.495720715662045,2026-04-02T19:42:55.814420
2461133.322974537, A.D. 2026-Apr-02 19:45:05.0000,69.185634,-192443112.4644349,-213760646.9129843,-88423393.1926601,17.51973373915065,-4.127975886632187,-2.495694738292676,2026-04-02T19:43:55.814376
2461133.323668981, A.D. 2026-Apr-02 19:46:05.0000,69.185634,-192442061.2522776,-213760894.5958821,-88423542.93733063,17.51979035966974,-4.127913090196381,-2.495668760761616,2026-04-02T19:44:55.814332
2461133.324363426, A.D. 2026-Apr-02 19:47:05.0000,69.185634,-192441010.0367229,-213761142.2750118,-88423692.68044247,17.51984698013539,-4.127850293403395,-2.495642783068865,2026-04-02T19:45:55.814369
2461133.32505787, A.D. 2026-Apr-02 19:48:05.0000,69.185634,-192439958.817771,-213761389.9503737,-88423842.42199561,17.51990360054758,-4.127787496253226,-2.495616805214421,2026-04-02T19:46:55.814325
2461133.325752315, A.D. 2026-Apr-02 19:49:05.0000,69.185634,-192438907.5954217,-213761637.6219676,-88423992.16199003,17.51996022090633,-4.127724698745872,-2.495590827198283,2026-04-02T19:47:55.814402
2461133.326446759, A.D. 2026-Apr-02 19:50:05.0000,69.185634,-192437856.3696751,-213761885.2897936,-88424141.90042572,17.52001684121162,-4.12766190088133,-2.495564849020449,2026-04-02T19:48:55.814358
2461133.327141204, A.D. 2026-Apr-02 19:51:05.0000,69.185634,-192436805.1405312,-213762132.9538516,-88424291.6373027,17.52007346146345,-4.1275991026596,-2.49553887068092,2026-04-02T19:49:55.814395
2461133.327835648, A.D. 2026-Apr-02 19:52:05.0000,69.185634,-192435753.907988,-213762380.6141421,-88424441.3726212,17.52013008166195,-4.127536304080551,-2.495512892179642,2026-04-02T19:50:55.814351
2461133.328530093, A.D. 2026-Apr-02 19:53:05.0000,69.185634,-192434702.6720495,-213762628.2706642,-88424591.10638067,17.52018670180687,-4.127473505144432,-2.495486913516716,2026-04-02T19:51:55.814428
2461133.329224537, A.D. 2026-Apr-02 19:54:05.0000,69.185634,-192433651.4327116,-213762875.9234186,-88424740.83858167,17.52024332189846,-4.12741070585099,-2.495460934692039,2026-04-02T19:52:55.814384
2461133.329918982, A.D. 2026-Apr-02 19:55:05.0000,69.185634,-192432600.1899786,-213763123.5724045,-88424890.56922358,17.52029994193647,-4.127347906200473,-2.495434955705713,2026-04-02T19:53:55.814421
2461133.330613426, A.D. 2026-Apr-02 19:56:05.0000,69.185634,-192431548.9438461,-213763371.2176228,-88425040.29830702,17.52035656192113,-4.127285106192629,-2.495408976557633,2026-04-02T19:54:55.814377
2461133.33130787, A.D. 2026-Apr-02 19:57:05.0000,69.185634,-192430497.6943185,-213763618.8590724,-88425190.02583137,17.52041318185222,-4.127222305827703,-2.495382997247901,2026-04-02T19:55:55.814333
2461133.332002315, A.D. 2026-Apr-02 19:58:05.0000,69.185634,-192429446.4413915,-213763866.4967545,-88425339.75179721,17.52046980172997,-4.127159505105446,-2.495357017776413,2026-04-02T19:56:55.814410
2461133.332696759, A.D. 2026-Apr-02 19:59:05.0000,69.185634,-192428395.1850672,-213764114.1306684,-88425489.47620425,17.52052642155424,-4.127096704025977,-2.495331038143219,2026-04-02T19:57:55.814366
2461133.333391204, A.D. 2026-Apr-02 20:00:05.0000,69.185634,-192427343.9253477,-213764361.7608137,-88425639.19905216,17.52058304132495,-4.127033902589421,-2.49530505834837,2026-04-02T19:58:55.814403
2461133.334085648, A.D. 2026-Apr-02 20:01:05.0000,69.185634,-192426292.6622289,-213764609.3871912,-88425788.92034154,17.5206396610423,-4.126971100795524,-2.495279078391762,2026-04-02T19:59:55.814359
2461133.334780093, A.D. 2026-Apr-02 20:02:05.0000,69.185634,-192425241.3957129,-213764857.0098006,-88425938.64007206,17.52069628070619,-4.126908298644409,-2.495253098273444,2026-04-02T20:00:55.814396
2461133.335474537, A.D. 2026-Apr-02 20:03:05.0000,69.185634,-192424190.1257995,-213765104.6286417,-88426088.35824375,17.5207529003166,-4.126845496136074,-2.495227117993416,2026-04-02T20:01:55.814392
2461133.336168982, A.D. 2026-Apr-02 20:04:05.0000,69.185634,-192423138.8524889,-213765352.2437145,-88426238.07485658,17.52080951987355,-4.126782693270515,-2.495201137551676,2026-04-02T20:02:55.814429
2461133.336863426, A.D. 2026-Apr-02 20:05:05.0000,69.185634,-192422087.575781,-213765599.8550191,-88426387.78991053,17.52086613937703,-4.126719890047732,-2.495175156948223,2026-04-02T20:03:55.814385
2461133.33755787, A.D. 2026-Apr-02 20:06:05.0000,69.185634,-192421036.2956759,-213765847.4625553,-88426537.5034056,17.52092275882704,-4.126657086467719,-2.495149176183057,2026-04-02T20:04:55.814341
2461133.338252315, A.D. 2026-Apr-02 20:07:05.0000,69.185634,-192419985.0121714,-213766095.0663238,-88426687.21534207,17.52097937822369,-4.126594282530351,-2.495123195256123,2026-04-02T20:05:55.814378
2461133.338946759, A.D. 2026-Apr-02 20:08:05.0000,69.185634,-192418933.7252718,-213766342.6663234,-88426836.92571937,17.52103599756676,-4.126531478235875,-2.495097214167525,2026-04-02T20:06:55.814334
2461133.339641204, A.D. 2026-Apr-02 20:09:05.0000,69.185634,-192417882.4349749,-213766590.2625546,-88426986.63453773,17.52109261685635,-4.126468673584163,-2.49507123291721,2026-04-02T20:07:55.814411
2461133.340335648, A.D. 2026-Apr-02 20:10:05.0000,69.185634,-192416831.1412809,-213766837.8550175,-88427136.34179719,17.52114923609247,-4.126405868575212,-2.495045251505176,2026-04-02T20:08:55.814367
2461133.341030092, A.D. 2026-Apr-02 20:11:05.0000,69.185634,-192415779.8441874,-213767085.4437124,-88427286.04749802,17.52120585527522,-4.126343063208895,-2.49501926993137,2026-04-02T20:09:55.814323
2461133.341724537, A.D. 2026-Apr-02 20:12:05.0000,69.185634,-192414728.5436988,-213767333.0286385,-88427435.7516396,17.52126247440438,-4.126280257485461,-2.494993288195895,2026-04-02T20:10:55.814360
2461133.342418981, A.D. 2026-Apr-02 20:13:05.0000,69.185634,-192413677.2398109,-213767580.6097965,-88427585.45422253,17.52131909348018,-4.126217451404655,-2.494967306298646,2026-04-02T20:11:55.814316
2461133.343113426, A.D. 2026-Apr-02 20:14:05.0000,69.185634,-192412625.9325279,-213767828.1871856,-88427735.15524623,17.52137571250239,-4.126154644966725,-2.494941324239726,2026-04-02T20:12:55.814393
2461133.343807871, A.D. 2026-Apr-02 20:15:05.0000,69.185634,-192411574.6218456,-213768075.7608067,-88427884.85471122,17.52143233147123,-4.12609183817142,-2.494915342019028,2026-04-02T20:13:55.814430
2461133.344502315, A.D. 2026-Apr-02 20:16:05.0000,69.185634,-192410523.307766,-213768323.3306593,-88428034.55261727,17.52148895038659,-4.126029031018861,-2.494889359636606,2026-04-02T20:14:55.814386
2461133.345196759, A.D. 2026-Apr-02 20:17:05.0000,69.185634,-192409471.9902913,-213768570.8967429,-88428184.24896401,17.52154556924835,-4.125966223509171,-2.494863377092508,2026-04-02T20:15:55.814342
2461133.345891204, A.D. 2026-Apr-02 20:18:05.0000,69.185634,-192408420.6694173,-213768818.4590584,-88428333.94375205,17.52160218805674,-4.125903415642097,-2.494837394386631,2026-04-02T20:16:55.814419
2461133.346585648, A.D. 2026-Apr-02 20:19:05.0000,69.185634,-192407369.3451461,-213769066.0176053,-88428483.6369811,17.52165880681165,-4.125840607417762,-2.494811411519024,2026-04-02T20:17:55.814375
2461133.347280093, A.D. 2026-Apr-02 20:20:05.0000,69.185634,-192406318.0174776,-213769313.5723837,-88428633.32865113,17.52171542551307,-4.125777798836163,-2.494785428489687,2026-04-02T20:18:55.814412
2461133.347974537, A.D. 2026-Apr-02 20:21:05.0000,69.185634,-192405266.686412,-213769561.1233934,-88428783.01876213,17.521772044161,-4.125714989897297,-2.494759445298619,2026-04-02T20:19:55.814368
2461133.348668981, A.D. 2026-Apr-02 20:22:05.0000,69.185634,-192404215.3519492,-213769808.6706344,-88428932.7073141,17.52182866275545,-4.125652180601163,-2.494733461945817,2026-04-02T20:20:55.814324
2461133.349363426, A.D. 2026-Apr-02 20:23:05.0000,69.185634,-192403164.0140891,-213770056.2141068,-88429082.39430702,17.52188528129641,-4.125589370947758,-2.494707478431281,2026-04-02T20:21:55.814401
2461133.35005787, A.D. 2026-Apr-02 20:24:05.0000,69.185634,-192402112.6728319,-213770303.7538106,-88429232.07974088,17.52194189978387,-4.125526560937078,-2.494681494755011,2026-04-02T20:22:55.814357
2461133.350752315, A.D. 2026-Apr-02 20:25:05.0000,69.185634,-192401061.3281753,-213770551.289746,-88429381.763616,17.52199851821796,-4.125463750568998,-2.494655510916952,2026-04-02T20:23:55.814394
2461133.351446759, A.D. 2026-Apr-02 20:26:05.0000,69.185634,-192400009.9801237,-213770798.8219123,-88429531.44593172,17.52205513659844,-4.125400939843763,-2.494629526917207,2026-04-02T20:24:55.814350
2461133.352141204, A.D. 2026-Apr-02 20:27:05.0000,69.185634,-192398958.628675,-213771046.3503099,-88429681.12668835,17.52211175492543,-4.125338128761246,-2.494603542755724,2026-04-02T20:25:55.814387
2461133.352835648, A.D. 2026-Apr-02 20:28:05.0000,69.185634,-192397907.273829,-213771293.8749386,-88429830.80588591,17.52216837319892,-4.125275317321445,-2.494577558432501,2026-04-02T20:26:55.814383
2461133.353530093, A.D. 2026-Apr-02 20:29:05.0000,69.185634,-192396855.9155837,-213771541.3957991,-88429980.48352465,17.52222499141903,-4.125212505524233,-2.494551573947486,2026-04-02T20:27:55.814420
2461133.354224537, A.D. 2026-Apr-02 20:30:05.0000,69.185634,-192395804.5539434,-213771788.9128902,-88430130.15960398,17.52228160958553,-4.125149693369856,-2.494525589300779,2026-04-02T20:28:55.814376
2461133.354918981, A.D. 2026-Apr-02 20:31:05.0000,69.185634,-192394753.1889037,-213772036.4262131,-88430279.83412449,17.52233822769865,-4.125086880858063,-2.494499604492278,2026-04-02T20:29:55.814332
2461133.355613426, A.D. 2026-Apr-02 20:32:05.0000,69.185634,-192393701.820467,-213772283.935767,-88430429.50708586,17.52239484575826,-4.125024067988975,-2.494473619522032,2026-04-02T20:30:55.814369
2461133.35630787, A.D. 2026-Apr-02 20:33:05.0000,69.185634,-192392650.4486351,-213772531.4415516,-88430579.1784878,17.52245146376427,-4.124961254762717,-2.494447634390092,2026-04-02T20:31:55.814325
2461133.357002315, A.D. 2026-Apr-02 20:34:05.0000,69.185634,-192391599.073404,-213772778.9435678,-88430728.84833089,17.52250808171688,-4.124898441179032,-2.494421649096354,2026-04-02T20:32:55.814402
2461133.357696759, A.D. 2026-Apr-02 20:35:05.0000,69.185634,-192390547.6947757,-213773026.441815,-88430878.5166148,17.52256469961599,-4.124835627238046,-2.494395663640867,2026-04-02T20:33:55.814358
2461133.358391204, A.D. 2026-Apr-02 20:36:05.0000,69.185634,-192389496.3127503,-213773273.9362934,-88431028.18333955,17.5226213174616,-4.124772812939757,-2.494369678023631,2026-04-02T20:34:55.814395
2461133.359085648, A.D. 2026-Apr-02 20:37:05.0000,69.185634,-192388444.9273298,-213773521.4270023,-88431177.84850481,17.52267793525359,-4.124709998284285,-2.494343692244696,2026-04-02T20:35:55.814351
2461133.359780093, A.D. 2026-Apr-02 20:38:05.0000,69.185634,-192387393.5385101,-213773768.9139426,-88431327.51211119,17.52273455299219,-4.124647183271378,-2.494317706303958,2026-04-02T20:36:55.814428
2461133.360474537, A.D. 2026-Apr-02 20:39:05.0000,69.185634,-192386342.1462932,-213774016.397114,-88431477.17415836,17.52279117067727,-4.124584367901158,-2.494291720201467,2026-04-02T20:37:55.814384
2461133.361168982, A.D. 2026-Apr-02 20:40:05.0000,69.185634,-192385290.7506792,-213774263.8765163,-88431626.83464633,17.52284778830886,-4.124521552173625,-2.494265733937223,2026-04-02T20:38:55.814421
2461133.361863426, A.D. 2026-Apr-02 20:41:05.0000,69.185634,-192384239.3516659,-213774511.3521501,-88431776.49357538,17.52290440588704,-4.12445873608865,-2.494239747511171,2026-04-02T20:39:55.814377
2461133.36255787, A.D. 2026-Apr-02 20:42:05.0000,69.185634,-192383187.9492576,-213774758.8240143,-88431926.15094489,17.5229610234116,-4.124395919646479,-2.494213760923414,2026-04-02T20:40:55.814333
2461133.363252315, A.D. 2026-Apr-02 20:43:05.0000,69.185634,-192382136.5434521,-213775006.2921094,-88432075.80675516,17.52301764088266,-4.124333102846987,-2.494187774173901,2026-04-02T20:41:55.814410
2461133.363946759, A.D. 2026-Apr-02 20:44:05.0000,69.185634,-192381085.1342496,-213775253.7564354,-88432225.4610062,17.52307425830019,-4.124270285690169,-2.494161787262628,2026-04-02T20:42:55.814366
2461133.364641204, A.D. 2026-Apr-02 20:45:05.0000,69.185634,-192380033.7216478,-213775501.2169928,-88432375.11369826,17.52313087566433,-4.124207468175899,-2.494135800189544,2026-04-02T20:43:55.814403
2461133.365335648, A.D. 2026-Apr-02 20:46:05.0000,69.185634,-192378982.305651,-213775748.6737805,-88432524.76483075,17.52318749297484,-4.124144650304426,-2.494109812954751,2026-04-02T20:44:55.814359
2461133.366030093, A.D. 2026-Apr-02 20:47:05.0000,69.185634,-192377930.886257,-213775996.126799,-88432674.41440398,17.52324411023184,-4.124081832075619,-2.494083825558195,2026-04-02T20:45:55.814396
2461133.366724537, A.D. 2026-Apr-02 20:48:05.0000,69.185634,-192376879.4634639,-213776243.5760489,-88432824.0624182,17.52330072743543,-4.124019013489352,-2.494057837999824,2026-04-02T20:46:55.814392
2461133.367418982, A.D. 2026-Apr-02 20:49:05.0000,69.185634,-192375828.0372736,-213776491.0215295,-88432973.70887314,17.5233573445855,-4.123956194545746,-2.494031850279689,2026-04-02T20:47:55.814429
2461133.368113426, A.D. 2026-Apr-02 20:50:05.0000,69.185634,-192374776.6076883,-213776738.4632404,-88433123.35376845,17.52341396168194,-4.123893375244927,-2.494005862397839,2026-04-02T20:48:55.814385
2461133.36880787, A.D. 2026-Apr-02 20:51:05.0000,69.185634,-192373725.1747038,-213776985.9011825,-88433272.99710478,17.52347057872497,-4.123830555586641,-2.493979874354171,2026-04-02T20:49:55.814341
2461133.369502315, A.D. 2026-Apr-02 20:52:05.0000,69.185634,-192372673.7383222,-213777233.3353553,-88433422.63888174,17.52352719571448,-4.123767735571008,-2.493953886148735,2026-04-02T20:50:55.814378
2461133.370196759, A.D. 2026-Apr-02 20:53:05.0000,69.185634,-192371622.2985456,-213777480.7657583,-88433572.2790991,17.52358381265036,-4.123704915198153,-2.493927897781581,2026-04-02T20:51:55.814334
2461133.370891204, A.D. 2026-Apr-02 20:54:05.0000,69.185634,-192370570.8553697,-213777728.1923925,-88433721.9177574,17.52364042953282,-4.123642094467822,-2.493901909252604,2026-04-02T20:52:55.814411
2461133.371585648, A.D. 2026-Apr-02 20:55:05.0000,69.185634,-192369519.4087968,-213777975.6152574,-88433871.55485635,17.52369704636176,-4.123579273380139,-2.493875920561857,2026-04-02T20:53:55.814367
2461133.372280092, A.D. 2026-Apr-02 20:56:05.0000,69.185634,-192368467.9588268,-213778223.0343528,-88434021.19039592,17.52375366313718,-4.123516451935102,-2.493849931709336,2026-04-02T20:54:55.814323
2461133.372974537, A.D. 2026-Apr-02 20:57:05.0000,69.185634,-192367416.5054598,-213778470.4496789,-88434170.82437614,17.52381027985907,-4.123453630132706,-2.493823942695041,2026-04-02T20:55:55.814360
2461133.373668981, A.D. 2026-Apr-02 20:58:05.0000,69.185634,-192366365.0486956,-213778717.8612356,-88434320.45679694,17.52386689652742,-4.12339080797295,-2.493797953518972,2026-04-02T20:56:55.814316
2461133.374363426, A.D. 2026-Apr-02 20:59:05.0000,69.185634,-192365313.5885343,-213778965.2690228,-88434470.08765838,17.52392351314225,-4.123327985455829,-2.493771964181126,2026-04-02T20:57:55.814393
2461133.375057871, A.D. 2026-Apr-02 21:00:05.0000,69.185634,-192364262.1249739,-213779212.673041,-88434619.71696068,17.52398012970367,-4.12326516258122,-2.49374597468145,2026-04-02T20:58:55.814430
2461133.375752315, A.D. 2026-Apr-02 21:01:05.0000,69.185634,-192363210.6580185,-213779460.0732894,-88434769.34470329,17.52403674621143,-4.123202339349366,-2.493719985020048,2026-04-02T20:59:55.814386
2461133.376446759, A.D. 2026-Apr-02 21:02:05.0000,69.185634,-192362159.187666,-213779707.4697681,-88434918.97088648,17.52409336266567,-4.123139515760142,-2.493693995196865,2026-04-02T21:00:55.814342
2461133.377141204, A.D. 2026-Apr-02 21:03:05.0000,69.185634,-192361107.7139143,-213779954.8624779,-88435068.59551053,17.52414997906649,-4.123076691813422,-2.493668005211851,2026-04-02T21:01:55.814419
2461133.377835648, A.D. 2026-Apr-02 21:04:05.0000,69.185634,-192360056.2367677,-213780202.2514176,-88435218.21857482,17.52420659541366,-4.123013867509449,-2.493642015065105,2026-04-02T21:02:55.814375
2461133.378530093, A.D. 2026-Apr-02 21:05:05.0000,69.185634,-192359004.756224,-213780449.6365878,-88435367.84007967,17.52426321170729,-4.122951042848098,-2.493616024756576,2026-04-02T21:03:55.814412
2461133.379224537, A.D. 2026-Apr-02 21:06:05.0000,69.185634,-192357953.2722811,-213780697.0179889,-88435517.46002536,17.52431982794749,-4.122888217829242,-2.49359003428621,2026-04-02T21:04:55.814368
2461133.379918981, A.D. 2026-Apr-02 21:07:05.0000,69.185634,-192356901.7849413,-213780944.3956203,-88435667.07841156,17.52437644413416,-4.122825392453003,-2.493564043654059,2026-04-02T21:05:55.814324
2461133.380613426, A.D. 2026-Apr-02 21:08:05.0000,69.185634,-192355850.2942064,-213781191.7694817,-88435816.69523801,17.52443306026718,-4.122762566719502,-2.493538052860172,2026-04-02T21:06:55.814401
2461133.38130787, A.D. 2026-Apr-02 21:09:05.0000,69.185634,-192354798.8000724,-213781439.1395739,-88435966.31050526,17.52448967634677,-4.122699740628489,-2.493512061904446,2026-04-02T21:07:55.814357
2461133.382002315, A.D. 2026-Apr-02 21:10:05.0000,69.185634,-192353747.3025413,-213781686.5058964,-88436115.92421299,17.52454629237282,-4.122636914180084,-2.49348607078693,2026-04-02T21:08:55.814394
2461133.382696759, A.D. 2026-Apr-02 21:11:05.0000,69.185634,-192352695.8016132,-213781933.8684492,-88436265.5363612,17.52460290834533,-4.122574087374286,-2.493460079507624,2026-04-02T21:09:55.814350
2461133.383391204, A.D. 2026-Apr-02 21:12:05.0000,69.185634,-192351644.2972901,-213782181.2272319,-88436415.14694963,17.52465952426418,-4.122511260211216,-2.493434088066578,2026-04-02T21:10:55.814387
2461133.384085648, A.D. 2026-Apr-02 21:13:05.0000,69.185634,-192350592.7895679,-213782428.5822452,-88436564.7559788,17.52471614012959,-4.122448432690623,-2.493408096463687,2026-04-02T21:11:55.814383
2461133.384780093, A.D. 2026-Apr-02 21:14:05.0000,69.185634,-192349541.2784487,-213782675.9334888,-88436714.36344844,17.52477275594147,-4.122385604812631,-2.493382104699002,2026-04-02T21:12:55.814420
2461133.385474537, A.D. 2026-Apr-02 21:15:05.0000,69.185634,-192348489.7639325,-213782923.2809627,-88436863.96935852,17.52482937169979,-4.122322776577232,-2.493356112772522,2026-04-02T21:13:55.814376
2461133.386168981, A.D. 2026-Apr-02 21:16:05.0000,69.185634,-192347438.2460171,-213783170.6246672,-88437013.57370935,17.52488598740468,-4.122259947984304,-2.493330120684194,2026-04-02T21:14:55.814332
2461133.386863426, A.D. 2026-Apr-02 21:17:05.0000,69.185634,-192346386.7247068,-213783417.9646015,-88437163.1765003,17.52494260305591,-4.122197119034092,-2.49330412843412,2026-04-02T21:15:55.814369
2461133.38755787, A.D. 2026-Apr-02 21:18:05.0000,69.185634,-192345335.1999995,-213783665.3007658,-88437312.77773167,17.52499921865359,-4.122134289726469,-2.493278136022247,2026-04-02T21:16:55.814325
2461133.388252315, A.D. 2026-Apr-02 21:19:05.0000,69.185634,-192344283.6718951,-213783912.6331603,-88437462.37740348,17.52505583419772,-4.122071460061432,-2.493252143448574,2026-04-02T21:17:55.814402
2461133.388946759, A.D. 2026-Apr-02 21:20:05.0000,69.185634,-192343232.1403916,-213784159.9617854,-88437611.97551596,17.5251124496884,-4.122008630038852,-2.493226150713049,2026-04-02T21:18:55.814358
2461133.389641204, A.D. 2026-Apr-02 21:21:05.0000,69.185634,-192342180.6054932,-213784407.2866402,-88437761.57206854,17.52516906512542,-4.121945799658979,-2.493200157815772,2026-04-02T21:19:55.814395
2461133.390335648, A.D. 2026-Apr-02 21:22:05.0000,69.185634,-192341129.0671979,-213784654.6077249,-88437911.16706151,17.52522568050889,-4.121882968921685,-2.493174164756693,2026-04-02T21:20:55.814351
2461133.391030093, A.D. 2026-Apr-02 21:23:05.0000,69.185634,-192340077.5255034,-213784901.9250403,-88438060.76049514,17.52528229583891,-4.121820137826843,-2.493148171535757,2026-04-02T21:21:55.814428
2461133.391724537, A.D. 2026-Apr-02 21:24:05.0000,69.185634,-192339025.9804119,-213785149.2385857,-88438210.35236914,17.52533891111538,-4.121757306374573,-2.493122178153015,2026-04-02T21:22:55.814384
2461133.392418982, A.D. 2026-Apr-02 21:25:05.0000,69.185634,-192337974.4319255,-213785396.5483605,-88438359.94268319,17.52539552633817,-4.121694474564999,-2.493096184608518,2026-04-02T21:23:55.814421
2461133.393113426, A.D. 2026-Apr-02 21:26:05.0000,69.185634,-192336922.88004,-213785643.8543659,-88438509.53143787,17.52545214150752,-4.121631642397869,-2.493070190902161,2026-04-02T21:24:55.814377
2461133.39380787, A.D. 2026-Apr-02 21:27:05.0000,69.185634,-192335871.3247575,-213785891.1566012,-88438659.11863291,17.52550875662331,-4.121568809873305,-2.493044197033994,2026-04-02T21:25:55.814333
2461133.394502315, A.D. 2026-Apr-02 21:28:05.0000,69.185634,-192334819.7660801,-213786138.455066,-88438808.70426796,17.52556537168542,-4.121505976991429,-2.493018203004069,2026-04-02T21:26:55.814410
2461133.395196759, A.D. 2026-Apr-02 21:29:05.0000,69.185634,-192333768.2040036,-213786385.7497612,-88438958.28834362,17.52562198669409,-4.121443143751989,-2.49299220881228,2026-04-02T21:27:55.814366
2461133.395891204, A.D. 2026-Apr-02 21:30:05.0000,69.185634,-192332716.6385302,-213786633.0406862,-88439107.8708596,17.52567860164919,-4.121380310155106,-2.492966214458678,2026-04-02T21:28:55.814403
2461133.396585648, A.D. 2026-Apr-02 21:31:05.0000,69.185634,-192331665.0696598,-213786880.3278412,-88439257.45181586,17.52573521655072,-4.12131747620078,-2.492940219943263,2026-04-02T21:29:55.814359
2461133.397280093, A.D. 2026-Apr-02 21:32:05.0000,69.185634,-192330613.4973924,-213787127.611226,-88439407.0312124,17.5257918313987,-4.121254641889006,-2.492914225266032,2026-04-02T21:30:55.814396
2461133.397974537, A.D. 2026-Apr-02 21:33:05.0000,69.185634,-192329561.921728,-213787374.8908407,-88439556.60904923,17.5258484461931,-4.121191807219784,-2.492888230426985,2026-04-02T21:31:55.814392
2461133.398668982, A.D. 2026-Apr-02 21:34:05.0000,69.185634,-192328510.3426666,-213787622.1666852,-88439706.18532632,17.52590506093394,-4.121128972193109,-2.49286223542612,2026-04-02T21:32:55.814429
2461133.399363426, A.D. 2026-Apr-02 21:35:05.0000,69.185634,-192327458.7602062,-213787869.4387599,-88439855.76004396,17.52596167562131,-4.121066136808856,-2.492836240263384,2026-04-02T21:33:55.814385
2461133.40005787, A.D. 2026-Apr-02 21:36:05.0000,69.185634,-192326407.1743509,-213788116.7070639,-88440005.33320156,17.52601829025501,-4.121003301067269,-2.492810244938881,2026-04-02T21:34:55.814341
2461133.400752315, A.D. 2026-Apr-02 21:37:05.0000,69.185634,-192325355.5850987,-213788363.9715977,-88440154.90479939,17.52607490483514,-4.120940464968223,-2.492784249452555,2026-04-02T21:35:55.814378
2461133.401446759, A.D. 2026-Apr-02 21:38:05.0000,69.185634,-192324303.9924495,-213788611.2323612,-88440304.47483744,17.52613151936169,-4.120877628511715,-2.492758253804408,2026-04-02T21:36:55.814334
2461133.402141204, A.D. 2026-Apr-02 21:39:05.0000,69.185634,-192323252.3964012,-213788858.4893549,-88440454.043316,17.52618813383478,-4.120814791697617,-2.492732257994386,2026-04-02T21:37:55.814411
2461133.402835648, A.D. 2026-Apr-02 21:40:05.0000,69.185634,-192322200.7969581,-213789105.7425779,-88440603.61023448,17.52624474825418,-4.120751954526177,-2.49270626202259,2026-04-02T21:38:55.814367
2461133.403530092, A.D. 2026-Apr-02 21:41:05.0000,69.185634,-192321149.194116,-213789352.9920309,-88440753.17559345,17.52630136262013,-4.120689116997142,-2.492680265888917,2026-04-02T21:39:55.814323
2461133.404224537, A.D. 2026-Apr-02 21:42:05.0000,69.185634,-192320097.5878769,-213789600.2377136,-88440902.73939261,17.52635797693249,-4.120626279110636,-2.492654269593417,2026-04-02T21:40:55.814360
2461133.404918981, A.D. 2026-Apr-02 21:43:05.0000,69.185634,-192319045.9782429,-213789847.4796255,-88441052.30163166,17.52641459119116,-4.120563440866778,-2.49262827313614,2026-04-02T21:41:55.814316
2461133.405613426, A.D. 2026-Apr-02 21:44:05.0000,69.185634,-192317994.3652099,-213790094.7177674,-88441201.86231117,17.52647120539637,-4.120500602265319,-2.492602276516982,2026-04-02T21:42:55.814393
2461133.406307871, A.D. 2026-Apr-02 21:45:05.0000,69.185634,-192316942.74878,-213790341.9521389,-88441351.42143083,17.526527819548,-4.12043776330638,-2.492576279735994,2026-04-02T21:43:55.814430
2461133.407002315, A.D. 2026-Apr-02 21:46:05.0000,69.185634,-192315891.1289552,-213790589.1827394,-88441500.97899036,17.52658443364593,-4.120374923990084,-2.492550282793226,2026-04-02T21:44:55.814386
2461133.407696759, A.D. 2026-Apr-02 21:47:05.0000,69.185634,-192314839.5057315,-213790836.40957,-88441650.53499031,17.5266410476904,-4.120312084316177,-2.492524285688573,2026-04-02T21:45:55.814342
2461133.408391204, A.D. 2026-Apr-02 21:48:05.0000,69.185634,-192313787.8791108,-213791083.6326302,-88441800.08943039,17.52669766168127,-4.120249244284782,-2.492498288422086,2026-04-02T21:46:55.814419
2461133.409085648, A.D. 2026-Apr-02 21:49:05.0000,69.185634,-192312736.2490931,-213791330.8519198,-88441949.64231059,17.52675427561857,-4.120186403895898,-2.492472290993763,2026-04-02T21:47:55.814375
2461133.409780093, A.D. 2026-Apr-02 21:50:05.0000,69.185634,-192311684.6156786,-213791578.0674388,-88442099.19363092,17.52681088950228,-4.12012356314952,-2.492446293403604,2026-04-02T21:48:55.814412
2461133.410474537, A.D. 2026-Apr-02 21:51:05.0000,69.185634,-192310632.9788671,-213791825.2791874,-88442248.74339132,17.5268675033324,-4.120060722045648,-2.492420295651608,2026-04-02T21:49:55.814368
2461133.411168981, A.D. 2026-Apr-02 21:52:05.0000,69.185634,-192309581.3386566,-213792072.4871658,-88442398.29159214,17.52692411710905,-4.119997880584154,-2.492394297737721,2026-04-02T21:50:55.814324
2461133.411863426, A.D. 2026-Apr-02 21:53:05.0000,69.185634,-192308529.6950514,-213792319.6913732,-88442547.83823273,17.52698073083199,-4.119935038765283,-2.492368299662045,2026-04-02T21:51:55.814401
2461133.41255787, A.D. 2026-Apr-02 21:54:05.0000,69.185634,-192307478.0480492,-213792566.8918099,-88442697.38331339,17.52703734450135,-4.11987219658891,-2.492342301424528,2026-04-02T21:52:55.814357
2461133.413252315, A.D. 2026-Apr-02 21:55:05.0000,69.185634,-192306426.3976501,-213792814.088476,-88442846.92683409,17.52709395811711,-4.119809354055031,-2.49231630302517,2026-04-02T21:53:55.814394
2461133.413946759, A.D. 2026-Apr-02 21:56:05.0000,69.185634,-192305374.743852,-213793061.281372,-88442996.46879517,17.5271505716794,-4.11974651116352,-2.492290304463915,2026-04-02T21:54:55.814350
2461133.414641204, A.D. 2026-Apr-02 21:57:05.0000,69.185634,-192304323.0866591,-213793308.4704967,-88443146.00919598,17.52720718518797,-4.119683667914622,-2.492264305740868,2026-04-02T21:55:55.814387
2461133.415335648, A.D. 2026-Apr-02 21:58:05.0000,69.185634,-192303271.4260672,-213793555.6558513,-88443295.54803713,17.52726379864307,-4.119620824308088,-2.492238306855922,2026-04-02T21:56:55.814383
2461133.416030093, A.D. 2026-Apr-02 21:59:05.0000,69.185634,-192302219.7620805,-213793802.8374346,-88443445.085318,17.52732041204446,-4.119557980344161,-2.492212307809182,2026-04-02T21:57:55.814420
2461133.416724537, A.D. 2026-Apr-02 22:00:05.0000,69.185634,-192301168.0946949,-213794050.0152477,-88443594.62103918,17.52737702539236,-4.119495136022593,-2.492186308600542,2026-04-02T21:58:55.814376
2461133.417418981, A.D. 2026-Apr-02 22:01:05.0000,69.185634,-192300116.4239123,-213794297.18929,-88443744.15520036,17.52743363868667,-4.119432291343504,-2.492160309230052,2026-04-02T21:59:55.814332
2461133.418113426, A.D. 2026-Apr-02 22:02:05.0000,69.185634,-192299064.7497349,-213794544.3595611,-88443893.68780124,17.52749025192726,-4.119369446307016,-2.492134309697764,2026-04-02T22:00:55.814369
2461133.41880787, A.D. 2026-Apr-02 22:03:05.0000,69.185634,-192298013.0721587,-213794791.5260618,-88444043.2188424,17.52754686511437,-4.119306600912878,-2.492108310003571,2026-04-02T22:01:55.814325
2461133.419502315, A.D. 2026-Apr-02 22:04:05.0000,69.185634,-192296961.3911855,-213795038.6887917,-88444192.74832353,17.52760347824787,-4.119243755161211,-2.492082310147526,2026-04-02T22:02:55.814402
2461133.420196759, A.D. 2026-Apr-02 22:05:05.0000,69.185634,-192295909.7068154,-213795285.8477508,-88444342.27624463,17.52766009132777,-4.119180909052013,-2.492056310129627,2026-04-02T22:03:55.814358
2461133.420891204, A.D. 2026-Apr-02 22:06:05.0000,69.185634,-192294858.0190485,-213795533.002939,-88444491.80260569,17.52771670435407,-4.119118062585282,-2.492030309949872,2026-04-02T22:04:55.814395
2461133.421585648, A.D. 2026-Apr-02 22:07:05.0000,69.185634,-192293806.3278847,-213795780.1543563,-88444641.32740669,17.52777331732677,-4.119055215761016,-2.492004309608261,2026-04-02T22:05:55.814351
2461133.422280093, A.D. 2026-Apr-02 22:08:05.0000,69.185634,-192292754.633324,-213796027.3020026,-88444790.85064761,17.52782993024585,-4.11899236857921,-2.491978309104792,2026-04-02T22:06:55.814428
2461133.422974537, A.D. 2026-Apr-02 22:09:05.0000,69.185634,-192291702.9353665,-213796274.4458781,-88444940.37232849,17.52788654311134,-4.118929521039864,-2.491952308439465,2026-04-02T22:07:55.814384
2461133.423668982, A.D. 2026-Apr-02 22:10:05.0000,69.185634,-192290651.2340122,-213796521.5859826,-88445089.89244926,17.52794315592321,-4.118866673142974,-2.491926307612276,2026-04-02T22:08:55.814421
2461133.424363426, A.D. 2026-Apr-02 22:11:05.0000,69.185634,-192289599.5292588,-213796768.7223166,-88445239.41101025,17.52799976868159,-4.118803824888413,-2.491900306623176,2026-04-02T22:09:55.814377
2461133.42505787, A.D. 2026-Apr-02 22:12:05.0000,69.185634,-192288547.8211108,-213797015.8548791,-88445388.92801082,17.52805638138624,-4.118740976276428,-2.491874305472265,2026-04-02T22:10:55.814333
2461133.425752315, A.D. 2026-Apr-02 22:13:05.0000,69.185634,-192287496.1095659,-213797262.9836705,-88445538.4434513,17.52811299403728,-4.118678127306892,-2.491848304159489,2026-04-02T22:11:55.814410
2461133.426446759, A.D. 2026-Apr-02 22:14:05.0000,69.185634,-192286444.3946221,-213797510.1086915,-88445687.95733193,17.52816960663483,-4.118615277979678,-2.491822302684798,2026-04-02T22:12:55.814366
2461133.427141204, A.D. 2026-Apr-02 22:15:05.0000,69.185634,-192285392.6762834,-213797757.2299408,-88445837.46965215,17.52822621917864,-4.118552428295032,-2.491796301048292,2026-04-02T22:13:55.814403
2461133.427835648, A.D. 2026-Apr-02 22:16:05.0000,69.185634,-192284340.9545459,-213798004.3474196,-88445986.9804125,17.52828283166896,-4.118489578252702,-2.491770299249867,2026-04-02T22:14:55.814359
2461133.428530093, A.D. 2026-Apr-02 22:17:05.0000,69.185634,-192283289.2294137,-213798251.4611268,-88446136.48961242,17.52833944410554,-4.118426727852936,-2.491744297289626,2026-04-02T22:15:55.814396
2461133.429224537, A.D. 2026-Apr-02 22:18:05.0000,69.185634,-192282237.5008824,-213798498.5710633,-88446285.99725246,17.52839605648862,-4.118363877095481,-2.491718295167463,2026-04-02T22:16:55.814392
2461133.429918982, A.D. 2026-Apr-02 22:19:05.0000,69.185634,-192281185.7689545,-213798745.6772287,-88446435.50333235,17.52845266881809,-4.118301025980459,-2.49169229288343,2026-04-02T22:17:55.814429
2461133.430613426, A.D. 2026-Apr-02 22:20:05.0000,69.185634,-192280134.0336317,-213798992.7796224,-88446585.00785175,17.52850928109383,-4.118238174507994,-2.491666290437577,2026-04-02T22:18:55.814385
2461133.43130787, A.D. 2026-Apr-02 22:21:05.0000,69.185634,-192279082.29491,-213799239.8782454,-88446734.51081125,17.52856589331605,-4.118175322677832,-2.491640287829799,2026-04-02T22:19:55.814341
2461133.432002315, A.D. 2026-Apr-02 22:22:05.0000,69.185634,-192278030.5527916,-213799486.9730972,-88446884.01221056,17.52862250548465,-4.118112470490096,-2.491614285060147,2026-04-02T22:20:55.814378
2461133.432696759, A.D. 2026-Apr-02 22:23:05.0000,69.185634,-192276978.8072763,-213799734.0641778,-88447033.51204967,17.52867911759963,-4.118049617944783,-2.491588282128619,2026-04-02T22:21:55.814334
2461133.433391204, A.D. 2026-Apr-02 22:24:05.0000,69.185634,-192275927.0583642,-213799981.1514871,-88447183.01032855,17.52873572966099,-4.117986765041891,-2.491562279035215,2026-04-02T22:22:55.814411
2461133.434085648, A.D. 2026-Apr-02 22:25:05.0000,69.185634,-192274875.3060553,-213800228.2350251,-88447332.50704719,17.52879234166872,-4.117923911781418,-2.491536275779933,2026-04-02T22:23:55.814367
2461133.434780092, A.D. 2026-Apr-02 22:26:05.0000,69.185634,-192273823.5503496,-213800475.3147919,-88447482.0022056,17.52884895362283,-4.117861058163359,-2.491510272362772,2026-04-02T22:24:55.814323
2461133.435474537, A.D. 2026-Apr-02 22:27:05.0000,69.185634,-192272771.7912471,-213800722.3907873,-88447631.49580376,17.52890556552331,-4.117798204187714,-2.491484268783731,2026-04-02T22:25:55.814360
2461133.436168981, A.D. 2026-Apr-02 22:28:05.0000,69.185634,-192271720.0287477,-213800969.4630113,-88447780.98784165,17.52896217737016,-4.117735349854479,-2.491458265042809,2026-04-02T22:26:55.814316
2461133.436863426, A.D. 2026-Apr-02 22:29:05.0000,69.185634,-192270668.2628495,-213801216.5314645,-88447930.47831959,17.5290187891635,-4.117672495163529,-2.491432261139952,2026-04-02T22:27:55.814393
2461133.437557871, A.D. 2026-Apr-02 22:30:05.0000,69.185634,-192269616.4935567,-213801463.5961458,-88448079.96723695,17.52907540090309,-4.117609640115108,-2.491406257075264,2026-04-02T22:28:55.814430
2461133.438252315, A.D. 2026-Apr-02 22:31:05.0000,69.185634,-192268564.720867,-213801710.6570557,-88448229.45459402,17.52913201258905,-4.117546784709091,-2.49138025284869,2026-04-02T22:29:55.814386
2461133.438946759, A.D. 2026-Apr-02 22:32:05.0000,69.185634,-192267512.9447784,-213801957.7141947,-88448378.94039106,17.52918862422149,-4.117483928945348,-2.49135424846018,2026-04-02T22:30:55.814342
2461133.439641204, A.D. 2026-Apr-02 22:33:05.0000,69.185634,-192266461.1652952,-213802204.7675617,-88448528.42462754,17.52924523580019,-4.117421072824129,-2.491328243909833,2026-04-02T22:31:55.814419
2461133.440335648, A.D. 2026-Apr-02 22:34:05.0000,69.185634,-192265409.3824131,-213802451.8171577,-88448677.90730397,17.52930184732536,-4.11735821634518,-2.491302239197547,2026-04-02T22:32:55.814375
2461133.441030093, A.D. 2026-Apr-02 22:35:05.0000,69.185634,-192264357.5961342,-213802698.8629823,-88448827.38842008,17.5293584587969,-4.117295359508624,-2.491276234323371,2026-04-02T22:33:55.814412
2461133.441724537, A.D. 2026-Apr-02 22:36:05.0000,69.185634,-192263305.8064606,-213802945.9050348,-88448976.86797556,17.52941507021469,-4.117232502314582,-2.491250229287356,2026-04-02T22:34:55.814368
2461133.442418981, A.D. 2026-Apr-02 22:37:05.0000,69.185634,-192262254.0133881,-213803192.9433163,-88449126.345971,17.52947168157896,-4.117169644762805,-2.491224224089397,2026-04-02T22:35:55.814324
2461133.443113426, A.D. 2026-Apr-02 22:38:05.0000,69.185634,-192261202.2169189,-213803439.9778262,-88449275.82240607,17.52952829288958,-4.117106786853412,-2.491198218729545,2026-04-02T22:36:55.814401
2461133.44380787, A.D. 2026-Apr-02 22:39:05.0000,69.185634,-192260150.417053,-213803687.0085646,-88449425.29728077,17.52958490414656,-4.117043928586401,-2.4911722132078,2026-04-02T22:37:55.814357
2461133.444502315, A.D. 2026-Apr-02 22:40:05.0000,69.185634,-192259098.6137903,-213803934.0355313,-88449574.7705951,17.5296415153499,-4.116981069961771,-2.491146207524158,2026-04-02T22:38:55.814394
2461133.445196759, A.D. 2026-Apr-02 22:41:05.0000,69.185634,-192258046.8071329,-213804181.058726,-88449724.24234876,17.52969812649949,-4.116918210979644,-2.491120201678672,2026-04-02T22:39:55.814350
2461133.445891204, A.D. 2026-Apr-02 22:42:05.0000,69.185634,-192256994.9970766,-213804428.0781494,-88449873.71254231,17.52975473759555,-4.116855351639765,-2.491094195671236,2026-04-02T22:40:55.814387
2461133.446585648, A.D. 2026-Apr-02 22:43:05.0000,69.185634,-192255943.1836216,-213804675.0938017,-88450023.18117575,17.52981134863807,-4.116792491942135,-2.491068189501849,2026-04-02T22:41:55.814383
2461133.447280093, A.D. 2026-Apr-02 22:44:05.0000,69.185634,-192254891.3667718,-213804922.1056818,-88450172.6482485,17.52986795962684,-4.116729631887,-2.491042183170614,2026-04-02T22:42:55.814420
2461133.447974537, A.D. 2026-Apr-02 22:45:05.0000,69.185634,-192253839.5465254,-213805169.1137902,-88450322.11376081,17.52992457056196,-4.116666771474232,-2.491016176677478,2026-04-02T22:43:55.814376
2461133.448668981, A.D. 2026-Apr-02 22:46:05.0000,69.185634,-192252787.7228822,-213805416.1181269,-88450471.57771268,17.52998118144343,-4.116603910703828,-2.490990170022439,2026-04-02T22:44:55.814332
2461133.449363426, A.D. 2026-Apr-02 22:47:05.0000,69.185634,-192251735.8958422,-213805663.1186919,-88450621.0401041,17.53003779227125,-4.116541049575788,-2.490964163205496,2026-04-02T22:45:55.814369
2461133.45005787, A.D. 2026-Apr-02 22:48:05.0000,69.185634,-192250684.0654034,-213805910.1154855,-88450770.50093539,17.53009440304554,-4.116478188089981,-2.490938156226598,2026-04-02T22:46:55.814325
2461133.450752315, A.D. 2026-Apr-02 22:49:05.0000,69.185634,-192249632.23157,-213806157.1085069,-88450919.96020591,17.53015101376606,-4.116415326246657,-2.490912149085844,2026-04-02T22:47:55.814402
2461133.451446759, A.D. 2026-Apr-02 22:50:05.0000,69.185634,-192248580.3943378,-213806404.097757,-88451069.41791625,17.53020762443304,-4.116352464045562,-2.490886141783132,2026-04-02T22:48:55.814358
2461133.452141204, A.D. 2026-Apr-02 22:51:05.0000,69.185634,-192247528.5537109,-213806651.0832346,-88451218.87406582,17.53026423504625,-4.116289601486945,-2.490860134318563,2026-04-02T22:49:55.814395
2461133.452835648, A.D. 2026-Apr-02 22:52:05.0000,69.185634,-192246476.7096852,-213806898.064941,-88451368.32865518,17.53032084560593,-4.116226738570552,-2.490834126692032,2026-04-02T22:50:55.814351
2461133.453530093, A.D. 2026-Apr-02 22:53:05.0000,69.185634,-192245424.862265,-213807145.042875,-88451517.78168376,17.53037745611183,-4.116163875296631,-2.490808118903643,2026-04-02T22:51:55.814428
2461133.454224537, A.D. 2026-Apr-02 22:54:05.0000,69.185634,-192244373.0114459,-213807392.0170375,-88451667.2331521,17.53043406656419,-4.11610101166493,-2.490782110953289,2026-04-02T22:52:55.814384
2461133.454918982, A.D. 2026-Apr-02 22:55:05.0000,69.185634,-192243321.15723,-213807638.9874282,-88451816.68305993,17.53049067696289,-4.11603814767557,-2.490756102841023,2026-04-02T22:53:55.814421
2461133.455613426, A.D. 2026-Apr-02 22:56:05.0000,69.185634,-192242269.2996175,-213807885.9540468,-88451966.13140725,17.53054728730794,-4.11597528332855,-2.490730094566842,2026-04-02T22:54:55.814377
2461133.45630787, A.D. 2026-Apr-02 22:57:05.0000,69.185634,-192241217.4386083,-213808132.9168936,-88452115.57819399,17.53060389759932,-4.115912418623866,-2.490704086130747,2026-04-02T22:55:55.814333
2461133.457002315, A.D. 2026-Apr-02 22:58:05.0000,69.185634,-192240165.5742044,-213808379.8759678,-88452265.02341992,17.53066050783693,-4.115849553561642,-2.490678077532785,2026-04-02T22:56:55.814410
2461133.457696759, A.D. 2026-Apr-02 22:59:05.0000,69.185634,-192239113.7064018,-213808626.8312705,-88452414.46708557,17.53071711802098,-4.115786688141624,-2.490652068772855,2026-04-02T22:57:55.814366
2461133.458391204, A.D. 2026-Apr-02 23:00:05.0000,69.185634,-192238061.8352025,-213808873.7828012,-88452563.90919064,17.53077372815138,-4.115723822363936,-2.490626059851005,2026-04-02T22:58:55.814403
2461133.459085648, A.D. 2026-Apr-02 23:01:05.0000,69.185634,-192237009.9606044,-213809120.7305604,-88452713.34973544,17.53083033822822,-4.115660956228449,-2.490600050767183,2026-04-02T22:59:55.814359
2461133.459780093, A.D. 2026-Apr-02 23:02:05.0000,69.185634,-192235958.0826117,-213809367.674547,-88452862.78871936,17.53088694825129,-4.115598089735411,-2.490574041521493,2026-04-02T23:00:55.814396
2461133.460474537, A.D. 2026-Apr-02 23:03:05.0000,69.185634,-192234906.2012223,-213809614.6147614,-88453012.22614267,17.53094355822068,-4.115535222884695,-2.490548032113878,2026-04-02T23:01:55.814392
2461133.461168982, A.D. 2026-Apr-02 23:04:05.0000,69.185634,-192233854.3164362,-213809861.5512038,-88453161.66200538,17.53100016813642,-4.115472355676299,-2.490522022544341,2026-04-02T23:02:55.814429
2461133.461863426, A.D. 2026-Apr-02 23:05:05.0000,69.185634,-192232802.4282514,-213810108.4838745,-88453311.09630775,17.53105677799859,-4.115409488110092,-2.490496012812827,2026-04-02T23:03:55.814385
2461133.46255787, A.D. 2026-Apr-02 23:06:05.0000,69.185634,-192231750.536672,-213810355.4127726,-88453460.52904922,17.53111338780698,-4.115346620186325,-2.490470002919438,2026-04-02T23:04:55.814341
2461133.463252315, A.D. 2026-Apr-02 23:07:05.0000,69.185634,-192230698.6416959,-213810602.3378984,-88453609.96023004,17.5311699975617,-4.11528375190487,-2.490443992864122,2026-04-02T23:05:55.814378
2461133.463946759, A.D. 2026-Apr-02 23:08:05.0000,69.185634,-192229646.743321,-213810849.2592526,-88453759.38985051,17.53122660726286,-4.115220883265598,-2.490417982646826,2026-04-02T23:06:55.814334
2461133.464641204, A.D. 2026-Apr-02 23:09:05.0000,69.185634,-192228594.8415516,-213811096.1768341,-88453908.81791003,17.53128321691023,-4.115158014268758,-2.490391972267652,2026-04-02T23:07:55.814411
2461133.465335648, A.D. 2026-Apr-02 23:10:05.0000,69.185634,-192227542.9363834,-213811343.0906438,-88454058.24440917,17.53133982650404,-4.115095144914095,-2.490365961726495,2026-04-02T23:08:55.814367
2461133.466030092, A.D. 2026-Apr-02 23:11:05.0000,69.185634,-192226491.0278185,-213811590.0006812,-88454207.66934764,17.53139643604418,-4.115032275201735,-2.490339951023407,2026-04-02T23:09:55.814323
2461133.466724537, A.D. 2026-Apr-02 23:12:05.0000,69.185634,-192225439.1158591,-213811836.9069459,-88454357.09272513,17.53145304553052,-4.114969405131798,-2.490313940158437,2026-04-02T23:10:55.814360
2461133.467418981, A.D. 2026-Apr-02 23:13:05.0000,69.185634,-192224387.200501,-213812083.8094387,-88454506.51454222,17.5315096549633,-4.114906534704033,-2.490287929131481,2026-04-02T23:11:55.814316
2461133.468113426, A.D. 2026-Apr-02 23:14:05.0000,69.185634,-192223335.2817462,-213812330.7081592,-88454655.9347986,17.53156626434241,-4.11484366391856,-2.490261917942589,2026-04-02T23:12:55.814393
2461133.468807871, A.D. 2026-Apr-02 23:15:05.0000,69.185634,-192222283.3595947,-213812577.6031073,-88454805.35349426,17.53162287366782,-4.114780792775377,-2.490235906591761,2026-04-02T23:13:55.814430
2461133.469502315, A.D. 2026-Apr-02 23:16:05.0000,69.185634,-192221231.4340466,-213812824.4942831,-88454954.77062921,17.53167948293957,-4.114717921274486,-2.490209895078995,2026-04-02T23:14:55.814386
2461133.470196759, A.D. 2026-Apr-02 23:17:05.0000,69.185634,-192220179.5051019,-213813071.3816865,-88455104.1862034,17.53173609215763,-4.114655049415878,-2.490183883404289,2026-04-02T23:15:55.814342
2461133.470891204, A.D. 2026-Apr-02 23:18:05.0000,69.185634,-192219127.5727605,-213813318.2653175,-88455253.60021688,17.531792701322,-4.114592177199554,-2.490157871567643,2026-04-02T23:16:55.814419
2461133.471585648, A.D. 2026-Apr-02 23:19:05.0000,69.185634,-192218075.6370225,-213813565.145176,-88455403.01266958,17.53184931043269,-4.114529304625511,-2.490131859569056,2026-04-02T23:17:55.814375
2461133.472280093, A.D. 2026-Apr-02 23:20:05.0000,69.185634,-192217023.6978879,-213813812.021262,-88455552.42356153,17.53190591948969,-4.114466431693746,-2.490105847408526,2026-04-02T23:18:55.814412
2461133.472974537, A.D. 2026-Apr-02 23:21:05.0000,69.185634,-192215971.7553566,-213814058.8935756,-88455701.83289269,17.531962528493,-4.114403558404256,-2.490079835086052,2026-04-02T23:19:55.814368
2461133.473668981, A.D. 2026-Apr-02 23:22:05.0000,69.185634,-192214919.8094267,-213814305.7621172,-88455851.24066338,17.53201913744275,-4.114340684756916,-2.490053822601582,2026-04-02T23:20:55.814324
2461133.474363426, A.D. 2026-Apr-02 23:23:05.0000,69.185634,-192213867.8601021,-213814552.6268857,-88456000.64687297,17.53207574633869,-4.11427781075197,-2.490027809955218,2026-04-02T23:21:55.814401
2461133.47505787, A.D. 2026-Apr-02 23:24:05.0000,69.185634,-192212815.9073789,-213814799.4878822,-88456150.05152206,17.53213235518105,-4.114214936389168,-2.490001797146854,2026-04-02T23:22:55.814357
2461133.475752315, A.D. 2026-Apr-02 23:25:05.0000,69.185634,-192211763.9512612,-213815046.3451057,-88456299.45461003,17.5321889639696,-4.114152061668756,-2.489975784176593,2026-04-02T23:23:55.814394
2461133.476446759, A.D. 2026-Apr-02 23:26:05.0000,69.185634,-192210711.9917448,-213815293.198557,-88456448.85613748,17.53224557270458,-4.114089186590482,-2.489949771044331,2026-04-02T23:24:55.814350
2461133.477141204, A.D. 2026-Apr-02 23:27:05.0000,69.185634,-192209660.0288338,-213815540.0482353,-88456598.25610381,17.53230218138575,-4.114026311154593,-2.48992375775017,2026-04-02T23:25:55.814387
2461133.477835648, A.D. 2026-Apr-02 23:28:05.0000,69.185634,-192208608.0625241,-213815786.8941414,-88456747.65450959,17.53235879001334,-4.113963435360837,-2.489897744294005,2026-04-02T23:26:55.814383
2461133.478530093, A.D. 2026-Apr-02 23:29:05.0000,69.185634,-192207556.09282,-213816033.7362743,-88456897.05135421,17.53241539858712,-4.113900559209462,-2.489871730675938,2026-04-02T23:27:55.814420
2461133.479224537, A.D. 2026-Apr-02 23:30:05.0000,69.185634,-192206504.1197171,-213816280.5746351,-88457046.44663829,17.53247200710732,-4.113837682700214,-2.489845716895866,2026-04-02T23:28:55.814376
2461133.479918981, A.D. 2026-Apr-02 23:31:05.0000,69.185634,-192205452.1432177,-213816527.4092232,-88457195.84036148,17.53252861557382,-4.113774805833216,-2.489819702953837,2026-04-02T23:29:55.814332
2461133.480613426, A.D. 2026-Apr-02 23:32:05.0000,69.185634,-192204400.1633216,-213816774.2400385,-88457345.23252378,17.53258522398662,-4.113711928608467,-2.489793688849852,2026-04-02T23:30:55.814369
2461133.48130787, A.D. 2026-Apr-02 23:33:05.0000,69.185634,-192203348.180029,-213817021.0670811,-88457494.62312521,17.53264183234572,-4.113649051025962,-2.489767674583909,2026-04-02T23:31:55.814325
2461133.482002315, A.D. 2026-Apr-02 23:34:05.0000,69.185634,-192202296.1933398,-213817267.890351,-88457644.01216573,17.53269844065112,-4.1135861730857,-2.489741660156007,2026-04-02T23:32:55.814402
2461133.482696759, A.D. 2026-Apr-02 23:35:05.0000,69.185634,-192201244.203254,-213817514.7098481,-88457793.39964536,17.53275504890281,-4.113523294787678,-2.489715645566144,2026-04-02T23:33:55.814358
2461133.483391204, A.D. 2026-Apr-02 23:36:05.0000,69.185634,-192200192.2097716,-213817761.5255724,-88457942.78556405,17.5328116571008,-4.113460416131893,-2.489689630814321,2026-04-02T23:34:55.814395
2461133.484085648, A.D. 2026-Apr-02 23:37:05.0000,69.185634,-192199140.2128927,-213818008.3375238,-88458092.1699218,17.53286826524509,-4.113397537118344,-2.489663615900533,2026-04-02T23:35:55.814351
2461133.484780093, A.D. 2026-Apr-02 23:38:05.0000,69.185634,-192198088.2126171,-213818255.1457024,-88458241.55271862,17.53292487333567,-4.113334657747026,-2.489637600824783,2026-04-02T23:36:55.814428
2461133.485474537, A.D. 2026-Apr-02 23:39:05.0000,69.185634,-192197036.2089451,-213818501.9501081,-88458390.9339545,17.53298148137254,-4.113271778017939,-2.489611585587067,2026-04-02T23:37:55.814384
2461133.486168982, A.D. 2026-Apr-02 23:40:05.0000,69.185634,-192195984.2018743,-213818748.7507415,-88458540.31362972,17.53303808935582,-4.113208897930954,-2.489585570187334,2026-04-02T23:38:55.814421
2461133.486863426, A.D. 2026-Apr-02 23:41:05.0000,69.185634,-192194932.1914091,-213818995.5476014,-88458689.69174367,17.53309469728528,-4.113146017486318,-2.489559554625684,2026-04-02T23:39:55.814377
2461133.48755787, A.D. 2026-Apr-02 23:42:05.0000,69.185634,-192193880.1775452,-213819242.3406889,-88458839.06829694,17.53315130516114,-4.11308313668378,-2.489533538902015,2026-04-02T23:40:55.814333
2461133.488252315, A.D. 2026-Apr-02 23:43:05.0000,69.185634,-192192828.1602869,-213819489.1300029,-88458988.44328892,17.53320791298318,-4.113020255523587,-2.489507523016427,2026-04-02T23:41:55.814410
2461133.488946759, A.D. 2026-Apr-02 23:44:05.0000,69.185634,-192191776.1396299,-213819735.9155445,-88459137.8167202,17.53326452075161,-4.112957374005485,-2.489481506968817,2026-04-02T23:42:55.814366
2461133.489641204, A.D. 2026-Apr-02 23:45:05.0000,69.185634,-192190724.1155784,-213819982.6973126,-88459287.1885902,17.53332112846622,-4.112894492129723,-2.489455490759286,2026-04-02T23:43:55.814403
2461133.490335648, A.D. 2026-Apr-02 23:46:05.0000,69.185634,-192189672.0881284,-213820229.4753081,-88459436.55889945,17.53337773612722,-4.112831609896048,-2.48942947438773,2026-04-02T23:44:55.814359
2461133.491030093, A.D. 2026-Apr-02 23:47:05.0000,69.185634,-192188620.0572817,-213820476.2495306,-88459585.92764768,17.53343434373452,-4.112768727304583,-2.4894034578542,2026-04-02T23:45:55.814396
2461133.491724537, A.D. 2026-Apr-02 23:48:05.0000,69.185634,-192187568.0230407,-213820723.0199796,-88459735.29483458,17.53349095128798,-4.112705844355449,-2.489377441158746,2026-04-02T23:46:55.814392
2461133.492418982, A.D. 2026-Apr-02 23:49:05.0000,69.185634,-192186515.9854009,-213820969.7866559,-88459884.66046073,17.53354755878783,-4.112642961048395,-2.489351424301263,2026-04-02T23:47:55.814429
2461133.493113426, A.D. 2026-Apr-02 23:50:05.0000,69.185634,-192185463.9443647,-213821216.5495592,-88460034.02452584,17.53360416623397,-4.112580077383543,-2.489325407281802,2026-04-02T23:48:55.814385
2461133.49380787, A.D. 2026-Apr-02 23:51:05.0000,69.185634,-192184411.899932,-213821463.3086893,-88460183.38702987,17.53366077362639,-4.11251719336089,-2.489299390100362,2026-04-02T23:49:55.814341
2461133.494502315, A.D. 2026-Apr-02 23:52:05.0000,69.185634,-192183359.8521027,-213821710.0640463,-88460332.74797283,17.53371738096508,-4.112454308980433,-2.489273372756941,2026-04-02T23:50:55.814378
2461133.495196759, A.D. 2026-Apr-02 23:53:05.0000,69.185634,-192182307.8008754,-213821956.8156305,-88460482.1073549,17.53377398825013,-4.112391424242083,-2.489247355251502,2026-04-02T23:51:55.814334
2461133.495891204, A.D. 2026-Apr-02 23:54:05.0000,69.185634,-192181255.7462531,-213822203.5634411,-88460631.46517567,17.53383059548138,-4.112328539146013,-2.489221337584118,2026-04-02T23:52:55.814411
2461133.496585648, A.D. 2026-Apr-02 23:55:05.0000,69.185634,-192180203.6882342,-213822450.3074785,-88460780.82143535,17.53388720265891,-4.112265653692131,-2.489195319754749,2026-04-02T23:53:55.814367
2461133.497280092, A.D. 2026-Apr-02 23:56:05.0000,69.185634,-192179151.6268167,-213822697.0477432,-88460930.1761342,17.53394380978282,-4.112202767880311,-2.489169301763344,2026-04-02T23:54:55.814323
2461133.497974537, A.D. 2026-Apr-02 23:57:05.0000,69.185634,-192178099.5620049,-213822943.7842341,-88461079.52927163,17.53400041685288,-4.112139881710799,-2.489143283610003,2026-04-02T23:55:55.814360
2461133.498668981, A.D. 2026-Apr-02 23:58:05.0000,69.185634,-192177047.4937965,-213823190.5169518,-88461228.88084795,17.53405702386923,-4.112076995183471,-2.489117265294676,2026-04-02T23:56:55.814316
2461133.499363426, A.D. 2026-Apr-02 23:59:05.0000,69.185634,-192175995.4221895,-213823437.2458966,-88461378.2308634,17.53411363083196,-4.112014108298195,-2.489091246817308,2026-04-02T23:57:55.814393
2461133.500057871, A.D. 2026-Apr-03 00:00:05.0000,69.185634,-192174943.3471881,-213823683.9710676,-88461527.5793174,17.53417023774084,-4.111951221055221,-2.489065228178001,2026-04-02T23:58:55.814430
2461133.500752315, A.D. 2026-Apr-03 00:01:05.0000,69.185634,-192173891.2687881,-213823930.6924658,-88461676.92621054,17.53422684459611,-4.111888333454295,-2.489039209376652,2026-04-02T23:59:55.814386
2461133.501446759, A.D. 2026-Apr-03 00:02:05.0000,69.185634,-192172839.1869937,-213824177.4100901,-88461826.2715422,17.53428345139752,-4.111825445495666,-2.489013190413363,2026-04-03T00:00:55.814342
2461133.502141204, A.D. 2026-Apr-03 00:03:05.0000,69.185634,-192171787.1018008,-213824424.1239416,-88461975.615313,17.53434005814532,-4.111762557179081,-2.488987171288028,2026-04-03T00:01:55.814419
2461133.502835648, A.D. 2026-Apr-03 00:04:05.0000,69.185634,-192170735.0132113,-213824670.8340197,-88462124.95752259,17.53439666483938,-4.111699668504661,-2.4889611520007,2026-04-03T00:02:55.814375
2461133.503530093, A.D. 2026-Apr-03 00:05:05.0000,69.185634,-192169682.9212275,-213824917.5403238,-88462274.2981707,17.5344532714796,-4.111636779472531,-2.488935132551426,2026-04-03T00:03:55.814412
2461133.504224537, A.D. 2026-Apr-03 00:06:05.0000,69.185634,-192168630.825845,-213825164.2428549,-88462423.63725787,17.5345098780662,-4.111573890082435,-2.488909112940105,2026-04-03T00:04:55.814368
2461133.504918981, A.D. 2026-Apr-03 00:07:05.0000,69.185634,-192167578.7270661,-213825410.9416126,-88462572.97478382,17.53456648459904,-4.1115110003345,-2.488883093166785,2026-04-03T00:05:55.814324
2461133.505613426, A.D. 2026-Apr-03 00:08:05.0000,69.185634,-192166526.6248907,-213825657.6365968,-88462722.31074856,17.53462309107816,-4.111448110228719,-2.488857073231466,2026-04-03T00:06:55.814401
2461133.50630787, A.D. 2026-Apr-03 00:09:05.0000,69.185634,-192165474.5193189,-213825904.3278075,-88462871.64515205,17.53467969750353,-4.111385219765093,-2.488831053134147,2026-04-03T00:07:55.814357
2461133.507002315, A.D. 2026-Apr-03 00:10:05.0000,69.185634,-192164422.4103506,-213826151.0152447,-88463020.9779943,17.53473630387516,-4.111322328943616,-2.488805032874826,2026-04-03T00:08:55.814394
2461133.507696759, A.D. 2026-Apr-03 00:11:05.0000,69.185634,-192163370.2979858,-213826397.6989083,-88463170.30927527,17.53479291019305,-4.111259437764288,-2.488779012453501,2026-04-03T00:09:55.814350
2461133.508391204, A.D. 2026-Apr-03 00:12:05.0000,69.185634,-192162318.1822245,-213826644.3787983,-88463319.63899498,17.5348495164572,-4.111196546227106,-2.488752991870173,2026-04-03T00:10:55.814387
2461133.509085648, A.D. 2026-Apr-03 00:13:05.0000,69.185634,-192161266.0630668,-213826891.0549147,-88463468.96715342,17.5349061226676,-4.111133654332068,-2.48872697112484,2026-04-03T00:11:55.814383
2461133.509780093, A.D. 2026-Apr-03 00:14:05.0000,69.185634,-192160213.9405105,-213827137.727258,-88463618.29375085,17.53496272882437,-4.111070762079045,-2.488700950217449,2026-04-03T00:12:55.814420
2461133.510474537, A.D. 2026-Apr-03 00:15:05.0000,69.185634,-192159161.8145599,-213827384.3958272,-88463767.6187867,17.53501933492727,-4.111007869468285,-2.488674929148102,2026-04-03T00:13:55.814376
2461133.511168981, A.D. 2026-Apr-03 00:16:05.0000,69.185634,-192158109.6852129,-213827631.0606227,-88463916.94226123,17.53507594097643,-4.110944976499661,-2.488648907916746,2026-04-03T00:14:55.814332
2461133.511863426, A.D. 2026-Apr-03 00:17:05.0000,69.185634,-192157057.5524673,-213827877.721645,-88464066.26417474,17.53513254697195,-4.110882083173044,-2.488622886523328,2026-04-03T00:15:55.814369
2461133.51255787, A.D. 2026-Apr-03 00:18:05.0000,69.185634,-192156005.4163269,-213828124.3788932,-88464215.58452669,17.53518915291364,-4.110819189488656,-2.48859686496794,2026-04-03T00:16:55.814325
2461133.513252315, A.D. 2026-Apr-03 00:19:05.0000,69.185634,-192154953.2767884,-213828371.0323681,-88464364.90331754,17.53524575880166,-4.110756295446299,-2.488570843250499,2026-04-03T00:17:55.814402
2461133.513946759, A.D. 2026-Apr-03 00:20:05.0000,69.185634,-192153901.1338555,-213828617.6820688,-88464514.22054674,17.53530236463581,-4.110693401046191,-2.488544821371097,2026-04-03T00:18:55.814358
2461133.514641204, A.D. 2026-Apr-03 00:21:05.0000,69.185634,-192152848.9875242,-213828864.3279961,-88464663.5362149,17.53535897041633,-4.110630506288081,-2.488518799329628,2026-04-03T00:19:55.814395
2461133.515335648, A.D. 2026-Apr-03 00:22:05.0000,69.185634,-192151796.8377964,-213829110.9701497,-88464812.85032168,17.53541557614309,-4.110567611172092,-2.488492777126143,2026-04-03T00:20:55.814351
2461133.516030093, A.D. 2026-Apr-03 00:23:05.0000,69.185634,-192150744.6846742,-213829357.6085289,-88464962.16286677,17.53547218181598,-4.110504715698345,-2.488466754760693,2026-04-03T00:21:55.814428
2461133.516724537, A.D. 2026-Apr-03 00:24:05.0000,69.185634,-192149692.5281536,-213829604.2431349,-88465111.47385079,17.53552878743523,-4.110441819866589,-2.488440732233173,2026-04-03T00:22:55.814384
2461133.517418982, A.D. 2026-Apr-03 00:25:05.0000,69.185634,-192148640.3682365,-213829850.8739669,-88465260.7832734,17.53558539300072,-4.110378923676945,-2.488414709543634,2026-04-03T00:23:55.814421
2461133.518113426, A.D. 2026-Apr-03 00:26:05.0000,69.185634,-192147588.204923,-213830097.5010251,-88465410.09113462,17.53564199851245,-4.110316027129411,-2.488388686692074,2026-04-03T00:24:55.814377
2461133.51880787, A.D. 2026-Apr-03 00:27:05.0000,69.185634,-192146536.0382131,-213830344.1243094,-88465559.39743441,17.53569860397041,-4.110253130223985,-2.488362663678493,2026-04-03T00:25:55.814333
2461133.519502315, A.D. 2026-Apr-03 00:28:05.0000,69.185634,-192145483.8681068,-213830590.7438198,-88465708.7021728,17.53575520937462,-4.110190232960663,-2.488336640502888,2026-04-03T00:26:55.814410
2461133.520196759, A.D. 2026-Apr-03 00:29:05.0000,69.185634,-192144431.6946052,-213830837.359556,-88465858.00534958,17.535811814725,-4.110127335339511,-2.488310617165288,2026-04-03T00:27:55.814366
2461133.520891204, A.D. 2026-Apr-03 00:30:05.0000,69.185634,-192143379.5177061,-213831083.9715185,-88466007.30696507,17.53586842002169,-4.110064437360392,-2.488284593665634,2026-04-03T00:28:55.814403
2461133.521585648, A.D. 2026-Apr-03 00:31:05.0000,69.185634,-192142327.3374085,-213831330.5797074,-88466156.60701941,17.53592502526471,-4.110001539023246,-2.488258570003902,2026-04-03T00:29:55.814359
2461133.522280093, A.D. 2026-Apr-03 00:32:05.0000,69.185634,-192141275.1537166,-213831577.1841219,-88466305.90551199,17.53598163045386,-4.10993864032832,-2.488232546180194,2026-04-03T00:30:55.814396
2461133.522974537, A.D. 2026-Apr-03 00:33:05.0000,69.185634,-192140222.9666282,-213831823.7847623,-88466455.2024431,17.53603823558925,-4.109875741275485,-2.488206522194457,2026-04-03T00:31:55.814392
2461133.523668982, A.D. 2026-Apr-03 00:34:05.0000,69.185634,-192139170.7761414,-213832070.3816292,-88466604.497813,17.53609484067098,-4.109812841864615,-2.488180498046639,2026-04-03T00:32:55.814429
2461133.524363426, A.D. 2026-Apr-03 00:35:05.0000,69.185634,-192138118.5822603,-213832316.9747216,-88466753.79162112,17.53615144569882,-4.109749942095958,-2.488154473736842,2026-04-03T00:33:55.814385
2461133.52505787, A.D. 2026-Apr-03 00:36:05.0000,69.185634,-192137066.3849808,-213832563.5640403,-88466903.08386804,17.53620805067301,-4.109687041969259,-2.488128449264959,2026-04-03T00:34:55.814341
2461133.525752315, A.D. 2026-Apr-03 00:37:05.0000,69.185634,-192136014.1843069,-213832810.1495844,-88467052.37455316,17.53626465559331,-4.109624141484768,-2.488102424631096,2026-04-03T00:35:55.814378
2461133.526446759, A.D. 2026-Apr-03 00:38:05.0000,69.185634,-192134961.9802345,-213833056.7313549,-88467201.66367705,17.53632126045996,-4.109561240642232,-2.488076399835145,2026-04-03T00:36:55.814334
2461133.527141204, A.D. 2026-Apr-03 00:39:05.0000,69.185634,-192133909.7727658,-213833303.3093512,-88467350.9512394,17.53637786527283,-4.109498339441773,-2.48805037487716,2026-04-03T00:37:55.814411
2461133.527835648, A.D. 2026-Apr-03 00:40:05.0000,69.185634,-192132857.5619028,-213833549.8835729,-88467500.23723991,17.53643447003181,-4.109435437883512,-2.488024349757188,2026-04-03T00:38:55.814367
2461133.528530092, A.D. 2026-Apr-03 00:41:05.0000,69.185634,-192131805.3476413,-213833796.4540208,-88467649.52167918,17.53649107473713,-4.109372535967199,-2.487998324475127,2026-04-03T00:39:55.814323
2461133.529224537, A.D. 2026-Apr-03 00:42:05.0000,69.185634,-192130753.1299835,-213834043.0206945,-88467798.80455688,17.53654767938867,-4.109309633692956,-2.487972299031026,2026-04-03T00:40:55.814360
2461133.529918981, A.D. 2026-Apr-03 00:43:05.0000,69.185634,-192129700.9089293,-213834289.583594,-88467948.085873,17.53660428398643,-4.109246731060778,-2.487946273424885,2026-04-03T00:41:55.814316
2461133.530613426, A.D. 2026-Apr-03 00:44:05.0000,69.185634,-192128648.6844788,-213834536.1427192,-88468097.36562756,17.53666088853042,-4.109183828070665,-2.487920247656702,2026-04-03T00:42:55.814393
2461133.531307871, A.D. 2026-Apr-03 00:45:05.0000,69.185634,-192127596.4566319,-213834782.6980702,-88468246.64382051,17.53671749302062,-4.109120924722613,-2.487894221726476,2026-04-03T00:43:55.814430
2461133.532002315, A.D. 2026-Apr-03 00:46:05.0000,69.185634,-192126544.2253886,-213835029.2496468,-88468395.92045188,17.53677409745704,-4.109058021016621,-2.487868195634205,2026-04-03T00:44:55.814386
2461133.532696759, A.D. 2026-Apr-03 00:47:05.0000,69.185634,-192125491.990749,-213835275.7974491,-88468545.19552162,17.53683070183968,-4.108995116952686,-2.48784216937989,2026-04-03T00:45:55.814342
2461133.533391204, A.D. 2026-Apr-03 00:48:05.0000,69.185634,-192124439.7527131,-213835522.341477,-88468694.46902975,17.53688730616854,-4.108932212530804,-2.487816142963528,2026-04-03T00:46:55.814419
2461133.534085648, A.D. 2026-Apr-03 00:49:05.0000,69.185634,-192123387.5112787,-213835768.8817311,-88468843.74097654,17.53694391044372,-4.108869307750849,-2.487790116385066,2026-04-03T00:47:55.814375
2461133.534780093, A.D. 2026-Apr-03 00:50:05.0000,69.185634,-192122335.26645,-213836015.4182103,-88468993.0113614,17.53700051466501,-4.108806402613069,-2.487764089644608,2026-04-03T00:48:55.814412
2461133.535474537, A.D. 2026-Apr-03 00:51:05.0000,69.185634,-192121283.0182251,-213836261.9509151,-88469142.28018461,17.5370571188325,-4.108743497117334,-2.487738062742098,2026-04-03T00:49:55.814368
2461133.536168981, A.D. 2026-Apr-03 00:52:05.0000,69.185634,-192120230.7666017,-213836508.4798459,-88469291.54744647,17.53711372294633,-4.108680591263518,-2.487712035677487,2026-04-03T00:50:55.814324
2461133.536863426, A.D. 2026-Apr-03 00:53:05.0000,69.185634,-192119178.511584,-213836755.0050018,-88469440.81314635,17.53717032700624,-4.108617685051868,-2.487686008450874,2026-04-03T00:51:55.814401
2461133.53755787, A.D. 2026-Apr-03 00:54:05.0000,69.185634,-192118126.253168,-213837001.5263836,-88469590.07728486,17.53722693101249,-4.108554778482131,-2.487659981062157,2026-04-03T00:52:55.814357
2461133.538252315, A.D. 2026-Apr-03 00:55:05.0000,69.185634,-192117073.9913577,-213837248.0439906,-88469739.33986138,17.53728353496483,-4.108491871554556,-2.487633953511436,2026-04-03T00:53:55.814394
2461133.538946759, A.D. 2026-Apr-03 00:56:05.0000,69.185634,-192116021.726149,-213837494.5578234,-88469888.6008765,17.53734013886348,-4.10842896426889,-2.487607925798607,2026-04-03T00:54:55.814350
2461133.539641204, A.D. 2026-Apr-03 00:57:05.0000,69.185634,-192114969.457544,-213837741.0678817,-88470037.86032991,17.53739674270835,-4.108366056625256,-2.487581897923722,2026-04-03T00:55:55.814387
2461133.540335648, A.D. 2026-Apr-03 00:58:05.0000,69.185634,-192113917.1855447,-213837987.574165,-88470187.11822131,17.5374533464993,-4.108303148623774,-2.487555869886829,2026-04-03T00:56:55.814383
2461133.541030093, A.D. 2026-Apr-03 00:59:05.0000,69.185634,-192112864.9101471,-213838234.0766742,-88470336.37455128,17.53750995023658,-4.108240240264194,-2.487529841687826,2026-04-03T00:57:55.814420
2461133.541724537, A.D. 2026-Apr-03 01:00:05.0000,69.185634,-192111812.6313531,-213838480.5754088,-88470485.6293195,17.53756655392005,-4.108177331546637,-2.487503813326761,2026-04-03T00:58:55.814376
2461133.542418981, A.D. 2026-Apr-03 01:01:05.0000,69.185634,-192110760.3491628,-213838727.0703687,-88470634.88252601,17.53762315754973,-4.108114422471099,-2.487477784803636,2026-04-03T00:59:55.814332
2461133.543113426, A.D. 2026-Apr-03 01:02:05.0000,69.185634,-192109708.0635763,-213838973.561554,-88470784.13417073,17.53767976112561,-4.108051513037582,-2.487451756118446,2026-04-03T01:00:55.814369
2461133.54380787, A.D. 2026-Apr-03 01:03:05.0000,69.185634,-192108655.7745934,-213839220.0489646,-88470933.38425371,17.53773636464769,-4.10798860324608,-2.487425727271193,2026-04-03T01:01:55.814325
2461133.544502315, A.D. 2026-Apr-03 01:04:05.0000,69.185634,-192107603.4822143,-213839466.5326006,-88471082.6327749,17.53779296811596,-4.107925693096592,-2.487399698261874,2026-04-03T01:02:55.814402
2461133.545196759, A.D. 2026-Apr-03 01:05:05.0000,69.185634,-192106551.1864388,-213839713.0124618,-88471231.8797343,17.53784957153043,-4.107862782589113,-2.487373669090489,2026-04-03T01:03:55.814358
2461133.545891204, A.D. 2026-Apr-03 01:06:05.0000,69.185634,-192105498.887265,-213839959.4885487,-88471381.1251322,17.53790617489122,-4.107799871723518,-2.487347639756984,2026-04-03T01:04:55.814395
2461133.546585648, A.D. 2026-Apr-03 01:07:05.0000,69.185634,-192104446.584697,-213840205.9608604,-88471530.36896802,17.53796277819808,-4.107736960500053,-2.487321610261462,2026-04-03T01:05:55.814351
2461133.547280093, A.D. 2026-Apr-03 01:08:05.0000,69.185634,-192103394.2787327,-213840452.4293973,-88471679.61124201,17.53801938145114,-4.107674048918591,-2.487295580603869,2026-04-03T01:06:55.814428
2461133.547974537, A.D. 2026-Apr-03 01:09:05.0000,69.185634,-192102341.96937,-213840698.89416,-88471828.85195448,17.5380759846505,-4.107611136979006,-2.487269550784154,2026-04-03T01:07:55.814384
2461133.548668982, A.D. 2026-Apr-03 01:10:05.0000,69.185634,-192101289.6566131,-213840945.3551473,-88471978.09110482,17.53813258779594,-4.107548224681543,-2.487243520802418,2026-04-03T01:08:55.814421
2461133.549363426, A.D. 2026-Apr-03 01:11:05.0000,69.185634,-192100237.3404579,-213841191.8123603,-88472127.32869361,17.53818919088769,-4.10748531202595,-2.487217490658557,2026-04-03T01:09:55.814377
2461133.55005787, A.D. 2026-Apr-03 01:12:05.0000,69.185634,-192099185.0209085,-213841438.2657979,-88472276.56472026,17.53824579392551,-4.107422399012476,-2.487191460352672,2026-04-03T01:10:55.814333
2461133.550752315, A.D. 2026-Apr-03 01:13:05.0000,69.185634,-192098132.6979608,-213841684.7154611,-88472425.79918534,17.53830239690964,-4.107359485640865,-2.487165429884659,2026-04-03T01:11:55.814410
2461133.551446759, A.D. 2026-Apr-03 01:14:05.0000,69.185634,-192097080.3716188,-213841931.1613489,-88472575.03208825,17.53835899983984,-4.107296571911369,-2.487139399254621,2026-04-03T01:12:55.814366
2461133.552141204, A.D. 2026-Apr-03 01:15:05.0000,69.185634,-192096028.0418786,-213842177.6034622,-88472724.26342957,17.53841560271633,-4.107233657823732,-2.487113368462453,2026-04-03T01:13:55.814403
2461133.552835648, A.D. 2026-Apr-03 01:16:05.0000,69.185634,-192094975.708742,-213842424.0418007,-88472873.49320897,17.53847220553901,-4.107170743378078,-2.487087337508206,2026-04-03T01:14:55.814359
2461133.553530093, A.D. 2026-Apr-03 01:17:05.0000,69.185634,-192093923.3722093,-213842670.4763641,-88473022.72142652,17.53852880830788,-4.107107828574405,-2.487061306391877,2026-04-03T01:15:55.814396
2461133.554224537, A.D. 2026-Apr-03 01:18:05.0000,69.185634,-192092871.0322802,-213842916.9071526,-88473171.94808213,17.53858541102293,-4.107044913412708,-2.487035275113467,2026-04-03T01:16:55.814392
2461133.554918982, A.D. 2026-Apr-03 01:19:05.0000,69.185634,-192091818.6889549,-213843163.334166,-88473321.17317583,17.53864201368415,-4.106981997892987,-2.487009243672974,2026-04-03T01:17:55.814429
2461133.555613426, A.D. 2026-Apr-03 01:20:05.0000,69.185634,-192090766.3422334,-213843409.7574044,-88473470.3967076,17.53869861629157,-4.106919082015238,-2.486983212070396,2026-04-03T01:18:55.814385
2461133.55630787, A.D. 2026-Apr-03 01:21:05.0000,69.185634,-192089713.9921156,-213843656.1768678,-88473619.61867742,17.53875521884515,-4.106856165779458,-2.486957180305732,2026-04-03T01:19:55.814341
2461133.557002315, A.D. 2026-Apr-03 01:22:05.0000,69.185634,-192088661.6386016,-213843902.592556,-88473768.8390853,17.53881182134492,-4.106793249185647,-2.486931148378982,2026-04-03T01:20:55.814378
2461133.557696759, A.D. 2026-Apr-03 01:23:05.0000,69.185634,-192087609.2816913,-213844149.0044692,-88473918.05793121,17.53886842379087,-4.1067303322338,-2.486905116290144,2026-04-03T01:21:55.814334
2461133.558391204, A.D. 2026-Apr-03 01:24:05.0000,69.185634,-192086556.9213849,-213844395.4126072,-88474067.27521515,17.53892502618299,-4.106667414923916,-2.486879084039217,2026-04-03T01:22:55.814411
2461133.559085648, A.D. 2026-Apr-03 01:25:05.0000,69.185634,-192085504.5576801,-213844641.8169706,-88474216.49093741,17.5389816285214,-4.106604497255866,-2.486853051626148,2026-04-03T01:23:55.814367
2461133.559780092, A.D. 2026-Apr-03 01:26:05.0000,69.185634,-192084452.1905811,-213844888.2175583,-88474365.70509739,17.53903823080587,-4.106541579229898,-2.48682701905104,2026-04-03T01:24:55.814323
2461133.560474537, A.D. 2026-Apr-03 01:27:05.0000,69.185634,-192083399.820086,-213845134.6143709,-88474514.91769537,17.53909483303651,-4.106478660845885,-2.486800986313838,2026-04-03T01:25:55.814360
2461133.561168981, A.D. 2026-Apr-03 01:28:05.0000,69.185634,-192082347.4461926,-213845381.0074086,-88474664.12873164,17.53915143521344,-4.106415742103699,-2.486774953414492,2026-04-03T01:26:55.814316
2461133.561863426, A.D. 2026-Apr-03 01:29:05.0000,69.185634,-192081295.068905,-213845627.3966708,-88474813.33820559,17.53920803733642,-4.106352823003586,-2.486748920353102,2026-04-03T01:27:55.814393
2461133.562557871, A.D. 2026-Apr-03 01:30:05.0000,69.185634,-192080242.6882191,-213845873.7821581,-88474962.54611781,17.53926463940569,-4.106289903545297,-2.486722887129564,2026-04-03T01:28:55.814430
2461133.563252315, A.D. 2026-Apr-03 01:31:05.0000,69.185634,-192079190.304137,-213846120.1638702,-88475111.75246799,17.53932124142112,-4.106226983728951,-2.486696853743929,2026-04-03T01:29:55.814386
2461133.563946759, A.D. 2026-Apr-03 01:32:05.0000,69.185634,-192078137.9166608,-213846366.5418064,-88475260.95725584,17.53937784338261,-4.106164063554672,-2.486670820196248,2026-04-03T01:30:55.814342
2461133.564641204, A.D. 2026-Apr-03 01:33:05.0000,69.185634,-192077085.5257863,-213846612.9159679,-88475410.16048193,17.53943444529038,-4.106101143022208,-2.486644786486414,2026-04-03T01:31:55.814419
2461133.565335648, A.D. 2026-Apr-03 01:34:05.0000,69.185634,-192076033.1315156,-213846859.286354,-88475559.36214593,17.53949104714431,-4.10603822213168,-2.48661875261448,2026-04-03T01:32:55.814375
2461133.566030093, A.D. 2026-Apr-03 01:35:05.0000,69.185634,-192074980.7338488,-213847105.6529648,-88475708.56224786,17.53954764894441,-4.105975300883087,-2.486592718580444,2026-04-03T01:33:55.814412
2461133.566724537, A.D. 2026-Apr-03 01:36:05.0000,69.185634,-192073928.3327857,-213847352.0158001,-88475857.76078771,17.53960425069067,-4.105912379276425,-2.486566684384304,2026-04-03T01:34:55.814368
2461133.567418981, A.D. 2026-Apr-03 01:37:05.0000,69.185634,-192072875.9283264,-213847598.3748601,-88476006.95776546,17.53966085238309,-4.105849457311693,-2.486540650026061,2026-04-03T01:35:55.814324
2461133.568113426, A.D. 2026-Apr-03 01:38:05.0000,69.185634,-192071823.5204709,-213847844.7301447,-88476156.1531811,17.53971745402167,-4.105786534988886,-2.486514615505711,2026-04-03T01:36:55.814401
2461133.56880787, A.D. 2026-Apr-03 01:39:05.0000,69.185634,-192070771.1092193,-213848091.0816538,-88476305.34703465,17.53977405560641,-4.105723612308005,-2.486488580823255,2026-04-03T01:37:55.814357
2461133.569502315, A.D. 2026-Apr-03 01:40:05.0000,69.185634,-192069718.6945715,-213848337.4293874,-88476454.53932604,17.53983065713732,-4.105660689269045,-2.486462545978691,2026-04-03T01:38:55.814394
2461133.570196759, A.D. 2026-Apr-03 01:41:05.0000,69.185634,-192068666.2765275,-213848583.7733456,-88476603.73005532,17.53988725861437,-4.105597765872003,-2.486436510972017,2026-04-03T01:39:55.814350
2461133.570891204, A.D. 2026-Apr-03 01:42:05.0000,69.185634,-192067613.8550873,-213848830.1135282,-88476752.91922244,17.53994386003758,-4.105534842116877,-2.486410475803234,2026-04-03T01:40:55.814387
2461133.571585648, A.D. 2026-Apr-03 01:43:05.0000,69.185634,-192066561.4302489,-213849076.4499358,-88476902.10682772,17.54000046140706,-4.10547191800354,-2.486384440472287,2026-04-03T01:41:55.814383
2461133.572280093, A.D. 2026-Apr-03 01:44:05.0000,69.185634,-192065509.0020164,-213849322.7825674,-88477051.29287054,17.54005706272258,-4.10540899353224,-2.48635840497928,2026-04-03T01:42:55.814420
2461133.572974537, A.D. 2026-Apr-03 01:45:05.0000,69.185634,-192064456.5703857,-213849569.1114238,-88477200.47735146,17.54011366398437,-4.105346068702723,-2.486332369324106,2026-04-03T01:43:55.814376
2461133.573668981, A.D. 2026-Apr-03 01:46:05.0000,69.185634,-192063404.1353608,-213849815.4365042,-88477349.66026992,17.54017026519219,-4.105283143515238,-2.48630633350687,2026-04-03T01:44:55.814332
2461133.574363426, A.D. 2026-Apr-03 01:47:05.0000,69.185634,-192062351.6969377,-213850061.7578095,-88477498.84162647,17.54022686634628,-4.105220217969531,-2.486280297527465,2026-04-03T01:45:55.814369
2461133.57505787, A.D. 2026-Apr-03 01:48:05.0000,69.185634,-192061299.2551206,-213850308.0753386,-88477648.02142052,17.5402834674464,-4.105157292065849,-2.486254261385994,2026-04-03T01:46:55.814325
2461133.575752315, A.D. 2026-Apr-03 01:49:05.0000,69.185634,-192060246.8099053,-213850554.3890926,-88477797.19965267,17.54034006849279,-4.105094365803942,-2.486228225082354,2026-04-03T01:47:55.814402
2461133.576446759, A.D. 2026-Apr-03 01:50:05.0000,69.185634,-192059194.3612937,-213850800.6990708,-88477946.37632258,17.54039666948532,-4.10503143918393,-2.486202188616593,2026-04-03T01:48:55.814358
2461133.577141204, A.D. 2026-Apr-03 01:51:05.0000,69.185634,-192058141.9092861,-213851047.0052734,-88478095.55143027,17.540453270424,-4.104968512205812,-2.486176151988712,2026-04-03T01:49:55.814395
2461133.577835648, A.D. 2026-Apr-03 01:52:05.0000,69.185634,-192057089.4538844,-213851293.3076998,-88478244.7249754,17.54050987130871,-4.10490558486971,-2.486150115198761,2026-04-03T01:50:55.814351
2461133.578530093, A.D. 2026-Apr-03 01:53:05.0000,69.185634,-192056036.9950844,-213851539.6063509,-88478393.8969586,17.54056647213967,-4.104842657175372,-2.486124078246634,2026-04-03T01:51:55.814428
2461133.579224537, A.D. 2026-Apr-03 01:54:05.0000,69.185634,-192054984.5328884,-213851785.9012262,-88478543.06737953,17.54062307291678,-4.104779729122918,-2.486098041132383,2026-04-03T01:52:55.814384
2461133.579918982, A.D. 2026-Apr-03 01:55:05.0000,69.185634,-192053932.0672961,-213852032.1923258,-88478692.2362382,17.54067967364004,-4.104716800712348,-2.486072003856006,2026-04-03T01:53:55.814421
2461133.580613426, A.D. 2026-Apr-03 01:56:05.0000,69.185634,-192052879.5983078,-213852278.4796495,-88478841.40353456,17.54073627430943,-4.104653871943658,-2.486045966417502,2026-04-03T01:54:55.814377
2461133.58130787, A.D. 2026-Apr-03 01:57:05.0000,69.185634,-192051827.1259234,-213852524.7631974,-88478990.56926866,17.54079287492496,-4.104590942816847,-2.48601992881687,2026-04-03T01:55:55.814333
2461133.582002315, A.D. 2026-Apr-03 01:58:05.0000,69.185634,-192050774.6501407,-213852771.0429699,-88479139.73344074,17.54084947548673,-4.104528013331786,-2.485993891054057,2026-04-03T01:56:55.814410
2461133.582696759, A.D. 2026-Apr-03 01:59:05.0000,69.185634,-192049722.170964,-213853017.3189661,-88479288.89605021,17.54090607599454,-4.104465083488723,-2.485967853129166,2026-04-03T01:57:55.814366
2461133.583391204, A.D. 2026-Apr-03 02:00:05.0000,69.185634,-192048669.6883912,-213853263.5911864,-88479438.05709738,17.54096267644848,-4.104402153287531,-2.485941815042143,2026-04-03T01:58:55.814403
2461133.584085648, A.D. 2026-Apr-03 02:01:05.0000,69.185634,-192047617.2024202,-213853509.8596313,-88479587.2165825,17.54101927684867,-4.10433922272808,-2.485915776792935,2026-04-03T01:59:55.814359
2461133.584780093, A.D. 2026-Apr-03 02:02:05.0000,69.185634,-192046564.7130551,-213853756.1242997,-88479736.37450498,17.54107587719488,-4.104276291810621,-2.485889738381645,2026-04-03T02:00:55.814396
2461133.585474537, A.D. 2026-Apr-03 02:03:05.0000,69.185634,-192045512.220294,-213854002.3851921,-88479885.53086513,17.54113247748722,-4.104213360535025,-2.48586369980822,2026-04-03T02:01:55.814392
2461133.586168982, A.D. 2026-Apr-03 02:04:05.0000,69.185634,-192044459.7241347,-213854248.6423091,-88480034.68566321,17.54118907772581,-4.104150428901163,-2.485837661072607,2026-04-03T02:02:55.814429
2461133.586863426, A.D. 2026-Apr-03 02:05:05.0000,69.185634,-192043407.2245814,-213854494.8956496,-88480183.83889861,17.54124567791041,-4.104087496909284,-2.485811622174908,2026-04-03T02:03:55.814385
2461133.58755787, A.D. 2026-Apr-03 02:06:05.0000,69.185634,-192042354.7216298,-213854741.1452145,-88480332.99057195,17.54130227804126,-4.104024564559136,-2.485785583115019,2026-04-03T02:04:55.814341
2461133.588252315, A.D. 2026-Apr-03 02:07:05.0000,69.185634,-192041302.2152822,-213854987.3910034,-88480482.14068289,17.54135887811823,-4.10396163185084,-2.48575954389299,2026-04-03T02:05:55.814378
2461133.588946759, A.D. 2026-Apr-03 02:08:05.0000,69.185634,-192040249.7055385,-213855233.6330163,-88480631.28923143,17.54141547814133,-4.103898698784394,-2.48573350450882,2026-04-03T02:06:55.814334
2461133.589641204, A.D. 2026-Apr-03 02:09:05.0000,69.185634,-192039197.1924008,-213855479.8712525,-88480780.43621728,17.54147207811044,-4.10383576535992,-2.48570746496256,2026-04-03T02:07:55.814411
2461133.590335648, A.D. 2026-Apr-03 02:10:05.0000,69.185634,-192038144.675865,-213855726.1057131,-88480929.58164099,17.5415286780258,-4.103772831577167,-2.485681425254104,2026-04-03T02:08:55.814367
2461133.591030092, A.D. 2026-Apr-03 02:11:05.0000,69.185634,-192037092.155933,-213855972.3363976,-88481078.72550228,17.54158527788727,-4.103709897436256,-2.485655385383503,2026-04-03T02:09:55.814323
2461133.591724537, A.D. 2026-Apr-03 02:12:05.0000,69.185634,-192036039.632605,-213856218.5633059,-88481227.86780116,17.54164187769486,-4.103646962937185,-2.485629345350757,2026-04-03T02:10:55.814360
2461133.592418981, A.D. 2026-Apr-03 02:13:05.0000,69.185634,-192034987.1058809,-213856464.7864381,-88481377.00853756,17.54169847744858,-4.10358402807995,-2.485603305155864,2026-04-03T02:11:55.814316
2461133.593113426, A.D. 2026-Apr-03 02:14:05.0000,69.185634,-192033934.5757608,-213856711.0057941,-88481526.14771152,17.54175507714842,-4.103521092864551,-2.485577264798823,2026-04-03T02:12:55.814393
2461133.593807871, A.D. 2026-Apr-03 02:15:05.0000,69.185634,-192032882.0422446,-213856957.2213738,-88481675.28532301,17.54181167679438,-4.103458157290985,-2.485551224279633,2026-04-03T02:13:55.814430
2461133.594502315, A.D. 2026-Apr-03 02:16:05.0000,69.185634,-192031829.5053302,-213857203.4331778,-88481824.42137232,17.54186827638657,-4.103395221359121,-2.48552518359824,2026-04-03T02:14:55.814386
2461133.595196759, A.D. 2026-Apr-03 02:17:05.0000,69.185634,-192030776.9650218,-213857449.641205,-88481973.55585887,17.54192487592476,-4.10333228506921,-2.485499142754747,2026-04-03T02:15:55.814342
2461133.595891204, A.D. 2026-Apr-03 02:18:05.0000,69.185634,-192029724.4213174,-213857695.845456,-88482122.6887829,17.54198147540907,-4.103269348421124,-2.485473101749102,2026-04-03T02:16:55.814419
2461133.596585648, A.D. 2026-Apr-03 02:19:05.0000,69.185634,-192028671.8742149,-213857942.0459312,-88482271.82014471,17.5420380748396,-4.103206411414735,-2.48544706058125,2026-04-03T02:17:55.814375
2461133.597280093, A.D. 2026-Apr-03 02:20:05.0000,69.185634,-192027619.3237184,-213858188.2426295,-88482420.94994372,17.54209467421614,-4.103143474050291,-2.485421019251295,2026-04-03T02:18:55.814412
2461133.597974537, A.D. 2026-Apr-03 02:21:05.0000,69.185634,-192026566.7698237,-213858434.435552,-88482570.07818052,17.54215127353891,-4.103080536327538,-2.485394977759132,2026-04-03T02:19:55.814368
2461133.598668981, A.D. 2026-Apr-03 02:22:05.0000,69.185634,-192025514.2125351,-213858680.6246976,-88482719.20485449,17.54220787280767,-4.103017598246725,-2.485368936104863,2026-04-03T02:20:55.814324
2461133.599363426, A.D. 2026-Apr-03 02:23:05.0000,69.185634,-192024461.6518484,-213858926.8100673,-88482868.32996619,17.54226447202264,-4.102954659807597,-2.485342894288384,2026-04-03T02:21:55.814401
2461133.60005787, A.D. 2026-Apr-03 02:24:05.0000,69.185634,-192023409.0877677,-213859172.9916601,-88483017.45351505,17.54232107118363,-4.102891721010405,-2.485316852309797,2026-04-03T02:22:55.814357
2461133.600752315, A.D. 2026-Apr-03 02:25:05.0000,69.185634,-192022356.5202889,-213859419.169477,-88483166.57550165,17.54237767029083,-4.102828781854894,-2.485290810168996,2026-04-03T02:23:55.814394
2461133.601446759, A.D. 2026-Apr-03 02:26:05.0000,69.185634,-192021303.9494141,-213859665.3435174,-88483315.69592567,17.54243426934413,-4.102765842341187,-2.485264767866033,2026-04-03T02:24:55.814350
2461133.602141204, A.D. 2026-Apr-03 02:27:05.0000,69.185634,-192020251.3751432,-213859911.5137813,-88483464.81478712,17.54249086834355,-4.102702902469281,-2.485238725400907,2026-04-03T02:25:55.814387
2461133.602835648, A.D. 2026-Apr-03 02:28:05.0000,69.185634,-192019198.7974764,-213860157.6802687,-88483613.93208596,17.54254746728906,-4.102639962239175,-2.485212682773616,2026-04-03T02:26:55.814383
2461133.603530093, A.D. 2026-Apr-03 02:29:05.0000,69.185634,-192018146.2164134,-213860403.8429796,-88483763.0478222,17.54260406618068,-4.102577021650865,-2.485186639984159,2026-04-03T02:27:55.814420
2461133.604224537, A.D. 2026-Apr-03 02:30:05.0000,69.185634,-192017093.6319545,-213860650.001914,-88483912.16199584,17.54266066501841,-4.102514080704349,-2.485160597032535,2026-04-03T02:28:55.814376
2461133.604918981, A.D. 2026-Apr-03 02:31:05.0000,69.185634,-192016041.0440996,-213860896.1570718,-88484061.27460685,17.54271726380223,-4.102451139399625,-2.485134553918743,2026-04-03T02:29:55.814332
2461133.605613426, A.D. 2026-Apr-03 02:32:05.0000,69.185634,-192014988.4528486,-213861142.3084531,-88484210.38565524,17.54277386253215,-4.102388197736689,-2.485108510642782,2026-04-03T02:30:55.814369
2461133.60630787, A.D. 2026-Apr-03 02:33:05.0000,69.185634,-192013935.8582017,-213861388.4560576,-88484359.49514097,17.54283046120818,-4.102325255715539,-2.485082467204649,2026-04-03T02:31:55.814325
2461133.607002315, A.D. 2026-Apr-03 02:34:05.0000,69.185634,-192012883.2601587,-213861634.5998856,-88484508.60306408,17.5428870598303,-4.102262313336174,-2.485056423604345,2026-04-03T02:32:55.814402
2461133.607696759, A.D. 2026-Apr-03 02:35:05.0000,69.185634,-192011830.6587177,-213861880.7399375,-88484657.7094248,17.54294365839863,-4.102199370598463,-2.485030379841817,2026-04-03T02:33:55.814358
2461133.608391204, A.D. 2026-Apr-03 02:36:05.0000,69.185634,-192010778.0538827,-213862126.8762122,-88484806.81422254,17.54300025691295,-4.102136427502656,-2.485004335917166,2026-04-03T02:34:55.814395
2461133.609085648, A.D. 2026-Apr-03 02:37:05.0000,69.185634,-192009725.4456517,-213862373.0087101,-88484955.91745764,17.54305685537335,-4.102073484048627,-2.484978291830339,2026-04-03T02:35:55.814351
2461133.609780093, A.D. 2026-Apr-03 02:38:05.0000,69.185634,-192008672.8340227,-213862619.1374319,-88485105.01913033,17.54311345377997,-4.102010540236244,-2.484952247581284,2026-04-03T02:36:55.814428
2461133.610474537, A.D. 2026-Apr-03 02:39:05.0000,69.185634,-192007620.2189998,-213862865.2623764,-88485254.11924002,17.54317005213256,-4.101947596065759,-2.484926203170104,2026-04-03T02:37:55.814384
2461133.611168982, A.D. 2026-Apr-03 02:40:05.0000,69.185634,-192006567.6005788,-213863111.3835447,-88485403.2177873,17.54322665043136,-4.101884651536916,-2.484900158596693,2026-04-03T02:38:55.814421
2461133.611863426, A.D. 2026-Apr-03 02:41:05.0000,69.185634,-192005514.9787618,-213863357.5009362,-88485552.31477186,17.54328324867625,-4.10182170664984,-2.484874113861101,2026-04-03T02:39:55.814377
2461133.61255787, A.D. 2026-Apr-03 02:42:05.0000,69.185634,-192004462.3535509,-213863603.6145504,-88485701.4101934,17.54333984686711,-4.101758761404651,-2.48484806896338,2026-04-03T02:40:55.814333
2461133.613252315, A.D. 2026-Apr-03 02:43:05.0000,69.185634,-192003409.724942,-213863849.7243883,-88485850.50405249,17.54339644500418,-4.101695815801098,-2.484822023903425,2026-04-03T02:41:55.814410
2461133.613946759, A.D. 2026-Apr-03 02:44:05.0000,69.185634,-192002357.0929371,-213864095.8304493,-88485999.59634884,17.54345304308733,-4.101632869839304,-2.484795978681287,2026-04-03T02:42:55.814366
2461133.614641204, A.D. 2026-Apr-03 02:45:05.0000,69.185634,-192001304.4575362,-213864341.9327334,-88486148.68708244,17.54350964111657,-4.101569923519265,-2.484769933296964,2026-04-03T02:43:55.814403
2461133.615335648, A.D. 2026-Apr-03 02:46:05.0000,69.185634,-192000251.8187393,-213864588.0312407,-88486297.77625324,17.54356623909189,-4.101506976840979,-2.484743887750454,2026-04-03T02:44:55.814359
2461133.616030093, A.D. 2026-Apr-03 02:47:05.0000,69.185634,-191999199.1765465,-213864834.1259711,-88486446.8638613,17.5436228370133,-4.101444029804444,-2.484717842041757,2026-04-03T02:45:55.814396
2461133.616724537, A.D. 2026-Apr-03 02:48:05.0000,69.185634,-191998146.5309578,-213865080.2169246,-88486595.94990654,17.54367943488078,-4.101381082409657,-2.484691796170873,2026-04-03T02:46:55.814392
2461133.617418982, A.D. 2026-Apr-03 02:49:05.0000,69.185634,-191997093.881973,-213865326.304101,-88486745.03438902,17.54373603269435,-4.101318134656615,-2.484665750137798,2026-04-03T02:47:55.814429
2461133.618113426, A.D. 2026-Apr-03 02:50:05.0000,69.185634,-191996041.2295924,-213865572.3875006,-88486894.11730866,17.543792630454,-4.101255186545315,-2.484639703942533,2026-04-03T02:48:55.814385
2461133.61880787, A.D. 2026-Apr-03 02:51:05.0000,69.185634,-191994988.5738157,-213865818.4671231,-88487043.19866551,17.54384922815973,-4.101192238075757,-2.484613657585076,2026-04-03T02:49:55.814341
2461133.619502315, A.D. 2026-Apr-03 02:52:05.0000,69.185634,-191993935.9146431,-213866064.5429686,-88487192.27845952,17.54390582581153,-4.101129289247935,-2.484587611065426,2026-04-03T02:50:55.814378
2461133.620196759, A.D. 2026-Apr-03 02:53:05.0000,69.185634,-191992883.2520725,-213866310.6150376,-88487341.35669099,17.54396242340952,-4.101066340061725,-2.48456156438353,2026-04-03T02:51:55.814334
2461133.620891204, A.D. 2026-Apr-03 02:54:05.0000,69.185634,-191991830.5861081,-213866556.683329,-88487490.43335934,17.54401902095348,-4.101003390517371,-2.48453551753949,2026-04-03T02:52:55.814411
2461133.621585648, A.D. 2026-Apr-03 02:55:05.0000,69.185634,-191990777.9167477,-213866802.7478434,-88487639.50846481,17.54407561844351,-4.100940440614748,-2.484509470533254,2026-04-03T02:53:55.814367
2461133.622280092, A.D. 2026-Apr-03 02:56:05.0000,69.185634,-191989725.2439893,-213867048.8085811,-88487788.5820077,17.54413221587973,-4.100877490353727,-2.484483423364768,2026-04-03T02:54:55.814323
2461133.622974537, A.D. 2026-Apr-03 02:57:05.0000,69.185634,-191988672.567837,-213867294.8655412,-88487937.65398747,17.54418881326191,-4.100814539734557,-2.484457376034135,2026-04-03T02:55:55.814360
2461133.623668981, A.D. 2026-Apr-03 02:58:05.0000,69.185634,-191987619.8882867,-213867540.9187247,-88488086.7244046,17.54424541059027,-4.100751588756983,-2.48443132854125,2026-04-03T02:56:55.814316
2461133.624363426, A.D. 2026-Apr-03 02:59:05.0000,69.185634,-191986567.2053405,-213867786.968131,-88488235.79325888,17.5443020078647,-4.10068863742113,-2.484405280886164,2026-04-03T02:57:55.814393
2461133.625057871, A.D. 2026-Apr-03 03:00:05.0000,69.185634,-191985514.5190005,-213868033.0137596,-88488384.86054993,17.54435860508509,-4.100625685727119,-2.484379233068926,2026-04-03T02:58:55.814430
2461133.625752315, A.D. 2026-Apr-03 03:01:05.0000,69.185634,-191984461.8292624,-213868279.0556116,-88488533.92627837,17.54441520225166,-4.100562733674698,-2.484353185089434,2026-04-03T02:59:55.814386
2461133.626446759, A.D. 2026-Apr-03 03:02:05.0000,69.185634,-191983409.1361285,-213868525.0936863,-88488682.99044389,17.54447179936429,-4.100499781263989,-2.484327136947736,2026-04-03T03:00:55.814342
2461133.627141204, A.D. 2026-Apr-03 03:03:05.0000,69.185634,-191982356.4395986,-213868771.1279837,-88488832.05304646,17.54452839642299,-4.10043682849499,-2.484301088643833,2026-04-03T03:01:55.814419
2461133.627835648, A.D. 2026-Apr-03 03:04:05.0000,69.185634,-191981303.7396729,-213869017.1585038,-88488981.1140861,17.54458499342775,-4.100373875367697,-2.484275040177722,2026-04-03T03:02:55.814375
2461133.628530093, A.D. 2026-Apr-03 03:05:05.0000,69.185634,-191980251.0363512,-213869263.1852467,-88489130.1735628,17.54464159037858,-4.10031092188211,-2.484248991549403,2026-04-03T03:03:55.814412
2461133.629224537, A.D. 2026-Apr-03 03:06:05.0000,69.185634,-191979198.3296336,-213869509.2082122,-88489279.23147653,17.54469818727547,-4.100247968038224,-2.484222942758874,2026-04-03T03:04:55.814368
2461133.629918981, A.D. 2026-Apr-03 03:07:05.0000,69.185634,-191978145.6195201,-213869755.2274005,-88489428.28782728,17.54475478411842,-4.100185013836038,-2.484196893806134,2026-04-03T03:05:55.814324
2461133.630613426, A.D. 2026-Apr-03 03:08:05.0000,69.185634,-191977092.9060108,-213870001.2428113,-88489577.34261507,17.54481138090743,-4.100122059275549,-2.484170844691182,2026-04-03T03:06:55.814401
2461133.63130787, A.D. 2026-Apr-03 03:09:05.0000,69.185634,-191976040.1891055,-213870247.2544448,-88489726.39583986,17.5448679776425,-4.100059104356754,-2.484144795414017,2026-04-03T03:07:55.814357
2461133.632002315, A.D. 2026-Apr-03 03:10:05.0000,69.185634,-191974987.4688023,-213870493.2623014,-88489875.44750191,17.54492457432374,-4.099996149079526,-2.484118745974586,2026-04-03T03:08:55.814394
2461133.632696759, A.D. 2026-Apr-03 03:11:05.0000,69.185634,-191973934.7451052,-213870739.26638,-88490024.49760069,17.54498117095092,-4.099933193444112,-2.484092696372991,2026-04-03T03:09:55.814350
2461133.633391204, A.D. 2026-Apr-03 03:12:05.0000,69.185634,-191972882.0180102,-213870985.2666817,-88490173.54613674,17.54503776752427,-4.099870237450259,-2.484066646609128,2026-04-03T03:10:55.814387
2461133.634085648, A.D. 2026-Apr-03 03:13:05.0000,69.185634,-191971829.2875214,-213871231.2632054,-88490322.59310946,17.54509436404357,-4.099807281098216,-2.484040596683099,2026-04-03T03:11:55.814383
2461133.634780093, A.D. 2026-Apr-03 03:14:05.0000,69.185634,-191970776.5536368,-213871477.2559517,-88490471.63851914,17.54515096050891,-4.099744324387855,-2.48401454659485,2026-04-03T03:12:55.814420
2461133.635474537, A.D. 2026-Apr-03 03:15:05.0000,69.185634,-191969723.8163541,-213871723.244921,-88490620.68236607,17.54520755692042,-4.099681367319048,-2.483988496344329,2026-04-03T03:13:55.814376
2461133.636168981, A.D. 2026-Apr-03 03:16:05.0000,69.185634,-191968671.0756756,-213871969.2301127,-88490769.72464995,17.54526415327798,-4.099618409891917,-2.483962445931588,2026-04-03T03:14:55.814332
2461133.636863426, A.D. 2026-Apr-03 03:17:05.0000,69.185634,-191967618.3316033,-213872215.2115263,-88490918.76537044,17.54532074958149,-4.099555452106585,-2.483936395356674,2026-04-03T03:15:55.814369
2461133.63755787, A.D. 2026-Apr-03 03:18:05.0000,69.185634,-191966565.5841331,-213872461.1891629,-88491067.80452818,17.54537734583115,-4.099492493962799,-2.483910344619486,2026-04-03T03:16:55.814325
2461133.638252315, A.D. 2026-Apr-03 03:19:05.0000,69.185634,-191965512.833267,-213872707.1630219,-88491216.84212281,17.54543394202685,-4.099429535460682,-2.483884293720072,2026-04-03T03:17:55.814402
2461133.638946759, A.D. 2026-Apr-03 03:20:05.0000,69.185634,-191964460.0790051,-213872953.1331033,-88491365.87815435,17.54549053816861,-4.099366576600232,-2.483858242658433,2026-04-03T03:18:55.814358
2461133.639641204, A.D. 2026-Apr-03 03:21:05.0000,69.185634,-191963407.3213473,-213873199.099407,-88491514.91262278,17.54554713425641,-4.099303617381445,-2.483832191434566,2026-04-03T03:19:55.814395
2461133.640335648, A.D. 2026-Apr-03 03:22:05.0000,69.185634,-191962354.5602937,-213873445.0619331,-88491663.94552808,17.54560373029025,-4.099240657804319,-2.48380614004847,2026-04-03T03:20:55.814351
2461133.641030093, A.D. 2026-Apr-03 03:23:05.0000,69.185634,-191961301.7958442,-213873691.0206815,-88491812.97687025,17.54566032627014,-4.099177697868853,-2.483780088500145,2026-04-03T03:21:55.814428
2461133.641724537, A.D. 2026-Apr-03 03:24:05.0000,69.185634,-191960249.0279989,-213873936.9756522,-88491962.00664932,17.54571692219607,-4.099114737575042,-2.483754036789589,2026-04-03T03:22:55.814384
2461133.642418982, A.D. 2026-Apr-03 03:25:05.0000,69.185634,-191959196.2567577,-213874182.9268451,-88492111.03486522,17.54577351806804,-4.099051776922884,-2.4837279849168,2026-04-03T03:23:55.814421
2461133.643113426, A.D. 2026-Apr-03 03:26:05.0000,69.185634,-191958143.4821207,-213874428.8742604,-88492260.06151794,17.54583011388604,-4.098988815912378,-2.483701932881778,2026-04-03T03:24:55.814377
2461133.64380787, A.D. 2026-Apr-03 03:27:05.0000,69.185634,-191957090.7040878,-213874674.8178978,-88492409.08660753,17.5458867096501,-4.098925854543519,-2.483675880684522,2026-04-03T03:25:55.814333
2461133.644502315, A.D. 2026-Apr-03 03:28:05.0000,69.185634,-191956037.9226571,-213874920.757758,-88492558.11013423,17.54594330536029,-4.098862892816182,-2.483649828324979,2026-04-03T03:26:55.814410
2461133.645196759, A.D. 2026-Apr-03 03:29:05.0000,69.185634,-191954985.1378326,-213875166.6938398,-88492707.13209742,17.54599990101642,-4.098799930730613,-2.48362377580325,2026-04-03T03:27:55.814366
2461133.645891204, A.D. 2026-Apr-03 03:30:05.0000,69.185634,-191953932.3496101,-213875412.6261443,-88492856.15249774,17.54605649661869,-4.09873696828656,-2.483597723119232,2026-04-03T03:28:55.814403
2461133.646585648, A.D. 2026-Apr-03 03:31:05.0000,69.185634,-191952879.557994,-213875658.5546705,-88493005.17133456,17.54611309216688,-4.09867400548427,-2.483571670273026,2026-04-03T03:29:55.814359
2461133.647280093, A.D. 2026-Apr-03 03:32:05.0000,69.185634,-191951826.76298,-213875904.4794194,-88493154.18860845,17.54616968766122,-4.09861104232349,-2.483545617264528,2026-04-03T03:30:55.814396
2461133.647974537, A.D. 2026-Apr-03 03:33:05.0000,69.185634,-191950773.9645722,-213876150.4003897,-88493303.20431882,17.54622628310148,-4.09854807880447,-2.48351956409384,2026-04-03T03:31:55.814392
2461133.648668982, A.D. 2026-Apr-03 03:34:05.0000,69.185634,-191949721.1627665,-213876396.3175827,-88493452.21846625,17.54628287848788,-4.098485114926953,-2.483493510760858,2026-04-03T03:32:55.814429
2461133.649363426, A.D. 2026-Apr-03 03:35:05.0000,69.185634,-191948668.357565,-213876642.2309977,-88493601.23105045,17.5463394738203,-4.098422150691066,-2.483467457265631,2026-04-03T03:33:55.814385
2461133.65005787, A.D. 2026-Apr-03 03:36:05.0000,69.185634,-191947615.5489698,-213876888.1406343,-88493750.24207109,17.54639606909865,-4.098359186096928,-2.483441403608212,2026-04-03T03:34:55.814341
2461133.650752315, A.D. 2026-Apr-03 03:37:05.0000,69.185634,-191946562.7369768,-213877134.0464934,-88493899.25152875,17.54645266432314,-4.09829622114429,-2.483415349788494,2026-04-03T03:35:55.814378
2461133.651446759, A.D. 2026-Apr-03 03:38:05.0000,69.185634,-191945509.9215879,-213877379.9485745,-88494048.25942315,17.54650925949365,-4.09823325583327,-2.483389295806529,2026-04-03T03:36:55.814334
2461133.652141204, A.D. 2026-Apr-03 03:39:05.0000,69.185634,-191944457.1028032,-213877625.8468776,-88494197.26575428,17.54656585461019,-4.098170290163869,-2.483363241662315,2026-04-03T03:37:55.814411
2461133.652835648, A.D. 2026-Apr-03 03:40:05.0000,69.185634,-191943404.2806228,-213877871.7414026,-88494346.27052209,17.54662244967275,-4.098107324136083,-2.483337187355851,2026-04-03T03:38:55.814367
2461133.653530092, A.D. 2026-Apr-03 03:41:05.0000,69.185634,-191942351.4550465,-213878117.6321496,-88494495.27372663,17.54667904468133,-4.098044357749909,-2.483311132887137,2026-04-03T03:39:55.814323
2461133.654224537, A.D. 2026-Apr-03 03:42:05.0000,69.185634,-191941298.6260744,-213878363.5191185,-88494644.27536781,17.54673563963594,-4.097981391005345,-2.48328507825617,2026-04-03T03:40:55.814360
2461133.654918981, A.D. 2026-Apr-03 03:43:05.0000,69.185634,-191940245.7937066,-213878609.4023092,-88494793.27544571,17.54679223453657,-4.09791842390239,-2.48325902346295,2026-04-03T03:41:55.814316
2461133.655613426, A.D. 2026-Apr-03 03:44:05.0000,69.185634,-191939192.9579409,-213878855.2817223,-88494942.27396056,17.54684882938333,-4.097855456440914,-2.483232968507423,2026-04-03T03:42:55.814393
2461133.656307871, A.D. 2026-Apr-03 03:45:05.0000,69.185634,-191938140.1187815,-213879101.1573568,-88495091.27091177,17.54690542417599,-4.097792488621165,-2.483206913389692,2026-04-03T03:43:55.814430
2461133.657002315, A.D. 2026-Apr-03 03:46:05.0000,69.185634,-191937087.2762264,-213879347.0292131,-88495240.26629962,17.54696201891468,-4.097729520443017,-2.483180858109705,2026-04-03T03:44:55.814386
2461133.657696759, A.D. 2026-Apr-03 03:47:05.0000,69.185634,-191936034.4302734,-213879592.8972917,-88495389.26012443,17.54701861359949,-4.09766655190634,-2.483154802667407,2026-04-03T03:45:55.814342
2461133.658391204, A.D. 2026-Apr-03 03:48:05.0000,69.185634,-191934981.5809267,-213879838.7615916,-88495538.25238554,17.5470752082302,-4.097603583011384,-2.483128747062902,2026-04-03T03:46:55.814419
2461133.659085648, A.D. 2026-Apr-03 03:49:05.0000,69.185634,-191933928.7281822,-213880084.6221137,-88495687.2430836,17.54713180280704,-4.097540613757896,-2.483102691296085,2026-04-03T03:47:55.814375
2461133.659780093, A.D. 2026-Apr-03 03:50:05.0000,69.185634,-191932875.872044,-213880330.4788571,-88495836.23221795,17.54718839732978,-4.097477644146121,-2.483076635367058,2026-04-03T03:48:55.814412
2461133.660474537, A.D. 2026-Apr-03 03:51:05.0000,69.185634,-191931823.0125079,-213880576.3318227,-88495985.2197892,17.54724499179865,-4.097414674175808,-2.483050579275716,2026-04-03T03:49:55.814368
2461133.661168981, A.D. 2026-Apr-03 03:52:05.0000,69.185634,-191930770.1495782,-213880822.1810094,-88496134.20579676,17.54730158621341,-4.097351703847205,-2.483024523022161,2026-04-03T03:50:55.814324
2461133.661863426, A.D. 2026-Apr-03 03:53:05.0000,69.185634,-191929717.2832507,-213881068.0264184,-88496283.19024119,17.5473581805743,-4.09728873316006,-2.48299846660629,2026-04-03T03:51:55.814401
2461133.66255787, A.D. 2026-Apr-03 03:54:05.0000,69.185634,-191928664.4135274,-213881313.868049,-88496432.17312218,17.54741477488119,-4.097225762114493,-2.482972410028153,2026-04-03T03:52:55.814357
2461133.663252315, A.D. 2026-Apr-03 03:55:05.0000,69.185634,-191927611.5404084,-213881559.7059013,-88496581.15443973,17.5474713691341,-4.097162790710503,-2.482946353287748,2026-04-03T03:53:55.814394
2461133.663946759, A.D. 2026-Apr-03 03:56:05.0000,69.185634,-191926558.6638936,-213881805.5399751,-88496730.13419385,17.547527963333,-4.097099818948089,-2.482920296385073,2026-04-03T03:54:55.814350
2461133.664641204, A.D. 2026-Apr-03 03:57:05.0000,69.185634,-191925505.7839831,-213882051.3702706,-88496879.11238448,17.54758455747792,-4.097036846827245,-2.48289423932013,2026-04-03T03:55:55.814387
2461133.665335648, A.D. 2026-Apr-03 03:58:05.0000,69.185634,-191924452.9006768,-213882297.1967876,-88497028.08901167,17.54764115156883,-4.096973874347971,-2.482868182092915,2026-04-03T03:56:55.814383
2461133.666030093, A.D. 2026-Apr-03 03:59:05.0000,69.185634,-191923400.0139749,-213882543.0195261,-88497177.06407538,17.54769774560575,-4.096910901510264,-2.482842124703427,2026-04-03T03:57:55.814420
2461133.666724537, A.D. 2026-Apr-03 04:00:05.0000,69.185634,-191922347.1238772,-213882788.8384862,-88497326.0375756,17.54775433958867,-4.09684792831412,-2.482816067151666,2026-04-03T03:58:55.814376
2461133.667418981, A.D. 2026-Apr-03 04:01:05.0000,69.185634,-191921294.2303838,-213883034.6536677,-88497475.0095123,17.5478109335176,-4.096784954759539,-2.482790009437631,2026-04-03T03:59:55.814332
2461133.668113426, A.D. 2026-Apr-03 04:02:05.0000,69.185634,-191920241.3334946,-213883280.4650708,-88497623.97988552,17.54786752739252,-4.096721980846517,-2.482763951561319,2026-04-03T04:00:55.814369
2461133.66880787, A.D. 2026-Apr-03 04:03:05.0000,69.185634,-191919188.4332077,-213883526.2726958,-88497772.94869551,17.54792412121355,-4.096659006574925,-2.482737893522679,2026-04-03T04:01:55.814325
2461133.669502315, A.D. 2026-Apr-03 04:04:05.0000,69.185634,-191918135.5295271,-213883772.0765418,-88497921.91594169,17.54798071498047,-4.096596031945013,-2.482711835321812,2026-04-03T04:02:55.814402
2461133.670196759, A.D. 2026-Apr-03 04:05:05.0000,69.185634,-191917082.6224508,-213884017.8766091,-88498070.88162431,17.54803730869338,-4.096533056956652,-2.482685776958665,2026-04-03T04:03:55.814358
2461133.670891204, A.D. 2026-Apr-03 04:06:05.0000,69.185634,-191916029.7119767,-213884263.6728984,-88498219.84574369,17.5480939023524,-4.096470081609715,-2.482659718433187,2026-04-03T04:04:55.814395
2461133.671585648, A.D. 2026-Apr-03 04:07:05.0000,69.185634,-191914976.798109,-213884509.4654085,-88498368.80829921,17.54815049595731,-4.096407105904449,-2.482633659745478,2026-04-03T04:05:55.814351
2461133.672280093, A.D. 2026-Apr-03 04:08:05.0000,69.185634,-191913923.8808435,-213884755.2541405,-88498517.76929149,17.54820708950831,-4.096344129840602,-2.482607600895435,2026-04-03T04:06:55.814428
2461133.672974537, A.D. 2026-Apr-03 04:09:05.0000,69.185634,-191912870.9601824,-213885001.0390938,-88498666.72872017,17.54826368300531,-4.096281153418296,-2.482581541883107,2026-04-03T04:07:55.814384
2461133.673668982, A.D. 2026-Apr-03 04:10:05.0000,69.185634,-191911818.0361276,-213885246.8202679,-88498815.68658498,17.54832027644819,-4.096218176637654,-2.482555482708546,2026-04-03T04:08:55.814421
2461133.674363426, A.D. 2026-Apr-03 04:11:05.0000,69.185634,-191910765.108675,-213885492.5976638,-88498964.64288647,17.54837686983717,-4.096155199498423,-2.482529423371646,2026-04-03T04:09:55.814377
2461133.67505787, A.D. 2026-Apr-03 04:12:05.0000,69.185634,-191909712.1778268,-213885738.371281,-88499113.59762438,17.54843346317214,-4.096092222000725,-2.482503363872459,2026-04-03T04:10:55.814333
2461133.675752315, A.D. 2026-Apr-03 04:13:05.0000,69.185634,-191908659.2435828,-213885984.1411194,-88499262.55079865,17.54849005645309,-4.096029244144558,-2.482477304210983,2026-04-03T04:11:55.814410
2461133.676446759, A.D. 2026-Apr-03 04:14:05.0000,69.185634,-191907606.3059432,-213886229.9071791,-88499411.50240932,17.54854664968003,-4.09596626592992,-2.482451244387217,2026-04-03T04:12:55.814366
2461133.677141204, A.D. 2026-Apr-03 04:15:05.0000,69.185634,-191906553.364908,-213886475.6694599,-88499560.45245636,17.54860324285296,-4.095903287356807,-2.482425184401159,2026-04-03T04:13:55.814403
2461133.677835648, A.D. 2026-Apr-03 04:16:05.0000,69.185634,-191905500.420477,-213886721.4279619,-88499709.40093973,17.54865983597187,-4.095840308425218,-2.482399124252809,2026-04-03T04:14:55.814359
2461133.678530093, A.D. 2026-Apr-03 04:17:05.0000,69.185634,-191904447.4726503,-213886967.1826851,-88499858.34785947,17.54871642903676,-4.095777329135148,-2.482373063942165,2026-04-03T04:15:55.814396
2461133.679224537, A.D. 2026-Apr-03 04:18:05.0000,69.185634,-191903394.521428,-213887212.9336294,-88500007.29321553,17.54877302204763,-4.095714349486598,-2.482347003469227,2026-04-03T04:16:55.814392
2461133.679918982, A.D. 2026-Apr-03 04:19:05.0000,69.185634,-191902341.56681,-213887458.6807948,-88500156.23700793,17.54882961500449,-4.095651369479564,-2.482320942833993,2026-04-03T04:17:55.814429
2461133.680613426, A.D. 2026-Apr-03 04:20:05.0000,69.185634,-191901288.6087943,-213887704.4241818,-88500305.17923695,17.54888620790743,-4.095588389113916,-2.482294882036409,2026-04-03T04:18:55.814385
2461133.68130787, A.D. 2026-Apr-03 04:21:05.0000,69.185634,-191900235.647385,-213887950.1637895,-88500454.11990197,17.54894280075624,-4.095525408389904,-2.48226882107658,2026-04-03T04:19:55.814341
2461133.682002315, A.D. 2026-Apr-03 04:22:05.0000,69.185634,-191899182.6825801,-213888195.8996181,-88500603.05900328,17.54899939355104,-4.095462427307401,-2.48224275995445,2026-04-03T04:20:55.814378
2461133.682696759, A.D. 2026-Apr-03 04:23:05.0000,69.185634,-191898129.7143774,-213888441.6316682,-88500751.99654119,17.54905598629191,-4.095399445866279,-2.482216698669968,2026-04-03T04:21:55.814334
2461133.683391204, A.D. 2026-Apr-03 04:24:05.0000,69.185634,-191897076.7427812,-213888687.3599389,-88500900.93251507,17.54911257897865,-4.095336464066784,-2.482190637223236,2026-04-03T04:22:55.814411
2461133.684085648, A.D. 2026-Apr-03 04:25:05.0000,69.185634,-191896023.7677872,-213888933.0844311,-88501049.86692554,17.54916917161148,-4.095273481908663,-2.482164575614148,2026-04-03T04:23:55.814367
2461133.684780092, A.D. 2026-Apr-03 04:26:05.0000,69.185634,-191894970.7893975,-213889178.8051442,-88501198.79977223,17.54922576419028,-4.095210499392041,-2.482138513842757,2026-04-03T04:24:55.814323
2461133.685474537, A.D. 2026-Apr-03 04:27:05.0000,69.185634,-191893917.8076144,-213889424.5220778,-88501347.7310549,17.54928235671493,-4.09514751651704,-2.482112451909112,2026-04-03T04:25:55.814360
2461133.686168981, A.D. 2026-Apr-03 04:28:05.0000,69.185634,-191892864.8224335,-213889670.2352327,-88501496.66077411,17.54933894918567,-4.095084533283404,-2.482086389813108,2026-04-03T04:26:55.814316
2461133.686863426, A.D. 2026-Apr-03 04:29:05.0000,69.185634,-191891811.8338569,-213889915.9446086,-88501645.58892953,17.54939554160239,-4.09502154969126,-2.482060327554797,2026-04-03T04:27:55.814393
2461133.687557871, A.D. 2026-Apr-03 04:30:05.0000,69.185634,-191890758.8418848,-213890161.6502054,-88501794.5155212,17.54945213396507,-4.094958565740603,-2.482034265134177,2026-04-03T04:28:55.814430
2461133.688252315, A.D. 2026-Apr-03 04:31:05.0000,69.185634,-191889705.846517,-213890407.352023,-88501943.44054905,17.54950872627371,-4.094895581431431,-2.482008202551246,2026-04-03T04:29:55.814386
2461133.688946759, A.D. 2026-Apr-03 04:32:05.0000,69.185634,-191888652.8477557,-213890653.050061,-88502092.36401282,17.54956531852821,-4.094832596763867,-2.481982139806056,2026-04-03T04:30:55.814342
2461133.689641204, A.D. 2026-Apr-03 04:33:05.0000,69.185634,-191887599.8455946,-213890898.7443207,-88502241.28591335,17.5496219107289,-4.094769611737533,-2.481956076898449,2026-04-03T04:31:55.814419
2461133.690335648, A.D. 2026-Apr-03 04:34:05.0000,69.185634,-191886546.8400399,-213891144.4348008,-88502390.2062498,17.54967850287543,-4.0947066263528,-2.481930013828581,2026-04-03T04:32:55.814375
2461133.691030093, A.D. 2026-Apr-03 04:35:05.0000,69.185634,-191885493.8310896,-213891390.1215016,-88502539.1250224,17.54973509496794,-4.094643640609542,-2.481903950596398,2026-04-03T04:33:55.814412
2461133.691724537, A.D. 2026-Apr-03 04:36:05.0000,69.185634,-191884440.8187438,-213891635.8044232,-88502688.04223116,17.5497916870064,-4.094580654507757,-2.481877887201899,2026-04-03T04:34:55.814368
2461133.692418981, A.D. 2026-Apr-03 04:37:05.0000,69.185634,-191883387.8030023,-213891881.4835655,-88502836.95787609,17.54984827899082,-4.094517668047441,-2.481851823645082,2026-04-03T04:35:55.814324
2461133.693113426, A.D. 2026-Apr-03 04:38:05.0000,69.185634,-191882334.7838652,-213892127.1589285,-88502985.87195714,17.54990487092121,-4.094454681228592,-2.481825759925946,2026-04-03T04:36:55.814401
2461133.69380787, A.D. 2026-Apr-03 04:39:05.0000,69.185634,-191881281.7613305,-213892372.8305127,-88503134.78447464,17.54996146279766,-4.094391694051083,-2.48179969604444,2026-04-03T04:37:55.814357
2461133.694502315, A.D. 2026-Apr-03 04:40:05.0000,69.185634,-191880228.7354022,-213892618.4983171,-88503283.69542795,17.55001805461995,-4.09432870651516,-2.481773632000664,2026-04-03T04:38:55.814394
2461133.695196759, A.D. 2026-Apr-03 04:41:05.0000,69.185634,-191879175.7060762,-213892864.1623426,-88503432.60481769,17.55007464638832,-4.094265718620572,-2.481747567794514,2026-04-03T04:39:55.814350
2461133.695891204, A.D. 2026-Apr-03 04:42:05.0000,69.185634,-191878122.6733568,-213893109.8225882,-88503581.51264322,17.55013123810253,-4.094202730367567,-2.481721503426094,2026-04-03T04:40:55.814387
2461133.696585648, A.D. 2026-Apr-03 04:43:05.0000,69.185634,-191877069.6372396,-213893355.4790549,-88503730.41890512,17.55018782976281,-4.09413974175589,-2.481695438895296,2026-04-03T04:41:55.814383
2461133.697280093, A.D. 2026-Apr-03 04:44:05.0000,69.185634,-191876016.5977269,-213893601.1317422,-88503879.32360315,17.55024442136903,-4.094076752785664,-2.481669374202173,2026-04-03T04:42:55.814420
2461133.697974537, A.D. 2026-Apr-03 04:45:05.0000,69.185634,-191874963.5548207,-213893846.7806495,-88504028.22673692,17.5503010129211,-4.094013763457014,-2.481643309346775,2026-04-03T04:43:55.814376
2461133.698668981, A.D. 2026-Apr-03 04:46:05.0000,69.185634,-191873910.5085168,-213894092.4257779,-88504177.12830707,17.55035760441923,-4.093950773769684,-2.481617244328997,2026-04-03T04:44:55.814332
2461133.699363426, A.D. 2026-Apr-03 04:47:05.0000,69.185634,-191872857.4588174,-213894338.0671268,-88504326.02831326,17.5504141958633,-4.093887783723799,-2.481591179148891,2026-04-03T04:45:55.814369
2461133.70005787, A.D. 2026-Apr-03 04:48:05.0000,69.185634,-191871804.4057224,-213894583.7046962,-88504474.92675552,17.55047078725333,-4.093824793319356,-2.481565113806453,2026-04-03T04:46:55.814325
2461133.700752315, A.D. 2026-Apr-03 04:49:05.0000,69.185634,-191870751.3492318,-213894829.3384861,-88504623.8236338,17.5505273785893,-4.093761802556351,-2.481539048301685,2026-04-03T04:47:55.814402
2461133.701446759, A.D. 2026-Apr-03 04:50:05.0000,69.185634,-191869698.2893457,-213895074.9684964,-88504772.7189481,17.55058396987122,-4.093698811434783,-2.481512982634583,2026-04-03T04:48:55.814358
2461133.702141204, A.D. 2026-Apr-03 04:51:05.0000,69.185634,-191868645.2260639,-213895320.5947271,-88504921.61269842,17.55064056109908,-4.093635819954649,-2.481486916805149,2026-04-03T04:49:55.814395
2461133.702835648, A.D. 2026-Apr-03 04:52:05.0000,69.185634,-191867592.1593867,-213895566.2171782,-88505070.50488475,17.55069715227289,-4.093572828115946,-2.481460850813378,2026-04-03T04:50:55.814351
2461133.703530093, A.D. 2026-Apr-03 04:53:05.0000,69.185634,-191866539.0893138,-213895811.8358497,-88505219.39550707,17.55075374339264,-4.093509835918671,-2.481434784659271,2026-04-03T04:51:55.814428
2461133.704224537, A.D. 2026-Apr-03 04:54:05.0000,69.185634,-191865486.0158454,-213896057.4507416,-88505368.28456537,17.55081033445833,-4.093446843362823,-2.481408718342828,2026-04-03T04:52:55.814384
2461133.704918982, A.D. 2026-Apr-03 04:55:05.0000,69.185634,-191864432.9389815,-213896303.0618538,-88505517.17205967,17.55086692546996,-4.093383850448398,-2.481382651864044,2026-04-03T04:53:55.814421
2461133.705613426, A.D. 2026-Apr-03 04:56:05.0000,69.185634,-191863379.85872,-213896548.6691869,-88505666.05799022,17.55092351642764,-4.09332085717527,-2.48135658522287,2026-04-03T04:54:55.814377
2461133.70630787, A.D. 2026-Apr-03 04:57:05.0000,69.185634,-191862326.775065,-213896794.2727397,-88505814.94235642,17.55098010733115,-4.093257863543685,-2.481330518419407,2026-04-03T04:55:55.814333
2461133.707002315, A.D. 2026-Apr-03 04:58:05.0000,69.185634,-191861273.6880123,-213897039.8725133,-88505963.82515888,17.5510366981807,-4.09319486955339,-2.481304451453549,2026-04-03T04:56:55.814410
2461133.707696759, A.D. 2026-Apr-03 04:59:05.0000,69.185634,-191860220.5975662,-213897285.4685067,-88506112.70639698,17.55109328897608,-4.093131875204636,-2.4812783843254,2026-04-03T04:57:55.814366
2461133.708391204, A.D. 2026-Apr-03 05:00:05.0000,69.185634,-191859167.5037225,-213897531.0607207,-88506261.5860713,17.55114987971751,-4.093068880497165,-2.481252317034855,2026-04-03T04:58:55.814403
2461133.709085648, A.D. 2026-Apr-03 05:01:05.0000,69.185634,-191858114.4064854,-213897776.6491546,-88506410.46418124,17.55120647040475,-4.093005885431229,-2.481226249582016,2026-04-03T04:59:55.814359
2461133.709780093, A.D. 2026-Apr-03 05:02:05.0000,69.185634,-191857061.3058506,-213898022.2338091,-88506559.34072737,17.55126306103805,-4.092942890006573,-2.481200181966777,2026-04-03T05:00:55.814396
2461133.710474537, A.D. 2026-Apr-03 05:03:05.0000,69.185634,-191856008.2018203,-213898267.8146837,-88506708.21570943,17.55131965161727,-4.092879894223321,-2.481174114189192,2026-04-03T05:01:55.814392
2461133.711168982, A.D. 2026-Apr-03 05:04:05.0000,69.185634,-191854955.0943967,-213898513.3917781,-88506857.08912708,17.55137624214231,-4.092816898081594,-2.481148046249308,2026-04-03T05:02:55.814429
2461133.711863426, A.D. 2026-Apr-03 05:05:05.0000,69.185634,-191853901.9835753,-213898758.965093,-88507005.96098088,17.5514328326134,-4.09275390158114,-2.481121978147022,2026-04-03T05:03:55.814385
2461133.71255787, A.D. 2026-Apr-03 05:06:05.0000,69.185634,-191852848.8693585,-213899004.534628,-88507154.83127056,17.5514894230304,-4.092690904722081,-2.481095909882384,2026-04-03T05:04:55.814341
2461133.713252315, A.D. 2026-Apr-03 05:07:05.0000,69.185634,-191851795.7517461,-213899250.1003831,-88507303.69999611,17.55154601339334,-4.092627907504416,-2.481069841455394,2026-04-03T05:05:55.814378
2461133.713946759, A.D. 2026-Apr-03 05:08:05.0000,69.185634,-191850742.6307383,-213899495.6623583,-88507452.56715749,17.5516026037022,-4.092564909928141,-2.48104377286605,2026-04-03T05:06:55.814334
2461133.714641204, A.D. 2026-Apr-03 05:09:05.0000,69.185634,-191849689.506335,-213899741.2205535,-88507601.43275474,17.55165919395699,-4.092501911993255,-2.48101770411435,2026-04-03T05:07:55.814411
2461133.715335648, A.D. 2026-Apr-03 05:10:05.0000,69.185634,-191848636.3785361,-213899986.7749687,-88507750.2967878,17.5517157841577,-4.092438913699752,-2.480991635200294,2026-04-03T05:08:55.814367
2461133.716030092, A.D. 2026-Apr-03 05:11:05.0000,69.185634,-191847583.2473397,-213900232.3256045,-88507899.15925696,17.55177237430444,-4.092375915047509,-2.480965566123829,2026-04-03T05:09:55.814323
2461133.716724537, A.D. 2026-Apr-03 05:12:05.0000,69.185634,-191846530.1127498,-213900477.8724597,-88508048.02016167,17.551828964397,-4.092312916036769,-2.480939496885056,2026-04-03T05:10:55.814360
2461133.717418981, A.D. 2026-Apr-03 05:13:05.0000,69.185634,-191845476.9747645,-213900723.4155348,-88508196.87950216,17.55188555443547,-4.092249916667408,-2.480913427483924,2026-04-03T05:11:55.814316
2461133.718113426, A.D. 2026-Apr-03 05:14:05.0000,69.185634,-191844423.8333837,-213900968.9548299,-88508345.73727845,17.55194214441986,-4.092186916939422,-2.480887357920431,2026-04-03T05:12:55.814393
2461133.718807871, A.D. 2026-Apr-03 05:15:05.0000,69.185634,-191843370.6886053,-213901214.4903454,-88508494.59349082,17.55199873435028,-4.092123916852684,-2.480861288194524,2026-04-03T05:13:55.814430
2461133.719502315, A.D. 2026-Apr-03 05:16:05.0000,69.185634,-191842317.5404335,-213901460.0220803,-88508643.44813865,17.55205532422651,-4.09206091640744,-2.480835218306304,2026-04-03T05:14:55.814386
2461133.720196759, A.D. 2026-Apr-03 05:17:05.0000,69.185634,-191841264.3888642,-213901705.5500355,-88508792.30122256,17.55211191404876,-4.091997915603438,-2.480809148255669,2026-04-03T05:15:55.814342
2461133.720891204, A.D. 2026-Apr-03 05:18:05.0000,69.185634,-191840211.2339015,-213901951.0742101,-88508941.15274192,17.55216850381682,-4.091934914440926,-2.480783078042719,2026-04-03T05:16:55.814419
2461133.721585648, A.D. 2026-Apr-03 05:19:05.0000,69.185634,-191839158.0755412,-213902196.594605,-88509090.00269732,17.5522250935309,-4.091871912919652,-2.48075700766735,2026-04-03T05:17:55.814375
2461133.722280093, A.D. 2026-Apr-03 05:20:05.0000,69.185634,-191838104.9137854,-213902442.1112198,-88509238.85108845,17.55228168319089,-4.091808911039737,-2.480730937129613,2026-04-03T05:18:55.814412
2461133.722974537, A.D. 2026-Apr-03 05:21:05.0000,69.185634,-191837051.7486342,-213902687.6240543,-88509387.6979153,17.5523382727968,-4.09174590880118,-2.480704866429507,2026-04-03T05:19:55.814368
2461133.723668981, A.D. 2026-Apr-03 05:22:05.0000,69.185634,-191835998.5800896,-213902933.133108,-88509536.54317757,17.5523948623485,-4.091682906204103,-2.480678795567082,2026-04-03T05:20:55.814324
2461133.724363426, A.D. 2026-Apr-03 05:23:05.0000,69.185634,-191834945.4081475,-213903178.638382,-88509685.38687585,17.55245145184622,-4.091619903248252,-2.480652724542233,2026-04-03T05:21:55.814401
2461133.72505787, A.D. 2026-Apr-03 05:24:05.0000,69.185634,-191833892.2328099,-213903424.1398757,-88509834.2290098,17.55250804128986,-4.091556899933751,-2.480626653355012,2026-04-03T05:22:55.814357
2461133.725752315, A.D. 2026-Apr-03 05:25:05.0000,69.185634,-191832839.0540769,-213903669.6375892,-88509983.06957945,17.5525646306794,-4.091493896260597,-2.480600582005416,2026-04-03T05:23:55.814394
2461133.726446759, A.D. 2026-Apr-03 05:26:05.0000,69.185634,-191831785.8719484,-213903915.1315222,-88510131.90858477,17.55262122001484,-4.091430892228788,-2.480574510493445,2026-04-03T05:24:55.814350
2461133.727141204, A.D. 2026-Apr-03 05:27:05.0000,69.185634,-191830732.6864245,-213904160.621675,-88510280.74602577,17.55267780929618,-4.091367887838319,-2.480548438819097,2026-04-03T05:25:55.814387
2461133.727835648, A.D. 2026-Apr-03 05:28:05.0000,69.185634,-191829679.4975051,-213904406.1080473,-88510429.58190241,17.55273439852344,-4.091304883089191,-2.480522366982372,2026-04-03T05:26:55.814383
2461133.728530093, A.D. 2026-Apr-03 05:29:05.0000,69.185634,-191828626.3051882,-213904651.5906398,-88510578.416215,17.5527909876967,-4.091241877981274,-2.480496294983216,2026-04-03T05:27:55.814420
2461133.729224537, A.D. 2026-Apr-03 05:30:05.0000,69.185634,-191827573.109478,-213904897.0694513,-88510727.24896292,17.55284757681575,-4.091178872514816,-2.480470222821731,2026-04-03T05:28:55.814376
2461133.729918981, A.D. 2026-Apr-03 05:31:05.0000,69.185634,-191826519.9103723,-213905142.5444825,-88510876.08014648,17.55290416588071,-4.091115866689691,-2.480444150497866,2026-04-03T05:29:55.814332
2461133.730613426, A.D. 2026-Apr-03 05:32:05.0000,69.185634,-191825466.7078691,-213905388.0157336,-88511024.90976594,17.55296075489167,-4.091052860505768,-2.480418078011566,2026-04-03T05:30:55.814369
2461133.73130787, A.D. 2026-Apr-03 05:33:05.0000,69.185634,-191824413.5019726,-213905633.4832038,-88511173.73782073,17.55301734384842,-4.090989853963299,-2.480392005362934,2026-04-03T05:31:55.814325
2461133.732002315, A.D. 2026-Apr-03 05:34:05.0000,69.185634,-191823360.2926785,-213905878.946894,-88511322.56431139,17.55307393275118,-4.090926847062026,-2.480365932551866,2026-04-03T05:32:55.814402
2461133.732696759, A.D. 2026-Apr-03 05:35:05.0000,69.185634,-191822307.0799912,-213906124.4068032,-88511471.38923733,17.55313052159972,-4.090863839802201,-2.480339859578463,2026-04-03T05:33:55.814358
2461133.733391204, A.D. 2026-Apr-03 05:36:05.0000,69.185634,-191821253.8639063,-213906369.8629323,-88511620.21259917,17.55318711039427,-4.090800832183571,-2.480313786442622,2026-04-03T05:34:55.814395
2461133.734085648, A.D. 2026-Apr-03 05:37:05.0000,69.185634,-191820200.6444281,-213906615.3152804,-88511769.03439626,17.5532436991346,-4.09073782420638,-2.480287713144444,2026-04-03T05:35:55.814351
2461133.734780093, A.D. 2026-Apr-03 05:38:05.0000,69.185634,-191819147.4215524,-213906860.7638483,-88511917.85462923,17.55330028782093,-4.090674815870378,-2.480261639683825,2026-04-03T05:36:55.814428
2461133.735474537, A.D. 2026-Apr-03 05:39:05.0000,69.185634,-191818094.1952813,-213907106.2086357,-88512066.67329773,17.55335687645316,-4.090611807175689,-2.480235566060814,2026-04-03T05:37:55.814384
2461133.736168982, A.D. 2026-Apr-03 05:40:05.0000,69.185634,-191817040.9656148,-213907351.6496424,-88512215.49040177,17.55341346503127,-4.090548798122307,-2.480209492275412,2026-04-03T05:38:55.814421
2461133.736863426, A.D. 2026-Apr-03 05:41:05.0000,69.185634,-191815987.7325529,-213907597.0868685,-88512364.30594134,17.55347005355527,-4.090485788710231,-2.480183418327617,2026-04-03T05:39:55.814377
2461133.73755787, A.D. 2026-Apr-03 05:42:05.0000,69.185634,-191814934.4960956,-213907842.5203139,-88512513.11991644,17.55352664202516,-4.09042277893946,-2.480157344217427,2026-04-03T05:40:55.814333
2461133.738252315, A.D. 2026-Apr-03 05:43:05.0000,69.185634,-191813881.2562429,-213908087.9499787,-88512661.93232703,17.55358323044094,-4.090359768809988,-2.480131269944842,2026-04-03T05:41:55.814410
2461133.738946759, A.D. 2026-Apr-03 05:44:05.0000,69.185634,-191812828.0129949,-213908333.3758627,-88512810.74317314,17.5536398188026,-4.090296758321815,-2.480105195509861,2026-04-03T05:42:55.814366
2461133.739641204, A.D. 2026-Apr-03 05:45:05.0000,69.185634,-191811774.7663514,-213908578.7979659,-88512959.55245471,17.55369640711014,-4.090233747474938,-2.480079120912481,2026-04-03T05:43:55.814403
2461133.740335648, A.D. 2026-Apr-03 05:46:05.0000,69.185634,-191810721.5163125,-213908824.2162885,-88513108.3601718,17.55375299536357,-4.090170736269356,-2.480053046152702,2026-04-03T05:44:55.814359
2461133.741030093, A.D. 2026-Apr-03 05:47:05.0000,69.185634,-191809668.2628783,-213909069.6308302,-88513257.16632433,17.55380958356288,-4.090107724705063,-2.480026971230524,2026-04-03T05:45:55.814396
2461133.741724537, A.D. 2026-Apr-03 05:48:05.0000,69.185634,-191808615.0060467,-213909315.0415916,-88513405.97091262,17.55386617170818,-4.090044712781933,-2.480000896145892,2026-04-03T05:46:55.814392
2461133.742418982, A.D. 2026-Apr-03 05:49:05.0000,69.185634,-191807561.7458217,-213909560.4485718,-88513554.77393608,17.55392275979925,-4.089981700500214,-2.479974820898909,2026-04-03T05:47:55.814429
2461133.743113426, A.D. 2026-Apr-03 05:50:05.0000,69.185634,-191806508.4822013,-213909805.8517711,-88513703.57539496,17.5539793478362,-4.089918687859778,-2.479948745489522,2026-04-03T05:48:55.814385
2461133.74380787, A.D. 2026-Apr-03 05:51:05.0000,69.185634,-191805455.2151835,-213910051.2511899,-88513852.37528959,17.55403593581914,-4.089855674860497,-2.479922669917679,2026-04-03T05:49:55.814341
2461133.744502315, A.D. 2026-Apr-03 05:52:05.0000,69.185634,-191804401.9447725,-213910296.6468275,-88514001.17361933,17.55409252374784,-4.08979266150262,-2.479896594183481,2026-04-03T05:50:55.814378
2461133.745196759, A.D. 2026-Apr-03 05:53:05.0000,69.185634,-191803348.6709639,-213910542.0386846,-88514149.97038478,17.55414911162253,-4.089729647785893,-2.479870518286825,2026-04-03T05:51:55.814334
2461133.745891204, A.D. 2026-Apr-03 05:54:05.0000,69.185634,-191802295.3937601,-213910787.4267608,-88514298.76558562,17.5542056994431,-4.089666633710438,-2.479844442227759,2026-04-03T05:52:55.814411
2461133.746585648, A.D. 2026-Apr-03 05:55:05.0000,69.185634,-191801242.1131629,-213911032.8110555,-88514447.55922158,17.55426228720942,-4.089603619276379,-2.479818366006336,2026-04-03T05:53:55.814367
2461133.747280092, A.D. 2026-Apr-03 05:56:05.0000,69.185634,-191800188.8291683,-213911278.1915697,-88514596.3512932,17.55431887492173,-4.089540604483463,-2.47979228962245,2026-04-03T05:54:55.814323
2461133.747974537, A.D. 2026-Apr-03 05:57:05.0000,69.185634,-191799135.5417784,-213911523.568303,-88514745.14180018,17.55437546257991,-4.08947758933181,-2.479766213076152,2026-04-03T05:55:55.814360
2461133.748668981, A.D. 2026-Apr-03 05:58:05.0000,69.185634,-191798082.2509931,-213911768.9412553,-88514893.93074256,17.55443205018396,-4.089414573821423,-2.479740136367441,2026-04-03T05:56:55.814316
2461133.749363426, A.D. 2026-Apr-03 05:59:05.0000,69.185634,-191797028.9568125,-213912014.3104265,-88515042.71812028,17.55448863773387,-4.089351557952293,-2.479714059496315,2026-04-03T05:57:55.814393
2461133.750057871, A.D. 2026-Apr-03 06:00:05.0000,69.185634,-191795975.6592366,-213912259.6758166,-88515191.50393333,17.55454522522965,-4.089288541724422,-2.479687982462774,2026-04-03T05:58:55.814430
2461133.750752315, A.D. 2026-Apr-03 06:01:05.0000,69.185634,-191794922.3582653,-213912505.0374257,-88515340.28818172,17.5546018126713,-4.089225525137806,-2.479661905266816,2026-04-03T05:59:55.814386
2461133.751446759, A.D. 2026-Apr-03 06:02:05.0000,69.185634,-191793869.0538987,-213912750.3952537,-88515489.07086542,17.55465840005882,-4.089162508192442,-2.479635827908439,2026-04-03T06:00:55.814342
2461133.752141204, A.D. 2026-Apr-03 06:03:05.0000,69.185634,-191792815.7461368,-213912995.7493005,-88515637.85198447,17.5547149873922,-4.089099490888327,-2.479609750387644,2026-04-03T06:01:55.814419
2461133.752835648, A.D. 2026-Apr-03 06:04:05.0000,69.185634,-191791762.4349795,-213913241.0995662,-88515786.6315388,17.55477157467144,-4.089036473225461,-2.479583672704428,2026-04-03T06:02:55.814375
2461133.753530093, A.D. 2026-Apr-03 06:05:05.0000,69.185634,-191790709.1204269,-213913486.4460508,-88515935.40952843,17.55482816189654,-4.088973455203839,-2.479557594858791,2026-04-03T06:03:55.814412
2461133.754224537, A.D. 2026-Apr-03 06:06:05.0000,69.185634,-191789655.8024769,-213913731.7887546,-88516084.18595363,17.55488474906762,-4.088910436823333,-2.47953151685068,2026-04-03T06:04:55.814368
2461133.754918981, A.D. 2026-Apr-03 06:07:05.0000,69.185634,-191788602.4811337,-213913977.1276767,-88516232.96081382,17.55494133618444,-4.088847418084193,-2.479505438680195,2026-04-03T06:05:55.814324
2461133.755613426, A.D. 2026-Apr-03 06:08:05.0000,69.185634,-191787549.1563952,-213914222.4628176,-88516381.73410928,17.55499792324713,-4.088784398986289,-2.479479360347287,2026-04-03T06:06:55.814401
2461133.75630787, A.D. 2026-Apr-03 06:09:05.0000,69.185634,-191786495.8282592,-213914467.7941778,-88516530.50584027,17.55505451025578,-4.088721379529495,-2.4794532818519,2026-04-03T06:07:55.814357
2461133.757002315, A.D. 2026-Apr-03 06:10:05.0000,69.185634,-191785442.496728,-213914713.1217566,-88516679.27600653,17.55511109721028,-4.088658359713933,-2.479427203194085,2026-04-03T06:08:55.814394
2461133.757696759, A.D. 2026-Apr-03 06:11:05.0000,69.185634,-191784389.1618035,-213914958.4455537,-88516828.04460773,17.55516768411053,-4.088595339539725,-2.479401124373894,2026-04-03T06:09:55.814350
2461133.758391204, A.D. 2026-Apr-03 06:12:05.0000,69.185634,-191783335.8234817,-213915203.76557,-88516976.81164443,17.55522427095675,-4.08853231900662,-2.47937504539122,2026-04-03T06:10:55.814387
2461133.759085648, A.D. 2026-Apr-03 06:13:05.0000,69.185634,-191782282.4817646,-213915449.0818049,-88517125.57711637,17.55528085774882,-4.088469298114737,-2.479348966246116,2026-04-03T06:11:55.814383
2461133.759780093, A.D. 2026-Apr-03 06:14:05.0000,69.185634,-191781229.1366543,-213915694.394258,-88517274.34102322,17.55533744448662,-4.088406276864203,-2.479322886938632,2026-04-03T06:12:55.814420
2461133.760474537, A.D. 2026-Apr-03 06:15:05.0000,69.185634,-191780175.7881466,-213915939.7029302,-88517423.10336556,17.5553940311704,-4.088343255254761,-2.479296807468662,2026-04-03T06:13:55.814376
2461133.761168981, A.D. 2026-Apr-03 06:16:05.0000,69.185634,-191779122.4362436,-213916185.007821,-88517571.86414307,17.55545061780001,-4.088280233286537,-2.479270727836258,2026-04-03T06:14:55.814332
2461133.761863426, A.D. 2026-Apr-03 06:17:05.0000,69.185634,-191778069.0809453,-213916430.3089303,-88517720.62335578,17.55550720437548,-4.088217210959527,-2.479244648041418,2026-04-03T06:15:55.814369
2461133.76255787, A.D. 2026-Apr-03 06:18:05.0000,69.185634,-191777015.7222517,-213916675.6062582,-88517869.38100365,17.55556379089679,-4.088154188273728,-2.479218568084141,2026-04-03T06:16:55.814325
2461133.763252315, A.D. 2026-Apr-03 06:19:05.0000,69.185634,-191775962.3601629,-213916920.8998047,-88518018.13708666,17.55562037736396,-4.088091165229137,-2.479192487964426,2026-04-03T06:17:55.814402
2461133.763946759, A.D. 2026-Apr-03 06:20:05.0000,69.185634,-191774908.9946788,-213917166.1895696,-88518166.89160484,17.55567696377696,-4.088028141825753,-2.479166407682271,2026-04-03T06:18:55.814358
2461133.764641204, A.D. 2026-Apr-03 06:21:05.0000,69.185634,-191773855.6257994,-213917411.4755531,-88518315.64455815,17.55573355013581,-4.087965118063574,-2.479140327237676,2026-04-03T06:19:55.814395
2461133.765335648, A.D. 2026-Apr-03 06:22:05.0000,69.185634,-191772802.2535227,-213917656.7577555,-88518464.39594689,17.55579013644062,-4.08790209394247,-2.479114246630587,2026-04-03T06:20:55.814351
2461133.766030093, A.D. 2026-Apr-03 06:23:05.0000,69.185634,-191771748.8778528,-213917902.0361758,-88518613.14577046,17.55584672269115,-4.08783906946269,-2.479088165861108,2026-04-03T06:21:55.814428
2461133.766724537, A.D. 2026-Apr-03 06:24:05.0000,69.185634,-191770695.4987877,-213918147.3108146,-88518761.89402913,17.55590330888752,-4.087776044624105,-2.479062084929184,2026-04-03T06:22:55.814384
2461133.767418982, A.D. 2026-Apr-03 06:25:05.0000,69.185634,-191769642.1163252,-213918392.5816723,-88518910.6407232,17.55595989502985,-4.08771301942659,-2.479036003834764,2026-04-03T06:23:55.814421
2461133.768113426, A.D. 2026-Apr-03 06:26:05.0000,69.185634,-191768588.7304695,-213918637.8487478,-88519059.38585205,17.5560164811179,-4.08764999387039,-2.479009922577948,2026-04-03T06:24:55.814377
2461133.76880787, A.D. 2026-Apr-03 06:27:05.0000,69.185634,-191767535.3412165,-213918883.1120422,-88519208.1294163,17.5560730671519,-4.087586967955254,-2.478983841158633,2026-04-03T06:25:55.814333
2461133.769502315, A.D. 2026-Apr-03 06:28:05.0000,69.185634,-191766481.9485703,-213919128.3715545,-88519356.8714153,17.55612965313162,-4.087523941681429,-2.478957759576922,2026-04-03T06:26:55.814410
2461133.770196759, A.D. 2026-Apr-03 06:29:05.0000,69.185634,-191765428.5525268,-213919373.6272856,-88519505.61184967,17.5561862390573,-4.087460915048662,-2.478931677832708,2026-04-03T06:27:55.814366
2461133.770891204, A.D. 2026-Apr-03 06:30:05.0000,69.185634,-191764375.1530881,-213919618.879235,-88519654.3507191,17.5562428249288,-4.087397888057076,-2.478905595926043,2026-04-03T06:28:55.814403
2461133.771585648, A.D. 2026-Apr-03 06:31:05.0000,69.185634,-191763321.7502562,-213919864.1274021,-88519803.08802326,17.55629941074602,-4.087334860706792,-2.478879513856978,2026-04-03T06:29:55.814359
2461133.772280093, A.D. 2026-Apr-03 06:32:05.0000,69.185634,-191762268.344027,-213920109.371788,-88519951.82376274,17.55635599650919,-4.08727183299756,-2.478853431625407,2026-04-03T06:30:55.814396
2461133.772974537, A.D. 2026-Apr-03 06:33:05.0000,69.185634,-191761214.9344026,-213920354.6123922,-88520100.55793726,17.55641258221819,-4.087208804929501,-2.478827349231382,2026-04-03T06:31:55.814392
2461133.773668982, A.D. 2026-Apr-03 06:34:05.0000,69.185634,-191760161.521383,-213920599.8492145,-88520249.29054679,17.55646916787301,-4.087145776502612,-2.4788012666749,2026-04-03T06:32:55.814429
2461133.774363426, A.D. 2026-Apr-03 06:35:05.0000,69.185634,-191759108.104968,-213920845.082255,-88520398.02159132,17.55652575347367,-4.087082747716892,-2.478775183955962,2026-04-03T06:33:55.814385
2461133.77505787, A.D. 2026-Apr-03 06:36:05.0000,69.185634,-191758054.685158,-213921090.3115137,-88520546.75107084,17.55658233902015,-4.087019718572336,-2.478749101074565,2026-04-03T06:34:55.814341
2461133.775752315, A.D. 2026-Apr-03 06:37:05.0000,69.185634,-191757001.2619526,-213921335.5369905,-88520695.47898534,17.55663892451246,-4.086956689068943,-2.478723018030708,2026-04-03T06:35:55.814378
2461133.776446759, A.D. 2026-Apr-03 06:38:05.0000,69.185634,-191755947.8353521,-213921580.7586855,-88520844.20533481,17.55669550995059,-4.086893659206711,-2.478696934824392,2026-04-03T06:36:55.814334
2461133.777141204, A.D. 2026-Apr-03 06:39:05.0000,69.185634,-191754894.4053564,-213921825.9765985,-88520992.93011926,17.55675209533455,-4.086830628985636,-2.478670851455613,2026-04-03T06:37:55.814411
2461133.777835648, A.D. 2026-Apr-03 06:40:05.0000,69.185634,-191753840.9719633,-213922071.1907302,-88521141.65333894,17.55680868066444,-4.086767598405592,-2.47864476792432,2026-04-03T06:38:55.814367
2461133.778530092, A.D. 2026-Apr-03 06:41:05.0000,69.185634,-191752787.5351772,-213922316.4010794,-88521290.37499328,17.55686526594004,-4.086704567466825,-2.478618684230613,2026-04-03T06:39:55.814323
2461133.779224537, A.D. 2026-Apr-03 06:42:05.0000,69.185634,-191751734.0949958,-213922561.6076466,-88521439.09508255,17.55692185116146,-4.086641536169209,-2.478592600374442,2026-04-03T06:40:55.814360
2461133.779918981, A.D. 2026-Apr-03 06:43:05.0000,69.185634,-191750680.6514172,-213922806.8104324,-88521587.81360704,17.55697843632881,-4.086578504512614,-2.478566516355753,2026-04-03T06:41:55.814316
2461133.780613426, A.D. 2026-Apr-03 06:44:05.0000,69.185634,-191749627.2044454,-213923052.0094356,-88521736.53056616,17.55703502144187,-4.08651547249729,-2.478540432174646,2026-04-03T06:42:55.814393
2461133.781307871, A.D. 2026-Apr-03 06:45:05.0000,69.185634,-191748573.7540764,-213923297.2046573,-88521885.24596046,17.55709160650085,-4.086452440122983,-2.47851434783102,2026-04-03T06:43:55.814430
2461133.782002315, A.D. 2026-Apr-03 06:46:05.0000,69.185634,-191747520.3003143,-213923542.3960965,-88522033.95978937,17.55714819150554,-4.086389407389941,-2.478488263324975,2026-04-03T06:44:55.814386
2461133.782696759, A.D. 2026-Apr-03 06:47:05.0000,69.185634,-191746466.8431548,-213923787.5837541,-88522182.67205347,17.55720477645616,-4.086326374297911,-2.478462178656407,2026-04-03T06:45:55.814342
2461133.783391204, A.D. 2026-Apr-03 06:48:05.0000,69.185634,-191745413.3826003,-213924032.7676296,-88522331.38275242,17.55726136135259,-4.086263340847016,-2.478436093825366,2026-04-03T06:46:55.814419
2461133.784085648, A.D. 2026-Apr-03 06:49:05.0000,69.185634,-191744359.9186526,-213924277.9477225,-88522480.09188597,17.55731794619471,-4.086200307037378,-2.478410008831904,2026-04-03T06:47:55.814375
2461133.784780093, A.D. 2026-Apr-03 06:50:05.0000,69.185634,-191743306.4513077,-213924523.1240337,-88522628.79945466,17.55737453098277,-4.086137272868744,-2.478383923675914,2026-04-03T06:48:55.814412
2461133.785474537, A.D. 2026-Apr-03 06:51:05.0000,69.185634,-191742252.9805676,-213924768.2965628,-88522777.50545819,17.55743111571663,-4.086074238341238,-2.47835783835745,2026-04-03T06:49:55.814368
2461133.786168981, A.D. 2026-Apr-03 06:52:05.0000,69.185634,-191741199.5064323,-213925013.4653097,-88522926.20989655,17.5574877003963,-4.086011203454856,-2.478331752876507,2026-04-03T06:50:55.814324
2461133.786863426, A.D. 2026-Apr-03 06:53:05.0000,69.185634,-191740146.0289018,-213925258.6302745,-88523074.91276975,17.55754428502178,-4.085948168209597,-2.478305667233086,2026-04-03T06:51:55.814401
2461133.78755787, A.D. 2026-Apr-03 06:54:05.0000,69.185634,-191739092.5479763,-213925503.791457,-88523223.61407776,17.55760086959306,-4.085885132605455,-2.478279581427186,2026-04-03T06:52:55.814357
2461133.788252315, A.D. 2026-Apr-03 06:55:05.0000,69.185634,-191738039.0636555,-213925748.9488572,-88523372.31382059,17.55765745411016,-4.085822096642431,-2.478253495458804,2026-04-03T06:53:55.814394
2461133.788946759, A.D. 2026-Apr-03 06:56:05.0000,69.185634,-191736985.5759396,-213925994.1024752,-88523521.0119982,17.55771403857305,-4.085759060320522,-2.478227409327941,2026-04-03T06:54:55.814350
2461133.789641204, A.D. 2026-Apr-03 06:57:05.0000,69.185634,-191735932.0848264,-213926239.2523114,-88523669.7086109,17.55777062298186,-4.085696023639599,-2.478201323034542,2026-04-03T06:55:55.814387
2461133.790335648, A.D. 2026-Apr-03 06:58:05.0000,69.185634,-191734878.5903202,-213926484.3983648,-88523818.4036581,17.55782720733636,-4.08563298659991,-2.478175236578711,2026-04-03T06:56:55.814383
2461133.791030093, A.D. 2026-Apr-03 06:59:05.0000,69.185634,-191733825.0924188,-213926729.5406359,-88523967.09714006,17.55788379163666,-4.085569949201328,-2.478149149960395,2026-04-03T06:57:55.814420
2461133.791724537, A.D. 2026-Apr-03 07:00:05.0000,69.185634,-191732771.5911202,-213926974.6791251,-88524115.78905706,17.55794037588288,-4.085506911443725,-2.47812306317954,2026-04-03T06:58:55.814376
2461133.792418981, A.D. 2026-Apr-03 07:01:05.0000,69.185634,-191731718.0864286,-213927219.8138314,-88524264.47940852,17.55799696007478,-4.085443873327348,-2.478096976236249,2026-04-03T06:59:55.814332
2461133.793113426, A.D. 2026-Apr-03 07:02:05.0000,69.185634,-191730664.5783398,-213927464.9447559,-88524413.16819501,17.55805354421259,-4.085380834851945,-2.478070889130416,2026-04-03T07:00:55.814369
2461133.79380787, A.D. 2026-Apr-03 07:03:05.0000,69.185634,-191729611.0668578,-213927710.0718974,-88524561.85541594,17.55811012829609,-4.085317796017764,-2.478044801862145,2026-04-03T07:01:55.814325
2461133.794502315, A.D. 2026-Apr-03 07:04:05.0000,69.185634,-191728557.5519787,-213927955.195257,-88524710.54107188,17.55816671232549,-4.085254756824551,-2.478018714431331,2026-04-03T07:02:55.814402
2461133.795196759, A.D. 2026-Apr-03 07:05:05.0000,69.185634,-191727504.0337045,-213928200.3148341,-88524859.22516254,17.55822329630069,-4.085191717272429,-2.477992626838025,2026-04-03T07:03:55.814358
2461133.795891204, A.D. 2026-Apr-03 07:06:05.0000,69.185634,-191726450.5120372,-213928445.4306283,-88525007.9076876,17.55827988022156,-4.085128677361521,-2.477966539082276,2026-04-03T07:04:55.814395
2461133.796585648, A.D. 2026-Apr-03 07:07:05.0000,69.185634,-191725396.9869727,-213928690.5426405,-88525156.58864763,17.55833646408834,-4.085065637091573,-2.477940451163981,2026-04-03T07:05:55.814351
2461133.797280093, A.D. 2026-Apr-03 07:08:05.0000,69.185634,-191724343.4585131,-213928935.6508701,-88525305.26804237,17.55839304790092,-4.085002596462711,-2.477914363083189,2026-04-03T07:06:55.814428
2461133.797974537, A.D. 2026-Apr-03 07:09:05.0000,69.185634,-191723289.9266583,-213929180.7553172,-88525453.94587176,17.55844963165928,-4.084939555474928,-2.4778882748399,2026-04-03T07:07:55.814384
2461133.798668982, A.D. 2026-Apr-03 07:10:05.0000,69.185634,-191722236.3914085,-213929425.8559817,-88525602.62213582,17.55850621536343,-4.084876514128224,-2.477862186434112,2026-04-03T07:08:55.814421
2461133.799363426, A.D. 2026-Apr-03 07:11:05.0000,69.185634,-191721182.8527635,-213929670.9528636,-88525751.29683453,17.55856279901337,-4.084813472422596,-2.477836097865825,2026-04-03T07:09:55.814377
2461133.80005787, A.D. 2026-Apr-03 07:12:05.0000,69.185634,-191720129.3107235,-213929916.045963,-88525899.96996787,17.55861938260909,-4.084750430358041,-2.477810009135036,2026-04-03T07:10:55.814333
2461133.800752315, A.D. 2026-Apr-03 07:13:05.0000,69.185634,-191719075.7652884,-213930161.1352797,-88526048.64153585,17.5586759661506,-4.084687387934557,-2.477783920241745,2026-04-03T07:11:55.814410
2461133.801446759, A.D. 2026-Apr-03 07:14:05.0000,69.185634,-191718022.2164581,-213930406.2208137,-88526197.31153846,17.5587325496379,-4.08462434515214,-2.477757831185951,2026-04-03T07:12:55.814366
2461133.802141204, A.D. 2026-Apr-03 07:15:05.0000,69.185634,-191716968.6642307,-213930651.3025655,-88526345.97997597,17.55878913307109,-4.084561302010665,-2.477731741967601,2026-04-03T07:13:55.814403
2461133.802835648, A.D. 2026-Apr-03 07:16:05.0000,69.185634,-191715915.1086103,-213930896.3805342,-88526494.6468478,17.55884571644994,-4.084498258510378,-2.477705652586796,2026-04-03T07:14:55.814359
2461133.803530093, A.D. 2026-Apr-03 07:17:05.0000,69.185634,-191714861.5495947,-213931141.4547202,-88526643.3121542,17.55890229977459,-4.084435214651151,-2.477679563043485,2026-04-03T07:15:55.814396
2461133.804224537, A.D. 2026-Apr-03 07:18:05.0000,69.185634,-191713807.9871821,-213931386.5251239,-88526791.9758955,17.55895888304512,-4.084372170432857,-2.477653473337614,2026-04-03T07:16:55.814392
2461133.804918982, A.D. 2026-Apr-03 07:19:05.0000,69.185634,-191712754.4213764,-213931631.5917444,-88526940.63807105,17.55901546626131,-4.084309125855745,-2.477627383469285,2026-04-03T07:17:55.814429
2461133.805613426, A.D. 2026-Apr-03 07:20:05.0000,69.185634,-191711700.8521736,-213931876.6545825,-88527089.29868148,17.5590720494234,-4.084246080919558,-2.477601293438394,2026-04-03T07:18:55.814385
2461133.80630787, A.D. 2026-Apr-03 07:21:05.0000,69.185634,-191710647.2795777,-213932121.7136374,-88527237.95772617,17.55912863253116,-4.084183035624548,-2.477575203245043,2026-04-03T07:19:55.814341
2461133.807002315, A.D. 2026-Apr-03 07:22:05.0000,69.185634,-191709593.7035847,-213932366.7689099,-88527386.61520569,17.55918521558479,-4.084119989970461,-2.477549112889128,2026-04-03T07:20:55.814378
2461133.807696759, A.D. 2026-Apr-03 07:23:05.0000,69.185634,-191708540.1241967,-213932611.8203996,-88527535.27111974,17.55924179858421,-4.084056943957418,-2.477523022370699,2026-04-03T07:21:55.814334
2461133.808391204, A.D. 2026-Apr-03 07:24:05.0000,69.185634,-191707486.5414156,-213932856.868106,-88527683.92546803,17.55929838152928,-4.083993897585543,-2.477496931689806,2026-04-03T07:22:55.814411
2461133.809085648, A.D. 2026-Apr-03 07:25:05.0000,69.185634,-191706432.9552374,-213933101.9120299,-88527832.57825114,17.55935496442024,-4.083930850854583,-2.477470840846345,2026-04-03T07:23:55.814367
2461133.809780092, A.D. 2026-Apr-03 07:26:05.0000,69.185634,-191705379.3656642,-213933346.952171,-88527981.22946873,17.55941154725697,-4.083867803764662,-2.477444749840366,2026-04-03T07:24:55.814323
2461133.810474537, A.D. 2026-Apr-03 07:27:05.0000,69.185634,-191704325.7726959,-213933591.9885291,-88528129.87912083,17.55946813003947,-4.083804756315773,-2.477418658671869,2026-04-03T07:25:55.814360
2461133.811168981, A.D. 2026-Apr-03 07:28:05.0000,69.185634,-191703272.1763326,-213933837.0211042,-88528278.52720742,17.55952471276773,-4.083741708507918,-2.477392567340852,2026-04-03T07:26:55.814316
2461133.811863426, A.D. 2026-Apr-03 07:29:05.0000,69.185634,-191702218.5765742,-213934082.0498964,-88528427.17372847,17.55958129544177,-4.083678660341093,-2.477366475847314,2026-04-03T07:27:55.814393
2461133.812557871, A.D. 2026-Apr-03 07:30:05.0000,69.185634,-191701164.9734207,-213934327.0749055,-88528575.818684,17.55963787806157,-4.083615611815295,-2.477340384191252,2026-04-03T07:28:55.814430
2461133.813252315, A.D. 2026-Apr-03 07:31:05.0000,69.185634,-191700111.3668723,-213934572.0961317,-88528724.46207398,17.55969446062713,-4.083552562930522,-2.477314292372668,2026-04-03T07:29:55.814386
2461133.813946759, A.D. 2026-Apr-03 07:32:05.0000,69.185634,-191699057.7569267,-213934817.1135753,-88528873.1038987,17.55975104313857,-4.083489513686645,-2.477288200391508,2026-04-03T07:30:55.814342
2461133.814641204, A.D. 2026-Apr-03 07:33:05.0000,69.185634,-191698004.1435881,-213935062.1272354,-88529021.74415757,17.55980762559566,-4.083426464083914,-2.477262108247872,2026-04-03T07:31:55.814419
2461133.815335648, A.D. 2026-Apr-03 07:34:05.0000,69.185634,-191696950.5268545,-213935307.1371123,-88529170.38285086,17.55986420799852,-4.083363414122199,-2.477236015941711,2026-04-03T07:32:55.814375
2461133.816030093, A.D. 2026-Apr-03 07:35:05.0000,69.185634,-191695896.9067238,-213935552.1432067,-88529319.01997887,17.55992079034725,-4.083300363801373,-2.477209923472969,2026-04-03T07:33:55.814412
2461133.816724537, A.D. 2026-Apr-03 07:36:05.0000,69.185634,-191694843.2832002,-213935797.1455175,-88529467.65554097,17.55997737264162,-4.083237313121685,-2.477183830841749,2026-04-03T07:34:55.814368
2461133.817418981, A.D. 2026-Apr-03 07:37:05.0000,69.185634,-191693789.6562794,-213936042.1440456,-88529616.28953779,17.56003395488186,-4.083174262082881,-2.477157738047947,2026-04-03T07:35:55.814324
2461133.818113426, A.D. 2026-Apr-03 07:38:05.0000,69.185634,-191692736.0259658,-213936287.13879,-88529764.92196868,17.56009053706775,-4.083111210685209,-2.477131645091665,2026-04-03T07:36:55.814401
2461133.81880787, A.D. 2026-Apr-03 07:39:05.0000,69.185634,-191691682.392255,-213936532.1297517,-88529913.55283427,17.56014711919951,-4.083048158928415,-2.477105551972798,2026-04-03T07:37:55.814357
2461133.819502315, A.D. 2026-Apr-03 07:40:05.0000,69.185634,-191690628.7551492,-213936777.1169302,-88530062.18213421,17.56020370127702,-4.082985106812623,-2.477079458691397,2026-04-03T07:38:55.814394
2461133.820196759, A.D. 2026-Apr-03 07:41:05.0000,69.185634,-191689575.1146505,-213937022.100325,-88530210.80986822,17.56026028330017,-4.082922054337956,-2.477053365247512,2026-04-03T07:39:55.814350
2461133.820891204, A.D. 2026-Apr-03 07:42:05.0000,69.185634,-191688521.4707547,-213937267.079937,-88530359.43603687,17.56031686526919,-4.082859001504159,-2.477027271641039,2026-04-03T07:40:55.814387
2461133.821585648, A.D. 2026-Apr-03 07:43:05.0000,69.185634,-191687467.8234639,-213937512.0557658,-88530508.06063986,17.56037344718396,-4.082795948311358,-2.477001177872028,2026-04-03T07:41:55.814383
2461133.822280093, A.D. 2026-Apr-03 07:44:05.0000,69.185634,-191686414.1727781,-213937757.0278113,-88530656.68367718,17.56043002904448,-4.082732894759547,-2.476975083940478,2026-04-03T07:42:55.814420
2461133.822974537, A.D. 2026-Apr-03 07:45:05.0000,69.185634,-191685360.5186972,-213938001.9960734,-88530805.30514883,17.56048661085075,-4.082669840848725,-2.476948989846389,2026-04-03T07:43:55.814376
2461133.823668981, A.D. 2026-Apr-03 07:46:05.0000,69.185634,-191684306.8612214,-213938246.9605522,-88530953.92505477,17.56054319260277,-4.082606786578889,-2.476922895589758,2026-04-03T07:44:55.814332
2461133.824363426, A.D. 2026-Apr-03 07:47:05.0000,69.185634,-191683253.2003507,-213938491.9212476,-88531102.54339501,17.56059977430053,-4.082543731950039,-2.476896801170584,2026-04-03T07:45:55.814369
2461133.82505787, A.D. 2026-Apr-03 07:48:05.0000,69.185634,-191682199.5360849,-213938736.8781596,-88531251.16016956,17.56065635594405,-4.082480676962168,-2.476870706588866,2026-04-03T07:46:55.814325
2461133.825752315, A.D. 2026-Apr-03 07:49:05.0000,69.185634,-191681145.8684241,-213938981.8312883,-88531399.77537839,17.5607129375333,-4.082417621615275,-2.476844611844605,2026-04-03T07:47:55.814402
2461133.826446759, A.D. 2026-Apr-03 07:50:05.0000,69.185634,-191680092.1973684,-213939226.7806335,-88531548.38902147,17.5607695190683,-4.08235456590936,-2.476818516937796,2026-04-03T07:48:55.814358
2461133.827141204, A.D. 2026-Apr-03 07:51:05.0000,69.185634,-191679038.5229156,-213939471.7261958,-88531697.00109912,17.56082610054916,-4.082291509844292,-2.476792421868389,2026-04-03T07:49:55.814395
2461133.827835648, A.D. 2026-Apr-03 07:52:05.0000,69.185634,-191677984.8450699,-213939716.6679741,-88531845.61161073,17.56088268197564,-4.08222845342032,-2.476766326636485,2026-04-03T07:50:55.814351
2461133.828530093, A.D. 2026-Apr-03 07:53:05.0000,69.185634,-191676931.1638272,-213939961.6059694,-88531994.22055687,17.56093926334798,-4.082165396637191,-2.47674023124198,2026-04-03T07:51:55.814428
2461133.829224537, A.D. 2026-Apr-03 07:54:05.0000,69.185634,-191675877.4791915,-213940206.5401807,-88532142.82793695,17.56099584466594,-4.082102339495155,-2.476714135684975,2026-04-03T07:52:55.814384
2461133.829918982, A.D. 2026-Apr-03 07:55:05.0000,69.185634,-191674823.7911589,-213940451.4706089,-88532291.43375155,17.56105242592975,-4.082039281993955,-2.476688039965367,2026-04-03T07:53:55.814421
2461133.830613426, A.D. 2026-Apr-03 07:56:05.0000,69.185634,-191673770.0997333,-213940696.3972531,-88532440.03800006,17.56110900713919,-4.081976224133841,-2.476661944083258,2026-04-03T07:54:55.814377
2461133.83130787, A.D. 2026-Apr-03 07:57:05.0000,69.185634,-191672716.4049107,-213940941.3201142,-88532588.64068307,17.56116558829448,-4.08191316591456,-2.476635848038542,2026-04-03T07:55:55.814333
2461133.832002315, A.D. 2026-Apr-03 07:58:05.0000,69.185634,-191671662.7066932,-213941186.2391917,-88532737.24180028,17.5612221693955,-4.081850107336236,-2.476609751831271,2026-04-03T07:56:55.814410
2461133.832696759, A.D. 2026-Apr-03 07:59:05.0000,69.185634,-191670609.0050828,-213941431.1544851,-88532885.84135137,17.56127875044214,-4.081787048398989,-2.476583655461495,2026-04-03T07:57:55.814366
2461133.833391204, A.D. 2026-Apr-03 08:00:05.0000,69.185634,-191669555.3000753,-213941676.0659954,-88533034.43933694,17.56133533143462,-4.081723989102567,-2.476557558929109,2026-04-03T07:58:55.814403
2461133.834085648, A.D. 2026-Apr-03 08:01:05.0000,69.185634,-191668501.591673,-213941920.973722,-88533183.03575666,17.56139191237284,-4.081660929447094,-2.476531462234164,2026-04-03T07:59:55.814359
2461133.834780093, A.D. 2026-Apr-03 08:02:05.0000,69.185634,-191667447.8798756,-213942165.8776648,-88533331.63061054,17.56144849325679,-4.081597869432566,-2.476505365376659,2026-04-03T08:00:55.814396
2461133.835474537, A.D. 2026-Apr-03 08:03:05.0000,69.185634,-191666394.1646833,-213942410.777824,-88533480.22389856,17.56150507408647,-4.08153480905898,-2.476479268356592,2026-04-03T08:01:55.814392
2461133.836168982, A.D. 2026-Apr-03 08:04:05.0000,69.185634,-191665340.4460962,-213942655.6741995,-88533628.81562072,17.56156165486187,-4.081471748326335,-2.476453171173963,2026-04-03T08:02:55.814429
2461133.836863426, A.D. 2026-Apr-03 08:05:05.0000,69.185634,-191664286.724114,-213942900.5667912,-88533777.40577699,17.561618235583,-4.081408687234627,-2.47642707382877,2026-04-03T08:03:55.814385
2461133.83755787, A.D. 2026-Apr-03 08:06:05.0000,69.185634,-191663232.9987369,-213943145.4555992,-88533925.9943674,17.56167481624986,-4.081345625783855,-2.476400976321012,2026-04-03T08:04:55.814341
2461133.838252315, A.D. 2026-Apr-03 08:07:05.0000,69.185634,-191662179.2699629,-213943390.3406238,-88534074.5813922,17.56173139686256,-4.081282563973889,-2.476374878650635,2026-04-03T08:05:55.814378
2461133.838946759, A.D. 2026-Apr-03 08:08:05.0000,69.185634,-191661125.537796,-213943635.2218641,-88534223.16685079,17.56178797742086,-4.081219501804979,-2.476348780817744,2026-04-03T08:06:55.814334
2461133.839641204, A.D. 2026-Apr-03 08:09:05.0000,69.185634,-191660071.8022342,-213943880.0993206,-88534371.75074348,17.56184455792489,-4.081156439276997,-2.476322682822283,2026-04-03T08:07:55.814411
2461133.840335648, A.D. 2026-Apr-03 08:10:05.0000,69.185634,-191659018.0632753,-213944124.9729937,-88534520.33307052,17.56190113837475,-4.081093376389814,-2.476296584664201,2026-04-03T08:08:55.814367
2461133.841030092, A.D. 2026-Apr-03 08:11:05.0000,69.185634,-191657964.3209237,-213944369.8428825,-88534668.91383135,17.56195771877022,-4.081030313143678,-2.4762704863436,2026-04-03T08:09:55.814323
2461133.841724537, A.D. 2026-Apr-03 08:12:05.0000,69.185634,-191656910.5751771,-213944614.7089874,-88534817.49302623,17.56201429911141,-4.080967249538462,-2.476244387860427,2026-04-03T08:10:55.814360
2461133.842418981, A.D. 2026-Apr-03 08:13:05.0000,69.185634,-191655856.8260336,-213944859.5713088,-88534966.07065547,17.56207087939842,-4.080904185574039,-2.476218289214628,2026-04-03T08:11:55.814316
2461133.843113426, A.D. 2026-Apr-03 08:14:05.0000,69.185634,-191654803.0734951,-213945104.4298462,-88535114.64671871,17.56212745963116,-4.080841121250529,-2.476192190406255,2026-04-03T08:12:55.814393
2461133.843807871, A.D. 2026-Apr-03 08:15:05.0000,69.185634,-191653749.3175639,-213945349.2845992,-88535263.22121571,17.5621840398095,-4.080778056568057,-2.476166091435358,2026-04-03T08:13:55.814430
2461133.844502315, A.D. 2026-Apr-03 08:16:05.0000,69.185634,-191652695.5582356,-213945594.1355688,-88535411.79414701,17.56224061993366,-4.08071499152637,-2.476139992301833,2026-04-03T08:14:55.814386
2461133.845196759, A.D. 2026-Apr-03 08:17:05.0000,69.185634,-191651641.7955125,-213945838.9827543,-88535560.36551233,17.56229720000354,-4.080651926125588,-2.476113893005729,2026-04-03T08:15:55.814342
2461133.845891204, A.D. 2026-Apr-03 08:18:05.0000,69.185634,-191650588.0293945,-213946083.8261558,-88535708.93531163,17.56235378001913,-4.080588860365713,-2.476087793547046,2026-04-03T08:16:55.814419
2461133.846585648, A.D. 2026-Apr-03 08:19:05.0000,69.185634,-191649534.2598816,-213946328.6657732,-88535857.50354494,17.56241035998043,-4.080525794246737,-2.476061693925782,2026-04-03T08:17:55.814375
2461133.847280093, A.D. 2026-Apr-03 08:20:05.0000,69.185634,-191648480.4869738,-213946573.5016066,-88536006.07021222,17.56246693988744,-4.080462727768662,-2.476035594141937,2026-04-03T08:18:55.814412
2461133.847974537, A.D. 2026-Apr-03 08:21:05.0000,69.185634,-191647426.7106711,-213946818.3336558,-88536154.63531345,17.56252351974016,-4.080399660931484,-2.476009494195509,2026-04-03T08:19:55.814368
2461133.848668981, A.D. 2026-Apr-03 08:22:05.0000,69.185634,-191646372.9309736,-213947063.161921,-88536303.19884865,17.56258009953859,-4.080336593735199,-2.475983394086497,2026-04-03T08:20:55.814324
2461133.849363426, A.D. 2026-Apr-03 08:23:05.0000,69.185634,-191645319.1478812,-213947307.986402,-88536451.76081781,17.56263667928272,-4.080273526179806,-2.4759572938149,2026-04-03T08:21:55.814401
2461133.85005787, A.D. 2026-Apr-03 08:24:05.0000,69.185634,-191644265.3613939,-213947552.8070989,-88536600.3212209,17.56269325897256,-4.080210458265301,-2.475931193380716,2026-04-03T08:22:55.814357
2461133.850752315, A.D. 2026-Apr-03 08:25:05.0000,69.185634,-191643211.5715117,-213947797.6240115,-88536748.88005793,17.56274983860811,-4.080147389991684,-2.475905092783945,2026-04-03T08:23:55.814394
2461133.851446759, A.D. 2026-Apr-03 08:26:05.0000,69.185634,-191642157.7782326,-213948042.4371405,-88536897.43732917,17.56280641818947,-4.080084321358825,-2.475878992024533,2026-04-03T08:24:55.814350
2461133.852141204, A.D. 2026-Apr-03 08:27:05.0000,69.185634,-191641103.9815607,-213948287.2464847,-88537045.99303402,17.56286299771642,-4.080021252366973,-2.475852891102583,2026-04-03T08:25:55.814387
2461133.852835648, A.D. 2026-Apr-03 08:28:05.0000,69.185634,-191640050.181494,-213948532.0520447,-88537194.54717277,17.56291957718907,-4.079958183015999,-2.475826790018043,2026-04-03T08:26:55.814383
2461133.853530093, A.D. 2026-Apr-03 08:29:05.0000,69.185634,-191638996.3780303,-213948776.8538209,-88537343.0997457,17.56297615660753,-4.079895113305776,-2.475800688770858,2026-04-03T08:27:55.814420
2461133.854224537, A.D. 2026-Apr-03 08:30:05.0000,69.185634,-191637942.5711739,-213949021.6518124,-88537491.65075223,17.56303273597157,-4.079832043236552,-2.475774587361131,2026-04-03T08:28:55.814376
2461133.854918981, A.D. 2026-Apr-03 08:31:05.0000,69.185634,-191636888.7609206,-213949266.44602,-88537640.20019293,17.56308931528143,-4.079768972808075,-2.475748485788758,2026-04-03T08:29:55.814332
2461133.855613426, A.D. 2026-Apr-03 08:32:05.0000,69.185634,-191635834.9472723,-213949511.2364433,-88537788.74806747,17.56314589453699,-4.079705902020464,-2.475722384053788,2026-04-03T08:30:55.814369
2461133.85630787, A.D. 2026-Apr-03 08:33:05.0000,69.185634,-191634781.1302314,-213949756.0230817,-88537937.29437557,17.56320247373813,-4.079642830873847,-2.475696282156273,2026-04-03T08:31:55.814325
2461133.857002315, A.D. 2026-Apr-03 08:34:05.0000,69.185634,-191633727.3097935,-213950000.8059363,-88538085.83911781,17.56325905288507,-4.079579759367966,-2.475670180096109,2026-04-03T08:32:55.814402
2461133.857696759, A.D. 2026-Apr-03 08:35:05.0000,69.185634,-191632673.4859608,-213950245.5850064,-88538234.3822939,17.56331563197771,-4.079516687502946,-2.475644077873345,2026-04-03T08:33:55.814358
2461133.858391204, A.D. 2026-Apr-03 08:36:05.0000,69.185634,-191631619.6587332,-213950490.3602921,-88538382.9239038,17.56337221101603,-4.079453615278785,-2.47561797548798,2026-04-03T08:34:55.814395
2461133.859085648, A.D. 2026-Apr-03 08:37:05.0000,69.185634,-191630565.8281109,-213950735.1317935,-88538531.4639475,17.56342879000005,-4.079390542695481,-2.475591872940013,2026-04-03T08:35:55.814351
2461133.859780093, A.D. 2026-Apr-03 08:38:05.0000,69.185634,-191629511.9940937,-213950979.8995103,-88538680.00242501,17.56348536892976,-4.079327469753028,-2.475565770229444,2026-04-03T08:36:55.814428
2461133.860474537, A.D. 2026-Apr-03 08:39:05.0000,69.185634,-191628458.1566816,-213951224.6634427,-88538828.53933632,17.56354194780516,-4.079264396451427,-2.47553966735627,2026-04-03T08:37:55.814384
2461133.861168982, A.D. 2026-Apr-03 08:40:05.0000,69.185634,-191627404.3158748,-213951469.4235905,-88538977.07468142,17.56359852662625,-4.079201322790673,-2.475513564320491,2026-04-03T08:38:55.814421
2461133.861863426, A.D. 2026-Apr-03 08:41:05.0000,69.185634,-191626350.4716732,-213951714.1799538,-88539125.60846028,17.56365510539302,-4.079138248770764,-2.475487461122105,2026-04-03T08:39:55.814377
2461133.86255787, A.D. 2026-Apr-03 08:42:05.0000,69.185634,-191625296.6240767,-213951958.9325326,-88539274.1406729,17.56371168410548,-4.079075174391699,-2.475461357761112,2026-04-03T08:40:55.814333
2461133.863252315, A.D. 2026-Apr-03 08:43:05.0000,69.185634,-191624242.7730854,-213952203.6813268,-88539422.67131928,17.56376826276362,-4.079012099653474,-2.47543525423751,2026-04-03T08:41:55.814410
2461133.863946759, A.D. 2026-Apr-03 08:44:05.0000,69.185634,-191623188.9186973,-213952448.4263369,-88539571.2003997,17.56382484136755,-4.078949024555961,-2.475409150551245,2026-04-03T08:42:55.814366
2461133.864641204, A.D. 2026-Apr-03 08:45:05.0000,69.185634,-191622135.0609164,-213952693.1675619,-88539719.72791357,17.56388141991706,-4.07888594909941,-2.475383046702421,2026-04-03T08:43:55.814403
2461133.865335648, A.D. 2026-Apr-03 08:46:05.0000,69.185634,-191621081.1997387,-213952937.9050028,-88539868.25386144,17.56393799841236,-4.078822873283565,-2.475356942690933,2026-04-03T08:44:55.814359
2461133.866030093, A.D. 2026-Apr-03 08:47:05.0000,69.185634,-191620027.3351682,-213953182.6386585,-88540016.77824274,17.56399457685322,-4.078759797108677,-2.475330838516883,2026-04-03T08:45:55.814396
2461133.866724537, A.D. 2026-Apr-03 08:48:05.0000,69.185634,-191618973.4672008,-213953427.3685301,-88540165.30105804,17.56405115523987,-4.078696720574489,-2.475304734180166,2026-04-03T08:46:55.814392
2461133.867418982, A.D. 2026-Apr-03 08:49:05.0000,69.185634,-191617919.5958408,-213953672.0946164,-88540313.82230674,17.5641077335721,-4.078633643681252,-2.475278629680886,2026-04-03T08:47:55.814429
2461133.868113426, A.D. 2026-Apr-03 08:50:05.0000,69.185634,-191616865.7210839,-213953916.8169185,-88540462.34198943,17.56416431185011,-4.078570566428712,-2.475252525018935,2026-04-03T08:48:55.814385
2461133.86880787, A.D. 2026-Apr-03 08:51:05.0000,69.185634,-191615811.8429322,-213954161.5354359,-88540610.86010578,17.56422089007379,-4.078507488816993,-2.475226420194367,2026-04-03T08:49:55.814341
2461133.869502315, A.D. 2026-Apr-03 08:52:05.0000,69.185634,-191614757.9613878,-213954406.250168,-88540759.3766555,17.56427746824304,-4.078444410846216,-2.47520031520723,2026-04-03T08:50:55.814378
2461133.870196759, A.D. 2026-Apr-03 08:53:05.0000,69.185634,-191613704.0764466,-213954650.9611158,-88540907.89163917,17.56433404635807,-4.078381332516128,-2.475174210057422,2026-04-03T08:51:55.814334
2461133.870891204, A.D. 2026-Apr-03 08:54:05.0000,69.185634,-191612650.1881105,-213954895.6682788,-88541056.4050565,17.56439062441877,-4.078318253826852,-2.47514810474499,2026-04-03T08:52:55.814411
2461133.871585648, A.D. 2026-Apr-03 08:55:05.0000,69.185634,-191611596.2963797,-213955140.371657,-88541204.91690746,17.56444720242515,-4.078255174778387,-2.475121999269936,2026-04-03T08:53:55.814367
2461133.872280092, A.D. 2026-Apr-03 08:56:05.0000,69.185634,-191610542.4012542,-213955385.0712503,-88541353.42719206,17.56450378037719,-4.078192095370728,-2.475095893632258,2026-04-03T08:54:55.814323
2461133.872974537, A.D. 2026-Apr-03 08:57:05.0000,69.185634,-191609488.5027339,-213955629.7670588,-88541501.93591025,17.5645603582749,-4.078129015603873,-2.475069787831954,2026-04-03T08:55:55.814360
2461133.873668981, A.D. 2026-Apr-03 08:58:05.0000,69.185634,-191608434.6008188,-213955874.4590824,-88541650.44306207,17.56461693611828,-4.07806593547782,-2.475043681869022,2026-04-03T08:56:55.814316
2461133.874363426, A.D. 2026-Apr-03 08:59:05.0000,69.185634,-191607380.6955069,-213956119.1473215,-88541798.94864778,17.56467351390743,-4.078002854992442,-2.475017575743412,2026-04-03T08:57:55.814393
2461133.875057871, A.D. 2026-Apr-03 09:00:05.0000,69.185634,-191606326.7868024,-213956363.8317752,-88541947.45266679,17.56473009164214,-4.077939774147985,-2.474991469455224,2026-04-03T08:58:55.814430
2461133.875752315, A.D. 2026-Apr-03 09:01:05.0000,69.185634,-191605272.874703,-213956608.512444,-88542095.95511936,17.56478666932251,-4.077876692944324,-2.474965363004406,2026-04-03T08:59:55.814386
2461133.876446759, A.D. 2026-Apr-03 09:02:05.0000,69.185634,-191604218.959209,-213956853.1893278,-88542244.4560055,17.56484324694855,-4.077813611381454,-2.474939256390956,2026-04-03T09:00:55.814342
2461133.877141204, A.D. 2026-Apr-03 09:03:05.0000,69.185634,-191603165.040318,-213957097.8624271,-88542392.9553255,17.56489982452036,-4.077750529459246,-2.474913149614822,2026-04-03T09:01:55.814419
2461133.877835648, A.D. 2026-Apr-03 09:04:05.0000,69.185634,-191602111.1180345,-213957342.5317408,-88542541.45307876,17.56495640203772,-4.077687447177952,-2.474887042676106,2026-04-03T09:02:55.814375
2461133.878530093, A.D. 2026-Apr-03 09:05:05.0000,69.185634,-191601057.1923541,-213957587.1972701,-88542689.94926585,17.56501297950084,-4.077624364537316,-2.474860935574702,2026-04-03T09:03:55.814412
2461133.879224537, A.D. 2026-Apr-03 09:06:05.0000,69.185634,-191600003.2632811,-213957831.8590137,-88542838.44388618,17.56506955690952,-4.077561281537586,-2.474834828310715,2026-04-03T09:04:55.814368
2461133.879918981, A.D. 2026-Apr-03 09:07:05.0000,69.185634,-191598949.3308113,-213958076.5169728,-88542986.93694031,17.56512613426396,-4.07749819817851,-2.474808720884038,2026-04-03T09:05:55.814324
2461133.880613426, A.D. 2026-Apr-03 09:08:05.0000,69.185634,-191597895.3949467,-213958321.1711468,-88543135.42842796,17.56518271156406,-4.077435114460211,-2.474782613294722,2026-04-03T09:06:55.814401
2461133.88130787, A.D. 2026-Apr-03 09:09:05.0000,69.185634,-191596841.4556874,-213958565.8215356,-88543283.9183491,17.56523928880982,-4.077372030382684,-2.474756505542767,2026-04-03T09:07:55.814357
2461133.882002315, A.D. 2026-Apr-03 09:10:05.0000,69.185634,-191595787.5130355,-213958810.4681388,-88543432.40670346,17.56529586600112,-4.077308945946055,-2.474730397628222,2026-04-03T09:08:55.814394
2461133.882696759, A.D. 2026-Apr-03 09:11:05.0000,69.185634,-191594733.5669868,-213959055.1109572,-88543580.89349157,17.56535244313817,-4.07724586115007,-2.474704289550984,2026-04-03T09:09:55.814350
2461133.883391204, A.D. 2026-Apr-03 09:12:05.0000,69.185634,-191593679.6175434,-213959299.7499906,-88543729.37871316,17.56540902022089,-4.07718277599485,-2.474678181311102,2026-04-03T09:10:55.814387
2461133.884085648, A.D. 2026-Apr-03 09:13:05.0000,69.185634,-191592625.6647052,-213959544.3852386,-88543877.86236821,17.56546559724925,-4.077119690480393,-2.474652072908575,2026-04-03T09:11:55.814383
2461133.884780093, A.D. 2026-Apr-03 09:14:05.0000,69.185634,-191591571.7084724,-213959789.0167015,-88544026.3444567,17.56552217422326,-4.077056604606698,-2.474625964343403,2026-04-03T09:12:55.814420
2461133.885474537, A.D. 2026-Apr-03 09:15:05.0000,69.185634,-191590517.7488448,-213960033.6443791,-88544174.82497866,17.56557875114292,-4.076993518373761,-2.474599855615584,2026-04-03T09:13:55.814376
2461133.886168981, A.D. 2026-Apr-03 09:16:05.0000,69.185634,-191589463.7858226,-213960278.2682714,-88544323.30393404,17.56563532800822,-4.076930431781579,-2.474573746725117,2026-04-03T09:14:55.814332
2461133.886863426, A.D. 2026-Apr-03 09:17:05.0000,69.185634,-191588409.8194035,-213960522.8883789,-88544471.78132313,17.56569190481929,-4.076867344830026,-2.474547637671948,2026-04-03T09:15:55.814369
2461133.88755787, A.D. 2026-Apr-03 09:18:05.0000,69.185634,-191587355.8495919,-213960767.5047006,-88544620.25714533,17.56574848157588,-4.076804257519348,-2.474521528456181,2026-04-03T09:16:55.814325
2461133.888252315, A.D. 2026-Apr-03 09:19:05.0000,69.185634,-191586301.8763856,-213961012.1172369,-88544768.73140095,17.56580505827812,-4.076741169849419,-2.474495419077762,2026-04-03T09:17:55.814402
2461133.888946759, A.D. 2026-Apr-03 09:20:05.0000,69.185634,-191585247.8997825,-213961256.7259884,-88544917.20409025,17.56586163492612,-4.07667808182011,-2.474469309536639,2026-04-03T09:18:55.814358
2461133.889641204, A.D. 2026-Apr-03 09:21:05.0000,69.185634,-191584193.9197868,-213961501.330954,-88545065.67521265,17.56591821151964,-4.07661499343167,-2.474443199832913,2026-04-03T09:19:55.814395
2461133.890335648, A.D. 2026-Apr-03 09:22:05.0000,69.185634,-191583139.9363943,-213961745.9321347,-88545214.1447687,17.56597478805892,-4.076551904683844,-2.47441708996648,2026-04-03T09:20:55.814351
2461133.891030093, A.D. 2026-Apr-03 09:23:05.0000,69.185634,-191582085.9496092,-213961990.5295294,-88545362.61275783,17.56603136454372,-4.076488815576881,-2.474390979937443,2026-04-03T09:21:55.814428
2461133.891724537, A.D. 2026-Apr-03 09:24:05.0000,69.185634,-191581031.9594274,-213962235.1231392,-88545511.0791806,17.56608794097427,-4.076425726110529,-2.474364869745696,2026-04-03T09:22:55.814384
2461133.892418982, A.D. 2026-Apr-03 09:25:05.0000,69.185634,-191579977.965853,-213962479.712963,-88545659.54403643,17.56614451735035,-4.076362636285034,-2.474338759391342,2026-04-03T09:23:55.814421
2461133.893113426, A.D. 2026-Apr-03 09:26:05.0000,69.185634,-191578923.9688819,-213962724.2990018,-88545808.00732589,17.56620109367217,-4.076299546100144,-2.474312648874276,2026-04-03T09:24:55.814377
2461133.89380787, A.D. 2026-Apr-03 09:27:05.0000,69.185634,-191577869.9685161,-213962968.8812551,-88545956.46904866,17.56625766993963,-4.076236455555983,-2.47428653819455,2026-04-03T09:25:55.814333
2461133.894502315, A.D. 2026-Apr-03 09:28:05.0000,69.185634,-191576815.9647556,-213963213.4597228,-88546104.92920475,17.56631424615273,-4.076173364652545,-2.47426042735216,2026-04-03T09:26:55.814410
2461133.895196759, A.D. 2026-Apr-03 09:29:05.0000,69.185634,-191575761.9576005,-213963458.0344051,-88546253.38779415,17.56637082231145,-4.076110273389832,-2.474234316347108,2026-04-03T09:27:55.814366
2461133.895891204, A.D. 2026-Apr-03 09:30:05.0000,69.185634,-191574707.9470507,-213963702.6053017,-88546401.84481685,17.5664273984158,-4.076047181767836,-2.47420820517939,2026-04-03T09:28:55.814403
2461133.896585648, A.D. 2026-Apr-03 09:31:05.0000,69.185634,-191573653.9331062,-213963947.1724127,-88546550.30027284,17.56648397446579,-4.075984089786559,-2.474182093849007,2026-04-03T09:29:55.814359
2461133.897280093, A.D. 2026-Apr-03 09:32:05.0000,69.185634,-191572599.9157672,-213964191.7357381,-88546698.75416207,17.56654055046141,-4.075920997445998,-2.474155982355956,2026-04-03T09:30:55.814396
2461133.897974537, A.D. 2026-Apr-03 09:33:05.0000,69.185634,-191571545.8950334,-213964436.2952778,-88546847.2064846,17.56659712640265,-4.075857904746147,-2.474129870700237,2026-04-03T09:31:55.814392
2461133.898668982, A.D. 2026-Apr-03 09:34:05.0000,69.185634,-191570491.8709051,-213964680.8510319,-88546995.65724038,17.56665370228952,-4.075794811687007,-2.474103758881849,2026-04-03T09:32:55.814429
2461133.899363426, A.D. 2026-Apr-03 09:35:05.0000,69.185634,-191569437.843382,-213964925.4030002,-88547144.1064294,17.56671027812201,-4.075731718268573,-2.47407764690079,2026-04-03T09:33:55.814385
2461133.90005787, A.D. 2026-Apr-03 09:36:05.0000,69.185634,-191568383.8124623,-213965169.9511834,-88547292.55405195,17.56676685390024,-4.075668624490719,-2.474051534757007,2026-04-03T09:34:55.814341
2461133.900752315, A.D. 2026-Apr-03 09:37:05.0000,69.185634,-191567329.7781501,-213965414.4955803,-88547441.00010744,17.56682342962398,-4.075605530353692,-2.474025422450603,2026-04-03T09:35:55.814378
2461133.901446759, A.D. 2026-Apr-03 09:38:05.0000,69.185634,-191566275.7404431,-213965659.0361915,-88547589.44459614,17.56688000529335,-4.075542435857366,-2.473999309981524,2026-04-03T09:36:55.814334
2461133.902141204, A.D. 2026-Apr-03 09:39:05.0000,69.185634,-191565221.6993395,-213965903.5730174,-88547737.88751835,17.56693658090844,-4.075479341001609,-2.473973197349719,2026-04-03T09:37:55.814411
2461133.902835648, A.D. 2026-Apr-03 09:40:05.0000,69.185634,-191564167.6548434,-213966148.106057,-88547886.32887346,17.56699315646905,-4.075416245786673,-2.473947084555288,2026-04-03T09:38:55.814367
2461133.903530092, A.D. 2026-Apr-03 09:41:05.0000,69.185634,-191563113.6069505,-213966392.6353113,-88548034.76866207,17.56704973197538,-4.075353150212304,-2.473920971598129,2026-04-03T09:39:55.814323
2461133.904224537, A.D. 2026-Apr-03 09:42:05.0000,69.185634,-191562059.5556651,-213966637.1607792,-88548183.20688353,17.56710630742722,-4.075290054278748,-2.473894858478341,2026-04-03T09:40:55.814360
2461133.904918981, A.D. 2026-Apr-03 09:43:05.0000,69.185634,-191561005.5009831,-213966881.6824618,-88548331.64353846,17.56716288282479,-4.075226957985755,-2.473868745195822,2026-04-03T09:41:55.814316
2461133.905613426, A.D. 2026-Apr-03 09:44:05.0000,69.185634,-191559951.4429063,-213967126.2003585,-88548480.07862656,17.56721945816798,-4.075163861333444,-2.473842631750621,2026-04-03T09:42:55.814393
2461133.906307871, A.D. 2026-Apr-03 09:45:05.0000,69.185634,-191558897.3814351,-213967370.7144693,-88548628.51214781,17.56727603345677,-4.075100764321816,-2.473816518142738,2026-04-03T09:43:55.814430
2461133.907002315, A.D. 2026-Apr-03 09:46:05.0000,69.185634,-191557843.3165692,-213967615.2247941,-88548776.9441022,17.56733260869119,-4.075037666950867,-2.473790404372171,2026-04-03T09:44:55.814386
2461133.907696759, A.D. 2026-Apr-03 09:47:05.0000,69.185634,-191556789.2483087,-213967859.731333,-88548925.37448971,17.56738918387121,-4.074974569220593,-2.473764290438919,2026-04-03T09:45:55.814342
2461133.908391204, A.D. 2026-Apr-03 09:48:05.0000,69.185634,-191555735.1766536,-213968104.2340859,-88549073.80331035,17.56744575899684,-4.074911471130995,-2.473738176342981,2026-04-03T09:46:55.814419
2461133.909085648, A.D. 2026-Apr-03 09:49:05.0000,69.185634,-191554681.1016039,-213968348.7330529,-88549222.23056409,17.56750233406809,-4.074848372682066,-2.473712062084356,2026-04-03T09:47:55.814375
2461133.909780093, A.D. 2026-Apr-03 09:50:05.0000,69.185634,-191553627.0231596,-213968593.2282338,-88549370.65625092,17.56755890908494,-4.074785273873807,-2.473685947663042,2026-04-03T09:48:55.814412
2461133.910474537, A.D. 2026-Apr-03 09:51:05.0000,69.185634,-191552572.9413208,-213968837.7196287,-88549519.08037087,17.5676154840474,-4.074722174706213,-2.473659833079039,2026-04-03T09:49:55.814368
2461133.911168981, A.D. 2026-Apr-03 09:52:05.0000,69.185634,-191551518.8560874,-213969082.2072376,-88549667.50292388,17.56767205895547,-4.074659075179285,-2.473633718332344,2026-04-03T09:50:55.814324
2461133.911863426, A.D. 2026-Apr-03 09:53:05.0000,69.185634,-191550464.7674593,-213969326.6910603,-88549815.92390998,17.56772863380914,-4.074595975293016,-2.473607603422958,2026-04-03T09:51:55.814401
2461133.91255787, A.D. 2026-Apr-03 09:54:05.0000,69.185634,-191549410.6754346,-213969571.1710975,-88549964.3433294,17.56778520860853,-4.07453287504728,-2.473581488350826,2026-04-03T09:52:55.814357
2461133.913252315, A.D. 2026-Apr-03 09:55:05.0000,69.185634,-191548356.5800175,-213969815.647348,-88550112.76118161,17.56784178335341,-4.074469774442326,-2.473555373116052,2026-04-03T09:53:55.814394
2461133.913946759, A.D. 2026-Apr-03 09:56:05.0000,69.185634,-191547302.4812058,-213970060.1198124,-88550261.17746685,17.56789835804389,-4.074406673478024,-2.473529257718583,2026-04-03T09:54:55.814350
2461133.914641204, A.D. 2026-Apr-03 09:57:05.0000,69.185634,-191546248.3789974,-213970304.5884911,-88550409.59218542,17.56795493268008,-4.074343572154248,-2.473503142158364,2026-04-03T09:55:55.814387
2461133.915335648, A.D. 2026-Apr-03 09:58:05.0000,69.185634,-191545194.2733965,-213970549.0533831,-88550558.00533672,17.56801150726176,-4.074280470471246,-2.473477026435499,2026-04-03T09:56:55.814383
2461133.916030093, A.D. 2026-Apr-03 09:59:05.0000,69.185634,-191544140.164399,-213970793.5144895,-88550706.4169213,17.56806808178915,-4.074217368428764,-2.473450910549883,2026-04-03T09:57:55.814420
2461133.916724537, A.D. 2026-Apr-03 10:00:05.0000,69.185634,-191543086.0520069,-213971037.9718096,-88550854.82693891,17.56812465626214,-4.074154266026925,-2.473424794501568,2026-04-03T09:58:55.814376
2461133.917418981, A.D. 2026-Apr-03 10:01:05.0000,69.185634,-191542031.9362224,-213971282.4253429,-88551003.23538922,17.56818123068061,-4.074091163265852,-2.473398678290602,2026-04-03T09:59:55.814332
2461133.918113426, A.D. 2026-Apr-03 10:02:05.0000,69.185634,-191540977.8170412,-213971526.8750905,-88551151.64227279,17.56823780504479,-4.074028060145292,-2.473372561916881,2026-04-03T10:00:55.814369
2461133.91880787, A.D. 2026-Apr-03 10:03:05.0000,69.185634,-191539923.6944655,-213971771.3210518,-88551300.04758933,17.56829437935456,-4.073964956665367,-2.473346445380457,2026-04-03T10:01:55.814325
2461133.919502315, A.D. 2026-Apr-03 10:04:05.0000,69.185634,-191538869.5684953,-213972015.7632267,-88551448.45133886,17.56835095360993,-4.073901852826074,-2.473320328681328,2026-04-03T10:02:55.814402
2461133.920196759, A.D. 2026-Apr-03 10:05:05.0000,69.185634,-191537815.4391305,-213972260.2016154,-88551596.85352132,17.56840752781088,-4.073838748627412,-2.473294211819492,2026-04-03T10:03:55.814358
2461133.920891204, A.D. 2026-Apr-03 10:06:05.0000,69.185634,-191536761.3063711,-213972504.6362177,-88551745.25413674,17.56846410195744,-4.073775644069378,-2.473268094794948,2026-04-03T10:04:55.814395
2461133.921585648, A.D. 2026-Apr-03 10:07:05.0000,69.185634,-191535707.1702173,-213972749.0670335,-88551893.65318508,17.56852067604957,-4.073712539151968,-2.473241977607696,2026-04-03T10:05:55.814351
2461133.922280093, A.D. 2026-Apr-03 10:08:05.0000,69.185634,-191534653.0306689,-213972993.494063,-88552042.05066635,17.5685772500873,-4.073649433875181,-2.473215860257735,2026-04-03T10:06:55.814428
2461133.922974537, A.D. 2026-Apr-03 10:09:05.0000,69.185634,-191533598.8877259,-213973237.9173061,-88552190.44658053,17.56863382407061,-4.073586328239014,-2.473189742745062,2026-04-03T10:07:55.814384
2461133.923668982, A.D. 2026-Apr-03 10:10:05.0000,69.185634,-191532544.7413864,-213973482.3367632,-88552338.84092791,17.56869039799962,-4.07352322224334,-2.473163625069625,2026-04-03T10:08:55.814421
2461133.924363426, A.D. 2026-Apr-03 10:11:05.0000,69.185634,-191531490.5916544,-213973726.7524333,-88552487.2337079,17.56874697187411,-4.073460115888405,-2.473137507231526,2026-04-03T10:09:55.814377
2461133.92505787, A.D. 2026-Apr-03 10:12:05.0000,69.185634,-191530436.438528,-213973971.164317,-88552635.62492077,17.56880354569417,-4.073397009174083,-2.473111389230712,2026-04-03T10:10:55.814333
2461133.925752315, A.D. 2026-Apr-03 10:13:05.0000,69.185634,-191529382.2820049,-213974215.5724147,-88552784.01456682,17.56886011945993,-4.073333902100244,-2.473085271067132,2026-04-03T10:11:55.814410
2461133.926446759, A.D. 2026-Apr-03 10:14:05.0000,69.185634,-191528328.1220894,-213974459.9767253,-88552932.40264542,17.56891669317116,-4.073270794667139,-2.473059152740885,2026-04-03T10:12:55.814366
2461133.927141204, A.D. 2026-Apr-03 10:15:05.0000,69.185634,-191527273.9587773,-213974704.3772498,-88553080.78915718,17.56897326682809,-4.073207686874513,-2.473033034251869,2026-04-03T10:13:55.814403
2461133.927835648, A.D. 2026-Apr-03 10:16:05.0000,69.185634,-191526219.7920728,-213974948.7739874,-88553229.1741015,17.56902984043048,-4.073144578722614,-2.473006915600185,2026-04-03T10:14:55.814359
2461133.928530093, A.D. 2026-Apr-03 10:17:05.0000,69.185634,-191525165.6219716,-213975193.1669387,-88553377.55747893,17.56908641397856,-4.073081470211189,-2.472980796785729,2026-04-03T10:15:55.814396
2461133.929224537, A.D. 2026-Apr-03 10:18:05.0000,69.185634,-191524111.4484781,-213975437.556103,-88553525.93928893,17.56914298747211,-4.073018361340487,-2.472954677808603,2026-04-03T10:16:55.814392
2461133.929918982, A.D. 2026-Apr-03 10:19:05.0000,69.185634,-191523057.2715881,-213975681.9414811,-88553674.319532,17.56919956091134,-4.072955252110253,-2.472928558668702,2026-04-03T10:17:55.814429
2461133.930613426, A.D. 2026-Apr-03 10:20:05.0000,69.185634,-191522003.0913035,-213975926.3230726,-88553822.69820791,17.56925613429615,-4.072892142520611,-2.472902439366077,2026-04-03T10:18:55.814385
2461133.93130787, A.D. 2026-Apr-03 10:21:05.0000,69.185634,-191520948.9076244,-213976170.7008775,-88553971.0753166,17.56931270762653,-4.072829032571559,-2.472876319900727,2026-04-03T10:19:55.814341
2461133.932002315, A.D. 2026-Apr-03 10:22:05.0000,69.185634,-191519894.7205508,-213976415.0748955,-88554119.45085809,17.56936928090248,-4.072765922263093,-2.472850200272649,2026-04-03T10:20:55.814378
2461133.932696759, A.D. 2026-Apr-03 10:23:05.0000,69.185634,-191518840.5300828,-213976659.4451269,-88554267.82483234,17.56942585412401,-4.072702811595211,-2.472824080481845,2026-04-03T10:21:55.814334
2461133.933391204, A.D. 2026-Apr-03 10:24:05.0000,69.185634,-191517786.3362202,-213976903.8115715,-88554416.19723935,17.5694824272911,-4.072639700567911,-2.472797960528311,2026-04-03T10:22:55.814411
2461133.934085648, A.D. 2026-Apr-03 10:25:05.0000,69.185634,-191516732.1389633,-213977148.1742294,-88554564.56807914,17.56953900040376,-4.072576589181189,-2.472771840412048,2026-04-03T10:23:55.814367
2461133.934780092, A.D. 2026-Apr-03 10:26:05.0000,69.185634,-191515677.9383118,-213977392.5331004,-88554712.93735167,17.569595573462,-4.072513477435044,-2.472745720133052,2026-04-03T10:24:55.814323
2461133.935474537, A.D. 2026-Apr-03 10:27:05.0000,69.185634,-191514623.7342659,-213977636.8881847,-88554861.30505696,17.5696521464658,-4.072450365329473,-2.472719599691325,2026-04-03T10:25:55.814360
2461133.936168981, A.D. 2026-Apr-03 10:28:05.0000,69.185634,-191513569.5268255,-213977881.2394821,-88555009.67119496,17.56970871941516,-4.072387252864473,-2.472693479086864,2026-04-03T10:26:55.814316
2461133.936863426, A.D. 2026-Apr-03 10:29:05.0000,69.185634,-191512515.3159885,-213978125.5869931,-88555158.03576598,17.5697652923102,-4.072324140039917,-2.472667358319617,2026-04-03T10:27:55.814393
2461133.937557871, A.D. 2026-Apr-03 10:30:05.0000,69.185634,-191511461.1017592,-213978369.9307168,-88555306.3987694,17.5698218651507,-4.072261026856052,-2.472641237389685,2026-04-03T10:28:55.814430
2461133.938252315, A.D. 2026-Apr-03 10:31:05.0000,69.185634,-191510406.8841333,-213978614.2706541,-88555454.76020584,17.56987843793686,-4.072197913312626,-2.472615116296964,2026-04-03T10:29:55.814386
2461133.938946759, A.D. 2026-Apr-03 10:32:05.0000,69.185634,-191509352.6631151,-213978858.606804,-88555603.12007464,17.56993501066848,-4.072134799409885,-2.472588995041556,2026-04-03T10:30:55.814342
2461133.939641204, A.D. 2026-Apr-03 10:33:05.0000,69.185634,-191508298.4387003,-213979102.9391674,-88555751.47837643,17.56999158334577,-4.072071685147577,-2.472562873623357,2026-04-03T10:31:55.814419
2461133.940335648, A.D. 2026-Apr-03 10:34:05.0000,69.185634,-191507244.2108932,-213979347.2677433,-88555899.83511062,17.57004815596851,-4.072008570525951,-2.472536752042469,2026-04-03T10:32:55.814375
2461133.941030093, A.D. 2026-Apr-03 10:35:05.0000,69.185634,-191506189.9796896,-213979591.5925328,-88556048.19027774,17.57010472853691,-4.071945455544753,-2.472510630298787,2026-04-03T10:33:55.814412
2461133.941724537, A.D. 2026-Apr-03 10:36:05.0000,69.185634,-191505135.7450915,-213979835.9135353,-88556196.54387751,17.57016130105087,-4.071882340204106,-2.472484508392363,2026-04-03T10:34:55.814368
2461133.942418981, A.D. 2026-Apr-03 10:37:05.0000,69.185634,-191504081.5071011,-213980080.2307502,-88556344.89590965,17.57021787351028,-4.071819224504132,-2.472458386323245,2026-04-03T10:35:55.814324
2461133.943113426, A.D. 2026-Apr-03 10:38:05.0000,69.185634,-191503027.2657141,-213980324.5441786,-88556493.2463747,17.57027444591535,-4.071756108444578,-2.47243226409133,2026-04-03T10:36:55.814401
2461133.94380787, A.D. 2026-Apr-03 10:39:05.0000,69.185634,-191501973.0209328,-213980568.8538199,-88556641.59527236,17.57033101826597,-4.071692992025567,-2.472406141696669,2026-04-03T10:37:55.814357
2461133.944502315, A.D. 2026-Apr-03 10:40:05.0000,69.185634,-191500918.7727569,-213980813.1596742,-88556789.94260263,17.57038759056215,-4.071629875247098,-2.47238001913926,2026-04-03T10:38:55.814394
2461133.945196759, A.D. 2026-Apr-03 10:41:05.0000,69.185634,-191499864.5211867,-213981057.4617413,-88556938.28836553,17.57044416280388,-4.071566758109165,-2.472353896419101,2026-04-03T10:39:55.814350
2461133.945891204, A.D. 2026-Apr-03 10:42:05.0000,69.185634,-191498810.2662221,-213981301.7600213,-88557086.632561,17.57050073499116,-4.071503640611769,-2.472327773536192,2026-04-03T10:40:55.814387
2461133.946585648, A.D. 2026-Apr-03 10:43:05.0000,69.185634,-191497756.007863,-213981546.0545141,-88557234.97518906,17.57055730712398,-4.071440522754904,-2.472301650490532,2026-04-03T10:41:55.814383
2461133.947280093, A.D. 2026-Apr-03 10:44:05.0000,69.185634,-191496701.7461095,-213981790.3452197,-88557383.3162497,17.57061387920236,-4.071377404538571,-2.472275527282119,2026-04-03T10:42:55.814420
2461133.947974537, A.D. 2026-Apr-03 10:45:05.0000,69.185634,-191495647.4809595,-213982034.6321387,-88557531.6557432,17.57067045122639,-4.071314285962639,-2.4722494039109,2026-04-03T10:43:55.814376
2461133.948668981, A.D. 2026-Apr-03 10:46:05.0000,69.185634,-191494593.2124173,-213982278.9152699,-88557679.99366893,17.57072702319586,-4.071251167027358,-2.472223280376978,2026-04-03T10:44:55.814332
2461133.949363426, A.D. 2026-Apr-03 10:47:05.0000,69.185634,-191493538.9404806,-213982523.1946139,-88557828.33002722,17.57078359511087,-4.071188047732599,-2.4721971566803,2026-04-03T10:45:55.814369
2461133.95005787, A.D. 2026-Apr-03 10:48:05.0000,69.185634,-191492484.6651474,-213982767.4701711,-88557976.66481835,17.57084016697153,-4.071124928078236,-2.472171032820813,2026-04-03T10:46:55.814325
2461133.950752315, A.D. 2026-Apr-03 10:49:05.0000,69.185634,-191491430.3864219,-213983011.7419405,-88558124.9980417,17.57089673877763,-4.071061808064514,-2.472144908798619,2026-04-03T10:47:55.814402
2461133.951446759, A.D. 2026-Apr-03 10:50:05.0000,69.185634,-191490376.1042999,-213983256.0099231,-88558273.32969786,17.57095331052938,-4.070998687691183,-2.472118784613613,2026-04-03T10:48:55.814358
2461133.952141204, A.D. 2026-Apr-03 10:51:05.0000,69.185634,-191489321.8187857,-213983500.2741179,-88558421.65978624,17.57100988222655,-4.070935566958489,-2.472092660265898,2026-04-03T10:49:55.814395
2461133.952835648, A.D. 2026-Apr-03 10:52:05.0000,69.185634,-191488267.5298749,-213983744.5345258,-88558569.9883074,17.57106645386938,-4.07087244586618,-2.472066535755369,2026-04-03T10:50:55.814351
2461133.953530093, A.D. 2026-Apr-03 10:53:05.0000,69.185634,-191487213.2375698,-213983988.7911464,-88558718.31526104,17.57112302545774,-4.070809324414377,-2.472040411082077,2026-04-03T10:51:55.814428
2461133.954224537, A.D. 2026-Apr-03 10:54:05.0000,69.185634,-191486158.9418724,-213984233.0439791,-88558866.64064685,17.57117959699153,-4.070746202603204,-2.472014286246071,2026-04-03T10:52:55.814384
2461133.954918982, A.D. 2026-Apr-03 10:55:05.0000,69.185634,-191485104.6427785,-213984477.2930248,-88559014.96446544,17.57123616847097,-4.070683080432409,-2.471988161247249,2026-04-03T10:53:55.814421
2461133.955613426, A.D. 2026-Apr-03 10:56:05.0000,69.185634,-191484050.3402902,-213984721.5382832,-88559163.28671648,17.57129273989593,-4.070619957902113,-2.471962036085659,2026-04-03T10:54:55.814377
2461133.95630787, A.D. 2026-Apr-03 10:57:05.0000,69.185634,-191482996.0344076,-213984965.779754,-88559311.60739996,17.57134931126644,-4.070556835012312,-2.471935910761302,2026-04-03T10:55:55.814333
2461133.957002315, A.D. 2026-Apr-03 10:58:05.0000,69.185634,-191481941.7251306,-213985210.0174374,-88559459.92651589,17.57140588258247,-4.070493711763008,-2.471909785274175,2026-04-03T10:56:55.814410
2461133.957696759, A.D. 2026-Apr-03 10:59:05.0000,69.185634,-191480887.4124592,-213985454.2513333,-88559608.24406424,17.57146245384403,-4.070430588154195,-2.471883659624277,2026-04-03T10:57:55.814366
2461133.958391204, A.D. 2026-Apr-03 11:00:05.0000,69.185634,-191479833.0963935,-213985698.4814416,-88559756.56004499,17.57151902505113,-4.07036746418587,-2.471857533811608,2026-04-03T10:58:55.814403
2461133.959085648, A.D. 2026-Apr-03 11:01:05.0000,69.185634,-191478778.7769334,-213985942.7077624,-88559904.87445816,17.57157559620375,-4.070304339858033,-2.471831407836166,2026-04-03T10:59:55.814359
2461133.959780093, A.D. 2026-Apr-03 11:02:05.0000,69.185634,-191477724.454079,-213986186.9302956,-88560053.18730374,17.5716321673019,-4.07024121517068,-2.47180528169795,2026-04-03T11:00:55.814396
2461133.960474537, A.D. 2026-Apr-03 11:03:05.0000,69.185634,-191476670.1278302,-213986431.1490413,-88560201.4985817,17.57168873834557,-4.070178090123806,-2.471779155396959,2026-04-03T11:01:55.814392
2461133.961168982, A.D. 2026-Apr-03 11:04:05.0000,69.185634,-191475615.798185,-213986675.3639998,-88560349.80829231,17.57174530933489,-4.070114964717289,-2.471753028933139,2026-04-03T11:02:55.814429
2461133.961863426, A.D. 2026-Apr-03 11:05:05.0000,69.185634,-191474561.4651476,-213986919.5751702,-88560498.11643502,17.57180188026962,-4.070051838951372,-2.471726902306594,2026-04-03T11:03:55.814385
2461133.96255787, A.D. 2026-Apr-03 11:06:05.0000,69.185634,-191473507.1287136,-213987163.7825535,-88560646.42301038,17.57185845114998,-4.069988712825804,-2.471700775517217,2026-04-03T11:04:55.814341
2461133.963252315, A.D. 2026-Apr-03 11:07:05.0000,69.185634,-191472452.7888875,-213987407.9861486,-88560794.72801778,17.57191502197574,-4.069925586340832,-2.471674648565113,2026-04-03T11:05:55.814378
2461133.963946759, A.D. 2026-Apr-03 11:08:05.0000,69.185634,-191471398.4456649,-213987652.1859565,-88560943.03145781,17.57197159274715,-4.069862459496204,-2.471648521450176,2026-04-03T11:06:55.814334
2461133.964641204, A.D. 2026-Apr-03 11:09:05.0000,69.185634,-191470344.0990501,-213987896.3819762,-88561091.33332989,17.57202816346395,-4.069799332292167,-2.471622394172508,2026-04-03T11:07:55.814411
2461133.965335648, A.D. 2026-Apr-03 11:10:05.0000,69.185634,-191469289.7490389,-213988140.5742086,-88561239.63363457,17.5720847341264,-4.069736204728469,-2.471596266732005,2026-04-03T11:08:55.814367
2461133.966030092, A.D. 2026-Apr-03 11:11:05.0000,69.185634,-191468235.3956333,-213988384.7626532,-88561387.93237157,17.57214130473436,-4.06967307680523,-2.471570139128717,2026-04-03T11:09:55.814323
2461133.966724537, A.D. 2026-Apr-03 11:12:05.0000,69.185634,-191467181.0388356,-213988628.9473096,-88561536.22954059,17.57219787528771,-4.069609948522577,-2.471544011362695,2026-04-03T11:10:55.814360
2461133.967418981, A.D. 2026-Apr-03 11:13:05.0000,69.185634,-191466126.6786414,-213988873.1281787,-88561684.52514216,17.5722544457867,-4.069546819880253,-2.471517883433833,2026-04-03T11:11:55.814316
2461133.968113426, A.D. 2026-Apr-03 11:14:05.0000,69.185634,-191465072.3150529,-213989117.3052599,-88561832.81917602,17.5723110162312,-4.069483690878384,-2.471491755342184,2026-04-03T11:12:55.814393
2461133.968807871, A.D. 2026-Apr-03 11:15:05.0000,69.185634,-191464017.94807,-213989361.4785534,-88561981.11164215,17.57236758662122,-4.069420561516965,-2.471465627087745,2026-04-03T11:13:55.814430
2461133.969502315, A.D. 2026-Apr-03 11:16:05.0000,69.185634,-191462963.5776929,-213989605.6480589,-88562129.40254055,17.57242415695674,-4.069357431795993,-2.471439498670515,2026-04-03T11:14:55.814386
2461133.970196759, A.D. 2026-Apr-03 11:17:05.0000,69.185634,-191461909.2039215,-213989849.8137765,-88562277.6918712,17.57248072723777,-4.069294301715467,-2.471413370090493,2026-04-03T11:15:55.814342
2461133.970891204, A.D. 2026-Apr-03 11:18:05.0000,69.185634,-191460854.8267558,-213990093.9757063,-88562425.97963409,17.57253729746432,-4.069231171275384,-2.471387241347679,2026-04-03T11:16:55.814419
2461133.971585648, A.D. 2026-Apr-03 11:19:05.0000,69.185634,-191459800.4461957,-213990338.1338481,-88562574.26582919,17.57259386763637,-4.069168040475743,-2.47136111244207,2026-04-03T11:17:55.814375
2461133.972280093, A.D. 2026-Apr-03 11:20:05.0000,69.185634,-191458746.0622393,-213990582.2882024,-88562722.55045682,17.57265043775405,-4.069104909316413,-2.471334983373614,2026-04-03T11:18:55.814412
2461133.972974537, A.D. 2026-Apr-03 11:21:05.0000,69.185634,-191457691.6748907,-213990826.4387683,-88562870.83351639,17.57270700781711,-4.069041777797644,-2.471308854142412,2026-04-03T11:19:55.814368
2461133.973668981, A.D. 2026-Apr-03 11:22:05.0000,69.185634,-191456637.2841478,-213991070.5855461,-88563019.11500813,17.57276357782568,-4.068978645919307,-2.471282724748414,2026-04-03T11:20:55.814324
2461133.974363426, A.D. 2026-Apr-03 11:23:05.0000,69.185634,-191455582.8900085,-213991314.7285365,-88563167.39493237,17.57282014777986,-4.068915513681276,-2.471256595191563,2026-04-03T11:21:55.814401
2461133.97505787, A.D. 2026-Apr-03 11:24:05.0000,69.185634,-191454528.4924771,-213991558.8677383,-88563315.6732885,17.57287671767944,-4.068852381083798,-2.471230465471966,2026-04-03T11:22:55.814357
2461133.975752315, A.D. 2026-Apr-03 11:25:05.0000,69.185634,-191453474.0915492,-213991803.0031525,-88563463.95007709,17.57293328752463,-4.068789248126619,-2.471204335589514,2026-04-03T11:23:55.814394
2461133.976446759, A.D. 2026-Apr-03 11:26:05.0000,69.185634,-191452419.6872292,-213992047.1347782,-88563612.22529754,17.57298985731521,-4.068726114809989,-2.471178205544312,2026-04-03T11:24:55.814350
2461133.977141204, A.D. 2026-Apr-03 11:27:05.0000,69.185634,-191451365.2795128,-213992291.2626163,-88563760.49895045,17.5730464270514,-4.068662981133652,-2.471152075336254,2026-04-03T11:25:55.814387
2461133.977835648, A.D. 2026-Apr-03 11:28:05.0000,69.185634,-191450310.8684042,-213992535.3866657,-88563908.77103522,17.57310299673297,-4.068599847097859,-2.471125944965443,2026-04-03T11:26:55.814383
2461133.978530093, A.D. 2026-Apr-03 11:29:05.0000,69.185634,-191449256.4538993,-213992779.5069275,-88564057.0415524,17.57315956636015,-4.068536712702355,-2.471099814431774,2026-04-03T11:27:55.814420
2461133.979224537, A.D. 2026-Apr-03 11:30:05.0000,69.185634,-191448202.0360001,-213993023.6234011,-88564205.31050171,17.57321613593284,-4.068473577947262,-2.471073683735298,2026-04-03T11:28:55.814376
2461133.979918981, A.D. 2026-Apr-03 11:31:05.0000,69.185634,-191447147.6147067,-213993267.7360865,-88564353.57788312,17.57327270545101,-4.06841044283258,-2.471047552876013,2026-04-03T11:29:55.814332
2461133.980613426, A.D. 2026-Apr-03 11:32:05.0000,69.185634,-191446093.190019,-213993511.8449837,-88564501.84369665,17.57332927491468,-4.068347307358306,-2.471021421853918,2026-04-03T11:30:55.814369
2461133.98130787, A.D. 2026-Apr-03 11:33:05.0000,69.185634,-191445038.7619371,-213993755.9500926,-88564650.10794227,17.57338584432384,-4.068284171524435,-2.470995290669013,2026-04-03T11:31:55.814325
2461133.982002315, A.D. 2026-Apr-03 11:34:05.0000,69.185634,-191443984.3304609,-213994000.0514133,-88564798.37061997,17.57344241367849,-4.068221035330967,-2.470969159321295,2026-04-03T11:32:55.814402
2461133.982696759, A.D. 2026-Apr-03 11:35:05.0000,69.185634,-191442929.8955904,-213994244.1489458,-88564946.63172977,17.57349898297862,-4.068157898777899,-2.470943027810764,2026-04-03T11:33:55.814358
2461133.983391204, A.D. 2026-Apr-03 11:36:05.0000,69.185634,-191441875.4573258,-213994488.2426899,-88565094.8912716,17.57355555222425,-4.068094761865226,-2.470916896137419,2026-04-03T11:34:55.814395
2461133.984085648, A.D. 2026-Apr-03 11:37:05.0000,69.185634,-191440821.0156668,-213994732.3326457,-88565243.1492455,17.57361212141537,-4.068031624592948,-2.470890764301258,2026-04-03T11:35:55.814351
2461133.984780093, A.D. 2026-Apr-03 11:38:05.0000,69.185634,-191439766.5706137,-213994976.4188132,-88565391.40565145,17.57366869055198,-4.067968486961061,-2.47086463230228,2026-04-03T11:36:55.814428
2461133.985474537, A.D. 2026-Apr-03 11:39:05.0000,69.185634,-191438712.1221642,-213995220.5011928,-88565539.66048972,17.57372525963418,-4.067905348969439,-2.470838500140432,2026-04-03T11:37:55.814384
2461133.986168982, A.D. 2026-Apr-03 11:40:05.0000,69.185634,-191437657.6703226,-213995464.5797835,-88565687.91375972,17.57378182866175,-4.067842210618329,-2.470812367815816,2026-04-03T11:38:55.814421
2461133.986863426, A.D. 2026-Apr-03 11:41:05.0000,69.185634,-191436603.2150867,-213995708.6545858,-88565836.16546173,17.57383839763481,-4.067779071907601,-2.470786235328381,2026-04-03T11:39:55.814377
2461133.98755787, A.D. 2026-Apr-03 11:42:05.0000,69.185634,-191435548.7564546,-213995952.7256002,-88565984.41559607,17.57389496655345,-4.067715932837132,-2.470760102678072,2026-04-03T11:40:55.814333
2461133.988252315, A.D. 2026-Apr-03 11:43:05.0000,69.185634,-191434494.2944303,-213996196.7928255,-88566132.6641621,17.57395153541747,-4.067652793407166,-2.470733969864991,2026-04-03T11:41:55.814410
2461133.988946759, A.D. 2026-Apr-03 11:44:05.0000,69.185634,-191433439.8290097,-213996440.856263,-88566280.9111604,17.57400810422709,-4.06758965361745,-2.470707836889035,2026-04-03T11:42:55.814366
2461133.989641204, A.D. 2026-Apr-03 11:45:05.0000,69.185634,-191432385.3601949,-213996684.9159119,-88566429.15659069,17.57406467298218,-4.067526513468109,-2.470681703750254,2026-04-03T11:43:55.814403
2461133.990335648, A.D. 2026-Apr-03 11:46:05.0000,69.185634,-191431330.8879879,-213996928.9717719,-88566577.40045264,17.57412124168263,-4.067463372959264,-2.470655570448699,2026-04-03T11:44:55.814359
2461133.991030093, A.D. 2026-Apr-03 11:47:05.0000,69.185634,-191430276.4123847,-213997173.0238438,-88566725.64274684,17.57417781032868,-4.067400232090662,-2.470629436984264,2026-04-03T11:45:55.814396
2461133.991724537, A.D. 2026-Apr-03 11:48:05.0000,69.185634,-191429221.9333873,-213997417.0721271,-88566873.883473,17.5742343789202,-4.067337090862427,-2.470603303357,2026-04-03T11:46:55.814392
2461133.992418982, A.D. 2026-Apr-03 11:49:05.0000,69.185634,-191428167.4509957,-213997661.1166219,-88567022.12263109,17.57429094745719,-4.067273949274554,-2.470577169566905,2026-04-03T11:47:55.814429
2461133.993113426, A.D. 2026-Apr-03 11:50:05.0000,69.185634,-191427112.9652098,-213997905.157328,-88567170.36022112,17.57434751593965,-4.067210807327043,-2.470551035613981,2026-04-03T11:48:55.814385
2461133.99380787, A.D. 2026-Apr-03 11:51:05.0000,69.185634,-191426058.4760298,-213998149.1942455,-88567318.59624305,17.57440408436759,-4.06714766501989,-2.470524901498223,2026-04-03T11:49:55.814341
2461133.994502315, A.D. 2026-Apr-03 11:52:05.0000,69.185634,-191425003.9834556,-213998393.2273744,-88567466.8306969,17.574460652741,-4.067084522353094,-2.470498767219632,2026-04-03T11:50:55.814378
2461133.995196759, A.D. 2026-Apr-03 11:53:05.0000,69.185634,-191423949.4874872,-213998637.2567146,-88567615.06358264,17.57451722105988,-4.067021379326651,-2.470472632778207,2026-04-03T11:51:55.814334
2461133.995891204, A.D. 2026-Apr-03 11:54:05.0000,69.185634,-191422894.9881246,-213998881.2822662,-88567763.29490027,17.57457378932423,-4.066958235940556,-2.470446498173945,2026-04-03T11:52:55.814411
2461133.996585648, A.D. 2026-Apr-03 11:55:05.0000,69.185634,-191421840.4853679,-213999125.304029,-88567911.52464978,17.57463035753404,-4.066895092194811,-2.470420363406847,2026-04-03T11:53:55.814367
2461133.997280092, A.D. 2026-Apr-03 11:56:05.0000,69.185634,-191420785.9792148,-213999369.3220036,-88568059.75283147,17.57468692568944,-4.066831948089287,-2.470394228476858,2026-04-03T11:54:55.814323
2461133.997974537, A.D. 2026-Apr-03 11:57:05.0000,69.185634,-191419731.4696698,-213999613.3361889,-88568207.97944471,17.57474349379018,-4.06676880362423,-2.470368093384081,2026-04-03T11:55:55.814360
2461133.998668981, A.D. 2026-Apr-03 11:58:05.0000,69.185634,-191418676.9567305,-213999857.3465855,-88568356.20448981,17.57480006183639,-4.066705658799514,-2.470341958128465,2026-04-03T11:56:55.814316
2461133.999363426, A.D. 2026-Apr-03 11:59:05.0000,69.185634,-191417622.440395,-214000101.3531937,-88568504.42796704,17.57485662982818,-4.06664251361501,-2.470315822709954,2026-04-03T11:57:55.814393
2461134.000057871, A.D. 2026-Apr-03 12:00:05.0000,69.185634,-191416567.9206674,-214000345.3560127,-88568652.6498758,17.57491319776531,-4.066579368070967,-2.470289687128652,2026-04-03T11:58:55.814430
2461134.000752315, A.D. 2026-Apr-03 12:01:05.0000,69.185634,-191415513.3975435,-214000589.3550433,-88568800.87021668,17.57496976564802,-4.066516222167131,-2.470263551384454,2026-04-03T11:59:55.814386
2461134.001446759, A.D. 2026-Apr-03 12:02:05.0000,69.185634,-191414458.8710255,-214000833.350285,-88568949.08898938,17.57502633347618,-4.066453075903625,-2.470237415477411,2026-04-03T12:00:55.814342
2461134.002141204, A.D. 2026-Apr-03 12:03:05.0000,69.185634,-191413404.3411154,-214001077.3417374,-88569097.30619358,17.5750829012497,-4.066389929280573,-2.470211279407573,2026-04-03T12:01:55.814419
2461134.002835648, A.D. 2026-Apr-03 12:04:05.0000,69.185634,-191412349.8078091,-214001321.3294013,-88569245.52182986,17.57513946896878,-4.066326782297719,-2.470185143174835,2026-04-03T12:02:55.814375
2461134.003530093, A.D. 2026-Apr-03 12:05:05.0000,69.185634,-191411295.2711086,-214001565.3132764,-88569393.73589793,17.57519603663332,-4.066263634955189,-2.470159006779248,2026-04-03T12:03:55.814412
2461134.004224537, A.D. 2026-Apr-03 12:06:05.0000,69.185634,-191410240.731014,-214001809.2933624,-88569541.94839776,17.57525260424331,-4.066200487252978,-2.470132870220811,2026-04-03T12:04:55.814368
2461134.004918981, A.D. 2026-Apr-03 12:07:05.0000,69.185634,-191409186.1875273,-214002053.269659,-88569690.15932906,17.57530917179865,-4.06613733919121,-2.470106733499575,2026-04-03T12:05:55.814324
2461134.005613426, A.D. 2026-Apr-03 12:08:05.0000,69.185634,-191408131.6406444,-214002297.2421671,-88569838.3686924,17.57536573929955,-4.066074190769631,-2.470080596615434,2026-04-03T12:06:55.814401
2461134.00630787, A.D. 2026-Apr-03 12:09:05.0000,69.185634,-191407077.0903674,-214002541.2108862,-88569986.5764875,17.5754223067459,-4.066011041988364,-2.470054459568439,2026-04-03T12:07:55.814357
2461134.007002315, A.D. 2026-Apr-03 12:10:05.0000,69.185634,-191406022.5366942,-214002785.1758168,-88570134.78271462,17.57547887413781,-4.065947892847282,-2.470028322358538,2026-04-03T12:08:55.814394
2461134.007696759, A.D. 2026-Apr-03 12:11:05.0000,69.185634,-191404967.9796289,-214003029.1369578,-88570282.98737317,17.57553544147506,-4.065884743346632,-2.470002184985832,2026-04-03T12:09:55.814350
2461134.008391204, A.D. 2026-Apr-03 12:12:05.0000,69.185634,-191403913.4191695,-214003273.0943097,-88570431.19046342,17.57559200875776,-4.065821593486286,-2.46997604745027,2026-04-03T12:10:55.814387
2461134.009085648, A.D. 2026-Apr-03 12:13:05.0000,69.185634,-191402858.8553159,-214003517.0478726,-88570579.3919854,17.57564857598591,-4.065758443266242,-2.469949909751848,2026-04-03T12:11:55.814383
2461134.009780093, A.D. 2026-Apr-03 12:14:05.0000,69.185634,-191401804.2880683,-214003760.9976463,-88570727.59193906,17.5757051431595,-4.065695292686499,-2.469923771890567,2026-04-03T12:12:55.814420
2461134.010474537, A.D. 2026-Apr-03 12:15:05.0000,69.185634,-191400749.7174244,-214004004.9436314,-88570875.79032469,17.57576171027865,-4.065632141746925,-2.469897633866374,2026-04-03T12:13:55.814376
2461134.011168981, A.D. 2026-Apr-03 12:16:05.0000,69.185634,-191399695.1433885,-214004248.8858268,-88571023.9871417,17.57581827734313,-4.065568990447772,-2.469871495679369,2026-04-03T12:14:55.814332
2461134.011863426, A.D. 2026-Apr-03 12:17:05.0000,69.185634,-191398640.5659564,-214004492.8242335,-88571172.18239069,17.57587484435316,-4.065505838788784,-2.46984535732945,2026-04-03T12:15:55.814369
2461134.01255787, A.D. 2026-Apr-03 12:18:05.0000,69.185634,-191397585.9851324,-214004736.7588505,-88571320.37607102,17.57593141130853,-4.065442686770211,-2.469819218816719,2026-04-03T12:16:55.814325
2461134.013252315, A.D. 2026-Apr-03 12:19:05.0000,69.185634,-191396531.4009121,-214004980.6896788,-88571468.56818329,17.57598797820944,-4.0653795343918,-2.469793080141069,2026-04-03T12:17:55.814402
2461134.013946759, A.D. 2026-Apr-03 12:20:05.0000,69.185634,-191395476.8132998,-214005224.6167174,-88571616.75872691,17.57604454505569,-4.065316381653798,-2.469766941302605,2026-04-03T12:18:55.814358
2461134.014641204, A.D. 2026-Apr-03 12:21:05.0000,69.185634,-191394422.2222914,-214005468.5399671,-88571764.94770244,17.57610111184748,-4.065253228555951,-2.469740802301221,2026-04-03T12:19:55.814395
2461134.015335648, A.D. 2026-Apr-03 12:22:05.0000,69.185634,-191393367.6278888,-214005712.4594276,-88571913.13510959,17.57615767858471,-4.065190075098384,-2.469714663136967,2026-04-03T12:20:55.814351
2461134.016030093, A.D. 2026-Apr-03 12:23:05.0000,69.185634,-191392313.0300921,-214005956.3750988,-88572061.32094835,17.57621424526738,-4.065126921281093,-2.469688523809844,2026-04-03T12:21:55.814428
2461134.016724537, A.D. 2026-Apr-03 12:24:05.0000,69.185634,-191391258.4289014,-214006200.2869806,-88572209.5052187,17.57627081189548,-4.065063767104076,-2.469662384319848,2026-04-03T12:22:55.814384
2461134.017418982, A.D. 2026-Apr-03 12:25:05.0000,69.185634,-191390203.8243166,-214006444.195073,-88572357.68792063,17.57632737846901,-4.065000612567328,-2.46963624466698,2026-04-03T12:23:55.814421
2461134.018113426, A.D. 2026-Apr-03 12:26:05.0000,69.185634,-191389149.2163377,-214006688.0993761,-88572505.86905414,17.57638394498798,-4.06493745767085,-2.469610104851239,2026-04-03T12:24:55.814377
2461134.01880787, A.D. 2026-Apr-03 12:27:05.0000,69.185634,-191388094.6049647,-214006931.9998898,-88572654.04861923,17.57644051145238,-4.064874302414638,-2.469583964872621,2026-04-03T12:25:55.814333
2461134.019502315, A.D. 2026-Apr-03 12:28:05.0000,69.185634,-191387039.9901976,-214007175.8966141,-88572802.22661586,17.57649707786221,-4.06481114679869,-2.469557824731127,2026-04-03T12:26:55.814410
2461134.020196759, A.D. 2026-Apr-03 12:29:05.0000,69.185634,-191385985.3720365,-214007419.7895489,-88572950.40304404,17.57655364421746,-4.064747990823001,-2.469531684426757,2026-04-03T12:27:55.814366
2461134.020891204, A.D. 2026-Apr-03 12:30:05.0000,69.185634,-191384930.7504813,-214007663.6786943,-88573098.57790376,17.57661021051814,-4.064684834487572,-2.469505543959507,2026-04-03T12:28:55.814403
2461134.021585648, A.D. 2026-Apr-03 12:31:05.0000,69.185634,-191383876.1255321,-214007907.5640501,-88573246.75119501,17.57666677676426,-4.064621677792398,-2.469479403329377,2026-04-03T12:29:55.814359
2461134.022280093, A.D. 2026-Apr-03 12:32:05.0000,69.185634,-191382821.4971867,-214008151.445617,-88573394.92291808,17.5767233429559,-4.064558520737352,-2.469453262536314,2026-04-03T12:30:55.814396
2461134.022974537, A.D. 2026-Apr-03 12:33:05.0000,69.185634,-191381766.8654493,-214008395.3233938,-88573543.09307234,17.57677990909287,-4.064495363322681,-2.469427121580421,2026-04-03T12:31:55.814392
2461134.023668982, A.D. 2026-Apr-03 12:34:05.0000,69.185634,-191380712.2303179,-214008639.1973811,-88573691.26165813,17.57683647517525,-4.064432205548259,-2.469400980461645,2026-04-03T12:32:55.814429
2461134.024363426, A.D. 2026-Apr-03 12:35:05.0000,69.185634,-191379657.5917903,-214008883.0675793,-88573839.42867567,17.57689304120317,-4.064369047413956,-2.469374839179932,2026-04-03T12:33:55.814385
2461134.02505787, A.D. 2026-Apr-03 12:36:05.0000,69.185634,-191378602.9498688,-214009126.9339879,-88573987.59412472,17.57694960717651,-4.064305888919898,-2.469348697735333,2026-04-03T12:34:55.814341
2461134.025752315, A.D. 2026-Apr-03 12:37:05.0000,69.185634,-191377548.3045552,-214009370.7966063,-88574135.75800492,17.57700617309516,-4.064242730066204,-2.469322556127898,2026-04-03T12:35:55.814378
2461134.026446759, A.D. 2026-Apr-03 12:38:05.0000,69.185634,-191376493.6558455,-214009614.6554357,-88574283.92031687,17.57706273895933,-4.064179570852622,-2.469296414357524,2026-04-03T12:36:55.814334
2461134.027141204, A.D. 2026-Apr-03 12:39:05.0000,69.185634,-191375439.0037418,-214009858.5104754,-88574432.0810603,17.57711930476893,-4.064116411279277,-2.46927027242426,2026-04-03T12:37:55.814411
2461134.027835648, A.D. 2026-Apr-03 12:40:05.0000,69.185634,-191374384.3482461,-214010102.3617249,-88574580.24023485,17.57717587052383,-4.064053251346287,-2.469244130328158,2026-04-03T12:38:55.814367
2461134.028530092, A.D. 2026-Apr-03 12:41:05.0000,69.185634,-191373329.6893544,-214010346.2091852,-88574728.39784114,17.57723243622426,-4.063990091053403,-2.469217988069111,2026-04-03T12:39:55.814323
2461134.029224537, A.D. 2026-Apr-03 12:42:05.0000,69.185634,-191372275.0270686,-214010590.0528558,-88574876.55387883,17.5772890018701,-4.063926930400748,-2.469191845647172,2026-04-03T12:40:55.814360
2461134.029918981, A.D. 2026-Apr-03 12:43:05.0000,69.185634,-191371220.3613887,-214010833.8927366,-88575024.70834795,17.57734556746135,-4.063863769388316,-2.469165703062339,2026-04-03T12:41:55.814316
2461134.030613426, A.D. 2026-Apr-03 12:44:05.0000,69.185634,-191370165.6923149,-214011077.7288277,-88575172.86124845,17.57740213299802,-4.063800608016107,-2.46913956031461,2026-04-03T12:42:55.814393
2461134.031307871, A.D. 2026-Apr-03 12:45:05.0000,69.185634,-191369111.019847,-214011321.5611289,-88575321.01258035,17.5774586984801,-4.063737446284118,-2.469113417403984,2026-04-03T12:43:55.814430
2461134.032002315, A.D. 2026-Apr-03 12:46:05.0000,69.185634,-191368056.3439851,-214011565.3896404,-88575469.16234364,17.57751526390759,-4.063674284192346,-2.469087274330462,2026-04-03T12:44:55.814386
2461134.032696759, A.D. 2026-Apr-03 12:47:05.0000,69.185634,-191367001.6647292,-214011809.214362,-88575617.31053828,17.57757182928048,-4.063611121740789,-2.46906113109404,2026-04-03T12:45:55.814342
2461134.033391204, A.D. 2026-Apr-03 12:48:05.0000,69.185634,-191365946.9820772,-214012053.0352943,-88575765.4571646,17.57762839459889,-4.063547958929318,-2.469034987694666,2026-04-03T12:46:55.814419
2461134.034085648, A.D. 2026-Apr-03 12:49:05.0000,69.185634,-191364892.2960333,-214012296.8524362,-88575913.60222195,17.5776849598626,-4.063484795758181,-2.469008844132442,2026-04-03T12:47:55.814375
2461134.034780093, A.D. 2026-Apr-03 12:50:05.0000,69.185634,-191363837.6065954,-214012540.6657882,-88576061.74571067,17.57774152507172,-4.063421632227253,-2.468982700407316,2026-04-03T12:48:55.814412
2461134.035474537, A.D. 2026-Apr-03 12:51:05.0000,69.185634,-191362782.9137615,-214012784.4753508,-88576209.887631,17.57779809022635,-4.063358468336402,-2.468956556519234,2026-04-03T12:49:55.814368
2461134.036168981, A.D. 2026-Apr-03 12:52:05.0000,69.185634,-191361728.2175356,-214013028.2811229,-88576358.02798235,17.57785465532627,-4.063295304085879,-2.4689304124683,2026-04-03T12:50:55.814324
2461134.036863426, A.D. 2026-Apr-03 12:53:05.0000,69.185634,-191360673.5179136,-214013272.0831056,-88576506.16676533,17.57791122037171,-4.06323213947543,-2.468904268254407,2026-04-03T12:51:55.814401
2461134.03755787, A.D. 2026-Apr-03 12:54:05.0000,69.185634,-191359618.8148997,-214013515.8812978,-88576654.3039793,17.57796778536243,-4.063168974505302,-2.468878123877659,2026-04-03T12:52:55.814357
2461134.038252315, A.D. 2026-Apr-03 12:55:05.0000,69.185634,-191358564.1084898,-214013759.6757005,-88576802.43962486,17.57802435029867,-4.063105809175244,-2.46885197933795,2026-04-03T12:53:55.814394
2461134.038946759, A.D. 2026-Apr-03 12:56:05.0000,69.185634,-191357509.3986858,-214014003.4663131,-88576950.57370172,17.5780809151803,-4.063042643485377,-2.468825834635332,2026-04-03T12:54:55.814350
2461134.039641204, A.D. 2026-Apr-03 12:57:05.0000,69.185634,-191356454.6854901,-214014247.2531352,-88577098.70620956,17.57813748000722,-4.062979477435825,-2.468799689769855,2026-04-03T12:55:55.814387
2461134.040335648, A.D. 2026-Apr-03 12:58:05.0000,69.185634,-191355399.9688982,-214014491.0361678,-88577246.83714893,17.57819404477964,-4.062916311026333,-2.468773544741414,2026-04-03T12:56:55.814383
2461134.041030093, A.D. 2026-Apr-03 12:59:05.0000,69.185634,-191354345.2489123,-214014734.8154102,-88577394.96651956,17.57825060949747,-4.062853144257025,-2.46874739955006,2026-04-03T12:57:55.814420
2461134.041724537, A.D. 2026-Apr-03 13:00:05.0000,69.185634,-191353290.5255325,-214014978.5908625,-88577543.09432144,17.57830717416068,-4.062789977127898,-2.468721254195791,2026-04-03T12:58:55.814376
2461134.042418981, A.D. 2026-Apr-03 13:01:05.0000,69.185634,-191352235.7987587,-214015222.3625247,-88577691.22055456,17.57836373876929,-4.06272680963895,-2.468695108678607,2026-04-03T12:59:55.814332
2461134.043113426, A.D. 2026-Apr-03 13:02:05.0000,69.185634,-191351181.068591,-214015466.1303968,-88577839.3452189,17.57842030332329,-4.062663641790178,-2.468668962998505,2026-04-03T13:00:55.814369
2461134.04380787, A.D. 2026-Apr-03 13:03:05.0000,69.185634,-191350126.3350293,-214015709.8944786,-88577987.46831445,17.57847686782268,-4.06260047358158,-2.468642817155486,2026-04-03T13:01:55.814325
2461134.044502315, A.D. 2026-Apr-03 13:04:05.0000,69.185634,-191349071.5980737,-214015953.6547703,-88578135.58984123,17.57853343226746,-4.062537305013152,-2.468616671149548,2026-04-03T13:02:55.814402
2461134.045196759, A.D. 2026-Apr-03 13:05:05.0000,69.185634,-191348016.857722,-214016197.4112723,-88578283.70979948,17.57858999665774,-4.062474136084768,-2.468590524980638,2026-04-03T13:03:55.814358
2461134.045891204, A.D. 2026-Apr-03 13:06:05.0000,69.185634,-191346962.1139784,-214016441.1639835,-88578431.82818861,17.5786465609933,-4.062410966796675,-2.468564378648857,2026-04-03T13:04:55.814395
2461134.046585648, A.D. 2026-Apr-03 13:07:05.0000,69.185634,-191345907.3668409,-214016684.9129044,-88578579.94500892,17.57870312527423,-4.062347797148745,-2.468538232154155,2026-04-03T13:05:55.814351
2461134.047280093, A.D. 2026-Apr-03 13:08:05.0000,69.185634,-191344852.6163074,-214016928.6580355,-88578728.0602607,17.57875968950068,-4.062284627140849,-2.468512085496476,2026-04-03T13:06:55.814428
2461134.047974537, A.D. 2026-Apr-03 13:09:05.0000,69.185634,-191343797.862382,-214017172.3993759,-88578876.17394334,17.57881625367239,-4.062221456773238,-2.468485938675923,2026-04-03T13:07:55.814384
2461134.048668982, A.D. 2026-Apr-03 13:10:05.0000,69.185634,-191342743.1050627,-214017416.1369259,-88579024.28605713,17.57887281778948,-4.062158286045783,-2.468459791692445,2026-04-03T13:08:55.814421
2461134.049363426, A.D. 2026-Apr-03 13:11:05.0000,69.185634,-191341688.3443474,-214017659.8706861,-88579172.39660235,17.57892938185206,-4.062095114958355,-2.468433644545987,2026-04-03T13:09:55.814377
2461134.05005787, A.D. 2026-Apr-03 13:12:05.0000,69.185634,-191340633.5802381,-214017903.6006559,-88579320.5055787,17.57898594586003,-4.062031943511077,-2.468407497236601,2026-04-03T13:10:55.814333
2461134.050752315, A.D. 2026-Apr-03 13:13:05.0000,69.185634,-191339578.812737,-214018147.3268348,-88579468.61298585,17.57904250981326,-4.061968771704072,-2.468381349764337,2026-04-03T13:11:55.814410
2461134.051446759, A.D. 2026-Apr-03 13:14:05.0000,69.185634,-191338524.0418399,-214018391.0492237,-88579616.71882443,17.57909907371198,-4.061905599537088,-2.468355202129089,2026-04-03T13:12:55.814366
2461134.052141204, A.D. 2026-Apr-03 13:15:05.0000,69.185634,-191337469.2675489,-214018634.7678222,-88579764.82309407,17.57915563755608,-4.061842427010246,-2.468329054330909,2026-04-03T13:13:55.814403
2461134.052835648, A.D. 2026-Apr-03 13:16:05.0000,69.185634,-191336414.489864,-214018878.4826303,-88579912.92579484,17.57921220134556,-4.061779254123544,-2.468302906369796,2026-04-03T13:14:55.814359
2461134.053530093, A.D. 2026-Apr-03 13:17:05.0000,69.185634,-191335359.7087851,-214019122.1936479,-88580061.02692665,17.57926876508041,-4.061716080876979,-2.468276758245747,2026-04-03T13:15:55.814396
2461134.054224537, A.D. 2026-Apr-03 13:18:05.0000,69.185634,-191334304.9243124,-214019365.900875,-88580209.12648956,17.57932532876063,-4.061652907270551,-2.468250609958764,2026-04-03T13:16:55.814392
2461134.054918982, A.D. 2026-Apr-03 13:19:05.0000,69.185634,-191333250.1364457,-214019609.6043116,-88580357.22448352,17.57938189238623,-4.061589733304253,-2.468224461508843,2026-04-03T13:17:55.814429
2461134.055613426, A.D. 2026-Apr-03 13:20:05.0000,69.185634,-191332195.3451851,-214019853.3039576,-88580505.3209085,17.57943845595719,-4.061526558978087,-2.468198312895984,2026-04-03T13:18:55.814385
2461134.05630787, A.D. 2026-Apr-03 13:21:05.0000,69.185634,-191331140.5505307,-214020096.9998131,-88580653.41576456,17.57949501947353,-4.061463384292048,-2.468172164120186,2026-04-03T13:19:55.814341
2461134.057002315, A.D. 2026-Apr-03 13:22:05.0000,69.185634,-191330085.7524823,-214020340.691878,-88580801.50905162,17.57955158293523,-4.061400209246132,-2.468146015181447,2026-04-03T13:20:55.814378
2461134.057696759, A.D. 2026-Apr-03 13:23:05.0000,69.185634,-191329030.9510401,-214020584.3801523,-88580949.60076973,17.57960814634231,-4.061337033840339,-2.468119866079765,2026-04-03T13:21:55.814334
2461134.058391204, A.D. 2026-Apr-03 13:24:05.0000,69.185634,-191327976.1462039,-214020828.0646359,-88581097.6909188,17.57966470969475,-4.061273858074666,-2.468093716815142,2026-04-03T13:22:55.814411
2461134.059085648, A.D. 2026-Apr-03 13:25:05.0000,69.185634,-191326921.3379718,-214021071.7453294,-88581245.77949922,17.57972127299266,-4.061210681948985,-2.468067567387522,2026-04-03T13:23:55.814367
2461134.059780092, A.D. 2026-Apr-03 13:26:05.0000,69.185634,-191325866.5263479,-214021315.4222316,-88581393.8665103,17.57977783623583,-4.061147505463544,-2.468041417797008,2026-04-03T13:24:55.814323
2461134.060474537, A.D. 2026-Apr-03 13:27:05.0000,69.185634,-191324811.711328,-214021559.0953438,-88581541.95195265,17.57983439942448,-4.061084328618088,-2.468015268043497,2026-04-03T13:25:55.814360
2461134.061168981, A.D. 2026-Apr-03 13:28:05.0000,69.185634,-191323756.8929164,-214021802.7646646,-88581690.0358257,17.57989096255837,-4.061021151412867,-2.467989118127089,2026-04-03T13:26:55.814316
2461134.061863426, A.D. 2026-Apr-03 13:29:05.0000,69.185634,-191322702.0711087,-214022046.4301953,-88581838.11812998,17.57994752563774,-4.060957973847628,-2.46796296804768,2026-04-03T13:27:55.814393
2461134.062557871, A.D. 2026-Apr-03 13:30:05.0000,69.185634,-191321647.2459093,-214022290.0919347,-88581986.19886495,17.58000408866236,-4.06089479592262,-2.467936817805373,2026-04-03T13:28:55.814430
2461134.063252315, A.D. 2026-Apr-03 13:31:05.0000,69.185634,-191320592.417314,-214022533.7498838,-88582134.27803114,17.58006065163245,-4.060831617637586,-2.467910667400063,2026-04-03T13:29:55.814386
2461134.063946759, A.D. 2026-Apr-03 13:32:05.0000,69.185634,-191319537.5853247,-214022777.4040421,-88582282.35562825,17.58011721454789,-4.060768438992651,-2.4678845168318,2026-04-03T13:30:55.814342
2461134.064641204, A.D. 2026-Apr-03 13:33:05.0000,69.185634,-191318482.7499417,-214023021.0544095,-88582430.43165629,17.58017377740869,-4.060705259987813,-2.467858366100584,2026-04-03T13:31:55.814419
2461134.065335648, A.D. 2026-Apr-03 13:34:05.0000,69.185634,-191317427.9111647,-214023264.7009862,-88582578.50611524,17.58023034021485,-4.060642080623069,-2.467832215206413,2026-04-03T13:32:55.814375
2461134.066030093, A.D. 2026-Apr-03 13:35:05.0000,69.185634,-191316373.068996,-214023508.3437714,-88582726.5790048,17.58028690296625,-4.060578900898542,-2.467806064149337,2026-04-03T13:33:55.814412
2461134.066724537, A.D. 2026-Apr-03 13:36:05.0000,69.185634,-191315318.2234314,-214023751.9827663,-88582874.65032552,17.58034346566311,-4.060515720813978,-2.467779912929252,2026-04-03T13:34:55.814368
2461134.067418981, A.D. 2026-Apr-03 13:37:05.0000,69.185634,-191314263.3744729,-214023995.6179703,-88583022.72007716,17.58040002830532,-4.0604525403695,-2.46775376154621,2026-04-03T13:35:55.814324
2461134.068113426, A.D. 2026-Apr-03 13:38:05.0000,69.185634,-191313208.5221185,-214024239.2493837,-88583170.78825995,17.580456590893,-4.060389359564981,-2.467727610000154,2026-04-03T13:36:55.814401
2461134.06880787, A.D. 2026-Apr-03 13:39:05.0000,69.185634,-191312153.6663723,-214024482.8770058,-88583318.85487331,17.58051315342592,-4.060326178400667,-2.467701458291191,2026-04-03T13:37:55.814357
2461134.069502315, A.D. 2026-Apr-03 13:40:05.0000,69.185634,-191311098.8072323,-214024726.5008369,-88583466.91991752,17.58056971590418,-4.060262996876433,-2.467675306419265,2026-04-03T13:38:55.814394
2461134.070196759, A.D. 2026-Apr-03 13:41:05.0000,69.185634,-191310043.9446985,-214024970.120877,-88583614.9833926,17.5806262783278,-4.060199814992274,-2.467649154384377,2026-04-03T13:39:55.814350
2461134.070891204, A.D. 2026-Apr-03 13:42:05.0000,69.185634,-191308989.0787687,-214025213.7371266,-88583763.04529877,17.58068284069686,-4.060136632748064,-2.467623002186471,2026-04-03T13:40:55.814387
2461134.071585648, A.D. 2026-Apr-03 13:43:05.0000,69.185634,-191307934.2094472,-214025457.3495846,-88583911.1056355,17.58073940301117,-4.060073450144049,-2.467596849825652,2026-04-03T13:41:55.814383
2461134.072280093, A.D. 2026-Apr-03 13:44:05.0000,69.185634,-191306879.3367319,-214025700.9582516,-88584059.164403,17.58079596527081,-4.060010267180103,-2.467570697301866,2026-04-03T13:42:55.814420
2461134.072974537, A.D. 2026-Apr-03 13:45:05.0000,69.185634,-191305824.4606206,-214025944.5631279,-88584207.22160164,17.58085252747592,-4.059947083856096,-2.467544544615061,2026-04-03T13:43:55.814376
2461134.073668981, A.D. 2026-Apr-03 13:46:05.0000,69.185634,-191304769.5811177,-214026188.1642127,-88584355.27723075,17.58090908962625,-4.059883900172279,-2.467518391765338,2026-04-03T13:44:55.814332
2461134.074363426, A.D. 2026-Apr-03 13:47:05.0000,69.185634,-191303714.6982188,-214026431.7615068,-88584503.33129096,17.58096565172203,-4.059820716128397,-2.467492238752592,2026-04-03T13:45:55.814369
2461134.07505787, A.D. 2026-Apr-03 13:48:05.0000,69.185634,-191302659.8119262,-214026675.3550098,-88584651.38378195,17.58102221376316,-4.059757531724572,-2.467466085576876,2026-04-03T13:46:55.814325
2461134.075752315, A.D. 2026-Apr-03 13:49:05.0000,69.185634,-191301604.9222418,-214026918.9447211,-88584799.4347034,17.5810787757495,-4.059694346960929,-2.467439932238238,2026-04-03T13:47:55.814402
2461134.076446759, A.D. 2026-Apr-03 13:50:05.0000,69.185634,-191300550.0291615,-214027162.5306418,-88584947.4840559,17.58113533768131,-4.059631161837213,-2.467413778736575,2026-04-03T13:48:55.814358
2461134.077141204, A.D. 2026-Apr-03 13:51:05.0000,69.185634,-191299495.1326874,-214027406.1127712,-88585095.53183913,17.58119189955844,-4.059567976353546,-2.467387625071936,2026-04-03T13:49:55.814395
2461134.077835648, A.D. 2026-Apr-03 13:52:05.0000,69.185634,-191298440.2328196,-214027649.6911093,-88585243.57805312,17.58124846138091,-4.059504790509926,-2.467361471244321,2026-04-03T13:50:55.814351
2461134.078530093, A.D. 2026-Apr-03 13:53:05.0000,69.185634,-191297385.3295579,-214027893.2656563,-88585391.62269782,17.58130502314871,-4.059441604306353,-2.467335317253728,2026-04-03T13:51:55.814428
2461134.079224537, A.D. 2026-Apr-03 13:54:05.0000,69.185634,-191296330.4229024,-214028136.8364119,-88585539.66577324,17.58136158486185,-4.059378417742822,-2.467309163100157,2026-04-03T13:52:55.814384
2461134.079918982, A.D. 2026-Apr-03 13:55:05.0000,69.185634,-191295275.5128531,-214028380.4033762,-88585687.70727938,17.58141814652032,-4.059315230819331,-2.467283008783606,2026-04-03T13:53:55.814421
2461134.080613426, A.D. 2026-Apr-03 13:56:05.0000,69.185634,-191294220.5994101,-214028623.9665492,-88585835.7472162,17.58147470812412,-4.059252043535878,-2.467256854304074,2026-04-03T13:54:55.814377
2461134.08130787, A.D. 2026-Apr-03 13:57:05.0000,69.185634,-191293165.6825733,-214028867.5259309,-88585983.78558372,17.58153126967325,-4.059188855892459,-2.467230699661559,2026-04-03T13:55:55.814333
2461134.082002315, A.D. 2026-Apr-03 13:58:05.0000,69.185634,-191292110.7623427,-214029111.0815212,-88586131.8223819,17.5815878311677,-4.059125667889073,-2.467204544856061,2026-04-03T13:56:55.814410
2461134.082696759, A.D. 2026-Apr-03 13:59:05.0000,69.185634,-191291055.8387163,-214029354.6333206,-88586279.85761105,17.5816443926076,-4.05906247952559,-2.467178389887526,2026-04-03T13:57:55.814366
2461134.083391204, A.D. 2026-Apr-03 14:00:05.0000,69.185634,-191290000.9116981,-214029598.1813281,-88586427.89127055,17.5817009539927,-4.05899929080226,-2.467152234756058,2026-04-03T13:58:55.814403
2461134.084085648, A.D. 2026-Apr-03 14:01:05.0000,69.185634,-191288945.9812862,-214029841.7255442,-88586575.92336072,17.58175751532314,-4.058936101718955,-2.467126079461602,2026-04-03T13:59:55.814359
2461134.084780093, A.D. 2026-Apr-03 14:02:05.0000,69.185634,-191287891.0474785,-214030085.2659693,-88586723.95388182,17.58181407659901,-4.058872912275546,-2.467099924004106,2026-04-03T14:00:55.814396
2461134.085474537, A.D. 2026-Apr-03 14:03:05.0000,69.185634,-191286836.1102791,-214030328.8026024,-88586871.98283324,17.58187063782009,-4.058809722472282,-2.467073768383673,2026-04-03T14:01:55.814392
2461134.086168982, A.D. 2026-Apr-03 14:04:05.0000,69.185634,-191285781.1696838,-214030572.3354446,-88587020.01021558,17.5819271989866,-4.058746532308909,-2.467047612600197,2026-04-03T14:02:55.814429
2461134.086863426, A.D. 2026-Apr-03 14:05:05.0000,69.185634,-191284726.2256947,-214030815.8644952,-88587168.03602852,17.58198376009843,-4.058683341785551,-2.467021456653729,2026-04-03T14:03:55.814385
2461134.08755787, A.D. 2026-Apr-03 14:06:05.0000,69.185634,-191283671.2783141,-214031059.3897538,-88587316.06027177,17.58204032115547,-4.05862015090233,-2.46699530054432,2026-04-03T14:04:55.814341
2461134.088252315, A.D. 2026-Apr-03 14:07:05.0000,69.185634,-191282616.3275375,-214031302.9112214,-88587464.08294591,17.58209688215794,-4.058556959658993,-2.466969144271866,2026-04-03T14:05:55.814378
2461134.088946759, A.D. 2026-Apr-03 14:08:05.0000,69.185634,-191281561.3733672,-214031546.4288973,-88587612.10405064,17.58215344310573,-4.058493768055662,-2.466942987836415,2026-04-03T14:06:55.814334
2461134.089641204, A.D. 2026-Apr-03 14:09:05.0000,69.185634,-191280506.4158032,-214031789.9427816,-88587760.12358591,17.58221000399883,-4.058430576092335,-2.466916831237968,2026-04-03T14:07:55.814411
2461134.090335648, A.D. 2026-Apr-03 14:10:05.0000,69.185634,-191279451.4548455,-214032033.4528744,-88587908.14155175,17.58226656483725,-4.058367383769009,-2.466890674476523,2026-04-03T14:08:55.814367
2461134.091030092, A.D. 2026-Apr-03 14:11:05.0000,69.185634,-191278396.490494,-214032276.9591754,-88588056.15794814,17.58232312562098,-4.058304191085682,-2.46686451755208,2026-04-03T14:09:55.814323
2461134.091724537, A.D. 2026-Apr-03 14:12:05.0000,69.185634,-191277341.5227488,-214032520.4616848,-88588204.17277509,17.58237968635002,-4.058240998042352,-2.466838360464636,2026-04-03T14:10:55.814360
2461134.092418981, A.D. 2026-Apr-03 14:13:05.0000,69.185634,-191276286.5516098,-214032763.9604025,-88588352.18603253,17.58243624702437,-4.058177804639016,-2.466812203214191,2026-04-03T14:11:55.814316
2461134.093113426, A.D. 2026-Apr-03 14:14:05.0000,69.185634,-191275231.5770772,-214033007.4553286,-88588500.19772053,17.58249280764403,-4.058114610875669,-2.466786045800744,2026-04-03T14:12:55.814393
2461134.093807871, A.D. 2026-Apr-03 14:15:05.0000,69.185634,-191274176.5991507,-214033250.9464628,-88588648.20783901,17.58254936820901,-4.058051416752312,-2.466759888224292,2026-04-03T14:13:55.814430
2461134.094502315, A.D. 2026-Apr-03 14:16:05.0000,69.185634,-191273121.6178306,-214033494.4338053,-88588796.21638802,17.58260592871929,-4.057988222268941,-2.466733730484836,2026-04-03T14:14:55.814386
2461134.095196759, A.D. 2026-Apr-03 14:17:05.0000,69.185634,-191272066.6331147,-214033737.9173566,-88588944.2233678,17.58266248917499,-4.057925027425427,-2.466707572582322,2026-04-03T14:15:55.814342
2461134.095891204, A.D. 2026-Apr-03 14:18:05.0000,69.185634,-191271011.6450072,-214033981.3971155,-88589092.22877775,17.58271904957588,-4.057861832222021,-2.466681414516852,2026-04-03T14:16:55.814419
2461134.096585648, A.D. 2026-Apr-03 14:19:05.0000,69.185634,-191269956.6535038,-214034224.8730831,-88589240.2326185,17.58277560992219,-4.057798636658466,-2.466655256288321,2026-04-03T14:17:55.814375
2461134.097280093, A.D. 2026-Apr-03 14:20:05.0000,69.185634,-191268901.6586089,-214034468.3452584,-88589388.23488939,17.58283217021369,-4.057735440735014,-2.466629097896833,2026-04-03T14:18:55.814412
2461134.097974537, A.D. 2026-Apr-03 14:21:05.0000,69.185634,-191267846.6603181,-214034711.8136423,-88589536.23559102,17.5828887304506,-4.057672244451408,-2.466602939342283,2026-04-03T14:19:55.814368
2461134.098668981, A.D. 2026-Apr-03 14:22:05.0000,69.185634,-191266791.6586358,-214034955.2782339,-88589684.23472282,17.5829452906327,-4.057609047807899,-2.466576780624772,2026-04-03T14:20:55.814324
2461134.099363426, A.D. 2026-Apr-03 14:23:05.0000,69.185634,-191265736.6535576,-214035198.739034,-88589832.23228535,17.58300185076022,-4.057545850804232,-2.466550621744196,2026-04-03T14:21:55.814401
2461134.10005787, A.D. 2026-Apr-03 14:24:05.0000,69.185634,-191264681.6450858,-214035442.1960422,-88589980.2282783,17.58305841083303,-4.057482653440531,-2.466524462700606,2026-04-03T14:22:55.814357
2461134.100752315, A.D. 2026-Apr-03 14:25:05.0000,69.185634,-191263626.6332224,-214035685.6492579,-88590128.22270136,17.58311497085103,-4.057419455716918,-2.466498303494051,2026-04-03T14:23:55.814394
2461134.101446759, A.D. 2026-Apr-03 14:26:05.0000,69.185634,-191262571.6179632,-214035929.0986822,-88590276.21555512,17.58317153081444,-4.057356257633139,-2.466472144124428,2026-04-03T14:24:55.814350
2461134.102141204, A.D. 2026-Apr-03 14:27:05.0000,69.185634,-191261516.5993103,-214036172.5443145,-88590424.20683926,17.58322809072314,-4.05729305918932,-2.466445984591787,2026-04-03T14:25:55.814387
2461134.102835648, A.D. 2026-Apr-03 14:28:05.0000,69.185634,-191260461.5772637,-214036415.9861548,-88590572.1965538,17.58328465057713,-4.057229860385454,-2.466419824896127,2026-04-03T14:26:55.814383
2461134.103530093, A.D. 2026-Apr-03 14:29:05.0000,69.185634,-191259406.5518235,-214036659.424203,-88590720.1846987,17.58334121037642,-4.057166661221541,-2.466393665037447,2026-04-03T14:27:55.814420
2461134.104224537, A.D. 2026-Apr-03 14:30:05.0000,69.185634,-191258351.5229895,-214036902.8584592,-88590868.17127398,17.583397770121,-4.057103461697579,-2.466367505015744,2026-04-03T14:28:55.814376
2461134.104918981, A.D. 2026-Apr-03 14:31:05.0000,69.185634,-191257296.490762,-214037146.2889233,-88591016.15627961,17.58345432981087,-4.057040261813563,-2.466341344831019,2026-04-03T14:29:55.814332
2461134.105613426, A.D. 2026-Apr-03 14:32:05.0000,69.185634,-191256241.4551407,-214037389.7155953,-88591164.13971558,17.58351088944604,-4.056977061569492,-2.46631518448327,2026-04-03T14:30:55.814369
2461134.10630787, A.D. 2026-Apr-03 14:33:05.0000,69.185634,-191255186.4161237,-214037633.1384757,-88591312.12158218,17.5835674490266,-4.05691386096524,-2.466289023972444,2026-04-03T14:31:55.814325
2461134.107002315, A.D. 2026-Apr-03 14:34:05.0000,69.185634,-191254131.3737151,-214037876.5575634,-88591460.1018788,17.58362400855233,-4.056850660001051,-2.466262863298643,2026-04-03T14:32:55.814402
2461134.107696759, A.D. 2026-Apr-03 14:35:05.0000,69.185634,-191253076.3279129,-214038119.972859,-88591608.08060576,17.58368056802336,-4.0567874586768,-2.466236702461815,2026-04-03T14:33:55.814358
2461134.108391204, A.D. 2026-Apr-03 14:36:05.0000,69.185634,-191252021.2787149,-214038363.3843628,-88591756.05776331,17.58373712743978,-4.056724256992357,-2.466210541461907,2026-04-03T14:34:55.814395
2461134.109085648, A.D. 2026-Apr-03 14:37:05.0000,69.185634,-191250966.2261254,-214038606.792074,-88591904.03335084,17.58379368680137,-4.056661054947973,-2.46618438029902,2026-04-03T14:35:55.814351
2461134.109780093, A.D. 2026-Apr-03 14:38:05.0000,69.185634,-191249911.1701401,-214038850.1959934,-88592052.00736898,17.58385024610836,-4.056597852543392,-2.46615821897305,2026-04-03T14:36:55.814428
2461134.110474537, A.D. 2026-Apr-03 14:39:05.0000,69.185634,-191248856.1107633,-214039093.5961201,-88592199.97981708,17.58390680536051,-4.056534649778864,-2.4661320574841,2026-04-03T14:37:55.814384
2461134.111168982, A.D. 2026-Apr-03 14:40:05.0000,69.185634,-191247801.0479908,-214039336.992455,-88592347.95069575,17.58396336455806,-4.056471446654133,-2.466105895832064,2026-04-03T14:38:55.814421
2461134.111863426, A.D. 2026-Apr-03 14:41:05.0000,69.185634,-191246745.9818267,-214039580.3849972,-88592495.9200044,17.58401992370078,-4.056408243169452,-2.466079734017045,2026-04-03T14:39:55.814377
2461134.11255787, A.D. 2026-Apr-03 14:42:05.0000,69.185634,-191245690.9122669,-214039823.7737474,-88592643.88774355,17.58407648278888,-4.056345039324563,-2.466053572038939,2026-04-03T14:40:55.814333
2461134.113252315, A.D. 2026-Apr-03 14:43:05.0000,69.185634,-191244635.8393134,-214040067.1587054,-88592791.85391296,17.58413304182227,-4.056281835119592,-2.466027409897796,2026-04-03T14:41:55.814410
2461134.113946759, A.D. 2026-Apr-03 14:44:05.0000,69.185634,-191243580.7629663,-214040310.539871,-88592939.8185126,17.58418960080092,-4.056218630554533,-2.466001247593614,2026-04-03T14:42:55.814366
2461134.114641204, A.D. 2026-Apr-03 14:45:05.0000,69.185634,-191242525.6832256,-214040553.9172443,-88593087.78154245,17.58424615972486,-4.056155425629386,-2.465975085126393,2026-04-03T14:43:55.814403
2461134.115335648, A.D. 2026-Apr-03 14:46:05.0000,69.185634,-191241470.6000913,-214040797.2908251,-88593235.74300252,17.58430271859407,-4.056092220344149,-2.465948922496131,2026-04-03T14:44:55.814359
2461134.116030093, A.D. 2026-Apr-03 14:47:05.0000,69.185634,-191240415.5135634,-214041040.6606134,-88593383.70289277,17.58435927740855,-4.056029014698817,-2.465922759702828,2026-04-03T14:45:55.814396
2461134.116724537, A.D. 2026-Apr-03 14:48:05.0000,69.185634,-191239360.4236418,-214041284.0266094,-88593531.66121322,17.5844158361683,-4.055965808693389,-2.465896596746481,2026-04-03T14:46:55.814392
2461134.117418982, A.D. 2026-Apr-03 14:49:05.0000,69.185634,-191238305.3303266,-214041527.3888129,-88593679.61796385,17.58447239487332,-4.055902602327863,-2.46587043362709,2026-04-03T14:47:55.814429
2461134.118113426, A.D. 2026-Apr-03 14:50:05.0000,69.185634,-191237250.2336179,-214041770.7472239,-88593827.57314463,17.58452895352361,-4.055839395602234,-2.465844270344654,2026-04-03T14:48:55.814385
2461134.11880787, A.D. 2026-Apr-03 14:51:05.0000,69.185634,-191236195.1335134,-214042014.1018429,-88593975.52675587,17.58458551211928,-4.055776188516377,-2.465818106899119,2026-04-03T14:49:55.814341
2461134.119502315, A.D. 2026-Apr-03 14:52:05.0000,69.185634,-191235140.0300175,-214042257.4526688,-88594123.47879696,17.58464207066011,-4.055712981070539,-2.465791943290588,2026-04-03T14:50:55.814378
2461134.120196759, A.D. 2026-Apr-03 14:53:05.0000,69.185634,-191234084.9231279,-214042500.7997022,-88594271.42926821,17.5846986291462,-4.055649773264592,-2.465765779519008,2026-04-03T14:51:55.814334
2461134.120891204, A.D. 2026-Apr-03 14:54:05.0000,69.185634,-191233029.8128427,-214042744.1429435,-88594419.37816988,17.58475518757767,-4.055586565098407,-2.465739615584326,2026-04-03T14:52:55.814411
2461134.121585648, A.D. 2026-Apr-03 14:55:05.0000,69.185634,-191231974.6991659,-214042987.4823917,-88594567.32550135,17.58481174595429,-4.055523356572233,-2.465713451486645,2026-04-03T14:53:55.814367
2461134.122280092, A.D. 2026-Apr-03 14:56:05.0000,69.185634,-191230919.5820935,-214043230.8180479,-88594715.27126324,17.58486830427628,-4.055460147685817,-2.465687287225859,2026-04-03T14:54:55.814323
2461134.122974537, A.D. 2026-Apr-03 14:57:05.0000,69.185634,-191229864.4616296,-214043474.1499108,-88594863.21545494,17.58492486254342,-4.055396938439407,-2.465661122802071,2026-04-03T14:55:55.814360
2461134.123668981, A.D. 2026-Apr-03 14:58:05.0000,69.185634,-191228809.33777,-214043717.4779816,-88595011.15807702,17.58498142075594,-4.05533372883275,-2.465634958215176,2026-04-03T14:56:55.814316
2461134.124363426, A.D. 2026-Apr-03 14:59:05.0000,69.185634,-191227754.2105168,-214043960.8022597,-88595159.09912919,17.58503797891371,-4.055270518865968,-2.465608793465226,2026-04-03T14:57:55.814393
2461134.125057871, A.D. 2026-Apr-03 15:00:05.0000,69.185634,-191226699.0798721,-214044204.1227446,-88595307.03861111,17.58509453701663,-4.055207308539185,-2.46558262855227,2026-04-03T14:58:55.814430
2461134.125752315, A.D. 2026-Apr-03 15:01:05.0000,69.185634,-191225643.9458318,-214044447.4394373,-88595454.9765234,17.58515109506492,-4.055144097852145,-2.465556463476203,2026-04-03T14:59:55.814386
2461134.126446759, A.D. 2026-Apr-03 15:02:05.0000,69.185634,-191224588.8083979,-214044690.7523372,-88595602.91286574,17.58520765305847,-4.055080886804975,-2.465530298237076,2026-04-03T15:00:55.814342
2461134.127141204, A.D. 2026-Apr-03 15:03:05.0000,69.185634,-191223533.6675705,-214044934.0614444,-88595750.84763812,17.58526421099727,-4.055017675397669,-2.465504132834889,2026-04-03T15:01:55.814419
2461134.127835648, A.D. 2026-Apr-03 15:04:05.0000,69.185634,-191222478.5233495,-214045177.3667588,-88595898.78084053,17.58532076888132,-4.054954463630225,-2.465477967269639,2026-04-03T15:02:55.814375
2461134.128530093, A.D. 2026-Apr-03 15:05:05.0000,69.185634,-191221423.3757349,-214045420.6682803,-88596046.71247298,17.58537732671062,-4.054891251502642,-2.465451801541327,2026-04-03T15:03:55.814412
2461134.129224537, A.D. 2026-Apr-03 15:06:05.0000,69.185634,-191220368.2247268,-214045663.9660091,-88596194.64253542,17.58543388448517,-4.054828039014917,-2.46542563564995,2026-04-03T15:04:55.814368
2461134.129918981, A.D. 2026-Apr-03 15:07:05.0000,69.185634,-191219313.0703251,-214045907.2599449,-88596342.57102787,17.58549044220498,-4.054764826167045,-2.465399469595507,2026-04-03T15:05:55.814324
2461134.130613426, A.D. 2026-Apr-03 15:08:05.0000,69.185634,-191218257.9125278,-214046150.5500884,-88596490.4979506,17.58554699987014,-4.054701612958902,-2.465373303377945,2026-04-03T15:06:55.814401
2461134.13130787, A.D. 2026-Apr-03 15:09:05.0000,69.185634,-191217202.7513391,-214046393.8364385,-88596638.42330302,17.58560355748045,-4.054638399390734,-2.465347136997367,2026-04-03T15:07:55.814357
2461134.132002315, A.D. 2026-Apr-03 15:10:05.0000,69.185634,-191216147.5867568,-214046637.1189956,-88596786.34708543,17.58566011503599,-4.054575185462412,-2.46532097045372,2026-04-03T15:08:55.814394
2461134.132696759, A.D. 2026-Apr-03 15:11:05.0000,69.185634,-191215092.4187788,-214046880.3977604,-88596934.26929808,17.5857166725369,-4.054511971173809,-2.46529480374695,2026-04-03T15:09:55.814350
2461134.133391204, A.D. 2026-Apr-03 15:12:05.0000,69.185634,-191214037.2474095,-214047123.6727316,-88597082.1899404,17.58577322998293,-4.054448756525174,-2.465268636877161,2026-04-03T15:10:55.814387
2461134.134085648, A.D. 2026-Apr-03 15:13:05.0000,69.185634,-191212982.0726445,-214047366.9439104,-88597230.10901295,17.58582978737433,-4.054385541516254,-2.465242469844247,2026-04-03T15:11:55.814383
2461134.134780093, A.D. 2026-Apr-03 15:14:05.0000,69.185634,-191211926.894488,-214047610.2112956,-88597378.02651513,17.58588634471085,-4.054322326147294,-2.465216302648311,2026-04-03T15:12:55.814420
2461134.135474537, A.D. 2026-Apr-03 15:15:05.0000,69.185634,-191210871.712936,-214047853.4748884,-88597525.94244753,17.58594290199272,-4.054259110418045,-2.465190135289248,2026-04-03T15:13:55.814376
2461134.136168981, A.D. 2026-Apr-03 15:16:05.0000,69.185634,-191209816.5279925,-214048096.7346876,-88597673.85680956,17.58599945921972,-4.054195894328752,-2.46516396776716,2026-04-03T15:14:55.814332
2461134.136863426, A.D. 2026-Apr-03 15:17:05.0000,69.185634,-191208761.3396534,-214048339.9906942,-88597821.76960178,17.58605601639208,-4.054132677879163,-2.465137800081942,2026-04-03T15:15:55.814369
2461134.13755787, A.D. 2026-Apr-03 15:18:05.0000,69.185634,-191207706.1479208,-214048583.2429077,-88597969.6808239,17.58611257350967,-4.054069461069401,-2.465111632233646,2026-04-03T15:16:55.814325
2461134.138252315, A.D. 2026-Apr-03 15:19:05.0000,69.185634,-191206650.9527947,-214048826.4913281,-88598117.5904759,17.58616913057249,-4.054006243899463,-2.46508546422227,2026-04-03T15:17:55.814402
2461134.138946759, A.D. 2026-Apr-03 15:20:05.0000,69.185634,-191205595.7542751,-214049069.7359553,-88598265.49855778,17.58622568758055,-4.053943026369346,-2.465059296047813,2026-04-03T15:18:55.814358
2461134.139641204, A.D. 2026-Apr-03 15:21:05.0000,69.185634,-191204540.552362,-214049312.9767894,-88598413.40506952,17.58628224453385,-4.053879808479048,-2.465033127710273,2026-04-03T15:19:55.814395
2461134.140335648, A.D. 2026-Apr-03 15:22:05.0000,69.185634,-191203485.3470553,-214049556.2138304,-88598561.31001113,17.58633880143238,-4.053816590228566,-2.46500695920965,2026-04-03T15:20:55.814351
2461134.141030093, A.D. 2026-Apr-03 15:23:05.0000,69.185634,-191202430.1383552,-214049799.447078,-88598709.21338257,17.58639535827614,-4.053753371617899,-2.464980790545942,2026-04-03T15:21:55.814428
2461134.141724537, A.D. 2026-Apr-03 15:24:05.0000,69.185634,-191201374.9262616,-214050042.6765325,-88598857.11518385,17.58645191506513,-4.053690152647041,-2.464954621719148,2026-04-03T15:22:55.814384
2461134.142418982, A.D. 2026-Apr-03 15:25:05.0000,69.185634,-191200319.7107745,-214050285.9021938,-88599005.01541495,17.58650847179934,-4.053626933315993,-2.464928452729267,2026-04-03T15:23:55.814421
2461134.143113426, A.D. 2026-Apr-03 15:26:05.0000,69.185634,-191199264.4918939,-214050529.1240618,-88599152.91407587,17.58656502847879,-4.053563713624751,-2.464902283576297,2026-04-03T15:24:55.814377
2461134.14380787, A.D. 2026-Apr-03 15:27:05.0000,69.185634,-191198209.2696177,-214050772.3421369,-88599300.81116688,17.58662158510358,-4.053500493573186,-2.464876114260186,2026-04-03T15:25:55.814333
2461134.144502315, A.D. 2026-Apr-03 15:28:05.0000,69.185634,-191197154.0439501,-214051015.5564183,-88599448.70668742,17.58667814167348,-4.053437273161549,-2.464849944781037,2026-04-03T15:26:55.814410
2461134.145196759, A.D. 2026-Apr-03 15:29:05.0000,69.185634,-191196098.814887,-214051258.7669069,-88599596.60063802,17.58673469818872,-4.053374052389583,-2.464823775138743,2026-04-03T15:27:55.814366
2461134.145891204, A.D. 2026-Apr-03 15:30:05.0000,69.185634,-191195043.5824324,-214051501.9736016,-88599744.4930181,17.58679125464907,-4.05331083125754,-2.464797605333408,2026-04-03T15:28:55.814403
2461134.146585648, A.D. 2026-Apr-03 15:31:05.0000,69.185634,-191193988.3465824,-214051745.1765034,-88599892.38382825,17.58684781105475,-4.053247609765164,-2.464771435364927,2026-04-03T15:29:55.814359
2461134.147280093, A.D. 2026-Apr-03 15:32:05.0000,69.185634,-191192933.1073409,-214051988.3756113,-88600040.27306786,17.58690436740554,-4.053184387912705,-2.464745265233403,2026-04-03T15:30:55.814396
2461134.147974537, A.D. 2026-Apr-03 15:33:05.0000,69.185634,-191191877.8647039,-214052231.5709263,-88600188.16073751,17.58696092370167,-4.053121165699906,-2.464719094938729,2026-04-03T15:31:55.814392
2461134.148668982, A.D. 2026-Apr-03 15:34:05.0000,69.185634,-191190822.6186734,-214052474.7624478,-88600336.04683691,17.58701747994302,-4.053057943126894,-2.464692924480959,2026-04-03T15:32:55.814429
2461134.149363426, A.D. 2026-Apr-03 15:35:05.0000,69.185634,-191189767.3692515,-214052717.9501755,-88600483.93136573,17.58707403612947,-4.052994720193791,-2.464666753860141,2026-04-03T15:33:55.814385
2461134.15005787, A.D. 2026-Apr-03 15:36:05.0000,69.185634,-191188712.1164341,-214052961.1341101,-88600631.81432457,17.58713059226125,-4.052931496900341,-2.46464058307617,2026-04-03T15:34:55.814341
2461134.150752315, A.D. 2026-Apr-03 15:37:05.0000,69.185634,-191187656.8602233,-214053204.3142512,-88600779.69571312,17.58718714833824,-4.052868273246671,-2.464614412129098,2026-04-03T15:35:55.814378
2461134.151446759, A.D. 2026-Apr-03 15:38:05.0000,69.185634,-191186601.600619,-214053447.4905987,-88600927.57553135,17.58724370436045,-4.052805049232775,-2.464588241018924,2026-04-03T15:36:55.814334
2461134.152141204, A.D. 2026-Apr-03 15:39:05.0000,69.185634,-191185546.3376212,-214053690.6631528,-88601075.4537793,17.58730026032788,-4.052741824858651,-2.464562069745646,2026-04-03T15:37:55.814411
2461134.152835648, A.D. 2026-Apr-03 15:40:05.0000,69.185634,-191184491.0712301,-214053933.8319132,-88601223.3304569,17.58735681624051,-4.052678600124298,-2.464535898309262,2026-04-03T15:38:55.814367
2461134.153530092, A.D. 2026-Apr-03 15:41:05.0000,69.185634,-191183435.8014454,-214054176.9968801,-88601371.20556417,17.58741337209836,-4.052615375029712,-2.464509726709773,2026-04-03T15:39:55.814323
2461134.154224537, A.D. 2026-Apr-03 15:42:05.0000,69.185634,-191182380.5282674,-214054420.1580533,-88601519.07910112,17.58746992790141,-4.052552149574891,-2.464483554947176,2026-04-03T15:40:55.814360
2461134.154918981, A.D. 2026-Apr-03 15:43:05.0000,69.185634,-191181325.2516959,-214054663.315433,-88601666.95106772,17.58752648364968,-4.052488923759832,-2.46445738302147,2026-04-03T15:41:55.814316
2461134.155613426, A.D. 2026-Apr-03 15:44:05.0000,69.185634,-191180269.9717288,-214054906.4690194,-88601814.82146423,17.58758303934327,-4.052425697584407,-2.464431210932603,2026-04-03T15:42:55.814393
2461134.156307871, A.D. 2026-Apr-03 15:45:05.0000,69.185634,-191179214.6883705,-214055149.6188117,-88601962.69029008,17.58763959498195,-4.052362471048865,-2.464405038680677,2026-04-03T15:43:55.814430
2461134.157002315, A.D. 2026-Apr-03 15:46:05.0000,69.185634,-191178159.4016187,-214055392.7648103,-88602110.55754556,17.58769615056583,-4.052299244153078,-2.464378866265638,2026-04-03T15:44:55.814386
2461134.157696759, A.D. 2026-Apr-03 15:47:05.0000,69.185634,-191177104.1114714,-214055635.9070157,-88602258.42323095,17.58775270609503,-4.052236016896916,-2.464352693687434,2026-04-03T15:45:55.814342
2461134.158391204, A.D. 2026-Apr-03 15:48:05.0000,69.185634,-191176048.8179328,-214055879.0454268,-88602406.28734563,17.58780926156933,-4.052172789280632,-2.464326520946168,2026-04-03T15:46:55.814419
2461134.159085648, A.D. 2026-Apr-03 15:49:05.0000,69.185634,-191174993.5209987,-214056122.1800447,-88602554.14989021,17.58786581698894,-4.052109561303966,-2.464300348041734,2026-04-03T15:47:55.814375
2461134.159780093, A.D. 2026-Apr-03 15:50:05.0000,69.185634,-191173938.2206712,-214056365.3108687,-88602702.01086436,17.58792237235375,-4.052046332967046,-2.464274174974183,2026-04-03T15:48:55.814412
2461134.160474537, A.D. 2026-Apr-03 15:51:05.0000,69.185634,-191172882.9169523,-214056608.4378985,-88602849.8702678,17.58797892766365,-4.051983104269993,-2.464248001743565,2026-04-03T15:49:55.814368
2461134.161168981, A.D. 2026-Apr-03 15:52:05.0000,69.185634,-191171827.609838,-214056851.5611349,-88602997.72810109,17.58803548291885,-4.051919875212553,-2.464221828349777,2026-04-03T15:50:55.814324
2461134.161863426, A.D. 2026-Apr-03 15:53:05.0000,69.185634,-191170772.2993303,-214057094.6805775,-88603145.58436394,17.58809203811926,-4.051856645794851,-2.464195654792868,2026-04-03T15:51:55.814401
2461134.16255787, A.D. 2026-Apr-03 15:54:05.0000,69.185634,-191169716.9854291,-214057337.7962262,-88603293.43905632,17.58814859326486,-4.051793416016882,-2.464169481072837,2026-04-03T15:52:55.814357
2461134.163252315, A.D. 2026-Apr-03 15:55:05.0000,69.185634,-191168661.6681346,-214057580.9080811,-88603441.29217823,17.58820514835566,-4.051730185878645,-2.464143307189683,2026-04-03T15:53:55.814394
2461134.163946759, A.D. 2026-Apr-03 15:56:05.0000,69.185634,-191167606.3474467,-214057824.0161419,-88603589.14372967,17.58826170339164,-4.051666955380136,-2.464117133143406,2026-04-03T15:54:55.814350
2461134.164641204, A.D. 2026-Apr-03 15:57:05.0000,69.185634,-191166551.0233654,-214058067.1204089,-88603736.99371062,17.58831825837283,-4.051603724521353,-2.464090958934003,2026-04-03T15:55:55.814387
2461134.165335648, A.D. 2026-Apr-03 15:58:05.0000,69.185634,-191165495.6958908,-214058310.2208819,-88603884.84212108,17.58837481329921,-4.051540493302295,-2.464064784561473,2026-04-03T15:56:55.814383
2461134.166030093, A.D. 2026-Apr-03 15:59:05.0000,69.185634,-191164440.3650227,-214058553.3175609,-88604032.68896103,17.58843136817077,-4.051477261722958,-2.464038610025816,2026-04-03T15:57:55.814420
2461134.166724537, A.D. 2026-Apr-03 16:00:05.0000,69.185634,-191163385.0307612,-214058796.410446,-88604180.53423046,17.58848792298753,-4.051414029783339,-2.464012435327029,2026-04-03T15:58:55.814376
2461134.167418981, A.D. 2026-Apr-03 16:01:05.0000,69.185634,-191162329.6931064,-214059039.499537,-88604328.37792936,17.58854447774947,-4.051350797483436,-2.463986260465113,2026-04-03T15:59:55.814332
2461134.168113426, A.D. 2026-Apr-03 16:02:05.0000,69.185634,-191161274.3520561,-214059282.5848344,-88604476.22005802,17.58860103245672,-4.05128756482312,-2.463960085440013,2026-04-03T16:00:55.814369
2461134.16880787, A.D. 2026-Apr-03 16:03:05.0000,69.185634,-191160219.0076146,-214059525.6663373,-88604624.06061584,17.58865758710904,-4.051224331802643,-2.463933910251833,2026-04-03T16:01:55.814325
2461134.169502315, A.D. 2026-Apr-03 16:04:05.0000,69.185634,-191159163.6597797,-214059768.7440461,-88604771.8996031,17.58871414170654,-4.051161098421872,-2.46390773490052,2026-04-03T16:02:55.814402
2461134.170196759, A.D. 2026-Apr-03 16:05:05.0000,69.185634,-191158108.3085493,-214060011.8179612,-88604919.73702009,17.58877069624934,-4.051097864680681,-2.463881559386019,2026-04-03T16:03:55.814358
2461134.170891204, A.D. 2026-Apr-03 16:06:05.0000,69.185634,-191157052.9539277,-214060254.8880818,-88605067.57286622,17.58882725073721,-4.05103463057932,-2.463855383708435,2026-04-03T16:04:55.814395
2461134.171585648, A.D. 2026-Apr-03 16:07:05.0000,69.185634,-191155997.5959106,-214060497.9544087,-88605215.40714206,17.58888380517037,-4.050971396117534,-2.463829207867661,2026-04-03T16:05:55.814351
2461134.172280093, A.D. 2026-Apr-03 16:08:05.0000,69.185634,-191154942.2345002,-214060741.0169414,-88605363.23984729,17.58894035954872,-4.050908161295445,-2.463803031863749,2026-04-03T16:06:55.814428
2461134.172974537, A.D. 2026-Apr-03 16:09:05.0000,69.185634,-191153886.8696985,-214060984.0756795,-88605511.07098162,17.58899691387213,-4.050844926113178,-2.46377685569675,2026-04-03T16:07:55.814384
2461134.173668982, A.D. 2026-Apr-03 16:10:05.0000,69.185634,-191152831.5015014,-214061227.1306237,-88605658.90054564,17.58905346814083,-4.050781690570477,-2.463750679366557,2026-04-03T16:08:55.814421
2461134.174363426, A.D. 2026-Apr-03 16:11:05.0000,69.185634,-191151776.1299109,-214061470.1817738,-88605806.72853903,17.58911002235471,-4.050718454667468,-2.463724502873222,2026-04-03T16:09:55.814377
2461134.17505787, A.D. 2026-Apr-03 16:12:05.0000,69.185634,-191150720.7549271,-214061713.2291296,-88605954.5549618,17.58916657651377,-4.050655218404145,-2.463698326216745,2026-04-03T16:10:55.814333
2461134.175752315, A.D. 2026-Apr-03 16:13:05.0000,69.185634,-191149665.37655,-214061956.2726911,-88606102.37981391,17.589223130618,-4.050591981780508,-2.463672149397123,2026-04-03T16:11:55.814410
2461134.176446759, A.D. 2026-Apr-03 16:14:05.0000,69.185634,-191148609.9947796,-214062199.3124583,-88606250.20309538,17.5892796846674,-4.050528744796553,-2.463645972414355,2026-04-03T16:12:55.814366
2461134.177141204, A.D. 2026-Apr-03 16:15:05.0000,69.185634,-191147554.6096158,-214062442.3484312,-88606398.02480617,17.58933623866198,-4.050465507452278,-2.463619795268441,2026-04-03T16:13:55.814403
2461134.177835648, A.D. 2026-Apr-03 16:16:05.0000,69.185634,-191146499.2210586,-214062685.3806098,-88606545.8449463,17.58939279260172,-4.050402269747682,-2.463593617959378,2026-04-03T16:14:55.814359
2461134.178530093, A.D. 2026-Apr-03 16:17:05.0000,69.185634,-191145443.8291082,-214062928.408994,-88606693.66351573,17.58944934648664,-4.050339031682759,-2.463567440487167,2026-04-03T16:15:55.814396
2461134.179224537, A.D. 2026-Apr-03 16:18:05.0000,69.185634,-191144388.4337645,-214063171.4335837,-88606841.48051448,17.58950590031673,-4.050275793257509,-2.463541262851805,2026-04-03T16:16:55.814392
2461134.179918982, A.D. 2026-Apr-03 16:19:05.0000,69.185634,-191143333.0350274,-214063414.4543791,-88606989.29594253,17.58956245409198,-4.050212554471928,-2.463515085053292,2026-04-03T16:17:55.814429
2461134.180613426, A.D. 2026-Apr-03 16:20:05.0000,69.185634,-191142277.6328949,-214063657.4713805,-88607137.10980016,17.58961900781252,-4.050149315325889,-2.463488907091573,2026-04-03T16:18:55.814385
2461134.18130787, A.D. 2026-Apr-03 16:21:05.0000,69.185634,-191141222.2273712,-214063900.484587,-88607284.92208676,17.58967556147811,-4.050086075819641,-2.463462728966753,2026-04-03T16:19:55.814341
2461134.182002315, A.D. 2026-Apr-03 16:22:05.0000,69.185634,-191140166.8184521,-214064143.4939995,-88607432.73280294,17.58973211508897,-4.050022835952928,-2.463436550678726,2026-04-03T16:20:55.814378
2461134.182696759, A.D. 2026-Apr-03 16:23:05.0000,69.185634,-191139111.4061419,-214064386.499617,-88607580.54194808,17.58978866864489,-4.049959595726,-2.463410372227595,2026-04-03T16:21:55.814334
2461134.183391204, A.D. 2026-Apr-03 16:24:05.0000,69.185634,-191138055.9904362,-214064629.5014404,-88607728.34952275,17.58984522214608,-4.049896355138604,-2.463384193613254,2026-04-03T16:22:55.814411
2461134.184085648, A.D. 2026-Apr-03 16:25:05.0000,69.185634,-191137000.5713393,-214064872.4994689,-88607876.15552637,17.58990177559231,-4.049833114190988,-2.463358014835806,2026-04-03T16:23:55.814367
2461134.184780092, A.D. 2026-Apr-03 16:26:05.0000,69.185634,-191135945.148847,-214065115.4937032,-88608023.95995952,17.58995832898383,-4.049769872882897,-2.463331835895147,2026-04-03T16:24:55.814323
2461134.185474537, A.D. 2026-Apr-03 16:27:05.0000,69.185634,-191134889.7229615,-214065358.484143,-88608171.76282188,17.5900148823205,-4.049706631214456,-2.463305656791326,2026-04-03T16:25:55.814360
2461134.186168981, A.D. 2026-Apr-03 16:28:05.0000,69.185634,-191133834.2936827,-214065601.4707882,-88608319.56411345,17.59007143560233,-4.049643389185661,-2.463279477524344,2026-04-03T16:26:55.814316
2461134.186863426, A.D. 2026-Apr-03 16:29:05.0000,69.185634,-191132778.8610126,-214065844.4536383,-88608467.36383395,17.5901279888292,-4.049580146796636,-2.463253298094249,2026-04-03T16:27:55.814393
2461134.187557871, A.D. 2026-Apr-03 16:30:05.0000,69.185634,-191131723.4249472,-214066087.4326942,-88608615.1619839,17.59018454200134,-4.049516904047127,-2.463227118500938,2026-04-03T16:28:55.814430
2461134.188252315, A.D. 2026-Apr-03 16:31:05.0000,69.185634,-191130667.9854886,-214066330.4079554,-88608762.95856304,17.59024109511863,-4.049453660937256,-2.463200938744461,2026-04-03T16:29:55.814386
2461134.188946759, A.D. 2026-Apr-03 16:32:05.0000,69.185634,-191129612.5426367,-214066573.3794219,-88608910.75357135,17.59029764818108,-4.049390417467022,-2.463174758824818,2026-04-03T16:30:55.814342
2461134.189641204, A.D. 2026-Apr-03 16:33:05.0000,69.185634,-191128557.0963914,-214066816.3470937,-88609058.54700883,17.59035420118868,-4.049327173636421,-2.463148578742005,2026-04-03T16:31:55.814419
2461134.190335648, A.D. 2026-Apr-03 16:34:05.0000,69.185634,-191127501.646753,-214067059.3109708,-88609206.33887546,17.59041075414143,-4.049263929445451,-2.463122398496024,2026-04-03T16:32:55.814375
2461134.191030093, A.D. 2026-Apr-03 16:35:05.0000,69.185634,-191126446.1937191,-214067302.2710536,-88609354.1291715,17.59046730703945,-4.049200684893984,-2.46309621808682,2026-04-03T16:33:55.814412
2461134.191724537, A.D. 2026-Apr-03 16:36:05.0000,69.185634,-191125390.7372941,-214067545.2273411,-88609501.9178964,17.5905238598825,-4.049137439982269,-2.463070037514496,2026-04-03T16:34:55.814368
2461134.192418981, A.D. 2026-Apr-03 16:37:05.0000,69.185634,-191124335.2774759,-214067788.1798338,-88609649.70505042,17.59058041267069,-4.049074194710178,-2.463043856778999,2026-04-03T16:35:55.814324
2461134.193113426, A.D. 2026-Apr-03 16:38:05.0000,69.185634,-191123279.8142623,-214068031.1285322,-88609797.49063385,17.59063696540415,-4.049010949077581,-2.463017675880276,2026-04-03T16:36:55.814401
2461134.19380787, A.D. 2026-Apr-03 16:39:05.0000,69.185634,-191122224.3476575,-214068274.0734353,-88609945.27464607,17.59069351808263,-4.048947703084728,-2.462991494818429,2026-04-03T16:37:55.814357
2461134.194502315, A.D. 2026-Apr-03 16:40:05.0000,69.185634,-191121168.8776596,-214068517.0145435,-88610093.05708739,17.59075007070627,-4.048884456731491,-2.462965313593407,2026-04-03T16:38:55.814394
2461134.195196759, A.D. 2026-Apr-03 16:41:05.0000,69.185634,-191120113.4042662,-214068759.9518573,-88610240.83795808,17.59080662327516,-4.04882121001774,-2.462939132205153,2026-04-03T16:39:55.814350
2461134.195891204, A.D. 2026-Apr-03 16:42:05.0000,69.185634,-191119057.9274796,-214069002.8853762,-88610388.61725785,17.59086317578919,-4.048757962943601,-2.462912950653722,2026-04-03T16:40:55.814387
2461134.196585648, A.D. 2026-Apr-03 16:43:05.0000,69.185634,-191118002.4473019,-214069245.8150997,-88610536.39498639,17.59091972824825,-4.048694715509195,-2.462886768939162,2026-04-03T16:41:55.814383
2461134.197280093, A.D. 2026-Apr-03 16:44:05.0000,69.185634,-191116946.9637289,-214069488.7410287,-88610684.17114428,17.59097628065256,-4.04863146771427,-2.462860587061368,2026-04-03T16:42:55.814420
2461134.197974537, A.D. 2026-Apr-03 16:45:05.0000,69.185634,-191115891.4767627,-214069731.6631627,-88610831.9457312,17.59103283300201,-4.048568219558947,-2.462834405020393,2026-04-03T16:43:55.814376
2461134.198668981, A.D. 2026-Apr-03 16:46:05.0000,69.185634,-191114835.9864053,-214069974.5815012,-88610979.71874687,17.59108938529648,-4.048504971043349,-2.462808222816284,2026-04-03T16:44:55.814332
2461134.199363426, A.D. 2026-Apr-03 16:47:05.0000,69.185634,-191113780.4926525,-214070217.4960452,-88611127.49019185,17.5911459375362,-4.048441722167224,-2.46278204044894,2026-04-03T16:45:55.814369
2461134.20005787, A.D. 2026-Apr-03 16:48:05.0000,69.185634,-191112724.9955066,-214070460.4067942,-88611275.26006584,17.59120248972106,-4.048378472930693,-2.46275585791841,2026-04-03T16:46:55.814325
2461134.200752315, A.D. 2026-Apr-03 16:49:05.0000,69.185634,-191111669.4949675,-214070703.3137481,-88611423.02836885,17.59125904185105,-4.048315223333756,-2.462729675224692,2026-04-03T16:47:55.814402
2461134.201446759, A.D. 2026-Apr-03 16:50:05.0000,69.185634,-191110613.9910351,-214070946.2169069,-88611570.79510082,17.59131559392617,-4.048251973376408,-2.462703492367785,2026-04-03T16:48:55.814358
2461134.202141204, A.D. 2026-Apr-03 16:51:05.0000,69.185634,-191109558.4837095,-214071189.1162707,-88611718.5602618,17.59137214594643,-4.048188723058646,-2.462677309347689,2026-04-03T16:49:55.814395
2461134.202835648, A.D. 2026-Apr-03 16:52:05.0000,69.185634,-191108502.9729887,-214071432.0118397,-88611866.32385205,17.59142869791193,-4.048125472380344,-2.462651126164349,2026-04-03T16:50:55.814351
2461134.203530093, A.D. 2026-Apr-03 16:53:05.0000,69.185634,-191107447.4588767,-214071674.9036132,-88612014.08587095,17.59148524982244,-4.048062221341751,-2.46262494281787,2026-04-03T16:51:55.814428
2461134.204224537, A.D. 2026-Apr-03 16:54:05.0000,69.185634,-191106391.9413715,-214071917.7915915,-88612161.84631883,17.59154180167808,-4.047998969942737,-2.462598759308197,2026-04-03T16:52:55.814384
2461134.204918982, A.D. 2026-Apr-03 16:55:05.0000,69.185634,-191105336.4204731,-214072160.6757746,-88612309.60519564,17.59159835347885,-4.0479357181833,-2.462572575635331,2026-04-03T16:53:55.814421
2461134.205613426, A.D. 2026-Apr-03 16:56:05.0000,69.185634,-191104280.8961795,-214072403.556163,-88612457.36250168,17.59165490522486,-4.047872466063311,-2.462546391799216,2026-04-03T16:54:55.814377
2461134.20630787, A.D. 2026-Apr-03 16:57:05.0000,69.185634,-191103225.3684947,-214072646.4327556,-88612605.11823636,17.59171145691588,-4.047809213583021,-2.462520207799956,2026-04-03T16:55:55.814333
2461134.207002315, A.D. 2026-Apr-03 16:58:05.0000,69.185634,-191102169.8374147,-214072889.3055535,-88612752.87240024,17.59176800855214,-4.047745960742174,-2.462494023637447,2026-04-03T16:56:55.814410
2461134.207696759, A.D. 2026-Apr-03 16:59:05.0000,69.185634,-191101114.3029436,-214073132.1745556,-88612900.62499273,17.59182456013341,-4.04768270754102,-2.46246783931179,2026-04-03T16:57:55.814366
2461134.208391204, A.D. 2026-Apr-03 17:00:05.0000,69.185634,-191100058.7650772,-214073375.0397629,-88613048.37601443,17.59188111165991,-4.047619453979303,-2.46244165482288,2026-04-03T16:58:55.814403
2461134.209085648, A.D. 2026-Apr-03 17:01:05.0000,69.185634,-191099003.2238176,-214073617.9011749,-88613196.12546499,17.59193766313153,-4.047556200057149,-2.462415470170769,2026-04-03T16:59:55.814359
2461134.209780093, A.D. 2026-Apr-03 17:02:05.0000,69.185634,-191097947.679167,-214073860.758791,-88613343.87334414,17.59199421454816,-4.047492945774678,-2.462389285355508,2026-04-03T17:00:55.814396
2461134.210474537, A.D. 2026-Apr-03 17:03:05.0000,69.185634,-191096892.1311211,-214074103.6126123,-88613491.61965246,17.59205076591001,-4.047429691131639,-2.46236310037699,2026-04-03T17:01:55.814392
2461134.211168982, A.D. 2026-Apr-03 17:04:05.0000,69.185634,-191095836.579682,-214074346.4626381,-88613639.36438963,17.59210731721699,-4.047366436128154,-2.462336915235266,2026-04-03T17:02:55.814429
2461134.211863426, A.D. 2026-Apr-03 17:05:05.0000,69.185634,-191094781.0248498,-214074589.3088686,-88613787.10755564,17.59216386846908,-4.047303180764221,-2.462310729930337,2026-04-03T17:03:55.814385
2461134.21255787, A.D. 2026-Apr-03 17:06:05.0000,69.185634,-191093725.4666244,-214074832.1513037,-88613934.84915051,17.59222041966629,-4.047239925039834,-2.4622845444622,2026-04-03T17:04:55.814341
2461134.213252315, A.D. 2026-Apr-03 17:07:05.0000,69.185634,-191092669.9050058,-214075074.9899433,-88614082.58917418,17.59227697080861,-4.047176668954996,-2.462258358830854,2026-04-03T17:05:55.814378
2461134.213946759, A.D. 2026-Apr-03 17:08:05.0000,69.185634,-191091614.3399941,-214075317.8247874,-88614230.32762668,17.59233352189604,-4.0471134125097,-2.462232173036298,2026-04-03T17:06:55.814334
2461134.214641204, A.D. 2026-Apr-03 17:09:05.0000,69.185634,-191090558.7715892,-214075560.655836,-88614378.06450799,17.59239007292858,-4.047050155703945,-2.462205987078531,2026-04-03T17:07:55.814411
2461134.215335648, A.D. 2026-Apr-03 17:10:05.0000,69.185634,-191089503.1997913,-214075803.4830891,-88614525.79981808,17.59244662390623,-4.046986898537729,-2.462179800957552,2026-04-03T17:08:55.814367
2461134.216030092, A.D. 2026-Apr-03 17:11:05.0000,69.185634,-191088447.6246001,-214076046.3065467,-88614673.53355698,17.59250317482899,-4.046923641011049,-2.462153614673358,2026-04-03T17:09:55.814323
2461134.216724537, A.D. 2026-Apr-03 17:12:05.0000,69.185634,-191087392.0460137,-214076289.1262092,-88614821.26572494,17.59255972569697,-4.046860383123776,-2.462127428225899,2026-04-03T17:10:55.814360
2461134.217418981, A.D. 2026-Apr-03 17:13:05.0000,69.185634,-191086336.4640363,-214076531.9420757,-88614968.99632138,17.59261627650994,-4.04679712487616,-2.462101241615275,2026-04-03T17:11:55.814316
2461134.218113426, A.D. 2026-Apr-03 17:14:05.0000,69.185634,-191085280.8786663,-214076774.7541464,-88615116.72534648,17.59267282726799,-4.04673386626811,-2.462075054841451,2026-04-03T17:12:55.814393
2461134.218807871, A.D. 2026-Apr-03 17:15:05.0000,69.185634,-191084225.2899006,-214077017.5624221,-88615264.45280072,17.59272937797129,-4.046670607299422,-2.462048867904339,2026-04-03T17:13:55.814430
2461134.219502315, A.D. 2026-Apr-03 17:16:05.0000,69.185634,-191083169.6977437,-214077260.3669017,-88615412.1786834,17.59278592861958,-4.046607347970383,-2.46202268080406,2026-04-03T17:14:55.814386
2461134.220196759, A.D. 2026-Apr-03 17:17:05.0000,69.185634,-191082114.1021917,-214077503.1675861,-88615559.90299512,17.59284247921308,-4.046544088280737,-2.461996493540509,2026-04-03T17:15:55.814342
2461134.220891204, A.D. 2026-Apr-03 17:18:05.0000,69.185634,-191081058.5032466,-214077745.9644748,-88615707.62573554,17.59289902975168,-4.04648082823061,-2.461970306113735,2026-04-03T17:16:55.814419
2461134.221585648, A.D. 2026-Apr-03 17:19:05.0000,69.185634,-191080002.9009104,-214077988.7575673,-88615855.34690438,17.59295558023528,-4.046417567820124,-2.461944118523791,2026-04-03T17:17:55.814375
2461134.222280093, A.D. 2026-Apr-03 17:20:05.0000,69.185634,-191078947.295179,-214078231.5468645,-88616003.06650223,17.59301213066407,-4.046354307049024,-2.46191793077057,2026-04-03T17:18:55.814412
2461134.222974537, A.D. 2026-Apr-03 17:21:05.0000,69.185634,-191077891.6860545,-214078474.332366,-88616150.78452875,17.59306868103797,-4.046291045917435,-2.461891742854124,2026-04-03T17:19:55.814368
2461134.223668981, A.D. 2026-Apr-03 17:22:05.0000,69.185634,-191076836.073537,-214078717.1140718,-88616298.50098395,17.59312523135697,-4.046227784425354,-2.46186555477445,2026-04-03T17:20:55.814324
2461134.224363426, A.D. 2026-Apr-03 17:23:05.0000,69.185634,-191075780.4576262,-214078959.8919817,-88616446.21586783,17.59318178162106,-4.046164522572777,-2.461839366531549,2026-04-03T17:21:55.814401
2461134.22505787, A.D. 2026-Apr-03 17:24:05.0000,69.185634,-191074724.8383224,-214079202.6660958,-88616593.92918037,17.59323833183024,-4.046101260359703,-2.46181317812542,2026-04-03T17:22:55.814357
2461134.225752315, A.D. 2026-Apr-03 17:25:05.0000,69.185634,-191073669.2156255,-214079445.4364141,-88616741.64092156,17.59329488198452,-4.046037997786128,-2.461786989556059,2026-04-03T17:23:55.814394
2461134.226446759, A.D. 2026-Apr-03 17:26:05.0000,69.185634,-191072613.5895355,-214079688.2029365,-88616889.3510914,17.59335143208389,-4.045974734852051,-2.461760800823467,2026-04-03T17:24:55.814350
2461134.227141204, A.D. 2026-Apr-03 17:27:05.0000,69.185634,-191071557.9600525,-214079930.965663,-88617037.05968986,17.59340798212835,-4.045911471557468,-2.461734611927642,2026-04-03T17:25:55.814387
2461134.227835648, A.D. 2026-Apr-03 17:28:05.0000,69.185634,-191070502.3271763,-214080173.7245937,-88617184.76671694,17.5934645321179,-4.045848207902377,-2.461708422868584,2026-04-03T17:26:55.814383
2461134.228530093, A.D. 2026-Apr-03 17:29:05.0000,69.185634,-191069446.6909049,-214080416.4797289,-88617332.47217293,17.59352108205265,-4.045784943886651,-2.461682233646239,2026-04-03T17:27:55.814420
2461134.229224537, A.D. 2026-Apr-03 17:30:05.0000,69.185634,-191068391.0512426,-214080659.2310676,-88617480.17605723,17.59357763193237,-4.045721679510536,-2.461656044260709,2026-04-03T17:28:55.814376
2461134.229918981, A.D. 2026-Apr-03 17:31:05.0000,69.185634,-191067335.4081872,-214080901.9786104,-88617627.87837012,17.59363418175719,-4.045658414773907,-2.461629854711942,2026-04-03T17:29:55.814332
2461134.230613426, A.D. 2026-Apr-03 17:32:05.0000,69.185634,-191066279.7617366,-214081144.7223577,-88617775.5791119,17.59369073152719,-4.045595149676632,-2.461603664999884,2026-04-03T17:30:55.814369
2461134.23130787, A.D. 2026-Apr-03 17:33:05.0000,69.185634,-191065224.1118951,-214081387.4623085,-88617923.27828194,17.59374728124217,-4.045531884218964,-2.461577475124638,2026-04-03T17:31:55.814325
2461134.232002315, A.D. 2026-Apr-03 17:34:05.0000,69.185634,-191064168.4586584,-214081630.1984637,-88618070.97588085,17.59380383090235,-4.045468618400646,-2.4615512850861,2026-04-03T17:32:55.814402
2461134.232696759, A.D. 2026-Apr-03 17:35:05.0000,69.185634,-191063112.8020307,-214081872.9308224,-88618218.671908,17.59386038050749,-4.045405352221928,-2.461525094884371,2026-04-03T17:33:55.814358
2461134.233391204, A.D. 2026-Apr-03 17:36:05.0000,69.185634,-191062057.1420079,-214082115.6593855,-88618366.366364,17.59391693005783,-4.045342085682556,-2.461498904519346,2026-04-03T17:34:55.814395
2461134.234085648, A.D. 2026-Apr-03 17:37:05.0000,69.185634,-191061001.4785919,-214082358.3841525,-88618514.05924852,17.59397347955324,-4.045278818782652,-2.461472713991077,2026-04-03T17:35:55.814351
2461134.234780093, A.D. 2026-Apr-03 17:38:05.0000,69.185634,-191059945.8117851,-214082601.1051229,-88618661.7505613,17.59403002899362,-4.04521555152234,-2.461446523299615,2026-04-03T17:36:55.814428
2461134.235474537, A.D. 2026-Apr-03 17:39:05.0000,69.185634,-191058890.1415831,-214082843.8222976,-88618809.44030288,17.59408657837919,-4.045152283901366,-2.461420332444853,2026-04-03T17:37:55.814384
2461134.236168982, A.D. 2026-Apr-03 17:40:05.0000,69.185634,-191057834.467988,-214083086.5356762,-88618957.12847294,17.59414312770984,-4.045089015919855,-2.461394141426843,2026-04-03T17:38:55.814421
2461134.236863426, A.D. 2026-Apr-03 17:41:05.0000,69.185634,-191056778.7909999,-214083329.2452586,-88619104.81507151,17.59419967698556,-4.045025747577801,-2.461367950245584,2026-04-03T17:39:55.814377
2461134.23755787, A.D. 2026-Apr-03 17:42:05.0000,69.185634,-191055723.1106188,-214083571.9510447,-88619252.50009856,17.59425622620635,-4.044962478875203,-2.461341758901074,2026-04-03T17:40:55.814333
2461134.238252315, A.D. 2026-Apr-03 17:43:05.0000,69.185634,-191054667.4268446,-214083814.6530347,-88619400.1835541,17.59431277537222,-4.044899209812059,-2.461315567393313,2026-04-03T17:41:55.814410
2461134.238946759, A.D. 2026-Apr-03 17:44:05.0000,69.185634,-191053611.7396774,-214084057.3512284,-88619547.86543807,17.59436932448316,-4.044835940388365,-2.461289375722298,2026-04-03T17:42:55.814366
2461134.239641204, A.D. 2026-Apr-03 17:45:05.0000,69.185634,-191052556.0491151,-214084300.0456263,-88619695.54575083,17.59442587353928,-4.044772670603995,-2.461263183887977,2026-04-03T17:43:55.814403
2461134.240335648, A.D. 2026-Apr-03 17:46:05.0000,69.185634,-191051500.3551618,-214084542.7362275,-88619843.2244917,17.59448242254036,-4.044709400459197,-2.461236991890453,2026-04-03T17:44:55.814359
2461134.241030093, A.D. 2026-Apr-03 17:47:05.0000,69.185634,-191050444.6578155,-214084785.4230322,-88619990.90166104,17.5945389714865,-4.044646129953839,-2.461210799729673,2026-04-03T17:45:55.814396
2461134.241724537, A.D. 2026-Apr-03 17:48:05.0000,69.185634,-191049388.9570762,-214085028.1060407,-88620138.5772588,17.59459552037772,-4.044582859087924,-2.461184607405634,2026-04-03T17:46:55.814392
2461134.242418982, A.D. 2026-Apr-03 17:49:05.0000,69.185634,-191048333.2529418,-214085270.7852533,-88620286.25128525,17.5946520692141,-4.044519587861321,-2.461158414918285,2026-04-03T17:47:55.814429
2461134.243113426, A.D. 2026-Apr-03 17:50:05.0000,69.185634,-191047277.5454165,-214085513.460669,-88620433.92373984,17.59470861799545,-4.044456316274278,-2.461132222267727,2026-04-03T17:48:55.814385
2461134.24380787, A.D. 2026-Apr-03 17:51:05.0000,69.185634,-191046221.834496,-214085756.1322889,-88620581.59462309,17.59476516672196,-4.044393044326543,-2.461106029453857,2026-04-03T17:49:55.814341
2461134.244502315, A.D. 2026-Apr-03 17:52:05.0000,69.185634,-191045166.1201847,-214085998.8001118,-88620729.26393446,17.59482171539343,-4.044329772018364,-2.461079836476775,2026-04-03T17:50:55.814378
2461134.245196759, A.D. 2026-Apr-03 17:53:05.0000,69.185634,-191044110.4024782,-214086241.4641387,-88620876.93167448,17.59487826401007,-4.044266499349487,-2.461053643336379,2026-04-03T17:51:55.814334
2461134.245891204, A.D. 2026-Apr-03 17:54:05.0000,69.185634,-191043054.6813788,-214086484.1243692,-88621024.59784289,17.59493481257177,-4.044203226320035,-2.461027450032717,2026-04-03T17:52:55.814411
2461134.246585648, A.D. 2026-Apr-03 17:55:05.0000,69.185634,-191041998.9568863,-214086726.7808032,-88621172.26243964,17.59499136107853,-4.044139952930005,-2.461001256565789,2026-04-03T17:53:55.814367
2461134.247280092, A.D. 2026-Apr-03 17:56:05.0000,69.185634,-191040943.2290029,-214086969.4334402,-88621319.92546444,17.59504790953024,-4.044076679179522,-2.460975062935645,2026-04-03T17:54:55.814323
2461134.247974537, A.D. 2026-Apr-03 17:57:05.0000,69.185634,-191039887.4977245,-214087212.0822812,-88621467.58691788,17.59510445792711,-4.04401340506833,-2.460948869142181,2026-04-03T17:55:55.814360
2461134.248668981, A.D. 2026-Apr-03 17:58:05.0000,69.185634,-191038831.763053,-214087454.7273256,-88621615.24679963,17.59516100626904,-4.043950130596553,-2.460922675185448,2026-04-03T17:56:55.814316
2461134.249363426, A.D. 2026-Apr-03 17:59:05.0000,69.185634,-191037776.0249886,-214087697.3685734,-88621762.90510973,17.59521755455602,-4.043886855764188,-2.460896481065444,2026-04-03T17:57:55.814393
2461134.250057871, A.D. 2026-Apr-03 18:00:05.0000,69.185634,-191036720.2835312,-214087940.0060246,-88621910.5618481,17.59527410278805,-4.043823580571233,-2.460870286782167,2026-04-03T17:58:55.814430
2461134.250752315, A.D. 2026-Apr-03 18:01:05.0000,69.185634,-191035664.5386808,-214088182.6396792,-88622058.2170148,17.59533065096514,-4.043760305017684,-2.460844092335618,2026-04-03T17:59:55.814386
2461134.251446759, A.D. 2026-Apr-03 18:02:05.0000,69.185634,-191034608.7904375,-214088425.2695372,-88622205.87060979,17.59538719908728,-4.04369702910354,-2.460817897725794,2026-04-03T18:00:55.814342
2461134.252141204, A.D. 2026-Apr-03 18:03:05.0000,69.185634,-191033553.038799,-214088667.895599,-88622353.52263333,17.59544374715458,-4.043633752828672,-2.460791702952642,2026-04-03T18:01:55.814419
2461134.252835648, A.D. 2026-Apr-03 18:04:05.0000,69.185634,-191032497.2837698,-214088910.5178636,-88622501.17308487,17.59550029516682,-4.043570476193329,-2.460765508016265,2026-04-03T18:02:55.814375
2461134.253530093, A.D. 2026-Apr-03 18:05:05.0000,69.185634,-191031441.5253475,-214089153.1363315,-88622648.82196464,17.5955568431241,-4.043507199197384,-2.460739312916611,2026-04-03T18:03:55.814412
2461134.254224537, A.D. 2026-Apr-03 18:06:05.0000,69.185634,-191030385.7635302,-214089395.7510032,-88622796.46927297,17.59561339102654,-4.043443921840707,-2.460713117653625,2026-04-03T18:04:55.814368
2461134.254918981, A.D. 2026-Apr-03 18:07:05.0000,69.185634,-191029329.998322,-214089638.3618777,-88622944.11500925,17.59566993887392,-4.043380644123547,-2.46068692222741,2026-04-03T18:05:55.814324
2461134.255613426, A.D. 2026-Apr-03 18:08:05.0000,69.185634,-191028274.2297209,-214089880.9689553,-88623091.75917375,17.59572648666634,-4.043317366045776,-2.460660726637915,2026-04-03T18:06:55.814401
2461134.25630787, A.D. 2026-Apr-03 18:09:05.0000,69.185634,-191027218.4577247,-214090123.5722367,-88623239.40176676,17.59578303440391,-4.043254087607266,-2.460634530885084,2026-04-03T18:07:55.814357
2461134.257002315, A.D. 2026-Apr-03 18:10:05.0000,69.185634,-191026162.6823355,-214090366.1717212,-88623387.042788,17.59583958208653,-4.04319080880814,-2.460608334968969,2026-04-03T18:08:55.814394
2461134.257696759, A.D. 2026-Apr-03 18:11:05.0000,69.185634,-191025106.9035556,-214090608.7674085,-88623534.68223713,17.59589612971407,-4.043127529648521,-2.460582138889621,2026-04-03T18:09:55.814350
2461134.258391204, A.D. 2026-Apr-03 18:12:05.0000,69.185634,-191024051.1213805,-214090851.3592993,-88623682.32011475,17.59595267728677,-4.043064250128155,-2.460555942646935,2026-04-03T18:10:55.814387
2461134.259085648, A.D. 2026-Apr-03 18:13:05.0000,69.185634,-191022995.3358126,-214091093.9473933,-88623829.95642054,17.5960092248045,-4.043000970247165,-2.460529746240961,2026-04-03T18:11:55.814383
2461134.259780093, A.D. 2026-Apr-03 18:14:05.0000,69.185634,-191021939.5468517,-214091336.5316904,-88623977.59115452,17.59606577226727,-4.042937690005547,-2.460503549671698,2026-04-03T18:12:55.814420
2461134.260474537, A.D. 2026-Apr-03 18:15:05.0000,69.185634,-191020883.7544979,-214091579.1121905,-88624125.22431664,17.59612231967508,-4.042874409403302,-2.460477352939145,2026-04-03T18:13:55.814376
2461134.261168981, A.D. 2026-Apr-03 18:16:05.0000,69.185634,-191019827.9587532,-214091821.6888933,-88624272.85590664,17.59617886702781,-4.042811128440551,-2.460451156043354,2026-04-03T18:14:55.814332
2461134.261863426, A.D. 2026-Apr-03 18:17:05.0000,69.185634,-191018772.1596135,-214092064.2617995,-88624420.48592506,17.59623541432568,-4.042747847117041,-2.460424958984218,2026-04-03T18:15:55.814369
2461134.26255787, A.D. 2026-Apr-03 18:18:05.0000,69.185634,-191017716.3570789,-214092306.8309093,-88624568.11437191,17.5962919615687,-4.042684565432767,-2.460398761761736,2026-04-03T18:16:55.814325
2461134.263252315, A.D. 2026-Apr-03 18:19:05.0000,69.185634,-191016660.5511533,-214092549.3962215,-88624715.74124658,17.59634850875664,-4.04262128338798,-2.460372564376011,2026-04-03T18:17:55.814402
2461134.263946759, A.D. 2026-Apr-03 18:20:05.0000,69.185634,-191015604.7418349,-214092791.9577368,-88624863.36654937,17.59640505588961,-4.042558000982551,-2.46034636682699,2026-04-03T18:18:55.814358
2461134.264641204, A.D. 2026-Apr-03 18:21:05.0000,69.185634,-191014548.9291236,-214093034.515455,-88625010.99028027,17.59646160296761,-4.042494718216477,-2.460320169114673,2026-04-03T18:19:55.814395
2461134.265335648, A.D. 2026-Apr-03 18:22:05.0000,69.185634,-191013493.1130193,-214093277.0693761,-88625158.61243926,17.59651814999064,-4.042431435089757,-2.460293971239057,2026-04-03T18:20:55.814351
2461134.266030093, A.D. 2026-Apr-03 18:23:05.0000,69.185634,-191012437.29352,-214093519.6195006,-88625306.23302662,17.5965746969588,-4.042368151602262,-2.460267773200089,2026-04-03T18:21:55.814428
2461134.266724537, A.D. 2026-Apr-03 18:24:05.0000,69.185634,-191011381.47063,-214093762.1658275,-88625453.85204175,17.59663124387188,-4.042304867754239,-2.460241574997873,2026-04-03T18:22:55.814384
2461134.267418982, A.D. 2026-Apr-03 18:25:05.0000,69.185634,-191010325.6443449,-214094004.7083577,-88625601.46948524,17.5966877907301,-4.042241583545437,-2.460215376632303,2026-04-03T18:23:55.814421
2461134.268113426, A.D. 2026-Apr-03 18:26:05.0000,69.185634,-191009269.814669,-214094247.2470903,-88625749.0853565,17.59674433753322,-4.042178298976102,-2.460189178103482,2026-04-03T18:24:55.814377
2461134.26880787, A.D. 2026-Apr-03 18:27:05.0000,69.185634,-191008213.9815982,-214094489.7820262,-88625896.69965611,17.59680088428149,-4.042115014045983,-2.460162979411304,2026-04-03T18:25:55.814333
2461134.269502315, A.D. 2026-Apr-03 18:28:05.0000,69.185634,-191007158.1451365,-214094732.3131644,-88626044.31238343,17.59685743097465,-4.042051728755326,-2.460136780555873,2026-04-03T18:26:55.814410
2461134.270196759, A.D. 2026-Apr-03 18:29:05.0000,69.185634,-191006102.3052799,-214094974.8405059,-88626191.92353909,17.59691397761296,-4.041988443103879,-2.460110581537083,2026-04-03T18:27:55.814366
2461134.270891204, A.D. 2026-Apr-03 18:30:05.0000,69.185634,-191005046.4620304,-214095217.3640501,-88626339.53312275,17.59697052419628,-4.041925157091764,-2.460084382354986,2026-04-03T18:28:55.814403
2461134.271585648, A.D. 2026-Apr-03 18:31:05.0000,69.185634,-191003990.6153881,-214095459.883797,-88626487.14113443,17.59702707072462,-4.041861870718979,-2.460058183009579,2026-04-03T18:29:55.814359
2461134.272280093, A.D. 2026-Apr-03 18:32:05.0000,69.185634,-191002934.7653549,-214095702.3997462,-88626634.7475738,17.59708361719786,-4.041798583985647,-2.460031983500914,2026-04-03T18:30:55.814396
2461134.272974537, A.D. 2026-Apr-03 18:33:05.0000,69.185634,-191001878.9119267,-214095944.9118986,-88626782.35244144,17.59714016361623,-4.041735296891513,-2.460005783828885,2026-04-03T18:31:55.814392
2461134.273668982, A.D. 2026-Apr-03 18:34:05.0000,69.185634,-191000823.0551057,-214096187.4202536,-88626929.95573707,17.59719670997961,-4.041672009436702,-2.459979583993544,2026-04-03T18:32:55.814429
2461134.274363426, A.D. 2026-Apr-03 18:35:05.0000,69.185634,-190999767.1948919,-214096429.9248113,-88627077.55746067,17.59725325628801,-4.041608721621211,-2.459953383994889,2026-04-03T18:33:55.814385
2461134.27505787, A.D. 2026-Apr-03 18:36:05.0000,69.185634,-190998711.3312851,-214096672.4255716,-88627225.1576122,17.59730980254142,-4.041545433445036,-2.459927183832919,2026-04-03T18:34:55.814341
2461134.275752315, A.D. 2026-Apr-03 18:37:05.0000,69.185634,-190997655.4642834,-214096914.922535,-88627372.756192,17.59736634873996,-4.041482144908049,-2.45990098350758,2026-04-03T18:35:55.814378
2461134.276446759, A.D. 2026-Apr-03 18:38:05.0000,69.185634,-190996599.593891,-214097157.4157004,-88627520.35319941,17.59742289488339,-4.041418856010501,-2.459874783018976,2026-04-03T18:36:55.814334
2461134.277141204, A.D. 2026-Apr-03 18:39:05.0000,69.185634,-190995543.7201057,-214097399.9050685,-88627667.94863476,17.59747944097183,-4.041355566752261,-2.459848582367054,2026-04-03T18:37:55.814411
2461134.277835648, A.D. 2026-Apr-03 18:40:05.0000,69.185634,-190994487.8429276,-214097642.390639,-88627815.54249804,17.59753598700527,-4.041292277133328,-2.459822381551812,2026-04-03T18:38:55.814367
2461134.278530092, A.D. 2026-Apr-03 18:41:05.0000,69.185634,-190993431.9623545,-214097884.8724126,-88627963.13478951,17.59759253298384,-4.041228987153573,-2.459796180573196,2026-04-03T18:39:55.814323
2461134.279224537, A.D. 2026-Apr-03 18:42:05.0000,69.185634,-190992376.0783906,-214098127.3503882,-88628110.72550859,17.5976490789073,-4.041165696813246,-2.459769979431311,2026-04-03T18:40:55.814360
2461134.279918981, A.D. 2026-Apr-03 18:43:05.0000,69.185634,-190991320.1910318,-214098369.8245668,-88628258.31465583,17.59770562477587,-4.041102406112092,-2.459743778126049,2026-04-03T18:41:55.814316
2461134.280613426, A.D. 2026-Apr-03 18:44:05.0000,69.185634,-190990264.3002823,-214098612.2949472,-88628405.90223067,17.59776217058934,-4.041039115050359,-2.459717576657516,2026-04-03T18:42:55.814393
2461134.281307871, A.D. 2026-Apr-03 18:45:05.0000,69.185634,-190989208.4061379,-214098854.7615307,-88628553.48823367,17.59781871634792,-4.040975823627795,-2.459691375025604,2026-04-03T18:43:55.814430
2461134.282002315, A.D. 2026-Apr-03 18:46:05.0000,69.185634,-190988152.5086027,-214099097.224316,-88628701.07266423,17.59787526205139,-4.040912531844647,-2.459665173230418,2026-04-03T18:44:55.814386
2461134.282696759, A.D. 2026-Apr-03 18:47:05.0000,69.185634,-190987096.6076726,-214099339.6833042,-88628848.65552293,17.59793180769996,-4.040849239700663,-2.459638971271851,2026-04-03T18:45:55.814342
2461134.283391204, A.D. 2026-Apr-03 18:48:05.0000,69.185634,-190986040.7033497,-214099582.1384948,-88628996.23680946,17.59798835329354,-4.040785947195964,-2.459612769149955,2026-04-03T18:46:55.814419
2461134.284085648, A.D. 2026-Apr-03 18:49:05.0000,69.185634,-190984984.7956339,-214099824.5898877,-88629143.81652384,17.59804489883212,-4.040722654330549,-2.459586566864728,2026-04-03T18:47:55.814375
2461134.284780093, A.D. 2026-Apr-03 18:50:05.0000,69.185634,-190983928.8845254,-214100067.037483,-88629291.39466602,17.59810144431569,-4.040659361104415,-2.45956036441617,2026-04-03T18:48:55.814412
2461134.285474537, A.D. 2026-Apr-03 18:51:05.0000,69.185634,-190982872.970024,-214100309.4812805,-88629438.97123602,17.59815798974425,-4.040596067517559,-2.459534161804279,2026-04-03T18:49:55.814368
2461134.286168981, A.D. 2026-Apr-03 18:52:05.0000,69.185634,-190981817.0521298,-214100551.9212804,-88629586.54623382,17.59821453511781,-4.040532773569978,-2.459507959029053,2026-04-03T18:50:55.814324
2461134.286863426, A.D. 2026-Apr-03 18:53:05.0000,69.185634,-190980761.1308428,-214100794.3574824,-88629734.1196594,17.59827108043636,-4.040469479261671,-2.459481756090492,2026-04-03T18:51:55.814401
2461134.28755787, A.D. 2026-Apr-03 18:54:05.0000,69.185634,-190979705.206163,-214101036.7898867,-88629881.69151275,17.59832762569991,-4.040406184592634,-2.459455552988595,2026-04-03T18:52:55.814357
2461134.288252315, A.D. 2026-Apr-03 18:55:05.0000,69.185634,-190978649.2780905,-214101279.2184933,-88630029.26179388,17.59838417090844,-4.040342889562865,-2.459429349723359,2026-04-03T18:53:55.814394
2461134.288946759, A.D. 2026-Apr-03 18:56:05.0000,69.185634,-190977593.3466251,-214101521.6433019,-88630176.83050276,17.59844071606196,-4.040279594172362,-2.459403146294785,2026-04-03T18:54:55.814350
2461134.289641204, A.D. 2026-Apr-03 18:57:05.0000,69.185634,-190976537.4117669,-214101764.0643128,-88630324.3976394,17.59849726116047,-4.040216298421122,-2.459376942702871,2026-04-03T18:55:55.814387
2461134.290335648, A.D. 2026-Apr-03 18:58:05.0000,69.185634,-190975481.4735138,-214102006.4815263,-88630471.96320409,17.59855380620408,-4.040153002309015,-2.459350738947563,2026-04-03T18:56:55.814383
2461134.291030093, A.D. 2026-Apr-03 18:59:05.0000,69.185634,-190974425.53187,-214102248.8949415,-88630619.52719618,17.59861035119257,-4.040089705836292,-2.459324535028965,2026-04-03T18:57:55.814420
2461134.291724537, A.D. 2026-Apr-03 19:00:05.0000,69.185634,-190973369.5868314,-214102491.3045593,-88630767.08961631,17.59866689612615,-4.040026409002698,-2.459298330946971,2026-04-03T18:58:55.814376
2461134.292418981, A.D. 2026-Apr-03 19:01:05.0000,69.185634,-190972313.6384021,-214102733.7103786,-88630914.65046383,17.5987234410046,-4.039963111808483,-2.459272126701684,2026-04-03T18:59:55.814332
2461134.293113426, A.D. 2026-Apr-03 19:02:05.0000,69.185634,-190971257.6865779,-214102976.1124005,-88631062.20973937,17.59877998582814,-4.039899814253392,-2.459245922292999,2026-04-03T19:00:55.814369
2461134.29380787, A.D. 2026-Apr-03 19:03:05.0000,69.185634,-190970201.731363,-214103218.510624,-88631209.76744232,17.59883653059656,-4.039836516337674,-2.459219717721018,2026-04-03T19:01:55.814325
2461134.294502315, A.D. 2026-Apr-03 19:04:05.0000,69.185634,-190969145.7727532,-214103460.9050499,-88631357.3235732,17.59889307531007,-4.039773218061075,-2.459193512985637,2026-04-03T19:02:55.814402
2461134.295196759, A.D. 2026-Apr-03 19:05:05.0000,69.185634,-190968089.8107508,-214103703.2956778,-88631504.87813178,17.59894961996855,-4.039709919423718,-2.459167308086907,2026-04-03T19:03:55.814358
2461134.295891204, A.D. 2026-Apr-03 19:06:05.0000,69.185634,-190967033.8453555,-214103945.6825077,-88631652.43111803,17.59900616457202,-4.039646620425601,-2.459141103024825,2026-04-03T19:04:55.814395
2461134.296585648, A.D. 2026-Apr-03 19:07:05.0000,69.185634,-190965977.8765695,-214104188.0655392,-88631799.9825316,17.59906270912035,-4.039583321066846,-2.459114897799444,2026-04-03T19:05:55.814351
2461134.297280093, A.D. 2026-Apr-03 19:08:05.0000,69.185634,-190964921.9043887,-214104430.444773,-88631947.53237315,17.59911925361376,-4.039520021347201,-2.459088692410657,2026-04-03T19:06:55.814428
2461134.297974537, A.D. 2026-Apr-03 19:09:05.0000,69.185634,-190963865.9288152,-214104672.8202086,-88632095.08064231,17.59917579805215,-4.039456721266787,-2.459062486858516,2026-04-03T19:07:55.814384
2461134.298668982, A.D. 2026-Apr-03 19:10:05.0000,69.185634,-190962809.9498489,-214104915.1918463,-88632242.6273391,17.59923234243552,-4.039393420825602,-2.459036281143018,2026-04-03T19:08:55.814421
2461134.299363426, A.D. 2026-Apr-03 19:11:05.0000,69.185634,-190961753.9674899,-214105157.5596857,-88632390.17246349,17.59928888676385,-4.039330120023644,-2.459010075264164,2026-04-03T19:09:55.814377
2461134.30005787, A.D. 2026-Apr-03 19:12:05.0000,69.185634,-190960697.981736,-214105399.9237275,-88632537.71601579,17.59934543103727,-4.039266818860784,-2.458983869221901,2026-04-03T19:10:55.814333
2461134.300752315, A.D. 2026-Apr-03 19:13:05.0000,69.185634,-190959641.9925914,-214105642.2839707,-88632685.25799538,17.59940197525555,-4.039203517337272,-2.458957663016329,2026-04-03T19:11:55.814410
2461134.301446759, A.D. 2026-Apr-03 19:14:05.0000,69.185634,-190958586.0000542,-214105884.6404156,-88632832.79840255,17.59945851941879,-4.039140215452979,-2.458931456647397,2026-04-03T19:12:55.814366
2461134.302141204, A.D. 2026-Apr-03 19:15:05.0000,69.185634,-190957530.0041242,-214106126.9930623,-88632980.3372373,17.599515063527,-4.039076913207903,-2.458905250115104,2026-04-03T19:13:55.814403
2461134.302835648, A.D. 2026-Apr-03 19:16:05.0000,69.185634,-190956474.0047994,-214106369.3419113,-88633127.87449992,17.59957160758029,-4.039013610601913,-2.458879043419396,2026-04-03T19:14:55.814359
2461134.303530093, A.D. 2026-Apr-03 19:17:05.0000,69.185634,-190955418.0020839,-214106611.6869615,-88633275.41018978,17.59962815157844,-4.038950307635261,-2.458852836560375,2026-04-03T19:15:55.814396
2461134.304224537, A.D. 2026-Apr-03 19:18:05.0000,69.185634,-190954361.9959736,-214106854.0282139,-88633422.94430746,17.59968469552166,-4.038887004307693,-2.458826629537938,2026-04-03T19:16:55.814392
2461134.304918982, A.D. 2026-Apr-03 19:19:05.0000,69.185634,-190953305.9864727,-214107096.3656675,-88633570.47685242,17.59974123940973,-4.038823700619456,-2.458800422352186,2026-04-03T19:17:55.814429
2461134.305613426, A.D. 2026-Apr-03 19:20:05.0000,69.185634,-190952249.973577,-214107338.6993233,-88633718.00782518,17.59979778324288,-4.038760396570296,-2.458774215003015,2026-04-03T19:18:55.814385
2461134.30630787, A.D. 2026-Apr-03 19:21:05.0000,69.185634,-190951193.9572906,-214107581.0291802,-88633865.53722517,17.59985432702087,-4.038697092160463,-2.458748007490526,2026-04-03T19:19:55.814341
2461134.307002315, A.D. 2026-Apr-03 19:22:05.0000,69.185634,-190950137.9376095,-214107823.3552393,-88634013.06505293,17.59991087074393,-4.038633787389704,-2.458721799814616,2026-04-03T19:20:55.814378
2461134.307696759, A.D. 2026-Apr-03 19:23:05.0000,69.185634,-190949081.9145357,-214108065.6774999,-88634160.59130822,17.59996741441196,-4.038570482258139,-2.458695591975334,2026-04-03T19:21:55.814334
2461134.308391204, A.D. 2026-Apr-03 19:24:05.0000,69.185634,-190948025.8880691,-214108307.9959622,-88634308.11599097,17.60002395802494,-4.038507176765767,-2.45866938397268,2026-04-03T19:22:55.814411
2461134.309085648, A.D. 2026-Apr-03 19:25:05.0000,69.185634,-190946969.8582098,-214108550.310626,-88634455.6391012,17.60008050158288,-4.038443870912587,-2.458643175806652,2026-04-03T19:23:55.814367
2461134.309780092, A.D. 2026-Apr-03 19:26:05.0000,69.185634,-190945913.8249579,-214108792.6214913,-88634603.16063891,17.60013704508577,-4.038380564698596,-2.45861696747725,2026-04-03T19:24:55.814323
2461134.310474537, A.D. 2026-Apr-03 19:27:05.0000,69.185634,-190944857.7883133,-214109034.9285582,-88634750.68060406,17.60019358853361,-4.038317258123788,-2.458590758984471,2026-04-03T19:25:55.814360
2461134.311168981, A.D. 2026-Apr-03 19:28:05.0000,69.185634,-190943801.7482759,-214109277.2318266,-88634898.19899666,17.60025013192642,-4.038253951188164,-2.458564550328316,2026-04-03T19:26:55.814316
2461134.311863426, A.D. 2026-Apr-03 19:29:05.0000,69.185634,-190942745.7048459,-214109519.5312964,-88635045.7158167,17.60030667526416,-4.038190643891721,-2.458538341508781,2026-04-03T19:27:55.814393
2461134.312557871, A.D. 2026-Apr-03 19:30:05.0000,69.185634,-190941689.6580232,-214109761.8269677,-88635193.23106416,17.60036321854686,-4.038127336234455,-2.458512132525868,2026-04-03T19:28:55.814430
2461134.313252315, A.D. 2026-Apr-03 19:31:05.0000,69.185634,-190940633.6078078,-214110004.1188405,-88635340.74473904,17.60041976177451,-4.038064028216364,-2.458485923379574,2026-04-03T19:29:55.814386
2461134.313946759, A.D. 2026-Apr-03 19:32:05.0000,69.185634,-190939577.5541997,-214110246.4069146,-88635488.25684133,17.60047630494711,-4.038000719837446,-2.458459714069897,2026-04-03T19:30:55.814342
2461134.314641204, A.D. 2026-Apr-03 19:33:05.0000,69.185634,-190938521.4971969,-214110488.6911906,-88635635.7673713,17.60053284806477,-4.037937411097571,-2.458433504596786,2026-04-03T19:31:55.814419
2461134.315335648, A.D. 2026-Apr-03 19:34:05.0000,69.185634,-190937465.4368035,-214110730.9716675,-88635783.27632837,17.60058939112725,-4.03787410199699,-2.458407294960342,2026-04-03T19:32:55.814375
2461134.316030093, A.D. 2026-Apr-03 19:35:05.0000,69.185634,-190936409.3730153,-214110973.2483463,-88635930.7837131,17.60064593413481,-4.037810792535448,-2.45838108516046,2026-04-03T19:33:55.814412
2461134.316724537, A.D. 2026-Apr-03 19:36:05.0000,69.185634,-190935353.3058366,-214111215.5212259,-88636078.28952493,17.60070247708718,-4.037747482713195,-2.458354875197244,2026-04-03T19:34:55.814368
2461134.317418981, A.D. 2026-Apr-03 19:37:05.0000,69.185634,-190934297.235263,-214111457.7903072,-88636225.7937644,17.60075901998461,-4.037684172529975,-2.458328665070587,2026-04-03T19:35:55.814324
2461134.318113426, A.D. 2026-Apr-03 19:38:05.0000,69.185634,-190933241.161299,-214111700.0555894,-88636373.29643092,17.60081556282688,-4.037620861986038,-2.458302454780594,2026-04-03T19:36:55.814401
2461134.31880787, A.D. 2026-Apr-03 19:39:05.0000,69.185634,-190932185.0839401,-214111942.3170733,-88636520.79752505,17.60087210561419,-4.037557551081129,-2.458276244327159,2026-04-03T19:37:55.814357
2461134.319502315, A.D. 2026-Apr-03 19:40:05.0000,69.185634,-190931129.0031887,-214112184.5747584,-88636668.29704653,17.60092864834645,-4.037494239815373,-2.458250033710331,2026-04-03T19:38:55.814394
2461134.320196759, A.D. 2026-Apr-03 19:41:05.0000,69.185634,-190930072.9190446,-214112426.8286448,-88636815.79499532,17.60098519102364,-4.037430928188766,-2.458223822930111,2026-04-03T19:39:55.814350
2461134.320891204, A.D. 2026-Apr-03 19:42:05.0000,69.185634,-190929016.8315099,-214112669.0787319,-88636963.29137115,17.60104173364565,-4.037367616201432,-2.45819761198655,2026-04-03T19:40:55.814387
2461134.321585648, A.D. 2026-Apr-03 19:43:05.0000,69.185634,-190927960.7405805,-214112911.3250206,-88637110.78617454,17.60109827621272,-4.037304303853116,-2.45817140087954,2026-04-03T19:41:55.814383
2461134.322280093, A.D. 2026-Apr-03 19:44:05.0000,69.185634,-190926904.6462584,-214113153.5675105,-88637258.27940524,17.60115481872471,-4.037240991143942,-2.458145189609135,2026-04-03T19:42:55.814420
2461134.322974537, A.D. 2026-Apr-03 19:45:05.0000,69.185634,-190925848.5485438,-214113395.8062015,-88637405.77106321,17.60121136118165,-4.037177678073906,-2.458118978175333,2026-04-03T19:43:55.814376
2461134.323668981, A.D. 2026-Apr-03 19:46:05.0000,69.185634,-190924792.4474364,-214113638.0410936,-88637553.26114845,17.60126790358351,-4.037114364643007,-2.458092766578131,2026-04-03T19:44:55.814332
2461134.324363426, A.D. 2026-Apr-03 19:47:05.0000,69.185634,-190923736.3429344,-214113880.2721873,-88637700.74966124,17.60132444593041,-4.037051050851116,-2.458066554817477,2026-04-03T19:45:55.814369
2461134.32505787, A.D. 2026-Apr-03 19:48:05.0000,69.185634,-190922680.2350418,-214114122.4994816,-88637848.236601,17.60138098822214,-4.036987736698483,-2.458040342893475,2026-04-03T19:46:55.814325
2461134.325752315, A.D. 2026-Apr-03 19:49:05.0000,69.185634,-190921624.1237566,-214114364.7229769,-88637995.72196798,17.60143753045879,-4.036924422184978,-2.45801413080607,2026-04-03T19:47:55.814402
2461134.326446759, A.D. 2026-Apr-03 19:50:05.0000,69.185634,-190920568.0090788,-214114606.9426732,-88638143.2057622,17.60149407264037,-4.0368611073106,-2.457987918555262,2026-04-03T19:48:55.814358
2461134.327141204, A.D. 2026-Apr-03 19:51:05.0000,69.185634,-190919511.8910063,-214114849.158571,-88638290.68798395,17.60155061476699,-4.036797792075219,-2.457961706140997,2026-04-03T19:49:55.814395
2461134.327835648, A.D. 2026-Apr-03 19:52:05.0000,69.185634,-190918455.7695433,-214115091.3706694,-88638438.16863258,17.60160715683842,-4.036734476479086,-2.457935493563378,2026-04-03T19:50:55.814351
2461134.328530093, A.D. 2026-Apr-03 19:53:05.0000,69.185634,-190917399.6446856,-214115333.5789691,-88638585.64770873,17.60166369885489,-4.036671160521943,-2.4579092808223,2026-04-03T19:51:55.814428
2461134.329224537, A.D. 2026-Apr-03 19:54:05.0000,69.185634,-190916343.5164373,-214115575.7834693,-88638733.12521178,17.60172024081617,-4.036607844204044,-2.457883067917866,2026-04-03T19:52:55.814384
2461134.329918982, A.D. 2026-Apr-03 19:55:05.0000,69.185634,-190915287.3847944,-214115817.9841709,-88638880.60114227,17.60177678272248,-4.036544527525131,-2.45785685484997,2026-04-03T19:53:55.814421
2461134.330613426, A.D. 2026-Apr-03 19:56:05.0000,69.185634,-190914231.2497609,-214116060.181073,-88639028.07549968,17.6018333245736,-4.036481210485455,-2.457830641618716,2026-04-03T19:54:55.814377
2461134.33130787, A.D. 2026-Apr-03 19:57:05.0000,69.185634,-190913175.1113328,-214116302.3741764,-88639175.54828453,17.60188986636976,-4.036417893084762,-2.457804428223997,2026-04-03T19:55:55.814333
2461134.332002315, A.D. 2026-Apr-03 19:58:05.0000,69.185634,-190912118.969512,-214116544.5634806,-88639323.01949653,17.60194640811083,-4.036354575323173,-2.457778214665866,2026-04-03T19:56:55.814410
2461134.332696759, A.D. 2026-Apr-03 19:59:05.0000,69.185634,-190911062.8242987,-214116786.7489856,-88639470.48913567,17.60200294979682,-4.036291257200689,-2.457752000944321,2026-04-03T19:57:55.814366
2461134.333391204, A.D. 2026-Apr-03 20:00:05.0000,69.185634,-190910006.6756928,-214117028.9306915,-88639617.95720194,17.60205949142772,-4.036227938717304,-2.45772578705936,2026-04-03T19:58:55.814403
2461134.334085648, A.D. 2026-Apr-03 20:01:05.0000,69.185634,-190908950.5236964,-214117271.1085976,-88639765.42369504,17.60211603300343,-4.036164619873143,-2.457699573011034,2026-04-03T19:59:55.814359
2461134.334780093, A.D. 2026-Apr-03 20:02:05.0000,69.185634,-190907894.3683054,-214117513.282705,-88639912.88861555,17.60217257452416,-4.036101300667951,-2.457673358799239,2026-04-03T20:00:55.814396
2461134.335474537, A.D. 2026-Apr-03 20:03:05.0000,69.185634,-190906838.2095197,-214117755.4530136,-88640060.35196345,17.60222911598992,-4.036037981101726,-2.457647144423972,2026-04-03T20:01:55.814392
2461134.336168982, A.D. 2026-Apr-03 20:04:05.0000,69.185634,-190905782.0473434,-214117997.6195225,-88640207.81373815,17.60228565740048,-4.035974661174717,-2.457620929885338,2026-04-03T20:02:55.814429
2461134.336863426, A.D. 2026-Apr-03 20:05:05.0000,69.185634,-190904725.8817746,-214118239.7822321,-88640355.27393995,17.60234219875595,-4.035911340886796,-2.457594715183282,2026-04-03T20:03:55.814385
2461134.33755787, A.D. 2026-Apr-03 20:06:05.0000,69.185634,-190903669.7128133,-214118481.9411423,-88640502.7325688,17.60239874005633,-4.035848020237959,-2.457568500317803,2026-04-03T20:04:55.814341
2461134.338252315, A.D. 2026-Apr-03 20:07:05.0000,69.185634,-190902613.5404594,-214118724.0962532,-88640650.18962473,17.60245528130161,-4.035784699228205,-2.4575422852889,2026-04-03T20:05:55.814378
2461134.338946759, A.D. 2026-Apr-03 20:08:05.0000,69.185634,-190901557.3647108,-214118966.2475652,-88640797.645108,17.60251182249192,-4.035721377857404,-2.457516070096521,2026-04-03T20:06:55.814334
2461134.339641204, A.D. 2026-Apr-03 20:09:05.0000,69.185634,-190900501.1855718,-214119208.3950773,-88640945.09901802,17.60256836362701,-4.035658056125807,-2.457489854740767,2026-04-03T20:07:55.814411
2461134.340335648, A.D. 2026-Apr-03 20:10:05.0000,69.185634,-190899445.0030402,-214119450.53879,-88641092.55135506,17.60262490470701,-4.035594734033284,-2.457463639221586,2026-04-03T20:08:55.814367
2461134.341030092, A.D. 2026-Apr-03 20:11:05.0000,69.185634,-190898388.817114,-214119692.6787038,-88641240.00211944,17.60268144573203,-4.035531411579707,-2.457437423538924,2026-04-03T20:09:55.814323
2461134.341724537, A.D. 2026-Apr-03 20:12:05.0000,69.185634,-190897332.6277952,-214119934.8148181,-88641387.45131083,17.60273798670196,-4.0354680887652,-2.457411207692833,2026-04-03T20:10:55.814360
2461134.342418981, A.D. 2026-Apr-03 20:13:05.0000,69.185634,-190896276.435086,-214120176.9471325,-88641534.89892893,17.60279452761667,-4.035404765589885,-2.457384991683362,2026-04-03T20:11:55.814316
2461134.343113426, A.D. 2026-Apr-03 20:14:05.0000,69.185634,-190895220.2389821,-214120419.0756478,-88641682.34497432,17.60285106847639,-4.035341442053509,-2.457358775510408,2026-04-03T20:12:55.814393
2461134.343807871, A.D. 2026-Apr-03 20:15:05.0000,69.185634,-190894164.0394858,-214120661.2003636,-88641829.78944668,17.60290760928101,-4.035278118156195,-2.457332559174019,2026-04-03T20:13:55.814430
2461134.344502315, A.D. 2026-Apr-03 20:16:05.0000,69.185634,-190893107.8365989,-214120903.3212794,-88641977.23234574,17.60296415003042,-4.035214793898065,-2.457306342674249,2026-04-03T20:14:55.814386
2461134.345196759, A.D. 2026-Apr-03 20:17:05.0000,69.185634,-190892051.6303175,-214121145.4383961,-88642124.67367204,17.60302069072484,-4.035151469278866,-2.45728012601099,2026-04-03T20:15:55.814342
2461134.345891204, A.D. 2026-Apr-03 20:18:05.0000,69.185634,-190890995.4206435,-214121387.5517133,-88642272.11342531,17.60307723136415,-4.035088144298722,-2.457253909184295,2026-04-03T20:16:55.814419
2461134.346585648, A.D. 2026-Apr-03 20:19:05.0000,69.185634,-190889939.207577,-214121629.6612308,-88642419.55160552,17.60313377194835,-4.035024818957628,-2.457227692194162,2026-04-03T20:17:55.814375
2461134.347280093, A.D. 2026-Apr-03 20:20:05.0000,69.185634,-190888882.991118,-214121871.7669487,-88642566.98821267,17.60319031247745,-4.034961493255584,-2.457201475040588,2026-04-03T20:18:55.814412
2461134.347974537, A.D. 2026-Apr-03 20:21:05.0000,69.185634,-190887826.7712665,-214122113.868867,-88642714.42324674,17.60324685295144,-4.034898167192585,-2.457175257723575,2026-04-03T20:19:55.814368
2461134.348668981, A.D. 2026-Apr-03 20:22:05.0000,69.185634,-190886770.5480224,-214122355.9669855,-88642861.85670774,17.60330339337033,-4.03483484076863,-2.45714904024312,2026-04-03T20:20:55.814324
2461134.349363426, A.D. 2026-Apr-03 20:23:05.0000,69.185634,-190885714.3213838,-214122598.0613049,-88643009.28859593,17.60335993373421,-4.034771513983591,-2.457122822599169,2026-04-03T20:21:55.814401
2461134.35005787, A.D. 2026-Apr-03 20:24:05.0000,69.185634,-190884658.0913547,-214122840.1518241,-88643156.71891071,17.60341647404287,-4.034708186837715,-2.457096604791827,2026-04-03T20:22:55.814357
2461134.350752315, A.D. 2026-Apr-03 20:25:05.0000,69.185634,-190883601.8579331,-214123082.2385435,-88643304.14765239,17.60347301429642,-4.034644859330875,-2.45707038682104,2026-04-03T20:23:55.814394
2461134.351446759, A.D. 2026-Apr-03 20:26:05.0000,69.185634,-190882545.6211191,-214123324.3214632,-88643451.57482095,17.60352955449485,-4.034581531463069,-2.457044168686806,2026-04-03T20:24:55.814350
2461134.352141204, A.D. 2026-Apr-03 20:27:05.0000,69.185634,-190881489.3809104,-214123566.4005836,-88643599.00041667,17.60358609463828,-4.034518203234168,-2.457017950389072,2026-04-03T20:25:55.814387
2461134.352835648, A.D. 2026-Apr-03 20:28:05.0000,69.185634,-190880433.1373113,-214123808.4759037,-88643746.42443895,17.60364263472649,-4.034454874644421,-2.45699173192794,2026-04-03T20:26:55.814383
2461134.353530093, A.D. 2026-Apr-03 20:29:05.0000,69.185634,-190879376.8903177,-214124050.5474244,-88643893.84688836,17.60369917475969,-4.034391545693573,-2.456965513303308,2026-04-03T20:27:55.814420
2461134.354224537, A.D. 2026-Apr-03 20:30:05.0000,69.185634,-190878320.6399337,-214124292.6151448,-88644041.26776433,17.60375571473766,-4.034328216381875,-2.456939294515275,2026-04-03T20:28:55.814376
2461134.354918981, A.D. 2026-Apr-03 20:31:05.0000,69.185634,-190877264.3861551,-214124534.6790659,-88644188.68706743,17.60381225466062,-4.034264886709071,-2.456913075563739,2026-04-03T20:29:55.814332
2461134.355613426, A.D. 2026-Apr-03 20:32:05.0000,69.185634,-190876208.128984,-214124776.7391871,-88644336.10479733,17.60386879452846,-4.034201556675285,-2.456886856448748,2026-04-03T20:30:55.814369
2461134.35630787, A.D. 2026-Apr-03 20:33:05.0000,69.185634,-190875151.8684204,-214125018.7955083,-88644483.52095404,17.60392533434118,-4.034138226280513,-2.456860637170303,2026-04-03T20:31:55.814325
2461134.357002315, A.D. 2026-Apr-03 20:34:05.0000,69.185634,-190874095.6044665,-214125260.8480292,-88644630.93553726,17.60398187409866,-4.034074895524881,-2.456834417728453,2026-04-03T20:32:55.814402
2461134.357696759, A.D. 2026-Apr-03 20:35:05.0000,69.185634,-190873039.337118,-214125502.8967505,-88644778.34854756,17.60403841380114,-4.034011564408132,-2.456808198123094,2026-04-03T20:33:55.814358
2461134.358391204, A.D. 2026-Apr-03 20:36:05.0000,69.185634,-190871983.066377,-214125744.9416719,-88644925.75998466,17.60409495344849,-4.033948232930392,-2.456781978354277,2026-04-03T20:34:55.814395
2461134.359085648, A.D. 2026-Apr-03 20:37:05.0000,69.185634,-190870926.7922435,-214125986.9827933,-88645073.16984849,17.60415149304071,-4.033884901091656,-2.456755758422,2026-04-03T20:35:55.814351
2461134.359780093, A.D. 2026-Apr-03 20:38:05.0000,69.185634,-190869870.5147176,-214126229.0201147,-88645220.57813911,17.6042080325778,-4.033821568891923,-2.456729538326262,2026-04-03T20:36:55.814428
2461134.360474537, A.D. 2026-Apr-03 20:39:05.0000,69.185634,-190868814.2337993,-214126471.0536361,-88645367.98485646,17.60426457205977,-4.033758236331189,-2.456703318067063,2026-04-03T20:37:55.814384
2461134.361168982, A.D. 2026-Apr-03 20:40:05.0000,69.185634,-190867757.9494864,-214126713.0833578,-88645515.39000086,17.60432111148672,-4.033694903409327,-2.456677097644347,2026-04-03T20:38:55.814421
2461134.361863426, A.D. 2026-Apr-03 20:41:05.0000,69.185634,-190866701.6617831,-214126955.109279,-88645662.79357168,17.60437765085842,-4.033631570126585,-2.45665087705822,2026-04-03T20:39:55.814377
2461134.36255787, A.D. 2026-Apr-03 20:42:05.0000,69.185634,-190865645.3706875,-214127197.1314001,-88645810.19556923,17.604434190175,-4.033568236482835,-2.456624656308626,2026-04-03T20:40:55.814333
2461134.363252315, A.D. 2026-Apr-03 20:43:05.0000,69.185634,-190864589.0761993,-214127439.1497211,-88645957.59599349,17.60449072943644,-4.033504902478074,-2.456598435395566,2026-04-03T20:41:55.814410
2461134.363946759, A.D. 2026-Apr-03 20:44:05.0000,69.185634,-190863532.7783166,-214127681.1642424,-88646104.99484475,17.60454726864286,-4.033441568112175,-2.456572214318986,2026-04-03T20:42:55.814366
2461134.364641204, A.D. 2026-Apr-03 20:45:05.0000,69.185634,-190862476.4770436,-214127923.1749631,-88646252.39212239,17.60460380779403,-4.033378233385386,-2.456545993078989,2026-04-03T20:43:55.814403
2461134.365335648, A.D. 2026-Apr-03 20:46:05.0000,69.185634,-190861420.172376,-214128165.181884,-88646399.787827,17.60466034689017,-4.033314898297452,-2.456519771675468,2026-04-03T20:44:55.814359
2461134.366030093, A.D. 2026-Apr-03 20:47:05.0000,69.185634,-190860363.8643181,-214128407.1850043,-88646547.18195802,17.60471688593107,-4.033251562848624,-2.456493550108529,2026-04-03T20:45:55.814396
2461134.366724537, A.D. 2026-Apr-03 20:48:05.0000,69.185634,-190859307.5528657,-214128649.1843247,-88646694.57451597,17.60477342491695,-4.033188227038646,-2.456467328378064,2026-04-03T20:46:55.814392
2461134.367418982, A.D. 2026-Apr-03 20:49:05.0000,69.185634,-190858251.2380209,-214128891.179845,-88646841.96550058,17.60482996384767,-4.033124890867643,-2.456441106484126,2026-04-03T20:47:55.814429
2461134.368113426, A.D. 2026-Apr-03 20:50:05.0000,69.185634,-190857194.9197857,-214129133.1715645,-88646989.35491154,17.60488650272315,-4.033061554335736,-2.456414884426763,2026-04-03T20:48:55.814385
2461134.36880787, A.D. 2026-Apr-03 20:51:05.0000,69.185634,-190856138.5981561,-214129375.1594841,-88647136.74274941,17.6049430415436,-4.032998217442673,-2.456388662205874,2026-04-03T20:49:55.814341
2461134.369502315, A.D. 2026-Apr-03 20:52:05.0000,69.185634,-190855082.273134,-214129617.1436035,-88647284.12901391,17.6049995803089,-4.032934880188575,-2.456362439821506,2026-04-03T20:50:55.814378
2461134.370196759, A.D. 2026-Apr-03 20:53:05.0000,69.185634,-190854025.9447195,-214129859.1239225,-88647431.51370503,17.60505611901906,-4.032871542573441,-2.456336217273659,2026-04-03T20:51:55.814334
2461134.370891204, A.D. 2026-Apr-03 20:54:05.0000,69.185634,-190852969.6129126,-214130101.1004411,-88647578.89682275,17.60511265767407,-4.032808204597268,-2.456309994562333,2026-04-03T20:52:55.814411
2461134.371585648, A.D. 2026-Apr-03 20:55:05.0000,69.185634,-190851913.2777133,-214130343.0731594,-88647726.27836706,17.60516919627394,-4.032744866260055,-2.456283771687525,2026-04-03T20:53:55.814367
2461134.372280092, A.D. 2026-Apr-03 20:56:05.0000,69.185634,-190850856.9391216,-214130585.0420772,-88647873.65833795,17.60522573481866,-4.032681527561797,-2.456257548649234,2026-04-03T20:54:55.814323
2461134.372974537, A.D. 2026-Apr-03 20:57:05.0000,69.185634,-190849800.5971375,-214130827.0071946,-88648021.03673542,17.60528227330823,-4.032618188502491,-2.45623132544746,2026-04-03T20:55:55.814360
2461134.373668981, A.D. 2026-Apr-03 20:58:05.0000,69.185634,-190848744.251761,-214131068.9685116,-88648168.41355944,17.60533881174266,-4.032554849082137,-2.456205102082202,2026-04-03T20:56:55.814316
2461134.374363426, A.D. 2026-Apr-03 20:59:05.0000,69.185634,-190847687.9029921,-214131310.9260281,-88648315.78881003,17.60539535012192,-4.032491509300731,-2.456178878553457,2026-04-03T20:57:55.814393
2461134.375057871, A.D. 2026-Apr-03 21:00:05.0000,69.185634,-190846631.5508287,-214131552.8797446,-88648463.16248745,17.60545188844615,-4.032428169158145,-2.456152654861173,2026-04-03T20:58:55.814430
2461134.375752315, A.D. 2026-Apr-03 21:01:05.0000,69.185634,-190845575.1952751,-214131794.8296601,-88648610.5345911,17.60550842671511,-4.032364828654629,-2.456126431005452,2026-04-03T20:59:55.814386
2461134.376446759, A.D. 2026-Apr-03 21:02:05.0000,69.185634,-190844518.8363269,-214132036.7757755,-88648757.90512158,17.60556496492903,-4.032301487789926,-2.456100206986191,2026-04-03T21:00:55.814342
2461134.377141204, A.D. 2026-Apr-03 21:03:05.0000,69.185634,-190843462.4739885,-214132278.7180899,-88648905.27407828,17.60562150308769,-4.032238146564286,-2.45607398280349,2026-04-03T21:01:55.814419
2461134.377835648, A.D. 2026-Apr-03 21:04:05.0000,69.185634,-190842406.1082556,-214132520.6566042,-88649052.64146177,17.60567804119129,-4.032174804977457,-2.456047758457245,2026-04-03T21:02:55.814375
2461134.378530093, A.D. 2026-Apr-03 21:05:05.0000,69.185634,-190841349.7391325,-214132762.5913174,-88649200.00727147,17.60573457923963,-4.032111463029685,-2.456021533947559,2026-04-03T21:03:55.814412
2461134.379224537, A.D. 2026-Apr-03 21:06:05.0000,69.185634,-190840293.3666148,-214133004.5222304,-88649347.37150794,17.60579111723292,-4.032048120720719,-2.455995309274327,2026-04-03T21:04:55.814368
2461134.379918981, A.D. 2026-Apr-03 21:07:05.0000,69.185634,-190839236.990707,-214133246.4493424,-88649494.7341706,17.60584765517093,-4.031984778050806,-2.455969084437651,2026-04-03T21:05:55.814324
2461134.380613426, A.D. 2026-Apr-03 21:08:05.0000,69.185634,-190838180.6114046,-214133488.3726541,-88649642.09526,17.6059041930539,-4.03192143501969,-2.455942859437427,2026-04-03T21:06:55.814401
2461134.38130787, A.D. 2026-Apr-03 21:09:05.0000,69.185634,-190837124.2287099,-214133730.2921652,-88649789.45477588,17.6059607308817,-4.031858091627499,-2.455916634273704,2026-04-03T21:07:55.814357
2461134.382002315, A.D. 2026-Apr-03 21:10:05.0000,69.185634,-190836067.8426228,-214133972.2078755,-88649936.81271818,17.60601726865434,-4.031794747874226,-2.455890408946482,2026-04-03T21:08:55.814394
2461134.382696759, A.D. 2026-Apr-03 21:11:05.0000,69.185634,-190835011.4531434,-214134214.1197852,-88650084.16908693,17.60607380637182,-4.031731403759871,-2.45586418345576,2026-04-03T21:09:55.814350
2461134.383391204, A.D. 2026-Apr-03 21:12:05.0000,69.185634,-190833955.0602717,-214134456.027894,-88650231.52388212,17.60613034403413,-4.031668059284431,-2.455837957801537,2026-04-03T21:10:55.814387
2461134.384085648, A.D. 2026-Apr-03 21:13:05.0000,69.185634,-190832898.6640075,-214134697.9322021,-88650378.8771037,17.60618688164127,-4.031604714447902,-2.45581173198381,2026-04-03T21:11:55.814383
2461134.384780093, A.D. 2026-Apr-03 21:14:05.0000,69.185634,-190831842.2643511,-214134939.8327094,-88650526.2287517,17.60624341919325,-4.031541369250284,-2.45578550600258,2026-04-03T21:12:55.814420
2461134.385474537, A.D. 2026-Apr-03 21:15:05.0000,69.185634,-190830785.8613023,-214135181.7294159,-88650673.57882608,17.60629995669006,-4.031478023691571,-2.455759279857844,2026-04-03T21:13:55.814376
2461134.386168981, A.D. 2026-Apr-03 21:16:05.0000,69.185634,-190829729.4548612,-214135423.6223215,-88650820.92732689,17.60635649413168,-4.031414677771763,-2.455733053549602,2026-04-03T21:14:55.814332
2461134.386863426, A.D. 2026-Apr-03 21:17:05.0000,69.185634,-190828673.0450256,-214135665.5114268,-88650968.27425432,17.60641303151826,-4.031351331490732,-2.455706827077801,2026-04-03T21:15:55.814369
2461134.38755787, A.D. 2026-Apr-03 21:18:05.0000,69.185634,-190827616.6317999,-214135907.3967307,-88651115.61960785,17.60646956884955,-4.031287984848725,-2.455680600442543,2026-04-03T21:16:55.814325
2461134.388252315, A.D. 2026-Apr-03 21:19:05.0000,69.185634,-190826560.2151818,-214136149.2782336,-88651262.96338773,17.60652610612566,-4.031224637845614,-2.455654373643775,2026-04-03T21:17:55.814402
2461134.388946759, A.D. 2026-Apr-03 21:20:05.0000,69.185634,-190825503.7951693,-214136391.1559362,-88651410.30559427,17.60658264334671,-4.031161290481272,-2.455628146681443,2026-04-03T21:18:55.814358
2461134.389641204, A.D. 2026-Apr-03 21:21:05.0000,69.185634,-190824447.3717665,-214136633.0298373,-88651557.64622682,17.60663918051247,-4.031097942755947,-2.455601919555652,2026-04-03T21:19:55.814395
2461134.390335648, A.D. 2026-Apr-03 21:22:05.0000,69.185634,-190823390.9449694,-214136874.8999379,-88651704.985286,17.60669571762317,-4.031034594669384,-2.455575692266295,2026-04-03T21:20:55.814351
2461134.391030093, A.D. 2026-Apr-03 21:23:05.0000,69.185634,-190822334.514782,-214137116.766237,-88651852.32277122,17.60675225467858,-4.030971246221834,-2.455549464813475,2026-04-03T21:21:55.814428
2461134.391724537, A.D. 2026-Apr-03 21:24:05.0000,69.185634,-190821278.0812002,-214137358.6287356,-88651999.65868303,17.60680879167892,-4.030907897413043,-2.455523237197088,2026-04-03T21:22:55.814384
2461134.392418982, A.D. 2026-Apr-03 21:25:05.0000,69.185634,-190820221.6442262,-214137600.4874332,-88652146.99302115,17.60686532862407,-4.030844548243131,-2.455497009417183,2026-04-03T21:23:55.814421
2461134.393113426, A.D. 2026-Apr-03 21:26:05.0000,69.185634,-190819165.2038598,-214137842.3423297,-88652294.32578553,17.60692186551404,-4.030781198712099,-2.45547078147376,2026-04-03T21:24:55.814377
2461134.39380787, A.D. 2026-Apr-03 21:27:05.0000,69.185634,-190818108.7601033,-214138084.1934247,-88652441.65697592,17.60697840234872,-4.030717848820068,-2.455444553366869,2026-04-03T21:25:55.814333
2461134.394502315, A.D. 2026-Apr-03 21:28:05.0000,69.185634,-190817052.3129523,-214138326.040719,-88652588.98659287,17.60703493912833,-4.030654498566784,-2.455418325096406,2026-04-03T21:26:55.814410
2461134.395196759, A.D. 2026-Apr-03 21:29:05.0000,69.185634,-190815995.862409,-214138567.8842122,-88652736.31463608,17.60709147585275,-4.030591147952372,-2.455392096662421,2026-04-03T21:27:55.814366
2461134.395891204, A.D. 2026-Apr-03 21:30:05.0000,69.185634,-190814939.4084735,-214138809.7239043,-88652883.64110553,17.60714801252198,-4.030527796976827,-2.455365868064912,2026-04-03T21:28:55.814403
2461134.396585648, A.D. 2026-Apr-03 21:31:05.0000,69.185634,-190813882.9511457,-214139051.5597952,-88653030.96600123,17.60720454913603,-4.030464445640148,-2.45533963930388,2026-04-03T21:29:55.814359
2461134.397280093, A.D. 2026-Apr-03 21:32:05.0000,69.185634,-190812826.4904234,-214139293.3918854,-88653178.28932343,17.607261085695,-4.030401093942206,-2.45531341037927,2026-04-03T21:30:55.814396
2461134.397974537, A.D. 2026-Apr-03 21:33:05.0000,69.185634,-190811770.026311,-214139535.2201739,-88653325.61107159,17.60731762219866,-4.03033774188325,-2.455287181291185,2026-04-03T21:31:55.814392
2461134.398668982, A.D. 2026-Apr-03 21:34:05.0000,69.185634,-190810713.5588064,-214139777.0446612,-88653472.93124594,17.60737415864714,-4.030274389463153,-2.455260952039572,2026-04-03T21:32:55.814429
2461134.399363426, A.D. 2026-Apr-03 21:35:05.0000,69.185634,-190809657.0879095,-214140018.8653472,-88653620.24984649,17.60743069504042,-4.03021103668191,-2.455234722624431,2026-04-03T21:33:55.814385
2461134.40005787, A.D. 2026-Apr-03 21:36:05.0000,69.185634,-190808600.6136182,-214140260.6822324,-88653767.56687354,17.60748723137863,-4.030147683539394,-2.455208493045706,2026-04-03T21:34:55.814341
2461134.400752315, A.D. 2026-Apr-03 21:37:05.0000,69.185634,-190807544.1359367,-214140502.4953159,-88653914.88232645,17.60754376766152,-4.030084330035855,-2.455182263303503,2026-04-03T21:35:55.814378
2461134.401446759, A.D. 2026-Apr-03 21:38:05.0000,69.185634,-190806487.6548609,-214140744.3045985,-88654062.19620584,17.60760030388933,-4.030020976171037,-2.455156033397715,2026-04-03T21:36:55.814334
2461134.402141204, A.D. 2026-Apr-03 21:39:05.0000,69.185634,-190805431.1703949,-214140986.1100793,-88654209.5085111,17.60765684006183,-4.02995762194519,-2.455129803328445,2026-04-03T21:37:55.814411
2461134.402835648, A.D. 2026-Apr-03 21:40:05.0000,69.185634,-190804374.6825346,-214141227.9117592,-88654356.8192428,17.60771337617925,-4.029894267358059,-2.455103573095588,2026-04-03T21:38:55.814367
2461134.403530092, A.D. 2026-Apr-03 21:41:05.0000,69.185634,-190803318.1912841,-214141469.7096373,-88654504.12840036,17.60776991224135,-4.029830912409893,-2.455077342699246,2026-04-03T21:39:55.814323
2461134.404224537, A.D. 2026-Apr-03 21:42:05.0000,69.185634,-190802261.6966392,-214141711.5037144,-88654651.43598433,17.60782644824836,-4.02976755710044,-2.455051112139316,2026-04-03T21:40:55.814360
2461134.404918981, A.D. 2026-Apr-03 21:43:05.0000,69.185634,-190801205.1986022,-214141953.2939901,-88654798.74199443,17.60788298420018,-4.02970420142982,-2.455024881415846,2026-04-03T21:41:55.814316
2461134.405613426, A.D. 2026-Apr-03 21:44:05.0000,69.185634,-190800148.6971728,-214142195.0804644,-88654946.04643062,17.60793952009679,-4.029640845398032,-2.454998650528837,2026-04-03T21:42:55.814393
2461134.406307871, A.D. 2026-Apr-03 21:45:05.0000,69.185634,-190799092.1923534,-214142436.8631366,-88655093.34929264,17.60799605593808,-4.029577489005201,-2.454972419478338,2026-04-03T21:43:55.814430
2461134.407002315, A.D. 2026-Apr-03 21:46:05.0000,69.185634,-190798035.6841396,-214142678.642008,-88655240.65058103,17.60805259172429,-4.029514132251069,-2.454946188264246,2026-04-03T21:44:55.814386
2461134.407696759, A.D. 2026-Apr-03 21:47:05.0000,69.185634,-190796979.1725335,-214142920.4170777,-88655387.95029552,17.60810912745528,-4.029450775135763,-2.45491995688661,2026-04-03T21:45:55.814342
2461134.408391204, A.D. 2026-Apr-03 21:48:05.0000,69.185634,-190795922.6575353,-214143162.188346,-88655535.24843608,17.60816566313107,-4.029387417659279,-2.454893725345429,2026-04-03T21:46:55.814419
2461134.409085648, A.D. 2026-Apr-03 21:49:05.0000,69.185634,-190794866.1391448,-214143403.9558127,-88655682.54500268,17.60822219875165,-4.029324059821612,-2.454867493640703,2026-04-03T21:47:55.814375
2461134.409780093, A.D. 2026-Apr-03 21:50:05.0000,69.185634,-190793809.61736,-214143645.7194783,-88655829.83999565,17.60827873431713,-4.029260701622637,-2.454841261772377,2026-04-03T21:48:55.814412
2461134.410474537, A.D. 2026-Apr-03 21:51:05.0000,69.185634,-190792753.0921851,-214143887.4793418,-88655977.13341437,17.60833526982729,-4.029197343062601,-2.454815029740555,2026-04-03T21:49:55.814368
2461134.411168981, A.D. 2026-Apr-03 21:52:05.0000,69.185634,-190791696.563618,-214144129.2354037,-88656124.42525913,17.60839180528223,-4.029133984141377,-2.454788797545184,2026-04-03T21:50:55.814324
2461134.411863426, A.D. 2026-Apr-03 21:53:05.0000,69.185634,-190790640.0316586,-214144370.987664,-88656271.71552989,17.60844834068197,-4.029070624858962,-2.454762565186262,2026-04-03T21:51:55.814401
2461134.41255787, A.D. 2026-Apr-03 21:54:05.0000,69.185634,-190789583.496305,-214144612.7361231,-88656419.00422697,17.6085048760266,-4.029007265215228,-2.454736332663737,2026-04-03T21:52:55.814357
2461134.413252315, A.D. 2026-Apr-03 21:55:05.0000,69.185634,-190788526.9575612,-214144854.4807799,-88656566.29134975,17.6085614113159,-4.028943905210422,-2.454710099977711,2026-04-03T21:53:55.814394
2461134.413946759, A.D. 2026-Apr-03 21:56:05.0000,69.185634,-190787470.4154232,-214145096.2216357,-88656713.57689883,17.6086179465501,-4.028880544844291,-2.454683867128077,2026-04-03T21:54:55.814350
2461134.414641204, A.D. 2026-Apr-03 21:57:05.0000,69.185634,-190786413.869895,-214145337.9586891,-88656860.8608736,17.60867448172897,-4.028817184117085,-2.454657634114941,2026-04-03T21:55:55.814387
2461134.415335648, A.D. 2026-Apr-03 21:58:05.0000,69.185634,-190785357.3209725,-214145579.6919413,-88657008.14327462,17.60873101685273,-4.028753823028549,-2.454631400938196,2026-04-03T21:56:55.814383
2461134.416030093, A.D. 2026-Apr-03 21:59:05.0000,69.185634,-190784300.7686579,-214145821.4213918,-88657155.42410162,17.60878755192128,-4.028690461578806,-2.454605167597893,2026-04-03T21:57:55.814420
2461134.416724537, A.D. 2026-Apr-03 22:00:05.0000,69.185634,-190783244.2129532,-214146063.1470399,-88657302.7033543,17.60884408693449,-4.028627099767981,-2.454578934094084,2026-04-03T21:58:55.814376
2461134.417418981, A.D. 2026-Apr-03 22:01:05.0000,69.185634,-190782187.6538541,-214146304.8688867,-88657449.98103319,17.60890062189258,-4.028563737595817,-2.454552700426662,2026-04-03T21:59:55.814332
2461134.418113426, A.D. 2026-Apr-03 22:02:05.0000,69.185634,-190781131.091363,-214146546.5869317,-88657597.25713803,17.60895715679546,-4.028500375062438,-2.454526466595679,2026-04-03T22:00:55.814369
2461134.41880787, A.D. 2026-Apr-03 22:03:05.0000,69.185634,-190780074.5254796,-214146788.3011748,-88657744.53166878,17.60901369164311,-4.028437012167843,-2.454500232601132,2026-04-03T22:01:55.814325
2461134.419502315, A.D. 2026-Apr-03 22:04:05.0000,69.185634,-190779017.956204,-214147030.0116161,-88657891.80462547,17.60907022643554,-4.028373648912027,-2.454473998443023,2026-04-03T22:02:55.814402
2461134.420196759, A.D. 2026-Apr-03 22:05:05.0000,69.185634,-190777961.3835363,-214147271.7182554,-88658039.07600804,17.60912676117274,-4.028310285294991,-2.454447764121348,2026-04-03T22:03:55.814358
2461134.420891204, A.D. 2026-Apr-03 22:06:05.0000,69.185634,-190776904.8074764,-214147513.4210928,-88658186.34581651,17.60918329585471,-4.028246921316729,-2.454421529636107,2026-04-03T22:04:55.814395
2461134.421585648, A.D. 2026-Apr-03 22:07:05.0000,69.185634,-190775848.2280243,-214147755.1201283,-88658333.61405088,17.60923983048145,-4.028183556977239,-2.454395294987299,2026-04-03T22:05:55.814351
2461134.422280093, A.D. 2026-Apr-03 22:08:05.0000,69.185634,-190774791.6451801,-214147996.8153618,-88658480.88071111,17.60929636505296,-4.02812019227652,-2.454369060174923,2026-04-03T22:06:55.814428
2461134.422974537, A.D. 2026-Apr-03 22:09:05.0000,69.185634,-190773735.0589437,-214148238.5067933,-88658628.14579722,17.60935289956924,-4.028056827214568,-2.454342825198976,2026-04-03T22:07:55.814384
2461134.423668982, A.D. 2026-Apr-03 22:10:05.0000,69.185634,-190772678.4693131,-214148480.1944233,-88658775.40930948,17.6094094340304,-4.027993461791255,-2.454316590059406,2026-04-03T22:08:55.814421
2461134.424363426, A.D. 2026-Apr-03 22:11:05.0000,69.185634,-190771621.8762924,-214148721.8782507,-88658922.67124729,17.60946596843621,-4.02793009600683,-2.454290354756317,2026-04-03T22:09:55.814377
2461134.42505787, A.D. 2026-Apr-03 22:12:05.0000,69.185634,-190770565.2798796,-214148963.5582761,-88659069.93161093,17.60952250278679,-4.027866729861166,-2.454264119289653,2026-04-03T22:10:55.814333
