Az,El,Delta,Deldot,Calendar Date (UTC)
107.302267,-13.803764,1.30996852587102,-26.2459996,2026-04-05T21:48:06
107.474355,-13.641893,1.30995799929891,-26.2458324,2026-04-05T21:49:06
107.646476,-13.480174,1.309947472795,-26.2456596,2026-04-05T21:50:06
107.818635,-13.318609,1.30993694636152,-26.2454812,2026-04-05T21:51:06
107.990834,-13.157201,1.30992642000072,-26.2452972,2026-04-05T21:52:06
108.163075,-12.99595,1.30991589371483,-26.2451076,2026-04-05T21:53:06
108.33536,-12.834858,1.30990536750611,-26.2449124,2026-04-05T21:54:06
108.507693,-12.673927,1.30989484137678,-26.2447116,2026-04-05T21:55:06
108.680076,-12.513157,1.30988431532909,-26.2445053,2026-04-05T21:56:06
108.852512,-12.352551,1.30987378936528,-26.2442934,2026-04-05T21:57:06
109.025003,-12.19211,1.30986326348758,-26.2440758,2026-04-05T21:58:06
109.197551,-12.031836,1.30985273769824,-26.2438528,2026-04-05T21:59:06
109.37016,-11.871729,1.30984221199949,-26.2436241,2026-04-05T22:00:06
109.542831,-11.711792,1.30983168639356,-26.2433899,2026-04-05T22:01:06
109.715567,-11.552026,1.30982116088268,-26.2431501,2026-04-05T22:02:06
109.888372,-11.392433,1.3098106354691,-26.2429047,2026-04-05T22:03:06
110.061246,-11.233013,1.30980011015504,-26.2426538,2026-04-05T22:04:06
110.234193,-11.073769,1.30978958494273,-26.2423973,2026-04-05T22:05:06
110.407216,-10.914703,1.3097790598344,-26.2421353,2026-04-05T22:06:06
110.580316,-10.755815,1.30976853483228,-26.2418677,2026-04-05T22:07:06
110.753496,-10.597107,1.3097580099386,-26.2415945,2026-04-05T22:08:06
110.926758,-10.438581,1.30974748515558,-26.2413159,2026-04-05T22:09:06
111.100106,-10.280238,1.30973696048544,-26.2410316,2026-04-05T22:10:06
111.27354,-10.12208,1.30972643593041,-26.2407418,2026-04-05T22:11:06
111.447065,-9.964108,1.30971591149271,-26.2404465,2026-04-05T22:12:06
111.620682,-9.806324,1.30970538717456,-26.2401457,2026-04-05T22:13:06
111.794393,-9.64873,1.30969486297818,-26.2398393,2026-04-05T22:14:06
111.968201,-9.491326,1.30968433890578,-26.2395274,2026-04-05T22:15:06
112.142109,-9.334115,1.30967381495957,-26.23921,2026-04-05T22:16:06
112.316118,-9.177099,1.30966329114178,-26.2388871,2026-04-05T22:17:06
112.490231,-9.020277,1.30965276745461,-26.2385587,2026-04-05T22:18:06
112.664451,-8.863654,1.30964224390026,-26.2382247,2026-04-05T22:19:06
112.838779,-8.707228,1.30963172048096,-26.2378853,2026-04-05T22:20:06
113.013218,-8.551004,1.3096211971989,-26.2375403,2026-04-05T22:21:06
113.187771,-8.394981,1.30961067405629,-26.2371899,2026-04-05T22:22:06
113.362439,-8.239162,1.30960015105533,-26.236834,2026-04-05T22:23:06
113.537225,-8.083548,1.30958962819822,-26.2364726,2026-04-05T22:24:06
113.712131,-7.928141,1.30957910548715,-26.2361057,2026-04-05T22:25:06
113.887159,-7.772942,1.30956858292434,-26.2357333,2026-04-05T22:26:06
114.062313,-7.617952,1.30955806051195,-26.2353555,2026-04-05T22:27:06
114.237593,-7.463175,1.3095475382522,-26.2349722,2026-04-05T22:28:06
114.413002,-7.30861,1.30953701614727,-26.2345835,2026-04-05T22:29:06
114.588543,-7.15426,1.30952649419934,-26.2341893,2026-04-05T22:30:06
114.764218,-7.000127,1.3095159724106,-26.2337896,2026-04-05T22:31:06
114.940028,-6.846211,1.30950545078323,-26.2333846,2026-04-05T22:32:06
115.115977,-6.692515,1.30949492931942,-26.2329741,2026-04-05T22:33:06
115.292066,-6.539041,1.30948440802134,-26.2325581,2026-04-05T22:34:06
115.468297,-6.385789,1.30947388689116,-26.2321368,2026-04-05T22:35:06
115.644673,-6.232761,1.30946336593106,-26.23171,2026-04-05T22:36:06
115.821196,-6.07996,1.30945284514321,-26.2312778,2026-04-05T22:37:06
115.997868,-5.927386,1.30944232452978,-26.2308402,2026-04-05T22:38:06
116.174691,-5.775042,1.30943180409293,-26.2303973,2026-04-05T22:39:06
116.351667,-5.622928,1.30942128383482,-26.2299489,2026-04-05T22:40:06
116.528799,-5.471048,1.30941076375762,-26.2294952,2026-04-05T22:41:06
116.706088,-5.319401,1.30940024386348,-26.229036,2026-04-05T22:42:06
116.883537,-5.167991,1.30938972415455,-26.2285716,2026-04-05T22:43:06
117.061148,-5.016818,1.309379204633,-26.2281017,2026-04-05T22:44:06
117.238923,-4.865885,1.30936868530095,-26.2276265,2026-04-05T22:45:06
117.416864,-4.715193,1.30935816616057,-26.227146,2026-04-05T22:46:06
117.594973,-4.564743,1.30934764721399,-26.2266601,2026-04-05T22:47:06
117.773252,-4.414538,1.30933712846337,-26.2261689,2026-04-05T22:48:06
117.951703,-4.264579,1.30932660991081,-26.2256723,2026-04-05T22:49:06
118.130328,-4.114867,1.30931609155847,-26.2251705,2026-04-05T22:50:06
118.30913,-3.965405,1.30930557340847,-26.2246633,2026-04-05T22:51:06
118.48811,-3.816194,1.30929505546294,-26.2241509,2026-04-05T22:52:06
118.667271,-3.667236,1.309284537724,-26.2236331,2026-04-05T22:53:06
118.846614,-3.518533,1.30927402019378,-26.2231101,2026-04-05T22:54:06
119.026141,-3.370086,1.3092635028744,-26.2225817,2026-04-05T22:55:06
119.205855,-3.221897,1.30925298576796,-26.2220482,2026-04-05T22:56:06
119.385757,-3.073967,1.30924246887658,-26.2215093,2026-04-05T22:57:06
119.56585,-2.9263,1.30923195220237,-26.2209652,2026-04-05T22:58:06
119.746135,-2.778895,1.30922143574743,-26.2204159,2026-04-05T22:59:06
119.926614,-2.631755,1.30921091951386,-26.2198613,2026-04-05T23:00:06
120.10729,-2.484882,1.30920040350376,-26.2193015,2026-04-05T23:01:06
120.288164,-2.338278,1.30918988771922,-26.2187365,2026-04-05T23:02:06
120.469238,-2.191944,1.30917937216234,-26.2181663,2026-04-05T23:03:06
120.650514,-2.045882,1.30916885683519,-26.2175909,2026-04-05T23:04:06
120.831995,-1.900093,1.30915834173986,-26.2170103,2026-04-05T23:05:06
121.013681,-1.75458,1.30914782687844,-26.2164245,2026-04-05T23:06:06
121.195575,-1.609345,1.30913731225299,-26.2158336,2026-04-05T23:07:06
121.377679,-1.464388,1.30912679786558,-26.2152375,2026-04-05T23:08:06
121.559994,-1.319712,1.3091162837183,-26.2146362,2026-04-05T23:09:06
121.742523,-1.175319,1.30910576981319,-26.2140298,2026-04-05T23:10:06
121.925267,-1.031211,1.30909525615231,-26.2134183,2026-04-05T23:11:06
122.108228,-0.887388,1.30908474273774,-26.2128016,2026-04-05T23:12:06
122.291409,-0.743854,1.3090742295715,-26.2121799,2026-04-05T23:13:06
122.47481,-0.60061,1.30906371665567,-26.211553,2026-04-05T23:14:06
122.658434,-0.457657,1.30905320399227,-26.2109211,2026-04-05T23:15:06
122.842283,-0.314998,1.30904269158334,-26.210284,2026-04-05T23:16:06
123.026358,-0.172635,1.30903217943093,-26.2096419,2026-04-05T23:17:06
123.210661,-0.030568,1.30902166753707,-26.2089948,2026-04-05T23:18:06
123.395194,0.111199,1.30901115590377,-26.2083426,2026-04-05T23:19:06
123.579958,0.252665,1.30900064453308,-26.2076853,2026-04-05T23:20:06
123.764956,0.393829,1.30899013342699,-26.207023,2026-04-05T23:21:06
123.950189,0.534688,1.30897962258753,-26.2063557,2026-04-05T23:22:06
124.13566,0.675241,1.30896911201671,-26.2056834,2026-04-05T23:23:06
124.321368,0.815485,1.30895860171653,-26.2050061,2026-04-05T23:24:06
124.507317,0.955419,1.30894809168899,-26.2043239,2026-04-05T23:25:06
124.693509,1.095042,1.30893758193609,-26.2036366,2026-04-05T23:26:06
124.879944,1.23435,1.30892707245983,-26.2029444,2026-04-05T23:27:06
125.066624,1.373342,1.30891656326218,-26.2022472,2026-04-05T23:28:06
125.253552,1.512016,1.30890605434514,-26.2015452,2026-04-05T23:29:06
125.440728,1.650371,1.30889554571068,-26.2008381,2026-04-05T23:30:06
125.628155,1.788404,1.30888503736077,-26.2001262,2026-04-05T23:31:06
125.815834,1.926114,1.30887452929738,-26.1994093,2026-04-05T23:32:06
126.003767,2.063499,1.30886402152248,-26.1986876,2026-04-05T23:33:06
126.191955,2.200556,1.30885351403802,-26.197961,2026-04-05T23:34:06
126.3804,2.337284,1.30884300684597,-26.1972295,2026-04-05T23:35:06
126.569103,2.473681,1.30883249994826,-26.1964932,2026-04-05T23:36:06
126.758067,2.609744,1.30882199334685,-26.195752,2026-04-05T23:37:06
126.947293,2.745473,1.30881148704367,-26.195006,2026-04-05T23:38:06
127.136781,2.880865,1.30880098104066,-26.1942552,2026-04-05T23:39:06
127.326535,3.015918,1.30879047533974,-26.1934996,2026-04-05T23:40:06
127.516555,3.150629,1.30877996994285,-26.1927391,2026-04-05T23:41:06
127.706843,3.284998,1.3087694648519,-26.1919739,2026-04-05T23:42:06
127.8974,3.419023,1.30875896006881,-26.191204,2026-04-05T23:43:06
128.088228,3.5527,1.30874845559548,-26.1904293,2026-04-05T23:44:06
128.279329,3.686029,1.30873795143383,-26.1896498,2026-04-05T23:45:06
128.470703,3.819007,1.30872744758573,-26.1888656,2026-04-05T23:46:06
128.662353,3.951632,1.30871694405311,-26.1880767,2026-04-05T23:47:06
128.85428,4.083902,1.30870644083783,-26.1872831,2026-04-05T23:48:06
129.046485,4.215816,1.30869593794178,-26.1864848,2026-04-05T23:49:06
129.238969,4.347371,1.30868543536684,-26.1856819,2026-04-05T23:50:06
129.431734,4.478565,1.30867493311489,-26.1848742,2026-04-05T23:51:06
129.624782,4.609397,1.30866443118778,-26.184062,2026-04-05T23:52:06
129.818114,4.739863,1.30865392958738,-26.1832451,2026-04-05T23:53:06
130.011731,4.869963,1.30864342831555,-26.1824235,2026-04-05T23:54:06
130.205634,4.999694,1.30863292737413,-26.1815974,2026-04-05T23:55:06
130.399826,5.129055,1.30862242676497,-26.1807667,2026-04-05T23:56:06
130.594306,5.258042,1.3086119264899,-26.1799314,2026-04-05T23:57:06
130.789077,5.386654,1.30860142655077,-26.1790915,2026-04-05T23:58:06
130.98414,5.51489,1.3085909269494,-26.1782471,2026-04-05T23:59:06
131.179496,5.642746,1.3085804276876,-26.1773982,2026-04-06T00:00:06
131.375146,5.770221,1.30856992876721,-26.1765447,2026-04-06T00:01:06
131.571092,5.897313,1.30855943019001,-26.1756867,2026-04-06T00:02:06
131.767334,6.02402,1.30854893195783,-26.1748243,2026-04-06T00:03:06
131.963875,6.15034,1.30853843407246,-26.1739573,2026-04-06T00:04:06
132.160715,6.27627,1.30852793653568,-26.1730859,2026-04-06T00:05:06
132.357855,6.401808,1.30851743934929,-26.1722101,2026-04-06T00:06:06
132.555297,6.526954,1.30850694251507,-26.1713298,2026-04-06T00:07:06
132.753042,6.651703,1.30849644603479,-26.1704451,2026-04-06T00:08:06
132.95109,6.776055,1.30848594991023,-26.169556,2026-04-06T00:09:06
133.149444,6.900007,1.30847545414313,-26.1686625,2026-04-06T00:10:06
133.348104,7.023557,1.30846495873526,-26.1677647,2026-04-06T00:11:06
133.547071,7.146702,1.30845446368837,-26.1668625,2026-04-06T00:12:06
133.746346,7.269442,1.30844396900421,-26.1659559,2026-04-06T00:13:06
133.94593,7.391774,1.3084334746845,-26.165045,2026-04-06T00:14:06
134.145825,7.513695,1.30842298073099,-26.1641298,2026-04-06T00:15:06
134.346032,7.635203,1.30841248714539,-26.1632104,2026-04-06T00:16:06
134.546551,7.756297,1.30840199392943,-26.1622866,2026-04-06T00:17:06
134.747383,7.876974,1.30839150108481,-26.1613586,2026-04-06T00:18:06
134.948529,7.997233,1.30838100861325,-26.1604263,2026-04-06T00:19:06
135.149991,8.11707,1.30837051651644,-26.1594898,2026-04-06T00:20:06
135.351769,8.236484,1.30836002479608,-26.1585491,2026-04-06T00:21:06
135.553865,8.355472,1.30834953345386,-26.1576042,2026-04-06T00:22:06
135.756278,8.474034,1.30833904249144,-26.1566552,2026-04-06T00:23:06
135.95901,8.592165,1.30832855191052,-26.1557019,2026-04-06T00:24:06
136.162062,8.709865,1.30831806171275,-26.1547445,2026-04-06T00:25:06
136.365435,8.827131,1.30830757189979,-26.153783,2026-04-06T00:26:06
136.569129,8.94396,1.30829708247331,-26.1528173,2026-04-06T00:27:06
136.773145,9.060351,1.30828659343494,-26.1518476,2026-04-06T00:28:06
136.977484,9.176302,1.30827610478632,-26.1508738,2026-04-06T00:29:06
137.182148,9.29181,1.3082656165291,-26.1498959,2026-04-06T00:30:06
137.387135,9.406874,1.30825512866489,-26.1489139,2026-04-06T00:31:06
137.592448,9.52149,1.30824464119533,-26.147928,2026-04-06T00:32:06
137.798087,9.635657,1.30823415412201,-26.146938,2026-04-06T00:33:06
138.004052,9.749373,1.30822366744655,-26.145944,2026-04-06T00:34:06
138.210344,9.862635,1.30821318117055,-26.144946,2026-04-06T00:35:06
138.416965,9.975442,1.30820269529559,-26.1439441,2026-04-06T00:36:06
138.623914,10.08779,1.30819220982328,-26.1429383,2026-04-06T00:37:06
138.831192,10.199679,1.30818172475517,-26.1419285,2026-04-06T00:38:06
139.038799,10.311105,1.30817124009286,-26.1409147,2026-04-06T00:39:06
139.246737,10.422066,1.30816075583789,-26.1398972,2026-04-06T00:40:06
139.455006,10.532561,1.30815027199183,-26.1388757,2026-04-06T00:41:06
139.663605,10.642587,1.30813978855623,-26.1378503,2026-04-06T00:42:06
139.872537,10.752142,1.30812930553264,-26.1368212,2026-04-06T00:43:06
140.0818,10.861223,1.30811882292258,-26.1357882,2026-04-06T00:44:06
140.291397,10.969829,1.30810834072759,-26.1347514,2026-04-06T00:45:06
140.501326,11.077957,1.30809785894919,-26.1337108,2026-04-06T00:46:06
140.711588,11.185605,1.30808737758889,-26.1326665,2026-04-06T00:47:06
140.922185,11.292771,1.30807689664821,-26.1316184,2026-04-06T00:48:06
141.133115,11.399452,1.30806641612863,-26.1305665,2026-04-06T00:49:06
141.34438,11.505647,1.30805593603166,-26.129511,2026-04-06T00:50:06
141.555979,11.611353,1.30804545635878,-26.1284518,2026-04-06T00:51:06
141.767914,11.716568,1.30803497711147,-26.1273889,2026-04-06T00:52:06
141.980184,11.82129,1.3080244982912,-26.1263223,2026-04-06T00:53:06
142.192789,11.925516,1.30801401989943,-26.1252521,2026-04-06T00:54:06
142.40573,12.029245,1.30800354193761,-26.1241783,2026-04-06T00:55:06
142.619006,12.132473,1.3079930644072,-26.1231008,2026-04-06T00:56:06
142.832619,12.235199,1.30798258730963,-26.1220198,2026-04-06T00:57:06
143.046567,12.337421,1.30797211064635,-26.1209353,2026-04-06T00:58:06
143.260852,12.439137,1.30796163441877,-26.1198471,2026-04-06T00:59:06
143.475473,12.540343,1.3079511586283,-26.1187555,2026-04-06T01:00:06
143.69043,12.641039,1.30794068327638,-26.1176604,2026-04-06T01:01:06
143.905723,12.741221,1.30793020836438,-26.1165617,2026-04-06T01:02:06
144.121353,12.840888,1.30791973389372,-26.1154596,2026-04-06T01:03:06
144.337318,12.940037,1.30790925986577,-26.1143541,2026-04-06T01:04:06
144.55362,13.038667,1.30789878628192,-26.1132451,2026-04-06T01:05:06
144.770258,13.136774,1.30788831314353,-26.1121327,2026-04-06T01:06:06
144.987232,13.234357,1.30787784045198,-26.1110169,2026-04-06T01:07:06
145.204542,13.331413,1.30786736820861,-26.1098977,2026-04-06T01:08:06
145.422187,13.42794,1.30785689641478,-26.1087752,2026-04-06T01:09:06
145.640168,13.523937,1.30784642507182,-26.1076494,2026-04-06T01:10:06
145.858484,13.6194,1.30783595418108,-26.1065202,2026-04-06T01:11:06
146.077135,13.714328,1.30782548374386,-26.1053878,2026-04-06T01:12:06
146.29612,13.808719,1.30781501376149,-26.1042521,2026-04-06T01:13:06
146.51544,13.902569,1.30780454423528,-26.1031131,2026-04-06T01:14:06
146.735094,13.995878,1.30779407516655,-26.1019709,2026-04-06T01:15:06
146.955081,14.088643,1.30778360655655,-26.1008255,2026-04-06T01:16:06
147.175402,14.180861,1.30777313840658,-26.0996769,2026-04-06T01:17:06
147.396055,14.27253,1.30776267071793,-26.0985251,2026-04-06T01:18:06
147.617041,14.363649,1.30775220349185,-26.0973702,2026-04-06T01:19:06
147.838358,14.454215,1.30774173672961,-26.0962121,2026-04-06T01:20:06
148.060007,14.544226,1.30773127043247,-26.095051,2026-04-06T01:21:06
148.281986,14.633679,1.30772080460165,-26.0938867,2026-04-06T01:22:06
148.504296,14.722573,1.30771033923841,-26.0927194,2026-04-06T01:23:06
148.726935,14.810905,1.30769987434397,-26.091549,2026-04-06T01:24:06
148.949903,14.898674,1.30768940991954,-26.0903756,2026-04-06T01:25:06
149.173199,14.985876,1.30767894596635,-26.0891992,2026-04-06T01:26:06
149.396823,15.072511,1.30766848248558,-26.0880198,2026-04-06T01:27:06
149.620774,15.158575,1.30765801947844,-26.0868374,2026-04-06T01:28:06
149.845051,15.244066,1.3076475569461,-26.0856521,2026-04-06T01:29:06
150.069653,15.328984,1.30763709488976,-26.0844638,2026-04-06T01:30:06
150.29458,15.413324,1.30762663331057,-26.0832727,2026-04-06T01:31:06
150.51983,15.497086,1.3076161722097,-26.0820786,2026-04-06T01:32:06
150.745403,15.580266,1.3076057115883,-26.0808817,2026-04-06T01:33:06
150.971297,15.662864,1.30759525144752,-26.079682,2026-04-06T01:34:06
151.197513,15.744876,1.30758479178848,-26.0784794,2026-04-06T01:35:06
151.424048,15.826301,1.30757433261232,-26.0772741,2026-04-06T01:36:06
151.650903,15.907137,1.30756387392016,-26.0760659,2026-04-06T01:37:06
151.878075,15.987381,1.3075534157131,-26.074855,2026-04-06T01:38:06
152.105564,16.067031,1.30754295799225,-26.0736414,2026-04-06T01:39:06
152.333368,16.146086,1.3075325007587,-26.0724251,2026-04-06T01:40:06
152.561488,16.224543,1.30752204401352,-26.071206,2026-04-06T01:41:06
152.78992,16.3024,1.30751158775781,-26.0699843,2026-04-06T01:42:06
153.018665,16.379655,1.30750113199263,-26.06876,2026-04-06T01:43:06
153.24772,16.456307,1.30749067671902,-26.067533,2026-04-06T01:44:06
153.477086,16.532352,1.30748022193805,-26.0663034,2026-04-06T01:45:06
153.706759,16.607789,1.30746976765076,-26.0650712,2026-04-06T01:46:06
153.93674,16.682617,1.30745931385817,-26.0638365,2026-04-06T01:47:06
154.167027,16.756832,1.3074488605613,-26.0625992,2026-04-06T01:48:06
154.397617,16.830433,1.30743840776119,-26.0613594,2026-04-06T01:49:06
154.628511,16.903418,1.30742795545882,-26.0601171,2026-04-06T01:50:06
154.859706,16.975785,1.3074175036552,-26.0588724,2026-04-06T01:51:06
155.091201,17.047532,1.30740705235132,-26.0576251,2026-04-06T01:52:06
155.322994,17.118657,1.30739660154815,-26.0563755,2026-04-06T01:53:06
155.555085,17.189158,1.30738615124666,-26.0551234,2026-04-06T01:54:06
155.78747,17.259033,1.30737570144782,-26.053869,2026-04-06T01:55:06
156.020149,17.32828,1.30736525215259,-26.0526122,2026-04-06T01:56:06
156.253121,17.396897,1.30735480336189,-26.051353,2026-04-06T01:57:06
156.486382,17.464882,1.30734435507667,-26.0500915,2026-04-06T01:58:06
156.719933,17.532234,1.30733390729786,-26.0488278,2026-04-06T01:59:06
156.95377,17.59895,1.30732346002637,-26.0475617,2026-04-06T02:00:06
157.187892,17.665029,1.30731301326311,-26.0462934,2026-04-06T02:01:06
157.422297,17.730469,1.30730256700897,-26.0450229,2026-04-06T02:02:06
157.656984,17.795267,1.30729212126486,-26.0437502,2026-04-06T02:03:06
157.891951,17.859422,1.30728167603164,-26.0424752,2026-04-06T02:04:06
158.127195,17.922932,1.3072712313102,-26.0411982,2026-04-06T02:05:06
158.362715,17.985796,1.30726078710139,-26.0399189,2026-04-06T02:06:06
158.598508,18.048011,1.30725034340607,-26.0386376,2026-04-06T02:07:06
158.834574,18.109575,1.30723990022508,-26.0373542,2026-04-06T02:08:06
159.070909,18.170488,1.30722945755926,-26.0360686,2026-04-06T02:09:06
159.307512,18.230747,1.30721901540943,-26.0347811,2026-04-06T02:10:06
159.54438,18.290349,1.30720857377642,-26.0334915,2026-04-06T02:11:06
159.781512,18.349295,1.30719813266102,-26.0321999,2026-04-06T02:12:06
160.018905,18.407581,1.30718769206405,-26.0309063,2026-04-06T02:13:06
160.256557,18.465206,1.30717725198628,-26.0296108,2026-04-06T02:14:06
160.494466,18.522169,1.30716681242851,-26.0283134,2026-04-06T02:15:06
160.732629,18.578468,1.30715637339149,-26.027014,2026-04-06T02:16:06
160.971045,18.6341,1.307145934876,-26.0257127,2026-04-06T02:17:06
161.209711,18.689065,1.30713549688278,-26.0244096,2026-04-06T02:18:06
161.448624,18.74336,1.30712505941259,-26.0231046,2026-04-06T02:19:06
161.687783,18.796985,1.30711462246614,-26.0217978,2026-04-06T02:20:06
161.927185,18.849937,1.30710418604418,-26.0204893,2026-04-06T02:21:06
162.166827,18.902215,1.30709375014741,-26.0191789,2026-04-06T02:22:06
162.406707,18.953817,1.30708331477654,-26.0178668,2026-04-06T02:23:06
162.646822,19.004741,1.30707287993226,-26.016553,2026-04-06T02:24:06
162.887171,19.054987,1.30706244561528,-26.0152374,2026-04-06T02:25:06
163.12775,19.104553,1.30705201182625,-26.0139202,2026-04-06T02:26:06
163.368556,19.153436,1.30704157856586,-26.0126013,2026-04-06T02:27:06
163.609588,19.201636,1.30703114583477,-26.0112808,2026-04-06T02:28:06
163.850843,19.249151,1.30702071363361,-26.0099587,2026-04-06T02:29:06
164.092317,19.29598,1.30701028196304,-26.008635,2026-04-06T02:30:06
164.334009,19.342121,1.30699985082368,-26.0073098,2026-04-06T02:31:06
164.575915,19.387572,1.30698942021616,-26.005983,2026-04-06T02:32:06
164.818032,19.432333,1.30697899014109,-26.0046546,2026-04-06T02:33:06
165.060359,19.476402,1.30696856059907,-26.0033248,2026-04-06T02:34:06
165.302892,19.519777,1.30695813159069,-26.0019936,2026-04-06T02:35:06
165.545628,19.562457,1.30694770311655,-26.0006608,2026-04-06T02:36:06
165.788565,19.604441,1.3069372751772,-25.9993267,2026-04-06T02:37:06
166.031699,19.645728,1.30692684777323,-25.9979912,2026-04-06T02:38:06
166.275027,19.686316,1.30691642090518,-25.9966542,2026-04-06T02:39:06
166.518548,19.726203,1.3069059945736,-25.995316,2026-04-06T02:40:06
166.762257,19.765389,1.30689556877903,-25.9939764,2026-04-06T02:41:06
167.006152,19.803873,1.30688514352199,-25.9926355,2026-04-06T02:42:06
167.25023,19.841653,1.306874718803,-25.9912933,2026-04-06T02:43:06
167.494487,19.878727,1.30686429462258,-25.9899499,2026-04-06T02:44:06
167.738921,19.915095,1.3068538709812,-25.9886053,2026-04-06T02:45:06
167.983529,19.950756,1.30684344787938,-25.9872594,2026-04-06T02:46:06
168.228307,19.985709,1.30683302531758,-25.9859124,2026-04-06T02:47:06
168.473252,20.019951,1.30682260329627,-25.9845642,2026-04-06T02:48:06
168.718361,20.053483,1.30681218181591,-25.9832149,2026-04-06T02:49:06
168.963632,20.086303,1.30680176087696,-25.9818644,2026-04-06T02:50:06
169.20906,20.11841,1.30679134047986,-25.9805129,2026-04-06T02:51:06
169.454643,20.149802,1.30678092062503,-25.9791603,2026-04-06T02:52:06
169.700377,20.18048,1.30677050131289,-25.9778067,2026-04-06T02:53:06
169.946259,20.210442,1.30676008254386,-25.976452,2026-04-06T02:54:06
170.192286,20.239687,1.30674966431835,-25.9750964,2026-04-06T02:55:06
170.438454,20.268213,1.30673924663673,-25.9737398,2026-04-06T02:56:06
170.68476,20.296021,1.3067288294994,-25.9723823,2026-04-06T02:57:06
170.931202,20.323109,1.30671841290673,-25.9710238,2026-04-06T02:58:06
171.177775,20.349477,1.30670799685908,-25.9696645,2026-04-06T02:59:06
171.424475,20.375122,1.3066975813568,-25.9683042,2026-04-06T03:00:06
171.671301,20.400046,1.30668716640024,-25.9669432,2026-04-06T03:01:06
171.918248,20.424246,1.30667675198973,-25.9655813,2026-04-06T03:02:06
172.165312,20.447722,1.3066663381256,-25.9642186,2026-04-06T03:03:06
172.412491,20.470473,1.30665592480816,-25.9628552,2026-04-06T03:04:06
172.659781,20.492499,1.30664551203771,-25.961491,2026-04-06T03:05:06
172.907178,20.513798,1.30663509981456,-25.960126,2026-04-06T03:06:06
173.154679,20.53437,1.30662468813898,-25.9587604,2026-04-06T03:07:06
173.402281,20.554215,1.30661427701126,-25.9573941,2026-04-06T03:08:06
173.649979,20.573331,1.30660386643165,-25.9560271,2026-04-06T03:09:06
173.897771,20.591718,1.30659345640041,-25.9546596,2026-04-06T03:10:06
174.145653,20.609376,1.3065830469178,-25.9532914,2026-04-06T03:11:06
174.393621,20.626303,1.30657263798404,-25.9519226,2026-04-06T03:12:06
174.641672,20.6425,1.30656222959937,-25.9505533,2026-04-06T03:13:06
174.889802,20.657965,1.30655182176399,-25.9491835,2026-04-06T03:14:06
175.138007,20.672699,1.30654141447813,-25.9478131,2026-04-06T03:15:06
175.386284,20.6867,1.30653100774197,-25.9464423,2026-04-06T03:16:06
175.63463,20.699969,1.3065206015557,-25.945071,2026-04-06T03:17:06
175.88304,20.712504,1.30651019591951,-25.9436993,2026-04-06T03:18:06
176.131511,20.724305,1.30649979083355,-25.9423272,2026-04-06T03:19:06
176.38004,20.735373,1.30648938629799,-25.9409547,2026-04-06T03:20:06
176.628622,20.745706,1.30647898231297,-25.9395819,2026-04-06T03:21:06
176.877254,20.755304,1.30646857887864,-25.9382087,2026-04-06T03:22:06
177.125933,20.764167,1.30645817599513,-25.9368352,2026-04-06T03:23:06
177.374654,20.772295,1.30644777366254,-25.9354614,2026-04-06T03:24:06
177.623414,20.779687,1.306437371881,-25.9340873,2026-04-06T03:25:06
177.87221,20.786343,1.3064269706506,-25.932713,2026-04-06T03:26:06
178.121037,20.792263,1.30641656997142,-25.9313386,2026-04-06T03:27:06
178.369893,20.797446,1.30640616984356,-25.9299639,2026-04-06T03:28:06
178.618772,20.801894,1.30639577026708,-25.928589,2026-04-06T03:29:06
178.867672,20.805604,1.30638537124204,-25.9272141,2026-04-06T03:30:06
179.116589,20.808578,1.30637497276849,-25.925839,2026-04-06T03:31:06
179.365519,20.810814,1.30636457484647,-25.9244638,2026-04-06T03:32:06
179.614458,20.812314,1.30635417747601,-25.9230885,2026-04-06T03:33:06
179.863404,20.813077,1.30634378065714,-25.9217133,2026-04-06T03:34:06
180.112351,20.813103,1.30633338438985,-25.920338,2026-04-06T03:35:06
180.361296,20.812391,1.30632298867417,-25.9189627,2026-04-06T03:36:06
180.610236,20.810943,1.30631259351007,-25.9175874,2026-04-06T03:37:06
180.859166,20.808757,1.30630219889755,-25.9162122,2026-04-06T03:38:06
181.108084,20.805835,1.30629180483656,-25.9148371,2026-04-06T03:39:06
181.356985,20.802176,1.30628141132707,-25.9134621,2026-04-06T03:40:06
181.605866,20.79778,1.30627101836903,-25.9120872,2026-04-06T03:41:06
181.854723,20.792648,1.30626062596238,-25.9107125,2026-04-06T03:42:06
182.103552,20.786779,1.30625023410707,-25.909338,2026-04-06T03:43:06
182.35235,20.780175,1.306239842803,-25.9079636,2026-04-06T03:44:06
182.601113,20.772834,1.3062294520501,-25.9065895,2026-04-06T03:45:06
182.849837,20.764757,1.30621906184826,-25.9052157,2026-04-06T03:46:06
183.098518,20.755945,1.30620867219739,-25.9038421,2026-04-06T03:47:06
183.347154,20.746398,1.30619828309735,-25.9024688,2026-04-06T03:48:06
183.595739,20.736117,1.30618789454803,-25.9010959,2026-04-06T03:49:06
183.844271,20.7251,1.30617750654929,-25.8997233,2026-04-06T03:50:06
184.092746,20.71335,1.30616711910099,-25.8983511,2026-04-06T03:51:06
184.34116,20.700866,1.30615673220296,-25.8969793,2026-04-06T03:52:06
184.58951,20.687649,1.30614634585504,-25.8956079,2026-04-06T03:53:06
184.837791,20.673698,1.30613596005707,-25.894237,2026-04-06T03:54:06
185.086001,20.659016,1.30612557480884,-25.8928665,2026-04-06T03:55:06
185.334136,20.643602,1.30611519011017,-25.8914965,2026-04-06T03:56:06
185.582192,20.627456,1.30610480596085,-25.8901271,2026-04-06T03:57:06
185.830165,20.610579,1.30609442236066,-25.8887582,2026-04-06T03:58:06
186.078052,20.592972,1.30608403930939,-25.8873899,2026-04-06T03:59:06
186.32585,20.574636,1.30607365680679,-25.8860222,2026-04-06T04:00:06
186.573554,20.555571,1.30606327485263,-25.8846551,2026-04-06T04:01:06
186.821162,20.535777,1.30605289344665,-25.8832886,2026-04-06T04:02:06
187.06867,20.515255,1.30604251258859,-25.8819228,2026-04-06T04:03:06
187.316074,20.494006,1.30603213227817,-25.8805577,2026-04-06T04:04:06
187.56337,20.472031,1.30602175251511,-25.8791933,2026-04-06T04:05:06
187.810556,20.44933,1.30601137329911,-25.8778297,2026-04-06T04:06:06
188.057628,20.425905,1.30600099462989,-25.8764668,2026-04-06T04:07:06
188.304582,20.401755,1.30599061650711,-25.8751048,2026-04-06T04:08:06
188.551415,20.376882,1.30598023893047,-25.8737435,2026-04-06T04:09:06
188.798124,20.351287,1.30596986189962,-25.8723831,2026-04-06T04:10:06
189.044705,20.324969,1.30595948541423,-25.8710235,2026-04-06T04:11:06
189.291155,20.297931,1.30594910947395,-25.8696648,2026-04-06T04:12:06
189.53747,20.270174,1.30593873407841,-25.8683071,2026-04-06T04:13:06
189.783647,20.241697,1.30592835922725,-25.8669502,2026-04-06T04:14:06
190.029683,20.212502,1.30591798492008,-25.8655944,2026-04-06T04:15:06
190.275574,20.18259,1.30590761115652,-25.8642395,2026-04-06T04:16:06
190.521317,20.151962,1.30589723793617,-25.8628856,2026-04-06T04:17:06
190.766909,20.120619,1.30588686525861,-25.8615328,2026-04-06T04:18:06
191.012347,20.088561,1.30587649312342,-25.860181,2026-04-06T04:19:06
191.257628,20.055791,1.30586612153019,-25.8588303,2026-04-06T04:20:06
191.502747,20.022309,1.30585575047847,-25.8574807,2026-04-06T04:21:06
191.747703,19.988116,1.30584537996781,-25.8561322,2026-04-06T04:22:06
191.992491,19.953213,1.30583500999775,-25.8547849,2026-04-06T04:23:06
192.23711,19.917601,1.30582464056783,-25.8534388,2026-04-06T04:24:06
192.481554,19.881282,1.30581427167758,-25.8520938,2026-04-06T04:25:06
192.725823,19.844256,1.3058039033265,-25.8507501,2026-04-06T04:26:06
192.969912,19.806525,1.3057935355141,-25.8494076,2026-04-06T04:27:06
193.213818,19.768091,1.30578316823987,-25.8480664,2026-04-06T04:28:06
193.457539,19.728953,1.3057728015033,-25.8467265,2026-04-06T04:29:06
193.701071,19.689114,1.30576243530387,-25.845388,2026-04-06T04:30:06
193.944412,19.648575,1.30575206964104,-25.8440507,2026-04-06T04:31:06
194.187558,19.607337,1.30574170451427,-25.8427148,2026-04-06T04:32:06
194.430507,19.565401,1.30573133992299,-25.8413804,2026-04-06T04:33:06
194.673256,19.522769,1.30572097586666,-25.8400473,2026-04-06T04:34:06
194.915801,19.479442,1.3057106123447,-25.8387157,2026-04-06T04:35:06
195.158141,19.435421,1.30570024935653,-25.8373855,2026-04-06T04:36:06
195.400271,19.390708,1.30568988690155,-25.8360568,2026-04-06T04:37:06
195.642191,19.345305,1.30567952497917,-25.8347297,2026-04-06T04:38:06
195.883896,19.299211,1.30566916358877,-25.833404,2026-04-06T04:39:06
196.125383,19.25243,1.30565880272974,-25.8320799,2026-04-06T04:40:06
196.366651,19.204963,1.30564844240144,-25.8307574,2026-04-06T04:41:06
196.607697,19.15681,1.30563808260325,-25.8294366,2026-04-06T04:42:06
196.848518,19.107974,1.3056277233345,-25.8281173,2026-04-06T04:43:06
197.089111,19.058456,1.30561736459455,-25.8267997,2026-04-06T04:44:06
197.329474,19.008257,1.30560700638272,-25.8254837,2026-04-06T04:45:06
197.569603,18.957379,1.30559664869835,-25.8241695,2026-04-06T04:46:06
197.809498,18.905824,1.30558629154074,-25.8228569,2026-04-06T04:47:06
198.049155,18.853592,1.3055759349092,-25.8215462,2026-04-06T04:48:06
198.288571,18.800687,1.30556557880302,-25.8202371,2026-04-06T04:49:06
198.527745,18.747109,1.3055552232215,-25.8189299,2026-04-06T04:50:06
198.766674,18.69286,1.30554486816391,-25.8176245,2026-04-06T04:51:06
199.005355,18.637941,1.30553451362952,-25.8163209,2026-04-06T04:52:06
199.243786,18.582354,1.30552415961759,-25.8150192,2026-04-06T04:53:06
199.481965,18.526102,1.30551380612736,-25.8137194,2026-04-06T04:54:06
199.719889,18.469185,1.30550345315808,-25.8124215,2026-04-06T04:55:06
199.957557,18.411605,1.30549310070898,-25.8111255,2026-04-06T04:56:06
200.194966,18.353364,1.30548274877928,-25.8098314,2026-04-06T04:57:06
200.432114,18.294464,1.30547239736819,-25.8085393,2026-04-06T04:58:06
200.668998,18.234907,1.30546204647491,-25.8072493,2026-04-06T04:59:06
200.905617,18.174693,1.30545169609865,-25.8059612,2026-04-06T05:00:06
201.141969,18.113826,1.30544134623858,-25.8046752,2026-04-06T05:01:06
201.37805,18.052306,1.30543099689388,-25.8033913,2026-04-06T05:02:06
201.61386,17.990135,1.30542064806371,-25.8021094,2026-04-06T05:03:06
201.849397,17.927316,1.30541029974725,-25.8008297,2026-04-06T05:04:06
202.084658,17.863851,1.30539995194362,-25.799552,2026-04-06T05:05:06
202.319641,17.79974,1.30538960465198,-25.7982766,2026-04-06T05:06:06
202.554345,17.734986,1.30537925787145,-25.7970033,2026-04-06T05:07:06
202.788768,17.66959,1.30536891160116,-25.7957322,2026-04-06T05:08:06
203.022907,17.603555,1.30535856584021,-25.7944634,2026-04-06T05:09:06
203.256761,17.536883,1.30534822058772,-25.7931968,2026-04-06T05:10:06
203.490329,17.469574,1.30533787584277,-25.7919325,2026-04-06T05:11:06
203.723608,17.401632,1.30532753160444,-25.7906704,2026-04-06T05:12:06
203.956596,17.333058,1.30531718787183,-25.7894107,2026-04-06T05:13:06
204.189293,17.263854,1.30530684464399,-25.7881533,2026-04-06T05:14:06
204.421696,17.194022,1.30529650191997,-25.7868983,2026-04-06T05:15:06
204.653804,17.123564,1.30528615969885,-25.7856457,2026-04-06T05:16:06
204.885616,17.052482,1.30527581797964,-25.7843954,2026-04-06T05:17:06
205.117128,16.980778,1.30526547676138,-25.7831476,2026-04-06T05:18:06
205.348341,16.908453,1.30525513604311,-25.7819022,2026-04-06T05:19:06
205.579253,16.83551,1.30524479582382,-25.7806593,2026-04-06T05:20:06
205.809862,16.761951,1.30523445610253,-25.7794189,2026-04-06T05:21:06
206.040166,16.687778,1.30522411687824,-25.778181,2026-04-06T05:22:06
206.270165,16.612992,1.30521377814992,-25.7769456,2026-04-06T05:23:06
206.499857,16.537596,1.30520343991656,-25.7757128,2026-04-06T05:24:06
206.729241,16.461592,1.30519310217713,-25.7744826,2026-04-06T05:25:06
206.958315,16.384982,1.30518276493059,-25.773255,2026-04-06T05:26:06
207.187078,16.307768,1.3051724281759,-25.77203,2026-04-06T05:27:06
207.415529,16.229952,1.30516209191199,-25.7708076,2026-04-06T05:28:06
207.643667,16.151535,1.30515175613781,-25.7695879,2026-04-06T05:29:06
207.87149,16.072521,1.30514142085227,-25.7683709,2026-04-06T05:30:06
208.098997,15.992911,1.3051310860543,-25.7671566,2026-04-06T05:31:06
208.326188,15.912707,1.30512075174281,-25.765945,2026-04-06T05:32:06
208.553061,15.831912,1.3051104179167,-25.7647362,2026-04-06T05:33:06
208.779615,15.750527,1.30510008457486,-25.7635302,2026-04-06T05:34:06
209.005849,15.668554,1.30508975171618,-25.7623269,2026-04-06T05:35:06
209.231763,15.585996,1.30507941933952,-25.7611265,2026-04-06T05:36:06
209.457354,15.502855,1.30506908744376,-25.7599288,2026-04-06T05:37:06
209.682623,15.419133,1.30505875602776,-25.7587341,2026-04-06T05:38:06
209.907569,15.334832,1.30504842509036,-25.7575422,2026-04-06T05:39:06
210.13219,15.249954,1.30503809463041,-25.7563533,2026-04-06T05:40:06
210.356485,15.164501,1.30502776464674,-25.7551672,2026-04-06T05:41:06
210.580455,15.078475,1.30501743513817,-25.7539841,2026-04-06T05:42:06
210.804098,14.991879,1.30500710610353,-25.7528039,2026-04-06T05:43:06
211.027413,14.904715,1.30499677754161,-25.7516268,2026-04-06T05:44:06
211.2504,14.816985,1.30498644945122,-25.7504526,2026-04-06T05:45:06
211.473058,14.72869,1.30497612183116,-25.7492815,2026-04-06T05:46:06
211.695386,14.639834,1.30496579468019,-25.7481134,2026-04-06T05:47:06
211.917385,14.550418,1.30495546799711,-25.7469483,2026-04-06T05:48:06
212.139052,14.460445,1.30494514178067,-25.7457864,2026-04-06T05:49:06
212.360388,14.369917,1.30493481602963,-25.7446275,2026-04-06T05:50:06
212.581393,14.278835,1.30492449074274,-25.7434718,2026-04-06T05:51:06
212.802065,14.187202,1.30491416591876,-25.7423193,2026-04-06T05:52:06
213.022404,14.095021,1.3049038415564,-25.7411699,2026-04-06T05:53:06
213.242411,14.002293,1.3048935176544,-25.7400236,2026-04-06T05:54:06
213.462083,13.909021,1.30488319421149,-25.7388806,2026-04-06T05:55:06
213.681422,13.815206,1.30487287122634,-25.7377409,2026-04-06T05:56:06
213.900426,13.720852,1.30486254869768,-25.7366043,2026-04-06T05:57:06
214.119095,13.62596,1.3048522266242,-25.7354711,2026-04-06T05:58:06
214.33743,13.530532,1.30484190500459,-25.7343411,2026-04-06T05:59:06
214.555429,13.434571,1.30483158383752,-25.7332144,2026-04-06T06:00:06
214.773093,13.338079,1.30482126312165,-25.732091,2026-04-06T06:01:06
214.990422,13.241058,1.30481094285567,-25.730971,2026-04-06T06:02:06
215.207414,13.14351,1.30480062303821,-25.7298544,2026-04-06T06:03:06
215.424071,13.045438,1.30479030366793,-25.7287412,2026-04-06T06:04:06
215.640391,12.946843,1.30477998474346,-25.7276313,2026-04-06T06:05:06
215.856376,12.847729,1.30476966626344,-25.7265249,2026-04-06T06:06:06
216.072024,12.748096,1.30475934822648,-25.7254219,2026-04-06T06:07:06
216.287336,12.647948,1.3047490306312,-25.7243224,2026-04-06T06:08:06
216.502311,12.547286,1.30473871347622,-25.7232263,2026-04-06T06:09:06
216.71695,12.446114,1.30472839676012,-25.7221338,2026-04-06T06:10:06
216.931253,12.344432,1.30471808048151,-25.7210448,2026-04-06T06:11:06
217.14522,12.242243,1.30470776463896,-25.7199593,2026-04-06T06:12:06
217.35885,12.13955,1.30469744923105,-25.7188774,2026-04-06T06:13:06
217.572145,12.036355,1.30468713425635,-25.7177991,2026-04-06T06:14:06
217.785104,11.932659,1.30467681971343,-25.7167243,2026-04-06T06:15:06
217.997727,11.828466,1.30466650560084,-25.7156532,2026-04-06T06:16:06
218.210015,11.723777,1.30465619191712,-25.7145857,2026-04-06T06:17:06
218.421967,11.618594,1.30464587866081,-25.7135218,2026-04-06T06:18:06
218.633584,11.51292,1.30463556583045,-25.7124617,2026-04-06T06:19:06
218.844867,11.406758,1.30462525342455,-25.7114052,2026-04-06T06:20:06
219.055815,11.300108,1.30461494144165,-25.7103524,2026-04-06T06:21:06
219.266429,11.192974,1.30460462988023,-25.7093033,2026-04-06T06:22:06
219.476709,11.085357,1.30459431873882,-25.708258,2026-04-06T06:23:06
219.686655,10.977261,1.3045840080159,-25.7072165,2026-04-06T06:24:06
219.896269,10.868686,1.30457369770996,-25.7061787,2026-04-06T06:25:06
220.10555,10.759636,1.30456338781948,-25.7051447,2026-04-06T06:26:06
220.314498,10.650112,1.30455307834293,-25.7041146,2026-04-06T06:27:06
220.523115,10.540116,1.30454276927878,-25.7030882,2026-04-06T06:28:06
220.731401,10.429652,1.30453246062549,-25.7020658,2026-04-06T06:29:06
220.939356,10.318721,1.30452215238151,-25.7010472,2026-04-06T06:30:06
221.14698,10.207325,1.30451184454529,-25.7000325,2026-04-06T06:31:06
221.354275,10.095466,1.30450153711526,-25.6990216,2026-04-06T06:32:06
221.56124,9.983148,1.30449123008985,-25.6980148,2026-04-06T06:33:06
221.767877,9.870371,1.30448092346748,-25.6970118,2026-04-06T06:34:06
221.974186,9.757138,1.30447061724658,-25.6960128,2026-04-06T06:35:06
222.180168,9.643451,1.30446031142555,-25.6950178,2026-04-06T06:36:06
222.385823,9.529313,1.3044500060028,-25.6940268,2026-04-06T06:37:06
222.591152,9.414726,1.30443970097671,-25.6930398,2026-04-06T06:38:06
222.796155,9.299691,1.30442939634569,-25.6920568,2026-04-06T06:39:06
223.000834,9.184211,1.3044190921081,-25.6910778,2026-04-06T06:40:06
223.20519,9.068289,1.30440878826233,-25.6901029,2026-04-06T06:41:06
223.409222,8.951926,1.30439848480675,-25.6891321,2026-04-06T06:42:06
223.612931,8.835124,1.30438818173971,-25.6881654,2026-04-06T06:43:06
223.816319,8.717886,1.30437787905957,-25.6872028,2026-04-06T06:44:06
224.019387,8.600214,1.30436757676469,-25.6862443,2026-04-06T06:45:06
224.222134,8.48211,1.30435727485339,-25.68529,2026-04-06T06:46:06
224.424563,8.363576,1.30434697332402,-25.6843398,2026-04-06T06:47:06
224.626673,8.244615,1.30433667217491,-25.6833938,2026-04-06T06:48:06
224.828466,8.125228,1.30432637140437,-25.682452,2026-04-06T06:49:06
225.029943,8.005418,1.30431607101073,-25.6815144,2026-04-06T06:50:06
225.231104,7.885186,1.30430577099228,-25.680581,2026-04-06T06:51:06
225.431951,7.764535,1.30429547134734,-25.6796518,2026-04-06T06:52:06
225.632484,7.643468,1.3042851720742,-25.6787269,2026-04-06T06:53:06
225.832705,7.521985,1.30427487317115,-25.6778063,2026-04-06T06:54:06
226.032614,7.40009,1.30426457463647,-25.67689,2026-04-06T06:55:06
226.232213,7.277784,1.30425427646845,-25.675978,2026-04-06T06:56:06
226.431502,7.15507,1.30424397866534,-25.6750703,2026-04-06T06:57:06
226.630483,7.031949,1.30423368122542,-25.6741669,2026-04-06T06:58:06
226.829156,6.908425,1.30422338414694,-25.6732679,2026-04-06T06:59:06
227.027523,6.784498,1.30421308742816,-25.6723733,2026-04-06T07:00:06
227.225585,6.660171,1.30420279106732,-25.671483,2026-04-06T07:01:06
227.423343,6.535446,1.30419249506266,-25.6705971,2026-04-06T07:02:06
227.620798,6.410326,1.30418219941242,-25.6697156,2026-04-06T07:03:06
227.817952,6.284811,1.30417190411481,-25.6688386,2026-04-06T07:04:06
228.014804,6.158905,1.30416160916808,-25.667966,2026-04-06T07:05:06
228.211358,6.03261,1.30415131457042,-25.6670979,2026-04-06T07:06:06
228.407613,5.905927,1.30414102032006,-25.6662342,2026-04-06T07:07:06
228.603571,5.778858,1.30413072641519,-25.665375,2026-04-06T07:08:06
228.799234,5.651407,1.30412043285401,-25.6645204,2026-04-06T07:09:06
228.994602,5.523574,1.30411013963471,-25.6636702,2026-04-06T07:10:06
229.189676,5.395361,1.30409984675548,-25.6628245,2026-04-06T07:11:06
229.384459,5.266772,1.30408955421451,-25.6619835,2026-04-06T07:12:06
229.578951,5.137808,1.30407926200996,-25.6611469,2026-04-06T07:13:06
229.773154,5.00847,1.30406897014001,-25.660315,2026-04-06T07:14:06
229.967069,4.878761,1.30405867860281,-25.6594876,2026-04-06T07:15:06
230.160697,4.748684,1.30404838739653,-25.6586648,2026-04-06T07:16:06
230.354039,4.618239,1.30403809651932,-25.6578466,2026-04-06T07:17:06
230.547098,4.48743,1.30402780596932,-25.6570331,2026-04-06T07:18:06
230.739874,4.356257,1.30401751574468,-25.6562242,2026-04-06T07:19:06
230.932369,4.224724,1.30400722584353,-25.65542,2026-04-06T07:20:06
231.124584,4.092832,1.303996936264,-25.6546204,2026-04-06T07:21:06
231.316521,3.960583,1.30398664700422,-25.6538255,2026-04-06T07:22:06
231.508181,3.827978,1.30397635806231,-25.6530353,2026-04-06T07:23:06
231.699565,3.695022,1.30396606943637,-25.6522498,2026-04-06T07:24:06
231.890676,3.561714,1.30395578112452,-25.6514691,2026-04-06T07:25:06
232.081513,3.428057,1.30394549312487,-25.6506931,2026-04-06T07:26:06
232.27208,3.294053,1.3039352054355,-25.6499218,2026-04-06T07:27:06
232.462377,3.159704,1.30392491805452,-25.6491553,2026-04-06T07:28:06
232.652406,3.025013,1.30391463098,-25.6483935,2026-04-06T07:29:06
232.842169,2.88998,1.30390434421004,-25.6476366,2026-04-06T07:30:06
233.031666,2.754608,1.30389405774271,-25.6468844,2026-04-06T07:31:06
233.2209,2.618899,1.30388377157609,-25.6461371,2026-04-06T07:32:06
233.409872,2.482854,1.30387348570823,-25.6453946,2026-04-06T07:33:06
233.598584,2.346477,1.30386320013721,-25.6446569,2026-04-06T07:34:06
233.787037,2.209768,1.30385291486108,-25.6439241,2026-04-06T07:35:06
233.975233,2.07273,1.30384262987789,-25.6431961,2026-04-06T07:36:06
234.163173,1.935364,1.30383234518569,-25.642473,2026-04-06T07:37:06
234.35086,1.797673,1.30382206078253,-25.6417548,2026-04-06T07:38:06
234.538294,1.659658,1.30381177666644,-25.6410415,2026-04-06T07:39:06
234.725477,1.521322,1.30380149283545,-25.6403331,2026-04-06T07:40:06
234.912412,1.382665,1.3037912092876,-25.6396296,2026-04-06T07:41:06
235.099099,1.243691,1.30378092602091,-25.638931,2026-04-06T07:42:06
235.28554,1.104401,1.30377064303339,-25.6382374,2026-04-06T07:43:06
235.471738,0.964796,1.30376036032307,-25.6375488,2026-04-06T07:44:06
235.657693,0.82488,1.30375007788795,-25.6368651,2026-04-06T07:45:06
235.843408,0.684653,1.30373979572603,-25.6361864,2026-04-06T07:46:06
236.028883,0.544117,1.30372951383532,-25.6355127,2026-04-06T07:47:06
236.214122,0.403275,1.30371923221382,-25.634844,2026-04-06T07:48:06
236.399125,0.262128,1.30370895085952,-25.6341803,2026-04-06T07:49:06
236.583895,0.120678,1.3036986697704,-25.6335216,2026-04-06T07:50:06
236.768433,-0.021073,1.30368838894445,-25.6328679,2026-04-06T07:51:06
236.952741,-0.163123,1.30367810837965,-25.6322193,2026-04-06T07:52:06
237.13682,-0.30547,1.30366782807398,-25.6315758,2026-04-06T07:53:06
237.320673,-0.448113,1.30365754802539,-25.6309373,2026-04-06T07:54:06
237.504301,-0.59105,1.30364726823187,-25.6303039,2026-04-06T07:55:06
237.687707,-0.734278,1.30363698869137,-25.6296756,2026-04-06T07:56:06
237.870891,-0.877797,1.30362670940184,-25.6290524,2026-04-06T07:57:06
238.053856,-1.021604,1.30361643036126,-25.6284342,2026-04-06T07:58:06
238.236603,-1.165697,1.30360615156756,-25.6278212,2026-04-06T07:59:06
238.419135,-1.310075,1.30359587301869,-25.6272133,2026-04-06T08:00:06
238.601454,-1.454736,1.30358559471259,-25.6266106,2026-04-06T08:01:06
238.78356,-1.599678,1.30357531664721,-25.626013,2026-04-06T08:02:06
238.965457,-1.744899,1.30356503882047,-25.6254206,2026-04-06T08:03:06
239.147145,-1.890397,1.30355476123031,-25.6248333,2026-04-06T08:04:06
239.328627,-2.036171,1.30354448387465,-25.6242512,2026-04-06T08:05:06
239.509905,-2.18222,1.30353420675142,-25.6236743,2026-04-06T08:06:06
239.690981,-2.32854,1.30352392985853,-25.6231025,2026-04-06T08:07:06
239.871856,-2.475131,1.30351365319393,-25.622536,2026-04-06T08:08:06
240.052533,-2.62199,1.30350337675548,-25.6219747,2026-04-06T08:09:06
240.233014,-2.769116,1.30349310054111,-25.6214186,2026-04-06T08:10:06
240.413299,-2.916507,1.30348282454872,-25.6208677,2026-04-06T08:11:06
240.593393,-3.064162,1.30347254877623,-25.6203221,2026-04-06T08:12:06
240.773295,-3.212078,1.30346227322152,-25.6197817,2026-04-06T08:13:06
240.953009,-3.360254,1.30345199788249,-25.6192466,2026-04-06T08:14:06
241.132536,-3.508689,1.30344172275703,-25.6187167,2026-04-06T08:15:06
241.311879,-3.65738,1.30343144784304,-25.6181921,2026-04-06T08:16:06
241.491039,-3.806325,1.30342117313838,-25.6176728,2026-04-06T08:17:06
241.670018,-3.955524,1.30341089864095,-25.6171587,2026-04-06T08:18:06
241.848819,-4.104974,1.30340062434862,-25.61665,2026-04-06T08:19:06
242.027443,-4.254673,1.30339035025927,-25.6161466,2026-04-06T08:20:06
242.205893,-4.404621,1.30338007637077,-25.6156484,2026-04-06T08:21:06
242.38417,-4.554815,1.30336980268099,-25.6151556,2026-04-06T08:22:06
242.562277,-4.705253,1.30335952918778,-25.6146682,2026-04-06T08:23:06
242.740216,-4.855934,1.30334925588903,-25.614186,2026-04-06T08:24:06
242.917988,-5.006856,1.30333898278257,-25.6137092,2026-04-06T08:25:06
243.095596,-5.158018,1.30332870986628,-25.6132377,2026-04-06T08:26:06
243.273043,-5.309417,1.303318437138,-25.6127716,2026-04-06T08:27:06
243.450329,-5.461053,1.30330816459558,-25.6123109,2026-04-06T08:28:06
243.627457,-5.612923,1.30329789223688,-25.6118555,2026-04-06T08:29:06
243.80443,-5.765026,1.30328762005973,-25.6114055,2026-04-06T08:30:06
243.981249,-5.91736,1.30327734806198,-25.6109609,2026-04-06T08:31:06
244.157917,-6.069924,1.30326707624147,-25.6105217,2026-04-06T08:32:06
244.334436,-6.222716,1.30325680459604,-25.6100879,2026-04-06T08:33:06
244.510807,-6.375733,1.30324653312352,-25.6096595,2026-04-06T08:34:06
244.687034,-6.528976,1.30323626182174,-25.6092365,2026-04-06T08:35:06
244.863117,-6.682441,1.30322599068853,-25.6088189,2026-04-06T08:36:06
245.039061,-6.836128,1.30321571972171,-25.6084067,2026-04-06T08:37:06
245.214866,-6.990034,1.30320544891912,-25.608,2026-04-06T08:38:06
245.390534,-7.144159,1.30319517827858,-25.6075986,2026-04-06T08:39:06
245.566069,-7.2985,1.30318490779789,-25.6072028,2026-04-06T08:40:06
245.741472,-7.453056,1.30317463747489,-25.6068123,2026-04-06T08:41:06
245.916746,-7.607825,1.30316436730738,-25.6064274,2026-04-06T08:42:06
246.091893,-7.762806,1.30315409729318,-25.6060478,2026-04-06T08:43:06
246.266914,-7.917997,1.3031438274301,-25.6056738,2026-04-06T08:44:06
246.441813,-8.073396,1.30313355771594,-25.6053052,2026-04-06T08:45:06
246.616591,-8.229002,1.30312328814852,-25.6049421,2026-04-06T08:46:06
246.791252,-8.384814,1.30311301872563,-25.6045845,2026-04-06T08:47:06
246.965796,-8.540829,1.30310274944508,-25.6042323,2026-04-06T08:48:06
247.140227,-8.697046,1.30309248030467,-25.6038856,2026-04-06T08:49:06
247.314546,-8.853464,1.30308221130219,-25.6035445,2026-04-06T08:50:06
247.488757,-9.010081,1.30307194243545,-25.6032088,2026-04-06T08:51:06
247.662861,-9.166895,1.30306167370224,-25.6028786,2026-04-06T08:52:06
247.836861,-9.323905,1.30305140510034,-25.6025539,2026-04-06T08:53:06
248.010759,-9.481109,1.30304113662756,-25.6022348,2026-04-06T08:54:06
248.184557,-9.638506,1.30303086828167,-25.6019211,2026-04-06T08:55:06
248.358258,-9.796095,1.30302060006047,-25.601613,2026-04-06T08:56:06
248.531864,-9.953872,1.30301033196174,-25.6013104,2026-04-06T08:57:06
248.705378,-10.111838,1.30300006398327,-25.6010133,2026-04-06T08:58:06
248.878802,-10.26999,1.30298979612284,-25.6007218,2026-04-06T08:59:06
249.052138,-10.428328,1.30297952837822,-25.6004358,2026-04-06T09:00:06
249.225389,-10.586848,1.30296926074721,-25.6001553,2026-04-06T09:01:06
249.398557,-10.745551,1.30295899322757,-25.5998804,2026-04-06T09:02:06
249.571645,-10.904434,1.30294872581708,-25.599611,2026-04-06T09:03:06
249.744655,-11.063495,1.30293845851352,-25.5993471,2026-04-06T09:04:06
249.91759,-11.222734,1.30292819131467,-25.5990889,2026-04-06T09:05:06
250.090451,-11.382149,1.30291792421829,-25.5988361,2026-04-06T09:06:06
250.263242,-11.541738,1.30290765722216,-25.598589,2026-04-06T09:07:06
250.435965,-11.701499,1.30289739032404,-25.5983474,2026-04-06T09:08:06
250.608623,-11.861432,1.30288712352171,-25.5981113,2026-04-06T09:09:06
250.781217,-12.021534,1.30287685681293,-25.5978808,2026-04-06T09:10:06
250.953751,-12.181805,1.30286659019548,-25.5976559,2026-04-06T09:11:06
251.126227,-12.342242,1.30285632366711,-25.5974366,2026-04-06T09:12:06
251.298648,-12.502845,1.30284605722559,-25.5972228,2026-04-06T09:13:06
251.471016,-12.663611,1.30283579086869,-25.5970146,2026-04-06T09:14:06
251.643333,-12.824539,1.30282552459416,-25.596812,2026-04-06T09:15:06
251.815603,-12.985628,1.30281525839978,-25.596615,2026-04-06T09:16:06
251.987828,-13.146876,1.3028049922833,-25.5964235,2026-04-06T09:17:06
252.16001,-13.308281,1.30279472624248,-25.5962377,2026-04-06T09:18:06
252.332152,-13.469843,1.30278446027509,-25.5960574,2026-04-06T09:19:06
252.504257,-13.631559,1.30277419437888,-25.5958827,2026-04-06T09:20:06
252.676327,-13.793429,1.30276392855161,-25.5957136,2026-04-06T09:21:06
252.848365,-13.95545,1.30275366279104,-25.5955501,2026-04-06T09:22:06
253.020374,-14.117621,1.30274339709492,-25.5953922,2026-04-06T09:23:06
253.192356,-14.279941,1.30273313146102,-25.5952398,2026-04-06T09:24:06
253.364315,-14.442408,1.30272286588709,-25.5950931,2026-04-06T09:25:06
253.536251,-14.605021,1.30271260037089,-25.594952,2026-04-06T09:26:06
253.70817,-14.767779,1.30270233491017,-25.5948164,2026-04-06T09:27:06
253.880072,-14.930679,1.30269206950269,-25.5946865,2026-04-06T09:28:06
254.051961,-15.09372,1.3026818041462,-25.5945621,2026-04-06T09:29:06
254.22384,-15.256901,1.30267153883847,-25.5944434,2026-04-06T09:30:06
254.395711,-15.42022,1.30266127357723,-25.5943302,2026-04-06T09:31:06
254.567578,-15.583676,1.30265100836025,-25.5942227,2026-04-06T09:32:06
254.739442,-15.747268,1.30264074318529,-25.5941207,2026-04-06T09:33:06
254.911307,-15.910993,1.30263047805009,-25.5940244,2026-04-06T09:34:06
255.083176,-16.074851,1.30262021295241,-25.5939336,2026-04-06T09:35:06
255.255051,-16.23884,1.30260994789001,-25.5938485,2026-04-06T09:36:06
255.426935,-16.402959,1.30259968286064,-25.5937689,2026-04-06T09:37:06
255.598831,-16.567205,1.30258941786205,-25.5936949,2026-04-06T09:38:06
255.770742,-16.731578,1.30257915289201,-25.5936266,2026-04-06T09:39:06
255.942671,-16.896076,1.30256888794825,-25.5935638,2026-04-06T09:40:06
256.11462,-17.060698,1.30255862302855,-25.5935066,2026-04-06T09:41:06
256.286594,-17.225442,1.30254835813065,-25.5934551,2026-04-06T09:42:06
256.458593,-17.390307,1.30253809325231,-25.5934091,2026-04-06T09:43:06
256.630623,-17.55529,1.30252782839129,-25.5933687,2026-04-06T09:44:06
256.802685,-17.720392,1.30251756354535,-25.5933339,2026-04-06T09:45:06
256.974782,-17.88561,1.30250729871223,-25.5933047,2026-04-06T09:46:06
257.146917,-18.050943,1.3024970338897,-25.5932811,2026-04-06T09:47:06
257.319094,-18.216389,1.30248676907552,-25.5932631,2026-04-06T09:48:06
257.491316,-18.381947,1.30247650426744,-25.5932507,2026-04-06T09:49:06
257.663585,-18.547615,1.30246623946322,-25.5932438,2026-04-06T09:50:06
257.835904,-18.713392,1.30245597466063,-25.5932426,2026-04-06T09:51:06
258.008278,-18.879277,1.30244570985742,-25.5932469,2026-04-06T09:52:06
258.180707,-19.045268,1.30243544505136,-25.5932568,2026-04-06T09:53:06
258.353197,-19.211364,1.3024251802402,-25.5932723,2026-04-06T09:54:06
258.52575,-19.377562,1.30241491542172,-25.5932933,2026-04-06T09:55:06
258.698368,-19.543862,1.30240465059366,-25.59332,2026-04-06T09:56:06
258.871056,-19.710263,1.30239438575381,-25.5933522,2026-04-06T09:57:06
259.043817,-19.876762,1.30238412089992,-25.5933899,2026-04-06T09:58:06
259.216653,-20.043358,1.30237385602976,-25.5934333,2026-04-06T09:59:06
259.389567,-20.21005,1.3023635911411,-25.5934822,2026-04-06T10:00:06
259.562564,-20.376836,1.3023533262317,-25.5935367,2026-04-06T10:01:06
259.735646,-20.543715,1.30234306129935,-25.5935967,2026-04-06T10:02:06
259.908817,-20.710686,1.3023327963418,-25.5936623,2026-04-06T10:03:06
260.082079,-20.877746,1.30232253135683,-25.5937334,2026-04-06T10:04:06
260.255437,-21.044894,1.30231226634221,-25.5938101,2026-04-06T10:05:06
260.428893,-21.21213,1.30230200129573,-25.5938923,2026-04-06T10:06:06
260.602451,-21.379451,1.30229173621514,-25.5939801,2026-04-06T10:07:06
260.776114,-21.546855,1.30228147109825,-25.5940734,2026-04-06T10:08:06
260.949886,-21.714342,1.30227120594281,-25.5941723,2026-04-06T10:09:06
261.123769,-21.881911,1.30226094074661,-25.5942767,2026-04-06T10:10:06
261.297768,-22.049558,1.30225067550744,-25.5943866,2026-04-06T10:11:06
261.471886,-22.217284,1.30224041022308,-25.594502,2026-04-06T10:12:06
261.646127,-22.385086,1.3022301448913,-25.594623,2026-04-06T10:13:06
261.820493,-22.552962,1.30221987950991,-25.5947494,2026-04-06T10:14:06
261.994988,-22.720913,1.30220961407669,-25.5948814,2026-04-06T10:15:06
262.169616,-22.888935,1.30219934858942,-25.5950189,2026-04-06T10:16:06
262.344381,-23.057028,1.3021890830459,-25.5951619,2026-04-06T10:17:06
262.519286,-23.22519,1.30217881744395,-25.5953104,2026-04-06T10:18:06
262.694334,-23.393419,1.30216855178132,-25.5954644,2026-04-06T10:19:06
262.86953,-23.561714,1.30215828605582,-25.5956239,2026-04-06T10:20:06
263.044876,-23.730073,1.30214802026526,-25.5957888,2026-04-06T10:21:06
263.220377,-23.898496,1.30213775440744,-25.5959593,2026-04-06T10:22:06
263.396037,-24.066979,1.30212748848016,-25.5961352,2026-04-06T10:23:06
263.571858,-24.235523,1.30211722248122,-25.5963165,2026-04-06T10:24:06
263.747845,-24.404125,1.30210695640844,-25.5965034,2026-04-06T10:25:06
263.924002,-24.572783,1.30209669025963,-25.5966957,2026-04-06T10:26:06
264.100332,-24.741497,1.30208642403259,-25.5968935,2026-04-06T10:27:06
264.276839,-24.910264,1.30207615772514,-25.5970967,2026-04-06T10:28:06
264.453527,-25.079084,1.30206589133509,-25.5973053,2026-04-06T10:29:06
264.6304,-25.247954,1.30205562486028,-25.5975194,2026-04-06T10:30:06
264.807461,-25.416873,1.30204535829851,-25.5977389,2026-04-06T10:31:06
264.984716,-25.58584,1.3020350916476,-25.5979638,2026-04-06T10:32:06
265.162167,-25.754852,1.3020248249054,-25.5981942,2026-04-06T10:33:06
265.339818,-25.923909,1.30201455806972,-25.5984299,2026-04-06T10:34:06
265.517675,-26.093009,1.30200429113839,-25.5986711,2026-04-06T10:35:06
265.69574,-26.262149,1.30199402410926,-25.5989177,2026-04-06T10:36:06
265.874018,-26.43133,1.30198375698015,-25.5991696,2026-04-06T10:37:06
266.052512,-26.600548,1.3019734897489,-25.599427,2026-04-06T10:38:06
266.231228,-26.769803,1.30196322241336,-25.5996897,2026-04-06T10:39:06
266.410169,-26.939092,1.30195295497136,-25.5999578,2026-04-06T10:40:06
266.589339,-27.108415,1.30194268742077,-25.6002313,2026-04-06T10:41:06
266.768743,-27.277769,1.30193241975942,-25.6005101,2026-04-06T10:42:06
266.948385,-27.447153,1.30192215198517,-25.6007942,2026-04-06T10:43:06
267.128268,-27.616565,1.30191188409587,-25.6010837,2026-04-06T10:44:06
267.308399,-27.786004,1.30190161608939,-25.6013786,2026-04-06T10:45:06
267.48878,-27.955469,1.30189134796358,-25.6016788,2026-04-06T10:46:06
267.669416,-28.124956,1.30188107971631,-25.6019843,2026-04-06T10:47:06
267.850311,-28.294466,1.30187081134544,-25.6022951,2026-04-06T10:48:06
268.031471,-28.463995,1.30186054284886,-25.6026112,2026-04-06T10:49:06
268.212899,-28.633543,1.30185027422442,-25.6029326,2026-04-06T10:50:06
268.3946,-28.803107,1.30184000547001,-25.6032593,2026-04-06T10:51:06
268.576579,-28.972687,1.30182973658351,-25.6035913,2026-04-06T10:52:06
268.75884,-29.14228,1.3018194675628,-25.6039285,2026-04-06T10:53:06
268.941388,-29.311885,1.30180919840577,-25.604271,2026-04-06T10:54:06
269.124227,-29.4815,1.3017989291103,-25.6046188,2026-04-06T10:55:06
269.307362,-29.651122,1.3017886596743,-25.6049718,2026-04-06T10:56:06
269.490798,-29.820752,1.30177839009565,-25.6053301,2026-04-06T10:57:06
269.674539,-29.990386,1.30176812037227,-25.6056936,2026-04-06T10:58:06
269.858591,-30.160024,1.30175785050204,-25.6060623,2026-04-06T10:59:06
270.042958,-30.329662,1.30174758048289,-25.6064362,2026-04-06T11:00:06
270.227645,-30.499301,1.30173731031271,-25.6068154,2026-04-06T11:01:06
270.412657,-30.668937,1.30172703998943,-25.6071997,2026-04-06T11:02:06
270.598,-30.838569,1.30171676951097,-25.6075892,2026-04-06T11:03:06
270.783677,-31.008195,1.30170649887524,-25.6079839,2026-04-06T11:04:06
270.969694,-31.177814,1.30169622808017,-25.6083838,2026-04-06T11:05:06
271.156056,-31.347424,1.30168595712369,-25.6087888,2026-04-06T11:06:06
271.342769,-31.517022,1.30167568600374,-25.609199,2026-04-06T11:07:06
271.529836,-31.686608,1.30166541471824,-25.6096143,2026-04-06T11:08:06
271.717265,-31.856178,1.30165514326515,-25.6100347,2026-04-06T11:09:06
271.905059,-32.025732,1.3016448716424,-25.6104602,2026-04-06T11:10:06
272.093224,-32.195268,1.30163459984796,-25.6108909,2026-04-06T11:11:06
272.281766,-32.364783,1.30162432787976,-25.6113267,2026-04-06T11:12:06
272.47069,-32.534275,1.30161405573576,-25.6117675,2026-04-06T11:13:06
272.660001,-32.703744,1.30160378341393,-25.6122134,2026-04-06T11:14:06
272.849704,-32.873187,1.30159351091224,-25.6126644,2026-04-06T11:15:06
273.039806,-33.042601,1.30158323822865,-25.6131205,2026-04-06T11:16:06
273.230312,-33.211986,1.30157296536113,-25.6135816,2026-04-06T11:17:06
273.421227,-33.381339,1.30156269230767,-25.6140477,2026-04-06T11:18:06
273.612557,-33.550658,1.30155241906624,-25.6145189,2026-04-06T11:19:06
273.804308,-33.719941,1.30154214563484,-25.614995,2026-04-06T11:20:06
273.996485,-33.889187,1.30153187201144,-25.6154762,2026-04-06T11:21:06
274.189094,-34.058393,1.30152159819406,-25.6159624,2026-04-06T11:22:06
274.382142,-34.227557,1.30151132418069,-25.6164535,2026-04-06T11:23:06
274.575634,-34.396678,1.30150104996932,-25.6169496,2026-04-06T11:24:06
274.769576,-34.565753,1.30149077555798,-25.6174507,2026-04-06T11:25:06
274.963974,-34.73478,1.30148050094467,-25.6179568,2026-04-06T11:26:06
275.158834,-34.903757,1.30147022612742,-25.6184677,2026-04-06T11:27:06
275.354163,-35.072682,1.30145995110424,-25.6189836,2026-04-06T11:28:06
275.549965,-35.241553,1.30144967587317,-25.6195044,2026-04-06T11:29:06
275.746248,-35.410368,1.30143940043222,-25.6200301,2026-04-06T11:30:06
275.943019,-35.579124,1.30142912477945,-25.6205607,2026-04-06T11:31:06
276.140282,-35.747821,1.3014188489129,-25.6210962,2026-04-06T11:32:06
276.338045,-35.916454,1.3014085728306,-25.6216365,2026-04-06T11:33:06
276.536314,-36.085023,1.30139829653061,-25.6221817,2026-04-06T11:34:06
276.735095,-36.253525,1.30138802001098,-25.6227317,2026-04-06T11:35:06
276.934396,-36.421958,1.30137774326979,-25.6232866,2026-04-06T11:36:06
277.134222,-36.59032,1.30136746630509,-25.6238463,2026-04-06T11:37:06
277.334581,-36.758608,1.30135718911495,-25.6244107,2026-04-06T11:38:06
277.535478,-36.92682,1.30134691169745,-25.62498,2026-04-06T11:39:06
277.736922,-37.094954,1.30133663405067,-25.625554,2026-04-06T11:40:06
277.938918,-37.263008,1.3013263561727,-25.6261328,2026-04-06T11:41:06
278.141475,-37.430979,1.30131607806163,-25.6267164,2026-04-06T11:42:06
278.344597,-37.598865,1.30130579971556,-25.6273047,2026-04-06T11:43:06
278.548294,-37.766663,1.30129552113258,-25.6278977,2026-04-06T11:44:06
278.752571,-37.934372,1.30128524231081,-25.6284955,2026-04-06T11:45:06
278.957436,-38.101988,1.30127496324836,-25.6290979,2026-04-06T11:46:06
279.162897,-38.26951,1.30126468394334,-25.629705,2026-04-06T11:47:06
279.36896,-38.436935,1.30125440439387,-25.6303168,2026-04-06T11:48:06
279.575632,-38.604261,1.3012441245981,-25.6309333,2026-04-06T11:49:06
279.782922,-38.771484,1.30123384455414,-25.6315544,2026-04-06T11:50:06
279.990837,-38.938603,1.30122356426015,-25.6321801,2026-04-06T11:51:06
280.199385,-39.105615,1.30121328371426,-25.6328105,2026-04-06T11:52:06
280.408572,-39.272518,1.30120300291462,-25.6334454,2026-04-06T11:53:06
280.618407,-39.439308,1.3011927218594,-25.634085,2026-04-06T11:54:06
280.828898,-39.605984,1.30118244054675,-25.6347291,2026-04-06T11:55:06
281.040052,-39.772543,1.30117215897484,-25.6353778,2026-04-06T11:56:06
281.251877,-39.938982,1.30116187714184,-25.636031,2026-04-06T11:57:06
281.464382,-40.105298,1.30115159504594,-25.6366888,2026-04-06T11:58:06
281.677574,-40.271489,1.30114131268531,-25.6373511,2026-04-06T11:59:06
281.891461,-40.437551,1.30113103005815,-25.6380179,2026-04-06T12:00:06
282.106053,-40.603484,1.30112074716266,-25.6386892,2026-04-06T12:01:06
282.321356,-40.769282,1.30111046399703,-25.6393649,2026-04-06T12:02:06
282.53738,-40.934945,1.30110018055948,-25.6400451,2026-04-06T12:03:06
282.754132,-41.100468,1.30108989684821,-25.6407298,2026-04-06T12:04:06
282.971622,-41.26585,1.30107961286145,-25.6414189,2026-04-06T12:05:06
283.189858,-41.431086,1.30106932859743,-25.6421124,2026-04-06T12:06:06
283.408848,-41.596175,1.30105904405437,-25.6428103,2026-04-06T12:07:06
283.628602,-41.761114,1.30104875923051,-25.6435126,2026-04-06T12:08:06
283.849128,-41.925898,1.30103847412411,-25.6442193,2026-04-06T12:09:06
284.070435,-42.090527,1.3010281887334,-25.6449303,2026-04-06T12:10:06
284.292532,-42.254995,1.30101790305664,-25.6456457,2026-04-06T12:11:06
284.515429,-42.419301,1.3010076170921,-25.6463654,2026-04-06T12:12:06
284.739134,-42.583442,1.30099733083805,-25.6470893,2026-04-06T12:13:06
284.963656,-42.747413,1.30098704429276,-25.6478176,2026-04-06T12:14:06
285.189006,-42.911213,1.30097675745452,-25.6485502,2026-04-06T12:15:06
285.415191,-43.074837,1.3009664703216,-25.649287,2026-04-06T12:16:06
285.642223,-43.238283,1.30095618289231,-25.6500281,2026-04-06T12:17:06
285.87011,-43.401548,1.30094589516494,-25.6507734,2026-04-06T12:18:06
286.098863,-43.564627,1.30093560713781,-25.6515229,2026-04-06T12:19:06
286.32849,-43.727519,1.30092531880922,-25.6522766,2026-04-06T12:20:06
286.559002,-43.890219,1.3009150301775,-25.6530345,2026-04-06T12:21:06
286.790409,-44.052724,1.30090474124097,-25.6537965,2026-04-06T12:22:06
287.02272,-44.215031,1.30089445199799,-25.6545627,2026-04-06T12:23:06
287.255946,-44.377136,1.30088416244685,-25.6553331,2026-04-06T12:24:06
287.490097,-44.539036,1.30087387258592,-25.6561075,2026-04-06T12:25:06
287.725183,-44.700727,1.30086358241356,-25.6568861,2026-04-06T12:26:06
287.961215,-44.862205,1.30085329192812,-25.6576687,2026-04-06T12:27:06
288.198203,-45.023468,1.30084300112798,-25.6584554,2026-04-06T12:28:06
288.436158,-45.184511,1.3008327100115,-25.6592461,2026-04-06T12:29:06
288.67509,-45.345331,1.30082241857706,-25.6600409,2026-04-06T12:30:06
288.915011,-45.505924,1.30081212682305,-25.6608397,2026-04-06T12:31:06
289.15593,-45.666287,1.30080183474787,-25.6616425,2026-04-06T12:32:06
289.397859,-45.826414,1.30079154234991,-25.6624492,2026-04-06T12:33:06
289.640808,-45.986304,1.30078124962758,-25.6632599,2026-04-06T12:34:06
289.88479,-46.145951,1.3007709565793,-25.6640746,2026-04-06T12:35:06
290.129815,-46.305351,1.30076066320349,-25.6648932,2026-04-06T12:36:06
290.375894,-46.464502,1.30075036949858,-25.6657157,2026-04-06T12:37:06
290.623039,-46.623398,1.300740075463,-25.6665421,2026-04-06T12:38:06
290.871262,-46.782037,1.30072978109519,-25.6673724,2026-04-06T12:39:06
291.120573,-46.940412,1.3007194863936,-25.6682065,2026-04-06T12:40:06
291.370985,-47.098522,1.3007091913567,-25.6690445,2026-04-06T12:41:06
291.622509,-47.25636,1.30069889598293,-25.6698862,2026-04-06T12:42:06
291.875158,-47.413923,1.30068860027079,-25.6707318,2026-04-06T12:43:06
292.128942,-47.571207,1.30067830421874,-25.6715812,2026-04-06T12:44:06
292.383875,-47.728208,1.30066800782526,-25.6724344,2026-04-06T12:45:06
292.639968,-47.88492,1.30065771108886,-25.6732912,2026-04-06T12:46:06
292.897234,-48.04134,1.30064741400803,-25.6741519,2026-04-06T12:47:06
293.155684,-48.197463,1.30063711658128,-25.6750162,2026-04-06T12:48:06
293.415332,-48.353284,1.30062681880712,-25.6758842,2026-04-06T12:49:06
293.676189,-48.508799,1.30061652068407,-25.6767559,2026-04-06T12:50:06
293.938269,-48.664003,1.30060622221067,-25.6776313,2026-04-06T12:51:06
294.201584,-48.818892,1.30059592338545,-25.6785103,2026-04-06T12:52:06
294.466147,-48.97346,1.30058562420696,-25.6793929,2026-04-06T12:53:06
294.731971,-49.127703,1.30057532467375,-25.6802792,2026-04-06T12:54:06
294.999068,-49.281616,1.30056502478437,-25.681169,2026-04-06T12:55:06
295.267452,-49.435194,1.3005547245374,-25.6820623,2026-04-06T12:56:06
295.537135,-49.588432,1.3005444239314,-25.6829592,2026-04-06T12:57:06
295.808132,-49.741325,1.30053412296497,-25.6838597,2026-04-06T12:58:06
296.080455,-49.893868,1.30052382163669,-25.6847636,2026-04-06T12:59:06
296.354118,-50.046056,1.30051351994515,-25.6856711,2026-04-06T13:00:06
296.629134,-50.197883,1.30050321788897,-25.686582,2026-04-06T13:01:06
296.905517,-50.349344,1.30049291546675,-25.6874963,2026-04-06T13:02:06
297.18328,-50.500434,1.30048261267712,-25.6884141,2026-04-06T13:03:06
297.462437,-50.651147,1.30047230951871,-25.6893353,2026-04-06T13:04:06
297.743003,-50.801479,1.30046200599014,-25.6902599,2026-04-06T13:05:06
298.02499,-50.951422,1.30045170209007,-25.6911878,2026-04-06T13:06:06
298.308412,-51.100972,1.30044139781714,-25.6921191,2026-04-06T13:07:06
298.593284,-51.250124,1.30043109317003,-25.6930538,2026-04-06T13:08:06
298.87962,-51.398871,1.30042078814738,-25.6939917,2026-04-06T13:09:06
299.167434,-51.547207,1.30041048274788,-25.694933,2026-04-06T13:10:06
299.45674,-51.695127,1.30040017697022,-25.6958775,2026-04-06T13:11:06
299.747552,-51.842624,1.30038987081308,-25.6968253,2026-04-06T13:12:06
300.039885,-51.989694,1.30037956427516,-25.6977763,2026-04-06T13:13:06
300.333753,-52.136329,1.30036925735517,-25.6987305,2026-04-06T13:14:06
300.629171,-52.282523,1.30035895005183,-25.6996879,2026-04-06T13:15:06
300.926152,-52.428271,1.30034864236385,-25.7006485,2026-04-06T13:16:06
301.224712,-52.573565,1.30033833428998,-25.7016122,2026-04-06T13:17:06
301.524866,-52.7184,1.30032802582895,-25.7025791,2026-04-06T13:18:06
301.826627,-52.862769,1.3003177169795,-25.703549,2026-04-06T13:19:06
302.13001,-53.006666,1.3003074077404,-25.7045221,2026-04-06T13:20:06
302.43503,-53.150084,1.30029709811041,-25.7054982,2026-04-06T13:21:06
302.741703,-53.293016,1.3002867880883,-25.7064774,2026-04-06T13:22:06
303.050041,-53.435456,1.30027647767285,-25.7074597,2026-04-06T13:23:06
303.360062,-53.577396,1.30026616686285,-25.7084449,2026-04-06T13:24:06
303.671778,-53.718831,1.30025585565709,-25.7094331,2026-04-06T13:25:06
303.985205,-53.859752,1.30024554405439,-25.7104243,2026-04-06T13:26:06
304.300358,-54.000154,1.30023523205356,-25.7114184,2026-04-06T13:27:06
304.617252,-54.140028,1.30022491965341,-25.7124155,2026-04-06T13:28:06
304.9359,-54.279367,1.30021460685279,-25.7134155,2026-04-06T13:29:06
305.256319,-54.418165,1.30020429365052,-25.7144183,2026-04-06T13:30:06
305.578523,-54.556414,1.30019398004546,-25.715424,2026-04-06T13:31:06
305.902527,-54.694106,1.30018366603646,-25.7164326,2026-04-06T13:32:06
306.228345,-54.831234,1.30017335162238,-25.7174439,2026-04-06T13:33:06
306.555993,-54.967791,1.30016303680211,-25.7184581,2026-04-06T13:34:06
306.885484,-55.103768,1.30015272157451,-25.7194751,2026-04-06T13:35:06
307.216833,-55.239158,1.30014240593848,-25.7204948,2026-04-06T13:36:06
307.550056,-55.373953,1.30013208989293,-25.7215172,2026-04-06T13:37:06
307.885166,-55.508145,1.30012177343674,-25.7225424,2026-04-06T13:38:06
308.222178,-55.641726,1.30011145656885,-25.7235703,2026-04-06T13:39:06
308.561107,-55.774688,1.30010113928817,-25.7246008,2026-04-06T13:40:06
308.901965,-55.907022,1.30009082159363,-25.725634,2026-04-06T13:41:06
309.244769,-56.038721,1.30008050348419,-25.7266698,2026-04-06T13:42:06
309.589532,-56.169777,1.30007018495879,-25.7277082,2026-04-06T13:43:06
309.936267,-56.30018,1.30005986601638,-25.7287492,2026-04-06T13:44:06
310.284989,-56.429922,1.30004954665593,-25.7297927,2026-04-06T13:45:06
310.635711,-56.558994,1.30003922687643,-25.7308389,2026-04-06T13:46:06
310.988447,-56.687389,1.30002890667686,-25.7318875,2026-04-06T13:47:06
311.343211,-56.815096,1.3000185860562,-25.7329386,2026-04-06T13:48:06
311.700015,-56.942108,1.30000826501346,-25.7339922,2026-04-06T13:49:06
312.058872,-57.068415,1.29999794354766,-25.7350482,2026-04-06T13:50:06
312.419796,-57.194008,1.29998762165782,-25.7361067,2026-04-06T13:51:06
312.7828,-57.318879,1.29997729934295,-25.7371676,2026-04-06T13:52:06
313.147895,-57.443017,1.29996697660211,-25.7382309,2026-04-06T13:53:06
313.515095,-57.566414,1.29995665343433,-25.7392966,2026-04-06T13:54:06
313.88441,-57.68906,1.29994632983868,-25.7403645,2026-04-06T13:55:06
314.255854,-57.810946,1.29993600581422,-25.7414349,2026-04-06T13:56:06
314.629437,-57.932063,1.29992568136001,-25.7425075,2026-04-06T13:57:06
315.00517,-58.0524,1.29991535647515,-25.7435824,2026-04-06T13:58:06
315.383066,-58.171949,1.29990503115873,-25.7446595,2026-04-06T13:59:06
315.763133,-58.290698,1.29989470540984,-25.7457389,2026-04-06T14:00:06
316.145384,-58.40864,1.29988437922759,-25.7468205,2026-04-06T14:01:06
316.529828,-58.525763,1.29987405261111,-25.7479042,2026-04-06T14:02:06
316.916474,-58.642057,1.29986372555952,-25.7489902,2026-04-06T14:03:06
317.305333,-58.757513,1.29985339807196,-25.7500782,2026-04-06T14:04:06
317.696412,-58.872121,1.29984307014757,-25.7511684,2026-04-06T14:05:06
318.089721,-58.985869,1.29983274178552,-25.7522607,2026-04-06T14:06:06
318.485268,-59.098749,1.29982241298495,-25.7533551,2026-04-06T14:07:06
318.88306,-59.21075,1.29981208374505,-25.7544515,2026-04-06T14:08:06
319.283106,-59.32186,1.29980175406499,-25.7555499,2026-04-06T14:09:06
319.685411,-59.432071,1.29979142394398,-25.7566504,2026-04-06T14:10:06
320.089983,-59.54137,1.2997810933812,-25.7577528,2026-04-06T14:11:06
320.496827,-59.649749,1.29977076237587,-25.7588572,2026-04-06T14:12:06
320.905949,-59.757195,1.29976043092721,-25.7599635,2026-04-06T14:13:06
321.317354,-59.863699,1.29975009903444,-25.7610717,2026-04-06T14:14:06
321.731045,-59.969249,1.29973976669681,-25.7621819,2026-04-06T14:15:06
322.147028,-60.073835,1.29972943391356,-25.7632939,2026-04-06T14:16:06
322.565305,-60.177446,1.29971910068394,-25.7644077,2026-04-06T14:17:06
322.985879,-60.280071,1.29970876700723,-25.7655234,2026-04-06T14:18:06
323.408752,-60.381699,1.29969843288268,-25.7666408,2026-04-06T14:19:06
323.833926,-60.48232,1.2996880983096,-25.76776,2026-04-06T14:20:06
324.2614,-60.581921,1.29967776328727,-25.768881,2026-04-06T14:21:06
324.691176,-60.680492,1.29966742781499,-25.7700037,2026-04-06T14:22:06
325.123254,-60.778022,1.29965709189208,-25.7711281,2026-04-06T14:23:06
325.55763,-60.8745,1.29964675551786,-25.7722542,2026-04-06T14:24:06
325.994305,-60.969914,1.29963641869167,-25.773382,2026-04-06T14:25:06
326.433275,-61.064254,1.29962608141282,-25.7745114,2026-04-06T14:26:06
326.874536,-61.157508,1.29961574368068,-25.7756424,2026-04-06T14:27:06
327.318084,-61.249666,1.2996054054946,-25.7767749,2026-04-06T14:28:06
327.763916,-61.340715,1.29959506685395,-25.7779091,2026-04-06T14:29:06
328.212023,-61.430645,1.29958472775811,-25.7790448,2026-04-06T14:30:06
328.662401,-61.519444,1.29957438820647,-25.780182,2026-04-06T14:31:06
329.115042,-61.607102,1.29956404819843,-25.7813207,2026-04-06T14:32:06
329.569937,-61.693607,1.29955370773338,-25.7824609,2026-04-06T14:33:06
330.027077,-61.778948,1.29954336681075,-25.7836025,2026-04-06T14:34:06
330.486452,-61.863113,1.29953302542996,-25.7847455,2026-04-06T14:35:06
330.948051,-61.946092,1.29952268359044,-25.7858899,2026-04-06T14:36:06
331.411862,-62.027873,1.29951234129164,-25.7870358,2026-04-06T14:37:06
331.877873,-62.108446,1.29950199853301,-25.7881829,2026-04-06T14:38:06
332.346069,-62.1878,1.29949165531402,-25.7893314,2026-04-06T14:39:06
332.816437,-62.265922,1.29948131163413,-25.7904812,2026-04-06T14:40:06
333.28896,-62.342803,1.29947096749283,-25.7916323,2026-04-06T14:41:06
333.763621,-62.418432,1.29946062288961,-25.7927846,2026-04-06T14:42:06
334.240403,-62.492797,1.29945027782397,-25.7939382,2026-04-06T14:43:06
334.719288,-62.565888,1.29943993229542,-25.7950929,2026-04-06T14:44:06
335.200255,-62.637695,1.29942958630348,-25.7962489,2026-04-06T14:45:06
335.683284,-62.708206,1.29941923984769,-25.797406,2026-04-06T14:46:06
336.168354,-62.777411,1.29940889292757,-25.7985642,2026-04-06T14:47:06
336.655441,-62.8453,1.29939854554269,-25.7997236,2026-04-06T14:48:06
337.144522,-62.911862,1.2993881976926,-25.800884,2026-04-06T14:49:06
337.635571,-62.977087,1.29937784937686,-25.8020455,2026-04-06T14:50:06
338.128563,-63.040965,1.29936750059506,-25.8032081,2026-04-06T14:51:06
338.623472,-63.103485,1.29935715134678,-25.8043717,2026-04-06T14:52:06
339.120268,-63.164639,1.29934680163163,-25.8055362,2026-04-06T14:53:06
339.618923,-63.224416,1.2993364514492,-25.8067018,2026-04-06T14:54:06
340.119407,-63.282807,1.29932610079912,-25.8078682,2026-04-06T14:55:06
340.621689,-63.339801,1.299315749681,-25.8090356,2026-04-06T14:56:06
341.125736,-63.395391,1.2993053980945,-25.8102039,2026-04-06T14:57:06
341.631516,-63.449566,1.29929504603924,-25.8113731,2026-04-06T14:58:06
342.138993,-63.502317,1.2992846935149,-25.8125431,2026-04-06T14:59:06
342.648133,-63.553636,1.29927434052112,-25.8137139,2026-04-06T15:00:06
343.158898,-63.603514,1.2992639870576,-25.8148855,2026-04-06T15:01:06
343.671253,-63.651943,1.29925363312401,-25.8160579,2026-04-06T15:02:06
344.185158,-63.698913,1.29924327872004,-25.8172311,2026-04-06T15:03:06
344.700575,-63.744418,1.29923292384541,-25.8184049,2026-04-06T15:04:06
345.217462,-63.788448,1.29922256849982,-25.8195795,2026-04-06T15:05:06
345.735778,-63.830997,1.299212212683,-25.8207548,2026-04-06T15:06:06
346.255482,-63.872057,1.29920185639468,-25.8219307,2026-04-06T15:07:06
346.77653,-63.91162,1.29919149963461,-25.8231072,2026-04-06T15:08:06
347.298878,-63.94968,1.29918114240253,-25.8242843,2026-04-06T15:09:06
347.822482,-63.986229,1.29917078469822,-25.8254621,2026-04-06T15:10:06
348.347294,-64.021261,1.29916042652144,-25.8266403,2026-04-06T15:11:06
348.87327,-64.05477,1.29915006787197,-25.8278191,2026-04-06T15:12:06
349.40036,-64.086749,1.29913970874961,-25.8289985,2026-04-06T15:13:06
349.928518,-64.117193,1.29912934915416,-25.8301782,2026-04-06T15:14:06
350.457694,-64.146095,1.29911898908543,-25.8313585,2026-04-06T15:15:06
350.987839,-64.173451,1.29910862854324,-25.8325392,2026-04-06T15:16:06
351.518901,-64.199256,1.29909826752743,-25.8337203,2026-04-06T15:17:06
352.050831,-64.223505,1.29908790603783,-25.8349018,2026-04-06T15:18:06
352.583575,-64.246192,1.29907754407429,-25.8360836,2026-04-06T15:19:06
353.117083,-64.267315,1.29906718163668,-25.8372658,2026-04-06T15:20:06
353.651302,-64.286868,1.29905681872486,-25.8384482,2026-04-06T15:21:06
354.186177,-64.304848,1.29904645533872,-25.839631,2026-04-06T15:22:06
354.721655,-64.321252,1.29903609147814,-25.8408141,2026-04-06T15:23:06
355.257682,-64.336077,1.29902572714303,-25.8419973,2026-04-06T15:24:06
355.794202,-64.349319,1.29901536233329,-25.8431808,2026-04-06T15:25:06
356.331162,-64.360977,1.29900499704884,-25.8443645,2026-04-06T15:26:06
356.868506,-64.371047,1.29899463128962,-25.8455483,2026-04-06T15:27:06
357.406177,-64.379529,1.29898426505556,-25.8467323,2026-04-06T15:28:06
357.944121,-64.386419,1.29897389834662,-25.8479164,2026-04-06T15:29:06
358.48228,-64.391718,1.29896353116274,-25.8491006,2026-04-06T15:30:06
359.020599,-64.395424,1.2989531635039,-25.8502848,2026-04-06T15:31:06
359.559021,-64.397537,1.29894279537008,-25.8514691,2026-04-06T15:32:06
0.097489,-64.398055,1.29893242676126,-25.8526534,2026-04-06T15:33:06
0.635948,-64.396979,1.29892205767744,-25.8538377,2026-04-06T15:34:06
1.17434,-64.394309,1.29891168811864,-25.855022,2026-04-06T15:35:06
1.71261,-64.390046,1.29890131808486,-25.8562062,2026-04-06T15:36:06
2.250699,-64.38419,1.29889094757614,-25.8573903,2026-04-06T15:37:06
2.788554,-64.376743,1.29888057659251,-25.8585744,2026-04-06T15:38:06
3.326117,-64.367705,1.29887020513402,-25.8597583,2026-04-06T15:39:06
3.863332,-64.357079,1.29885983320072,-25.860942,2026-04-06T15:40:06
4.400144,-64.344867,1.2988494607927,-25.8621256,2026-04-06T15:41:06
4.936498,-64.331071,1.29883908791001,-25.8633089,2026-04-06T15:42:06
5.472338,-64.315694,1.29882871455274,-25.8644921,2026-04-06T15:43:06
6.007611,-64.298738,1.298818340721,-25.8656749,2026-04-06T15:44:06
6.542262,-64.280207,1.29880796641489,-25.8668575,2026-04-06T15:45:06
7.076237,-64.260105,1.29879759163452,-25.8680399,2026-04-06T15:46:06
7.609483,-64.238434,1.29878721638003,-25.8692218,2026-04-06T15:47:06
8.141947,-64.215201,1.29877684065153,-25.8704035,2026-04-06T15:48:06
8.673579,-64.190407,1.29876646444919,-25.8715847,2026-04-06T15:49:06
9.204325,-64.164059,1.29875608777316,-25.8727656,2026-04-06T15:50:06
9.734135,-64.136162,1.29874571062359,-25.873946,2026-04-06T15:51:06
10.262959,-64.10672,1.29873533300067,-25.875126,2026-04-06T15:52:06
10.790748,-64.075738,1.29872495490458,-25.8763055,2026-04-06T15:53:06
11.317453,-64.043224,1.29871457633552,-25.8774845,2026-04-06T15:54:06
11.843026,-64.009182,1.29870419729368,-25.878663,2026-04-06T15:55:06
12.367419,-63.973618,1.29869381777928,-25.879841,2026-04-06T15:56:06
12.890587,-63.93654,1.29868343779255,-25.8810183,2026-04-06T15:57:06
13.412484,-63.897954,1.29867305733372,-25.8821951,2026-04-06T15:58:06
13.933066,-63.857867,1.29866267640303,-25.8833713,2026-04-06T15:59:06
14.452288,-63.816286,1.29865229500073,-25.8845468,2026-04-06T16:00:06
14.970108,-63.773218,1.2986419131271,-25.8857217,2026-04-06T16:01:06
15.486483,-63.728671,1.29863153078239,-25.8868959,2026-04-06T16:02:06
16.001374,-63.682654,1.29862114796689,-25.8880693,2026-04-06T16:03:06
16.51474,-63.635173,1.2986107646809,-25.889242,2026-04-06T16:04:06
17.026541,-63.586237,1.29860038092471,-25.890414,2026-04-06T16:05:06
17.536741,-63.535854,1.29858999669864,-25.8915851,2026-04-06T16:06:06
18.045301,-63.484033,1.298579612003,-25.8927555,2026-04-06T16:07:06
18.552187,-63.430784,1.29856922683814,-25.893925,2026-04-06T16:08:06
19.057362,-63.376113,1.29855884120438,-25.8950936,2026-04-06T16:09:06
19.560794,-63.320032,1.29854845510209,-25.8962614,2026-04-06T16:10:06
20.062448,-63.262549,1.29853806853161,-25.8974282,2026-04-06T16:11:06
20.562294,-63.203673,1.29852768149332,-25.8985942,2026-04-06T16:12:06
21.060301,-63.143414,1.29851729398761,-25.8997591,2026-04-06T16:13:06
21.556438,-63.081781,1.29850690601484,-25.9009231,2026-04-06T16:14:06
22.050677,-63.018785,1.29849651757544,-25.9020861,2026-04-06T16:15:06
22.542991,-62.954436,1.2984861286698,-25.903248,2026-04-06T16:16:06
23.033353,-62.888743,1.29847573929834,-25.9044089,2026-04-06T16:17:06
23.521737,-62.821716,1.29846534946149,-25.9055687,2026-04-06T16:18:06
24.008119,-62.753367,1.29845495915969,-25.9067274,2026-04-06T16:19:06
24.492475,-62.683705,1.29844456839338,-25.907885,2026-04-06T16:20:06
24.974784,-62.61274,1.29843417716302,-25.9090415,2026-04-06T16:21:06
25.455023,-62.540484,1.29842378546908,-25.9101967,2026-04-06T16:22:06
25.933172,-62.466947,1.29841339331204,-25.9113508,2026-04-06T16:23:06
26.409212,-62.39214,1.29840300069237,-25.9125036,2026-04-06T16:24:06
26.883126,-62.316073,1.29839260761059,-25.9136552,2026-04-06T16:25:06
27.354894,-62.238758,1.29838221406718,-25.9148055,2026-04-06T16:26:06
27.824502,-62.160205,1.29837182006265,-25.9159545,2026-04-06T16:27:06
28.291934,-62.080425,1.29836142559754,-25.9171023,2026-04-06T16:28:06
28.757174,-61.999429,1.29835103067238,-25.9182486,2026-04-06T16:29:06
29.220211,-61.917229,1.29834063528771,-25.9193936,2026-04-06T16:30:06
29.681032,-61.833835,1.29833023944408,-25.9205372,2026-04-06T16:31:06
30.139624,-61.749258,1.29831984314206,-25.9216794,2026-04-06T16:32:06
30.595978,-61.663511,1.29830944638222,-25.9228202,2026-04-06T16:33:06
31.050083,-61.576603,1.29829904916513,-25.9239595,2026-04-06T16:34:06
31.501931,-61.488546,1.29828865149139,-25.9250973,2026-04-06T16:35:06
31.951513,-61.399351,1.2982782533616,-25.9262337,2026-04-06T16:36:06
32.398824,-61.30903,1.29826785477637,-25.9273684,2026-04-06T16:37:06
32.843855,-61.217594,1.29825745573631,-25.9285017,2026-04-06T16:38:06
33.286602,-61.125053,1.29824705624206,-25.9296333,2026-04-06T16:39:06
33.72706,-61.03142,1.29823665629425,-25.9307634,2026-04-06T16:40:06
34.165225,-60.936704,1.29822625589352,-25.9318918,2026-04-06T16:41:06
34.601095,-60.840918,1.29821585504054,-25.9330186,2026-04-06T16:42:06
35.034665,-60.744073,1.29820545373597,-25.9341437,2026-04-06T16:43:06
35.465936,-60.64618,1.29819505198049,-25.9352671,2026-04-06T16:44:06
35.894905,-60.547249,1.29818464977478,-25.9363888,2026-04-06T16:45:06
36.321573,-60.447292,1.29817424711953,-25.9375087,2026-04-06T16:46:06
36.74594,-60.34632,1.29816384401545,-25.9386269,2026-04-06T16:47:06
37.168007,-60.244344,1.29815344046325,-25.9397433,2026-04-06T16:48:06
37.587775,-60.141375,1.29814303646365,-25.9408579,2026-04-06T16:49:06
38.005247,-60.037424,1.29813263201739,-25.9419707,2026-04-06T16:50:06
38.420427,-59.932502,1.29812222712519,-25.9430815,2026-04-06T16:51:06
38.833316,-59.826619,1.29811182178782,-25.9441906,2026-04-06T16:52:06
39.24392,-59.719786,1.29810141600604,-25.9452977,2026-04-06T16:53:06
39.652243,-59.612015,1.2980910097806,-25.9464029,2026-04-06T16:54:06
40.05829,-59.503316,1.29808060311229,-25.9475061,2026-04-06T16:55:06
40.462067,-59.393699,1.29807019600189,-25.9486073,2026-04-06T16:56:06
40.86358,-59.283175,1.29805978845021,-25.9497066,2026-04-06T16:57:06
41.262835,-59.171754,1.29804938045804,-25.9508039,2026-04-06T16:58:06
41.65984,-59.059447,1.2980389720262,-25.9518991,2026-04-06T16:59:06
42.054601,-58.946265,1.29802856315551,-25.9529922,2026-04-06T17:00:06
42.447128,-58.832217,1.29801815384681,-25.9540833,2026-04-06T17:01:06
42.837428,-58.717315,1.29800774410093,-25.9551722,2026-04-06T17:02:06
43.22551,-58.601567,1.29799733391873,-25.956259,2026-04-06T17:03:06
43.611384,-58.484984,1.29798692330107,-25.9573437,2026-04-06T17:04:06
43.995058,-58.367577,1.29797651224882,-25.9584261,2026-04-06T17:05:06
44.376543,-58.249355,1.29796610076285,-25.9595064,2026-04-06T17:06:06
44.755849,-58.130327,1.29795568884405,-25.9605845,2026-04-06T17:07:06
45.132986,-58.010505,1.29794527649331,-25.9616603,2026-04-06T17:08:06
45.507965,-57.889897,1.29793486371155,-25.9627338,2026-04-06T17:09:06
45.880797,-57.768513,1.29792445049967,-25.9638051,2026-04-06T17:10:06
46.251493,-57.646363,1.29791403685861,-25.964874,2026-04-06T17:11:06
46.620066,-57.523457,1.29790362278928,-25.9659406,2026-04-06T17:12:06
46.986528,-57.399802,1.29789320829263,-25.9670049,2026-04-06T17:13:06
47.350889,-57.27541,1.29788279336962,-25.9680667,2026-04-06T17:14:06
47.713163,-57.150289,1.2978723780212,-25.9691262,2026-04-06T17:15:06
48.073362,-57.024449,1.29786196224833,-25.9701833,2026-04-06T17:16:06
48.431499,-56.897898,1.29785154605199,-25.9712379,2026-04-06T17:17:06
48.787587,-56.770645,1.29784112943318,-25.97229,2026-04-06T17:18:06
49.141639,-56.6427,1.29783071239288,-25.9733396,2026-04-06T17:19:06
49.493669,-56.514071,1.29782029493209,-25.9743868,2026-04-06T17:20:06
49.843689,-56.384767,1.29780987705183,-25.9754314,2026-04-06T17:21:06
50.191714,-56.254796,1.29779945875312,-25.9764734,2026-04-06T17:22:06
50.537757,-56.124168,1.29778904003698,-25.9775129,2026-04-06T17:23:06
50.881832,-55.99289,1.29777862090446,-25.9785497,2026-04-06T17:24:06
51.223954,-55.860972,1.2977682013566,-25.979584,2026-04-06T17:25:06
51.564136,-55.72842,1.29775778139446,-25.9806156,2026-04-06T17:26:06
51.902392,-55.595245,1.29774736101909,-25.9816445,2026-04-06T17:27:06
52.238736,-55.461453,1.29773694023158,-25.9826708,2026-04-06T17:28:06
52.573184,-55.327054,1.297726519033,-25.9836944,2026-04-06T17:29:06
52.90575,-55.192054,1.29771609742445,-25.9847152,2026-04-06T17:30:06
53.236448,-55.056462,1.29770567540702,-25.9857332,2026-04-06T17:31:06
53.565292,-54.920285,1.29769525298181,-25.9867486,2026-04-06T17:32:06
53.892298,-54.783532,1.29768483014995,-25.9877611,2026-04-06T17:33:06
54.21748,-54.64621,1.29767440691256,-25.9887708,2026-04-06T17:34:06
54.540853,-54.508327,1.29766398327077,-25.9897776,2026-04-06T17:35:06
54.862431,-54.369889,1.29765355922573,-25.9907816,2026-04-06T17:36:06
55.182229,-54.230906,1.29764313477857,-25.9917828,2026-04-06T17:37:06
55.500262,-54.091383,1.29763270993046,-25.992781,2026-04-06T17:38:06
55.816546,-53.951328,1.29762228468257,-25.9937763,2026-04-06T17:39:06
56.131094,-53.810748,1.29761185903606,-25.9947687,2026-04-06T17:40:06
56.443921,-53.669651,1.29760143299213,-25.9957581,2026-04-06T17:41:06
56.755043,-53.528044,1.29759100655197,-25.9967446,2026-04-06T17:42:06
57.064473,-53.385933,1.29758057971677,-25.997728,2026-04-06T17:43:06
57.372228,-53.243325,1.29757015248773,-25.9987084,2026-04-06T17:44:06
57.678321,-53.100227,1.29755972486609,-25.9996858,2026-04-06T17:45:06
57.982768,-52.956645,1.29754929685306,-26.0006601,2026-04-06T17:46:06
58.285583,-52.812587,1.29753886844988,-26.0016313,2026-04-06T17:47:06
58.58678,-52.668059,1.29752843965778,-26.0025994,2026-04-06T17:48:06
58.886375,-52.523068,1.29751801047802,-26.0035644,2026-04-06T17:49:06
59.184382,-52.377619,1.29750758091184,-26.0045263,2026-04-06T17:50:06
59.480816,-52.23172,1.29749715096053,-26.005485,2026-04-06T17:51:06
59.775691,-52.085376,1.29748672062535,-26.0064405,2026-04-06T17:52:06
60.069021,-51.938594,1.29747628990758,-26.0073928,2026-04-06T17:53:06
60.360821,-51.791379,1.29746585880851,-26.0083418,2026-04-06T17:54:06
60.651106,-51.643738,1.29745542732945,-26.0092877,2026-04-06T17:55:06
60.939889,-51.495678,1.29744499547169,-26.0102302,2026-04-06T17:56:06
61.227186,-51.347202,1.29743456323655,-26.0111695,2026-04-06T17:57:06
61.513009,-51.198319,1.29742413062535,-26.0121055,2026-04-06T17:58:06
61.797374,-51.049033,1.29741369763942,-26.0130381,2026-04-06T17:59:06
62.080294,-50.89935,1.2974032642801,-26.0139674,2026-04-06T18:00:06
62.361783,-50.749276,1.29739283054874,-26.0148933,2026-04-06T18:01:06
62.641855,-50.598816,1.29738239644668,-26.0158159,2026-04-06T18:02:06
62.920525,-50.447976,1.29737196197529,-26.016735,2026-04-06T18:03:06
63.197805,-50.296761,1.29736152713594,-26.0176508,2026-04-06T18:04:06
63.47371,-50.145177,1.29735109193,-26.0185631,2026-04-06T18:05:06
63.748252,-49.993229,1.29734065635885,-26.0194719,2026-04-06T18:06:06
64.021447,-49.840923,1.2973302204239,-26.0203772,2026-04-06T18:07:06
64.293306,-49.688263,1.29731978412654,-26.0212791,2026-04-06T18:08:06
64.563843,-49.535255,1.29730934746817,-26.0221774,2026-04-06T18:09:06
64.833072,-49.381903,1.29729891045022,-26.0230722,2026-04-06T18:10:06
65.101006,-49.228213,1.2972884730741,-26.0239634,2026-04-06T18:11:06
65.367658,-49.07419,1.29727803534125,-26.024851,2026-04-06T18:12:06
65.633041,-48.919839,1.2972675972531,-26.0257351,2026-04-06T18:13:06
65.897168,-48.765165,1.29725715881111,-26.0266155,2026-04-06T18:14:06
66.160051,-48.610172,1.29724672001671,-26.0274924,2026-04-06T18:15:06
66.421704,-48.454864,1.29723628087137,-26.0283655,2026-04-06T18:16:06
66.682139,-48.299248,1.29722584137657,-26.029235,2026-04-06T18:17:06
66.941368,-48.143327,1.29721540153377,-26.0301008,2026-04-06T18:18:06
67.199405,-47.987107,1.29720496134446,-26.0309629,2026-04-06T18:19:06
67.456261,-47.830591,1.29719452081013,-26.0318213,2026-04-06T18:20:06
67.711949,-47.673784,1.2971840799323,-26.0326759,2026-04-06T18:21:06
67.966481,-47.51669,1.29717363871242,-26.0335268,2026-04-06T18:22:06
68.219869,-47.359315,1.29716319715204,-26.0343739,2026-04-06T18:23:06
68.472125,-47.201661,1.29715275525267,-26.0352172,2026-04-06T18:24:06
68.723261,-47.043735,1.29714231301584,-26.0360566,2026-04-06T18:25:06
68.973289,-46.885539,1.29713187044308,-26.0368923,2026-04-06T18:26:06
69.222221,-46.727077,1.29712142753594,-26.0377241,2026-04-06T18:27:06
69.470067,-46.568356,1.29711098429595,-26.038552,2026-04-06T18:28:06
69.716841,-46.409377,1.29710054072468,-26.0393761,2026-04-06T18:29:06
69.962552,-46.250145,1.2970900968237,-26.0401962,2026-04-06T18:30:06
70.207214,-46.090665,1.29707965259456,-26.0410124,2026-04-06T18:31:06
70.450836,-45.93094,1.29706920803884,-26.0418247,2026-04-06T18:32:06
70.69343,-45.770974,1.29705876315813,-26.042633,2026-04-06T18:33:06
70.935007,-45.610771,1.29704831795402,-26.0434373,2026-04-06T18:34:06
71.175578,-45.450335,1.2970378724281,-26.0442377,2026-04-06T18:35:06
71.415154,-45.28967,1.29702742658199,-26.045034,2026-04-06T18:36:06
71.653746,-45.128779,1.29701698041728,-26.0458264,2026-04-06T18:37:06
71.891364,-44.967666,1.2970065339356,-26.0466147,2026-04-06T18:38:06
72.128019,-44.806335,1.29699608713857,-26.0473989,2026-04-06T18:39:06
72.363722,-44.644789,1.29698564002783,-26.048179,2026-04-06T18:40:06
72.598483,-44.483032,1.29697519260501,-26.0489551,2026-04-06T18:41:06
72.832312,-44.321068,1.29696474487175,-26.049727,2026-04-06T18:42:06
73.06522,-44.158899,1.29695429682972,-26.0504948,2026-04-06T18:43:06
73.297217,-43.996531,1.29694384848055,-26.0512585,2026-04-06T18:44:06
73.528313,-43.833965,1.29693339982593,-26.052018,2026-04-06T18:45:06
73.758517,-43.671205,1.29692295086753,-26.0527734,2026-04-06T18:46:06
73.98784,-43.508256,1.29691250160701,-26.0535245,2026-04-06T18:47:06
74.216292,-43.345119,1.29690205204607,-26.0542714,2026-04-06T18:48:06
74.443882,-43.181799,1.29689160218639,-26.0550142,2026-04-06T18:49:06
74.67062,-43.018298,1.29688115202967,-26.0557526,2026-04-06T18:50:06
74.896516,-42.85462,1.29687070157762,-26.0564869,2026-04-06T18:51:06
75.121578,-42.690768,1.29686025083195,-26.0572168,2026-04-06T18:52:06
75.345817,-42.526746,1.29684979979437,-26.0579425,2026-04-06T18:53:06
75.569242,-42.362555,1.29683934846661,-26.0586638,2026-04-06T18:54:06
75.791861,-42.198201,1.29682889685039,-26.0593809,2026-04-06T18:55:06
76.013685,-42.033684,1.29681844494746,-26.0600936,2026-04-06T18:56:06
76.234721,-41.869009,1.29680799275954,-26.0608019,2026-04-06T18:57:06
76.454979,-41.704179,1.2967975402884,-26.0615059,2026-04-06T18:58:06
76.674469,-41.539196,1.29678708753578,-26.0622055,2026-04-06T18:59:06
76.893198,-41.374064,1.29677663450344,-26.0629007,2026-04-06T19:00:06
77.111175,-41.208785,1.29676618119316,-26.0635915,2026-04-06T19:01:06
77.32841,-41.043362,1.2967557276067,-26.0642779,2026-04-06T19:02:06
77.54491,-40.877799,1.29674527374584,-26.0649598,2026-04-06T19:03:06
77.760685,-40.712097,1.29673481961236,-26.0656373,2026-04-06T19:04:06
77.975742,-40.54626,1.29672436520806,-26.0663103,2026-04-06T19:05:06
78.19009,-40.380291,1.29671391053473,-26.0669788,2026-04-06T19:06:06
78.403737,-40.214192,1.29670345559418,-26.0676429,2026-04-06T19:07:06
78.616692,-40.047966,1.2966930003882,-26.0683024,2026-04-06T19:08:06
78.828962,-39.881616,1.29668254491863,-26.0689573,2026-04-06T19:09:06
79.040555,-39.715145,1.29667208918726,-26.0696078,2026-04-06T19:10:06
79.25148,-39.548554,1.29666163319594,-26.0702536,2026-04-06T19:11:06
79.461745,-39.381847,1.29665117694649,-26.0708949,2026-04-06T19:12:06
79.671357,-39.215026,1.29664072044075,-26.0715317,2026-04-06T19:13:06
79.880324,-39.048094,1.29663026368056,-26.0721638,2026-04-06T19:14:06
80.088653,-38.881054,1.29661980666776,-26.0727913,2026-04-06T19:15:06
80.296353,-38.713908,1.29660934940422,-26.0734141,2026-04-06T19:16:06
80.50343,-38.546658,1.29659889189179,-26.0740324,2026-04-06T19:17:06
80.709893,-38.379307,1.29658843413233,-26.0746459,2026-04-06T19:18:06
80.915749,-38.211858,1.29657797612772,-26.0752548,2026-04-06T19:19:06
81.121005,-38.044312,1.29656751787983,-26.0758591,2026-04-06T19:20:06
81.325668,-37.876673,1.29655705939054,-26.0764586,2026-04-06T19:21:06
81.529745,-37.708942,1.29654660066174,-26.0770534,2026-04-06T19:22:06
81.733245,-37.541123,1.29653614169532,-26.0776435,2026-04-06T19:23:06
81.936173,-37.373217,1.29652568249317,-26.0782289,2026-04-06T19:24:06
82.138537,-37.205227,1.2965152230572,-26.0788095,2026-04-06T19:25:06
82.340344,-37.037155,1.29650476338932,-26.0793853,2026-04-06T19:26:06
82.5416,-36.869003,1.29649430349143,-26.0799564,2026-04-06T19:27:06
82.742313,-36.700775,1.29648384336547,-26.0805227,2026-04-06T19:28:06
82.94249,-36.532471,1.29647338301334,-26.0810841,2026-04-06T19:29:06
83.142136,-36.364094,1.29646292243697,-26.0816408,2026-04-06T19:30:06
83.341259,-36.195647,1.2964524616383,-26.0821927,2026-04-06T19:31:06
83.539865,-36.027132,1.29644200061927,-26.0827397,2026-04-06T19:32:06
83.737961,-35.858551,1.29643153938182,-26.0832818,2026-04-06T19:33:06
83.935553,-35.689905,1.2964210779279,-26.0838191,2026-04-06T19:34:06
84.132648,-35.521198,1.29641061625946,-26.0843515,2026-04-06T19:35:06
84.329252,-35.352432,1.29640015437845,-26.0848791,2026-04-06T19:36:06
84.525372,-35.183608,1.29638969228685,-26.0854017,2026-04-06T19:37:06
84.721013,-35.014728,1.2963792299866,-26.0859194,2026-04-06T19:38:06
84.916181,-34.845796,1.2963687674797,-26.0864322,2026-04-06T19:39:06
85.110884,-34.676812,1.29635830476811,-26.0869401,2026-04-06T19:40:06
85.305127,-34.507779,1.29634784185382,-26.087443,2026-04-06T19:41:06
85.498916,-34.338699,1.29633737873881,-26.087941,2026-04-06T19:42:06
85.692257,-34.169574,1.29632691542507,-26.088434,2026-04-06T19:43:06
85.885156,-34.000406,1.2963164519146,-26.088922,2026-04-06T19:44:06
86.077619,-33.831197,1.29630598820939,-26.0894051,2026-04-06T19:45:06
86.269651,-33.661949,1.29629552431145,-26.0898831,2026-04-06T19:46:06
86.46126,-33.492664,1.29628506022279,-26.0903561,2026-04-06T19:47:06
86.652449,-33.323345,1.29627459594542,-26.0908241,2026-04-06T19:48:06
86.843226,-33.153992,1.29626413148136,-26.0912871,2026-04-06T19:49:06
87.033595,-32.984608,1.29625366683263,-26.091745,2026-04-06T19:50:06
87.223562,-32.815195,1.29624320200125,-26.0921978,2026-04-06T19:51:06
87.413133,-32.645754,1.29623273698925,-26.0926456,2026-04-06T19:52:06
87.602313,-32.476289,1.29622227179867,-26.0930883,2026-04-06T19:53:06
87.791108,-32.3068,1.29621180643155,-26.093526,2026-04-06T19:54:06
87.979523,-32.137289,1.29620134088993,-26.0939585,2026-04-06T19:55:06
88.167563,-31.967759,1.29619087517585,-26.0943859,2026-04-06T19:56:06
88.355234,-31.798211,1.29618040929137,-26.0948082,2026-04-06T19:57:06
88.542542,-31.628647,1.29616994323854,-26.0952254,2026-04-06T19:58:06
88.72949,-31.459069,1.29615947701942,-26.0956374,2026-04-06T19:59:06
88.916085,-31.289478,1.29614901063606,-26.0960443,2026-04-06T20:00:06
89.102332,-31.119877,1.29613854409055,-26.0964461,2026-04-06T20:01:06
89.288235,-30.950268,1.29612807738494,-26.0968426,2026-04-06T20:02:06
89.4738,-30.780651,1.29611761052131,-26.097234,2026-04-06T20:03:06
89.659032,-30.61103,1.29610714350174,-26.0976202,2026-04-06T20:04:06
89.843936,-30.441405,1.29609667632831,-26.0980013,2026-04-06T20:05:06
90.028516,-30.271779,1.2960862090031,-26.0983771,2026-04-06T20:06:06
90.212778,-30.102153,1.29607574152821,-26.0987477,2026-04-06T20:07:06
90.396727,-29.932529,1.29606527390572,-26.0991131,2026-04-06T20:08:06
90.580367,-29.762909,1.29605480613774,-26.0994732,2026-04-06T20:09:06
90.763703,-29.593294,1.29604433822635,-26.0998281,2026-04-06T20:10:06
90.94674,-29.423687,1.29603387017367,-26.1001778,2026-04-06T20:11:06
91.129482,-29.254088,1.2960234019818,-26.1005222,2026-04-06T20:12:06
91.311935,-29.0845,1.29601293365285,-26.1008613,2026-04-06T20:13:06
91.494103,-28.914925,1.29600246518893,-26.1011952,2026-04-06T20:14:06
91.67599,-28.745363,1.29599199659218,-26.1015238,2026-04-06T20:15:06
91.857601,-28.575817,1.29598152786468,-26.1018471,2026-04-06T20:16:06
92.038941,-28.406289,1.29597105900857,-26.1021651,2026-04-06T20:17:06
92.220014,-28.23678,1.29596059002598,-26.1024778,2026-04-06T20:18:06
92.400824,-28.067291,1.29595012091904,-26.1027852,2026-04-06T20:19:06
92.581377,-27.897825,1.29593965168988,-26.1030873,2026-04-06T20:20:06
92.761676,-27.728383,1.29592918234063,-26.103384,2026-04-06T20:21:06
92.941725,-27.558966,1.29591871287344,-26.1036754,2026-04-06T20:22:06
93.12153,-27.389577,1.29590824329044,-26.1039615,2026-04-06T20:23:06
93.301094,-27.220217,1.29589777359378,-26.1042422,2026-04-06T20:24:06
93.480422,-27.050887,1.29588730378561,-26.1045175,2026-04-06T20:25:06
93.659518,-26.881589,1.29587683386808,-26.1047875,2026-04-06T20:26:06
93.838386,-26.712326,1.29586636384333,-26.1050521,2026-04-06T20:27:06
94.01703,-26.543098,1.29585589371354,-26.1053113,2026-04-06T20:28:06
94.195455,-26.373906,1.29584542348085,-26.1055652,2026-04-06T20:29:06
94.373664,-26.204754,1.29583495314743,-26.1058137,2026-04-06T20:30:06
94.551663,-26.035641,1.29582448271543,-26.1060567,2026-04-06T20:31:06
94.729453,-25.866571,1.29581401218704,-26.1062944,2026-04-06T20:32:06
94.907041,-25.697543,1.29580354156441,-26.1065266,2026-04-06T20:33:06
95.084429,-25.528561,1.29579307084972,-26.1067534,2026-04-06T20:34:06
95.261622,-25.359625,1.29578260004515,-26.1069748,2026-04-06T20:35:06
95.438624,-25.190737,1.29577212915286,-26.1071908,2026-04-06T20:36:06
95.615438,-25.021899,1.29576165817505,-26.1074013,2026-04-06T20:37:06
95.792069,-24.853112,1.29575118711388,-26.1076064,2026-04-06T20:38:06
95.968521,-24.684378,1.29574071597155,-26.107806,2026-04-06T20:39:06
96.144796,-24.515698,1.29573024475024,-26.1080002,2026-04-06T20:40:06
96.3209,-24.347074,1.29571977345214,-26.108189,2026-04-06T20:41:06
96.496835,-24.178507,1.29570930207944,-26.1083722,2026-04-06T20:42:06
96.672606,-24.009999,1.29569883063434,-26.10855,2026-04-06T20:43:06
96.848216,-23.841552,1.29568835911902,-26.1087223,2026-04-06T20:44:06
97.02367,-23.673166,1.29567788753569,-26.1088892,2026-04-06T20:45:06
97.19897,-23.504844,1.29566741588654,-26.1090505,2026-04-06T20:46:06
97.37412,-23.336587,1.29565694417378,-26.1092064,2026-04-06T20:47:06
97.549125,-23.168397,1.2956464723996,-26.1093567,2026-04-06T20:48:06
97.723987,-23.000274,1.29563600056622,-26.1095016,2026-04-06T20:49:06
97.89871,-22.832221,1.29562552867584,-26.109641,2026-04-06T20:50:06
98.073299,-22.664239,1.29561505673068,-26.1097748,2026-04-06T20:51:06
98.247755,-22.49633,1.29560458473293,-26.1099031,2026-04-06T20:52:06
98.422084,-22.328495,1.29559411268481,-26.110026,2026-04-06T20:53:06
98.596288,-22.160735,1.29558364058854,-26.1101433,2026-04-06T20:54:06
98.770371,-21.993052,1.29557316844633,-26.110255,2026-04-06T20:55:06
98.944336,-21.825448,1.2955626962604,-26.1103613,2026-04-06T20:56:06
99.118187,-21.657924,1.29555222403297,-26.110462,2026-04-06T20:57:06
99.291928,-21.490482,1.29554175176626,-26.1105571,2026-04-06T20:58:06
99.465561,-21.323122,1.29553127946249,-26.1106468,2026-04-06T20:59:06
99.63909,-21.155847,1.29552080712388,-26.1107308,2026-04-06T21:00:06
99.812518,-20.988658,1.29551033475266,-26.1108094,2026-04-06T21:01:06
99.985849,-20.821556,1.29549986235106,-26.1108823,2026-04-06T21:02:06
100.159086,-20.654544,1.29548938992129,-26.1109498,2026-04-06T21:03:06
100.332232,-20.487621,1.2954789174656,-26.1110116,2026-04-06T21:04:06
100.505291,-20.320791,1.29546844498621,-26.1110679,2026-04-06T21:05:06
100.678266,-20.154054,1.29545797248536,-26.1111187,2026-04-06T21:06:06
100.85116,-19.987412,1.29544749996526,-26.1111638,2026-04-06T21:07:06
101.023977,-19.820866,1.29543702742817,-26.1112034,2026-04-06T21:08:06
101.196718,-19.654418,1.29542655487631,-26.1112375,2026-04-06T21:09:06
101.369389,-19.48807,1.29541608231191,-26.1112659,2026-04-06T21:10:06
101.541991,-19.321822,1.29540560973722,-26.1112888,2026-04-06T21:11:06
101.714529,-19.155676,1.29539513715447,-26.1113061,2026-04-06T21:12:06
101.887005,-18.989634,1.29538466456591,-26.1113178,2026-04-06T21:13:06
102.059422,-18.823697,1.29537419197376,-26.1113239,2026-04-06T21:14:06
102.231783,-18.657867,1.29536371938027,-26.1113245,2026-04-06T21:15:06
102.404092,-18.492145,1.29535324678769,-26.1113194,2026-04-06T21:16:06
102.576351,-18.326532,1.29534277419824,-26.1113088,2026-04-06T21:17:06
102.748564,-18.16103,1.29533230161418,-26.1112926,2026-04-06T21:18:06
102.920734,-17.995641,1.29532182903775,-26.1112708,2026-04-06T21:19:06
103.092863,-17.830366,1.29531135647119,-26.1112433,2026-04-06T21:20:06
103.264955,-17.665206,1.29530088391674,-26.1112103,2026-04-06T21:21:06
103.437012,-17.500163,1.29529041137666,-26.1111717,2026-04-06T21:22:06
103.609039,-17.335239,1.29527993885317,-26.1111275,2026-04-06T21:23:06
103.781036,-17.170434,1.29526946634854,-26.1110777,2026-04-06T21:24:06
103.953008,-17.005751,1.295258993865,-26.1110223,2026-04-06T21:25:06
104.124958,-16.84119,1.29524852140481,-26.1109613,2026-04-06T21:26:06
104.296888,-16.676754,1.2952380489702,-26.1108947,2026-04-06T21:27:06
104.468801,-16.512443,1.29522757656343,-26.1108225,2026-04-06T21:28:06
104.6407,-16.348259,1.29521710418674,-26.1107447,2026-04-06T21:29:06
104.812588,-16.184204,1.29520663184238,-26.1106613,2026-04-06T21:30:06
104.984468,-16.02028,1.29519615953259,-26.1105723,2026-04-06T21:31:06
105.156342,-15.856486,1.29518568725963,-26.1104776,2026-04-06T21:32:06
105.328214,-15.692826,1.29517521502574,-26.1103774,2026-04-06T21:33:06
105.500087,-15.5293,1.29516474283317,-26.1102716,2026-04-06T21:34:06
105.671962,-15.36591,1.29515427068416,-26.1101602,2026-04-06T21:35:06
105.843843,-15.202658,1.29514379858097,-26.1100431,2026-04-06T21:36:06
106.015733,-15.039545,1.29513332652584,-26.1099205,2026-04-06T21:37:06
106.187634,-14.876571,1.29512285452101,-26.1097923,2026-04-06T21:38:06
106.359549,-14.71374,1.29511238256874,-26.1096584,2026-04-06T21:39:06
106.531481,-14.551053,1.29510191067127,-26.109519,2026-04-06T21:40:06
106.703433,-14.38851,1.29509143883084,-26.1093739,2026-04-06T21:41:06
106.875407,-14.226113,1.29508096704971,-26.1092233,2026-04-06T21:42:06
107.047406,-14.063864,1.29507049533011,-26.1090671,2026-04-06T21:43:06
107.219432,-13.901765,1.2950600236743,-26.1089052,2026-04-06T21:44:06
107.391489,-13.739816,1.29504955208451,-26.1087378,2026-04-06T21:45:06
107.563579,-13.578019,1.29503908056299,-26.1085648,2026-04-06T21:46:06
107.735704,-13.416377,1.29502860911199,-26.1083862,2026-04-06T21:47:06
107.907868,-13.254889,1.29501813773375,-26.108202,2026-04-06T21:48:06
108.080072,-13.093558,1.2950076664305,-26.1080122,2026-04-06T21:49:06
108.25232,-12.932386,1.2949971952045,-26.1078168,2026-04-06T21:50:06
108.424614,-12.771373,1.29498672405797,-26.1076158,2026-04-06T21:51:06
108.596956,-12.610521,1.29497625299317,-26.1074093,2026-04-06T21:52:06
108.76935,-12.449833,1.29496578201233,-26.1071971,2026-04-06T21:53:06
108.941797,-12.289308,1.29495531111769,-26.1069794,2026-04-06T21:54:06
109.114301,-12.128949,1.29494484031148,-26.1067561,2026-04-06T21:55:06
109.286863,-11.968758,1.29493436959595,-26.1065273,2026-04-06T21:56:06
109.459487,-11.808735,1.29492389897332,-26.1062928,2026-04-06T21:57:06
109.632175,-11.648882,1.29491342844584,-26.1060528,2026-04-06T21:58:06
109.804929,-11.489202,1.29490295801574,-26.1058072,2026-04-06T21:59:06
109.977752,-11.329694,1.29489248768524,-26.1055561,2026-04-06T22:00:06
110.150647,-11.170362,1.29488201745658,-26.1052994,2026-04-06T22:01:06
110.323615,-11.011206,1.29487154733199,-26.1050371,2026-04-06T22:02:06
110.49666,-10.852227,1.2948610773137,-26.1047693,2026-04-06T22:03:06
110.669783,-10.693428,1.29485060740393,-26.104496,2026-04-06T22:04:06
110.842988,-10.534811,1.29484013760492,-26.104217,2026-04-06T22:05:06
111.016276,-10.376375,1.2948296679189,-26.1039326,2026-04-06T22:06:06
111.18965,-10.218124,1.29481919834806,-26.1036426,2026-04-06T22:07:06
111.363113,-10.060058,1.29480872889464,-26.103347,2026-04-06T22:08:06
111.536667,-9.902179,1.29479825956086,-26.103046,2026-04-06T22:09:06
111.710313,-9.744489,1.29478779034894,-26.1027394,2026-04-06T22:10:06
111.884056,-9.586989,1.2947773212611,-26.1024272,2026-04-06T22:11:06
112.057896,-9.429681,1.29476685229955,-26.1021096,2026-04-06T22:12:06
112.231837,-9.272567,1.29475638346651,-26.1017864,2026-04-06T22:13:06
112.405881,-9.115647,1.29474591476418,-26.1014577,2026-04-06T22:14:06
112.58003,-8.958924,1.29473544619479,-26.1011236,2026-04-06T22:15:06
112.754286,-8.802398,1.29472497776053,-26.1007839,2026-04-06T22:16:06
112.928652,-8.646073,1.29471450946361,-26.1004387,2026-04-06T22:17:06
113.10313,-8.489948,1.29470404130625,-26.100088,2026-04-06T22:18:06
113.277722,-8.334027,1.29469357329063,-26.0997318,2026-04-06T22:19:06
113.452431,-8.178309,1.29468310541897,-26.0993701,2026-04-06T22:20:06
113.627259,-8.022798,1.29467263769346,-26.099003,2026-04-06T22:21:06
113.802208,-7.867494,1.2946621701163,-26.0986304,2026-04-06T22:22:06
113.97728,-7.712399,1.29465170268969,-26.0982523,2026-04-06T22:23:06
114.152479,-7.557515,1.29464123541581,-26.0978687,2026-04-06T22:24:06
114.327805,-7.402843,1.29463076829685,-26.0974797,2026-04-06T22:25:06
114.503261,-7.248385,1.29462030133501,-26.0970852,2026-04-06T22:26:06
114.67885,-7.094142,1.29460983453247,-26.0966853,2026-04-06T22:27:06
114.854574,-6.940117,1.29459936789142,-26.09628,2026-04-06T22:28:06
115.030435,-6.786311,1.29458890141403,-26.0958692,2026-04-06T22:29:06
115.206434,-6.632724,1.29457843510249,-26.095453,2026-04-06T22:30:06
115.382575,-6.47936,1.29456796895897,-26.0950313,2026-04-06T22:31:06
115.55886,-6.32622,1.29455750298564,-26.0946043,2026-04-06T22:32:06
115.73529,-6.173305,1.29454703718469,-26.0941718,2026-04-06T22:33:06
115.911868,-6.020616,1.29453657155826,-26.0937339,2026-04-06T22:34:06
116.088596,-5.868156,1.29452610610854,-26.0932906,2026-04-06T22:35:06
116.265476,-5.715927,1.29451564083769,-26.092842,2026-04-06T22:36:06
116.44251,-5.563929,1.29450517574787,-26.0923879,2026-04-06T22:37:06
116.619701,-5.412165,1.29449471084123,-26.0919285,2026-04-06T22:38:06
116.79705,-5.260636,1.29448424611993,-26.0914637,2026-04-06T22:39:06
116.97456,-5.109343,1.29447378158613,-26.0909935,2026-04-06T22:40:06
117.152233,-4.958289,1.29446331724198,-26.090518,2026-04-06T22:41:06
117.33007,-4.807476,1.29445285308961,-26.0900371,2026-04-06T22:42:06
117.508074,-4.656904,1.29444238913118,-26.0895509,2026-04-06T22:43:06
117.686248,-4.506576,1.29443192536883,-26.0890593,2026-04-06T22:44:06
117.864592,-4.356493,1.29442146180469,-26.0885625,2026-04-06T22:45:06
118.04311,-4.206657,1.29441099844091,-26.0880603,2026-04-06T22:46:06
118.221803,-4.057069,1.29440053527961,-26.0875527,2026-04-06T22:47:06
118.400673,-3.907732,1.29439007232291,-26.0870399,2026-04-06T22:48:06
118.579722,-3.758646,1.29437960957296,-26.0865218,2026-04-06T22:49:06
118.758953,-3.609815,1.29436914703187,-26.0859984,2026-04-06T22:50:06
118.938367,-3.461239,1.29435868470176,-26.0854697,2026-04-06T22:51:06
119.117966,-3.31292,1.29434822258474,-26.0849358,2026-04-06T22:52:06
119.297753,-3.16486,1.29433776068293,-26.0843966,2026-04-06T22:53:06
119.477729,-3.01706,1.29432729899844,-26.0838521,2026-04-06T22:54:06
119.657896,-2.869523,1.29431683753337,-26.0833024,2026-04-06T22:55:06
119.838257,-2.72225,1.29430637628983,-26.0827474,2026-04-06T22:56:06
120.018812,-2.575243,1.29429591526992,-26.0821872,2026-04-06T22:57:06
120.199565,-2.428503,1.29428545447573,-26.0816218,2026-04-06T22:58:06
120.380517,-2.282033,1.29427499390934,-26.0810512,2026-04-06T22:59:06
120.56167,-2.135834,1.29426453357287,-26.0804754,2026-04-06T23:00:06
120.743026,-1.989908,1.29425407346837,-26.0798944,2026-04-06T23:01:06
120.924587,-1.844256,1.29424361359794,-26.0793082,2026-04-06T23:02:06
121.106355,-1.698881,1.29423315396366,-26.0787168,2026-04-06T23:03:06
121.288331,-1.553783,1.29422269456759,-26.0781203,2026-04-06T23:04:06
121.470518,-1.408966,1.29421223541182,-26.0775186,2026-04-06T23:05:06
121.652917,-1.264431,1.29420177649839,-26.0769118,2026-04-06T23:06:06
121.835531,-1.120179,1.29419131782938,-26.0762998,2026-04-06T23:07:06
122.01836,-0.976213,1.29418085940684,-26.0756827,2026-04-06T23:08:06
122.201408,-0.832533,1.29417040123283,-26.0750605,2026-04-06T23:09:06
122.384676,-0.689143,1.29415994330939,-26.0744332,2026-04-06T23:10:06
122.568165,-0.546043,1.29414948563858,-26.0738007,2026-04-06T23:11:06
122.751878,-0.403236,1.29413902822244,-26.0731632,2026-04-06T23:12:06
122.935816,-0.260724,1.29412857106299,-26.0725207,2026-04-06T23:13:06
123.119981,-0.118508,1.29411811416228,-26.071873,2026-04-06T23:14:06
123.304375,0.02341,1.29410765752234,-26.0712203,2026-04-06T23:15:06
123.489,0.165029,1.29409720114519,-26.0705626,2026-04-06T23:16:06
123.673857,0.306345,1.29408674503284,-26.0698998,2026-04-06T23:17:06
123.858949,0.447358,1.29407628918733,-26.069232,2026-04-06T23:18:06
124.044276,0.588065,1.29406583361066,-26.0685592,2026-04-06T23:19:06
124.229841,0.728465,1.29405537830483,-26.0678814,2026-04-06T23:20:06
124.415645,0.868555,1.29404492327186,-26.0671986,2026-04-06T23:21:06
124.601691,1.008335,1.29403446851373,-26.0665108,2026-04-06T23:22:06
124.787979,1.147801,1.29402401403245,-26.0658181,2026-04-06T23:23:06
124.974512,1.286953,1.29401355983001,-26.0651204,2026-04-06T23:24:06
125.161291,1.425788,1.29400310590838,-26.0644177,2026-04-06T23:25:06
125.348317,1.564304,1.29399265226955,-26.0637102,2026-04-06T23:26:06
125.535594,1.7025,1.2939821989155,-26.0629977,2026-04-06T23:27:06
125.723121,1.840373,1.2939717458482,-26.0622802,2026-04-06T23:28:06
125.910901,1.977921,1.29396129306961,-26.0615579,2026-04-06T23:29:06
126.098936,2.115144,1.2939508405817,-26.0608308,2026-04-06T23:30:06
126.287227,2.252038,1.29394038838642,-26.0600987,2026-04-06T23:31:06
126.475775,2.388602,1.29392993648572,-26.0593618,2026-04-06T23:32:06
126.664583,2.524834,1.29391948488156,-26.05862,2026-04-06T23:33:06
126.853651,2.660732,1.29390903357587,-26.0578734,2026-04-06T23:34:06
127.042982,2.796294,1.29389858257059,-26.057122,2026-04-06T23:35:06
127.232577,2.931518,1.29388813186765,-26.0563657,2026-04-06T23:36:06
127.422437,3.066402,1.29387768146899,-26.0556047,2026-04-06T23:37:06
127.612565,3.200944,1.29386723137652,-26.0548389,2026-04-06T23:38:06
127.80296,3.335143,1.29385678159215,-26.0540682,2026-04-06T23:39:06
127.993626,3.468996,1.29384633211781,-26.0532929,2026-04-06T23:40:06
128.184563,3.602501,1.2938358829554,-26.0525128,2026-04-06T23:41:06
128.375774,3.735656,1.29382543410682,-26.0517279,2026-04-06T23:42:06
128.567258,3.86846,1.29381498557396,-26.0509384,2026-04-06T23:43:06
128.759019,4.000909,1.29380453735873,-26.0501441,2026-04-06T23:44:06
128.951057,4.133004,1.29379408946299,-26.0493451,2026-04-06T23:45:06
129.143374,4.26474,1.29378364188864,-26.0485415,2026-04-06T23:46:06
129.335971,4.396117,1.29377319463755,-26.0477332,2026-04-06T23:47:06
129.52885,4.527132,1.29376274771158,-26.0469202,2026-04-06T23:48:06
129.722012,4.657783,1.29375230111261,-26.0461026,2026-04-06T23:49:06
129.915458,4.788069,1.29374185484248,-26.0452803,2026-04-06T23:50:06
130.109189,4.917987,1.29373140890306,-26.0444535,2026-04-06T23:51:06
130.303208,5.047535,1.29372096329619,-26.043622,2026-04-06T23:52:06
130.497515,5.176711,1.29371051802371,-26.042786,2026-04-06T23:53:06
130.692112,5.305513,1.29370007308746,-26.0419454,2026-04-06T23:54:06
130.887,5.43394,1.29368962848929,-26.0411002,2026-04-06T23:55:06
131.08218,5.561988,1.29367918423098,-26.0402505,2026-04-06T23:56:06
131.277654,5.689657,1.29366874031437,-26.0393963,2026-04-06T23:57:06
131.473423,5.816943,1.29365829674128,-26.0385375,2026-04-06T23:58:06
131.669488,5.943845,1.29364785351351,-26.0376743,2026-04-06T23:59:06
131.86585,6.070361,1.29363741063286,-26.0368066,2026-04-07T00:00:06
132.06251,6.196489,1.29362696810114,-26.0359344,2026-04-07T00:01:06
132.25947,6.322226,1.29361652592012,-26.0350577,2026-04-07T00:02:06
132.456732,6.447571,1.29360608409159,-26.0341766,2026-04-07T00:03:06
132.654295,6.572521,1.29359564261734,-26.0332911,2026-04-07T00:04:06
132.852161,6.697075,1.29358520149913,-26.0324012,2026-04-07T00:05:06
133.050332,6.82123,1.29357476073872,-26.0315068,2026-04-07T00:06:06
133.248808,6.944984,1.29356432033788,-26.0306081,2026-04-07T00:07:06
133.447591,7.068335,1.29355388029836,-26.0297051,2026-04-07T00:08:06
133.646681,7.191281,1.29354344062191,-26.0287977,2026-04-07T00:09:06
133.84608,7.31382,1.29353300131027,-26.0278859,2026-04-07T00:10:06
134.045789,7.435949,1.29352256236517,-26.0269699,2026-04-07T00:11:06
134.245808,7.557668,1.29351212378834,-26.0260495,2026-04-07T00:12:06
134.446139,7.678972,1.2935016855815,-26.0251248,2026-04-07T00:13:06
134.646783,7.799861,1.29349124774638,-26.0241959,2026-04-07T00:14:06
134.847741,7.920333,1.29348081028467,-26.0232627,2026-04-07T00:15:06
135.049013,8.040384,1.29347037319808,-26.0223253,2026-04-07T00:16:06
135.250601,8.160013,1.29345993648832,-26.0213837,2026-04-07T00:17:06
135.452506,8.279218,1.29344950015706,-26.0204378,2026-04-07T00:18:06
135.654728,8.397997,1.293439064206,-26.0194878,2026-04-07T00:19:06
135.857268,8.516347,1.2934286286368,-26.0185336,2026-04-07T00:20:06
136.060128,8.634267,1.29341819345115,-26.0175752,2026-04-07T00:21:06
136.263308,8.751753,1.2934077586507,-26.0166127,2026-04-07T00:22:06
136.466808,8.868805,1.29339732423711,-26.0156461,2026-04-07T00:23:06
136.670631,8.98542,1.29338689021204,-26.0146754,2026-04-07T00:24:06
136.874775,9.101595,1.29337645657712,-26.0137005,2026-04-07T00:25:06
137.079243,9.217329,1.293366023334,-26.0127216,2026-04-07T00:26:06
137.284035,9.332619,1.2933555904843,-26.0117387,2026-04-07T00:27:06
137.489152,9.447463,1.29334515802965,-26.0107517,2026-04-07T00:28:06
137.694594,9.561859,1.29333472597166,-26.0097607,2026-04-07T00:29:06
137.900362,9.675805,1.29332429431195,-26.0087656,2026-04-07T00:30:06
138.106457,9.789299,1.29331386305212,-26.0077666,2026-04-07T00:31:06
138.31288,9.902338,1.29330343219376,-26.0067636,2026-04-07T00:32:06
138.51963,10.01492,1.29329300173847,-26.0057567,2026-04-07T00:33:06
138.726709,10.127043,1.29328257168783,-26.0047458,2026-04-07T00:34:06
138.934117,10.238706,1.29327214204341,-26.003731,2026-04-07T00:35:06
139.141855,10.349904,1.29326171280678,-26.0027123,2026-04-07T00:36:06
139.349924,10.460638,1.2932512839795,-26.0016897,2026-04-07T00:37:06
139.558323,10.570903,1.29324085556313,-26.0006633,2026-04-07T00:38:06
139.767054,10.680699,1.29323042755922,-25.999633,2026-04-07T00:39:06
139.976116,10.790022,1.2932199999693,-25.9985988,2026-04-07T00:40:06
140.185511,10.898871,1.2932095727949,-25.9975609,2026-04-07T00:41:06
140.395238,11.007243,1.29319914603756,-25.9965192,2026-04-07T00:42:06
140.605298,11.115137,1.29318871969879,-25.9954736,2026-04-07T00:43:06
140.815692,11.222549,1.29317829378011,-25.9944244,2026-04-07T00:44:06
141.026419,11.329479,1.29316786828301,-25.9933713,2026-04-07T00:45:06
141.237481,11.435923,1.29315744320899,-25.9923146,2026-04-07T00:46:06
141.448877,11.541879,1.29314701855955,-25.9912542,2026-04-07T00:47:06
141.660607,11.647345,1.29313659433616,-25.99019,2026-04-07T00:48:06
141.872673,11.752319,1.2931261705403,-25.9891222,2026-04-07T00:49:06
142.085074,11.856799,1.29311574717344,-25.9880508,2026-04-07T00:50:06
142.29781,11.960783,1.29310532423703,-25.9869757,2026-04-07T00:51:06
142.510882,12.064268,1.29309490173253,-25.985897,2026-04-07T00:52:06
142.724289,12.167251,1.29308447966138,-25.9848148,2026-04-07T00:53:06
142.938033,12.269732,1.29307405802503,-25.9837289,2026-04-07T00:54:06
143.152112,12.371707,1.29306363682489,-25.9826395,2026-04-07T00:55:06
143.366527,12.473175,1.29305321606239,-25.9815466,2026-04-07T00:56:06
143.581279,12.574133,1.29304279573895,-25.9804501,2026-04-07T00:57:06
143.796366,12.674578,1.29303237585597,-25.9793501,2026-04-07T00:58:06
144.01179,12.77451,1.29302195641485,-25.9782467,2026-04-07T00:59:06
144.22755,12.873925,1.29301153741698,-25.9771398,2026-04-07T01:00:06
144.443645,12.972821,1.29300111886374,-25.9760295,2026-04-07T01:01:06
144.660077,13.071196,1.29299070075652,-25.9749157,2026-04-07T01:02:06
144.876845,13.169049,1.29298028309668,-25.9737986,2026-04-07T01:03:06
145.093948,13.266375,1.29296986588558,-25.972678,2026-04-07T01:04:06
145.311387,13.363175,1.29295944912457,-25.9715541,2026-04-07T01:05:06
145.529161,13.459444,1.29294903281499,-25.9704269,2026-04-07T01:06:06
145.747271,13.555182,1.29293861695819,-25.9692963,2026-04-07T01:07:06
145.965715,13.650385,1.29292820155549,-25.9681625,2026-04-07T01:08:06
146.184494,13.745052,1.29291778660821,-25.9670253,2026-04-07T01:09:06
146.403607,13.839181,1.29290737211767,-25.9658849,2026-04-07T01:10:06
146.623055,13.932768,1.29289695808517,-25.9647413,2026-04-07T01:11:06
146.842836,14.025813,1.292886544512,-25.9635944,2026-04-07T01:12:06
147.06295,14.118313,1.29287613139946,-25.9624443,2026-04-07T01:13:06
147.283397,14.210265,1.29286571874882,-25.961291,2026-04-07T01:14:06
147.504176,14.301667,1.29285530656136,-25.9601346,2026-04-07T01:15:06
147.725288,14.392518,1.29284489483835,-25.958975,2026-04-07T01:16:06
147.946731,14.482815,1.29283448358103,-25.9578123,2026-04-07T01:17:06
148.168504,14.572556,1.29282407279066,-25.9566465,2026-04-07T01:18:06
148.390608,14.661738,1.29281366246848,-25.9554777,2026-04-07T01:19:06
148.613042,14.75036,1.29280325261572,-25.9543057,2026-04-07T01:20:06
148.835805,14.83842,1.2927928432336,-25.9531308,2026-04-07T01:21:06
149.058897,14.925914,1.29278243432334,-25.9519528,2026-04-07T01:22:06
149.282316,15.012842,1.29277202588614,-25.9507718,2026-04-07T01:23:06
149.506062,15.099201,1.29276161792321,-25.9495878,2026-04-07T01:24:06
149.730135,15.184988,1.29275121043573,-25.9484009,2026-04-07T01:25:06
149.954533,15.270202,1.29274080342488,-25.947211,2026-04-07T01:26:06
150.179256,15.35484,1.29273039689185,-25.9460182,2026-04-07T01:27:06
150.404303,15.438901,1.29271999083779,-25.9448225,2026-04-07T01:28:06
150.629673,15.522382,1.29270958526386,-25.943624,2026-04-07T01:29:06
150.855365,15.605281,1.29269918017121,-25.9424226,2026-04-07T01:30:06
151.081378,15.687596,1.29268877556098,-25.9412183,2026-04-07T01:31:06
151.307711,15.769325,1.29267837143431,-25.9400113,2026-04-07T01:32:06
151.534364,15.850466,1.2926679677923,-25.9388014,2026-04-07T01:33:06
151.761335,15.931016,1.29265756463609,-25.9375888,2026-04-07T01:34:06
151.988624,16.010974,1.29264716196677,-25.9363735,2026-04-07T01:35:06
152.216228,16.090337,1.29263675978544,-25.9351554,2026-04-07T01:36:06
152.444147,16.169104,1.2926263580932,-25.9339346,2026-04-07T01:37:06
152.67238,16.247272,1.29261595689111,-25.9327112,2026-04-07T01:38:06
152.900926,16.324839,1.29260555618026,-25.931485,2026-04-07T01:39:06
153.129784,16.401804,1.2925951559617,-25.9302563,2026-04-07T01:40:06
153.358951,16.478163,1.29258475623651,-25.9290249,2026-04-07T01:41:06
153.588428,16.553916,1.2925743570057,-25.9277909,2026-04-07T01:42:06
153.818212,16.62906,1.29256395827032,-25.9265544,2026-04-07T01:43:06
154.048302,16.703593,1.29255356003139,-25.9253153,2026-04-07T01:44:06
154.278697,16.777513,1.29254316228995,-25.9240736,2026-04-07T01:45:06
154.509396,16.850818,1.292532765047,-25.9228295,2026-04-07T01:46:06
154.740397,16.923506,1.29252236830354,-25.9215829,2026-04-07T01:47:06
154.971698,16.995575,1.29251197206056,-25.9203338,2026-04-07T01:48:06
155.203299,17.067023,1.29250157631905,-25.9190822,2026-04-07T01:49:06
155.435197,17.137848,1.29249118107999,-25.9178283,2026-04-07T01:50:06
155.667391,17.208048,1.29248078634433,-25.9165719,2026-04-07T01:51:06
155.89988,17.277622,1.29247039211304,-25.9153132,2026-04-07T01:52:06
156.132661,17.346567,1.29245999838707,-25.9140521,2026-04-07T01:53:06
156.365733,17.414881,1.29244960516736,-25.9127887,2026-04-07T01:54:06
156.599095,17.482563,1.29243921245483,-25.911523,2026-04-07T01:55:06
156.832744,17.54961,1.29242882025041,-25.910255,2026-04-07T01:56:06
157.06668,17.61602,1.29241842855501,-25.9089847,2026-04-07T01:57:06
157.300899,17.681793,1.29240803736954,-25.9077121,2026-04-07T01:58:06
157.535401,17.746925,1.29239764669489,-25.9064374,2026-04-07T01:59:06
157.770183,17.811415,1.29238725653194,-25.9051605,2026-04-07T02:00:06
158.005243,17.875262,1.29237686688158,-25.9038814,2026-04-07T02:01:06
158.240581,17.938463,1.29236647774467,-25.9026001,2026-04-07T02:02:06
158.476193,18.001016,1.29235608912206,-25.9013167,2026-04-07T02:03:06
158.712077,18.06292,1.29234570101462,-25.9000312,2026-04-07T02:04:06
158.948233,18.124173,1.29233531342317,-25.8987436,2026-04-07T02:05:06
159.184657,18.184773,1.29232492634856,-25.897454,2026-04-07T02:06:06
159.421347,18.244718,1.29231453979159,-25.8961623,2026-04-07T02:07:06
159.658302,18.304007,1.2923041537531,-25.8948686,2026-04-07T02:08:06
159.895519,18.362637,1.29229376823387,-25.8935729,2026-04-07T02:09:06
160.132997,18.420608,1.29228338323471,-25.8922752,2026-04-07T02:10:06
160.370732,18.477917,1.2922729987564,-25.8909756,2026-04-07T02:11:06
160.608723,18.534563,1.29226261479971,-25.8896741,2026-04-07T02:12:06
160.846967,18.590543,1.29225223136542,-25.8883706,2026-04-07T02:13:06
161.085463,18.645857,1.29224184845428,-25.8870653,2026-04-07T02:14:06
161.324207,18.700503,1.29223146606704,-25.8857581,2026-04-07T02:15:06
161.563197,18.754479,1.29222108420443,-25.8844491,2026-04-07T02:16:06
161.802432,18.807783,1.2922107028672,-25.8831383,2026-04-07T02:17:06
162.041908,18.860414,1.29220032205606,-25.8818257,2026-04-07T02:18:06
162.281624,18.91237,1.29218994177171,-25.8805114,2026-04-07T02:19:06
162.521576,18.963649,1.29217956201487,-25.8791953,2026-04-07T02:20:06
162.761762,19.014251,1.29216918278623,-25.8778775,2026-04-07T02:21:06
163.00218,19.064173,1.29215880408646,-25.876558,2026-04-07T02:22:06
163.242827,19.113414,1.29214842591625,-25.8752368,2026-04-07T02:23:06
163.483701,19.161973,1.29213804827625,-25.873914,2026-04-07T02:24:06
163.724798,19.209847,1.29212767116713,-25.8725895,2026-04-07T02:25:06
163.966117,19.257036,1.29211729458953,-25.8712635,2026-04-07T02:26:06
164.207654,19.303538,1.29210691854408,-25.8699359,2026-04-07T02:27:06
164.449407,19.349351,1.29209654303141,-25.8686067,2026-04-07T02:28:06
164.691373,19.394475,1.29208616805215,-25.867276,2026-04-07T02:29:06
164.93355,19.438907,1.29207579360689,-25.8659438,2026-04-07T02:30:06
165.175933,19.482646,1.29206541969623,-25.8646102,2026-04-07T02:31:06
165.418522,19.525692,1.29205504632077,-25.863275,2026-04-07T02:32:06
165.661312,19.568042,1.29204467348109,-25.8619385,2026-04-07T02:33:06
165.904302,19.609695,1.29203430117775,-25.8606005,2026-04-07T02:34:06
166.147487,19.650651,1.29202392941132,-25.8592611,2026-04-07T02:35:06
166.390866,19.690907,1.29201355818234,-25.8579204,2026-04-07T02:36:06
166.634435,19.730462,1.29200318749136,-25.8565783,2026-04-07T02:37:06
166.878191,19.769316,1.29199281733891,-25.8552349,2026-04-07T02:38:06
167.122132,19.807466,1.29198244772551,-25.8538903,2026-04-07T02:39:06
167.366253,19.844912,1.29197207865168,-25.8525443,2026-04-07T02:40:06
167.610553,19.881652,1.29196171011792,-25.8511972,2026-04-07T02:41:06
167.855028,19.917686,1.29195134212472,-25.8498488,2026-04-07T02:42:06
168.099675,19.953012,1.29194097467257,-25.8484992,2026-04-07T02:43:06
168.344491,19.987629,1.29193060776194,-25.8471484,2026-04-07T02:44:06
168.589472,20.021535,1.29192024139329,-25.8457965,2026-04-07T02:45:06
168.834617,20.054731,1.29190987556708,-25.8444435,2026-04-07T02:46:06
169.07992,20.087214,1.29189951028377,-25.8430893,2026-04-07T02:47:06
169.32538,20.118984,1.29188914554377,-25.8417341,2026-04-07T02:48:06
169.570993,20.150039,1.29187878134753,-25.8403779,2026-04-07T02:49:06
169.816755,20.180379,1.29186841769545,-25.8390206,2026-04-07T02:50:06
170.062664,20.210002,1.29185805458794,-25.8376623,2026-04-07T02:51:06
170.308716,20.238909,1.29184769202541,-25.836303,2026-04-07T02:52:06
170.554908,20.267097,1.29183733000823,-25.8349428,2026-04-07T02:53:06
170.801236,20.294565,1.29182696853679,-25.8335816,2026-04-07T02:54:06
171.047698,20.321314,1.29181660761146,-25.8322196,2026-04-07T02:55:06
171.294289,20.347341,1.29180624723259,-25.8308566,2026-04-07T02:56:06
171.541007,20.372647,1.29179588740053,-25.8294928,2026-04-07T02:57:06
171.787848,20.39723,1.29178552811562,-25.8281282,2026-04-07T02:58:06
172.034808,20.421089,1.29177516937819,-25.8267628,2026-04-07T02:59:06
172.281885,20.444224,1.29176481118857,-25.8253965,2026-04-07T03:00:06
172.529074,20.466634,1.29175445354706,-25.8240295,2026-04-07T03:01:06
172.776372,20.488318,1.29174409645396,-25.8226618,2026-04-07T03:02:06
173.023777,20.509276,1.29173373990956,-25.8212934,2026-04-07T03:03:06
173.271283,20.529506,1.29172338391414,-25.8199243,2026-04-07T03:04:06
173.518888,20.549009,1.29171302846798,-25.8185545,2026-04-07T03:05:06
173.766589,20.567783,1.29170267357133,-25.817184,2026-04-07T03:06:06
174.014381,20.585828,1.29169231922445,-25.815813,2026-04-07T03:07:06
174.262261,20.603143,1.29168196542758,-25.8144414,2026-04-07T03:08:06
174.510226,20.619727,1.29167161218095,-25.8130691,2026-04-07T03:09:06
174.758272,20.635581,1.29166125948478,-25.8116964,2026-04-07T03:10:06
175.006395,20.650703,1.29165090733929,-25.8103231,2026-04-07T03:11:06
175.254592,20.665094,1.29164055574468,-25.8089494,2026-04-07T03:12:06
175.502859,20.678751,1.29163020470114,-25.8075752,2026-04-07T03:13:06
175.751192,20.691676,1.29161985420885,-25.8062005,2026-04-07T03:14:06
175.999589,20.703868,1.291609504268,-25.8048254,2026-04-07T03:15:06
176.248045,20.715326,1.29159915487873,-25.8034499,2026-04-07T03:16:06
176.496556,20.72605,1.29158880604121,-25.8020741,2026-04-07T03:17:06
176.74512,20.736039,1.29157845775557,-25.8006979,2026-04-07T03:18:06
176.993731,20.745294,1.29156811002196,-25.7993213,2026-04-07T03:19:06
177.242388,20.753813,1.2915577628405,-25.7979445,2026-04-07T03:20:06
177.491085,20.761597,1.2915474162113,-25.7965674,2026-04-07T03:21:06
177.73982,20.768645,1.29153707013447,-25.7951901,2026-04-07T03:22:06
177.988588,20.774957,1.29152672461009,-25.7938125,2026-04-07T03:23:06
178.237386,20.780534,1.29151637963827,-25.7924348,2026-04-07T03:24:06
178.486211,20.785373,1.29150603521906,-25.7910568,2026-04-07T03:25:06
178.735058,20.789477,1.29149569135257,-25.7896787,2026-04-07T03:26:06
178.983923,20.792843,1.29148534803879,-25.7883005,2026-04-07T03:27:06
179.232804,20.795473,1.2914750052778,-25.7869222,2026-04-07T03:28:06
179.481696,20.797367,1.29146466306964,-25.7855438,2026-04-07T03:29:06
179.730596,20.798523,1.29145432141433,-25.7841653,2026-04-07T03:30:06
179.9795,20.798942,1.29144398031189,-25.7827868,2026-04-07T03:31:06
180.228404,20.798625,1.29143363976231,-25.7814084,2026-04-07T03:32:06
180.477304,20.79757,1.29142329976561,-25.7800299,2026-04-07T03:33:06
180.726197,20.795779,1.29141296032177,-25.7786515,2026-04-07T03:34:06
180.97508,20.79325,1.29140262143076,-25.7772731,2026-04-07T03:35:06
181.223948,20.789985,1.29139228309254,-25.7758949,2026-04-07T03:36:06
181.472797,20.785984,1.29138194530709,-25.7745167,2026-04-07T03:37:06
181.721625,20.781246,1.29137160807434,-25.7731387,2026-04-07T03:38:06
181.970427,20.775771,1.29136127139424,-25.7717609,2026-04-07T03:39:06
182.219199,20.76956,1.29135093526671,-25.7703833,2026-04-07T03:40:06
182.467938,20.762614,1.29134059969166,-25.7690059,2026-04-07T03:41:06
182.716641,20.754931,1.29133026466901,-25.7676287,2026-04-07T03:42:06
182.965303,20.746514,1.29131993019866,-25.7662518,2026-04-07T03:43:06
183.213921,20.737361,1.2913095962805,-25.7648752,2026-04-07T03:44:06
183.462491,20.727473,1.29129926291439,-25.7634989,2026-04-07T03:45:06
183.711009,20.71685,1.29128893010022,-25.7621229,2026-04-07T03:46:06
183.959473,20.705494,1.29127859783784,-25.7607473,2026-04-07T03:47:06
184.207877,20.693403,1.2912682661271,-25.7593721,2026-04-07T03:48:06
184.456219,20.68058,1.29125793496784,-25.7579973,2026-04-07T03:49:06
184.704495,20.667023,1.29124760435989,-25.7566229,2026-04-07T03:50:06
184.952702,20.652734,1.29123727430307,-25.755249,2026-04-07T03:51:06
185.200835,20.637713,1.29122694479718,-25.7538756,2026-04-07T03:52:06
185.448891,20.62196,1.29121661584204,-25.7525027,2026-04-07T03:53:06
185.696867,20.605476,1.29120628743743,-25.7511303,2026-04-07T03:54:06
185.944758,20.588262,1.29119595958313,-25.7497585,2026-04-07T03:55:06
186.192562,20.570318,1.29118563227892,-25.7483873,2026-04-07T03:56:06
186.440275,20.551644,1.29117530552454,-25.7470166,2026-04-07T03:57:06
186.687893,20.532242,1.29116497931977,-25.7456466,2026-04-07T03:58:06
186.935412,20.512112,1.29115465366433,-25.7442773,2026-04-07T03:59:06
187.18283,20.491255,1.29114432855796,-25.7429086,2026-04-07T04:00:06
187.430143,20.469671,1.29113400400038,-25.7415407,2026-04-07T04:01:06
187.677347,20.447361,1.2911236799913,-25.7401735,2026-04-07T04:02:06
187.924438,20.424326,1.29111335653043,-25.738807,2026-04-07T04:03:06
188.171414,20.400566,1.29110303361746,-25.7374413,2026-04-07T04:04:06
188.418271,20.376083,1.29109271125207,-25.7360764,2026-04-07T04:05:06
188.665005,20.350877,1.29108238943394,-25.7347124,2026-04-07T04:06:06
188.911613,20.324949,1.29107206816272,-25.7333491,2026-04-07T04:07:06
189.158092,20.2983,1.29106174743809,-25.7319868,2026-04-07T04:08:06
189.404438,20.270931,1.29105142725966,-25.7306254,2026-04-07T04:09:06
189.650648,20.242842,1.2910411076271,-25.7292648,2026-04-07T04:10:06
189.896718,20.214035,1.29103078854001,-25.7279053,2026-04-07T04:11:06
190.142646,20.18451,1.29102046999801,-25.7265467,2026-04-07T04:12:06
190.388428,20.154269,1.29101015200072,-25.7251891,2026-04-07T04:13:06
190.634061,20.123312,1.29099983454771,-25.7238325,2026-04-07T04:14:06
190.879541,20.091641,1.29098951763859,-25.722477,2026-04-07T04:15:06
191.124865,20.059256,1.29097920127293,-25.7211225,2026-04-07T04:16:06
191.37003,20.026159,1.29096888545029,-25.7197691,2026-04-07T04:17:06
191.615033,19.99235,1.29095857017024,-25.7184168,2026-04-07T04:18:06
191.859871,19.957831,1.29094825543231,-25.7170657,2026-04-07T04:19:06
192.10454,19.922603,1.29093794123605,-25.7157157,2026-04-07T04:20:06
192.349038,19.886667,1.29092762758099,-25.714367,2026-04-07T04:21:06
192.593361,19.850024,1.29091731446664,-25.7130194,2026-04-07T04:22:06
192.837506,19.812675,1.29090700189252,-25.7116731,2026-04-07T04:23:06
193.08147,19.774622,1.29089668985813,-25.710328,2026-04-07T04:24:06
193.325251,19.735865,1.29088637836294,-25.7089842,2026-04-07T04:25:06
193.568844,19.696406,1.29087606740646,-25.7076417,2026-04-07T04:26:06
193.812248,19.656247,1.29086575698814,-25.7063006,2026-04-07T04:27:06
194.055459,19.615387,1.29085544710744,-25.7049608,2026-04-07T04:28:06
194.298474,19.57383,1.29084513776383,-25.7036224,2026-04-07T04:29:06
194.541291,19.531576,1.29083482895674,-25.7022854,2026-04-07T04:30:06
194.783906,19.488626,1.29082452068561,-25.7009498,2026-04-07T04:31:06
195.026317,19.444982,1.29081421294985,-25.6996156,2026-04-07T04:32:06
195.26852,19.400645,1.29080390574888,-25.698283,2026-04-07T04:33:06
195.510514,19.355617,1.29079359908212,-25.6969518,2026-04-07T04:34:06
195.752295,19.309898,1.29078329294894,-25.6956222,2026-04-07T04:35:06
195.993861,19.263491,1.29077298734874,-25.6942941,2026-04-07T04:36:06
196.235208,19.216396,1.2907626822809,-25.6929675,2026-04-07T04:37:06
196.476334,19.168616,1.29075237774477,-25.6916426,2026-04-07T04:38:06
196.717237,19.120152,1.29074207373972,-25.6903192,2026-04-07T04:39:06
196.957914,19.071004,1.2907317702651,-25.6889976,2026-04-07T04:40:06
197.198362,19.021176,1.29072146732024,-25.6876775,2026-04-07T04:41:06
197.438579,18.970668,1.29071116490448,-25.6863592,2026-04-07T04:42:06
197.678561,18.919481,1.29070086301712,-25.6850425,2026-04-07T04:43:06
197.918308,18.867618,1.29069056165749,-25.6837276,2026-04-07T04:44:06
198.157816,18.81508,1.29068026082489,-25.6824145,2026-04-07T04:45:06
198.397082,18.761868,1.29066996051859,-25.6811031,2026-04-07T04:46:06
198.636104,18.707985,1.2906596607379,-25.6797935,2026-04-07T04:47:06
198.874881,18.653431,1.29064936148208,-25.6784858,2026-04-07T04:48:06
199.113409,18.598209,1.29063906275039,-25.6771799,2026-04-07T04:49:06
199.351686,18.54232,1.29062876454208,-25.6758758,2026-04-07T04:50:06
199.58971,18.485765,1.29061846685642,-25.6745737,2026-04-07T04:51:06
199.827478,18.428547,1.29060816969262,-25.6732735,2026-04-07T04:52:06
200.064989,18.370667,1.29059787304992,-25.6719752,2026-04-07T04:53:06
200.30224,18.312127,1.29058757692753,-25.6706789,2026-04-07T04:54:06
200.53923,18.252928,1.29057728132467,-25.6693845,2026-04-07T04:55:06
200.775954,18.193073,1.29056698624053,-25.6680922,2026-04-07T04:56:06
201.012413,18.132563,1.2905566916743,-25.6668019,2026-04-07T04:57:06
201.248603,18.0714,1.29054639762516,-25.6655137,2026-04-07T04:58:06
201.484523,18.009585,1.29053610409228,-25.6642275,2026-04-07T04:59:06
201.720171,17.947121,1.29052581107483,-25.6629434,2026-04-07T05:00:06
201.955544,17.884009,1.29051551857196,-25.6616615,2026-04-07T05:01:06
202.19064,17.820251,1.29050522658282,-25.6603817,2026-04-07T05:02:06
202.425458,17.755848,1.29049493510653,-25.6591041,2026-04-07T05:03:06
202.659996,17.690804,1.29048464414224,-25.6578286,2026-04-07T05:04:06
202.894252,17.625119,1.29047435368904,-25.6565554,2026-04-07T05:05:06
203.128224,17.558796,1.29046406374605,-25.6552844,2026-04-07T05:06:06
203.361911,17.491836,1.29045377431238,-25.6540156,2026-04-07T05:07:06
203.59531,17.424241,1.2904434853871,-25.6527492,2026-04-07T05:08:06
203.82842,17.356013,1.29043319696933,-25.651485,2026-04-07T05:09:06
204.061238,17.287155,1.29042290905808,-25.6502232,2026-04-07T05:10:06
204.293765,17.217667,1.29041262165246,-25.6489637,2026-04-07T05:11:06
204.525997,17.147552,1.29040233475151,-25.6477066,2026-04-07T05:12:06
204.757933,17.076812,1.29039204835427,-25.6464519,2026-04-07T05:13:06
204.989572,17.005449,1.29038176245978,-25.6451996,2026-04-07T05:14:06
205.220912,16.933465,1.29037147706708,-25.6439497,2026-04-07T05:15:06
205.451951,16.860862,1.29036119217517,-25.6427023,2026-04-07T05:16:06
205.682689,16.787641,1.29035090778308,-25.6414573,2026-04-07T05:17:06
205.913123,16.713805,1.29034062388979,-25.6402149,2026-04-07T05:18:06
206.143253,16.639356,1.29033034049431,-25.638975,2026-04-07T05:19:06
206.373076,16.564295,1.29032005759562,-25.6377376,2026-04-07T05:20:06
206.602592,16.488626,1.29030977519268,-25.6365028,2026-04-07T05:21:06
206.8318,16.412349,1.29029949328448,-25.6352706,2026-04-07T05:22:06
207.060697,16.335467,1.29028921186995,-25.634041,2026-04-07T05:23:06
207.289282,16.257982,1.29027893094807,-25.632814,2026-04-07T05:24:06
207.517556,16.179895,1.29026865051775,-25.6315897,2026-04-07T05:25:06
207.745515,16.10121,1.29025837057795,-25.6303681,2026-04-07T05:26:06
207.97316,16.021928,1.29024809112757,-25.6291491,2026-04-07T05:27:06
208.200489,15.942051,1.29023781216553,-25.6279329,2026-04-07T05:28:06
208.4275,15.861582,1.29022753369074,-25.6267194,2026-04-07T05:29:06
208.654194,15.780522,1.29021725570209,-25.6255087,2026-04-07T05:30:06
208.880568,15.698873,1.29020697819848,-25.6243007,2026-04-07T05:31:06
209.106622,15.616637,1.29019670117878,-25.6230956,2026-04-07T05:32:06
209.332355,15.533818,1.29018642464187,-25.6218933,2026-04-07T05:33:06
209.557766,15.450416,1.29017614858661,-25.6206938,2026-04-07T05:34:06
209.782854,15.366434,1.29016587301184,-25.6194972,2026-04-07T05:35:06
210.007618,15.281874,1.29015559791643,-25.6183035,2026-04-07T05:36:06
210.232057,15.196738,1.2901453232992,-25.6171127,2026-04-07T05:37:06
210.456171,15.111029,1.29013504915898,-25.6159248,2026-04-07T05:38:06
210.679959,15.024748,1.2901247754946,-25.6147399,2026-04-07T05:39:06
210.903419,14.937897,1.29011450230487,-25.6135579,2026-04-07T05:40:06
211.126552,14.85048,1.2901042295886,-25.6123789,2026-04-07T05:41:06
211.349357,14.762497,1.29009395734457,-25.611203,2026-04-07T05:42:06
211.571832,14.673951,1.29008368557158,-25.61003,2026-04-07T05:43:06
211.793978,14.584844,1.2900734142684,-25.6088602,2026-04-07T05:44:06
212.015794,14.495179,1.29006314343381,-25.6076934,2026-04-07T05:45:06
212.237278,14.404958,1.29005287306657,-25.6065297,2026-04-07T05:46:06
212.458431,14.314182,1.29004260316544,-25.6053691,2026-04-07T05:47:06
212.679253,14.222854,1.29003233372915,-25.6042117,2026-04-07T05:48:06
212.899741,14.130976,1.29002206475646,-25.6030574,2026-04-07T05:49:06
213.119897,14.038551,1.29001179624608,-25.6019062,2026-04-07T05:50:06
213.33972,13.94558,1.29000152819675,-25.6007583,2026-04-07T05:51:06
213.559209,13.852066,1.28999126060717,-25.5996136,2026-04-07T05:52:06
213.778365,13.75801,1.28998099347605,-25.5984721,2026-04-07T05:53:06
213.997185,13.663416,1.2899707268021,-25.5973339,2026-04-07T05:54:06
214.215672,13.568285,1.28996046058399,-25.596199,2026-04-07T05:55:06
214.433823,13.47262,1.28995019482042,-25.5950674,2026-04-07T05:56:06
214.651639,13.376422,1.28993992951005,-25.593939,2026-04-07T05:57:06
214.86912,13.279694,1.28992966465156,-25.592814,2026-04-07T05:58:06
215.086265,13.182438,1.28991940024359,-25.5916924,2026-04-07T05:59:06
215.303074,13.084657,1.28990913628481,-25.5905741,2026-04-07T06:00:06
215.519548,12.986352,1.28989887277386,-25.5894593,2026-04-07T06:01:06
215.735685,12.887526,1.28988860970936,-25.5883478,2026-04-07T06:02:06
215.951487,12.788181,1.28987834708995,-25.5872398,2026-04-07T06:03:06
216.166952,12.688319,1.28986808491424,-25.5861352,2026-04-07T06:04:06
216.382081,12.587942,1.28985782318085,-25.5850341,2026-04-07T06:05:06
216.596874,12.487054,1.28984756188838,-25.5839365,2026-04-07T06:06:06
216.811331,12.385655,1.28983730103543,-25.5828424,2026-04-07T06:07:06
217.025452,12.283748,1.28982704062059,-25.5817519,2026-04-07T06:08:06
217.239236,12.181335,1.28981678064243,-25.5806648,2026-04-07T06:09:06
217.452685,12.078419,1.28980652109953,-25.5795814,2026-04-07T06:10:06
217.665798,11.975001,1.28979626199046,-25.5785015,2026-04-07T06:11:06
217.878576,11.871084,1.28978600331377,-25.5774253,2026-04-07T06:12:06
218.091018,11.766671,1.28977574506802,-25.5763526,2026-04-07T06:13:06
218.303124,11.661763,1.28976548725174,-25.5752836,2026-04-07T06:14:06
218.514896,11.556363,1.28975522986348,-25.5742183,2026-04-07T06:15:06
218.726333,11.450472,1.28974497290175,-25.5731566,2026-04-07T06:16:06
218.937435,11.344093,1.2897347163651,-25.5720987,2026-04-07T06:17:06
219.148203,11.237229,1.28972446025201,-25.5710444,2026-04-07T06:18:06
219.358638,11.129881,1.28971420456101,-25.5699939,2026-04-07T06:19:06
219.568739,11.022052,1.28970394929059,-25.5689471,2026-04-07T06:20:06
219.778506,10.913743,1.28969369443924,-25.5679041,2026-04-07T06:21:06
219.987941,10.804958,1.28968344000545,-25.5668649,2026-04-07T06:22:06
220.197044,10.695698,1.2896731859877,-25.5658295,2026-04-07T06:23:06
220.405814,10.585965,1.28966293238444,-25.564798,2026-04-07T06:24:06
220.614254,10.475763,1.28965267919415,-25.5637702,2026-04-07T06:25:06
220.822362,10.365092,1.28964242641529,-25.5627464,2026-04-07T06:26:06
221.03014,10.253955,1.28963217404629,-25.5617264,2026-04-07T06:27:06
221.237588,10.142354,1.28962192208561,-25.5607103,2026-04-07T06:28:06
221.444706,10.030292,1.28961167053167,-25.5596981,2026-04-07T06:29:06
221.651496,9.917771,1.28960141938291,-25.5586898,2026-04-07T06:30:06
221.857958,9.804793,1.28959116863773,-25.5576855,2026-04-07T06:31:06
222.064092,9.69136,1.28958091829457,-25.5566852,2026-04-07T06:32:06
222.269899,9.577474,1.28957066835181,-25.5556888,2026-04-07T06:33:06
222.47538,9.463137,1.28956041880787,-25.5546964,2026-04-07T06:34:06
222.680535,9.348352,1.28955016966114,-25.5537081,2026-04-07T06:35:06
222.885365,9.233121,1.28953992090999,-25.5527238,2026-04-07T06:36:06
223.089872,9.117446,1.28952967255281,-25.5517435,2026-04-07T06:37:06
223.294055,9.001329,1.28951942458798,-25.5507673,2026-04-07T06:38:06
223.497915,8.884773,1.28950917701385,-25.5497952,2026-04-07T06:39:06
223.701453,8.767779,1.28949892982879,-25.5488272,2026-04-07T06:40:06
223.904671,8.65035,1.28948868303114,-25.5478633,2026-04-07T06:41:06
224.107568,8.532487,1.28947843661925,-25.5469036,2026-04-07T06:42:06
224.310146,8.414194,1.28946819059147,-25.545948,2026-04-07T06:43:06
224.512405,8.295472,1.28945794494612,-25.5449965,2026-04-07T06:44:06
224.714347,8.176323,1.28944769968153,-25.5440493,2026-04-07T06:45:06
224.915972,8.056749,1.28943745479602,-25.5431062,2026-04-07T06:46:06
225.117281,7.936754,1.28942721028789,-25.5421674,2026-04-07T06:47:06
225.318275,7.816338,1.28941696615547,-25.5412327,2026-04-07T06:48:06
225.518955,7.695503,1.28940672239706,-25.5403024,2026-04-07T06:49:06
225.719322,7.574253,1.28939647901091,-25.5393763,2026-04-07T06:50:06
225.919378,7.452589,1.28938623599535,-25.5384545,2026-04-07T06:51:06
226.119122,7.330514,1.28937599334864,-25.5375369,2026-04-07T06:52:06
226.318557,7.208028,1.28936575106906,-25.5366237,2026-04-07T06:53:06
226.517682,7.085135,1.28935550915487,-25.5357148,2026-04-07T06:54:06
226.7165,6.961837,1.28934526760435,-25.5348103,2026-04-07T06:55:06
226.915011,6.838136,1.28933502641574,-25.5339101,2026-04-07T06:56:06
227.113216,6.714033,1.2893247855873,-25.5330143,2026-04-07T06:57:06
227.311117,6.589532,1.28931454511727,-25.5321229,2026-04-07T06:58:06
227.508715,6.464633,1.28930430500388,-25.5312358,2026-04-07T06:59:06
227.70601,6.33934,1.28929406524536,-25.5303532,2026-04-07T07:00:06
227.903004,6.213654,1.28928382583995,-25.529475,2026-04-07T07:01:06
228.099698,6.087577,1.28927358678586,-25.5286013,2026-04-07T07:02:06
228.296094,5.961111,1.2892633480813,-25.5277321,2026-04-07T07:03:06
228.492191,5.834259,1.28925310972448,-25.5268673,2026-04-07T07:04:06
228.687993,5.707023,1.2892428717136,-25.526007,2026-04-07T07:05:06
228.8835,5.579404,1.28923263404685,-25.5251512,2026-04-07T07:06:06
229.078712,5.451405,1.28922239672243,-25.5242999,2026-04-07T07:07:06
229.273632,5.323027,1.28921215973853,-25.5234532,2026-04-07T07:08:06
229.468261,5.194273,1.2892019230933,-25.522611,2026-04-07T07:09:06
229.6626,5.065146,1.28919168678494,-25.5217734,2026-04-07T07:10:06
229.856651,4.935645,1.28918145081161,-25.5209404,2026-04-07T07:11:06
230.050414,4.805775,1.28917121517146,-25.5201119,2026-04-07T07:12:06
230.243891,4.675537,1.28916097986265,-25.5192881,2026-04-07T07:13:06
230.437083,4.544933,1.28915074488334,-25.5184689,2026-04-07T07:14:06
230.629992,4.413964,1.28914051023166,-25.5176543,2026-04-07T07:15:06
230.82262,4.282634,1.28913027590575,-25.5168444,2026-04-07T07:16:06
231.014966,4.150944,1.28912004190375,-25.5160391,2026-04-07T07:17:06
231.207034,4.018895,1.28910980822379,-25.5152385,2026-04-07T07:18:06
231.398824,3.886491,1.28909957486399,-25.5144426,2026-04-07T07:19:06
231.590338,3.753733,1.28908934182246,-25.5136514,2026-04-07T07:20:06
231.781578,3.620622,1.28907910909731,-25.5128649,2026-04-07T07:21:06
231.972544,3.487162,1.28906887668666,-25.5120831,2026-04-07T07:22:06
232.163238,3.353353,1.2890586445886,-25.5113061,2026-04-07T07:23:06
232.353662,3.219199,1.28904841280123,-25.5105338,2026-04-07T07:24:06
232.543817,3.0847,1.28903818132264,-25.5097663,2026-04-07T07:25:06
232.733705,2.949859,1.28902795015091,-25.5090036,2026-04-07T07:26:06
232.923327,2.814679,1.28901771928413,-25.5082457,2026-04-07T07:27:06
233.112685,2.679159,1.28900748872037,-25.5074926,2026-04-07T07:28:06
233.30178,2.543304,1.2889972584577,-25.5067443,2026-04-07T07:29:06
233.490614,2.407114,1.28898702849419,-25.5060008,2026-04-07T07:30:06
233.679189,2.270592,1.28897679882789,-25.5052622,2026-04-07T07:31:06
233.867505,2.13374,1.28896656945686,-25.5045284,2026-04-07T07:32:06
234.055566,1.996558,1.28895634037916,-25.5037995,2026-04-07T07:33:06
234.243371,1.859051,1.28894611159282,-25.5030754,2026-04-07T07:34:06
234.430924,1.721218,1.28893588309589,-25.5023563,2026-04-07T07:35:06
234.618225,1.583063,1.28892565488641,-25.5016421,2026-04-07T07:36:06
234.805276,1.444587,1.2889154269624,-25.5009327,2026-04-07T07:37:06
234.992079,1.305792,1.28890519932189,-25.5002283,2026-04-07T07:38:06
235.178636,1.16668,1.28889497196291,-25.4995289,2026-04-07T07:39:06
235.364948,1.027253,1.28888474488346,-25.4988344,2026-04-07T07:40:06
235.551017,0.887513,1.28887451808157,-25.4981448,2026-04-07T07:41:06
235.736844,0.747461,1.28886429155525,-25.4974603,2026-04-07T07:42:06
235.922431,0.607099,1.28885406530248,-25.4967807,2026-04-07T07:43:06
236.107781,0.46643,1.28884383932128,-25.4961061,2026-04-07T07:44:06
236.292894,0.325455,1.28883361360964,-25.4954365,2026-04-07T07:45:06
236.477773,0.184176,1.28882338816555,-25.4947719,2026-04-07T07:46:06
236.662419,0.042595,1.28881316298699,-25.4941124,2026-04-07T07:47:06
236.846835,-0.099286,1.28880293807195,-25.4934578,2026-04-07T07:48:06
237.03102,-0.241465,1.28879271341841,-25.4928084,2026-04-07T07:49:06
237.214979,-0.383941,1.28878248902432,-25.492164,2026-04-07T07:50:06
237.398712,-0.526712,1.28877226488768,-25.4915246,2026-04-07T07:51:06
237.582221,-0.669776,1.28876204100643,-25.4908904,2026-04-07T07:52:06
237.765508,-0.813131,1.28875181737855,-25.4902612,2026-04-07T07:53:06
237.948575,-0.956775,1.28874159400198,-25.4896372,2026-04-07T07:54:06
238.131424,-1.100706,1.28873137087468,-25.4890182,2026-04-07T07:55:06
238.314056,-1.244924,1.2887211479946,-25.4884044,2026-04-07T07:56:06
238.496473,-1.389425,1.28871092535968,-25.4877957,2026-04-07T07:57:06
238.678678,-1.534208,1.28870070296787,-25.4871921,2026-04-07T07:58:06
238.860672,-1.679271,1.28869048081709,-25.4865937,2026-04-07T07:59:06
239.042456,-1.824613,1.28868025890529,-25.4860005,2026-04-07T08:00:06
239.224034,-1.970231,1.28867003723038,-25.4854124,2026-04-07T08:01:06
239.405406,-2.116124,1.2886598157903,-25.4848295,2026-04-07T08:02:06
239.586575,-2.262291,1.28864959458297,-25.4842517,2026-04-07T08:03:06
239.767543,-2.408729,1.2886393736063,-25.4836792,2026-04-07T08:04:06
239.948311,-2.555436,1.28862915285821,-25.4831119,2026-04-07T08:05:06
240.128882,-2.702412,1.28861893233661,-25.4825498,2026-04-07T08:06:06
240.309257,-2.849653,1.28860871203941,-25.4819929,2026-04-07T08:07:06
240.489439,-2.997159,1.2885984919645,-25.4814413,2026-04-07T08:08:06
240.669429,-3.144927,1.2885882721098,-25.4808949,2026-04-07T08:09:06
240.849229,-3.292956,1.28857805247319,-25.4803537,2026-04-07T08:10:06
241.028842,-3.441245,1.28856783305256,-25.4798178,2026-04-07T08:11:06
241.208269,-3.589791,1.28855761384582,-25.4792872,2026-04-07T08:12:06
241.387512,-3.738592,1.28854739485084,-25.4787618,2026-04-07T08:13:06
241.566574,-3.887648,1.2885371760655,-25.4782417,2026-04-07T08:14:06
241.745456,-4.036956,1.2885269574877,-25.477727,2026-04-07T08:15:06
241.92416,-4.186514,1.28851673911529,-25.4772175,2026-04-07T08:16:06
242.102689,-4.336321,1.28850652094616,-25.4767133,2026-04-07T08:17:06
242.281044,-4.486376,1.28849630297818,-25.4762144,2026-04-07T08:18:06
242.459228,-4.636676,1.28848608520921,-25.4757209,2026-04-07T08:19:06
242.637243,-4.78722,1.28847586763712,-25.4752327,2026-04-07T08:20:06
242.81509,-4.938005,1.28846565025977,-25.4747498,2026-04-07T08:21:06
242.992772,-5.089032,1.28845543307501,-25.4742723,2026-04-07T08:22:06
243.170291,-5.240297,1.28844521608071,-25.4738001,2026-04-07T08:23:06
243.347649,-5.391799,1.28843499927471,-25.4733333,2026-04-07T08:24:06
243.524847,-5.543536,1.28842478265486,-25.4728718,2026-04-07T08:25:06
243.70189,-5.695508,1.28841456621901,-25.4724157,2026-04-07T08:26:06
243.878777,-5.847711,1.28840434996501,-25.471965,2026-04-07T08:27:06
244.055512,-6.000145,1.28839413389069,-25.4715197,2026-04-07T08:28:06
244.232097,-6.152808,1.28838391799391,-25.4710798,2026-04-07T08:29:06
244.408533,-6.305698,1.28837370227247,-25.4706452,2026-04-07T08:30:06
244.584823,-6.458813,1.28836348672422,-25.4702161,2026-04-07T08:31:06
244.76097,-6.612152,1.288353271347,-25.4697924,2026-04-07T08:32:06
244.936974,-6.765714,1.28834305613862,-25.4693741,2026-04-07T08:33:06
245.11284,-6.919496,1.28833284109692,-25.4689613,2026-04-07T08:34:06
245.288568,-7.073498,1.28832262621972,-25.4685538,2026-04-07T08:35:06
245.46416,-7.227716,1.28831241150484,-25.4681518,2026-04-07T08:36:06
245.639621,-7.382151,1.2883021969501,-25.4677553,2026-04-07T08:37:06
245.81495,-7.536799,1.28829198255332,-25.4673642,2026-04-07T08:38:06
245.990151,-7.69166,1.2882817683123,-25.4669785,2026-04-07T08:39:06
246.165226,-7.846732,1.28827155422486,-25.4665983,2026-04-07T08:40:06
246.340177,-8.002014,1.28826134028881,-25.4662236,2026-04-07T08:41:06
246.515006,-8.157503,1.28825112650196,-25.4658543,2026-04-07T08:42:06
246.689716,-8.313199,1.28824091286211,-25.4654905,2026-04-07T08:43:06
246.864309,-8.469099,1.28823069936706,-25.4651322,2026-04-07T08:44:06
247.038787,-8.625202,1.28822048601462,-25.4647794,2026-04-07T08:45:06
247.213153,-8.781506,1.28821027280259,-25.4644321,2026-04-07T08:46:06
247.387408,-8.938011,1.28820005972876,-25.4640902,2026-04-07T08:47:06
247.561556,-9.094714,1.28818984679093,-25.4637539,2026-04-07T08:48:06
247.735598,-9.251613,1.28817963398689,-25.4634231,2026-04-07T08:49:06
247.909538,-9.408708,1.28816942131443,-25.4630977,2026-04-07T08:50:06
248.083376,-9.565996,1.28815920877135,-25.4627779,2026-04-07T08:51:06
248.257116,-9.723476,1.28814899635543,-25.4624636,2026-04-07T08:52:06
248.430759,-9.881147,1.28813878406445,-25.4621548,2026-04-07T08:53:06
248.604309,-10.039006,1.28812857189621,-25.4618516,2026-04-07T08:54:06
248.777768,-10.197053,1.28811835984849,-25.4615539,2026-04-07T08:55:06
248.951138,-10.355286,1.28810814791906,-25.4612617,2026-04-07T08:56:06
249.124421,-10.513703,1.28809793610572,-25.460975,2026-04-07T08:57:06
249.297621,-10.672303,1.28808772440623,-25.4606939,2026-04-07T08:58:06
249.470738,-10.831084,1.28807751281837,-25.4604183,2026-04-07T08:59:06
249.643777,-10.990045,1.28806730133993,-25.4601483,2026-04-07T09:00:06
249.816739,-11.149184,1.28805708996867,-25.4598838,2026-04-07T09:01:06
249.989626,-11.308499,1.28804687870237,-25.4596249,2026-04-07T09:02:06
250.162442,-11.46799,1.2880366675388,-25.4593715,2026-04-07T09:03:06
250.335188,-11.627654,1.28802645647573,-25.4591237,2026-04-07T09:04:06
250.507867,-11.787491,1.28801624551094,-25.4588815,2026-04-07T09:05:06
250.680482,-11.947497,1.28800603464219,-25.4586448,2026-04-07T09:06:06
250.853036,-12.107673,1.28799582386724,-25.4584137,2026-04-07T09:07:06
251.02553,-12.268017,1.28798561318387,-25.4581881,2026-04-07T09:08:06
251.197967,-12.428526,1.28797540258984,-25.4579682,2026-04-07T09:09:06
251.37035,-12.5892,1.28796519208291,-25.4577538,2026-04-07T09:10:06
251.542681,-12.750037,1.28795498166085,-25.457545,2026-04-07T09:11:06
251.714964,-12.911035,1.28794477132143,-25.4573417,2026-04-07T09:12:06
251.887199,-13.072194,1.28793456106239,-25.4571441,2026-04-07T09:13:06
252.059391,-13.233511,1.28792435088152,-25.456952,2026-04-07T09:14:06
252.231542,-13.394985,1.28791414077655,-25.4567655,2026-04-07T09:15:06
252.403654,-13.556614,1.28790393074526,-25.4565846,2026-04-07T09:16:06
252.575729,-13.718397,1.28789372078541,-25.4564093,2026-04-07T09:17:06
252.747772,-13.880333,1.28788351089475,-25.4562395,2026-04-07T09:18:06
252.919783,-14.04242,1.28787330107103,-25.4560754,2026-04-07T09:19:06
253.091767,-14.204657,1.28786309131203,-25.4559169,2026-04-07T09:20:06
253.263725,-14.367041,1.28785288161549,-25.4557639,2026-04-07T09:21:06
253.43566,-14.529573,1.28784267197917,-25.4556166,2026-04-07T09:22:06
253.607575,-14.692249,1.28783246240083,-25.4554748,2026-04-07T09:23:06
253.779473,-14.855069,1.28782225287823,-25.4553386,2026-04-07T09:24:06
253.951356,-15.018031,1.28781204340911,-25.4552081,2026-04-07T09:25:06
254.123228,-15.181133,1.28780183399123,-25.4550831,2026-04-07T09:26:06
254.29509,-15.344375,1.28779162462236,-25.4549637,2026-04-07T09:27:06
254.466946,-15.507755,1.28778141530023,-25.4548499,2026-04-07T09:28:06
254.638799,-15.671271,1.28777120602262,-25.4547418,2026-04-07T09:29:06
254.81065,-15.834921,1.28776099678727,-25.4546392,2026-04-07T09:30:06
254.982504,-15.998705,1.28775078759194,-25.4545422,2026-04-07T09:31:06
255.154363,-16.162621,1.28774057843438,-25.4544508,2026-04-07T09:32:06
255.326229,-16.326667,1.28773036931234,-25.454365,2026-04-07T09:33:06
255.498105,-16.490842,1.28772016022359,-25.4542848,2026-04-07T09:34:06
255.669996,-16.655144,1.28770995116587,-25.4542102,2026-04-07T09:35:06
255.841902,-16.819573,1.28769974213694,-25.4541413,2026-04-07T09:36:06
256.013828,-16.984125,1.28768953313456,-25.4540779,2026-04-07T09:37:06
256.185775,-17.148801,1.28767932415648,-25.4540201,2026-04-07T09:38:06
256.357748,-17.313598,1.28766911520046,-25.4539679,2026-04-07T09:39:06
256.529748,-17.478516,1.28765890626425,-25.4539213,2026-04-07T09:40:06
256.70178,-17.643552,1.28764869734561,-25.4538802,2026-04-07T09:41:06
256.873845,-17.808705,1.2876384884423,-25.4538448,2026-04-07T09:42:06
257.045947,-17.973974,1.28762827955207,-25.453815,2026-04-07T09:43:06
257.218089,-18.139357,1.28761807067268,-25.4537908,2026-04-07T09:44:06
257.390274,-18.304853,1.28760786180189,-25.4537721,2026-04-07T09:45:06
257.562504,-18.47046,1.28759765293746,-25.453759,2026-04-07T09:46:06
257.734784,-18.636177,1.28758744407714,-25.4537516,2026-04-07T09:47:06
257.907115,-18.802002,1.28757723521871,-25.4537497,2026-04-07T09:48:06
