Az,El,Delta,Deldot,Calendar Date (UTC)
130.43848,16.109317,0.00264649114033,0.4008808,2026-04-02T20:45:21
130.660907,16.221385,0.002646637186,0.3271789,2026-04-02T20:46:21
130.88406,16.333056,0.00264675341297,0.2522151,2026-04-02T20:47:21
131.107916,16.444351,0.00264683935383,0.1761848,2026-04-02T20:48:21
131.332449,16.555293,0.00264689462123,0.0992894,2026-04-02T20:49:21
131.557633,16.665906,0.00264691890966,0.0217391,2026-04-02T20:50:21
131.783443,16.776212,0.00264691200219,-0.0562356,2026-04-02T20:51:21
132.00985,16.886234,0.00264687377482,-0.134408,2026-04-02T20:52:21
132.236829,16.995992,0.0026468041889,-0.2125795,2026-04-02T20:53:21
132.46435,17.105509,0.00264670328273,-0.2905598,2026-04-02T20:54:21
132.692387,17.214806,0.00264657117335,-0.3681436,2026-04-02T20:55:21
132.920912,17.323903,0.00264640806456,-0.4451069,2026-04-02T20:56:21
133.149896,17.432822,0.00264621424679,-0.5212493,2026-04-02T20:57:21
133.379312,17.541581,0.00264599008598,-0.5963843,2026-04-02T20:58:21
133.609131,17.6502,0.00264573602756,-0.6703047,2026-04-02T20:59:21
133.839326,17.758697,0.00264545259893,-0.7428105,2026-04-02T21:00:21
134.069867,17.86709,0.00264514040804,-0.8136991,2026-04-02T21:01:21
134.300729,17.975395,0.00264480014126,-0.8827884,2026-04-02T21:02:21
134.531883,18.08363,0.00264443255209,-0.9499198,2026-04-02T21:03:21
134.763303,18.191809,0.00264403845975,-1.0149206,2026-04-02T21:04:21
134.994961,18.299946,0.0026436187544,-1.077615,2026-04-02T21:05:21
135.226833,18.408056,0.00264317439398,-1.1378401,2026-04-02T21:06:21
135.458892,18.516151,0.00264270640183,-1.1954298,2026-04-02T21:07:21
135.691112,18.624243,0.00264221586866,-1.2502181,2026-04-02T21:08:21
135.92347,18.732342,0.00264170394839,-1.3020561,2026-04-02T21:09:21
136.155942,18.840459,0.00264117185244,-1.3508043,2026-04-02T21:10:21
136.388505,18.948602,0.00264062084714,-1.3963284,2026-04-02T21:11:21
136.621135,19.056778,0.00264005225164,-1.4384994,2026-04-02T21:12:21
136.853813,19.164993,0.00263946743524,-1.477197,2026-04-02T21:13:21
137.086517,19.273253,0.00263886781402,-1.5123068,2026-04-02T21:14:21
137.319227,19.381562,0.00263825484968,-1.5437158,2026-04-02T21:15:21
137.551925,19.489923,0.00263763004827,-1.5713177,2026-04-02T21:16:21
137.784594,19.598336,0.00263699495449,-1.5950276,2026-04-02T21:17:21
138.017216,19.706802,0.00263635114477,-1.6147667,2026-04-02T21:18:21
138.249777,19.815319,0.00263570022886,-1.6304511,2026-04-02T21:19:21
138.482261,19.923886,0.00263504384557,-1.642023,2026-04-02T21:20:21
138.714657,20.032498,0.00263438365373,-1.6494342,2026-04-02T21:21:21
138.946952,20.141149,0.00263372133219,-1.6526358,2026-04-02T21:22:21
139.179136,20.249834,0.00263305857691,-1.6515928,2026-04-02T21:23:21
139.4112,20.358543,0.00263239709488,-1.6462839,2026-04-02T21:24:21
139.643136,20.467267,0.00263173859977,-1.6366962,2026-04-02T21:25:21
139.874938,20.575996,0.00263108480864,-1.6228288,2026-04-02T21:26:21
140.106601,20.684716,0.00263043743429,-1.6047022,2026-04-02T21:27:21
140.338121,20.793413,0.00262979817961,-1.5823446,2026-04-02T21:28:21
140.569497,20.902072,0.00262916873442,-1.5557925,2026-04-02T21:29:21
140.800728,21.010677,0.00262855077179,-1.5250949,2026-04-02T21:30:21
141.031815,21.119208,0.00262794594167,-1.4903172,2026-04-02T21:31:21
141.262762,21.227646,0.00262735586548,-1.4515357,2026-04-02T21:32:21
141.493572,21.33597,0.00262678213241,-1.4088348,2026-04-02T21:33:21
141.72425,21.444158,0.00262622629568,-1.3623101,2026-04-02T21:34:21
141.954806,21.552185,0.00262568986729,-1.3120718,2026-04-02T21:35:21
142.185246,21.660028,0.00262517431215,-1.2582448,2026-04-02T21:36:21
142.415582,21.76766,0.00262468104191,-1.2009689,2026-04-02T21:37:21
142.645826,21.875054,0.00262421141064,-1.1403903,2026-04-02T21:38:21
142.87599,21.982181,0.00262376671201,-1.0766662,2026-04-02T21:39:21
143.10609,22.089013,0.00262334817325,-1.0099696,2026-04-02T21:40:21
143.336142,22.195517,0.00262295695044,-0.9404816,2026-04-02T21:41:21
143.566164,22.301665,0.002622594126,-0.8683896,2026-04-02T21:42:21
143.796173,22.407422,0.00262226070276,-0.7939039,2026-04-02T21:43:21
144.026191,22.512757,0.00262195759543,-0.7172539,2026-04-02T21:44:21
144.25624,22.617636,0.0026216856258,-0.6386679,2026-04-02T21:45:21
144.486341,22.722024,0.00262144552566,-0.5583673,2026-04-02T21:46:21
144.716519,22.825888,0.00262123793774,-0.4765796,2026-04-02T21:47:21
144.946799,22.929192,0.00262106341157,-0.3935391,2026-04-02T21:48:21
145.177207,23.031902,0.00262092239742,-0.3095143,2026-04-02T21:49:21
145.407768,23.133981,0.00262081523253,-0.2247893,2026-04-02T21:50:21
145.638512,23.235396,0.00262074214517,-0.1396201,2026-04-02T21:51:21
145.869464,23.33611,0.00262070326509,-0.0542518,2026-04-02T21:52:21
146.100654,23.43609,0.00262069861844,0.0310457,2026-04-02T21:53:21
146.332112,23.535299,0.00262072812234,0.1160027,2026-04-02T21:54:21
146.563866,23.633704,0.00262079158681,0.2003504,2026-04-02T21:55:21
146.795946,23.731271,0.00262088871206,0.2838147,2026-04-02T21:56:21
147.028382,23.827967,0.00262101909253,0.366144,2026-04-02T21:57:21
147.261203,23.92376,0.00262118222368,0.4470886,2026-04-02T21:58:21
147.494441,24.018618,0.00262137749594,0.5263773,2026-04-02T21:59:21
147.728123,24.112509,0.00262160419255,0.6037516,2026-04-02T22:00:21
147.962282,24.205406,0.00262186149773,0.6789754,2026-04-02T22:01:21
148.196944,24.297279,0.0026221485032,0.7518199,2026-04-02T22:02:21
148.43214,24.388102,0.00262246420823,0.8220544,2026-04-02T22:03:21
148.667898,24.477849,0.00262280752243,0.8894647,2026-04-02T22:04:21
148.904244,24.566496,0.00262317727118,0.9538405,2026-04-02T22:05:21
149.141205,24.654021,0.00262357219514,1.014975,2026-04-02T22:06:21
149.378808,24.740401,0.00262399095972,1.0727002,2026-04-02T22:07:21
149.617076,24.825617,0.00262443216201,1.1268323,2026-04-02T22:08:21
149.856033,24.909651,0.00262489432244,1.177187,2026-04-02T22:09:21
150.095702,24.992487,0.00262537589935,1.2236386,2026-04-02T22:10:21
150.336104,25.07411,0.00262587530342,1.2660646,2026-04-02T22:11:21
150.577259,25.154508,0.00262639089511,1.3043434,2026-04-02T22:12:21
150.819185,25.233669,0.00262692099018,1.3383731,2026-04-02T22:13:21
151.0619,25.311585,0.00262746386509,1.3680585,2026-04-02T22:14:21
151.30542,25.388247,0.00262801776188,1.3933258,2026-04-02T22:15:21
151.549759,25.463651,0.00262858089728,1.4141211,2026-04-02T22:16:21
151.79493,25.537794,0.00262915146824,1.4303994,2026-04-02T22:17:21
152.040945,25.610672,0.00262972765803,1.4421383,2026-04-02T22:18:21
152.287812,25.682287,0.00263030764399,1.4493294,2026-04-02T22:19:21
152.53554,25.752641,0.00263088960166,1.4519718,2026-04-02T22:20:21
152.784136,25.821736,0.00263147171009,1.4500859,2026-04-02T22:21:21
153.033605,25.889579,0.00263205215993,1.4437094,2026-04-02T22:22:21
153.283949,25.956176,0.00263262916064,1.4328946,2026-04-02T22:23:21
153.535172,26.021536,0.00263320094186,1.417689,2026-04-02T22:24:21
153.787272,26.08567,0.00263376575452,1.3981582,2026-04-02T22:25:21
154.040249,26.148589,0.00263432188155,1.3743909,2026-04-02T22:26:21
154.294099,26.210306,0.00263486764218,1.3464809,2026-04-02T22:27:21
154.54882,26.270836,0.00263540139595,1.3145332,2026-04-02T22:28:21
154.804405,26.330197,0.00263592154588,1.2786649,2026-04-02T22:29:21
155.060847,26.388404,0.00263642654873,1.2390233,2026-04-02T22:30:21
155.318137,26.445477,0.00263691491794,1.1957368,2026-04-02T22:31:21
155.576266,26.501436,0.00263738521714,1.148938,2026-04-02T22:32:21
155.835222,26.556302,0.00263783606869,1.0987836,2026-04-02T22:33:21
156.094993,26.610096,0.00263826615958,1.0454371,2026-04-02T22:34:21
156.355566,26.662843,0.00263867424209,0.989062,2026-04-02T22:35:21
156.616926,26.714565,0.0026390591366,0.9298351,2026-04-02T22:36:21
156.879058,26.765288,0.00263941973592,0.8679393,2026-04-02T22:37:21
157.141944,26.815037,0.00263975500658,0.8035595,2026-04-02T22:38:21
157.405566,26.863839,0.00264006399129,0.7368923,2026-04-02T22:39:21
157.669907,26.911721,0.00264034581246,0.6681344,2026-04-02T22:40:21
157.934947,26.958709,0.00264059966955,0.5974761,2026-04-02T22:41:21
158.200666,27.004833,0.00264082484232,0.5251323,2026-04-02T22:42:21
158.467042,27.05012,0.00264102070021,0.4513256,2026-04-02T22:43:21
158.734054,27.094599,0.00264118669587,0.3762501,2026-04-02T22:44:21
159.00168,27.1383,0.00264132236044,0.3001078,2026-04-02T22:45:21
159.269898,27.181251,0.00264142730669,0.2230998,2026-04-02T22:46:21
159.538683,27.223481,0.00264150122826,0.1454345,2026-04-02T22:47:21
159.808012,27.265021,0.00264154390909,0.0673528,2026-04-02T22:48:21
160.077861,27.305899,0.00264155522916,-0.0109181,2026-04-02T22:49:21
160.348206,27.346145,0.00264153515162,-0.0891861,2026-04-02T22:50:21
160.619021,27.385787,0.00264148371604,-0.1672583,2026-04-02T22:51:21
160.890283,27.424855,0.00264140104145,-0.2449291,2026-04-02T22:52:21
161.161966,27.463376,0.00264128733353,-0.3219745,2026-04-02T22:53:21
161.434045,27.501381,0.0026411428852,-0.3981911,2026-04-02T22:54:21
161.706495,27.538895,0.00264096806634,-0.4733888,2026-04-02T22:55:21
161.97929,27.575946,0.00264076332725,-0.5473596,2026-04-02T22:56:21
162.252406,27.612562,0.00264052920042,-0.619902,2026-04-02T22:57:21
162.525818,27.648768,0.00264026629989,-0.6908119,2026-04-02T22:58:21
162.7995,27.684589,0.00263997531718,-0.759912,2026-04-02T22:59:21
163.073428,27.720051,0.00263965700981,-0.8270434,2026-04-02T23:00:21
163.347578,27.755176,0.0026393122023,-0.8920286,2026-04-02T23:01:21
163.621925,27.789988,0.00263894179158,-0.95469,2026-04-02T23:02:21
163.896446,27.824509,0.00263854674251,-1.0148649,2026-04-02T23:03:21
164.171117,27.85876,0.0026381280855,-1.0723862,2026-04-02T23:04:21
164.445914,27.892761,0.00263768691851,-1.1270883,2026-04-02T23:05:21
164.720816,27.926532,0.00263722440261,-1.1788222,2026-04-02T23:06:21
164.995799,27.96009,0.00263674175645,-1.2274482,2026-04-02T23:07:21
165.270843,27.993452,0.00263624025358,-1.272832,2026-04-02T23:08:21
165.545925,28.026634,0.00263572122051,-1.3148442,2026-04-02T23:09:21
165.821025,28.059649,0.00263518603403,-1.3533641,2026-04-02T23:10:21
166.096122,28.09251,0.00263463611781,-1.3882772,2026-04-02T23:11:21
166.371198,28.12523,0.00263407294123,-1.4194702,2026-04-02T23:12:21
166.646233,28.157818,0.00263349801815,-1.4468368,2026-04-02T23:13:21
166.921209,28.190282,0.00263291290073,-1.4702934,2026-04-02T23:14:21
167.196108,28.22263,0.00263231917267,-1.4897605,2026-04-02T23:15:21
167.470914,28.254867,0.00263171845132,-1.5051543,2026-04-02T23:16:21
167.74561,28.286997,0.00263111238256,-1.5164185,2026-04-02T23:17:21
168.020181,28.319023,0.00263050263239,-1.5235034,2026-04-02T23:18:21
168.294614,28.350945,0.00262989088707,-1.5263605,2026-04-02T23:19:21
168.568893,28.382762,0.00262927884961,-1.5249558,2026-04-02T23:20:21
168.843006,28.414471,0.0026286682339,-1.5192681,2026-04-02T23:21:21
169.116941,28.446067,0.00262806076046,-1.5092847,2026-04-02T23:22:21
169.390686,28.477544,0.00262745815287,-1.4950061,2026-04-02T23:23:21
169.664233,28.508895,0.00262686212997,-1.4764533,2026-04-02T23:24:21
169.937571,28.540108,0.00262627440053,-1.4536551,2026-04-02T23:25:21
170.210691,28.571171,0.00262569666026,-1.4266476,2026-04-02T23:26:21
170.483587,28.602073,0.00262513058796,-1.3954809,2026-04-02T23:27:21
170.756252,28.632796,0.00262457783896,-1.360221,2026-04-02T23:28:21
171.028679,28.663323,0.00262404003983,-1.3209444,2026-04-02T23:29:21
171.300865,28.693637,0.00262351878487,-1.277736,2026-04-02T23:30:21
171.572805,28.723716,0.00262301563229,-1.2306913,2026-04-02T23:31:21
171.844497,28.753537,0.00262253209891,-1.1799218,2026-04-02T23:32:21
172.115938,28.783077,0.00262206965353,-1.1255553,2026-04-02T23:33:21
172.387128,28.81231,0.00262162971095,-1.0677317,2026-04-02T23:34:21
172.658067,28.841209,0.00262121362897,-1.0065954,2026-04-02T23:35:21
172.928756,28.869745,0.00262082270511,-0.9423049,2026-04-02T23:36:21
173.199196,28.897889,0.00262045816982,-0.8750339,2026-04-02T23:37:21
173.469389,28.925607,0.00262012118241,-0.8049637,2026-04-02T23:38:21
173.73934,28.952869,0.0026198128279,-0.7322846,2026-04-02T23:39:21
174.009052,28.97964,0.0026195341111,-0.657206,2026-04-02T23:40:21
174.278531,29.005883,0.00261928594938,-0.5799559,2026-04-02T23:41:21
174.547783,29.031564,0.00261906916696,-0.500766,2026-04-02T23:42:21
174.816813,29.056646,0.00261888449585,-0.4198641,2026-04-02T23:43:21
175.085631,29.081089,0.00261873257749,-0.337477,2026-04-02T23:44:21
175.354243,29.104857,0.00261861396121,-0.2538383,2026-04-02T23:45:21
175.622659,29.127909,0.00261852909556,-0.1692218,2026-04-02T23:46:21
175.890888,29.150207,0.00261847831564,-0.0839073,2026-04-02T23:47:21
176.15894,29.17171,0.0026184618508,0.0018579,2026-04-02T23:48:21
176.426824,29.192379,0.00261847983323,0.0878259,2026-04-02T23:49:21
176.694551,29.212174,0.00261853228865,0.1737171,2026-04-02T23:50:21
176.962133,29.231055,0.00261861913077,0.259258,2026-04-02T23:51:21
177.229582,29.248982,0.00261874016548,0.3441793,2026-04-02T23:52:21
177.496907,29.265917,0.00261889508978,0.4282134,2026-04-02T23:53:21
177.764122,29.281821,0.00261908349848,0.5111157,2026-04-02T23:54:21
178.031239,29.296655,0.0026193048869,0.5926275,2026-04-02T23:55:21
178.298268,29.310383,0.00261955864071,0.6724663,2026-04-02T23:56:21
178.565224,29.322968,0.00261984403512,0.7503687,2026-04-02T23:57:21
178.832118,29.334375,0.00262016024526,0.8260982,2026-04-02T23:58:21
179.098963,29.34457,0.00262050635468,0.8994304,2026-04-02T23:59:21
179.365772,29.353521,0.00262088135606,0.9701366,2026-04-03T00:00:21
179.632556,29.361197,0.00262128415206,1.0379996,2026-04-03T00:01:21
179.899328,29.367567,0.00262171356006,1.1028079,2026-04-03T00:02:21
180.166099,29.372605,0.00262216831299,1.1643568,2026-04-03T00:03:21
180.43288,29.376284,0.00262264706893,1.2224771,2026-04-03T00:04:21
180.699682,29.378579,0.00262314841659,1.2769816,2026-04-03T00:05:21
180.966515,29.379469,0.00262367086685,1.3276845,2026-04-03T00:06:21
181.23339,29.378931,0.00262421286825,1.3744593,2026-04-03T00:07:21
181.500315,29.376948,0.00262477282113,1.4171823,2026-04-03T00:08:21
181.767301,29.373504,0.00262534907563,1.4557328,2026-04-03T00:09:21
182.034354,29.368584,0.00262593993718,1.4900075,2026-04-03T00:10:21
182.301483,29.362176,0.00262654367115,1.5199097,2026-04-03T00:11:21
182.568696,29.354271,0.00262715850835,1.5453658,2026-04-03T00:12:21
182.835998,29.344859,0.00262778265404,1.5663205,2026-04-03T00:13:21
183.103396,29.333936,0.00262841429341,1.5827296,2026-04-03T00:14:21
183.370896,29.321499,0.00262905159834,1.5945707,2026-04-03T00:15:21
183.6385,29.307547,0.00262969273454,1.6018345,2026-04-03T00:16:21
183.906214,29.292081,0.00263033586569,1.6045204,2026-04-03T00:17:21
184.174041,29.275103,0.00263097915921,1.6026489,2026-04-03T00:18:21
184.441983,29.256621,0.00263162079422,1.5962584,2026-04-03T00:19:21
184.710041,29.236641,0.00263225896887,1.5854015,2026-04-03T00:20:21
184.978217,29.215174,0.00263289190137,1.5701251,2026-04-03T00:21:21
185.246511,29.19223,0.00263351783142,1.5504962,2026-04-03T00:22:21
185.514923,29.167823,0.00263413503116,1.526604,2026-04-03T00:23:21
185.783452,29.141969,0.00263474180894,1.4985419,2026-04-03T00:24:21
186.052097,29.114686,0.0026353365136,1.4664164,2026-04-03T00:25:21
186.320854,29.085992,0.00263591753873,1.4303486,2026-04-03T00:26:21
186.589722,29.055909,0.00263648333216,1.3904835,2026-04-03T00:27:21
186.858696,29.024459,0.00263703239725,1.3469489,2026-04-03T00:28:21
187.127773,28.991667,0.00263756328881,1.2998824,2026-04-03T00:29:21
187.396948,28.957556,0.00263807462161,1.2494414,2026-04-03T00:30:21
187.666216,28.922156,0.00263856507501,1.1957894,2026-04-03T00:31:21
187.93557,28.885493,0.00263903339406,1.1390921,2026-04-03T00:32:21
188.205005,28.847598,0.00263947839309,1.0795293,2026-04-03T00:33:21
188.474513,28.808501,0.00263989895968,1.0172846,2026-04-03T00:34:21
188.744089,28.768233,0.00264029405508,0.9525434,2026-04-03T00:35:21
189.013723,28.726828,0.00264066271793,0.8855064,2026-04-03T00:36:21
189.283409,28.684318,0.002641004067,0.8163685,2026-04-03T00:37:21
189.553137,28.640739,0.00264131729782,0.7453221,2026-04-03T00:38:21
189.8229,28.596125,0.0026416016882,0.6725883,2026-04-03T00:39:21
190.092687,28.550513,0.00264185660671,0.5983876,2026-04-03T00:40:21
190.36249,28.503937,0.0026420815039,0.5229136,2026-04-03T00:41:21
190.632299,28.456436,0.00264227591041,0.4463742,2026-04-03T00:42:21
190.902105,28.408045,0.0026424394397,0.36897,2026-04-03T00:43:21
191.171896,28.358803,0.00264257178537,0.2909093,2026-04-03T00:44:21
191.441663,28.308746,0.00264267273361,0.2124425,2026-04-03T00:45:21
191.711395,28.257913,0.00264274216856,0.1337941,2026-04-03T00:46:21
191.981081,28.206341,0.00264278005519,0.0551525,2026-04-03T00:47:21
192.25071,28.154067,0.0026427864354,-0.023286,2026-04-03T00:48:21
192.520272,28.101129,0.00264276143109,-0.1013167,2026-04-03T00:49:21
192.789755,28.047564,0.00264270525031,-0.1787159,2026-04-03T00:50:21
193.059148,27.993408,0.00264261818937,-0.2552747,2026-04-03T00:51:21
193.328439,27.938698,0.00264250062376,-0.3307992,2026-04-03T00:52:21
193.597618,27.883471,0.00264235300969,-0.4050833,2026-04-03T00:53:21
193.866673,27.82776,0.0026421758853,-0.477923,2026-04-03T00:54:21
194.135591,27.771602,0.00264196987131,-0.5491146,2026-04-03T00:55:21
194.404362,27.71503,0.00264173566457,-0.618485,2026-04-03T00:56:21
194.672974,27.658076,0.0026414740273,-0.6858733,2026-04-03T00:57:21
194.941415,27.600774,0.00264118579029,-0.7510981,2026-04-03T00:58:21
195.209673,27.543156,0.00264087185759,-0.8139814,2026-04-03T00:59:21
195.477738,27.48525,0.00264053320114,-0.8743602,2026-04-03T01:00:21
195.745597,27.427088,0.00264017085886,-0.9320662,2026-04-03T01:01:21
196.013239,27.368698,0.00263978593634,-0.9869343,2026-04-03T01:02:21
196.280652,27.310106,0.00263937960193,-1.0388163,2026-04-03T01:03:21
196.547825,27.25134,0.00263895308154,-1.0875723,2026-04-03T01:04:21
196.814746,27.192422,0.00263850765593,-1.133068,2026-04-03T01:05:21
197.081403,27.133378,0.002638044659,-1.1751736,2026-04-03T01:06:21
197.347785,27.074229,0.0026375654749,-1.2137686,2026-04-03T01:07:21
197.61388,27.014995,0.00263707153468,-1.2487383,2026-04-03T01:08:21
197.879678,26.955696,0.00263656431513,-1.2799692,2026-04-03T01:09:21
198.145166,26.896349,0.00263604533757,-1.3073557,2026-04-03T01:10:21
198.410334,26.83697,0.00263551616111,-1.3308154,2026-04-03T01:11:21
198.67517,26.777573,0.00263497837625,-1.350268,2026-04-03T01:12:21
198.939663,26.71817,0.00263443360738,-1.3656305,2026-04-03T01:13:21
199.203802,26.658772,0.00263388350678,-1.3768477,2026-04-03T01:14:21
199.467577,26.599389,0.00263332974695,-1.3838689,2026-04-03T01:15:21
199.730975,26.540027,0.00263277402077,-1.3866463,2026-04-03T01:16:21
199.993986,26.480691,0.00263221803744,-1.3851468,2026-04-03T01:17:21
200.2566,26.421385,0.00263166351691,-1.3793494,2026-04-03T01:18:21
200.518805,26.36211,0.00263111218556,-1.3692419,2026-04-03T01:19:21
200.780592,26.302866,0.00263056577247,-1.3548262,2026-04-03T01:20:21
201.041949,26.243649,0.00263002600151,-1.336124,2026-04-03T01:21:21
201.302866,26.184455,0.00262949458628,-1.3131646,2026-04-03T01:22:21
201.563333,26.125277,0.00262897322731,-1.2859839,2026-04-03T01:23:21
201.82334,26.066106,0.00262846360804,-1.2546328,2026-04-03T01:24:21
202.082876,26.006933,0.00262796738803,-1.2191784,2026-04-03T01:25:21
202.341932,25.947744,0.00262748619795,-1.1796971,2026-04-03T01:26:21
202.600498,25.888524,0.00262702163611,-1.1362739,2026-04-03T01:27:21
202.858565,25.829258,0.00262657526477,-1.0890047,2026-04-03T01:28:21
203.116124,25.769927,0.00262614860431,-1.0380027,2026-04-03T01:29:21
203.373164,25.71051,0.0026257431263,-0.9833978,2026-04-03T01:30:21
203.629678,25.650985,0.00262536024785,-0.9253296,2026-04-03T01:31:21
203.885657,25.591328,0.00262500132969,-0.8639407,2026-04-03T01:32:21
204.141092,25.531514,0.00262466767214,-0.7993919,2026-04-03T01:33:21
204.395976,25.471516,0.00262436050765,-0.7318581,2026-04-03T01:34:21
204.6503,25.411304,0.0026240809973,-0.6615203,2026-04-03T01:35:21
204.904057,25.350848,0.00262383022774,-0.5885708,2026-04-03T01:36:21
205.157239,25.290117,0.00262360920514,-0.5132175,2026-04-03T01:37:21
205.40984,25.229077,0.00262341884913,-0.4356851,2026-04-03T01:38:21
205.661853,25.167694,0.00262325998689,-0.3562078,2026-04-03T01:39:21
205.913271,25.105931,0.0026231333504,-0.2750242,2026-04-03T01:40:21
206.16409,25.043754,0.00262303957796,-0.1923627,2026-04-03T01:41:21
206.414303,24.981123,0.00262297921643,-0.108456,2026-04-03T01:42:21
206.663906,24.918002,0.00262295271119,-0.02358,2026-04-03T01:43:21
206.912895,24.854352,0.0026229603954,0.0619948,2026-04-03T01:44:21
207.161264,24.790133,0.00262300250065,0.1480278,2026-04-03T01:45:21
207.409011,24.725307,0.00262307916061,0.2342623,2026-04-03T01:46:21
207.656132,24.659833,0.00262319039873,0.3204111,2026-04-03T01:47:21
207.902625,24.593672,0.00262333612492,0.4062004,2026-04-03T01:48:21
208.148486,24.526784,0.0026235161414,0.4913614,2026-04-03T01:49:21
208.393715,24.459131,0.00262373014315,0.5756346,2026-04-03T01:50:21
208.638309,24.390673,0.0026239777256,0.6587773,2026-04-03T01:51:21
208.882268,24.321372,0.00262425838244,0.7405187,2026-04-03T01:52:21
209.125591,24.25119,0.00262457149311,0.8205688,2026-04-03T01:53:21
209.368279,24.180089,0.00262491632462,0.8986592,2026-04-03T01:54:21
209.610333,24.108035,0.00262529204215,0.9745518,2026-04-03T01:55:21
209.851755,24.034992,0.00262569772001,1.0480268,2026-04-03T01:56:21
210.092546,23.960928,0.00262613234382,1.1188593,2026-04-03T01:57:21
210.33271,23.885809,0.00262659480884,1.186828,2026-04-03T01:58:21
210.572249,23.809605,0.00262708392382,1.2517207,2026-04-03T01:59:21
210.811168,23.732288,0.00262759841388,1.3133355,2026-04-03T02:00:21
211.049468,23.65383,0.00262813692921,1.3715004,2026-04-03T02:01:21
211.287156,23.574205,0.0026286980491,1.4260243,2026-04-03T02:02:21
211.524236,23.493389,0.00262928027421,1.4767212,2026-04-03T02:03:21
211.760714,23.411362,0.00262988204287,1.5234637,2026-04-03T02:04:21
211.996594,23.328103,0.00263050174443,1.5661266,2026-04-03T02:05:21
212.231884,23.243594,0.00263113771799,1.6045896,2026-04-03T02:06:21
212.46659,23.157822,0.00263178825787,1.6387483,2026-04-03T02:07:21
212.70072,23.070771,0.00263245161761,1.6685047,2026-04-03T02:08:21
212.93428,22.982431,0.00263312601609,1.6937851,2026-04-03T02:09:21
213.167279,22.892794,0.00263380964636,1.7145329,2026-04-03T02:10:21
213.399724,22.801853,0.00263450068125,1.7307049,2026-04-03T02:11:21
213.631624,22.709604,0.00263519728054,1.7422786,2026-04-03T02:12:21
213.862989,22.616044,0.00263589759769,1.7492441,2026-04-03T02:13:21
214.093827,22.521176,0.00263659978393,1.7516009,2026-04-03T02:14:21
214.324147,22.425,0.00263730199449,1.7493701,2026-04-03T02:15:21
214.55396,22.327522,0.00263800239647,1.7425907,2026-04-03T02:16:21
214.783274,22.22875,0.0026386991763,1.7313158,2026-04-03T02:17:21
215.0121,22.128692,0.00263939054038,1.7155919,2026-04-03T02:18:21
215.240448,22.02736,0.00264007471683,1.6954874,2026-04-03T02:19:21
215.468328,21.924767,0.00264074996675,1.6710919,2026-04-03T02:20:21
215.69575,21.820929,0.00264141458735,1.6424991,2026-04-03T02:21:21
215.922725,21.715862,0.00264206691688,1.6098181,2026-04-03T02:22:21
216.149264,21.609585,0.00264270533966,1.5731727,2026-04-03T02:23:21
216.375377,21.502121,0.00264332829422,1.532705,2026-04-03T02:24:21
216.601075,21.393491,0.00264393427392,1.4885446,2026-04-03T02:25:21
216.826368,21.283721,0.00264452182543,1.4408342,2026-04-03T02:26:21
217.051266,21.172834,0.00264508955642,1.3897316,2026-04-03T02:27:21
217.275782,21.06086,0.00264563613913,1.3354005,2026-04-03T02:28:21
217.499924,20.947827,0.00264616031224,1.2780103,2026-04-03T02:29:21
217.723703,20.833764,0.00264666088524,1.2177437,2026-04-03T02:30:21
217.94713,20.718703,0.00264713674151,1.1547846,2026-04-03T02:31:21
218.170214,20.602677,0.00264758683813,1.0893203,2026-04-03T02:32:21
218.392966,20.485719,0.00264801021091,1.021553,2026-04-03T02:33:21
218.615396,20.367864,0.00264840597538,0.9516768,2026-04-03T02:34:21
218.837513,20.249145,0.00264877332458,0.8798885,2026-04-03T02:35:21
219.059328,20.129601,0.002649111536,0.8064138,2026-04-03T02:36:21
219.280849,20.009267,0.00264941997834,0.7314711,2026-04-03T02:37:21
219.502085,19.888181,0.00264969810174,0.6552556,2026-04-03T02:38:21
219.723046,19.766381,0.00264994543794,0.5779789,2026-04-03T02:39:21
219.943741,19.643904,0.00265016160186,0.4998402,2026-04-03T02:40:21
220.164177,19.52079,0.00265034628871,0.4210523,2026-04-03T02:41:21
220.384363,19.397077,0.00265049928962,0.3418739,2026-04-03T02:42:21
220.604307,19.272805,0.00265062049414,0.262524,2026-04-03T02:43:21
220.824016,19.148011,0.00265070987084,0.1831905,2026-04-03T02:44:21
221.043497,19.022736,0.00265076746605,0.1040721,2026-04-03T02:45:21
221.262758,18.897018,0.00265079340636,0.0253722,2026-04-03T02:46:21
221.481804,18.770896,0.00265078790388,-0.0526852,2026-04-03T02:47:21
221.700642,18.644407,0.00265075126073,-0.1298838,2026-04-03T02:48:21
221.919277,18.517591,0.00265068386078,-0.2060265,2026-04-03T02:49:21
222.137716,18.390485,0.00265058616805,-0.2809111,2026-04-03T02:50:21
222.355962,18.263125,0.00265045872836,-0.35433,2026-04-03T02:51:21
222.574021,18.135549,0.00265030217084,-0.4260816,2026-04-03T02:52:21
222.791897,18.007793,0.0026501171992,-0.495996,2026-04-03T02:53:21
223.009592,17.87989,0.00264990458267,-0.5639088,2026-04-03T02:54:21
223.227111,17.751876,0.0026496651605,-0.629636,2026-04-03T02:55:21
223.444455,17.623784,0.00264939984547,-0.6930004,2026-04-03T02:56:21
223.661629,17.495646,0.00264910961813,-0.7538381,2026-04-03T02:57:21
223.878632,17.367494,0.00264879552568,-0.8119795,2026-04-03T02:58:21
224.095467,17.239359,0.00264845868293,-0.8672607,2026-04-03T02:59:21
224.312135,17.111269,0.002648100267,-0.9195341,2026-04-03T03:00:21
224.528635,16.983254,0.00264772151239,-0.9686603,2026-04-03T03:01:21
224.744967,16.855339,0.00264732370849,-1.0145043,2026-04-03T03:02:21
224.961131,16.727551,0.00264690819795,-1.0569366,2026-04-03T03:03:21
225.177126,16.599914,0.00264647637347,-1.0958372,2026-04-03T03:04:21
225.392949,16.47245,0.00264602967461,-1.1310912,2026-04-03T03:05:21
225.608599,16.34518,0.00264556958665,-1.1625853,2026-04-03T03:06:21
225.824072,16.218126,0.00264509763927,-1.1902148,2026-04-03T03:07:21
226.039365,16.091304,0.00264461539927,-1.2138988,2026-04-03T03:08:21
226.254474,15.964732,0.00264412446484,-1.2335561,2026-04-03T03:09:21
226.469394,15.838425,0.00264362646807,-1.2491051,2026-04-03T03:10:21
226.684121,15.712395,0.00264312306814,-1.2604918,2026-04-03T03:11:21
226.898648,15.586654,0.00264261594462,-1.2676646,2026-04-03T03:12:21
227.11297,15.461212,0.00264210679735,-1.2705769,2026-04-03T03:13:21
227.32708,15.336076,0.00264159734203,-1.2691964,2026-04-03T03:14:21
227.54097,15.211253,0.00264108930483,-1.2635028,2026-04-03T03:15:21
227.754632,15.086746,0.00264058441813,-1.2534846,2026-04-03T03:16:21
227.968059,14.962558,0.00264008441648,-1.2391455,2026-04-03T03:17:21
228.18124,14.838688,0.00263959102869,-1.2205078,2026-04-03T03:18:21
228.394167,14.715135,0.00263910597305,-1.1976013,2026-04-03T03:19:21
228.60683,14.591894,0.00263863095474,-1.1704621,2026-04-03T03:20:21
228.819218,14.46896,0.00263816766151,-1.1391425,2026-04-03T03:21:21
229.03132,14.346325,0.00263771775678,-1.1037103,2026-04-03T03:22:21
229.243126,14.223978,0.0026372828749,-1.064242,2026-04-03T03:23:21
229.454622,14.101909,0.00263686461785,-1.0208228,2026-04-03T03:24:21
229.665798,13.980104,0.00263646455132,-0.9735496,2026-04-03T03:25:21
229.876641,13.858546,0.00263608419858,-0.9225373,2026-04-03T03:26:21
230.087138,13.737218,0.00263572503333,-0.8679175,2026-04-03T03:27:21
230.297276,13.616101,0.00263538847448,-0.8098297,2026-04-03T03:28:21
230.507042,13.495173,0.00263507588493,-0.7484152,2026-04-03T03:29:21
230.716423,13.374412,0.00263478856714,-0.683837,2026-04-03T03:30:21
230.925404,13.253792,0.00263452775438,-0.6162728,2026-04-03T03:31:21
231.133973,13.133288,0.00263429460841,-0.5459019,2026-04-03T03:32:21
231.342116,13.012872,0.00263409021662,-0.4729189,2026-04-03T03:33:21
231.549818,12.892513,0.00263391558528,-0.3975313,2026-04-03T03:34:21
231.757065,12.772182,0.00263377163527,-0.3199584,2026-04-03T03:35:21
231.963845,12.651846,0.00263365919624,-0.2404374,2026-04-03T03:36:21
232.170143,12.531471,0.00263357899924,-0.1592174,2026-04-03T03:37:21
232.375945,12.411023,0.00263353167897,-0.0765284,2026-04-03T03:38:21
232.58124,12.290467,0.00263351777859,0.0073949,2026-04-03T03:39:21
232.786014,12.169766,0.0026335377384,0.0922752,2026-04-03T03:40:21
232.990254,12.048883,0.00263359188922,0.177856,2026-04-03T03:41:21
233.193948,11.927782,0.00263368046435,0.2638979,2026-04-03T03:42:21
233.397085,11.806423,0.00263380359613,0.3501319,2026-04-03T03:43:21
233.599654,11.684768,0.00263396130325,0.4362677,2026-04-03T03:44:21
233.801643,11.562779,0.00263415349108,0.5220336,2026-04-03T03:45:21
234.003042,11.440417,0.00263437995781,0.6071626,2026-04-03T03:46:21
234.203842,11.317644,0.00263464039665,0.6914033,2026-04-03T03:47:21
234.404034,11.194421,0.00263493440291,0.7745103,2026-04-03T03:48:21
234.60361,11.070711,0.00263526146581,0.8561977,2026-04-03T03:49:21
234.802561,10.946475,0.00263562095682,0.9361737,2026-04-03T03:50:21
235.000882,10.821677,0.00263601213412,1.0141651,2026-04-03T03:51:21
235.198567,10.69628,0.00263643415178,1.0899291,2026-04-03T03:52:21
235.395612,10.57025,0.00263688607292,1.1632509,2026-04-03T03:53:21
235.592013,10.443551,0.00263736687448,1.2339098,2026-04-03T03:54:21
235.787767,10.316152,0.00263787544295,1.301681,2026-04-03T03:55:21
235.982873,10.188021,0.00263841057722,1.3663526,2026-04-03T03:56:21
236.177329,10.059127,0.00263897099364,1.427725,2026-04-03T03:57:21
236.371136,9.929443,0.00263955533305,1.4856215,2026-04-03T03:58:21
236.564293,9.798941,0.00264016216355,1.5398479,2026-04-03T03:59:21
236.756804,9.667595,0.00264078997419,1.5902192,2026-04-03T04:00:21
236.94867,9.535382,0.002641437192,1.6366069,2026-04-03T04:01:21
237.139896,9.402281,0.00264210219414,1.6788838,2026-04-03T04:02:21
237.330487,9.268271,0.0026427833073,1.7169302,2026-04-03T04:03:21
237.520448,9.133336,0.00264347881337,1.7506403,2026-04-03T04:04:21
237.709785,8.997459,0.00264418695279,1.7799155,2026-04-03T04:05:21
237.898508,8.860627,0.00264490593135,1.8046818,2026-04-03T04:06:21
238.086624,8.722828,0.00264563392878,1.8248819,2026-04-03T04:07:21
238.274142,8.584053,0.00264636910454,1.8404734,2026-04-03T04:08:21
238.461074,8.444295,0.00264710960533,1.851434,2026-04-03T04:09:21
238.647429,8.30355,0.00264785357148,1.8577533,2026-04-03T04:10:21
238.833221,8.161814,0.00264859914096,1.8594314,2026-04-03T04:11:21
239.018462,8.019086,0.00264934445616,1.8564899,2026-04-03T04:12:21
239.203166,7.875369,0.00265008767154,1.8489691,2026-04-03T04:13:21
239.387345,7.730667,0.00265082696134,1.8369225,2026-04-03T04:14:21
239.571016,7.584984,0.00265156051978,1.8203964,2026-04-03T04:15:21
239.754193,7.438329,0.0026522865631,1.7994614,2026-04-03T04:16:21
239.936893,7.290711,0.00265300334115,1.774207,2026-04-03T04:17:21
240.119131,7.142143,0.00265370913993,1.7447283,2026-04-03T04:18:21
240.300925,6.992638,0.00265440228745,1.7111376,2026-04-03T04:19:21
240.482292,6.842211,0.002655081159,1.6735603,2026-04-03T04:20:21
240.66325,6.69088,0.00265574418375,1.6321363,2026-04-03T04:21:21
240.843817,6.538664,0.00265638984563,1.5869986,2026-04-03T04:22:21
241.02401,6.385584,0.00265701668415,1.5382948,2026-04-03T04:23:21
241.203849,6.231661,0.00265762330062,1.4861832,2026-04-03T04:24:21
241.383353,6.07692,0.00265820836115,1.4308283,2026-04-03T04:25:21
241.562539,5.921386,0.00265877059925,1.372404,2026-04-03T04:26:21
241.741428,5.765085,0.002659308821,1.311096,2026-04-03T04:27:21
241.920038,5.608045,0.00265982190696,1.2470883,2026-04-03T04:28:21
242.098389,5.450296,0.00266030881191,1.180572,2026-04-03T04:29:21
242.276499,5.291866,0.00266076857029,1.1117478,2026-04-03T04:30:21
242.454387,5.132788,0.00266120029566,1.0408113,2026-04-03T04:31:21
242.632074,4.973093,0.00266160318085,0.9679651,2026-04-03T04:32:21
242.809577,4.812814,0.002661976505,0.8934372,2026-04-03T04:33:21
242.986915,4.651984,0.00266231963834,0.8174446,2026-04-03T04:34:21
243.164108,4.490639,0.00266263203302,0.7401863,2026-04-03T04:35:21
243.341173,4.328812,0.00266291322381,0.6618739,2026-04-03T04:36:21
243.518128,4.166539,0.00266316282815,0.582706,2026-04-03T04:37:21
243.694991,4.003856,0.0026633805456,0.5029055,2026-04-03T04:38:21
243.871779,3.840798,0.00266356617546,0.4227359,2026-04-03T04:39:21
244.048511,3.677403,0.00266371961469,0.3424105,2026-04-03T04:40:21
244.225201,3.513707,0.00266384083819,0.2621183,2026-04-03T04:41:21
244.401866,3.349746,0.00266392989943,0.1820595,2026-04-03T04:42:21
244.578522,3.185556,0.00266398693205,0.1024361,2026-04-03T04:43:21
244.755184,3.021174,0.00266401215523,0.0234745,2026-04-03T04:44:21
244.931867,2.856637,0.00266400588027,-0.0546016,2026-04-03T04:45:21
245.108584,2.69198,0.00266396850238,-0.1315938,2026-04-03T04:46:21
245.28535,2.527239,0.00266390049581,-0.2073039,2026-04-03T04:47:21
245.462178,2.362449,0.00266380241679,-0.2815205,2026-04-03T04:48:21
245.639078,2.197646,0.00266367490518,-0.3540449,2026-04-03T04:49:21
245.816064,2.032864,0.00266351867423,-0.4247083,2026-04-03T04:50:21
245.993146,1.868135,0.00266333450345,-0.4933425,2026-04-03T04:51:21
246.170334,1.703493,0.00266312324345,-0.5597629,2026-04-03T04:52:21
246.347638,1.538971,0.00266288581806,-0.6237933,2026-04-03T04:53:21
246.525067,1.374599,0.00266262321893,-0.6852685,2026-04-03T04:54:21
246.702629,1.210409,0.00266233650509,-0.7440174,2026-04-03T04:55:21
246.880331,1.046429,0.00266202680296,-0.7998782,2026-04-03T04:56:21
247.05818,0.882689,0.00266169530071,-0.852704,2026-04-03T04:57:21
247.236181,0.719216,0.00266134324366,-0.9023556,2026-04-03T04:58:21
247.41434,0.556037,0.00266097193212,-0.9486976,2026-04-03T04:59:21
247.59266,0.393176,0.00266058271968,-0.991601,2026-04-03T05:00:21
247.771146,0.230658,0.00266017700958,-1.0309466,2026-04-03T05:01:21
247.949798,0.068506,0.00265975625192,-1.0666195,2026-04-03T05:02:21
248.128619,-0.093259,0.00265932194235,-1.0985068,2026-04-03T05:03:21
248.30761,-0.254618,0.00265887562062,-1.1265051,2026-04-03T05:04:21
248.48677,-0.415551,0.00265841886291,-1.1505352,2026-04-03T05:05:21
248.666098,-0.576042,0.00265795327673,-1.170515,2026-04-03T05:06:21
248.845592,-0.736075,0.00265748050332,-1.1863648,2026-04-03T05:07:21
249.02525,-0.895637,0.00265700221018,-1.1980319,2026-04-03T05:08:21
249.205067,-1.054714,0.00265652008524,-1.2054641,2026-04-03T05:09:21
249.38504,-1.213298,0.00265603583644,-1.2086165,2026-04-03T05:10:21
249.565162,-1.371378,0.00265555118704,-1.2074576,2026-04-03T05:11:21
249.745426,-1.528948,0.00265506787037,-1.2019683,2026-04-03T05:12:21
249.925826,-1.686003,0.00265458762564,-1.192138,2026-04-03T05:13:21
250.106354,-1.84254,0.00265411219351,-1.1779724,2026-04-03T05:14:21
250.287,-1.998557,0.00265364330839,-1.1594947,2026-04-03T05:15:21
250.467754,-2.154055,0.00265318269373,-1.1367357,2026-04-03T05:16:21
250.648606,-2.309036,0.00265273205978,-1.1097316,2026-04-03T05:17:21
250.829543,-2.463504,0.00265229309891,-1.0785364,2026-04-03T05:18:21
251.010554,-2.617466,0.00265186747856,-1.0432191,2026-04-03T05:19:21
251.191626,-2.77093,0.00265145683689,-1.0038561,2026-04-03T05:20:21
251.372744,-2.923905,0.0026510627796,-0.9605333,2026-04-03T05:21:21
251.553895,-3.076404,0.00265068687566,-0.9133493,2026-04-03T05:22:21
251.735063,-3.22844,0.00265033065089,-0.8624205,2026-04-03T05:23:21
251.916233,-3.38003,0.00264999558093,-0.8078803,2026-04-03T05:24:21
252.097388,-3.53119,0.00264968308607,-0.7498687,2026-04-03T05:25:21
252.278511,-3.68194,0.00264939453084,-0.6885255,2026-04-03T05:26:21
252.459587,-3.832301,0.00264913121932,-0.6240167,2026-04-03T05:27:21
252.640596,-3.982295,0.00264889438476,-0.5565225,2026-04-03T05:28:21
252.821521,-4.131947,0.00264868518912,-0.4862206,2026-04-03T05:29:21
253.002345,-4.281283,0.00264850471952,-0.4133095,2026-04-03T05:30:21
253.183048,-4.430331,0.00264835398063,-0.3379974,2026-04-03T05:31:21
253.363612,-4.579119,0.00264823389322,-0.2604969,2026-04-03T05:32:21
253.544019,-4.727677,0.00264814528793,-0.1810485,2026-04-03T05:33:21
253.724249,-4.876038,0.00264808889433,-0.0999076,2026-04-03T05:34:21
253.904284,-5.024234,0.00264806534385,-0.0173077,2026-04-03T05:35:21
254.084106,-5.172299,0.00264807517459,0.0665113,2026-04-03T05:36:21
254.263697,-5.320267,0.00264811882065,0.1512744,2026-04-03T05:37:21
254.443039,-5.468175,0.00264819661013,0.2367363,2026-04-03T05:38:21
254.622114,-5.616057,0.0026483087754,0.3226532,2026-04-03T05:39:21
254.800904,-5.763951,0.00264845544379,0.4087447,2026-04-03T05:40:21
254.979395,-5.911895,0.002648636627,0.4947224,2026-04-03T05:41:21
255.157568,-6.059925,0.00264885222484,0.5803168,2026-04-03T05:42:21
255.33541,-6.20808,0.00264910203055,0.6652652,2026-04-03T05:43:21
255.512905,-6.356396,0.00264938573542,0.7493231,2026-04-03T05:44:21
255.690038,-6.504911,0.00264970293263,0.8322356,2026-04-03T05:45:21
255.866797,-6.653664,0.00265005310355,0.9137039,2026-04-03T05:46:21
256.043169,-6.80269,0.00265043561005,0.9934379,2026-04-03T05:47:21
256.219143,-6.952028,0.00265084970055,1.0711601,2026-04-03T05:48:21
256.394708,-7.101714,0.0026512945167,1.146621,2026-04-03T05:49:21
256.569856,-7.251782,0.00265176910848,1.2196101,2026-04-03T05:50:21
256.744579,-7.402266,0.00265227244215,1.2899111,2026-04-03T05:51:21
256.918871,-7.5532,0.0026528033936,1.3572963,2026-04-03T05:52:21
257.092725,-7.704616,0.00265336075043,1.4215549,2026-04-03T05:53:21
257.266136,-7.856545,0.00265394321878,1.4824891,2026-04-03T05:54:21
257.439103,-8.009016,0.00265454942832,1.5399165,2026-04-03T05:55:21
257.611621,-8.162057,0.00265517793394,1.5936398,2026-04-03T05:56:21
257.783691,-8.315695,0.00265582721158,1.6434767,2026-04-03T05:57:21
257.955312,-8.469954,0.00265649567564,1.6892974,2026-04-03T05:58:21
258.126487,-8.624857,0.00265718168967,1.7309729,2026-04-03T05:59:21
258.297218,-8.780425,0.00265788356658,1.7683835,2026-04-03T06:00:21
258.46751,-8.936679,0.00265859957428,1.8014221,2026-04-03T06:01:21
258.637367,-9.093634,0.00265932793886,1.8299903,2026-04-03T06:02:21
258.806797,-9.251307,0.00266006685182,1.8540137,2026-04-03T06:03:21
258.975808,-9.409711,0.00266081447841,1.8734346,2026-04-03T06:04:21
259.144408,-9.568858,0.00266156896378,1.8882121,2026-04-03T06:05:21
259.312609,-9.728755,0.00266232844071,1.8983238,2026-04-03T06:06:21
259.480421,-9.889412,0.00266309103554,1.9037593,2026-04-03T06:07:21
259.647856,-10.050832,0.00266385487237,1.9045197,2026-04-03T06:08:21
259.81493,-10.213018,0.00266461808015,1.9006272,2026-04-03T06:09:21
259.981655,-10.375971,0.00266537880034,1.8921238,2026-04-03T06:10:21
260.148049,-10.53969,0.00266613519472,1.8790638,2026-04-03T06:11:21
260.314126,-10.704172,0.00266688544509,1.8614937,2026-04-03T06:12:21
260.479904,-10.869411,0.00266762775587,1.8394861,2026-04-03T06:13:21
260.645402,-11.035399,0.00266836036553,1.813131,2026-04-03T06:14:21
260.810639,-11.202129,0.00266908154922,1.7825259,2026-04-03T06:15:21
260.975633,-11.369589,0.00266978962533,1.7477864,2026-04-03T06:16:21
261.140406,-11.537765,0.00267048296049,1.7090387,2026-04-03T06:17:21
261.304979,-11.706643,0.00267115997483,1.6664214,2026-04-03T06:18:21
261.469372,-11.876207,0.00267181914399,1.6200727,2026-04-03T06:19:21
261.633608,-12.046438,0.00267245900131,1.5701442,2026-04-03T06:20:21
261.797709,-12.217316,0.00267307814281,1.5167949,2026-04-03T06:21:21
261.961697,-12.388821,0.00267367522955,1.4601908,2026-04-03T06:22:21
262.125597,-12.560929,0.00267424899141,1.4005105,2026-04-03T06:23:21
262.289431,-12.733617,0.00267479823237,1.3379425,2026-04-03T06:24:21
262.453222,-12.906859,0.00267532183157,1.272672,2026-04-03T06:25:21
262.616995,-13.080628,0.0026758187436,1.2048944,2026-04-03T06:26:21
262.780773,-13.254896,0.00267628800301,1.1348075,2026-04-03T06:27:21
262.94458,-13.429636,0.00267672872341,1.0626115,2026-04-03T06:28:21
263.108441,-13.604816,0.00267714010017,0.9885144,2026-04-03T06:29:21
263.272378,-13.780406,0.00267752141598,0.9127439,2026-04-03T06:30:21
263.436416,-13.956375,0.00267787204424,0.8355172,2026-04-03T06:31:21
263.600579,-14.13269,0.00267819144144,0.7570378,2026-04-03T06:32:21
263.764889,-14.309319,0.00267847914738,0.6775152,2026-04-03T06:33:21
263.929371,-14.486227,0.00267873478379,0.5971497,2026-04-03T06:34:21
264.094046,-14.663382,0.0026789580578,0.5161771,2026-04-03T06:35:21
264.258939,-14.840748,0.00267914877949,0.4348609,2026-04-03T06:36:21
264.42407,-15.018291,0.00267930685525,0.3534114,2026-04-03T06:37:21
264.589462,-15.195975,0.00267943226926,0.2720192,2026-04-03T06:38:21
264.755136,-15.373766,0.00267952508469,0.1908843,2026-04-03T06:39:21
264.921113,-15.551629,0.00267958544487,0.1102097,2026-04-03T06:40:21
265.087412,-15.729528,0.00267961357973,0.0302261,2026-04-03T06:41:21
265.254054,-15.907428,0.00267960981322,-0.0488384,2026-04-03T06:42:21
265.421058,-16.085294,0.00267957455418,-0.1267861,2026-04-03T06:43:21
265.588442,-16.263091,0.00267950828947,-0.2034203,2026-04-03T06:44:21
265.756223,-16.440786,0.00267941158844,-0.2785277,2026-04-03T06:45:21
265.924419,-16.618343,0.00267928510395,-0.3519116,2026-04-03T06:46:21
266.093046,-16.795729,0.00267912956176,-0.4234023,2026-04-03T06:47:21
266.26212,-16.972912,0.00267894575503,-0.4928284,2026-04-03T06:48:21
266.431654,-17.149859,0.00267873454857,-0.5600059,2026-04-03T06:49:21
266.601662,-17.326538,0.00267849687976,-0.6247603,2026-04-03T06:50:21
266.772159,-17.502918,0.00267823375393,-0.6869237,2026-04-03T06:51:21
266.943155,-17.678969,0.00267794624465,-0.7463249,2026-04-03T06:52:21
267.114661,-17.854661,0.00267763549238,-0.8028041,2026-04-03T06:53:21
267.286689,-18.029965,0.0026773026987,-0.8562149,2026-04-03T06:54:21
267.459246,-18.204854,0.0026769491222,-0.9064186,2026-04-03T06:55:21
267.632342,-18.379302,0.00267657607654,-0.9532793,2026-04-03T06:56:21
267.805983,-18.553283,0.00267618492851,-0.9966691,2026-04-03T06:57:21
267.980175,-18.726773,0.00267577709412,-1.0364694,2026-04-03T06:58:21
268.154923,-18.899749,0.00267535403612,-1.0725657,2026-04-03T06:59:21
268.330232,-19.072188,0.00267491726262,-1.1048456,2026-04-03T07:00:21
268.506105,-19.244071,0.00267446832537,-1.1332077,2026-04-03T07:01:21
268.682543,-19.415378,0.00267400881176,-1.157574,2026-04-03T07:02:21
268.859547,-19.586093,0.00267354034049,-1.1778619,2026-04-03T07:03:21
269.037117,-19.756198,0.00267306456367,-1.1939944,2026-04-03T07:04:21
269.215251,-19.925679,0.00267258315867,-1.2059195,2026-04-03T07:05:21
269.393947,-20.094523,0.00267209782335,-1.2135853,2026-04-03T07:06:21
269.5732,-20.262719,0.00267161027515,-1.2169484,2026-04-03T07:07:21
269.753008,-20.430257,0.00267112224615,-1.2159788,2026-04-03T07:08:21
269.933362,-20.597129,0.00267063547807,-1.2106585,2026-04-03T07:09:21
270.114256,-20.763329,0.00267015171798,-1.2009784,2026-04-03T07:10:21
270.295683,-20.928853,0.00266967271362,-1.1869464,2026-04-03T07:11:21
270.477632,-21.093699,0.00266920020582,-1.168587,2026-04-03T07:12:21
270.660093,-21.257865,0.00266873592397,-1.1459315,2026-04-03T07:13:21
270.843056,-21.421352,0.0026682815841,-1.1190173,2026-04-03T07:14:21
271.026507,-21.584165,0.00266783888368,-1.0879002,2026-04-03T07:15:21
271.210433,-21.746308,0.00266740949459,-1.0526503,2026-04-03T07:16:21
271.39482,-21.907787,0.00266699505919,-1.0133444,2026-04-03T07:17:21
271.579653,-22.068612,0.00266659718718,-0.9700694,2026-04-03T07:18:21
271.764915,-22.228793,0.00266621745077,-0.9229263,2026-04-03T07:19:21
271.950591,-22.388344,0.00266585737828,-0.8720328,2026-04-03T07:20:21
272.136661,-22.547277,0.00266551844727,-0.817524,2026-04-03T07:21:21
272.323108,-22.70561,0.00266520207915,-0.7595417,2026-04-03T07:22:21
272.509913,-22.863361,0.00266490963969,-0.6982238,2026-04-03T07:23:21
272.697057,-23.02055,0.00266464243392,-0.6337403,2026-04-03T07:24:21
272.884519,-23.177198,0.00266440169456,-0.5662727,2026-04-03T07:25:21
273.072278,-23.333328,0.00266418858346,-0.4959979,2026-04-03T07:26:21
273.260315,-23.488966,0.00266400418636,-0.4231203,2026-04-03T07:27:21
273.448607,-23.644138,0.00266384950497,-0.3478483,2026-04-03T07:28:21
273.637133,-23.798871,0.00266372545866,-0.2703891,2026-04-03T07:29:21
273.825872,-23.953196,0.00266363287721,-0.1909857,2026-04-03T07:30:21
274.014801,-24.107142,0.00266357248838,-0.1098952,2026-04-03T07:31:21
274.2039,-24.260743,0.00266354492003,-0.027359,2026-04-03T07:32:21
274.393147,-24.41403,0.0026635507037,0.0563784,2026-04-03T07:33:21
274.58252,-24.567039,0.00266359026747,0.1410495,2026-04-03T07:34:21
274.771999,-24.719803,0.0026636639364,0.2264122,2026-04-03T07:35:21
274.961564,-24.872358,0.00266377193846,0.3122137,2026-04-03T07:36:21
275.151194,-25.024741,0.00266391439285,0.3981679,2026-04-03T07:37:21
275.340871,-25.176989,0.00266409130321,0.4839903,2026-04-03T07:38:21
275.530575,-25.329138,0.00266430256228,0.5694115,2026-04-03T07:39:21
275.720288,-25.481226,0.00266454795709,0.6541758,2026-04-03T07:40:21
275.909993,-25.63329,0.00266482717622,0.7380439,2026-04-03T07:41:21
276.099674,-25.785367,0.00266513980808,0.8207464,2026-04-03T07:42:21
276.289315,-25.937496,0.0026654853236,0.9019764,2026-04-03T07:43:21
276.478902,-26.089713,0.00266586307385,0.9814459,2026-04-03T07:44:21
276.668421,-26.242055,0.00266627229626,1.058874,2026-04-03T07:45:21
276.857861,-26.394559,0.0026667121191,1.1340041,2026-04-03T07:46:21
277.047212,-26.54726,0.00266718157786,1.2066288,2026-04-03T07:47:21
277.236466,-26.700192,0.00266767962638,1.2765358,2026-04-03T07:48:21
277.425614,-26.853389,0.00266820512832,1.3434953,2026-04-03T07:49:21
277.61465,-27.006882,0.00266875685866,1.407298,2026-04-03T07:50:21
277.803569,-27.160704,0.00266933351195,1.4677473,2026-04-03T07:51:21
277.992368,-27.314883,0.00266993370511,1.5246547,2026-04-03T07:52:21
278.181045,-27.469448,0.00267055597823,1.5778208,2026-04-03T07:53:21
278.3696,-27.624426,0.00267119879291,1.6270663,2026-04-03T07:54:21
278.558032,-27.779843,0.00267186054989,1.6722607,2026-04-03T07:55:21
278.746347,-27.935721,0.00267253959819,1.7132727,2026-04-03T07:56:21
278.934546,-28.092082,0.00267323423584,1.7499829,2026-04-03T07:57:21
279.122637,-28.248946,0.00267394271571,1.7822828,2026-04-03T07:58:21
279.310627,-28.40633,0.0026746632486,1.8100747,2026-04-03T07:59:21
279.498524,-28.564251,0.00267539401098,1.8332842,2026-04-03T08:00:21
279.686339,-28.722723,0.00267613315294,1.8518534,2026-04-03T08:01:21
279.874084,-28.881756,0.00267687880484,1.8657431,2026-04-03T08:02:21
280.061772,-29.04136,0.00267762908503,1.8749312,2026-04-03T08:03:21
280.249418,-29.201543,0.00267838210554,1.8794074,2026-04-03T08:04:21
280.437038,-29.36231,0.00267913597631,1.8791741,2026-04-03T08:05:21
280.624649,-29.523664,0.00267988881281,1.8742546,2026-04-03T08:06:21
280.81227,-29.685606,0.00268063874348,1.8646928,2026-04-03T08:07:21
280.999921,-29.848134,0.00268138391776,1.850544,2026-04-03T08:08:21
281.187622,-30.011246,0.00268212250525,1.831855,2026-04-03T08:09:21
281.375396,-30.174936,0.00268285269882,1.8087008,2026-04-03T08:10:21
281.563266,-30.339196,0.00268357272593,1.7811721,2026-04-03T08:11:21
281.751255,-30.504019,0.00268428085155,1.7493698,2026-04-03T08:12:21
281.939389,-30.669391,0.00268497538533,1.7134127,2026-04-03T08:13:21
282.127693,-30.8353,0.00268565468575,1.6734269,2026-04-03T08:14:21
282.316194,-31.00173,0.00268631716473,1.6295516,2026-04-03T08:15:21
282.50492,-31.168665,0.00268696129091,1.5819304,2026-04-03T08:16:21
282.693897,-31.336086,0.00268758559258,1.5307179,2026-04-03T08:17:21
282.883154,-31.503973,0.00268818866141,1.4760744,2026-04-03T08:18:21
283.072721,-31.672303,0.00268876915476,1.4181683,2026-04-03T08:19:21
283.262626,-31.841053,0.00268932580021,1.3571822,2026-04-03T08:20:21
283.4529,-32.010198,0.00268985740067,1.2933065,2026-04-03T08:21:21
283.643571,-32.179712,0.00269036283504,1.2267296,2026-04-03T08:22:21
283.834671,-32.349567,0.00269084105935,1.1576504,2026-04-03T08:23:21
284.026229,-32.519734,0.00269129110973,1.0862658,2026-04-03T08:24:21
284.218276,-32.690183,0.00269171210236,1.0127817,2026-04-03T08:25:21
284.410843,-32.860883,0.00269210323745,0.9374099,2026-04-03T08:26:21
284.603959,-33.031802,0.00269246380275,0.8603759,2026-04-03T08:27:21
284.797655,-33.202907,0.00269279317618,0.7818986,2026-04-03T08:28:21
284.991962,-33.374164,0.00269309082057,0.7021863,2026-04-03T08:29:21
285.186909,-33.545538,0.0026933562824,0.6214461,2026-04-03T08:30:21
285.382526,-33.716995,0.00269358919,0.5398831,2026-04-03T08:31:21
285.578842,-33.8885,0.00269378926101,0.4577436,2026-04-03T08:32:21
285.775887,-34.060014,0.00269395631749,0.3752884,2026-04-03T08:33:21
285.973688,-34.231502,0.00269409027674,0.2927278,2026-04-03T08:34:21
286.172273,-34.402928,0.00269419113458,0.2102537,2026-04-03T08:35:21
286.37167,-34.574253,0.00269425896563,0.1280654,2026-04-03T08:36:21
286.571905,-34.745442,0.00269429392534,0.0463701,2026-04-03T08:37:21
286.773005,-34.916456,0.00269429625791,-0.0345966,2026-04-03T08:38:21
286.974994,-35.087259,0.00269426630246,-0.1146063,2026-04-03T08:39:21
287.177897,-35.257812,0.00269420448282,-0.1934629,2026-04-03T08:40:21
287.381738,-35.42808,0.00269411130036,-0.2709688,2026-04-03T08:41:21
287.58654,-35.598025,0.00269398733962,-0.3469106,2026-04-03T08:42:21
287.792323,-35.767611,0.00269383326795,-0.421093,2026-04-03T08:43:21
287.99911,-35.936803,0.00269364982608,-0.4933431,2026-04-03T08:44:21
288.20692,-36.105565,0.00269343782346,-0.5634871,2026-04-03T08:45:21
288.415772,-36.273862,0.00269319814122,-0.6313432,2026-04-03T08:46:21
288.625683,-36.441661,0.00269293173214,-0.6967378,2026-04-03T08:47:21
288.836671,-36.608927,0.00269263961746,-0.7595004,2026-04-03T08:48:21
289.048751,-36.775628,0.00269232288733,-0.81946,2026-04-03T08:49:21
289.261938,-36.941732,0.00269198269804,-0.876459,2026-04-03T08:50:21
289.476244,-37.107208,0.00269162026647,-0.930352,2026-04-03T08:51:21
289.691682,-37.272026,0.00269123686636,-0.9809998,2026-04-03T08:52:21
289.908262,-37.436158,0.0026908338266,-1.0282667,2026-04-03T08:53:21
290.125993,-37.599575,0.00269041252892,-1.0720263,2026-04-03T08:54:21
290.344884,-37.762251,0.0026899744038,-1.1121605,2026-04-03T08:55:21
290.564942,-37.924161,0.00268952092832,-1.1485552,2026-04-03T08:56:21
290.786173,-38.08528,0.00268905362464,-1.181099,2026-04-03T08:57:21
291.008579,-38.245586,0.002688574058,-1.2096926,2026-04-03T08:58:21
291.232164,-38.405057,0.00268808382846,-1.234259,2026-04-03T08:59:21
291.45693,-38.563675,0.00268758456743,-1.2547152,2026-04-03T09:00:21
291.682876,-38.72142,0.00268707793915,-1.2709875,2026-04-03T09:01:21
291.910001,-38.878276,0.00268656563219,-1.2830246,2026-04-03T09:02:21
292.138303,-39.034228,0.00268604935555,-1.290775,2026-04-03T09:03:21
292.367776,-39.189263,0.00268553083725,-1.2941973,2026-04-03T09:04:21
292.598417,-39.34337,0.00268501181928,-1.2932629,2026-04-03T09:05:21
292.830217,-39.496538,0.00268449405265,-1.2879553,2026-04-03T09:06:21
293.063169,-39.64876,0.00268397929317,-1.2782672,2026-04-03T09:07:21
293.297263,-39.800031,0.00268346929642,-1.2642086,2026-04-03T09:08:21
293.532489,-39.950346,0.00268296581032,-1.2458057,2026-04-03T09:09:21
293.768834,-40.099703,0.00268247057086,-1.2230906,2026-04-03T09:10:21
294.006285,-40.248102,0.00268198530039,-1.1961016,2026-04-03T09:11:21
294.244828,-40.395545,0.00268151170192,-1.1648972,2026-04-03T09:12:21
294.484448,-40.542037,0.00268105145206,-1.1295486,2026-04-03T09:13:21
294.725127,-40.687582,0.00268060619775,-1.0901328,2026-04-03T09:14:21
294.966848,-40.83219,0.00268017755283,-1.0467386,2026-04-03T09:15:21
295.209593,-40.975869,0.00267976709273,-0.9994694,2026-04-03T09:16:21
295.453343,-41.118633,0.00267937634824,-0.9484442,2026-04-03T09:17:21
295.698077,-41.260494,0.00267900679881,-0.8938004,2026-04-03T09:18:21
295.943776,-41.401469,0.00267865986686,-0.8356806,2026-04-03T09:19:21
296.190417,-41.541576,0.00267833691919,-0.7742232,2026-04-03T09:20:21
296.43798,-41.680834,0.00267803926072,-0.7096027,2026-04-03T09:21:21
296.686441,-41.819265,0.00267776812313,-0.6419997,2026-04-03T09:22:21
296.935779,-41.956892,0.00267752466778,-0.5715921,2026-04-03T09:23:21
297.185971,-42.09374,0.00267730997813,-0.4985896,2026-04-03T09:24:21
297.436993,-42.229836,0.00267712505269,-0.4231998,2026-04-03T09:25:21
297.688824,-42.365208,0.00267697080838,-0.3456288,2026-04-03T09:26:21
297.94144,-42.499885,0.00267684807225,-0.2661206,2026-04-03T09:27:21
298.194819,-42.6339,0.00267675756965,-0.1849316,2026-04-03T09:28:21
298.448938,-42.767284,0.00267669992411,-0.1023125,2026-04-03T09:29:21
298.703776,-42.900071,0.00267667566009,-0.0185098,2026-04-03T09:30:21
298.959312,-43.032295,0.00267668520026,0.0662172,2026-04-03T09:31:21
299.215526,-43.163992,0.00267672886556,0.151622,2026-04-03T09:32:21
299.472399,-43.295199,0.00267680687629,0.237442,2026-04-03T09:33:21
299.72991,-43.425951,0.00267691934201,0.3233921,2026-04-03T09:34:21
299.988044,-43.556287,0.00267706625804,0.4091905,2026-04-03T09:35:21
300.246784,-43.686244,0.00267724750885,0.4945669,2026-04-03T09:36:21
300.506114,-43.815859,0.00267746287452,0.5792739,2026-04-03T09:37:21
300.76602,-43.945172,0.00267771203958,0.6630738,2026-04-03T09:38:21
301.026489,-44.074219,0.00267799458516,0.7456817,2026-04-03T09:39:21
301.287511,-44.203039,0.0026783099703,0.8267872,2026-04-03T09:40:21
301.549074,-44.33167,0.00267865753453,0.9061039,2026-04-03T09:41:21
301.811172,-44.460148,0.0026790365035,0.9833481,2026-04-03T09:42:21
302.073798,-44.58851,0.00267944599185,1.0582574,2026-04-03T09:43:21
302.336949,-44.716792,0.00267988502019,1.1306255,2026-04-03T09:44:21
302.600623,-44.845026,0.00268035252883,1.2002435,2026-04-03T09:45:21
302.864818,-44.973247,0.00268084736825,1.2668803,2026-04-03T09:46:21
303.129537,-45.101486,0.00268136830002,1.3303282,2026-04-03T09:47:21
303.394783,-45.229774,0.00268191400616,1.3903911,2026-04-03T09:48:21
303.66056,-45.358139,0.00268248308985,1.4468747,2026-04-03T09:49:21
303.926876,-45.486609,0.00268307407565,1.4995783,2026-04-03T09:50:21
304.193739,-45.61521,0.00268368541037,1.5483264,2026-04-03T09:51:21
304.461161,-45.743965,0.00268431548087,1.5929878,2026-04-03T09:52:21
304.729154,-45.872896,0.00268496262133,1.6334291,2026-04-03T09:53:21
304.997733,-46.002023,0.00268562511464,1.6695305,2026-04-03T09:54:21
305.266914,-46.131363,0.0026863011982,1.7011829,2026-04-03T09:55:21
305.536716,-46.260931,0.00268698906747,1.7282894,2026-04-03T09:56:21
305.807158,-46.390742,0.00268768688381,1.750776,2026-04-03T09:57:21
306.078263,-46.520806,0.00268839278221,1.7685849,2026-04-03T09:58:21
306.350054,-46.651131,0.00268910487841,1.7816784,2026-04-03T09:59:21
306.622556,-46.781723,0.00268982127653,1.7900353,2026-04-03T10:00:21
306.895796,-46.912587,0.00269054007456,1.7936453,2026-04-03T10:01:21
307.169801,-47.043723,0.00269125936871,1.7925126,2026-04-03T10:02:21
307.444601,-47.17513,0.00269197726137,1.7866615,2026-04-03T10:03:21
307.720227,-47.306806,0.00269269186855,1.7761382,2026-04-03T10:04:21
307.996709,-47.438743,0.0026934013279,1.7609989,2026-04-03T10:05:21
308.274081,-47.570934,0.00269410379751,1.7412912,2026-04-03T10:06:21
308.552377,-47.703369,0.00269479745936,1.7170922,2026-04-03T10:07:21
308.83163,-47.836035,0.00269548053065,1.6884939,2026-04-03T10:08:21
309.111876,-47.968916,0.00269615126722,1.6556013,2026-04-03T10:09:21
309.393151,-48.101996,0.00269680797103,1.6185355,2026-04-03T10:10:21
309.675491,-48.235255,0.00269744899303,1.5774222,2026-04-03T10:11:21
309.958935,-48.368672,0.00269807273807,1.5324033,2026-04-03T10:12:21
310.243518,-48.502223,0.00269867766915,1.4836267,2026-04-03T10:13:21
310.529278,-48.635883,0.00269926231056,1.4312497,2026-04-03T10:14:21
310.816253,-48.769625,0.00269982525051,1.3754341,2026-04-03T10:15:21
311.104481,-48.90342,0.00270036514386,1.3163513,2026-04-03T10:16:21
311.394,-49.037237,0.00270088071697,1.2541865,2026-04-03T10:17:21
311.684846,-49.171043,0.00270137077226,1.1891319,2026-04-03T10:18:21
311.977058,-49.304806,0.00270183418926,1.1213802,2026-04-03T10:19:21
312.270671,-49.438489,0.00270226992656,1.0511332,2026-04-03T10:20:21
312.565723,-49.572056,0.00270267702325,0.9785901,2026-04-03T10:21:21
312.862248,-49.705469,0.00270305460038,0.9039616,2026-04-03T10:22:21
313.160282,-49.838689,0.00270340186415,0.8274609,2026-04-03T10:23:21
313.45986,-49.971676,0.00270371810812,0.7493111,2026-04-03T10:24:21
313.761015,-50.104389,0.00270400271575,0.6697341,2026-04-03T10:25:21
314.06378,-50.236787,0.00270425515731,0.5889419,2026-04-03T10:26:21
314.368186,-50.368826,0.00270447498716,0.5071416,2026-04-03T10:27:21
314.674264,-50.500463,0.00270466184282,0.4245461,2026-04-03T10:28:21
314.982042,-50.631654,0.00270481545432,0.3414057,2026-04-03T10:29:21
315.29155,-50.762355,0.00270493565543,0.2579769,2026-04-03T10:30:21
315.602813,-50.892521,0.00270502237486,0.1744734,2026-04-03T10:31:21
315.915857,-51.022107,0.00270507562111,0.0910876,2026-04-03T10:32:21
316.230706,-51.151068,0.00270509548119,0.0080193,2026-04-03T10:33:21
316.547381,-51.279359,0.00270508212456,-0.0745172,2026-04-03T10:34:21
316.865902,-51.406934,0.00270503581201,-0.1562826,2026-04-03T10:35:21
317.186289,-51.533748,0.00270495689919,-0.2370515,2026-04-03T10:36:21
317.508559,-51.659757,0.00270484582525,-0.3166297,2026-04-03T10:37:21
317.832725,-51.784917,0.00270470310719,-0.3948165,2026-04-03T10:38:21
318.158802,-51.909181,0.00270452934559,-0.471401,2026-04-03T10:39:21
318.486801,-52.032509,0.00270432522288,-0.5461881,2026-04-03T10:40:21
318.816731,-52.154855,0.00270409149591,-0.6190001,2026-04-03T10:41:21
319.1486,-52.276179,0.0027038289918,-0.6896618,2026-04-03T10:42:21
319.482413,-52.396438,0.0027035386089,-0.7579941,2026-04-03T10:43:21
319.818173,-52.515592,0.0027032213164,-0.8238236,2026-04-03T10:44:21
320.155881,-52.633601,0.00270287815265,-0.8869773,2026-04-03T10:45:21
320.495537,-52.750426,0.00270251022529,-0.9472853,2026-04-03T10:46:21
320.837137,-52.86603,0.00270211870723,-1.0045922,2026-04-03T10:47:21
321.180676,-52.980375,0.00270170483149,-1.058753,2026-04-03T10:48:21
321.526147,-53.093428,0.00270126988787,-1.1096284,2026-04-03T10:49:21
321.87354,-53.205153,0.00270081522133,-1.1570834,2026-04-03T10:50:21
322.222845,-53.315519,0.00270034222921,-1.2009926,2026-04-03T10:51:21
322.574046,-53.424495,0.00269985235727,-1.2412385,2026-04-03T10:52:21
322.927129,-53.532051,0.00269934709765,-1.2777079,2026-04-03T10:53:21
323.282076,-53.638159,0.00269882798723,-1.3102901,2026-04-03T10:54:21
323.638867,-53.742793,0.00269829660534,-1.3388882,2026-04-03T10:55:21
323.997481,-53.84593,0.00269775456536,-1.363426,2026-04-03T10:56:21
324.357893,-53.947547,0.00269720351207,-1.3838207,2026-04-03T10:57:21
324.720079,-54.047623,0.00269664512233,-1.4000015,2026-04-03T10:58:21
325.084011,-54.14614,0.00269608109646,-1.4119178,2026-04-03T10:59:21
325.44966,-54.243081,0.00269551315512,-1.419519,2026-04-03T11:00:21
325.816996,-54.338432,0.0026949430373,-1.4227658,2026-04-03T11:01:21
326.185986,-54.432181,0.0026943724953,-1.4216308,2026-04-03T11:02:21
326.556596,-54.524317,0.00269380328979,-1.4160994,2026-04-03T11:03:21
326.928793,-54.614834,0.00269323718557,-1.4061661,2026-04-03T11:04:21
327.30254,-54.703725,0.00269267594628,-1.3918432,2026-04-03T11:05:21
327.677799,-54.790987,0.00269212132716,-1.3731588,2026-04-03T11:06:21
328.054532,-54.87662,0.00269157507094,-1.3501453,2026-04-03T11:07:21
328.4327,-54.960624,0.00269103890653,-1.3228427,2026-04-03T11:08:21
328.812263,-55.043004,0.00269051454244,-1.2913123,2026-04-03T11:09:21
329.19318,-55.123765,0.00269000366004,-1.255626,2026-04-03T11:10:21
329.575412,-55.202917,0.0026895079109,-1.2158614,2026-04-03T11:11:21
329.958917,-55.280468,0.00268902891288,-1.1721096,2026-04-03T11:12:21
330.343653,-55.356434,0.00268856824442,-1.1244764,2026-04-03T11:13:21
330.729579,-55.430828,0.00268812743856,-1.0730821,2026-04-03T11:14:21
331.116655,-55.503668,0.00268770797646,-1.018066,2026-04-03T11:15:21
331.50484,-55.574975,0.00268731128166,-0.9595713,2026-04-03T11:16:21
331.894094,-55.644768,0.0026869387215,-0.8977398,2026-04-03T11:17:21
332.284378,-55.713073,0.00268659159971,-0.8327494,2026-04-03T11:18:21
332.675654,-55.779915,0.00268627114657,-0.7647787,2026-04-03T11:19:21
333.067883,-55.845321,0.00268597852239,-0.6940081,2026-04-03T11:20:21
333.46103,-55.909321,0.00268571480801,-0.6206496,2026-04-03T11:21:21
333.85506,-55.971946,0.00268548099935,-0.5449104,2026-04-03T11:22:21
334.249939,-56.033229,0.00268527800974,-0.4670014,2026-04-03T11:23:21
334.645636,-56.093203,0.00268510666179,-0.3871644,2026-04-03T11:24:21
335.042119,-56.151904,0.00268496767777,-0.3056545,2026-04-03T11:25:21
335.439361,-56.20937,0.00268486167657,-0.2227299,2026-04-03T11:26:21
335.837335,-56.265637,0.00268478917608,-0.1386371,2026-04-03T11:27:21
336.236016,-56.320744,0.00268475059404,-0.0536303,2026-04-03T11:28:21
336.635384,-56.374731,0.00268474624565,0.032034,2026-04-03T11:29:21
337.035418,-56.427636,0.00268477634144,0.1180873,2026-04-03T11:30:21
337.436101,-56.479501,0.00268484098121,0.2042491,2026-04-03T11:31:21
337.837416,-56.530366,0.00268494015212,0.290239,2026-04-03T11:32:21
338.239352,-56.580271,0.00268507373046,0.375787,2026-04-03T11:33:21
338.641898,-56.629257,0.00268524148947,0.4606516,2026-04-03T11:34:21
339.045044,-56.677362,0.00268544310802,0.5445925,2026-04-03T11:35:21
339.448786,-56.724628,0.00268567815798,0.6273118,2026-04-03T11:36:21
339.853119,-56.771094,0.00268594608608,0.708499,2026-04-03T11:37:21
340.258043,-56.816798,0.00268624622026,0.7878688,2026-04-03T11:38:21
340.66356,-56.861778,0.00268657777442,0.8651357,2026-04-03T11:39:21
341.069673,-56.90607,0.00268693985036,0.9400337,2026-04-03T11:40:21
341.476388,-56.949709,0.00268733145458,1.0123554,2026-04-03T11:41:21
341.883714,-56.992727,0.00268775151355,1.0818929,2026-04-03T11:42:21
342.29166,-57.035156,0.00268819886438,1.1484161,2026-04-03T11:43:21
342.70024,-57.077026,0.00268867225541,1.2117181,2026-04-03T11:44:21
343.109465,-57.118366,0.00268917035586,1.2716027,2026-04-03T11:45:21
343.519351,-57.1592,0.00268969175504,1.327871,2026-04-03T11:46:21
343.929915,-57.199553,0.00269023496232,1.3803219,2026-04-03T11:47:21
344.341176,-57.239448,0.00269079841033,1.4287838,2026-04-03T11:48:21
344.75315,-57.278903,0.00269138047254,1.4731247,2026-04-03T11:49:21
345.16586,-57.317936,0.00269197946895,1.5132095,2026-04-03T11:50:21
345.579325,-57.356561,0.00269259366786,1.5489177,2026-04-03T11:51:21
345.993567,-57.39479,0.0026932212918,1.5801397,2026-04-03T11:52:21
346.408609,-57.432632,0.00269386052161,1.6067798,2026-04-03T11:53:21
346.824471,-57.470096,0.00269450950427,1.6287644,2026-04-03T11:54:21
347.241177,-57.507184,0.00269516636052,1.6460361,2026-04-03T11:55:21
347.658749,-57.5439,0.00269582919242,1.6585591,2026-04-03T11:56:21
348.077209,-57.580241,0.00269649609075,1.6663124,2026-04-03T11:57:21
348.496577,-57.616204,0.00269716514041,1.6692863,2026-04-03T11:58:21
348.916876,-57.651784,0.00269783442487,1.6674869,2026-04-03T11:59:21
349.338125,-57.686971,0.00269850203445,1.6609395,2026-04-03T12:00:21
349.760342,-57.721753,0.00269916607375,1.6496926,2026-04-03T12:01:21
350.183545,-57.756118,0.00269982466973,1.6338032,2026-04-03T12:02:21
350.60775,-57.790049,0.00270047596995,1.6133199,2026-04-03T12:03:21
351.032971,-57.823528,0.00270111814659,1.5883215,2026-04-03T12:04:21
351.459223,-57.856535,0.00270174940758,1.5589021,2026-04-03T12:05:21
351.886516,-57.889046,0.00270236800093,1.525171,2026-04-03T12:06:21
352.314858,-57.921038,0.00270297222195,1.48725,2026-04-03T12:07:21
352.744258,-57.952482,0.00270356041489,1.4452654,2026-04-03T12:08:21
353.174719,-57.983351,0.00270413097875,1.3993623,2026-04-03T12:09:21
353.606245,-58.013614,0.00270468237215,1.3496926,2026-04-03T12:10:21
354.038834,-58.043239,0.0027052131162,1.2964151,2026-04-03T12:11:21
354.472485,-58.072193,0.00270572179648,1.2396934,2026-04-03T12:12:21
354.907191,-58.100441,0.00270620706625,1.1797022,2026-04-03T12:13:21
355.342945,-58.127946,0.00270666765133,1.1166281,2026-04-03T12:14:21
355.779736,-58.154671,0.00270710235398,1.0506651,2026-04-03T12:15:21
356.217549,-58.180578,0.00270751005509,0.9820111,2026-04-03T12:16:21
356.656369,-58.205628,0.00270788971635,0.9108703,2026-04-03T12:17:21
357.096174,-58.22978,0.0027082403809,0.8374463,2026-04-03T12:18:21
357.536943,-58.252993,0.00270856117579,0.7619524,2026-04-03T12:19:21
357.97865,-58.275228,0.00270885131338,0.6846015,2026-04-03T12:20:21
358.421265,-58.296441,0.00270911009302,0.6056155,2026-04-03T12:21:21
358.864758,-58.316592,0.00270933690416,0.5252187,2026-04-03T12:22:21
359.309093,-58.335639,0.0027095312245,0.4436272,2026-04-03T12:23:21
359.754233,-58.353538,0.00270969261721,0.3610518,2026-04-03T12:24:21
0.200138,-58.370249,0.00270982073109,0.2777128,2026-04-03T12:25:21
0.646763,-58.385731,0.00270991530887,0.1938584,2026-04-03T12:26:21
1.094063,-58.39994,0.00270997619482,0.10974,2026-04-03T12:27:21
1.541988,-58.412837,0.00271000332827,0.0255762,2026-04-03T12:28:21
1.990486,-58.424382,0.00270999672998,-0.058439,2026-04-03T12:29:21
2.439504,-58.434536,0.00270995649974,-0.1421026,2026-04-03T12:30:21
2.888985,-58.443259,0.00270988282228,-0.2251922,2026-04-03T12:31:21
3.338868,-58.450513,0.00270977597586,-0.307468,2026-04-03T12:32:21
3.789093,-58.456263,0.00270963633236,-0.3887089,2026-04-03T12:33:21
4.239596,-58.460472,0.00270946434576,-0.4687223,2026-04-03T12:34:21
4.69031,-58.463107,0.00270926054868,-0.5473039,2026-04-03T12:35:21
5.14117,-58.464134,0.00270902555723,-0.6242465,2026-04-03T12:36:21
5.592105,-58.463521,0.00270876006842,-0.6993544,2026-04-03T12:37:21
6.043046,-58.461239,0.00270846485511,-0.7724448,2026-04-03T12:38:21
6.493921,-58.457259,0.00270814076177,-0.8433416,2026-04-03T12:39:21
6.944655,-58.451554,0.00270778870363,-0.9118682,2026-04-03T12:40:21
7.395176,-58.444098,0.00270740966619,-0.9778507,2026-04-03T12:41:21
7.845408,-58.434868,0.00270700470486,-1.0411141,2026-04-03T12:42:21
8.295275,-58.423843,0.00270657494439,-1.1014903,2026-04-03T12:43:21
8.7447,-58.411001,0.00270612157389,-1.1588257,2026-04-03T12:44:21
9.193609,-58.396326,0.00270564584215,-1.2129759,2026-04-03T12:45:21
9.641924,-58.379801,0.0027051490547,-1.2638014,2026-04-03T12:46:21
10.089568,-58.361413,0.00270463257218,-1.3111678,2026-04-03T12:47:21
10.536467,-58.341149,0.00270409780709,-1.3549513,2026-04-03T12:48:21
10.982544,-58.318999,0.00270354622006,-1.3950346,2026-04-03T12:49:21
11.427725,-58.294956,0.00270297931784,-1.4313053,2026-04-03T12:50:21
11.871936,-58.269014,0.00270239865161,-1.4636537,2026-04-03T12:51:21
12.315104,-58.24117,0.00270180581433,-1.4919854,2026-04-03T12:52:21
12.757159,-58.211422,0.00270120243227,-1.5162245,2026-04-03T12:53:21
13.19803,-58.179771,0.00270059016319,-1.5362886,2026-04-03T12:54:21
13.63765,-58.146221,0.00269997069609,-1.5521101,2026-04-03T12:55:21
14.075953,-58.110776,0.00269934574264,-1.5636388,2026-04-03T12:56:21
14.512876,-58.073445,0.00269871703473,-1.5708252,2026-04-03T12:57:21
14.948356,-58.034237,0.00269808632186,-1.5736317,2026-04-03T12:58:21
15.382334,-57.993163,0.00269745536618,-1.5720328,2026-04-03T12:59:21
15.814756,-57.950239,0.00269682593761,-1.5660151,2026-04-03T13:00:21
16.245566,-57.90548,0.00269619980941,-1.5555755,2026-04-03T13:01:21
16.674716,-57.858905,0.00269557875289,-1.5407283,2026-04-03T13:02:21
17.102157,-57.810535,0.0026949645301,-1.5215035,2026-04-03T13:03:21
17.527846,-57.760391,0.00269435889019,-1.4979335,2026-04-03T13:04:21
17.951743,-57.708499,0.00269376356816,-1.4700604,2026-04-03T13:05:21
18.37381,-57.654885,0.00269318027755,-1.4379482,2026-04-03T13:06:21
18.794015,-57.599578,0.00269261070413,-1.4016692,2026-04-03T13:07:21
19.212326,-57.542607,0.00269205650374,-1.3613019,2026-04-03T13:08:21
19.62872,-57.484005,0.00269151929775,-1.31694,2026-04-03T13:09:21
20.043173,-57.423805,0.00269100066713,-1.2686913,2026-04-03T13:10:21
20.455668,-57.362042,0.0026905021468,-1.2166776,2026-04-03T13:11:21
20.86619,-57.298753,0.00269002521919,-1.1610391,2026-04-03T13:12:21
21.27473,-57.233977,0.0026895713089,-1.1019201,2026-04-03T13:13:21
21.681281,-57.167751,0.00268914178328,-1.0394671,2026-04-03T13:14:21
22.085841,-57.100118,0.00268873794424,-0.97386,2026-04-03T13:15:21
22.488411,-57.031119,0.00268836102053,-0.9052757,2026-04-03T13:16:21
22.888997,-56.960795,0.00268801217077,-0.8338973,2026-04-03T13:17:21
23.287607,-56.889192,0.00268769247341,-0.7599363,2026-04-03T13:18:21
23.684256,-56.816352,0.00268740292202,-0.6836023,2026-04-03T13:19:21
24.078959,-56.742321,0.0026871444254,-0.6051126,2026-04-03T13:20:21
24.471736,-56.667144,0.00268691780094,-0.5247057,2026-04-03T13:21:21
24.862611,-56.590867,0.00268672376735,-0.4426343,2026-04-03T13:22:21
25.25161,-56.513535,0.00268656293932,-0.3591609,2026-04-03T13:23:21
25.638763,-56.435195,0.00268643582933,-0.2745322,2026-04-03T13:24:21
26.024103,-56.355892,0.00268634285039,-0.1890018,2026-04-03T13:25:21
26.407666,-56.275672,0.00268628431085,-0.1028367,2026-04-03T13:26:21
26.789488,-56.194579,0.00268626041104,-0.0163078,2026-04-03T13:27:21
27.169611,-56.112659,0.00268627124182,0.0703097,2026-04-03T13:28:21
27.548077,-56.029955,0.00268631678283,0.1567374,2026-04-03T13:29:21
27.924929,-55.946511,0.00268639690335,0.2427064,2026-04-03T13:30:21
28.300215,-55.862368,0.00268651137028,0.3279763,2026-04-03T13:31:21
28.67398,-55.777567,0.0026866598554,0.4123019,2026-04-03T13:32:21
29.046273,-55.69215,0.00268684192045,0.4953769,2026-04-03T13:33:21
29.417145,-55.606155,0.00268705700051,0.5768917,2026-04-03T13:34:21
29.786646,-55.519619,0.00268730441255,0.656562,2026-04-03T13:35:21
30.154829,-55.432579,0.00268758335963,0.7341023,2026-04-03T13:36:21
30.521743,-55.34507,0.00268789293246,0.809245,2026-04-03T13:37:21
30.887441,-55.257122,0.00268823212526,0.8817789,2026-04-03T13:38:21
31.251973,-55.168766,0.00268859985103,0.9514953,2026-04-03T13:39:21
31.615389,-55.080031,0.00268899493431,1.0181672,2026-04-03T13:40:21
31.97774,-54.990944,0.0026894161114,1.0815879,2026-04-03T13:41:21
32.339074,-54.901528,0.00268986203923,1.1415599,2026-04-03T13:42:21
32.699438,-54.811808,0.0026903312941,1.1978816,2026-04-03T13:43:21
33.058881,-54.721802,0.00269082237154,1.250352,2026-04-03T13:44:21
33.417446,-54.631531,0.00269133369143,1.2988035,2026-04-03T13:45:21
33.775176,-54.541008,0.00269186361521,1.3431029,2026-04-03T13:46:21
34.132113,-54.45025,0.00269241045002,1.3831137,2026-04-03T13:47:21
34.488296,-54.359267,0.00269297245098,1.4187145,2026-04-03T13:48:21
34.843761,-54.268069,0.00269354782707,1.4497955,2026-04-03T13:49:21
35.198544,-54.176663,0.00269413474596,1.4762623,2026-04-03T13:50:21
35.552676,-54.085055,0.00269473134173,1.4980413,2026-04-03T13:51:21
35.906187,-53.993248,0.00269533572233,1.5150764,2026-04-03T13:52:21
36.259104,-53.901241,0.0026959459776,1.5273327,2026-04-03T13:53:21
36.611451,-53.809035,0.0026965601865,1.5347901,2026-04-03T13:54:21
36.963248,-53.716626,0.00269717642219,1.5374391,2026-04-03T13:55:21
37.314514,-53.624008,0.0026977927569,1.5352876,2026-04-03T13:56:21
37.665265,-53.531176,0.00269840727024,1.5283623,2026-04-03T13:57:21
38.015511,-53.438119,0.00269901805682,1.5167132,2026-04-03T13:58:21
38.365263,-53.344829,0.00269962323414,1.5003983,2026-04-03T13:59:21
38.714527,-53.251292,0.00270022094055,1.4794673,2026-04-03T14:00:21
39.063305,-53.157495,0.00270080933959,1.4540001,2026-04-03T14:01:21
39.411599,-53.063424,0.00270138663116,1.4240935,2026-04-03T14:02:21
39.759405,-52.969061,0.00270195105672,1.3898607,2026-04-03T14:03:21
40.106718,-52.87439,0.00270250090583,1.3514231,2026-04-03T14:04:21
40.45353,-52.779392,0.00270303451686,1.3089084,2026-04-03T14:05:21
40.799828,-52.684046,0.00270355028413,1.2624652,2026-04-03T14:06:21
41.1456,-52.588333,0.00270404666281,1.2122482,2026-04-03T14:07:21
41.490829,-52.49223,0.0027045221715,1.1584175,2026-04-03T14:08:21
41.835495,-52.395716,0.00270497539361,1.1011383,2026-04-03T14:09:21
42.179577,-52.298768,0.00270540498137,1.0405885,2026-04-03T14:10:21
42.523051,-52.201362,0.00270580966033,0.9769553,2026-04-03T14:11:21
42.865891,-52.103475,0.00270618823291,0.910435,2026-04-03T14:12:21
43.208068,-52.005083,0.00270653958169,0.8412306,2026-04-03T14:13:21
43.549553,-51.90616,0.00270686267155,0.7695478,2026-04-03T14:14:21
43.890313,-51.806683,0.00270715655005,0.6955959,2026-04-03T14:15:21
44.230314,-51.706627,0.00270742035008,0.6195882,2026-04-03T14:16:21
44.56952,-51.605968,0.0027076532895,0.5417369,2026-04-03T14:17:21
44.907896,-51.504682,0.00270785467305,0.4622642,2026-04-03T14:18:21
45.245401,-51.402744,0.00270802389583,0.3813956,2026-04-03T14:19:21
45.581998,-51.300131,0.00270816044246,0.2993522,2026-04-03T14:20:21
45.917645,-51.196818,0.00270826388536,0.2163515,2026-04-03T14:21:21
46.252301,-51.092785,0.00270833388515,0.1326182,2026-04-03T14:22:21
46.585924,-50.988007,0.00270837019604,0.0483944,2026-04-03T14:23:21
46.918471,-50.882463,0.00270837267104,-0.036073,2026-04-03T14:24:21
47.249897,-50.776131,0.00270834125832,-0.1205613,2026-04-03T14:25:21
47.580161,-50.668992,0.00270827598949,-0.2048719,2026-04-03T14:26:21
47.909217,-50.561026,0.00270817697718,-0.2887951,2026-04-03T14:27:21
48.237022,-50.452215,0.00270804442188,-0.3721027,2026-04-03T14:28:21
48.563532,-50.342539,0.00270787861821,-0.4545575,2026-04-03T14:29:21
48.888703,-50.231982,0.00270767995267,-0.5359435,2026-04-03T14:30:21
49.212491,-50.12053,0.00270744889261,-0.6160677,2026-04-03T14:31:21
49.534854,-50.008165,0.00270718598509,-0.6947235,2026-04-03T14:32:21
49.85575,-49.894876,0.00270689186018,-0.7717073,2026-04-03T14:33:21
50.175136,-49.780649,0.00270656722815,-0.8468222,2026-04-03T14:34:21
50.492974,-49.665472,0.00270621287638,-0.9198815,2026-04-03T14:35:21
50.809223,-49.549335,0.00270582966503,-0.990708,2026-04-03T14:36:21
51.123845,-49.432229,0.00270541852461,-1.059127,2026-04-03T14:37:21
51.436802,-49.314146,0.00270498045577,-1.1249632,2026-04-03T14:38:21
51.748059,-49.195078,0.00270451652974,-1.1880406,2026-04-03T14:39:21
52.057581,-49.075021,0.0027040278868,-1.2481934,2026-04-03T14:40:21
52.365334,-48.95397,0.00270351573065,-1.3052697,2026-04-03T14:41:21
52.671288,-48.831922,0.00270298132437,-1.359125,2026-04-03T14:42:21
52.975413,-48.708875,0.00270242598781,-1.4096201,2026-04-03T14:43:21
53.277681,-48.584828,0.00270185109565,-1.4566218,2026-04-03T14:44:21
53.578066,-48.459783,0.00270125807399,-1.500007,2026-04-03T14:45:21
53.876544,-48.333742,0.00270064839687,-1.5396587,2026-04-03T14:46:21
54.173093,-48.206707,0.00270002358416,-1.5754655,2026-04-03T14:47:21
54.467694,-48.078684,0.00269938519987,-1.6073187,2026-04-03T14:48:21
54.760329,-47.949677,0.002698734849,-1.6351262,2026-04-03T14:49:21
55.050983,-47.819695,0.00269807416936,-1.6588122,2026-04-03T14:50:21
55.339643,-47.688747,0.00269740483034,-1.6782948,2026-04-03T14:51:21
55.626298,-47.55684,0.00269672853164,-1.6935097,2026-04-03T14:52:21
55.91094,-47.423988,0.00269604699498,-1.7044064,2026-04-03T14:53:21
56.193564,-47.290201,0.00269536196215,-1.710937,2026-04-03T14:54:21
56.474167,-47.155493,0.00269467519188,-1.7130655,2026-04-03T14:55:21
56.752748,-47.019879,0.00269398845497,-1.7107677,2026-04-03T14:56:21
57.02931,-46.883376,0.00269330352934,-1.7040321,2026-04-03T14:57:21
57.303857,-46.745999,0.00269262219563,-1.692857,2026-04-03T14:58:21
57.576398,-46.607767,0.00269194623165,-1.6772592,2026-04-03T14:59:21
57.846942,-46.4687,0.0026912774052,-1.6572701,2026-04-03T15:00:21
58.115502,-46.328817,0.00269061747097,-1.6329218,2026-04-03T15:01:21
58.382095,-46.188142,0.00268996816914,-1.604259,2026-04-03T15:02:21
58.646737,-46.046694,0.00268933121733,-1.5713479,2026-04-03T15:03:21
58.90945,-45.904499,0.00268870830499,-1.5342606,2026-04-03T15:04:21
59.170258,-45.761581,0.00268810109148,-1.4930771,2026-04-03T15:05:21
59.429186,-45.617964,0.00268751120094,-1.4478932,2026-04-03T15:06:21
59.686262,-45.473676,0.0026869402162,-1.3988187,2026-04-03T15:07:21
59.941519,-45.328741,0.0026863896734,-1.345977,2026-04-03T15:08:21
60.194989,-45.183189,0.00268586105579,-1.2895086,2026-04-03T15:09:21
60.446709,-45.037047,0.00268535578863,-1.2295587,2026-04-03T15:10:21
60.696715,-44.890343,0.00268487523877,-1.1662782,2026-04-03T15:11:21
60.94505,-44.743108,0.00268442070639,-1.0998479,2026-04-03T15:12:21
61.191754,-44.59537,0.00268399341877,-1.0304444,2026-04-03T15:13:21
61.436872,-44.44716,0.00268359453231,-0.9582528,2026-04-03T15:14:21
61.680451,-44.298508,0.00268322512347,-0.8834834,2026-04-03T15:15:21
61.922538,-44.149444,0.00268288618318,-0.8063501,2026-04-03T15:16:21
62.163183,-44.000001,0.00268257861565,-0.7270737,2026-04-03T15:17:21
62.402438,-43.850207,0.00268230323356,-0.6458905,2026-04-03T15:18:21
62.640354,-43.700095,0.00268206075182,-0.5630517,2026-04-03T15:19:21
62.876986,-43.549695,0.00268185178172,-0.4788195,2026-04-03T15:20:21
63.112388,-43.399037,0.00268167683168,-0.3934433,2026-04-03T15:21:21
63.346616,-43.248152,0.00268153630983,-0.3071794,2026-04-03T15:22:21
63.579727,-43.09707,0.00268143051746,-0.220302,2026-04-03T15:23:21
63.811777,-42.94582,0.00268135964612,-0.1330815,2026-04-03T15:24:21
64.042824,-42.794431,0.0026813237791,-0.0457898,2026-04-03T15:25:21
64.272925,-42.642931,0.00268132288976,0.0412981,2026-04-03T15:26:21
64.502139,-42.491348,0.00268135684199,0.1279137,2026-04-03T15:27:21
64.730522,-42.339708,0.00268142539656,0.2138129,2026-04-03T15:28:21
64.958131,-42.188038,0.0026815282177,0.2987473,2026-04-03T15:29:21
65.185023,-42.036362,0.00268166485773,0.3824051,2026-04-03T15:30:21
65.411255,-41.884706,0.00268183474153,0.4644782,2026-04-03T15:31:21
65.636883,-41.733091,0.00268203717642,0.5446831,2026-04-03T15:32:21
65.861961,-41.58154,0.0026822713561,0.6227356,2026-04-03T15:33:21
66.086543,-41.430074,0.00268253636245,0.6983678,2026-04-03T15:34:21
66.31068,-41.278711,0.00268283117958,0.7713628,2026-04-03T15:35:21
66.534422,-41.12747,0.00268315470839,0.8415102,2026-04-03T15:36:21
66.757818,-40.976366,0.00268350576251,0.9085883,2026-04-03T15:37:21
66.980915,-40.825415,0.00268388306819,0.9723891,2026-04-03T15:38:21
67.203757,-40.674631,0.00268428527138,1.0327132,2026-04-03T15:39:21
67.426388,-40.524025,0.00268471093696,1.0893576,2026-04-03T15:40:21
67.648848,-40.373608,0.00268515854855,1.1421217,2026-04-03T15:41:21
67.871177,-40.223391,0.0026856265153,1.190842,2026-04-03T15:42:21
68.09341,-40.07338,0.00268611318846,1.2353836,2026-04-03T15:43:21
68.315581,-39.923582,0.00268661686419,1.2756087,2026-04-03T15:44:21
68.537722,-39.774001,0.00268713578621,1.3113947,2026-04-03T15:45:21
68.759862,-39.62464,0.00268766815181,1.3426322,2026-04-03T15:46:21
68.982025,-39.475503,0.00268821211741,1.3692277,2026-04-03T15:47:21
69.204238,-39.326587,0.00268876580592,1.3911077,2026-04-03T15:48:21
69.426519,-39.177893,0.00268932731436,1.4082173,2026-04-03T15:49:21
69.648887,-39.029417,0.00268989472218,1.4205224,2026-04-03T15:50:21
69.871357,-38.881155,0.00269046609815,1.4280034,2026-04-03T15:51:21
70.093942,-38.733101,0.00269103950531,1.430651,2026-04-03T15:52:21
70.316652,-38.58525,0.00269161300627,1.428475,2026-04-03T15:53:21
70.539494,-38.437592,0.00269218467147,1.4215027,2026-04-03T15:54:21
70.762473,-38.290118,0.00269275258692,1.409786,2026-04-03T15:55:21
70.98559,-38.142818,0.00269331486198,1.3933835,2026-04-03T15:56:21
71.208845,-37.995681,0.00269386962706,1.3723455,2026-04-03T15:57:21
71.432235,-37.848693,0.00269441503818,1.346753,2026-04-03T15:58:21
71.655754,-37.701842,0.00269494928837,1.3167057,2026-04-03T15:59:21
71.879394,-37.555114,0.00269547061361,1.2823198,2026-04-03T16:00:21
72.103146,-37.408492,0.00269597729826,1.2437153,2026-04-03T16:01:21
72.326997,-37.261961,0.0026964676756,1.2010227,2026-04-03T16:02:21
72.550933,-37.115505,0.00269694013619,1.1543933,2026-04-03T16:03:21
72.774936,-36.969106,0.00269739313218,1.1039838,2026-04-03T16:04:21
72.998988,-36.822746,0.00269782517995,1.0499552,2026-04-03T16:05:21
73.22307,-36.676407,0.00269823486093,0.9924743,2026-04-03T16:06:21
73.447158,-36.530071,0.00269862082635,0.9317214,2026-04-03T16:07:21
73.67123,-36.383718,0.00269898180143,0.8678847,2026-04-03T16:08:21
73.89526,-36.23733,0.00269931658884,0.8011627,2026-04-03T16:09:21
74.119222,-36.090885,0.00269962407269,0.7317625,2026-04-03T16:10:21
74.343087,-35.944366,0.00269990322051,0.6598915,2026-04-03T16:11:21
74.566826,-35.797752,0.00270015308393,0.5857634,2026-04-03T16:12:21
74.79041,-35.651024,0.0027003728005,0.5095906,2026-04-03T16:13:21
75.013806,-35.504162,0.00270056159246,0.4315851,2026-04-03T16:14:21
75.236984,-35.357146,0.00270071876908,0.35197,2026-04-03T16:15:21
75.459911,-35.209956,0.00270084373061,0.2709731,2026-04-03T16:16:21
75.682552,-35.062575,0.00270093596805,0.1888197,2026-04-03T16:17:21
75.904875,-34.914982,0.00270099506235,0.1057333,2026-04-03T16:18:21
76.126845,-34.767159,0.00270102068454,0.0219402,2026-04-03T16:19:21
76.348427,-34.619087,0.00270101259806,-0.0623237,2026-04-03T16:20:21
76.569587,-34.47075,0.00270097066287,-0.1468156,2026-04-03T16:21:21
76.790289,-34.322129,0.00270089483371,-0.2313096,2026-04-03T16:22:21
77.0105,-34.173207,0.00270078515131,-0.3155989,2026-04-03T16:23:21
77.230183,-34.023967,0.00270064174072,-0.3994666,2026-04-03T16:24:21
77.449306,-33.874395,0.00270046481673,-0.4826827,2026-04-03T16:25:21
77.667833,-33.724476,0.0027002546878,-0.5650134,2026-04-03T16:26:21
77.88573,-33.574193,0.00270001175255,-0.6462473,2026-04-03T16:27:21
78.102964,-33.423535,0.00269973648953,-0.72619,2026-04-03T16:28:21
78.319503,-33.272487,0.00269942945823,-0.8046333,2026-04-03T16:29:21
78.535315,-33.121037,0.00269909130046,-0.8813767,2026-04-03T16:30:21
78.750369,-32.969174,0.00269872273773,-0.9562222,2026-04-03T16:31:21
78.964633,-32.816886,0.00269832456967,-1.0289803,2026-04-03T16:32:21
79.17808,-32.664164,0.00269789766937,-1.0994733,2026-04-03T16:33:21
79.39068,-32.510999,0.00269744298024,-1.1675265,2026-04-03T16:34:21
79.602405,-32.357381,0.0026969615161,-1.2329635,2026-04-03T16:35:21
79.813231,-32.203304,0.00269645436175,-1.2956079,2026-04-03T16:36:21
80.023131,-32.048761,0.00269592267049,-1.3552965,2026-04-03T16:37:21
80.232081,-31.893746,0.00269536765825,-1.4118786,2026-04-03T16:38:21
80.44006,-31.738255,0.0026947906001,-1.4652099,2026-04-03T16:39:21
80.647046,-31.582283,0.00269419282787,-1.5151512,2026-04-03T16:40:21
80.85302,-31.425828,0.00269357572795,-1.5615705,2026-04-03T16:41:21
81.057963,-31.268887,0.00269294073774,-1.6043453,2026-04-03T16:42:21
81.261859,-31.11146,0.00269228934241,-1.6433593,2026-04-03T16:43:21
81.464693,-30.953546,0.00269162307268,-1.6785015,2026-04-03T16:44:21
81.666452,-30.795146,0.00269094350316,-1.7096644,2026-04-03T16:45:21
81.867124,-30.636263,0.00269025224874,-1.7367579,2026-04-03T16:46:21
82.066699,-30.476898,0.00268955095669,-1.7597059,2026-04-03T16:47:21
82.265169,-30.317056,0.00268884130598,-1.7784276,2026-04-03T16:48:21
82.462528,-30.156741,0.00268812500491,-1.792861,2026-04-03T16:49:21
82.658771,-29.995959,0.00268740378339,-1.8029559,2026-04-03T16:50:21
82.853897,-29.834716,0.00268667939122,-1.8086654,2026-04-03T16:51:21
83.047904,-29.673022,0.00268595359452,-1.8099551,2026-04-03T16:52:21
83.240795,-29.510883,0.00268522817101,-1.8068019,2026-04-03T16:53:21
83.432572,-29.348309,0.00268450490495,-1.7991956,2026-04-03T16:54:21
83.623241,-29.185313,0.00268378558271,-1.7871365,2026-04-03T16:55:21
83.812809,-29.021903,0.00268307198714,-1.770643,2026-04-03T16:56:21
84.001287,-28.858095,0.00268236589039,-1.7497478,2026-04-03T16:57:21
84.188685,-28.6939,0.00268166905143,-1.7244827,2026-04-03T16:58:21
84.375017,-28.529332,0.00268098321438,-1.6948946,2026-04-03T16:59:21
84.560298,-28.364408,0.00268031009979,-1.6610514,2026-04-03T17:00:21
84.744547,-28.199143,0.00267965139989,-1.623025,2026-04-03T17:01:21
84.927781,-28.033554,0.00267900877663,-1.5808968,2026-04-03T17:02:21
85.110024,-27.867658,0.00267838385598,-1.5347646,2026-04-03T17:03:21
85.291298,-27.701474,0.00267777822191,-1.4847397,2026-04-03T17:04:21
85.471628,-27.535021,0.00267719341117,-1.4309466,2026-04-03T17:05:21
85.651041,-27.368318,0.00267663090727,-1.3735263,2026-04-03T17:06:21
85.829566,-27.201386,0.0026760921355,-1.3126248,2026-04-03T17:07:21
86.007234,-27.034246,0.0026755784621,-1.2483959,2026-04-03T17:08:21
86.184076,-26.866919,0.00267509118579,-1.1810206,2026-04-03T17:09:21
86.360127,-26.699427,0.00267463153243,-1.1106767,2026-04-03T17:10:21
86.535421,-26.531793,0.00267420065624,-1.0375497,2026-04-03T17:11:21
86.709996,-26.364039,0.0026737996319,-0.9618497,2026-04-03T17:12:21
86.883889,-26.196188,0.00267342944765,-0.8837946,2026-04-03T17:13:21
87.057139,-26.028264,0.00267309100385,-0.803606,2026-04-03T17:14:21
87.229788,-25.860291,0.00267278510949,-0.7215195,2026-04-03T17:15:21
87.401876,-25.692292,0.00267251247589,-0.6377861,2026-04-03T17:16:21
87.573445,-25.524291,0.00267227371153,-0.5526652,2026-04-03T17:17:21
87.74454,-25.356312,0.00267206932168,-0.4664107,2026-04-03T17:18:21
87.915203,-25.188379,0.00267189970948,-0.3792826,2026-04-03T17:19:21
88.085479,-25.020516,0.00267176517009,-0.2915571,2026-04-03T17:20:21
88.255413,-24.852744,0.00267166588875,-0.2035037,2026-04-03T17:21:21
88.42505,-24.685089,0.00267160194287,-0.1153928,2026-04-03T17:22:21
88.594434,-24.517571,0.00267157330113,-0.0274955,2026-04-03T17:23:21
88.763611,-24.350214,0.0026715798232,0.0599171,2026-04-03T17:24:21
88.932626,-24.183039,0.00267162126391,0.1465966,2026-04-03T17:25:21
89.101522,-24.016068,0.00267169728072,0.2322939,2026-04-03T17:26:21
89.270345,-23.84932,0.00267180741817,0.3166938,2026-04-03T17:27:21
89.439139,-23.682816,0.00267195109283,0.3994886,2026-04-03T17:28:21
89.607946,-23.516576,0.00267212760404,0.4803958,2026-04-03T17:29:21
89.77681,-23.350617,0.00267233613808,0.559133,2026-04-03T17:30:21
89.945772,-23.184957,0.00267257576986,0.6354321,2026-04-03T17:31:21
90.114871,-23.019612,0.00267284547555,0.7090713,2026-04-03T17:32:21
90.284145,-22.854596,0.00267314414617,0.7798388,2026-04-03T17:33:21
90.453633,-22.689925,0.00267347058678,0.8475176,2026-04-03T17:34:21
90.62337,-22.525611,0.00267382351568,0.9118975,2026-04-03T17:35:21
90.793391,-22.361667,0.00267420156954,0.972777,2026-04-03T17:36:21
90.963727,-22.198102,0.00267460330367,1.0299522,2026-04-03T17:37:21
91.134411,-22.034928,0.00267502719186,1.0832239,2026-04-03T17:38:21
91.305471,-21.872152,0.00267547163477,1.1324319,2026-04-03T17:39:21
91.476935,-21.709781,0.00267593497532,1.1774393,2026-04-03T17:40:21
91.648827,-21.547821,0.00267641550059,1.218107,2026-04-03T17:41:21
91.821171,-21.386278,0.00267691144479,1.2543112,2026-04-03T17:42:21
91.993987,-21.225155,0.00267742099548,1.2859433,2026-04-03T17:43:21
92.167295,-21.064453,0.00267794229968,1.3129099,2026-04-03T17:44:21
92.34111,-20.904174,0.00267847347094,1.3351377,2026-04-03T17:45:21
92.515449,-20.744317,0.00267901259712,1.352573,2026-04-03T17:46:21
92.690321,-20.584881,0.00267955774896,1.3651822,2026-04-03T17:47:21
92.865738,-20.425863,0.00268010698663,1.372946,2026-04-03T17:48:21
93.041708,-20.267258,0.0026806583646,1.375855,2026-04-03T17:49:21
93.218234,-20.109061,0.00268120993724,1.3739207,2026-04-03T17:50:21
93.395322,-19.951267,0.00268175976723,1.3671712,2026-04-03T17:51:21
93.57297,-19.793867,0.00268230593315,1.3556592,2026-04-03T17:52:21
93.75118,-19.636854,0.00268284653727,1.3394438,2026-04-03T17:53:21
93.929946,-19.480217,0.00268337970315,1.3185764,2026-04-03T17:54:21
94.109264,-19.323947,0.00268390358013,1.293138,2026-04-03T17:55:21
94.289128,-19.168032,0.00268441635527,1.2632316,2026-04-03T17:56:21
94.469526,-19.01246,0.00268491625968,1.2289749,2026-04-03T17:57:21
94.65045,-18.857218,0.00268540157275,1.1904869,2026-04-03T17:58:21
94.831885,-18.702292,0.00268587062333,1.1479017,2026-04-03T17:59:21
95.013816,-18.547667,0.00268632179859,1.1013716,2026-04-03T18:00:21
95.196229,-18.39333,0.00268675354771,1.0510548,2026-04-03T18:01:21
95.379104,-18.239263,0.0026871643847,0.9971133,2026-04-03T18:02:21
95.562422,-18.085451,0.00268755288893,0.9397151,2026-04-03T18:03:21
95.746162,-17.931878,0.0026879177102,0.8790421,2026-04-03T18:04:21
95.930303,-17.778525,0.00268825757296,0.8152843,2026-04-03T18:05:21
96.114821,-17.625376,0.00268857127982,0.748642,2026-04-03T18:06:21
96.299691,-17.472412,0.00268885771566,0.6793245,2026-04-03T18:07:21
96.484888,-17.319615,0.00268911584982,0.6075427,2026-04-03T18:08:21
96.670385,-17.166968,0.00268934473705,0.5335117,2026-04-03T18:09:21
96.856154,-17.014452,0.00268954351784,0.4574432,2026-04-03T18:10:21
97.042167,-16.862047,0.00268971141745,0.3795499,2026-04-03T18:11:21
97.228396,-16.709737,0.00268984774871,0.3000574,2026-04-03T18:12:21
97.414811,-16.557501,0.00268995191677,0.2191969,2026-04-03T18:13:21
97.601382,-16.405322,0.0026900234183,0.1371938,2026-04-03T18:14:21
97.788078,-16.253181,0.00269006184051,0.0542759,2026-04-03T18:15:21
97.974869,-16.101059,0.00269006686218,-0.0293296,2026-04-03T18:16:21
98.161723,-15.948938,0.00269003825366,-0.1133907,2026-04-03T18:17:21
98.34861,-15.796801,0.00268997588013,-0.1976685,2026-04-03T18:18:21
98.535497,-15.64463,0.00268987970105,-0.2819347,2026-04-03T18:19:21
98.722355,-15.492406,0.00268974976457,-0.3659726,2026-04-03T18:20:21
98.909151,-15.340114,0.00268958620639,-0.4495608,2026-04-03T18:21:21
99.095855,-15.187737,0.00268938925249,-0.5324699,2026-04-03T18:22:21
99.282435,-15.035258,0.00268915922215,-0.6144678,2026-04-03T18:23:21
99.468863,-14.882662,0.00268889652334,-0.6953476,2026-04-03T18:24:21
99.655107,-14.729934,0.00268860164348,-0.7749122,2026-04-03T18:25:21
99.841138,-14.577059,0.00268827515205,-0.8529529,2026-04-03T18:26:21
100.026927,-14.424023,0.00268791770009,-0.9292716,2026-04-03T18:27:21
100.212447,-14.270812,0.00268753001814,-1.0036693,2026-04-03T18:28:21
100.39767,-14.117414,0.00268711291544,-1.0759549,2026-04-03T18:29:21
100.582568,-13.963817,0.00268666727495,-1.1459507,2026-04-03T18:30:21
100.767117,-13.810009,0.00268619405027,-1.2134806,2026-04-03T18:31:21
100.951291,-13.655979,0.00268569426594,-1.278367,2026-04-03T18:32:21
101.135066,-13.501717,0.00268516901762,-1.3404345,2026-04-03T18:33:21
101.318418,-13.347214,0.0026846194687,-1.399522,2026-04-03T18:34:21
101.501326,-13.192462,0.0026840468447,-1.4554794,2026-04-03T18:35:21
101.683769,-13.037452,0.00268345243003,-1.5081626,2026-04-03T18:36:21
101.865727,-12.882178,0.0026828375659,-1.5574327,2026-04-03T18:37:21
102.047181,-12.726634,0.00268220364779,-1.6031586,2026-04-03T18:38:21
102.228114,-12.570815,0.00268155212178,-1.6452186,2026-04-03T18:39:21
102.40851,-12.414716,0.00268088448165,-1.6834965,2026-04-03T18:40:21
102.588355,-12.258334,0.00268020226649,-1.7178821,2026-04-03T18:41:21
102.767635,-12.101667,0.00267950705903,-1.7482688,2026-04-03T18:42:21
102.946338,-11.944712,0.0026788004816,-1.7745682,2026-04-03T18:43:21
103.124454,-11.787471,0.00267808418872,-1.7967037,2026-04-03T18:44:21
103.301974,-11.629942,0.0026773598666,-1.8145955,2026-04-03T18:45:21
103.47889,-11.472127,0.00267662922997,-1.8281841,2026-04-03T18:46:21
103.655198,-11.314029,0.00267589401483,-1.8374187,2026-04-03T18:47:21
103.830893,-11.155651,0.00267515597692,-1.842254,2026-04-03T18:48:21
104.005972,-10.996997,0.00267441688779,-1.8426562,2026-04-03T18:49:21
104.180435,-10.838073,0.00267367853019,-1.8386036,2026-04-03T18:50:21
104.354283,-10.678885,0.00267294269294,-1.8300872,2026-04-03T18:51:21
104.527518,-10.51944,0.00267221116647,-1.8171086,2026-04-03T18:52:21
104.700145,-10.359748,0.00267148573705,-1.7996878,2026-04-03T18:53:21
104.87217,-10.199818,0.00267076817972,-1.7778583,2026-04-03T18:54:21
105.043601,-10.039659,0.00267006025647,-1.7516513,2026-04-03T18:55:21
105.214448,-9.879285,0.00266936371397,-1.7211162,2026-04-03T18:56:21
105.384722,-9.718707,0.0026686802746,-1.6863215,2026-04-03T18:57:21
105.554435,-9.557938,0.00266801163246,-1.647339,2026-04-03T18:58:21
105.723604,-9.396994,0.00266735945108,-1.6042515,2026-04-03T18:59:21
105.892244,-9.235889,0.00266672535737,-1.5571584,2026-04-03T19:00:21
106.060374,-9.07464,0.00266611093574,-1.506172,2026-04-03T19:01:21
106.228013,-8.913265,0.00266551772306,-1.4514175,2026-04-03T19:02:21
106.395183,-8.75178,0.0026649472026,-1.3930368,2026-04-03T19:03:21
106.561908,-8.590205,0.0026644007991,-1.3311764,2026-04-03T19:04:21
106.728211,-8.428561,0.00266387987805,-1.2659912,2026-04-03T19:05:21
106.89412,-8.266866,0.00266338573702,-1.1976623,2026-04-03T19:06:21
107.05966,-8.105142,0.00266291960054,-1.1263693,2026-04-03T19:07:21
107.224863,-7.943411,0.00266248262089,-1.0522976,2026-04-03T19:08:21
107.389757,-7.781695,0.00266207587109,-0.9756574,2026-04-03T19:09:21
107.554374,-7.620018,0.00266170033702,-0.8966694,2026-04-03T19:10:21
107.718746,-7.458402,0.0026613569161,-0.8155549,2026-04-03T19:11:21
107.882909,-7.296871,0.00266104641431,-0.7325505,2026-04-03T19:12:21
108.046895,-7.13545,0.0026607695399,-0.6479061,2026-04-03T19:13:21
108.210741,-6.974164,0.00266052689893,-0.5618799,2026-04-03T19:14:21
108.374483,-6.813036,0.00266031899385,-0.474729,2026-04-03T19:15:21
108.538159,-6.652092,0.00266014622353,-0.3867165,2026-04-03T19:16:21
108.701804,-6.491356,0.00266000887831,-0.2981178,2026-04-03T19:17:21
108.865459,-6.330855,0.00265990713932,-0.2092012,2026-04-03T19:18:21
109.029159,-6.170611,0.00265984107993,-0.1202368,2026-04-03T19:19:21
109.192945,-6.01065,0.00265981066516,-0.031495,2026-04-03T19:20:21
109.356855,-5.850997,0.00265981575062,0.0567503,2026-04-03T19:21:21
109.520927,-5.691674,0.00265985608586,0.144249,2026-04-03T19:22:21
109.685198,-5.532707,0.00265993132316,0.2307522,2026-04-03T19:23:21
109.849709,-5.374117,0.00266004100101,0.3159416,2026-04-03T19:24:21
110.014495,-5.215929,0.0026601845294,0.3995099,2026-04-03T19:25:21
110.179596,-5.058164,0.00266036120141,0.4811754,2026-04-03T19:26:21
110.345047,-4.900844,0.00266057019758,0.5606574,2026-04-03T19:27:21
110.510885,-4.74399,0.00266081058739,0.6376874,2026-04-03T19:28:21
110.677143,-4.58762,0.00266108134087,0.7120399,2026-04-03T19:29:21
110.843855,-4.431753,0.00266138134152,0.7835025,2026-04-03T19:30:21
111.011054,-4.276408,0.00266170938797,0.8518618,2026-04-03T19:31:21
111.178771,-4.121601,0.00266206419228,0.9169048,2026-04-03T19:32:21
111.347036,-3.967347,0.00266244438338,0.9784275,2026-04-03T19:33:21
111.515877,-3.813661,0.00266284850872,1.0362257,2026-04-03T19:34:21
111.685322,-3.660557,0.00266327503403,1.0901019,2026-04-03T19:35:21
111.855396,-3.508047,0.00266372235338,1.1398987,2026-04-03T19:36:21
112.026122,-3.356142,0.00266418880286,1.1854765,2026-04-03T19:37:21
112.197524,-3.204851,0.00266467266203,1.2266955,2026-04-03T19:38:21
112.369621,-3.054183,0.00266517215711,1.2634306,2026-04-03T19:39:21
112.542431,-2.904145,0.00266568546756,1.2955738,2026-04-03T19:40:21
112.715972,-2.754742,0.00266621073249,1.3230315,2026-04-03T19:41:21
112.890257,-2.60598,0.0026667460575,1.3457307,2026-04-03T19:42:21
113.0653,-2.45786,0.00266728952271,1.3636188,2026-04-03T19:43:21
113.241111,-2.310385,0.00266783919143,1.3766623,2026-04-03T19:44:21
113.417699,-2.163555,0.00266839311644,1.3848418,2026-04-03T19:45:21
113.59507,-2.017368,0.00266894934474,1.388148,2026-04-03T19:46:21
113.77323,-1.871824,0.00266950592357,1.3865938,2026-04-03T19:47:21
113.952181,-1.726916,0.00267006090876,1.3802075,2026-04-03T19:48:21
114.131923,-1.582642,0.00267061237229,1.3690426,2026-04-03T19:49:21
114.312457,-1.438995,0.0026711584101,1.3531586,2026-04-03T19:50:21
114.493777,-1.295967,0.0026716971395,1.3326071,2026-04-03T19:51:21
114.675881,-1.15355,0.00267222670367,1.3074699,2026-04-03T19:52:21
114.858762,-1.011736,0.00267274528427,1.2778524,2026-04-03T19:53:21
115.042411,-0.870512,0.00267325110772,1.2438727,2026-04-03T19:54:21
115.226818,-0.729868,0.0026737424484,1.2056498,2026-04-03T19:55:21
115.411971,-0.589791,0.00267421763116,1.1633209,2026-04-03T19:56:21
115.597858,-0.450267,0.00267467503973,1.1170384,2026-04-03T19:57:21
115.784463,-0.311283,0.00267511311992,1.066962,2026-04-03T19:58:21
115.97177,-0.172822,0.00267553038318,1.0132545,2026-04-03T19:59:21
116.159762,-0.034869,0.00267592540631,0.9560844,2026-04-03T20:00:21
116.348421,0.102593,0.00267629683712,0.8956354,2026-04-03T20:01:21
116.537725,0.239581,0.00267664339876,0.8320991,2026-04-03T20:02:21
116.727655,0.376114,0.00267696389307,0.765677,2026-04-03T20:03:21
116.918186,0.512208,0.00267725720467,0.69658,2026-04-03T20:04:21
117.109298,0.647885,0.00267752230397,0.6250236,2026-04-03T20:05:21
117.300964,0.783163,0.00267775824759,0.5512215,2026-04-03T20:06:21
117.493161,0.918061,0.00267796417709,0.4753846,2026-04-03T20:07:21
117.685862,1.052601,0.00267813931931,0.3977284,2026-04-03T20:08:21
117.879042,1.186801,0.00267828299022,0.3184831,2026-04-03T20:09:21
118.072674,1.320684,0.00267839459967,0.2378822,2026-04-03T20:10:21
118.26673,1.454269,0.00267847364837,0.1561464,2026-04-03T20:11:21
118.461183,1.587577,0.00267851972702,0.0735068,2026-04-03T20:12:21
118.656005,1.72063,0.00267853251945,-0.0098071,2026-04-03T20:13:21
118.851167,1.853448,0.00267851180116,-0.0935648,2026-04-03T20:14:21
119.046641,1.986052,0.00267845744138,-0.1775308,2026-04-03T20:15:21
119.242399,2.118463,0.00267836940301,-0.2614747,2026-04-03T20:16:21
119.438411,2.250702,0.00267824774,-0.3451721,2026-04-03T20:17:21
119.63465,2.382789,0.00267809259587,-0.4284003,2026-04-03T20:18:21
119.831088,2.514743,0.00267790420446,-0.5109291,2026-04-03T20:19:21
120.027695,2.646585,0.00267768289318,-0.5925275,2026-04-03T20:20:21
120.224445,2.778334,0.00267742907686,-0.6729921,2026-04-03T20:21:21
120.42131,2.910009,0.00267714324976,-0.7521224,2026-04-03T20:22:21
120.618262,3.041628,0.00267682598898,-0.829711,2026-04-03T20:23:21
120.815276,3.17321,0.00267647795242,-0.9055606,2026-04-03T20:24:21
121.012326,3.304772,0.00267609987769,-0.979471,2026-04-03T20:25:21
121.209386,3.43633,0.00267569258129,-1.0512515,2026-04-03T20:26:21
121.406431,3.567902,0.00267525695331,-1.120724,2026-04-03T20:27:21
121.603438,3.699503,0.00267479395506,-1.1877102,2026-04-03T20:28:21
121.800383,3.831147,0.00267430461954,-1.2520318,2026-04-03T20:29:21
121.997244,3.962849,0.00267379005057,-1.3135148,2026-04-03T20:30:21
122.193999,4.094623,0.00267325141909,-1.3719999,2026-04-03T20:31:21
122.390628,4.226481,0.00267268995771,-1.4273371,2026-04-03T20:32:21
122.587112,4.358435,0.00267210695791,-1.4793827,2026-04-03T20:33:21
122.78343,4.490495,0.00267150376789,-1.527998,2026-04-03T20:34:21
122.979567,4.622672,0.00267088178985,-1.5730528,2026-04-03T20:35:21
123.175505,4.754975,0.00267024247628,-1.6144257,2026-04-03T20:36:21
123.37123,4.887412,0.00266958732734,-1.6520009,2026-04-03T20:37:21
123.566727,5.01999,0.00266891788827,-1.6856686,2026-04-03T20:38:21
123.761983,5.152715,0.00266823574772,-1.7153233,2026-04-03T20:39:21
123.956987,5.285592,0.00266754253335,-1.7408779,2026-04-03T20:40:21
124.151729,5.418625,0.00266683990493,-1.7622551,2026-04-03T20:41:21
124.346199,5.551817,0.00266612955395,-1.7793765,2026-04-03T20:42:21
124.540391,5.685169,0.00266541319957,-1.7921842,2026-04-03T20:43:21
124.734297,5.818682,0.00266469258211,-1.8006269,2026-04-03T20:44:21
124.927913,5.952355,0.00266396946143,-1.8046607,2026-04-03T20:45:21
125.121236,6.086186,0.00266324561279,-1.8042525,2026-04-03T20:46:21
125.314264,6.220173,0.00266252282236,-1.7993815,2026-04-03T20:47:21
125.506997,6.354309,0.00266180288198,-1.7900395,2026-04-03T20:48:21
125.699436,6.48859,0.00266108758464,-1.7762297,2026-04-03T20:49:21
125.891584,6.623009,0.00266037871868,-1.7579732,2026-04-03T20:50:21
126.083445,6.757558,0.00265967806078,-1.7353037,2026-04-03T20:51:21
126.275026,6.892226,0.0026589873748,-1.7082522,2026-04-03T20:52:21
126.466333,7.027002,0.00265830840876,-1.6768702,2026-04-03T20:53:21
126.657375,7.161876,0.00265764288595,-1.6412261,2026-04-03T20:54:21
126.848164,7.296832,0.0026569925015,-1.6013919,2026-04-03T20:55:21
127.038711,7.431858,0.00265635891961,-1.5574517,2026-04-03T20:56:21
127.229029,7.566935,0.00265574376736,-1.5095061,2026-04-03T20:57:21
127.419135,7.702048,0.00265514862899,-1.4576674,2026-04-03T20:58:21
127.609043,7.837178,0.0026545750412,-1.4020617,2026-04-03T20:59:21
127.798773,7.972304,0.00265402448647,-1.3428325,2026-04-03T21:00:21
127.988344,8.107408,0.00265349838851,-1.2801259,2026-04-03T21:01:21
128.177776,8.242466,0.00265299811182,-1.2140973,2026-04-03T21:02:21
128.367093,8.377456,0.00265252495276,-1.1449277,2026-04-03T21:03:21
128.556316,8.512353,0.00265208013471,-1.0727978,2026-04-03T21:04:21
128.74547,8.647134,0.00265166480808,-0.9978943,2026-04-03T21:05:21
128.934583,8.781771,0.00265128004388,-0.9204272,2026-04-03T21:06:21
129.123679,8.916238,0.00265092682598,-0.8406173,2026-04-03T21:07:21
129.312788,9.050509,0.00265060604962,-0.7586873,2026-04-03T21:08:21
129.501938,9.184553,0.00265031851796,-0.6748745,2026-04-03T21:09:21
129.691159,9.318343,0.00265006493652,-0.5894281,2026-04-03T21:10:21
129.880481,9.451849,0.00264984590901,-0.5026054,2026-04-03T21:11:21
130.069936,9.58504,0.00264966193539,-0.4146656,2026-04-03T21:12:21
130.259555,9.717887,0.00264951341095,-0.325874,2026-04-03T21:13:21
130.449371,9.850358,0.00264940062234,-0.2365038,2026-04-03T21:14:21
130.639416,9.982423,0.00264932374803,-0.1468223,2026-04-03T21:15:21
130.829724,10.114051,0.00264928285848,-0.0571013,2026-04-03T21:16:21
131.020327,10.245211,0.00264927791482,0.0323864,2026-04-03T21:17:21
131.211259,10.375871,0.00264930876812,0.1213659,2026-04-03T21:18:21
131.402553,10.506002,0.00264937516367,0.2095895,2026-04-03T21:19:21
131.594241,10.635573,0.0026494767498,0.2968061,2026-04-03T21:20:21
131.786357,10.764553,0.00264961305989,0.3826957,2026-04-03T21:21:21
131.978934,10.892912,0.00264978349862,0.4669509,2026-04-03T21:22:21
132.172003,11.020621,0.00264998735389,0.5492911,2026-04-03T21:23:21
132.365597,11.147652,0.00265022380168,0.6294367,2026-04-03T21:24:21
132.559745,11.273977,0.00265049190687,0.7071188,2026-04-03T21:25:21
132.754478,11.399568,0.00265079063462,0.7821097,2026-04-03T21:26:21
132.949824,11.524401,0.00265111886267,0.8541971,2026-04-03T21:27:21
133.14581,11.64845,0.00265147538455,0.9231687,2026-04-03T21:28:21
133.342464,11.771693,0.00265185890705,0.988809,2026-04-03T21:29:21
133.539811,11.894106,0.00265226805223,1.0509116,2026-04-03T21:30:21
133.737876,12.015668,0.00265270136081,1.1092724,2026-04-03T21:31:21
133.93668,12.136359,0.00265315729167,1.1636957,2026-04-03T21:32:21
134.136247,12.25616,0.00265363423337,1.2140263,2026-04-03T21:33:21
134.336595,12.375056,0.00265413051612,1.2601218,2026-04-03T21:34:21
134.537743,12.493029,0.00265464441274,1.3018415,2026-04-03T21:35:21
134.739708,12.610066,0.00265517414245,1.3390592,2026-04-03T21:36:21
134.942506,12.726154,0.00265571787761,1.3716677,2026-04-03T21:37:21
135.146148,12.841282,0.00265627375028,1.399573,2026-04-03T21:38:21
135.350648,12.955442,0.00265683985892,1.4227019,2026-04-03T21:39:21
135.556015,13.068626,0.00265741427681,1.4410033,2026-04-03T21:40:21
135.762258,13.180827,0.00265799506056,1.4544433,2026-04-03T21:41:21
135.969382,13.292043,0.00265858025627,1.4630025,2026-04-03T21:42:21
136.177393,13.40227,0.00265916790407,1.4666714,2026-04-03T21:43:21
136.386293,13.511507,0.00265975604475,1.4654642,2026-04-03T21:44:21
136.596084,13.619756,0.00266034272777,1.4594091,2026-04-03T21:45:21
136.806764,13.727019,0.00266092601894,1.4485604,2026-04-03T21:46:21
137.018332,13.833299,0.00266150400822,1.4329778,2026-04-03T21:47:21
137.230783,13.938604,0.00266207480703,1.4127128,2026-04-03T21:48:21
137.444111,14.042938,0.00266263655263,1.3878482,2026-04-03T21:49:21
137.658311,14.146312,0.00266318742159,1.3584913,2026-04-03T21:50:21
137.873372,14.248735,0.0026637256355,1.3247596,2026-04-03T21:51:21
138.089285,14.350219,0.00266424946371,1.2867735,2026-04-03T21:52:21
138.306038,14.450777,0.00266475722729,1.2446728,2026-04-03T21:53:21
138.523618,14.550423,0.00266524730622,1.1986085,2026-04-03T21:54:21
138.742011,14.649171,0.00266571814257,1.1487422,2026-04-03T21:55:21
138.9612,14.74704,0.00266616824484,1.0952374,2026-04-03T21:56:21
139.181169,14.844046,0.00266659618695,1.0382635,2026-04-03T21:57:21
139.4019,14.940208,0.00266700061437,0.9780054,2026-04-03T21:58:21
139.623374,15.035546,0.00266738024847,0.9146566,2026-04-03T21:59:21
139.845571,15.13008,0.00266773388977,0.8484185,2026-04-03T22:00:21
140.068471,15.223833,0.00266806042187,0.7795046,2026-04-03T22:01:21
140.29205,15.316826,0.00266835881565,0.708134,2026-04-03T22:02:21
140.516288,15.409082,0.00266862812846,0.6345177,2026-04-03T22:03:21
140.741161,15.500626,0.00266886750144,0.5588659,2026-04-03T22:04:21
140.966644,15.591481,0.00266907616218,0.4813994,2026-04-03T22:05:21
141.192715,15.681673,0.00266925342953,0.4023534,2026-04-03T22:06:21
141.419348,15.771225,0.00266939871735,0.3219604,2026-04-03T22:07:21
141.646518,15.860165,0.00266951152846,0.2404355,2026-04-03T22:08:21
141.8742,15.948518,0.00266959145535,0.1580136,2026-04-03T22:09:21
142.102368,16.03631,0.0026696381854,0.0749277,2026-04-03T22:10:21
142.330997,16.123568,0.00266965149826,-0.0085923,2026-04-03T22:11:21
142.560061,16.210317,0.00266963126651,-0.0923133,2026-04-03T22:12:21
142.789534,16.296585,0.00266957745605,-0.1760037,2026-04-03T22:13:21
143.01939,16.382398,0.00266949012515,-0.2594348,2026-04-03T22:14:21
143.249604,16.467782,0.0026693694226,-0.3423834,2026-04-03T22:15:21
143.480149,16.552763,0.00266921558803,-0.4246171,2026-04-03T22:16:21
143.711002,16.637368,0.0026690289549,-0.5059064,2026-04-03T22:17:21
143.942136,16.721621,0.00266880994316,-0.5860495,2026-04-03T22:18:21
144.173528,16.805549,0.00266855905264,-0.6648433,2026-04-03T22:19:21
144.405153,16.889174,0.00266827686616,-0.7420822,2026-04-03T22:20:21
144.636987,16.972523,0.00266796404692,-0.8175682,2026-04-03T22:21:21
144.869008,17.055618,0.00266762133829,-0.8911004,2026-04-03T22:22:21
145.101194,17.138483,0.00266724956241,-0.9624894,2026-04-03T22:23:21
145.333521,17.22114,0.0026668496147,-1.0315566,2026-04-03T22:24:21
145.565968,17.303611,0.00266642246261,-1.0981208,2026-04-03T22:25:21
145.798516,17.385917,0.00266596914588,-1.1620038,2026-04-03T22:26:21
146.031145,17.468078,0.00266549077469,-1.2230334,2026-04-03T22:27:21
146.263834,17.550113,0.00266498852571,-1.281051,2026-04-03T22:28:21
146.496566,17.63204,0.00266446363706,-1.3359072,2026-04-03T22:29:21
146.729323,17.713877,0.00266391740572,-1.387458,2026-04-03T22:30:21
146.96209,17.79564,0.00266335118531,-1.4355651,2026-04-03T22:31:21
147.194849,17.877344,0.00266276638323,-1.4800994,2026-04-03T22:32:21
147.427588,17.959004,0.00266216445689,-1.5209395,2026-04-03T22:33:21
147.660291,18.040632,0.00266154691131,-1.5579699,2026-04-03T22:34:21
147.892947,18.122239,0.00266091529645,-1.5910813,2026-04-03T22:35:21
148.125543,18.203837,0.00266027120541,-1.620169,2026-04-03T22:36:21
148.358069,18.285435,0.00265961626987,-1.6451471,2026-04-03T22:37:21
148.590516,18.367039,0.00265895215357,-1.6659375,2026-04-03T22:38:21
148.822875,18.448658,0.00265828055193,-1.6824633,2026-04-03T22:39:21
149.055139,18.530295,0.00265760318728,-1.6946676,2026-04-03T22:40:21
149.287301,18.611954,0.00265692180311,-1.7024993,2026-04-03T22:41:21
149.519358,18.693637,0.00265623816219,-1.7059152,2026-04-03T22:42:21
149.751304,18.775345,0.00265555404237,-1.7048829,2026-04-03T22:43:21
149.983137,18.857076,0.00265487123216,-1.6993824,2026-04-03T22:44:21
150.214856,18.938827,0.0026541915254,-1.6894065,2026-04-03T22:45:21
150.446461,19.020594,0.00265351671667,-1.6749592,2026-04-03T22:46:21
150.677952,19.102372,0.00265284859543,-1.6560632,2026-04-03T22:47:21
150.909331,19.184152,0.00265218893916,-1.6327517,2026-04-03T22:48:21
151.140603,19.265925,0.00265153951276,-1.6050561,2026-04-03T22:49:21
151.371771,19.34768,0.00265090206471,-1.5730295,2026-04-03T22:50:21
151.60284,19.429404,0.00265027831857,-1.5367399,2026-04-03T22:51:21
151.833819,19.511083,0.00264966996982,-1.4962597,2026-04-03T22:52:21
152.064714,19.592701,0.0026490786826,-1.4516742,2026-04-03T22:53:21
152.295535,19.674241,0.00264850608349,-1.4030848,2026-04-03T22:54:21
152.526292,19.755683,0.00264795375617,-1.3506035,2026-04-03T22:55:21
152.756996,19.837006,0.00264742323674,-1.2943576,2026-04-03T22:56:21
152.987659,19.918188,0.00264691600631,-1.234492,2026-04-03T22:57:21
153.218294,19.999205,0.00264643348718,-1.1711524,2026-04-03T22:58:21
153.448916,20.080031,0.00264597704231,-1.1044951,2026-04-03T22:59:21
153.679541,20.16064,0.00264554796647,-1.0347001,2026-04-03T23:00:21
153.910183,20.241003,0.00264514748164,-0.9619491,2026-04-03T23:01:21
154.140859,20.32109,0.00264477673608,-0.8864309,2026-04-03T23:02:21
154.371588,20.400871,0.00264443679804,-0.8083555,2026-04-03T23:03:21
154.602388,20.480314,0.00264412864936,-0.7279416,2026-04-03T23:04:21
154.833277,20.559386,0.00264385318316,-0.6454146,2026-04-03T23:05:21
155.064275,20.638051,0.00264361119945,-0.5610125,2026-04-03T23:06:21
155.295402,20.716275,0.00264340340087,-0.4749834,2026-04-03T23:07:21
155.526679,20.794022,0.0026432303887,-0.3875839,2026-04-03T23:08:21
155.758126,20.871255,0.00264309266024,-0.299075,2026-04-03T23:09:21
155.989765,20.947936,0.00264299060729,-0.2097235,2026-04-03T23:10:21
156.221617,21.024029,0.00264292451333,-0.1197997,2026-04-03T23:11:21
156.453704,21.099494,0.00264289455433,-0.0295712,2026-04-03T23:12:21
156.686047,21.174292,0.00264290079766,0.0606871,2026-04-03T23:13:21
156.918667,21.248387,0.00264294319957,0.1506983,2026-04-03T23:14:21
157.151587,21.321738,0.00264302160599,0.2401901,2026-04-03T23:15:21
157.384827,21.394307,0.00264313575834,0.3289172,2026-04-03T23:16:21
157.618409,21.466057,0.00264328530061,0.4166242,2026-04-03T23:17:21
157.852353,21.536949,0.00264346976098,0.5029919,2026-04-03T23:18:21
158.08668,21.606946,0.0026436885391,0.5877125,2026-04-03T23:19:21
158.32141,21.676009,0.00264394091809,0.6705067,2026-04-03T23:20:21
158.556561,21.744103,0.00264422606936,0.7510949,2026-04-03T23:21:21
158.792153,21.811193,0.00264454305313,0.8292083,2026-04-03T23:22:21
159.028203,21.877245,0.00264489083024,0.9046191,2026-04-03T23:23:21
159.264728,21.942225,0.00264526827365,0.9771151,2026-04-03T23:24:21
159.501743,22.006103,0.00264567417218,1.0464825,2026-04-03T23:25:21
159.739263,22.068848,0.00264610722719,1.1125032,2026-04-03T23:26:21
159.977303,22.13043,0.00264656605394,1.1749696,2026-04-03T23:27:21
160.215875,22.190823,0.00264704918668,1.2336774,2026-04-03T23:28:21
160.454992,22.25,0.00264755507777,1.2884334,2026-04-03T23:29:21
160.694663,22.307937,0.00264808211061,1.3390837,2026-04-03T23:30:21
160.934899,22.364613,0.0026486286095,1.385483,2026-04-03T23:31:21
161.175708,22.420006,0.00264919284083,1.4274899,2026-04-03T23:32:21
161.417096,22.474099,0.00264977301695,1.4649777,2026-04-03T23:33:21
161.65907,22.526874,0.00265036730348,1.4978397,2026-04-03T23:34:21
161.901634,22.578318,0.0026509738257,1.5259811,2026-04-03T23:35:21
162.144792,22.628418,0.00265159067517,1.5493293,2026-04-03T23:36:21
162.388545,22.677164,0.00265221591868,1.5678342,2026-04-03T23:37:21
162.632893,22.724548,0.0026528476064,1.5814616,2026-04-03T23:38:21
162.877837,22.770564,0.00265348377797,1.5901918,2026-04-03T23:39:21
163.123374,22.815208,0.00265412246695,1.5940157,2026-04-03T23:40:21
163.369502,22.85848,0.00265476170793,1.5929483,2026-04-03T23:41:21
163.616215,22.900378,0.00265539954428,1.5870179,2026-04-03T23:42:21
163.863508,22.940907,0.00265603403584,1.5762792,2026-04-03T23:43:21
164.111375,22.980071,0.00265666326677,1.5607926,2026-04-03T23:44:21
164.359806,23.017877,0.00265728534281,1.5406087,2026-04-03T23:45:21
164.608795,23.054332,0.00265789839552,1.5158123,2026-04-03T23:46:21
164.858329,23.089449,0.00265850059661,1.486512,2026-04-03T23:47:21
165.108399,23.123239,0.00265909016282,1.452824,2026-04-03T23:48:21
165.358993,23.155717,0.00265966535869,1.4148715,2026-04-03T23:49:21
165.610097,23.186899,0.00266022450169,1.3727955,2026-04-03T23:50:21
165.861698,23.216803,0.00266076596784,1.3267452,2026-04-03T23:51:21
166.113782,23.245449,0.00266128819534,1.2768846,2026-04-03T23:52:21
166.366333,23.272857,0.00266178968956,1.2233783,2026-04-03T23:53:21
166.619334,23.299051,0.00266226902187,1.1663971,2026-04-03T23:54:21
166.872771,23.324055,0.00266272483558,1.1061269,2026-04-03T23:55:21
167.126625,23.347893,0.00266315585033,1.0427619,2026-04-03T23:56:21
167.380879,23.370592,0.0026635608651,0.9765041,2026-04-03T23:57:21
167.635515,23.39218,0.00266393876246,0.9075694,2026-04-03T23:58:21
167.890514,23.412686,0.00266428851338,0.8361789,2026-04-03T23:59:21
168.145858,23.43214,0.00266460917521,0.7625413,2026-04-04T00:00:21
168.401528,23.450572,0.00266489988853,0.686868,2026-04-04T00:01:21
168.657504,23.468014,0.00266515988181,0.6093849,2026-04-04T00:02:21
168.913768,23.484498,0.00266538847663,0.5303299,2026-04-04T00:03:21
169.170299,23.500056,0.00266558508948,0.4499326,2026-04-04T00:04:21
169.427078,23.514722,0.00266574922455,0.3684069,2026-04-04T00:05:21
169.684085,23.52853,0.00266588047647,0.2859915,2026-04-04T00:06:21
169.941302,23.541514,0.0026659785361,0.2029217,2026-04-04T00:07:21
170.198709,23.553707,0.00266604318689,0.1194269,2026-04-04T00:08:21
170.456286,23.565145,0.0026660743049,0.0357392,2026-04-04T00:09:21
170.714015,23.575863,0.00266607185922,-0.0479095,2026-04-04T00:10:21
170.971876,23.585894,0.00266603591181,-0.1312891,2026-04-04T00:11:21
171.229852,23.595273,0.00266596661564,-0.2141747,2026-04-04T00:12:21
171.487923,23.604035,0.00266586421549,-0.2963319,2026-04-04T00:13:21
171.746072,23.612213,0.00266572904986,-0.3775334,2026-04-04T00:14:21
172.004282,23.619842,0.00266556154314,-0.4575767,2026-04-04T00:15:21
172.262536,23.626954,0.00266536220051,-0.5362572,2026-04-04T00:16:21
172.520816,23.633581,0.00266513160971,-0.6133712,2026-04-04T00:17:21
172.779106,23.639757,0.00266487043887,-0.6887192,2026-04-04T00:18:21
173.037391,23.645512,0.00266457943677,-0.7621,2026-04-04T00:19:21
173.295656,23.650877,0.0026642594306,-0.8333257,2026-04-04T00:20:21
173.553886,23.655883,0.00266391132067,-0.9022164,2026-04-04T00:21:21
173.812067,23.660557,0.00266353608021,-0.9685889,2026-04-04T00:22:21
174.070184,23.664928,0.0026631347551,-1.0322651,2026-04-04T00:23:21
174.328225,23.669024,0.00266270846121,-1.0930747,2026-04-04T00:24:21
174.586178,23.672871,0.00266225838031,-1.1508596,2026-04-04T00:25:21
174.84403,23.676492,0.00266178575568,-1.2054704,2026-04-04T00:26:21
175.101771,23.679912,0.00266129188931,-1.2567634,2026-04-04T00:27:21
175.359389,23.683154,0.00266077813979,-1.3046004,2026-04-04T00:28:21
175.616874,23.686238,0.00266024591924,-1.3488532,2026-04-04T00:29:21
175.874218,23.689185,0.0026596966896,-1.3894005,2026-04-04T00:30:21
176.13141,23.692012,0.00265913196035,-1.4261274,2026-04-04T00:31:21
176.388443,23.694736,0.00265855328569,-1.4589247,2026-04-04T00:32:21
176.64531,23.697374,0.00265796226282,-1.4876888,2026-04-04T00:33:21
176.902002,23.699939,0.00265736052699,-1.5123345,2026-04-04T00:34:21
177.158515,23.702442,0.00265674974561,-1.5327831,2026-04-04T00:35:21
177.414841,23.704895,0.00265613161757,-1.5489595,2026-04-04T00:36:21
177.670976,23.707306,0.00265550786802,-1.5608076,2026-04-04T00:37:21
177.926916,23.709683,0.00265488024325,-1.5682762,2026-04-04T00:38:21
178.182656,23.712031,0.00265425050856,-1.5713231,2026-04-04T00:39:21
178.438192,23.714352,0.00265362044399,-1.5699167,2026-04-04T00:40:21
178.693522,23.71665,0.00265299184001,-1.5640376,2026-04-04T00:41:21
178.948644,23.718922,0.00265236649207,-1.5536795,2026-04-04T00:42:21
179.203556,23.721167,0.00265174619591,-1.5388478,2026-04-04T00:43:21
179.458257,23.723382,0.00265113274171,-1.5195661,2026-04-04T00:44:21
179.712745,23.725558,0.00265052790743,-1.4958673,2026-04-04T00:45:21
179.967022,23.727689,0.0026499334585,-1.4677839,2026-04-04T00:46:21
180.221086,23.729765,0.00264935114341,-1.4353698,2026-04-04T00:47:21
180.474939,23.731773,0.00264878268556,-1.3986928,2026-04-04T00:48:21
180.728582,23.7337,0.00264822978036,-1.357826,2026-04-04T00:49:21
180.982017,23.735529,0.00264769409128,-1.3128562,2026-04-04T00:50:21
181.235245,23.737243,0.00264717724386,-1.2638852,2026-04-04T00:51:21
181.488269,23.738822,0.0026466808208,-1.2110246,2026-04-04T00:52:21
181.741091,23.740245,0.002646206357,-1.1544033,2026-04-04T00:53:21
181.993715,23.741488,0.00264575533167,-1.0941674,2026-04-04T00:54:21
182.246144,23.742526,0.00264532916524,-1.0304622,2026-04-04T00:55:21
182.498381,23.743333,0.00264492921834,-0.9634459,2026-04-04T00:56:21
182.75043,23.743879,0.00264455678325,-0.8932975,2026-04-04T00:57:21
183.002295,23.744135,0.00264421307979,-0.8201988,2026-04-04T00:58:21
183.253981,23.74407,0.00264389925334,-0.7443415,2026-04-04T00:59:21
183.505492,23.743649,0.00264361636862,-0.6659353,2026-04-04T01:00:21
183.756832,23.742839,0.00264336540479,-0.5851963,2026-04-04T01:01:21
184.008006,23.741604,0.00264314725185,-0.5023541,2026-04-04T01:02:21
184.259019,23.739907,0.00264296270578,-0.4176465,2026-04-04T01:03:21
184.509874,23.73771,0.00264281246562,-0.3313201,2026-04-04T01:04:21
184.760577,23.734975,0.00264269712956,-0.243631,2026-04-04T01:05:21
185.011132,23.731661,0.00264261719141,-0.1548423,2026-04-04T01:06:21
185.261544,23.727729,0.00264257303888,-0.0652211,2026-04-04T01:07:21
185.511816,23.723138,0.00264256495165,0.0249634,2026-04-04T01:08:21
185.761955,23.717846,0.00264259310204,0.1154434,2026-04-04T01:09:21
186.011962,23.711812,0.00264265755339,0.2059413,2026-04-04T01:10:21
186.261843,23.704995,0.00264275825592,0.296175,2026-04-04T01:11:21
186.511602,23.697353,0.00264289504937,0.3858762,2026-04-04T01:12:21
186.761242,23.688844,0.00264306767008,0.474799,2026-04-04T01:13:21
187.010766,23.679429,0.00264327575564,0.5626842,2026-04-04T01:14:21
187.260178,23.669066,0.00264351882785,0.6492161,2026-04-04T01:15:21
187.50948,23.657714,0.00264379628079,0.7340869,2026-04-04T01:16:21
187.758676,23.645335,0.00264410739202,0.8170175,2026-04-04T01:17:21
188.007766,23.631889,0.00264445132729,0.8977275,2026-04-04T01:18:21
188.256754,23.61734,0.00264482714129,0.9759505,2026-04-04T01:19:21
188.505639,23.601652,0.00264523379039,1.0514601,2026-04-04T01:20:21
188.754424,23.58479,0.00264567014327,1.1240438,2026-04-04T01:21:21
189.003108,23.566721,0.00264613498327,1.1934833,2026-04-04T01:22:21
189.251692,23.547415,0.00264662700514,1.2595579,2026-04-04T01:23:21
189.500176,23.526839,0.00264714481674,1.3220607,2026-04-04T01:24:21
189.748559,23.504968,0.00264768694514,1.3807861,2026-04-04T01:25:21
189.996841,23.481774,0.00264825183579,1.4355448,2026-04-04T01:26:21
190.24502,23.457234,0.00264883786641,1.4861833,2026-04-04T01:27:21
190.493094,23.431324,0.00264944335495,1.5325538,2026-04-04T01:28:21
190.741063,23.404026,0.00265006656085,1.5745143,2026-04-04T01:29:21
190.988922,23.375322,0.00265070568934,1.611938,2026-04-04T01:30:21
191.23667,23.345196,0.00265135889912,1.6447189,2026-04-04T01:31:21
191.484304,23.313634,0.00265202430847,1.6727615,2026-04-04T01:32:21
191.731819,23.280628,0.00265270000195,1.6959939,2026-04-04T01:33:21
191.979214,23.246168,0.00265338403982,1.7143669,2026-04-04T01:34:21
192.226483,23.210248,0.00265407446582,1.7278466,2026-04-04T01:35:21
192.473623,23.172865,0.00265476931317,1.7364128,2026-04-04T01:36:21
192.720629,23.134019,0.00265546660895,1.740057,2026-04-04T01:37:21
192.967497,23.09371,0.00265616438173,1.7387953,2026-04-04T01:38:21
193.214222,23.051943,0.00265686066901,1.7326559,2026-04-04T01:39:21
193.460799,23.008725,0.00265755352487,1.7216943,2026-04-04T01:40:21
193.707222,22.964063,0.002658241028,1.7059714,2026-04-04T01:41:21
193.953487,22.917968,0.00265892127872,1.6855373,2026-04-04T01:42:21
194.199588,22.870453,0.00265959240332,1.660479,2026-04-04T01:43:21
194.44552,22.821534,0.00266025256916,1.630906,2026-04-04T01:44:21
194.691277,22.771228,0.00266089998846,1.5969339,2026-04-04T01:45:21
194.936853,22.719553,0.00266153292159,1.5586884,2026-04-04T01:46:21
195.182244,22.666532,0.00266214968283,1.5163114,2026-04-04T01:47:21
195.427443,22.612187,0.00266274864457,1.4699503,2026-04-04T01:48:21
195.672446,22.556544,0.00266332824136,1.419771,2026-04-04T01:49:21
195.917246,22.499628,0.00266388697599,1.3659412,2026-04-04T01:50:21
196.161838,22.441469,0.00266442341844,1.3086336,2026-04-04T01:51:21
196.406218,22.382095,0.00266493621073,1.2480337,2026-04-04T01:52:21
196.650379,22.321538,0.00266542407137,1.1843365,2026-04-04T01:53:21
196.894317,22.25983,0.00266588579844,1.1177448,2026-04-04T01:54:21
197.138027,22.197006,0.00266632027422,1.0484763,2026-04-04T01:55:21
197.381504,22.133098,0.00266672646976,0.9767521,2026-04-04T01:56:21
197.624744,22.068145,0.0026671034425,0.902782,2026-04-04T01:57:21
197.867742,22.00218,0.00266745033437,0.8267812,2026-04-04T01:58:21
198.110494,21.935244,0.00266776637606,0.7489765,2026-04-04T01:59:21
198.352997,21.867372,0.00266805089148,0.6696052,2026-04-04T02:00:21
198.595245,21.798604,0.00266830329881,0.5888953,2026-04-04T02:01:21
198.837237,21.728979,0.00266852310459,0.5070659,2026-04-04T02:02:21
199.078969,21.658537,0.00266870990776,0.424358,2026-04-04T02:03:21
199.320437,21.587317,0.00266886340353,0.3410065,2026-04-04T02:04:21
199.561639,21.515359,0.00266898337977,0.2572411,2026-04-04T02:05:21
199.802572,21.442703,0.00266906971692,0.1732937,2026-04-04T02:06:21
200.043234,21.36939,0.00266912238846,0.089396,2026-04-04T02:07:21
200.283623,21.295459,0.0026691414605,0.0057778,2026-04-04T02:08:21
200.523737,21.22095,0.00266912709081,-0.0773324,2026-04-04T02:09:21
200.763575,21.145902,0.00266907953004,-0.1597,2026-04-04T02:10:21
201.003135,21.070355,0.00266899912179,-0.2411004,2026-04-04T02:11:21
201.242416,20.994347,0.00266888629552,-0.321328,2026-04-04T02:12:21
201.481417,20.917915,0.00266874156261,-0.4001777,2026-04-04T02:13:21
201.720137,20.841098,0.0026685655163,-0.4774476,2026-04-04T02:14:21
201.958576,20.763931,0.00266835883051,-0.5529362,2026-04-04T02:15:21
202.196733,20.68645,0.00266812226007,-0.626443,2026-04-04T02:16:21
202.434609,20.608691,0.00266785663781,-0.697781,2026-04-04T02:17:21
202.672203,20.530687,0.00266756286984,-0.7667684,2026-04-04T02:18:21
202.909516,20.452471,0.00266724193601,-0.8332206,2026-04-04T02:19:21
203.146547,20.374076,0.00266689488889,-0.8969604,2026-04-04T02:20:21
203.383297,20.295531,0.00266652285051,-0.9578188,2026-04-04T02:21:21
203.619766,20.216867,0.00266612700851,-1.0156379,2026-04-04T02:22:21
203.855956,20.138111,0.00266570861197,-1.0702686,2026-04-04T02:23:21
204.091866,20.059291,0.00266526896854,-1.1215674,2026-04-04T02:24:21
204.327498,19.980432,0.00266480944242,-1.1693966,2026-04-04T02:25:21
204.562852,19.901558,0.00266433145107,-1.2136286,2026-04-04T02:26:21
204.797929,19.822691,0.00266383646157,-1.2541424,2026-04-04T02:27:21
205.032729,19.743854,0.00266332598843,-1.2908233,2026-04-04T02:28:21
205.267254,19.665065,0.00266280159067,-1.323563,2026-04-04T02:29:21
205.501504,19.586342,0.00266226487002,-1.3522587,2026-04-04T02:30:21
205.73548,19.507701,0.00266171746592,-1.3768258,2026-04-04T02:31:21
205.969183,19.429157,0.00266116104993,-1.3971854,2026-04-04T02:32:21
206.202612,19.350722,0.00266059732481,-1.4132641,2026-04-04T02:33:21
206.435769,19.272407,0.00266002801893,-1.4250065,2026-04-04T02:34:21
206.668654,19.194221,0.00265945488178,-1.4323618,2026-04-04T02:35:21
206.901267,19.116172,0.00265887968145,-1.4352891,2026-04-04T02:36:21
207.133608,19.038264,0.00265830420046,-1.433757,2026-04-04T02:37:21
207.365676,18.9605,0.00265773023147,-1.4277474,2026-04-04T02:38:21
207.597472,18.882882,0.00265715957167,-1.417255,2026-04-04T02:39:21
207.828994,18.805409,0.00265659401808,-1.4022864,2026-04-04T02:40:21
208.060242,18.728078,0.00265603536159,-1.3828666,2026-04-04T02:41:21
208.291215,18.650884,0.00265548538069,-1.3590282,2026-04-04T02:42:21
208.521912,18.573821,0.00265494584122,-1.330805,2026-04-04T02:43:21
208.75233,18.496879,0.00265441849145,-1.298252,2026-04-04T02:44:21
208.982468,18.420049,0.00265390505454,-1.2614367,2026-04-04T02:45:21
209.212323,18.343317,0.00265340722541,-1.2204333,2026-04-04T02:46:21
209.441894,18.266669,0.00265292666648,-1.1753305,2026-04-04T02:47:21
209.671177,18.190088,0.00265246500174,-1.1262303,2026-04-04T02:48:21
209.900169,18.113556,0.00265202381246,-1.0732443,2026-04-04T02:49:21
210.128867,18.037052,0.00265160463155,-1.0165035,2026-04-04T02:50:21
210.357266,17.960554,0.00265120893577,-0.9561541,2026-04-04T02:51:21
210.585364,17.884038,0.00265083814315,-0.8923421,2026-04-04T02:52:21
210.813154,17.807478,0.00265049361094,-0.8252287,2026-04-04T02:53:21
211.040634,17.730847,0.00265017662766,-0.7549917,2026-04-04T02:54:21
211.267796,17.654117,0.0026498884099,-0.6818127,2026-04-04T02:55:21
211.494637,17.577257,0.00264963009926,-0.6058858,2026-04-04T02:56:21
211.721149,17.500235,0.00264940275603,-0.5274205,2026-04-04T02:57:21
211.947328,17.423017,0.00264920735533,-0.446633,2026-04-04T02:58:21
212.173166,17.34557,0.00264904478226,-0.3637556,2026-04-04T02:59:21
212.398658,17.267858,0.00264891582759,-0.2790254,2026-04-04T03:00:21
212.623795,17.189845,0.00264882118547,-0.192688,2026-04-04T03:01:21
212.848572,17.111493,0.00264876144947,-0.1049999,2026-04-04T03:02:21
213.07298,17.032763,0.00264873710826,-0.0162253,2026-04-04T03:03:21
213.297011,16.953618,0.00264874854444,0.073369,2026-04-04T03:04:21
213.520659,16.874018,0.00264879603231,0.1635128,2026-04-04T03:05:21
213.743914,16.793924,0.00264887973896,0.25394,2026-04-04T03:06:21
213.966769,16.713294,0.00264899972243,0.3443693,2026-04-04T03:07:21
214.189216,16.632091,0.00264915592543,0.434514,2026-04-04T03:08:21
214.411247,16.550273,0.00264934817995,0.5241082,2026-04-04T03:09:21
214.632853,16.467802,0.00264957621463,0.6129024,2026-04-04T03:10:21
214.854027,16.384637,0.00264983965762,0.7006352,2026-04-04T03:11:21
215.07476,16.300741,0.00265013802245,0.7869971,2026-04-04T03:12:21
215.295045,16.216074,0.00265047069626,0.87168,2026-04-04T03:13:21
215.514872,16.130599,0.0026508369493,0.9544045,2026-04-04T03:14:21
215.734235,16.044279,0.00265123594001,1.0348904,2026-04-04T03:15:21
215.953125,15.957079,0.00265166671655,1.1128755,2026-04-04T03:16:21
216.171534,15.868965,0.00265212823052,1.1881361,2026-04-04T03:17:21
216.389455,15.779905,0.0026526193457,1.2604561,2026-04-04T03:18:21
216.606882,15.689867,0.0026531388383,1.3296123,2026-04-04T03:19:21
216.823806,15.598821,0.00265368539485,1.3953825,2026-04-04T03:20:21
217.040223,15.506741,0.00265425761501,1.4575605,2026-04-04T03:21:21
217.256125,15.413599,0.00265485401721,1.5159394,2026-04-04T03:22:21
217.471508,15.31937,0.00265547303915,1.5703349,2026-04-04T03:23:21
217.686366,15.224034,0.00265611305213,1.6205935,2026-04-04T03:24:21
217.900694,15.127569,0.00265677236686,1.6665652,2026-04-04T03:25:21
218.114488,15.029957,0.00265744923511,1.7081075,2026-04-04T03:26:21
218.327744,14.931183,0.00265814185445,1.7450944,2026-04-04T03:27:21
218.540459,14.831232,0.0026588483763,1.7774205,2026-04-04T03:28:21
218.75263,14.730093,0.00265956691159,1.8049899,2026-04-04T03:29:21
218.964255,14.627757,0.00266029553767,1.8277319,2026-04-04T03:30:21
219.175333,14.524217,0.00266103230827,1.8455984,2026-04-04T03:31:21
219.385862,14.419469,0.00266177526061,1.8585556,2026-04-04T03:32:21
219.595843,14.313511,0.00266252242163,1.8665837,2026-04-04T03:33:21
219.805275,14.206344,0.00266327181213,1.8696747,2026-04-04T03:34:21
220.01416,14.097969,0.00266402145501,1.8678459,2026-04-04T03:35:21
220.222499,13.988392,0.00266476938228,1.8611261,2026-04-04T03:36:21
220.430294,13.877621,0.00266551364277,1.8495714,2026-04-04T03:37:21
220.637548,13.765664,0.00266625231029,1.8332437,2026-04-04T03:38:21
220.844263,13.652534,0.00266698348033,1.8121923,2026-04-04T03:39:21
221.050445,13.538243,0.0026677052748,1.7865076,2026-04-04T03:40:21
221.256097,13.422809,0.00266841585752,1.7562994,2026-04-04T03:41:21
221.461225,13.306248,0.00266911343712,1.7216831,2026-04-04T03:42:21
221.665834,13.18858,0.00266979627093,1.6827873,2026-04-04T03:43:21
221.86993,13.069827,0.0026704626709,1.6397539,2026-04-04T03:44:21
222.073521,12.950013,0.00267111100665,1.5927291,2026-04-04T03:45:21
222.276613,12.829162,0.00267173971014,1.5418807,2026-04-04T03:46:21
222.479214,12.707301,0.00267234728289,1.4873816,2026-04-04T03:47:21
222.681333,12.584458,0.00267293229528,1.4294053,2026-04-04T03:48:21
222.882977,12.460662,0.00267349338941,1.3681371,2026-04-04T03:49:21
223.084157,12.335945,0.00267402928401,1.3037724,2026-04-04T03:50:21
223.284881,12.210339,0.00267453877771,1.2365153,2026-04-04T03:51:21
223.48516,12.083876,0.00267502075387,1.1665839,2026-04-04T03:52:21
223.685004,11.956591,0.00267547418427,1.0941987,2026-04-04T03:53:21
223.884424,11.828519,0.00267589812815,1.0195757,2026-04-04T03:54:21
224.08343,11.699695,0.00267629173183,0.9429339,2026-04-04T03:55:21
224.282034,11.570157,0.00267665423,0.864496,2026-04-04T03:56:21
224.480247,11.439941,0.00267698494899,0.7844959,2026-04-04T03:57:21
224.678081,11.309085,0.00267728330883,0.7031642,2026-04-04T03:58:21
224.875548,11.177628,0.00267754882096,0.6207298,2026-04-04T03:59:21
225.07266,11.045606,0.00267778109119,0.5374327,2026-04-04T04:00:21
225.269429,10.91306,0.0026779798206,0.4535061,2026-04-04T04:01:21
225.465868,10.780028,0.00267814480274,0.3691803,2026-04-04T04:02:21
225.66199,10.646549,0.0026782759243,0.2846887,2026-04-04T04:03:21
225.857806,10.51266,0.00267837316514,0.2002618,2026-04-04T04:04:21
226.05333,10.378402,0.0026784365971,0.1161289,2026-04-04T04:05:21
226.248573,10.243811,0.00267846638452,0.0325222,2026-04-04T04:06:21
226.443549,10.108927,0.0026784627853,-0.050325,2026-04-04T04:07:21
226.638271,9.973786,0.00267842614924,-0.1321901,2026-04-04T04:08:21
226.83275,9.838426,0.00267835691256,-0.212863,2026-04-04T04:09:21
227.026998,9.702882,0.00267825559453,-0.2921395,2026-04-04T04:10:21
227.221029,9.567191,0.00267812279552,-0.3698184,2026-04-04T04:11:21
227.414853,9.431388,0.00267795919677,-0.4456973,2026-04-04T04:12:21
227.608483,9.295506,0.00267776556056,-0.5195762,2026-04-04T04:13:21
227.80193,9.15958,0.0026775427269,-0.5912683,2026-04-04T04:14:21
227.995205,9.023641,0.0026772916095,-0.6605898,2026-04-04T04:15:21
228.188321,8.887721,0.00267701319639,-0.7273557,2026-04-04T04:16:21
228.381286,8.751851,0.00267670854817,-0.7913897,2026-04-04T04:17:21
228.574112,8.616059,0.00267637879442,-0.852524,2026-04-04T04:18:21
228.766808,8.480374,0.00267602513012,-0.9106007,2026-04-04T04:19:21
228.959385,8.344823,0.00267564881155,-0.9654714,2026-04-04T04:20:21
229.151851,8.209431,0.0026752511534,-1.0169926,2026-04-04T04:21:21
229.344215,8.074222,0.00267483352681,-1.0650272,2026-04-04T04:22:21
229.536485,7.93922,0.00267439735581,-1.1094487,2026-04-04T04:23:21
229.72867,7.804445,0.0026739441139,-1.1501361,2026-04-04T04:24:21
229.920776,7.669918,0.0026734753218,-1.1869755,2026-04-04T04:25:21
230.112811,7.535657,0.00267299254448,-1.2198592,2026-04-04T04:26:21
230.30478,7.40168,0.00267249738932,-1.2486853,2026-04-04T04:27:21
230.49669,7.268,0.00267199150097,-1.27337,2026-04-04T04:28:21
230.688545,7.134632,0.00267147655615,-1.2938345,2026-04-04T04:29:21
230.88035,7.001588,0.00267095426235,-1.3100074,2026-04-04T04:30:21
231.072109,6.868879,0.00267042635209,-1.3218338,2026-04-04T04:31:21
231.263824,6.736511,0.00266989457877,-1.3292638,2026-04-04T04:32:21
231.455499,6.604494,0.00266936071402,-1.3322576,2026-04-04T04:33:21
231.647136,6.47283,0.00266882654344,-1.3307846,2026-04-04T04:34:21
231.838734,6.341524,0.00266829386243,-1.3248279,2026-04-04T04:35:21
232.030295,6.210576,0.00266776447042,-1.3143836,2026-04-04T04:36:21
232.221819,6.079985,0.00266724016602,-1.2994598,2026-04-04T04:37:21
232.413304,5.94975,0.00266672274117,-1.2800828,2026-04-04T04:38:21
232.604747,5.819866,0.00266621397511,-1.2562854,2026-04-04T04:39:21
232.796148,5.690326,0.00266571563413,-1.228103,2026-04-04T04:40:21
232.987502,5.561123,0.00266522946636,-1.1955915,2026-04-04T04:41:21
233.178806,5.432246,0.00266475719457,-1.1588188,2026-04-04T04:42:21
233.370053,5.303684,0.00266430051301,-1.1178605,2026-04-04T04:43:21
233.56124,5.175422,0.00266386108272,-1.0728072,2026-04-04T04:44:21
233.752359,5.047446,0.00266344052578,-1.0237613,2026-04-04T04:45:21
233.943403,4.919739,0.00266304042138,-0.9708353,2026-04-04T04:46:21
234.134364,4.79228,0.00266266229979,-0.9141621,2026-04-04T04:47:21
234.325235,4.665051,0.00266230763469,-0.8538877,2026-04-04T04:48:21
234.516005,4.538027,0.00266197784097,-0.7901597,2026-04-04T04:49:21
234.706664,4.411186,0.00266167427147,-0.7231428,2026-04-04T04:50:21
234.897204,4.284501,0.00266139820986,-0.6530133,2026-04-04T04:51:21
235.087611,4.157947,0.00266115086846,-0.5799531,2026-04-04T04:52:21
235.277874,4.031494,0.00266093338385,-0.5041583,2026-04-04T04:53:21
235.467981,3.905113,0.00266074681096,-0.4258383,2026-04-04T04:54:21
235.657919,3.778773,0.00266059211918,-0.3452122,2026-04-04T04:55:21
235.847675,3.652442,0.00266047018691,-0.2625128,2026-04-04T04:56:21
236.037235,3.526086,0.00266038179822,-0.1779776,2026-04-04T04:57:21
236.226585,3.399673,0.00266032764047,-0.0918518,2026-04-04T04:58:21
236.415709,3.273166,0.00266030830068,-0.0043919,2026-04-04T04:59:21
236.604594,3.14653,0.00266032426068,0.0841379,2026-04-04T05:00:21
236.793223,3.01973,0.00266037589658,0.1734707,2026-04-04T05:01:21
236.981582,2.892728,0.00266046347562,0.2633354,2026-04-04T05:02:21
237.169655,2.765487,0.00266058715822,0.3534671,2026-04-04T05:03:21
237.357427,2.637971,0.00266074699514,0.4435803,2026-04-04T05:04:21
237.544882,2.510141,0.00266094292011,0.5333858,2026-04-04T05:05:21
237.732005,2.38196,0.00266117475582,0.6226169,2026-04-04T05:06:21
237.91878,2.253392,0.00266144222033,0.7110187,2026-04-04T05:07:21
238.105194,2.124399,0.00266174492947,0.7983288,2026-04-04T05:08:21
238.29123,1.994945,0.00266208238608,0.8842449,2026-04-04T05:09:21
238.476874,1.864994,0.00266245396842,0.9684599,2026-04-04T05:10:21
238.662112,1.734509,0.00266285893766,1.0506935,2026-04-04T05:11:21
238.84693,1.603458,0.0026632964435,1.1306687,2026-04-04T05:12:21
239.031314,1.471806,0.0026637655273,1.2081289,2026-04-04T05:13:21
239.215252,1.339522,0.00266426513542,1.2828511,2026-04-04T05:14:21
239.398731,1.206575,0.00266479412481,1.3546117,2026-04-04T05:15:21
239.58174,1.072935,0.00266535126254,1.4231851,2026-04-04T05:16:21
239.764267,0.938574,0.00266593522575,1.4883496,2026-04-04T05:17:21
239.946304,0.803466,0.00266654460505,1.5498982,2026-04-04T05:18:21
240.127839,0.667585,0.00266717790888,1.6076236,2026-04-04T05:19:21
240.308866,0.530908,0.00266783356658,1.6613474,2026-04-04T05:20:21
240.489376,0.393414,0.00266850994224,1.7109155,2026-04-04T05:21:21
240.669363,0.255083,0.00266920533855,1.7561761,2026-04-04T05:22:21
240.848821,0.115897,0.00266991799904,1.7969868,2026-04-04T05:23:21
241.027745,-0.024159,0.00267064611325,1.8332228,2026-04-04T05:24:21
241.206132,-0.165098,0.00267138782512,1.8647795,2026-04-04T05:25:21
241.383978,-0.306934,0.0026721412381,1.891561,2026-04-04T05:26:21
241.561283,-0.449673,0.00267290442239,1.9134983,2026-04-04T05:27:21
241.738045,-0.593325,0.00267367542534,1.9305444,2026-04-04T05:28:21
241.914265,-0.737893,0.002674452278,1.9426664,2026-04-04T05:29:21
242.089945,-0.883381,0.00267523300137,1.9498445,2026-04-04T05:30:21
242.265088,-1.02979,0.00267601561056,1.9520722,2026-04-04T05:31:21
242.439696,-1.177116,0.00267679812351,1.9493681,2026-04-04T05:32:21
242.613774,-1.325358,0.00267757856747,1.9417616,2026-04-04T05:33:21
242.78733,-1.47451,0.00267835498694,1.9293099,2026-04-04T05:34:21
242.960368,-1.624562,0.00267912545185,1.9120758,2026-04-04T05:35:21
243.132897,-1.775507,0.0026798880538,1.8901088,2026-04-04T05:36:21
243.304925,-1.927331,0.00268064091172,1.8635024,2026-04-04T05:37:21
243.476461,-2.080022,0.00268138218714,1.832367,2026-04-04T05:38:21
243.647517,-2.233564,0.00268211008656,1.7968185,2026-04-04T05:39:21
243.818104,-2.387939,0.00268282286572,1.7569877,2026-04-04T05:40:21
243.988234,-2.543129,0.00268351883555,1.7130165,2026-04-04T05:41:21
244.157919,-2.699113,0.00268419636439,1.6650507,2026-04-04T05:42:21
244.327174,-2.855868,0.00268485388339,1.6132607,2026-04-04T05:43:21
244.496014,-3.013371,0.00268548989478,1.5578246,2026-04-04T05:44:21
244.664452,-3.171598,0.00268610297109,1.4989161,2026-04-04T05:45:21
244.832506,-3.33052,0.0026866917562,1.4367204,2026-04-04T05:46:21
245.000191,-3.490112,0.00268725497093,1.3714337,2026-04-04T05:47:21
245.167525,-3.650343,0.00268779141647,1.303262,2026-04-04T05:48:21
245.334524,-3.811184,0.00268829997896,1.2324219,2026-04-04T05:49:21
245.501208,-3.972605,0.00268877963253,1.1591354,2026-04-04T05:50:21
245.667594,-4.134573,0.00268922944121,1.0836276,2026-04-04T05:51:21
245.833701,-4.297056,0.00268964855849,1.0061181,2026-04-04T05:52:21
245.999548,-4.460022,0.00269003622474,0.9268237,2026-04-04T05:53:21
246.165154,-4.623436,0.00269039176969,0.8459737,2026-04-04T05:54:21
246.33054,-4.787264,0.00269071461684,0.7638051,2026-04-04T05:55:21
246.495725,-4.951473,0.00269100428532,0.6805574,2026-04-04T05:56:21
246.66073,-5.116026,0.00269126038988,0.5964665,2026-04-04T05:57:21
246.825573,-5.28089,0.00269148263872,0.5117636,2026-04-04T05:58:21
246.990276,-5.446028,0.00269167083297,0.4266815,2026-04-04T05:59:21
247.154858,-5.611405,0.00269182486759,0.3414548,2026-04-04T06:00:21
247.31934,-5.776987,0.00269194473085,0.2563131,2026-04-04T06:01:21
247.483743,-5.942738,0.00269203050245,0.171485,2026-04-04T06:02:21
247.648085,-6.108623,0.00269208235524,0.0872054,2026-04-04T06:03:21
247.812387,-6.274607,0.00269210055574,0.003706,2026-04-04T06:04:21
247.976668,-6.440657,0.00269208546192,-0.0787909,2026-04-04T06:05:21
248.140949,-6.606739,0.00269203751882,-0.1600718,2026-04-04T06:06:21
248.305247,-6.772819,0.00269195725525,-0.2399332,2026-04-04T06:07:21
248.469582,-6.938864,0.00269184528061,-0.3181747,2026-04-04T06:08:21
248.633972,-7.104843,0.00269170228522,-0.3945935,2026-04-04T06:09:21
248.798436,-7.270724,0.0026915290403,-0.4689902,2026-04-04T06:10:21
248.96299,-7.436477,0.00269132639481,-0.5411774,2026-04-04T06:11:21
249.127652,-7.602072,0.00269109527195,-0.6109694,2026-04-04T06:12:21
249.292439,-7.76748,0.00269083666959,-0.6781817,2026-04-04T06:13:21
249.457367,-7.932674,0.00269055165777,-0.7426391,2026-04-04T06:14:21
249.622451,-8.097625,0.00269024137514,-0.8041744,2026-04-04T06:15:21
249.787707,-8.262309,0.00268990702561,-0.86263,2026-04-04T06:16:21
249.953148,-8.4267,0.00268954987416,-0.9178584,2026-04-04T06:17:21
250.118788,-8.590776,0.00268917124388,-0.9697164,2026-04-04T06:18:21
250.284641,-8.754513,0.00268877251424,-1.0180676,2026-04-04T06:19:21
250.450718,-8.917891,0.00268835511716,-1.0627862,2026-04-04T06:20:21
250.617031,-9.08089,0.00268792053382,-1.1037518,2026-04-04T06:21:21
250.783591,-9.243491,0.00268747029239,-1.1408515,2026-04-04T06:22:21
250.950407,-9.405677,0.0026870059649,-1.173978,2026-04-04T06:23:21
251.117489,-9.567433,0.00268652916542,-1.2030309,2026-04-04T06:24:21
251.284846,-9.728745,0.00268604154497,-1.2279268,2026-04-04T06:25:21
251.452483,-9.889599,0.00268554478636,-1.2485877,2026-04-04T06:26:21
251.620409,-10.049985,0.0026850406027,-1.2649439,2026-04-04T06:27:21
251.788628,-10.209893,0.00268453073151,-1.2769415,2026-04-04T06:28:21
251.957144,-10.369315,0.00268401693091,-1.2845315,2026-04-04T06:29:21
252.125963,-10.528245,0.0026835009767,-1.2876755,2026-04-04T06:30:21
252.295085,-10.686677,0.00268298465828,-1.2863438,2026-04-04T06:31:21
252.464513,-10.844609,0.0026824697743,-1.2805208,2026-04-04T06:32:21
252.634248,-11.002041,0.0026819581269,-1.2702045,2026-04-04T06:33:21
252.804288,-11.158971,0.00268145151668,-1.2554045,2026-04-04T06:34:21
252.974633,-11.315403,0.00268095173692,-1.2361486,2026-04-04T06:35:21
253.14528,-11.47134,0.0026804605679,-1.2124699,2026-04-04T06:36:21
253.316225,-11.626788,0.00267997977651,-1.1844057,2026-04-04T06:37:21
253.487464,-11.781754,0.00267951111078,-1.1520131,2026-04-04T06:38:21
253.658991,-11.936247,0.00267905629303,-1.1153609,2026-04-04T06:39:21
253.830799,-12.090278,0.00267861701671,-1.0745257,2026-04-04T06:40:21
254.002881,-12.24386,0.00267819494133,-1.0296005,2026-04-04T06:41:21
254.175229,-12.397006,0.00267779168664,-0.980689,2026-04-04T06:42:21
254.347832,-12.549733,0.00267740882928,-0.9279041,2026-04-04T06:43:21
254.520679,-12.702057,0.00267704789638,-0.871381,2026-04-04T06:44:21
254.69376,-12.853999,0.0026767103579,-0.8112656,2026-04-04T06:45:21
254.867062,-13.005578,0.00267639762492,-0.7477078,2026-04-04T06:46:21
255.040571,-13.156817,0.00267611104504,-0.6808752,2026-04-04T06:47:21
255.214273,-13.307739,0.00267585189644,-0.6109431,2026-04-04T06:48:21
255.388153,-13.458369,0.00267562138628,-0.5380937,2026-04-04T06:49:21
255.562195,-13.608734,0.00267542064499,-0.4625259,2026-04-04T06:50:21
255.736383,-13.758861,0.00267525072132,-0.3844487,2026-04-04T06:51:21
255.910699,-13.908778,0.00267511257747,-0.3040848,2026-04-04T06:52:21
256.085125,-14.058516,0.00267500708406,-0.2216673,2026-04-04T06:53:21
256.259644,-14.208105,0.00267493501667,-0.1374362,2026-04-04T06:54:21
256.434236,-14.357578,0.0026748970539,-0.0516354,2026-04-04T06:55:21
256.608881,-14.506966,0.00267489377486,0.0354799,2026-04-04T06:56:21
256.783561,-14.656303,0.0026749256535,0.1236465,2026-04-04T06:57:21
256.958254,-14.805623,0.00267499305844,0.2125961,2026-04-04T06:58:21
257.132941,-14.95496,0.00267509624873,0.3020577,2026-04-04T06:59:21
257.307601,-15.104349,0.00267523537681,0.3917652,2026-04-04T07:00:21
257.482213,-15.253825,0.00267541048377,0.4814277,2026-04-04T07:01:21
257.656758,-15.403423,0.0026756214931,0.5707585,2026-04-04T07:02:21
257.831214,-15.553179,0.00267586821745,0.6594874,2026-04-04T07:03:21
258.005563,-15.703126,0.0026761503625,0.7473527,2026-04-04T07:04:21
258.179784,-15.853302,0.00267646752962,0.8340904,2026-04-04T07:05:21
258.353858,-16.003739,0.00267681920848,0.9194052,2026-04-04T07:06:21
258.527766,-16.154472,0.00267720476694,1.002994,2026-04-04T07:07:21
258.701489,-16.305536,0.00267762345602,1.0845766,2026-04-04T07:08:21
258.875008,-16.456961,0.00267807441643,1.1638815,2026-04-04T07:09:21
259.048307,-16.608781,0.00267855668307,1.2406572,2026-04-04T07:10:21
259.221368,-16.761026,0.00267906919602,1.3146764,2026-04-04T07:11:21
259.394177,-16.913725,0.0026796108031,1.3857077,2026-04-04T07:12:21
259.566716,-17.066906,0.00268018026093,1.4535267,2026-04-04T07:13:21
259.738974,-17.220597,0.00268077623672,1.517913,2026-04-04T07:14:21
259.910936,-17.374824,0.00268139731154,1.5786577,2026-04-04T07:15:21
260.082591,-17.529611,0.00268204198332,1.6355548,2026-04-04T07:16:21
260.253928,-17.68498,0.00268270867288,1.6884315,2026-04-04T07:17:21
260.424937,-17.840953,0.00268339573678,1.7371327,2026-04-04T07:18:21
260.59561,-17.997548,0.00268410146944,1.7815055,2026-04-04T07:19:21
260.765939,-18.154784,0.00268482410598,1.8214078,2026-04-04T07:20:21
260.935919,-18.312675,0.00268556182804,1.8567165,2026-04-04T07:21:21
261.105544,-18.471236,0.00268631277234,1.8873282,2026-04-04T07:22:21
261.274811,-18.630479,0.00268707503514,1.9131471,2026-04-04T07:23:21
261.443719,-18.790412,0.00268784668004,1.9341066,2026-04-04T07:24:21
261.612266,-18.951044,0.00268862574861,1.9501608,2026-04-04T07:25:21
261.780454,-19.11238,0.00268941026643,1.9612779,2026-04-04T07:26:21
261.948284,-19.274425,0.00269019824939,1.9674385,2026-04-04T07:27:21
262.115761,-19.437179,0.00269098770788,1.9686381,2026-04-04T07:28:21
262.282888,-19.600642,0.00269177665591,1.9648965,2026-04-04T07:29:21
262.449672,-19.764811,0.00269256311714,1.9562442,2026-04-04T07:30:21
262.616122,-19.929683,0.00269334513299,1.9427395,2026-04-04T07:31:21
262.782244,-20.095251,0.00269412077077,1.9244464,2026-04-04T07:32:21
262.94805,-20.261506,0.00269488811959,1.9014148,2026-04-04T07:33:21
263.11355,-20.428438,0.00269564529699,1.8737417,2026-04-04T07:34:21
263.278757,-20.596036,0.00269639046378,1.8415381,2026-04-04T07:35:21
263.443685,-20.764285,0.00269712182603,1.8049207,2026-04-04T07:36:21
263.608348,-20.93317,0.00269783763948,1.764022,2026-04-04T07:37:21
263.772762,-21.102675,0.00269853621561,1.7189843,2026-04-04T07:38:21
263.936944,-21.27278,0.0026992159234,1.669954,2026-04-04T07:39:21
264.100913,-21.443465,0.00269987519523,1.6171041,2026-04-04T07:40:21
264.264685,-21.614708,0.00270051253614,1.560617,2026-04-04T07:41:21
264.428283,-21.786486,0.00270112652224,1.5006661,2026-04-04T07:42:21
264.591725,-21.958776,0.00270171580086,1.437437,2026-04-04T07:43:21
264.755033,-22.131551,0.00270227909685,1.371128,2026-04-04T07:44:21
264.918229,-22.304785,0.00270281521609,1.3019459,2026-04-04T07:45:21
265.081336,-22.47845,0.00270332304909,1.2301052,2026-04-04T07:46:21
265.244377,-22.652518,0.00270380157464,1.1558336,2026-04-04T07:47:21
265.407376,-22.826958,0.00270424986478,1.0793636,2026-04-04T07:48:21
265.570357,-23.001741,0.00270466708186,1.0009119,2026-04-04T07:49:21
265.733345,-23.176836,0.00270505247334,0.9206908,2026-04-04T07:50:21
265.896366,-23.352211,0.00270540537422,0.8389256,2026-04-04T07:51:21
266.059444,-23.527834,0.00270572521363,0.7558605,2026-04-04T07:52:21
266.222605,-23.703673,0.00270601152022,0.6717432,2026-04-04T07:53:21
266.385876,-23.879694,0.00270626391873,0.5868044,2026-04-04T07:54:21
266.549283,-24.055865,0.00270648212572,0.501275,2026-04-04T07:55:21
266.712852,-24.232153,0.00270666595133,0.4153899,2026-04-04T07:56:21
266.87661,-24.408523,0.00270681530024,0.3293848,2026-04-04T07:57:21
267.040582,-24.584943,0.00270693017058,0.2434889,2026-04-04T07:58:21
267.204795,-24.76138,0.00270701065154,0.1579304,2026-04-04T07:59:21
267.369275,-24.937799,0.00270705692572,0.0729451,2026-04-04T08:00:21
267.534048,-25.114168,0.00270706926966,-0.0112349,2026-04-04T08:01:21
267.69914,-25.290454,0.0027070480515,-0.0943867,2026-04-04T08:02:21
267.864577,-25.466624,0.00270699372668,-0.1762964,2026-04-04T08:03:21
268.030383,-25.642648,0.00270690683452,-0.2567603,2026-04-04T08:04:21
268.196584,-25.818493,0.00270678799494,-0.3355783,2026-04-04T08:05:21
268.363202,-25.994129,0.00270663790848,-0.4125484,2026-04-04T08:06:21
268.530264,-26.169525,0.00270645735648,-0.4874714,2026-04-04T08:07:21
268.697791,-26.344652,0.00270624719803,-0.5601587,2026-04-04T08:08:21
268.865806,-26.519481,0.00270600836714,-0.6304235,2026-04-04T08:09:21
269.034332,-26.693984,0.0027057418725,-0.6980823,2026-04-04T08:10:21
269.203391,-26.868134,0.00270544879445,-0.7629609,2026-04-04T08:11:21
269.373003,-27.041904,0.00270513028171,-0.8248924,2026-04-04T08:12:21
269.543188,-27.215269,0.00270478754814,-0.8837199,2026-04-04T08:13:21
269.713965,-27.388205,0.00270442186823,-0.9392967,2026-04-04T08:14:21
269.885353,-27.560689,0.00270403457442,-0.9914802,2026-04-04T08:15:21
270.05737,-27.732699,0.00270362705522,-1.0401346,2026-04-04T08:16:21
270.230033,-27.904213,0.00270320075126,-1.0851354,2026-04-04T08:17:21
270.403357,-28.075212,0.00270275715212,-1.1263623,2026-04-04T08:18:21
270.577357,-28.245677,0.00270229779405,-1.1637037,2026-04-04T08:19:21
270.752047,-28.415592,0.00270182425675,-1.1970533,2026-04-04T08:20:21
270.92744,-28.584939,0.00270133816163,-1.2263116,2026-04-04T08:21:21
271.103548,-28.753706,0.00270084116654,-1.2513961,2026-04-04T08:22:21
271.280382,-28.921878,0.00270033496096,-1.2722295,2026-04-04T08:23:21
271.457951,-29.089444,0.00269982126403,-1.2887441,2026-04-04T08:24:21
271.636263,-29.256394,0.00269930181868,-1.300887,2026-04-04T08:25:21
271.815327,-29.422719,0.00269877838814,-1.3086103,2026-04-04T08:26:21
271.995148,-29.588413,0.00269825275272,-1.3118768,2026-04-04T08:27:21
272.175731,-29.753468,0.00269772670586,-1.3106583,2026-04-04T08:28:21
272.35708,-29.917883,0.00269720204978,-1.3049402,2026-04-04T08:29:21
272.539197,-30.081654,0.00269668058952,-1.2947226,2026-04-04T08:30:21
272.722082,-30.24478,0.0026961641278,-1.2800168,2026-04-04T08:31:21
272.905737,-30.407264,0.00269565445935,-1.2608521,2026-04-04T08:32:21
273.090159,-30.569107,0.00269515336566,-1.237262,2026-04-04T08:33:21
273.275346,-30.730314,0.0026946626142,-1.2092858,2026-04-04T08:34:21
273.461294,-30.89089,0.00269418395293,-1.1769823,2026-04-04T08:35:21
273.647997,-31.050845,0.00269371910352,-1.1404211,2026-04-04T08:36:21
273.835449,-31.210187,0.00269326975857,-1.0996795,2026-04-04T08:37:21
274.023642,-31.368926,0.0026928375759,-1.0548538,2026-04-04T08:38:21
274.212567,-31.527076,0.0026924241726,-1.0060488,2026-04-04T08:39:21
274.402214,-31.684652,0.00269203112254,-0.9533774,2026-04-04T08:40:21
274.592572,-31.841668,0.00269165994941,-0.8969781,2026-04-04T08:41:21
274.783627,-31.998143,0.00269131211894,-0.8369967,2026-04-04T08:42:21
274.975367,-32.154096,0.00269098903797,-0.7735847,2026-04-04T08:43:21
275.167776,-32.309546,0.00269069204855,-0.7069132,2026-04-04T08:44:21
275.360839,-32.464517,0.00269042242294,-0.6371558,2026-04-04T08:45:21
