Az,El,Delta,Deldot,Calendar Date (UTC)
50.178928,-49.284874,0.89900472874764,1.9630221,2026-04-05T21:48:15
50.487951,-49.154447,0.89900551577156,1.9619109,2026-04-05T21:49:15
50.795586,-49.023441,0.89900630235048,1.9608028,2026-04-05T21:50:15
51.101843,-48.891863,0.89900708848558,1.9596976,2026-04-05T21:51:15
51.406729,-48.759718,0.89900787417809,1.9585955,2026-04-05T21:52:15
51.710252,-48.627013,0.89900865942923,1.9574965,2026-04-05T21:53:15
52.012421,-48.493754,0.89900944424023,1.9564005,2026-04-05T21:54:15
52.313244,-48.359948,0.89901022861231,1.9553077,2026-04-05T21:55:15
52.61273,-48.2256,0.89901101254676,1.9542179,2026-04-05T21:56:15
52.910887,-48.090716,0.8990117960448,1.9531314,2026-04-05T21:57:15
53.207723,-47.955303,0.89901257910775,1.9520481,2026-04-05T21:58:15
53.503248,-47.819367,0.8990133617369,1.950968,2026-04-05T21:59:15
53.797469,-47.682912,0.89901414393357,1.9498912,2026-04-05T22:00:15
54.090395,-47.545947,0.89901492569904,1.9488176,2026-04-05T22:01:15
54.382036,-47.408475,0.89901570703458,1.9477472,2026-04-05T22:02:15
54.672399,-47.270503,0.89901648794154,1.9466802,2026-04-05T22:03:15
54.961494,-47.132036,0.89901726842121,1.9456163,2026-04-05T22:04:15
55.249329,-46.993081,0.89901804847493,1.9445559,2026-04-05T22:05:15
55.535913,-46.853642,0.899018828104,1.9434987,2026-04-05T22:06:15
55.821256,-46.713726,0.89901960730982,1.9424449,2026-04-05T22:07:15
56.105364,-46.573338,0.89902038609371,1.9413946,2026-04-05T22:08:15
56.388249,-46.432484,0.89902116445707,1.9403478,2026-04-05T22:09:15
56.669918,-46.291168,0.89902194240132,1.9393044,2026-04-05T22:10:15
56.950381,-46.149396,0.89902271992779,1.9382644,2026-04-05T22:11:15
57.229645,-46.007174,0.89902349703789,1.9372279,2026-04-05T22:12:15
57.507721,-45.864507,0.89902427373299,1.9361948,2026-04-05T22:13:15
57.784618,-45.7214,0.89902505001449,1.9351652,2026-04-05T22:14:15
58.060343,-45.577858,0.89902582588378,1.9341391,2026-04-05T22:15:15
58.334906,-45.433886,0.89902660134229,1.9331166,2026-04-05T22:16:15
58.608316,-45.289491,0.89902737639144,1.9320976,2026-04-05T22:17:15
58.880582,-45.144675,0.89902815103267,1.9310823,2026-04-05T22:18:15
59.151712,-44.999445,0.89902892526748,1.9300707,2026-04-05T22:19:15
59.421716,-44.853806,0.89902969909731,1.9290627,2026-04-05T22:20:15
59.690603,-44.707763,0.89903047252361,1.9280583,2026-04-05T22:21:15
59.958381,-44.561319,0.89903124554785,1.9270576,2026-04-05T22:22:15
60.225059,-44.414481,0.8990320181715,1.9260605,2026-04-05T22:23:15
60.490646,-44.267253,0.89903279039604,1.9250671,2026-04-05T22:24:15
60.75515,-44.119639,0.89903356222292,1.9240775,2026-04-05T22:25:15
61.018582,-43.971645,0.89903433365365,1.9230915,2026-04-05T22:26:15
61.280949,-43.823275,0.89903510468974,1.9221094,2026-04-05T22:27:15
61.54226,-43.674534,0.89903587533271,1.9211311,2026-04-05T22:28:15
61.802524,-43.525426,0.89903664558413,1.9201566,2026-04-05T22:29:15
62.06175,-43.375955,0.89903741544553,1.919186,2026-04-05T22:30:15
62.319946,-43.226128,0.89903818491841,1.9182191,2026-04-05T22:31:15
62.577122,-43.075946,0.89903895400432,1.9172562,2026-04-05T22:32:15
62.833285,-42.925416,0.89903972270481,1.916297,2026-04-05T22:33:15
63.088444,-42.774542,0.89904049102144,1.9153418,2026-04-05T22:34:15
63.342608,-42.623327,0.89904125895575,1.9143904,2026-04-05T22:35:15
63.595786,-42.471776,0.89904202650931,1.9134429,2026-04-05T22:36:15
63.847986,-42.319894,0.89904279368371,1.9124995,2026-04-05T22:37:15
64.099216,-42.167684,0.89904356048052,1.91156,2026-04-05T22:38:15
64.349486,-42.015152,0.89904432690141,1.9106246,2026-04-05T22:39:15
64.598802,-41.8623,0.89904509294794,1.9096932,2026-04-05T22:40:15
64.847175,-41.709133,0.89904585862176,1.9087658,2026-04-05T22:41:15
65.094611,-41.555655,0.89904662392445,1.9078424,2026-04-05T22:42:15
65.34112,-41.40187,0.89904738885765,1.9069231,2026-04-05T22:43:15
65.58671,-41.247782,0.89904815342297,1.9060078,2026-04-05T22:44:15
65.831389,-41.093395,0.89904891762203,1.9050965,2026-04-05T22:45:15
66.075166,-40.938713,0.89904968145648,1.9041894,2026-04-05T22:46:15
66.318047,-40.78374,0.89905044492797,1.9032864,2026-04-05T22:47:15
66.560042,-40.62848,0.89905120803815,1.9023877,2026-04-05T22:48:15
66.801159,-40.472936,0.89905197078878,1.9014931,2026-04-05T22:49:15
67.041406,-40.317112,0.89905273318145,1.9006027,2026-04-05T22:50:15
67.28079,-40.161012,0.8990534952179,1.8997165,2026-04-05T22:51:15
67.51932,-40.00464,0.8990542568998,1.8988345,2026-04-05T22:52:15
67.757004,-39.847999,0.89905501822881,1.8979567,2026-04-05T22:53:15
67.993849,-39.691093,0.89905577920666,1.8970832,2026-04-05T22:54:15
68.229864,-39.533926,0.89905653983502,1.8962139,2026-04-05T22:55:15
68.465056,-39.3765,0.8990573001156,1.8953488,2026-04-05T22:56:15
68.699432,-39.218821,0.89905806005014,1.8944881,2026-04-05T22:57:15
68.933002,-39.06089,0.89905881964039,1.8936318,2026-04-05T22:58:15
69.165772,-38.902713,0.89905957888807,1.8927798,2026-04-05T22:59:15
69.39775,-38.744291,0.89906033779498,1.8919322,2026-04-05T23:00:15
69.628944,-38.585629,0.89906109636281,1.8910889,2026-04-05T23:01:15
69.859361,-38.42673,0.89906185459334,1.89025,2026-04-05T23:02:15
70.089008,-38.267597,0.89906261248833,1.8894155,2026-04-05T23:03:15
70.317894,-38.108233,0.89906337004951,1.8885854,2026-04-05T23:04:15
70.546025,-37.948643,0.89906412727864,1.8877596,2026-04-05T23:05:15
70.77341,-37.788829,0.89906488417753,1.8869383,2026-04-05T23:06:15
71.000054,-37.628794,0.89906564074793,1.8861215,2026-04-05T23:07:15
71.225967,-37.468541,0.89906639699165,1.8853092,2026-04-05T23:08:15
71.451154,-37.308075,0.89906715291055,1.8845015,2026-04-05T23:09:15
71.675623,-37.147397,0.89906790850641,1.8836983,2026-04-05T23:10:15
71.899382,-36.986512,0.89906866378104,1.8828995,2026-04-05T23:11:15
72.122437,-36.825421,0.89906941873628,1.8821054,2026-04-05T23:12:15
72.344795,-36.664129,0.89907017337392,1.8813157,2026-04-05T23:13:15
72.566464,-36.502638,0.8990709276958,1.8805306,2026-04-05T23:14:15
72.78745,-36.340952,0.89907168170373,1.87975,2026-04-05T23:15:15
73.00776,-36.179072,0.89907243539954,1.8789741,2026-04-05T23:16:15
73.227402,-36.017004,0.8990731887851,1.8782028,2026-04-05T23:17:15
73.446382,-35.854748,0.89907394186227,1.8774362,2026-04-05T23:18:15
73.664707,-35.692308,0.89907469463294,1.8766742,2026-04-05T23:19:15
73.882384,-35.529688,0.89907544709898,1.8759169,2026-04-05T23:20:15
74.099419,-35.366889,0.89907619926225,1.8751643,2026-04-05T23:21:15
74.315819,-35.203916,0.89907695112464,1.8744164,2026-04-05T23:22:15
74.531591,-35.04077,0.89907770268802,1.8736731,2026-04-05T23:23:15
74.746741,-34.877454,0.89907845395426,1.8729346,2026-04-05T23:24:15
74.961277,-34.713971,0.89907920492526,1.8722007,2026-04-05T23:25:15
75.175203,-34.550325,0.89907995560289,1.8714716,2026-04-05T23:26:15
75.388528,-34.386517,0.89908070598908,1.8707473,2026-04-05T23:27:15
75.601257,-34.22255,0.89908145608576,1.8700278,2026-04-05T23:28:15
75.813397,-34.058428,0.89908220589488,1.8693131,2026-04-05T23:29:15
76.024953,-33.894153,0.89908295541833,1.8686033,2026-04-05T23:30:15
76.235933,-33.729726,0.89908370465808,1.8678982,2026-04-05T23:31:15
76.446343,-33.565152,0.89908445361604,1.867198,2026-04-05T23:32:15
76.656188,-33.400433,0.89908520229413,1.8665026,2026-04-05T23:33:15
76.865476,-33.235571,0.89908595069431,1.865812,2026-04-05T23:34:15
77.074211,-33.070569,0.89908669881853,1.8651262,2026-04-05T23:35:15
77.282401,-32.905429,0.8990874466687,1.8644454,2026-04-05T23:36:15
77.490051,-32.740154,0.89908819424682,1.8637695,2026-04-05T23:37:15
77.697167,-32.574746,0.89908894155487,1.8630985,2026-04-05T23:38:15
77.903756,-32.409209,0.89908968859481,1.8624325,2026-04-05T23:39:15
78.109822,-32.243543,0.89909043536869,1.8617715,2026-04-05T23:40:15
78.315373,-32.077753,0.89909118187843,1.8611154,2026-04-05T23:41:15
78.520414,-31.91184,0.89909192812604,1.8604642,2026-04-05T23:42:15
78.724951,-31.745807,0.89909267411348,1.859818,2026-04-05T23:43:15
78.928989,-31.579655,0.89909341984279,1.8591767,2026-04-05T23:44:15
79.132534,-31.413389,0.89909416531589,1.8585404,2026-04-05T23:45:15
79.335592,-31.247009,0.89909491053486,1.8579092,2026-04-05T23:46:15
79.538169,-31.080518,0.89909565550164,1.8572829,2026-04-05T23:47:15
79.740271,-30.913919,0.89909640021831,1.8566617,2026-04-05T23:48:15
79.941902,-30.747214,0.89909714468688,1.8560456,2026-04-05T23:49:15
80.143068,-30.580405,0.89909788890937,1.8554346,2026-04-05T23:50:15
80.343776,-30.413495,0.89909863288787,1.8548287,2026-04-05T23:51:15
80.544029,-30.246485,0.89909937662441,1.854228,2026-04-05T23:52:15
80.743835,-30.079378,0.89910012012103,1.8536323,2026-04-05T23:53:15
80.943198,-29.912177,0.89910086337976,1.8530417,2026-04-05T23:54:15
81.142123,-29.744883,0.89910160640267,1.8524561,2026-04-05T23:55:15
81.340617,-29.577499,0.89910234919178,1.8518757,2026-04-05T23:56:15
81.538684,-29.410026,0.89910309174909,1.8513003,2026-04-05T23:57:15
81.736329,-29.242468,0.89910383407665,1.8507298,2026-04-05T23:58:15
81.933558,-29.074826,0.89910457617645,1.8501644,2026-04-05T23:59:15
82.130376,-28.907103,0.89910531805053,1.8496042,2026-04-06T00:00:15
82.326788,-28.739299,0.89910605970106,1.8490494,2026-04-06T00:01:15
82.522799,-28.571419,0.89910680113012,1.8484999,2026-04-06T00:02:15
82.718415,-28.403463,0.89910754233991,1.8479558,2026-04-06T00:03:15
82.91364,-28.235435,0.89910828333256,1.8474171,2026-04-06T00:04:15
83.108479,-28.067335,0.89910902411024,1.8468837,2026-04-06T00:05:15
83.302938,-27.899166,0.8991097646751,1.8463557,2026-04-06T00:06:15
83.497021,-27.730931,0.89911050502926,1.8458329,2026-04-06T00:07:15
83.690733,-27.56263,0.89911124517479,1.8453152,2026-04-06T00:08:15
83.88408,-27.394267,0.8991119851137,1.8448026,2026-04-06T00:09:15
84.077066,-27.225843,0.89911272484813,1.8442953,2026-04-06T00:10:15
84.269695,-27.057361,0.89911346438011,1.8437932,2026-04-06T00:11:15
84.461974,-26.888821,0.89911420371178,1.8432963,2026-04-06T00:12:15
84.653906,-26.720227,0.89911494284525,1.8428047,2026-04-06T00:13:15
84.845496,-26.551581,0.89911568178266,1.8423185,2026-04-06T00:14:15
85.036749,-26.382883,0.89911642052615,1.8418376,2026-04-06T00:15:15
85.227669,-26.214137,0.89911715907785,1.8413621,2026-04-06T00:16:15
85.418262,-26.045343,0.89911789743997,1.840892,2026-04-06T00:17:15
85.608532,-25.876505,0.89911863561461,1.8404273,2026-04-06T00:18:15
85.798484,-25.707624,0.89911937360393,1.8399679,2026-04-06T00:19:15
85.988121,-25.538702,0.89912011141013,1.8395139,2026-04-06T00:20:15
86.177449,-25.369741,0.89912084903533,1.8390653,2026-04-06T00:21:15
86.366473,-25.200742,0.8991215864817,1.8386221,2026-04-06T00:22:15
86.555196,-25.031708,0.8991223237514,1.8381842,2026-04-06T00:23:15
86.743623,-24.862641,0.89912306084659,1.8377517,2026-04-06T00:24:15
86.931758,-24.693542,0.89912379776942,1.8373247,2026-04-06T00:25:15
87.119607,-24.524414,0.89912453452207,1.8369031,2026-04-06T00:26:15
87.307172,-24.355257,0.89912527110673,1.8364869,2026-04-06T00:27:15
87.49446,-24.186075,0.89912600752557,1.8360762,2026-04-06T00:28:15
87.681473,-24.016868,0.89912674378083,1.835671,2026-04-06T00:29:15
87.868217,-23.847639,0.8991274798747,1.8352713,2026-04-06T00:30:15
88.054695,-23.67839,0.89912821580934,1.834877,2026-04-06T00:31:15
88.240912,-23.509121,0.89912895158696,1.8344882,2026-04-06T00:32:15
88.426873,-23.339836,0.89912968720976,1.8341049,2026-04-06T00:33:15
88.61258,-23.170536,0.89913042267989,1.833727,2026-04-06T00:34:15
88.798039,-23.001223,0.89913115799959,1.8333546,2026-04-06T00:35:15
88.983253,-22.831898,0.89913189317104,1.8329876,2026-04-06T00:36:15
89.168227,-22.662563,0.89913262819645,1.8326263,2026-04-06T00:37:15
89.352965,-22.493221,0.89913336307805,1.8322705,2026-04-06T00:38:15
89.53747,-22.323872,0.89913409781806,1.8319202,2026-04-06T00:39:15
89.721748,-22.154519,0.89913483241874,1.8315755,2026-04-06T00:40:15
89.905801,-21.985163,0.8991355668823,1.8312364,2026-04-06T00:41:15
90.089635,-21.815806,0.89913630121094,1.8309027,2026-04-06T00:42:15
90.273252,-21.64645,0.89913703540689,1.8305746,2026-04-06T00:43:15
90.456657,-21.477097,0.89913776947236,1.8302521,2026-04-06T00:44:15
90.639854,-21.307748,0.8991385034096,1.829935,2026-04-06T00:45:15
90.822847,-21.138405,0.89913923722081,1.8296236,2026-04-06T00:46:15
91.00564,-20.969069,0.89913997090825,1.8293178,2026-04-06T00:47:15
91.188236,-20.799744,0.89914070447415,1.8290176,2026-04-06T00:48:15
91.370639,-20.630429,0.89914143792081,1.828723,2026-04-06T00:49:15
91.552854,-20.461127,0.89914217125044,1.828434,2026-04-06T00:50:15
91.734884,-20.29184,0.89914290446532,1.8281506,2026-04-06T00:51:15
91.916732,-20.122568,0.89914363756766,1.8278729,2026-04-06T00:52:15
92.098403,-19.953315,0.89914437055972,1.8276007,2026-04-06T00:53:15
92.279901,-19.784081,0.89914510344374,1.8273341,2026-04-06T00:54:15
92.461229,-19.614869,0.89914583622198,1.8270731,2026-04-06T00:55:15
92.64239,-19.44568,0.89914656889667,1.8268177,2026-04-06T00:56:15
92.823389,-19.276515,0.89914730147009,1.826568,2026-04-06T00:57:15
93.004229,-19.107376,0.89914803394448,1.826324,2026-04-06T00:58:15
93.184915,-18.938266,0.89914876632218,1.8260856,2026-04-06T00:59:15
93.365448,-18.769184,0.89914949860541,1.8258529,2026-04-06T01:00:15
93.545834,-18.600135,0.89915023079649,1.8256259,2026-04-06T01:01:15
93.726075,-18.431118,0.89915096289762,1.8254045,2026-04-06T01:02:15
93.906176,-18.262135,0.89915169491111,1.8251888,2026-04-06T01:03:15
94.08614,-18.093189,0.8991524268392,1.8249787,2026-04-06T01:04:15
94.26597,-17.924281,0.89915315868418,1.8247742,2026-04-06T01:05:15
94.44567,-17.755411,0.89915389044828,1.8245755,2026-04-06T01:06:15
94.625243,-17.586584,0.89915462213385,1.8243824,2026-04-06T01:07:15
94.804693,-17.417798,0.89915535374311,1.8241951,2026-04-06T01:08:15
94.984024,-17.249057,0.89915608527841,1.8240135,2026-04-06T01:09:15
95.163239,-17.080362,0.89915681674202,1.8238376,2026-04-06T01:10:15
95.342341,-16.911715,0.89915754813621,1.8236673,2026-04-06T01:11:15
95.521334,-16.743116,0.89915827946329,1.8235028,2026-04-06T01:12:15
95.700221,-16.574569,0.89915901072551,1.8233439,2026-04-06T01:13:15
95.879006,-16.406074,0.89915974192517,1.8231908,2026-04-06T01:14:15
96.057692,-16.237632,0.89916047306454,1.8230433,2026-04-06T01:15:15
96.236282,-16.069247,0.89916120414592,1.8229015,2026-04-06T01:16:15
96.41478,-15.900918,0.89916193517158,1.8227655,2026-04-06T01:17:15
96.593189,-15.732649,0.89916266614383,1.8226352,2026-04-06T01:18:15
96.771512,-15.564439,0.89916339706499,1.8225107,2026-04-06T01:19:15
96.949753,-15.396292,0.89916412793739,1.8223919,2026-04-06T01:20:15
97.127915,-15.228209,0.89916485876329,1.8222788,2026-04-06T01:21:15
97.306001,-15.06019,0.89916558954497,1.8221715,2026-04-06T01:22:15
97.484015,-14.892239,0.89916632028478,1.8220698,2026-04-06T01:23:15
97.661959,-14.724355,0.89916705098494,1.8219739,2026-04-06T01:24:15
97.839838,-14.556542,0.89916778164778,1.8218837,2026-04-06T01:25:15
98.017653,-14.3888,0.89916851227561,1.8217992,2026-04-06T01:26:15
98.19541,-14.221132,0.89916924287071,1.8217205,2026-04-06T01:27:15
98.373109,-14.053538,0.89916997343541,1.8216476,2026-04-06T01:28:15
98.550756,-13.88602,0.89917070397201,1.8215804,2026-04-06T01:29:15
98.728353,-13.718581,0.89917143448284,1.821519,2026-04-06T01:30:15
98.905903,-13.55122,0.8991721649702,1.8214634,2026-04-06T01:31:15
99.083409,-13.383941,0.89917289543637,1.8214134,2026-04-06T01:32:15
99.260875,-13.216745,0.8991736258837,1.8213692,2026-04-06T01:33:15
99.438303,-13.049633,0.89917435631442,1.8213308,2026-04-06T01:34:15
99.615697,-12.882606,0.89917508673088,1.821298,2026-04-06T01:35:15
99.793059,-12.715667,0.89917581713533,1.821271,2026-04-06T01:36:15
99.970394,-12.548817,0.89917654753014,1.8212498,2026-04-06T01:37:15
100.147703,-12.382058,0.89917727791758,1.8212344,2026-04-06T01:38:15
100.32499,-12.21539,0.89917800830002,1.8212248,2026-04-06T01:39:15
100.502259,-12.048817,0.89917873867975,1.8212209,2026-04-06T01:40:15
100.679511,-11.882339,0.89917946905906,1.8212228,2026-04-06T01:41:15
100.856751,-11.715957,0.89918019944029,1.8212304,2026-04-06T01:42:15
101.03398,-11.549674,0.89918092982572,1.8212437,2026-04-06T01:43:15
101.211203,-11.383491,0.89918166021764,1.8212628,2026-04-06T01:44:15
101.388422,-11.21741,0.89918239061838,1.8212876,2026-04-06T01:45:15
101.56564,-11.051432,0.8991831210302,1.8213182,2026-04-06T01:46:15
101.74286,-10.885559,0.89918385145547,1.8213545,2026-04-06T01:47:15
101.920085,-10.719792,0.89918458189645,1.8213967,2026-04-06T01:48:15
102.097318,-10.554133,0.89918531235551,1.8214446,2026-04-06T01:49:15
102.274562,-10.388584,0.89918604283494,1.8214983,2026-04-06T01:50:15
102.451819,-10.223146,0.89918677333704,1.8215577,2026-04-06T01:51:15
102.629094,-10.057821,0.89918750386413,1.8216229,2026-04-06T01:52:15
102.806388,-9.89261,0.8991882344185,1.8216938,2026-04-06T01:53:15
102.983705,-9.727515,0.89918896500246,1.8217704,2026-04-06T01:54:15
103.161047,-9.562537,0.8991896956183,1.8218527,2026-04-06T01:55:15
103.338417,-9.397679,0.8991904262683,1.8219409,2026-04-06T01:56:15
103.515819,-9.232941,0.8991911569548,1.8220347,2026-04-06T01:57:15
103.693254,-9.068326,0.89919188768013,1.8221344,2026-04-06T01:58:15
103.870727,-8.903835,0.89919261844657,1.8222398,2026-04-06T01:59:15
104.048239,-8.739469,0.89919334925646,1.822351,2026-04-06T02:00:15
104.225794,-8.57523,0.89919408011206,1.8224679,2026-04-06T02:01:15
104.403395,-8.41112,0.89919481101573,1.8225906,2026-04-06T02:02:15
104.581043,-8.247141,0.8991955419697,1.8227189,2026-04-06T02:03:15
104.758743,-8.083293,0.89919627297629,1.8228529,2026-04-06T02:04:15
104.936496,-7.919579,0.89919700403778,1.8229927,2026-04-06T02:05:15
105.114306,-7.756,0.89919773515646,1.8231382,2026-04-06T02:06:15
105.292176,-7.592558,0.89919846633465,1.8232894,2026-04-06T02:07:15
105.470107,-7.429254,0.89919919757464,1.8234464,2026-04-06T02:08:15
105.648104,-7.266091,0.89919992887875,1.8236092,2026-04-06T02:09:15
105.826168,-7.103069,0.89920066024926,1.8237776,2026-04-06T02:10:15
106.004302,-6.94019,0.89920139168849,1.8239518,2026-04-06T02:11:15
106.18251,-6.777456,0.89920212319872,1.8241317,2026-04-06T02:12:15
106.360794,-6.614869,0.89920285478223,1.8243173,2026-04-06T02:13:15
106.539156,-6.45243,0.89920358644129,1.8245085,2026-04-06T02:14:15
106.7176,-6.290141,0.8992043181782,1.8247055,2026-04-06T02:15:15
106.896127,-6.128003,0.89920504999524,1.8249081,2026-04-06T02:16:15
107.074742,-5.966019,0.89920578189467,1.8251164,2026-04-06T02:17:15
107.253445,-5.804189,0.89920651387881,1.8253305,2026-04-06T02:18:15
107.432241,-5.642516,0.89920724594996,1.8255503,2026-04-06T02:19:15
107.611132,-5.481,0.89920797811039,1.8257758,2026-04-06T02:20:15
107.79012,-5.319645,0.8992087103624,1.826007,2026-04-06T02:21:15
107.969208,-5.158451,0.89920944270823,1.8262438,2026-04-06T02:22:15
108.148399,-4.99742,0.89921017515017,1.8264863,2026-04-06T02:23:15
108.327696,-4.836553,0.89921090769049,1.8267344,2026-04-06T02:24:15
108.5071,-4.675853,0.89921164033144,1.8269881,2026-04-06T02:25:15
108.686615,-4.515321,0.89921237307529,1.8272475,2026-04-06T02:26:15
108.866244,-4.354959,0.89921310592431,1.8275126,2026-04-06T02:27:15
109.045988,-4.194768,0.89921383888078,1.8277834,2026-04-06T02:28:15
109.225851,-4.034751,0.89921457194697,1.8280598,2026-04-06T02:29:15
109.405835,-3.874908,0.89921530512517,1.8283419,2026-04-06T02:30:15
109.585943,-3.715241,0.89921603841763,1.8286297,2026-04-06T02:31:15
109.766177,-3.555753,0.8992167718266,1.828923,2026-04-06T02:32:15
109.94654,-3.396445,0.89921750535432,1.8292219,2026-04-06T02:33:15
110.127034,-3.237318,0.89921823900305,1.8295264,2026-04-06T02:34:15
110.307662,-3.078375,0.89921897277505,1.8298366,2026-04-06T02:35:15
110.488427,-2.919617,0.89921970667253,1.8301523,2026-04-06T02:36:15
110.669331,-2.761045,0.89922044069775,1.8304736,2026-04-06T02:37:15
110.850377,-2.602662,0.89922117485298,1.8308006,2026-04-06T02:38:15
111.031567,-2.444469,0.89922190914047,1.8311333,2026-04-06T02:39:15
111.212904,-2.286468,0.89922264356248,1.8314714,2026-04-06T02:40:15
111.39439,-2.128661,0.89922337812122,1.8318152,2026-04-06T02:41:15
111.576027,-1.971049,0.89922411281895,1.8321645,2026-04-06T02:42:15
111.75782,-1.813635,0.89922484765788,1.8325194,2026-04-06T02:43:15
111.939768,-1.656419,0.89922558264021,1.8328798,2026-04-06T02:44:15
112.121877,-1.499404,0.8992263177682,1.8332457,2026-04-06T02:45:15
112.304147,-1.342591,0.89922705304405,1.8336172,2026-04-06T02:46:15
112.486581,-1.185983,0.89922778846999,1.8339942,2026-04-06T02:47:15
112.669182,-1.02958,0.89922852404822,1.8343768,2026-04-06T02:48:15
112.851952,-0.873386,0.89922925978104,1.8347649,2026-04-06T02:49:15
113.034894,-0.7174,0.8992299956706,1.8351586,2026-04-06T02:50:15
113.21801,-0.561627,0.89923073171916,1.8355578,2026-04-06T02:51:15
113.401303,-0.406066,0.89923146792891,1.8359624,2026-04-06T02:52:15
113.584775,-0.25072,0.89923220430202,1.8363726,2026-04-06T02:53:15
113.768428,-0.095591,0.89923294084072,1.8367882,2026-04-06T02:54:15
113.952265,0.05932,0.89923367754717,1.8372092,2026-04-06T02:55:15
114.136288,0.21401,0.89923441442361,1.8376358,2026-04-06T02:56:15
114.320501,0.368478,0.89923515147217,1.8380678,2026-04-06T02:57:15
114.504904,0.522722,0.8992358886951,1.8385053,2026-04-06T02:58:15
114.689501,0.676741,0.89923662609461,1.8389483,2026-04-06T02:59:15
114.874294,0.830531,0.89923736367284,1.8393967,2026-04-06T03:00:15
115.059285,0.984093,0.89923810143202,1.8398506,2026-04-06T03:01:15
115.244477,1.137423,0.89923883937428,1.8403098,2026-04-06T03:02:15
115.429872,1.290519,0.89923957750181,1.8407745,2026-04-06T03:03:15
115.615472,1.443381,0.89924031581677,1.8412445,2026-04-06T03:04:15
115.801281,1.596006,0.89924105432129,1.84172,2026-04-06T03:05:15
115.987299,1.748392,0.89924179301758,1.8422008,2026-04-06T03:06:15
116.17353,1.900537,0.89924253190776,1.842687,2026-04-06T03:07:15
116.359976,2.05244,0.89924327099401,1.8431786,2026-04-06T03:08:15
116.546639,2.204099,0.89924401027852,1.8436756,2026-04-06T03:09:15
116.733522,2.355511,0.8992447497634,1.844178,2026-04-06T03:10:15
116.920626,2.506675,0.89924548945084,1.8446857,2026-04-06T03:11:15
117.107955,2.657588,0.89924622934294,1.8451987,2026-04-06T03:12:15
117.29551,2.80825,0.89924696944185,1.845717,2026-04-06T03:13:15
117.483294,2.958658,0.89924770974969,1.8462406,2026-04-06T03:14:15
117.671309,3.10881,0.89924845026857,1.8467695,2026-04-06T03:15:15
117.859557,3.258704,0.89924919100064,1.8473037,2026-04-06T03:16:15
118.048041,3.408338,0.89924993194799,1.8478432,2026-04-06T03:17:15
118.236762,3.557711,0.89925067311275,1.848388,2026-04-06T03:18:15
118.425724,3.70682,0.89925141449709,1.8489381,2026-04-06T03:19:15
118.614928,3.855663,0.89925215610309,1.8494935,2026-04-06T03:20:15
118.804377,4.004239,0.89925289793285,1.8500541,2026-04-06T03:21:15
118.994073,4.152545,0.89925363998849,1.8506199,2026-04-06T03:22:15
119.184017,4.30058,0.89925438227209,1.8511909,2026-04-06T03:23:15
119.374213,4.448341,0.89925512478573,1.8517672,2026-04-06T03:24:15
119.564662,4.595827,0.89925586753151,1.8523486,2026-04-06T03:25:15
119.755368,4.743036,0.89925661051149,1.8529352,2026-04-06T03:26:15
119.946331,4.889964,0.89925735372777,1.853527,2026-04-06T03:27:15
120.137554,5.036612,0.89925809718243,1.854124,2026-04-06T03:28:15
120.329039,5.182976,0.89925884087755,1.8547262,2026-04-06T03:29:15
120.520789,5.329054,0.8992595848152,1.8553335,2026-04-06T03:30:15
120.712805,5.474845,0.89926032899746,1.855946,2026-04-06T03:31:15
120.90509,5.620346,0.89926107342637,1.8565636,2026-04-06T03:32:15
121.097646,5.765555,0.89926181810398,1.8571863,2026-04-06T03:33:15
121.290474,5.910471,0.89926256303233,1.857814,2026-04-06T03:34:15
121.483578,6.055091,0.89926330821342,1.8584469,2026-04-06T03:35:15
121.676959,6.199413,0.89926405364934,1.8590848,2026-04-06T03:36:15
121.87062,6.343436,0.89926479934211,1.8597277,2026-04-06T03:37:15
122.064562,6.487156,0.89926554529373,1.8603758,2026-04-06T03:38:15
122.258787,6.630572,0.8992662915063,1.861029,2026-04-06T03:39:15
122.453298,6.773682,0.8992670379818,1.8616871,2026-04-06T03:40:15
122.648096,6.916484,0.89926778472227,1.8623503,2026-04-06T03:41:15
122.843185,7.058976,0.89926853172971,1.8630185,2026-04-06T03:42:15
123.038565,7.201155,0.89926927900612,1.8636917,2026-04-06T03:43:15
123.234238,7.343019,0.89927002655349,1.8643698,2026-04-06T03:44:15
123.430208,7.484567,0.89927077437379,1.8650529,2026-04-06T03:45:15
123.626475,7.625796,0.89927152246905,1.8657409,2026-04-06T03:46:15
123.823042,7.766704,0.89927227084121,1.8664339,2026-04-06T03:47:15
124.019911,7.907288,0.8992730194923,1.8671319,2026-04-06T03:48:15
124.217083,8.047548,0.89927376842428,1.8678348,2026-04-06T03:49:15
124.414561,8.18748,0.89927451763912,1.8685426,2026-04-06T03:50:15
124.612347,8.327082,0.89927526713882,1.8692553,2026-04-06T03:51:15
124.810443,8.466352,0.8992760169253,1.8699728,2026-04-06T03:52:15
125.00885,8.605289,0.89927676700053,1.8706952,2026-04-06T03:53:15
125.20757,8.743889,0.89927751736643,1.8714224,2026-04-06T03:54:15
125.406606,8.882151,0.89927826802493,1.8721545,2026-04-06T03:55:15
125.60596,9.020072,0.899279018978,1.8728914,2026-04-06T03:56:15
125.805632,9.157651,0.89927977022753,1.873633,2026-04-06T03:57:15
126.005625,9.294884,0.89928052177547,1.8743796,2026-04-06T03:58:15
126.205941,9.431771,0.89928127362378,1.8751309,2026-04-06T03:59:15
126.406582,9.568307,0.89928202577437,1.875887,2026-04-06T04:00:15
126.60755,9.704492,0.89928277822911,1.8766479,2026-04-06T04:01:15
126.808846,9.840323,0.89928353098994,1.8774134,2026-04-06T04:02:15
127.010472,9.975798,0.89928428405875,1.8781837,2026-04-06T04:03:15
127.21243,10.110915,0.89928503743739,1.8789587,2026-04-06T04:04:15
127.414721,10.24567,0.89928579112778,1.8797384,2026-04-06T04:05:15
127.617349,10.380063,0.89928654513178,1.8805227,2026-04-06T04:06:15
127.820313,10.51409,0.89928729945125,1.8813117,2026-04-06T04:07:15
128.023617,10.647749,0.8992880540881,1.8821054,2026-04-06T04:08:15
128.227261,10.781039,0.8992888090442,1.8829038,2026-04-06T04:09:15
128.431247,10.913956,0.89928956432142,1.8837068,2026-04-06T04:10:15
128.635578,11.046499,0.89929031992157,1.8845144,2026-04-06T04:11:15
128.840254,11.178665,0.8992910758465,1.8853265,2026-04-06T04:12:15
129.045278,11.310452,0.89929183209809,1.8861433,2026-04-06T04:13:15
129.250651,11.441858,0.89929258867812,1.8869645,2026-04-06T04:14:15
129.456375,11.572879,0.8992933455884,1.8877903,2026-04-06T04:15:15
129.66245,11.703515,0.8992941028308,1.8886207,2026-04-06T04:16:15
129.86888,11.833762,0.89929486040707,1.8894555,2026-04-06T04:17:15
130.075665,11.963618,0.89929561831908,1.8902949,2026-04-06T04:18:15
130.282808,12.09308,0.89929637656862,1.8911388,2026-04-06T04:19:15
130.490308,12.222147,0.89929713515749,1.8919872,2026-04-06T04:20:15
130.698169,12.350816,0.89929789408751,1.89284,2026-04-06T04:21:15
130.906392,12.479085,0.89929865336039,1.8936973,2026-04-06T04:22:15
131.114977,12.606951,0.89929941297798,1.8945589,2026-04-06T04:23:15
131.323927,12.734412,0.89930017294197,1.895425,2026-04-06T04:24:15
131.533243,12.861465,0.89930093325418,1.8962954,2026-04-06T04:25:15
131.742927,12.988108,0.89930169391632,1.8971702,2026-04-06T04:26:15
131.952979,13.114339,0.89930245493015,1.8980493,2026-04-06T04:27:15
132.163402,13.240155,0.89930321629744,1.8989328,2026-04-06T04:28:15
132.374196,13.365553,0.89930397801991,1.8998207,2026-04-06T04:29:15
132.585363,13.490532,0.89930474009934,1.9007129,2026-04-06T04:30:15
132.796904,13.615089,0.89930550253743,1.9016093,2026-04-06T04:31:15
133.008821,13.739221,0.89930626533588,1.9025101,2026-04-06T04:32:15
133.221115,13.862927,0.89930702849639,1.903415,2026-04-06T04:33:15
133.433787,13.986202,0.89930779202068,1.9043242,2026-04-06T04:34:15
133.646839,14.109046,0.89930855591044,1.9052376,2026-04-06T04:35:15
133.860271,14.231456,0.89930932016733,1.9061551,2026-04-06T04:36:15
134.074085,14.353428,0.89931008479304,1.9070769,2026-04-06T04:37:15
134.288282,14.474961,0.89931084978927,1.9080029,2026-04-06T04:38:15
134.502863,14.596053,0.89931161515769,1.9089331,2026-04-06T04:39:15
134.71783,14.7167,0.89931238089996,1.9098674,2026-04-06T04:40:15
134.933183,14.8369,0.89931314701776,1.9108058,2026-04-06T04:41:15
135.148924,14.95665,0.89931391351274,1.9117483,2026-04-06T04:42:15
135.365053,15.075949,0.89931468038649,1.9126949,2026-04-06T04:43:15
135.581572,15.194794,0.89931544764066,1.9136455,2026-04-06T04:44:15
135.798482,15.313181,0.89931621527689,1.9146001,2026-04-06T04:45:15
136.015783,15.43111,0.89931698329676,1.9155588,2026-04-06T04:46:15
136.233477,15.548576,0.89931775170189,1.9165215,2026-04-06T04:47:15
136.451565,15.665578,0.89931852049392,1.9174882,2026-04-06T04:48:15
136.670047,15.782113,0.89931928967446,1.9184589,2026-04-06T04:49:15
136.888925,15.898178,0.89932005924506,1.9194336,2026-04-06T04:50:15
137.108199,16.013771,0.89932082920734,1.9204122,2026-04-06T04:51:15
137.32787,16.12889,0.89932159956286,1.9213947,2026-04-06T04:52:15
137.547939,16.243531,0.8993223703132,1.9223811,2026-04-06T04:53:15
137.768407,16.357693,0.89932314145988,1.9233714,2026-04-06T04:54:15
137.989274,16.471372,0.89932391300449,1.9243655,2026-04-06T04:55:15
138.210542,16.584567,0.89932468494853,1.9253635,2026-04-06T04:56:15
138.432211,16.697274,0.89932545729357,1.9263653,2026-04-06T04:57:15
138.654281,16.809491,0.89932623004116,1.9273709,2026-04-06T04:58:15
138.876754,16.921216,0.89932700319279,1.9283804,2026-04-06T04:59:15
139.09963,17.032446,0.89932777675002,1.9293936,2026-04-06T05:00:15
139.322909,17.143177,0.89932855071435,1.9304106,2026-04-06T05:01:15
139.546592,17.253409,0.89932932508728,1.9314313,2026-04-06T05:02:15
139.77068,17.363138,0.89933009987028,1.9324556,2026-04-06T05:03:15
139.995174,17.472361,0.89933087506483,1.9334837,2026-04-06T05:04:15
140.220073,17.581076,0.89933165067239,1.9345154,2026-04-06T05:05:15
140.445377,17.68928,0.89933242669447,1.9355508,2026-04-06T05:06:15
140.671089,17.796972,0.89933320313247,1.9365898,2026-04-06T05:07:15
140.897207,17.904147,0.89933397998793,1.9376325,2026-04-06T05:08:15
141.123733,18.010804,0.89933475726223,1.9386788,2026-04-06T05:09:15
141.350666,18.11694,0.89933553495688,1.9397286,2026-04-06T05:10:15
141.578007,18.222552,0.89933631307325,1.9407821,2026-04-06T05:11:15
141.805756,18.327638,0.8993370916128,1.941839,2026-04-06T05:12:15
142.033914,18.432195,0.89933787057695,1.9428994,2026-04-06T05:13:15
142.26248,18.536221,0.89933864996705,1.9439634,2026-04-06T05:14:15
142.491454,18.639713,0.89933942978454,1.9450308,2026-04-06T05:15:15
142.720838,18.742668,0.89934021003079,1.9461016,2026-04-06T05:16:15
142.95063,18.845084,0.89934099070717,1.9471759,2026-04-06T05:17:15
143.180832,18.946958,0.89934177181507,1.9482537,2026-04-06T05:18:15
143.411442,19.048287,0.8993425533559,1.9493348,2026-04-06T05:19:15
143.642461,19.149069,0.899343335331,1.9504194,2026-04-06T05:20:15
143.873889,19.249302,0.89934411774168,1.9515073,2026-04-06T05:21:15
144.105727,19.348982,0.89934490058933,1.9525985,2026-04-06T05:22:15
144.337972,19.448108,0.89934568387529,1.953693,2026-04-06T05:23:15
144.570627,19.546676,0.89934646760082,1.9547908,2026-04-06T05:24:15
144.803689,19.644683,0.89934725176728,1.9558919,2026-04-06T05:25:15
145.03716,19.742128,0.89934803637594,1.9569962,2026-04-06T05:26:15
145.271039,19.839008,0.89934882142813,1.9581037,2026-04-06T05:27:15
145.505325,19.93532,0.89934960692513,1.9592145,2026-04-06T05:28:15
145.740019,20.031061,0.89935039286826,1.9603285,2026-04-06T05:29:15
145.975119,20.12623,0.89935117925877,1.9614457,2026-04-06T05:30:15
146.210626,20.220822,0.89935196609797,1.962566,2026-04-06T05:31:15
146.446539,20.314836,0.89935275338706,1.9636894,2026-04-06T05:32:15
146.682857,20.40827,0.89935354112733,1.964816,2026-04-06T05:33:15
146.91958,20.501119,0.89935432931997,1.9659456,2026-04-06T05:34:15
147.156708,20.593383,0.89935511796626,1.9670782,2026-04-06T05:35:15
147.394239,20.685058,0.89935590706739,1.9682139,2026-04-06T05:36:15
147.632174,20.776142,0.89935669662459,1.9693526,2026-04-06T05:37:15
147.87051,20.866632,0.89935748663906,1.9704944,2026-04-06T05:38:15
148.109249,20.956526,0.89935827711203,1.9716392,2026-04-06T05:39:15
148.348389,21.045821,0.89935906804468,1.9727869,2026-04-06T05:40:15
148.587928,21.134514,0.8993598594382,1.9739375,2026-04-06T05:41:15
148.827867,21.222604,0.89936065129378,1.9750911,2026-04-06T05:42:15
149.068205,21.310087,0.89936144361252,1.9762475,2026-04-06T05:43:15
149.308939,21.39696,0.89936223639563,1.9774068,2026-04-06T05:44:15
149.550071,21.483222,0.8993630296442,1.9785689,2026-04-06T05:45:15
149.791597,21.56887,0.89936382335941,1.9797338,2026-04-06T05:46:15
150.033518,21.653901,0.89936461754234,1.9809016,2026-04-06T05:47:15
150.275833,21.738313,0.89936541219418,1.9820722,2026-04-06T05:48:15
150.518539,21.822103,0.899366207316,1.9832455,2026-04-06T05:49:15
150.761637,21.905269,0.89936700290894,1.9844216,2026-04-06T05:50:15
151.005124,21.987809,0.89936779897409,1.9856004,2026-04-06T05:51:15
151.249,22.069718,0.89936859551253,1.9867819,2026-04-06T05:52:15
151.493262,22.150997,0.89936939252529,1.987966,2026-04-06T05:53:15
151.737911,22.231641,0.89937019001349,1.9891528,2026-04-06T05:54:15
151.982944,22.311648,0.89937098797817,1.9903422,2026-04-06T05:55:15
152.22836,22.391016,0.89937178642036,1.9915342,2026-04-06T05:56:15
152.474157,22.469743,0.89937258534108,1.9927288,2026-04-06T05:57:15
152.720335,22.547825,0.89937338474143,1.993926,2026-04-06T05:58:15
152.96689,22.625261,0.89937418462241,1.9951258,2026-04-06T05:59:15
153.213823,22.702049,0.89937498498502,1.996328,2026-04-06T06:00:15
153.46113,22.778185,0.89937578583031,1.9975328,2026-04-06T06:01:15
153.708811,22.853667,0.89937658715924,1.99874,2026-04-06T06:02:15
153.956863,22.928493,0.8993773889728,1.9999496,2026-04-06T06:03:15
154.205285,23.002661,0.89937819127193,2.0011617,2026-04-06T06:04:15
154.454076,23.076168,0.89937899405763,2.0023761,2026-04-06T06:05:15
154.703232,23.149011,0.89937979733083,2.0035929,2026-04-06T06:06:15
154.952752,23.221189,0.89938060109252,2.0048121,2026-04-06T06:07:15
155.202635,23.292699,0.89938140534359,2.0060336,2026-04-06T06:08:15
155.452878,23.363539,0.89938221008504,2.0072575,2026-04-06T06:09:15
155.703478,23.433707,0.89938301531775,2.0084836,2026-04-06T06:10:15
155.954435,23.503199,0.89938382104265,2.0097121,2026-04-06T06:11:15
156.205746,23.572015,0.89938462726064,2.0109427,2026-04-06T06:12:15
156.457408,23.640151,0.89938543397262,2.0121756,2026-04-06T06:13:15
156.70942,23.707605,0.89938624117949,2.0134106,2026-04-06T06:14:15
156.961779,23.774376,0.89938704888206,2.0146478,2026-04-06T06:15:15
157.214483,23.84046,0.89938785708121,2.0158872,2026-04-06T06:16:15
157.467529,23.905856,0.89938866577783,2.0171286,2026-04-06T06:17:15
157.720915,23.970562,0.89938947497276,2.0183722,2026-04-06T06:18:15
157.974639,24.034575,0.89939028466684,2.0196179,2026-04-06T06:19:15
158.228697,24.097893,0.8993910948609,2.0208657,2026-04-06T06:20:15
158.483088,24.160513,0.89939190555578,2.0221155,2026-04-06T06:21:15
158.737809,24.222435,0.89939271675225,2.0233672,2026-04-06T06:22:15
158.992858,24.283655,0.89939352845112,2.024621,2026-04-06T06:23:15
159.24823,24.344172,0.89939434065322,2.0258767,2026-04-06T06:24:15
159.503925,24.403983,0.89939515335927,2.0271343,2026-04-06T06:25:15
159.759939,24.463087,0.89939596657006,2.0283939,2026-04-06T06:26:15
160.016269,24.521481,0.89939678028635,2.0296553,2026-04-06T06:27:15
160.272912,24.579163,0.89939759450892,2.0309186,2026-04-06T06:28:15
160.529866,24.636132,0.89939840923851,2.0321838,2026-04-06T06:29:15
160.787127,24.692385,0.89939922447585,2.0334509,2026-04-06T06:30:15
161.044693,24.74792,0.89940004022167,2.0347197,2026-04-06T06:31:15
161.302561,24.802735,0.8994008564767,2.0359902,2026-04-06T06:32:15
161.560726,24.856829,0.89940167324161,2.0372625,2026-04-06T06:33:15
161.819188,24.910199,0.89940249051709,2.0385365,2026-04-06T06:34:15
162.077941,24.962844,0.89940330830382,2.0398122,2026-04-06T06:35:15
162.336983,25.014762,0.8994041266025,2.0410895,2026-04-06T06:36:15
162.596312,25.06595,0.89940494541376,2.0423685,2026-04-06T06:37:15
162.855922,25.116407,0.89940576473831,2.0436492,2026-04-06T06:38:15
163.115812,25.166132,0.89940658457677,2.0449315,2026-04-06T06:39:15
163.375977,25.215121,0.89940740492979,2.0462154,2026-04-06T06:40:15
163.636415,25.263374,0.89940822579801,2.0475008,2026-04-06T06:41:15
163.897122,25.310889,0.89940904718203,2.0487877,2026-04-06T06:42:15
164.158095,25.357664,0.89940986908245,2.0500761,2026-04-06T06:43:15
164.419329,25.403698,0.89941069149991,2.051366,2026-04-06T06:44:15
164.680821,25.448987,0.89941151443493,2.0526574,2026-04-06T06:45:15
164.942569,25.493532,0.89941233788812,2.0539502,2026-04-06T06:46:15
165.204567,25.53733,0.89941316186005,2.0552443,2026-04-06T06:47:15
165.466814,25.58038,0.89941398635129,2.05654,2026-04-06T06:48:15
165.729303,25.62268,0.89941481136238,2.0578369,2026-04-06T06:49:15
165.992033,25.664229,0.89941563689388,2.0591352,2026-04-06T06:50:15
166.255,25.705024,0.89941646294634,2.0604349,2026-04-06T06:51:15
166.518198,25.745065,0.89941728952023,2.0617358,2026-04-06T06:52:15
166.781625,25.784349,0.89941811661607,2.0630379,2026-04-06T06:53:15
167.045277,25.822876,0.89941894423439,2.0643413,2026-04-06T06:54:15
167.30915,25.860644,0.89941977237564,2.0656458,2026-04-06T06:55:15
167.573239,25.897652,0.89942060104033,2.0669516,2026-04-06T06:56:15
167.837541,25.933898,0.89942143022889,2.0682585,2026-04-06T06:57:15
168.102052,25.96938,0.89942225994182,2.0695666,2026-04-06T06:58:15
168.366768,26.004098,0.89942309017956,2.0708758,2026-04-06T06:59:15
168.631685,26.03805,0.89942392094258,2.0721861,2026-04-06T07:00:15
168.896797,26.071235,0.89942475223129,2.0734975,2026-04-06T07:01:15
169.162103,26.103651,0.89942558404613,2.0748099,2026-04-06T07:02:15
169.427596,26.135298,0.89942641638749,2.0761233,2026-04-06T07:03:15
169.693274,26.166174,0.89942724925577,2.0774377,2026-04-06T07:04:15
169.959131,26.196277,0.89942808265136,2.078753,2026-04-06T07:05:15
170.225164,26.225607,0.89942891657464,2.0800693,2026-04-06T07:06:15
170.491368,26.254163,0.89942975102598,2.0813865,2026-04-06T07:07:15
170.757738,26.281944,0.89943058600577,2.0827047,2026-04-06T07:08:15
171.024272,26.308947,0.89943142151436,2.0840237,2026-04-06T07:09:15
171.290963,26.335173,0.89943225755207,2.0853435,2026-04-06T07:10:15
171.557808,26.360621,0.89943309411926,2.0866642,2026-04-06T07:11:15
171.824803,26.385288,0.89943393121625,2.0879856,2026-04-06T07:12:15
172.091942,26.409175,0.89943476884335,2.0893078,2026-04-06T07:13:15
172.359222,26.432281,0.89943560700082,2.0906307,2026-04-06T07:14:15
172.626638,26.454604,0.899436445689,2.0919544,2026-04-06T07:15:15
172.894185,26.476144,0.89943728490814,2.0932787,2026-04-06T07:16:15
173.161858,26.496899,0.89943812465851,2.0946037,2026-04-06T07:17:15
173.429655,26.51687,0.89943896494037,2.0959293,2026-04-06T07:18:15
173.697568,26.536054,0.89943980575403,2.0972556,2026-04-06T07:19:15
173.965595,26.554452,0.89944064709969,2.0985825,2026-04-06T07:20:15
174.233731,26.572063,0.8994414889776,2.09991,2026-04-06T07:21:15
174.50197,26.588886,0.89944233138796,2.1012379,2026-04-06T07:22:15
174.770308,26.60492,0.89944317433102,2.1025664,2026-04-06T07:23:15
175.038741,26.620165,0.89944401780694,2.1038954,2026-04-06T07:24:15
175.307264,26.63462,0.89944486181593,2.1052248,2026-04-06T07:25:15
175.575872,26.648285,0.89944570635816,2.1065547,2026-04-06T07:26:15
175.84456,26.661158,0.89944655143381,2.107885,2026-04-06T07:27:15
176.113324,26.673241,0.89944739704303,2.1092157,2026-04-06T07:28:15
176.382159,26.684531,0.899448243186,2.1105468,2026-04-06T07:29:15
176.65106,26.695029,0.89944908986286,2.1118783,2026-04-06T07:30:15
176.920023,26.704733,0.89944993707373,2.11321,2026-04-06T07:31:15
177.189042,26.713645,0.89945078481876,2.114542,2026-04-06T07:32:15
177.458113,26.721763,0.89945163309803,2.1158743,2026-04-06T07:33:15
177.727232,26.729087,0.89945248191164,2.1172068,2026-04-06T07:34:15
177.996392,26.735617,0.89945333125967,2.1185396,2026-04-06T07:35:15
178.26559,26.741353,0.89945418114224,2.1198725,2026-04-06T07:36:15
178.534821,26.746294,0.89945503155937,2.1212056,2026-04-06T07:37:15
178.80408,26.75044,0.89945588251116,2.1225388,2026-04-06T07:38:15
179.073362,26.753791,0.89945673399766,2.1238722,2026-04-06T07:39:15
179.342661,26.756346,0.89945758601891,2.1252057,2026-04-06T07:40:15
179.611975,26.758107,0.89945843857495,2.1265392,2026-04-06T07:41:15
179.881297,26.759072,0.89945929166579,2.1278728,2026-04-06T07:42:15
180.150622,26.759242,0.89946014529146,2.1292063,2026-04-06T07:43:15
180.419947,26.758616,0.89946099945194,2.1305399,2026-04-06T07:44:15
180.689266,26.757195,0.8994618541472,2.1318734,2026-04-06T07:45:15
180.958573,26.754979,0.89946270937724,2.1332068,2026-04-06T07:46:15
181.227866,26.751967,0.89946356514204,2.1345402,2026-04-06T07:47:15
181.497138,26.74816,0.89946442144153,2.1358735,2026-04-06T07:48:15
181.766384,26.743559,0.89946527827571,2.1372066,2026-04-06T07:49:15
182.035601,26.738162,0.8994661356445,2.1385396,2026-04-06T07:50:15
182.304783,26.731972,0.89946699354783,2.1398724,2026-04-06T07:51:15
182.573925,26.724986,0.8994678519856,2.141205,2026-04-06T07:52:15
182.843022,26.717207,0.89946871095778,2.1425373,2026-04-06T07:53:15
183.112071,26.708634,0.8994695704642,2.1438694,2026-04-06T07:54:15
183.381065,26.699268,0.89947043050478,2.1452012,2026-04-06T07:55:15
183.65,26.689109,0.89947129107938,2.1465327,2026-04-06T07:56:15
183.918872,26.678157,0.89947215218791,2.1478638,2026-04-06T07:57:15
184.187676,26.666413,0.8994730138302,2.1491946,2026-04-06T07:58:15
184.456406,26.653878,0.89947387600612,2.150525,2026-04-06T07:59:15
184.725059,26.640551,0.89947473871552,2.1518551,2026-04-06T08:00:15
184.993629,26.626434,0.8994756019582,2.1531846,2026-04-06T08:01:15
185.262112,26.611527,0.89947646573403,2.1545137,2026-04-06T08:02:15
185.530503,26.59583,0.89947733004276,2.1558423,2026-04-06T08:03:15
185.798797,26.579344,0.89947819488419,2.1571704,2026-04-06T08:04:15
186.06699,26.56207,0.89947906025814,2.1584979,2026-04-06T08:05:15
186.335077,26.544009,0.89947992616436,2.1598249,2026-04-06T08:06:15
186.603054,26.52516,0.89948079260265,2.1611513,2026-04-06T08:07:15
186.870916,26.505526,0.89948165957271,2.1624771,2026-04-06T08:08:15
187.138657,26.485107,0.89948252707438,2.1638023,2026-04-06T08:09:15
187.406275,26.463903,0.89948339510736,2.1651268,2026-04-06T08:10:15
187.673764,26.441915,0.89948426367138,2.1664506,2026-04-06T08:11:15
187.941119,26.419145,0.89948513276615,2.1677737,2026-04-06T08:12:15
188.208336,26.395592,0.89948600239141,2.1690961,2026-04-06T08:13:15
188.475411,26.371259,0.8994868725468,2.1704177,2026-04-06T08:14:15
188.74234,26.346146,0.89948774323206,2.1717385,2026-04-06T08:15:15
189.009117,26.320254,0.89948861444687,2.1730584,2026-04-06T08:16:15
189.275738,26.293584,0.89948948619085,2.1743776,2026-04-06T08:17:15
189.542199,26.266137,0.89949035846369,2.1756959,2026-04-06T08:18:15
189.808496,26.237914,0.89949123126507,2.1770134,2026-04-06T08:19:15
190.074625,26.208916,0.8994921045946,2.1783299,2026-04-06T08:20:15
190.34058,26.179144,0.89949297845193,2.1796455,2026-04-06T08:21:15
190.606358,26.1486,0.89949385283667,2.1809601,2026-04-06T08:22:15
190.871954,26.117285,0.89949472774843,2.1822737,2026-04-06T08:23:15
191.137365,26.085199,0.89949560318678,2.1835863,2026-04-06T08:24:15
191.402585,26.052345,0.89949647915134,2.1848979,2026-04-06T08:25:15
191.667612,26.018723,0.89949735564168,2.1862084,2026-04-06T08:26:15
191.93244,25.984335,0.89949823265736,2.1875178,2026-04-06T08:27:15
192.197066,25.949181,0.89949911019796,2.1888262,2026-04-06T08:28:15
192.461485,25.913264,0.89949998826301,2.1901334,2026-04-06T08:29:15
192.725694,25.876585,0.8995008668521,2.1914394,2026-04-06T08:30:15
192.989688,25.839145,0.89950174596471,2.1927443,2026-04-06T08:31:15
193.253464,25.800945,0.89950262560039,2.194048,2026-04-06T08:32:15
193.517018,25.761987,0.89950350575862,2.1953504,2026-04-06T08:33:15
193.780345,25.722273,0.89950438643895,2.1966515,2026-04-06T08:34:15
194.043442,25.681804,0.89950526764081,2.1979514,2026-04-06T08:35:15
194.306305,25.640581,0.89950614936371,2.19925,2026-04-06T08:36:15
194.568931,25.598606,0.89950703160712,2.2005472,2026-04-06T08:37:15
194.831315,25.55588,0.89950791437052,2.2018431,2026-04-06T08:38:15
195.093453,25.512406,0.89950879765335,2.2031377,2026-04-06T08:39:15
195.355343,25.468185,0.89950968145505,2.2044308,2026-04-06T08:40:15
195.61698,25.423218,0.89951056577506,2.2057225,2026-04-06T08:41:15
195.878361,25.377507,0.89951145061281,2.2070128,2026-04-06T08:42:15
196.139482,25.331053,0.8995123359677,2.2083015,2026-04-06T08:43:15
196.40034,25.28386,0.89951322183913,2.2095888,2026-04-06T08:44:15
196.660931,25.235927,0.8995141082265,2.2108745,2026-04-06T08:45:15
196.921252,25.187257,0.89951499512915,2.2121586,2026-04-06T08:46:15
197.181299,25.137852,0.89951588254651,2.2134412,2026-04-06T08:47:15
197.441069,25.087714,0.89951677047791,2.2147222,2026-04-06T08:48:15
197.700559,25.036844,0.89951765892273,2.2160017,2026-04-06T08:49:15
197.959765,24.985244,0.89951854788031,2.2172794,2026-04-06T08:50:15
198.218684,24.932917,0.89951943734997,2.2185555,2026-04-06T08:51:15
198.477313,24.879863,0.89952032733108,2.2198299,2026-04-06T08:52:15
198.735649,24.826085,0.89952121782291,2.2211026,2026-04-06T08:53:15
198.993688,24.771585,0.8995221088248,2.2223735,2026-04-06T08:54:15
199.251428,24.716364,0.899523000336,2.2236426,2026-04-06T08:55:15
199.508865,24.660425,0.89952389235582,2.22491,2026-04-06T08:56:15
199.765997,24.60377,0.89952478488355,2.2261755,2026-04-06T08:57:15
200.02282,24.5464,0.89952567791844,2.2274393,2026-04-06T08:58:15
200.279331,24.488318,0.89952657145976,2.2287012,2026-04-06T08:59:15
200.535529,24.429526,0.89952746550678,2.2299612,2026-04-06T09:00:15
200.791409,24.370026,0.8995283600587,2.2312192,2026-04-06T09:01:15
201.046969,24.309819,0.89952925511481,2.2324754,2026-04-06T09:02:15
201.302207,24.248908,0.89953015067426,2.2337296,2026-04-06T09:03:15
201.557119,24.187295,0.89953104673629,2.2349818,2026-04-06T09:04:15
201.811703,24.124983,0.8995319433001,2.2362319,2026-04-06T09:05:15
202.065957,24.061972,0.89953284036488,2.2374801,2026-04-06T09:06:15
202.319877,23.998266,0.8995337379298,2.2387262,2026-04-06T09:07:15
202.573462,23.933867,0.89953463599404,2.2399703,2026-04-06T09:08:15
202.826708,23.868776,0.89953553455679,2.2412122,2026-04-06T09:09:15
203.079614,23.802996,0.8995364336172,2.2424521,2026-04-06T09:10:15
203.332176,23.73653,0.89953733317438,2.2436898,2026-04-06T09:11:15
203.584394,23.669379,0.89953823322752,2.2449253,2026-04-06T09:12:15
203.836263,23.601545,0.89953913377569,2.2461586,2026-04-06T09:13:15
204.087783,23.533031,0.89954003481804,2.2473898,2026-04-06T09:14:15
204.33895,23.46384,0.89954093635366,2.2486186,2026-04-06T09:15:15
204.589764,23.393973,0.89954183838168,2.2498452,2026-04-06T09:16:15
204.84022,23.323433,0.89954274090113,2.2510696,2026-04-06T09:17:15
205.090319,23.252222,0.89954364391113,2.2522916,2026-04-06T09:18:15
205.340056,23.180342,0.89954454741075,2.2535113,2026-04-06T09:19:15
205.589431,23.107796,0.89954545139906,2.2547287,2026-04-06T09:20:15
205.838442,23.034586,0.8995463558751,2.2559437,2026-04-06T09:21:15
206.087086,22.960714,0.89954726083789,2.2571563,2026-04-06T09:22:15
206.335362,22.886183,0.89954816628651,2.2583664,2026-04-06T09:23:15
206.583268,22.810996,0.89954907221996,2.2595741,2026-04-06T09:24:15
206.830802,22.735154,0.89954997863726,2.2607794,2026-04-06T09:25:15
207.077963,22.658659,0.89955088553741,2.2619821,2026-04-06T09:26:15
207.324748,22.581516,0.89955179291939,2.2631824,2026-04-06T09:27:15
207.571157,22.503725,0.89955270078224,2.2643801,2026-04-06T09:28:15
207.817187,22.425289,0.89955360912491,2.2655753,2026-04-06T09:29:15
208.062837,22.346211,0.89955451794639,2.2667679,2026-04-06T09:30:15
208.308105,22.266493,0.8995554272456,2.2679579,2026-04-06T09:31:15
208.552991,22.186138,0.89955633702154,2.2691453,2026-04-06T09:32:15
208.797492,22.105148,0.89955724727313,2.27033,2026-04-06T09:33:15
209.041608,22.023525,0.89955815799927,2.271512,2026-04-06T09:34:15
209.285336,21.941272,0.89955906919894,2.2726914,2026-04-06T09:35:15
209.528676,21.858392,0.89955998087102,2.273868,2026-04-06T09:36:15
209.771627,21.774887,0.89956089301442,2.2750419,2026-04-06T09:37:15
210.014186,21.690759,0.89956180562804,2.276213,2026-04-06T09:38:15
210.256354,21.606011,0.89956271871076,2.2773814,2026-04-06T09:39:15
210.498129,21.520646,0.89956363226151,2.278547,2026-04-06T09:40:15
210.739509,21.434666,0.89956454627913,2.2797097,2026-04-06T09:41:15
210.980494,21.348073,0.89956546076249,2.2808696,2026-04-06T09:42:15
211.221084,21.260871,0.89956637571044,2.2820267,2026-04-06T09:43:15
211.461276,21.173061,0.89956729112185,2.2831808,2026-04-06T09:44:15
211.70107,21.084646,0.8995682069955,2.284332,2026-04-06T09:45:15
211.940465,20.99563,0.89956912333025,2.2854803,2026-04-06T09:46:15
212.17946,20.906013,0.89957004012492,2.2866257,2026-04-06T09:47:15
212.418055,20.8158,0.89957095737834,2.2877681,2026-04-06T09:48:15
212.656249,20.724992,0.89957187508928,2.2889075,2026-04-06T09:49:15
212.89404,20.633592,0.89957279325657,2.2900438,2026-04-06T09:50:15
213.131429,20.541602,0.89957371187899,2.2911772,2026-04-06T09:51:15
213.368415,20.449026,0.89957463095527,2.2923074,2026-04-06T09:52:15
213.604997,20.355865,0.89957555048424,2.2934346,2026-04-06T09:53:15
213.841175,20.262123,0.89957647046462,2.2945587,2026-04-06T09:54:15
214.076948,20.167802,0.89957739089516,2.2956796,2026-04-06T09:55:15
214.312315,20.072905,0.89957831177463,2.2967974,2026-04-06T09:56:15
214.547277,19.977433,0.89957923310172,2.297912,2026-04-06T09:57:15
214.781832,19.88139,0.89958015487518,2.2990235,2026-04-06T09:58:15
215.015981,19.784779,0.89958107709375,2.3001317,2026-04-06T09:59:15
215.249724,19.687601,0.89958199975612,2.3012367,2026-04-06T10:00:15
215.483059,19.589861,0.89958292286099,2.3023385,2026-04-06T10:01:15
215.715986,19.491559,0.89958384640706,2.303437,2026-04-06T10:02:15
215.948507,19.392699,0.899584770393,2.3045322,2026-04-06T10:03:15
216.180619,19.293283,0.89958569481751,2.3056241,2026-04-06T10:04:15
216.412324,19.193314,0.89958661967922,2.3067126,2026-04-06T10:05:15
216.643621,19.092795,0.89958754497682,2.3077978,2026-04-06T10:06:15
216.874509,18.991728,0.89958847070895,2.3088797,2026-04-06T10:07:15
217.10499,18.890116,0.89958939687424,2.3099581,2026-04-06T10:08:15
217.335063,18.787961,0.89959032347135,2.3110331,2026-04-06T10:09:15
217.564728,18.685267,0.89959125049892,2.3121047,2026-04-06T10:10:15
217.793984,18.582035,0.89959217795552,2.3131729,2026-04-06T10:11:15
218.022834,18.478268,0.89959310583981,2.3142375,2026-04-06T10:12:15
218.251275,18.373969,0.89959403415037,2.3152987,2026-04-06T10:13:15
218.479309,18.26914,0.8995949628858,2.3163564,2026-04-06T10:14:15
218.706936,18.163785,0.89959589204465,2.3174105,2026-04-06T10:15:15
218.934156,18.057905,0.89959682162555,2.318461,2026-04-06T10:16:15
219.160969,17.951503,0.89959775162703,2.319508,2026-04-06T10:17:15
219.387376,17.844582,0.89959868204768,2.3205514,2026-04-06T10:18:15
219.613376,17.737145,0.89959961288603,2.3215912,2026-04-06T10:19:15
219.838971,17.629194,0.89960054414067,2.3226273,2026-04-06T10:20:15
220.064161,17.520731,0.8996014758101,2.3236598,2026-04-06T10:21:15
220.288946,17.41176,0.89960240789287,2.3246887,2026-04-06T10:22:15
220.513327,17.302283,0.89960334038751,2.3257138,2026-04-06T10:23:15
220.737303,17.192302,0.89960427329251,2.3267352,2026-04-06T10:24:15
220.960877,17.08182,0.89960520660639,2.3277529,2026-04-06T10:25:15
221.184048,16.970839,0.89960614032767,2.3287668,2026-04-06T10:26:15
221.406816,16.859363,0.89960707445479,2.329777,2026-04-06T10:27:15
221.629183,16.747394,0.89960800898629,2.3307834,2026-04-06T10:28:15
221.851149,16.634934,0.89960894392064,2.331786,2026-04-06T10:29:15
222.072715,16.521986,0.8996098792563,2.3327848,2026-04-06T10:30:15
222.293881,16.408552,0.89961081499173,2.3337797,2026-04-06T10:31:15
222.514649,16.294636,0.89961175112538,2.3347708,2026-04-06T10:32:15
222.735018,16.180239,0.89961268765572,2.3357579,2026-04-06T10:33:15
222.95499,16.065364,0.89961362458116,2.3367412,2026-04-06T10:34:15
223.174566,15.950014,0.89961456190014,2.3377205,2026-04-06T10:35:15
223.393746,15.834191,0.8996154996111,2.338696,2026-04-06T10:36:15
223.612531,15.717898,0.89961643771244,2.3396674,2026-04-06T10:37:15
223.830923,15.601138,0.89961737620259,2.3406349,2026-04-06T10:38:15
224.048921,15.483913,0.89961831507994,2.3415984,2026-04-06T10:39:15
224.266528,15.366225,0.89961925434288,2.3425579,2026-04-06T10:40:15
224.483744,15.248076,0.89962019398983,2.3435134,2026-04-06T10:41:15
224.700569,15.129471,0.89962113401913,2.3444648,2026-04-06T10:42:15
224.917006,15.01041,0.89962207442918,2.3454122,2026-04-06T10:43:15
225.133054,14.890897,0.89962301521835,2.3463555,2026-04-06T10:44:15
225.348716,14.770935,0.89962395638498,2.3472947,2026-04-06T10:45:15
225.563992,14.650524,0.89962489792745,2.3482297,2026-04-06T10:46:15
225.778883,14.529669,0.89962583984407,2.3491607,2026-04-06T10:47:15
225.99339,14.408371,0.89962678213321,2.3500874,2026-04-06T10:48:15
226.207516,14.286634,0.89962772479318,2.3510101,2026-04-06T10:49:15
226.42126,14.164459,0.89962866782231,2.3519285,2026-04-06T10:50:15
226.634624,14.041848,0.89962961121894,2.3528427,2026-04-06T10:51:15
226.847609,13.918806,0.89963055498138,2.3537527,2026-04-06T10:52:15
227.060216,13.795333,0.8996314991079,2.3546585,2026-04-06T10:53:15
227.272448,13.671433,0.89963244359681,2.35556,2026-04-06T10:54:15
227.484304,13.547108,0.89963338844642,2.3564573,2026-04-06T10:55:15
227.695787,13.42236,0.89963433365498,2.3573502,2026-04-06T10:56:15
227.906897,13.297192,0.89963527922081,2.3582389,2026-04-06T10:57:15
228.117636,13.171606,0.89963622514218,2.3591232,2026-04-06T10:58:15
228.328006,13.045604,0.89963717141732,2.3600033,2026-04-06T10:59:15
228.538007,12.91919,0.8996381180445,2.3608789,2026-04-06T11:00:15
228.747642,12.792365,0.89963906502198,2.3617502,2026-04-06T11:01:15
228.956911,12.665132,0.89964001234802,2.3626171,2026-04-06T11:02:15
229.165816,12.537494,0.89964096002081,2.3634796,2026-04-06T11:03:15
229.374359,12.409452,0.8996419080386,2.3643376,2026-04-06T11:04:15
229.58254,12.28101,0.89964285639963,2.3651913,2026-04-06T11:05:15
229.790363,12.152168,0.89964380510208,2.3660404,2026-04-06T11:06:15
229.997827,12.022931,0.8996447541442,2.3668851,2026-04-06T11:07:15
230.204935,11.8933,0.89964570352417,2.3677253,2026-04-06T11:08:15
230.411687,11.763278,0.89964665324019,2.3685611,2026-04-06T11:09:15
230.618087,11.632867,0.89964760329048,2.3693923,2026-04-06T11:10:15
230.824135,11.502069,0.89964855367322,2.370219,2026-04-06T11:11:15
231.029833,11.370886,0.89964950438657,2.3710411,2026-04-06T11:12:15
231.235182,11.239322,0.89965045542872,2.3718587,2026-04-06T11:13:15
231.440184,11.107379,0.89965140679785,2.3726717,2026-04-06T11:14:15
231.644841,10.975058,0.89965235849208,2.3734801,2026-04-06T11:15:15
231.849155,10.842362,0.8996533105096,2.3742839,2026-04-06T11:16:15
232.053127,10.709293,0.89965426284855,2.3750831,2026-04-06T11:17:15
232.256758,10.575854,0.89965521550706,2.3758776,2026-04-06T11:18:15
232.460051,10.442047,0.89965616848329,2.3766675,2026-04-06T11:19:15
232.663008,10.307874,0.89965712177535,2.3774528,2026-04-06T11:20:15
232.865629,10.173338,0.89965807538141,2.3782333,2026-04-06T11:21:15
233.067918,10.038441,0.89965902929954,2.3790092,2026-04-06T11:22:15
233.269875,9.903185,0.89965998352786,2.3797803,2026-04-06T11:23:15
233.471502,9.767572,0.89966093806452,2.3805467,2026-04-06T11:24:15
233.672802,9.631605,0.89966189290757,2.3813084,2026-04-06T11:25:15
233.873775,9.495286,0.89966284805511,2.3820653,2026-04-06T11:26:15
234.074424,9.358617,0.89966380350528,2.3828174,2026-04-06T11:27:15
234.274751,9.2216,0.89966475925611,2.3835648,2026-04-06T11:28:15
234.474758,9.084238,0.89966571530571,2.3843074,2026-04-06T11:29:15
234.674446,8.946533,0.89966667165216,2.3850452,2026-04-06T11:30:15
234.873817,8.808487,0.89966762829352,2.3857781,2026-04-06T11:31:15
235.072874,8.670102,0.89966858522783,2.3865062,2026-04-06T11:32:15
235.271617,8.531381,0.89966954245318,2.3872295,2026-04-06T11:33:15
235.470049,8.392326,0.89967049996761,2.3879479,2026-04-06T11:34:15
235.668173,8.252938,0.89967145776917,2.3886614,2026-04-06T11:35:15
235.865989,8.11322,0.89967241585588,2.38937,2026-04-06T11:36:15
236.0635,7.973175,0.8996733742258,2.3900737,2026-04-06T11:37:15
236.260708,7.832804,0.89967433287698,2.3907726,2026-04-06T11:38:15
236.457615,7.69211,0.89967529180738,2.3914664,2026-04-06T11:39:15
236.654223,7.551094,0.89967625101509,2.3921554,2026-04-06T11:40:15
236.850533,7.409759,0.89967721049809,2.3928394,2026-04-06T11:41:15
237.046548,7.268107,0.89967817025439,2.3935184,2026-04-06T11:42:15
237.24227,7.126141,0.89967913028202,2.3941924,2026-04-06T11:43:15
237.437701,6.983861,0.89968009057894,2.3948614,2026-04-06T11:44:15
237.632842,6.841272,0.89968105114316,2.3955254,2026-04-06T11:45:15
237.827697,6.698373,0.89968201197268,2.3961844,2026-04-06T11:46:15
238.022266,6.555168,0.89968297306548,2.3968384,2026-04-06T11:47:15
238.216553,6.411659,0.89968393441953,2.3974873,2026-04-06T11:48:15
238.410559,6.267848,0.89968489603282,2.3981312,2026-04-06T11:49:15
238.604286,6.123737,0.89968585790329,2.39877,2026-04-06T11:50:15
238.797736,5.979328,0.89968682002896,2.3994038,2026-04-06T11:51:15
238.990912,5.834622,0.89968778240773,2.4000324,2026-04-06T11:52:15
239.183816,5.689623,0.89968874503761,2.4006559,2026-04-06T11:53:15
239.376449,5.544332,0.89968970791651,2.4012744,2026-04-06T11:54:15
239.568814,5.398752,0.89969067104241,2.4018876,2026-04-06T11:55:15
239.760913,5.252883,0.89969163441322,2.4024958,2026-04-06T11:56:15
239.952748,5.106729,0.89969259802689,2.4030988,2026-04-06T11:57:15
240.144322,4.960291,0.89969356188137,2.4036967,2026-04-06T11:58:15
240.335636,4.813572,0.89969452597456,2.4042893,2026-04-06T11:59:15
240.526693,4.666573,0.8996954903044,2.4048768,2026-04-06T12:00:15
240.717495,4.519296,0.89969645486882,2.4054591,2026-04-06T12:01:15
240.908044,4.371744,0.8996974196657,2.4060362,2026-04-06T12:02:15
241.098342,4.223918,0.899698384693,2.4066081,2026-04-06T12:03:15
241.288392,4.075821,0.89969934994858,2.4071748,2026-04-06T12:04:15
241.478195,3.927453,0.89970031543037,2.4077362,2026-04-06T12:05:15
241.667755,3.778819,0.89970128113624,2.4082924,2026-04-06T12:06:15
241.857073,3.629918,0.89970224706412,2.4088433,2026-04-06T12:07:15
242.046151,3.480754,0.89970321321188,2.4093889,2026-04-06T12:08:15
242.234992,3.331328,0.89970417957741,2.4099293,2026-04-06T12:09:15
242.423598,3.181642,0.89970514615859,2.4104644,2026-04-06T12:10:15
242.611972,3.031699,0.89970611295329,2.4109942,2026-04-06T12:11:15
242.800115,2.881499,0.89970707995939,2.4115187,2026-04-06T12:12:15
242.98803,2.731046,0.89970804717477,2.4120378,2026-04-06T12:13:15
243.175719,2.58034,0.89970901459727,2.4125517,2026-04-06T12:14:15
243.363185,2.429385,0.8997099822248,2.4130602,2026-04-06T12:15:15
243.550429,2.278181,0.89971095005517,2.4135633,2026-04-06T12:16:15
243.737455,2.126731,0.89971191808626,2.4140611,2026-04-06T12:17:15
243.924264,1.975036,0.8997128863159,2.4145535,2026-04-06T12:18:15
244.110859,1.823099,0.89971385474194,2.4150406,2026-04-06T12:19:15
244.297242,1.670921,0.89971482336223,2.4155223,2026-04-06T12:20:15
244.483415,1.518505,0.89971579217462,2.4159986,2026-04-06T12:21:15
244.669382,1.365851,0.89971676117694,2.4164695,2026-04-06T12:22:15
244.855143,1.212963,0.89971773036701,2.4169349,2026-04-06T12:23:15
245.040702,1.059841,0.89971869974267,2.417395,2026-04-06T12:24:15
245.226061,0.906488,0.89971966930175,2.4178497,2026-04-06T12:25:15
245.411223,0.752906,0.89972063904208,2.4182989,2026-04-06T12:26:15
245.596189,0.599096,0.89972160896147,2.4187426,2026-04-06T12:27:15
245.780962,0.445061,0.89972257905773,2.419181,2026-04-06T12:28:15
245.965545,0.290802,0.89972354932869,2.4196138,2026-04-06T12:29:15
246.14994,0.13632,0.89972451977213,2.4200412,2026-04-06T12:30:15
246.334149,-0.018381,0.89972549038588,2.4204631,2026-04-06T12:31:15
246.518176,-0.173302,0.89972646116776,2.4208796,2026-04-06T12:32:15
246.702021,-0.328438,0.89972743211551,2.4212905,2026-04-06T12:33:15
246.885688,-0.48379,0.89972840322697,2.4216959,2026-04-06T12:34:15
247.069179,-0.639354,0.89972937449994,2.4220959,2026-04-06T12:35:15
247.252497,-0.79513,0.89973034593217,2.4224903,2026-04-06T12:36:15
247.435644,-0.951115,0.89973131752148,2.4228792,2026-04-06T12:37:15
247.618622,-1.107307,0.89973228926566,2.4232626,2026-04-06T12:38:15
247.801435,-1.263705,0.89973326116245,2.4236404,2026-04-06T12:39:15
247.984083,-1.420308,0.89973423320967,2.4240127,2026-04-06T12:40:15
248.166571,-1.577112,0.8997352054051,2.4243795,2026-04-06T12:41:15
248.348901,-1.734118,0.89973617774648,2.4247407,2026-04-06T12:42:15
248.531074,-1.891321,0.89973715023161,2.4250963,2026-04-06T12:43:15
248.713094,-2.048722,0.89973812285825,2.4254464,2026-04-06T12:44:15
248.894963,-2.206318,0.89973909562416,2.4257909,2026-04-06T12:45:15
249.076683,-2.364108,0.8997400685271,2.4261298,2026-04-06T12:46:15
249.258257,-2.522089,0.89974104156486,2.4264631,2026-04-06T12:47:15
249.439688,-2.68026,0.89974201473516,2.4267909,2026-04-06T12:48:15
249.620978,-2.838619,0.89974298803579,2.427113,2026-04-06T12:49:15
249.80213,-2.997165,0.89974396146447,2.4274296,2026-04-06T12:50:15
249.983146,-3.155895,0.89974493501899,2.4277405,2026-04-06T12:51:15
250.164029,-3.314809,0.89974590869706,2.4280458,2026-04-06T12:52:15
250.344781,-3.473904,0.89974688249645,2.4283455,2026-04-06T12:53:15
250.525406,-3.633179,0.8997478564149,2.4286395,2026-04-06T12:54:15
250.705904,-3.792631,0.89974883045015,2.428928,2026-04-06T12:55:15
250.88628,-3.95226,0.89974980459994,2.4292108,2026-04-06T12:56:15
251.066536,-4.112063,0.89975077886201,2.4294879,2026-04-06T12:57:15
251.246674,-4.272039,0.89975175323408,2.4297594,2026-04-06T12:58:15
251.426697,-4.432186,0.89975272771391,2.4300252,2026-04-06T12:59:15
251.606608,-4.592502,0.89975370229923,2.4302854,2026-04-06T13:00:15
251.786408,-4.752986,0.89975467698775,2.4305399,2026-04-06T13:01:15
251.966102,-4.913636,0.89975565177719,2.4307888,2026-04-06T13:02:15
252.145691,-5.074451,0.8997566266653,2.431032,2026-04-06T13:03:15
252.325178,-5.235428,0.89975760164981,2.4312695,2026-04-06T13:04:15
252.504567,-5.396566,0.89975857672845,2.4315014,2026-04-06T13:05:15
252.683858,-5.557864,0.89975955189889,2.4317275,2026-04-06T13:06:15
252.863056,-5.719319,0.89976052715892,2.431948,2026-04-06T13:07:15
253.042162,-5.88093,0.8997615025062,2.4321627,2026-04-06T13:08:15
253.22118,-6.042695,0.89976247793848,2.4323718,2026-04-06T13:09:15
253.400113,-6.204614,0.89976345345348,2.4325752,2026-04-06T13:10:15
253.578962,-6.366683,0.89976442904887,2.4327729,2026-04-06T13:11:15
253.757731,-6.528901,0.8997654047224,2.4329648,2026-04-06T13:12:15
253.936422,-6.691268,0.89976638047175,2.4331511,2026-04-06T13:13:15
254.115038,-6.85378,0.89976735629468,2.4333316,2026-04-06T13:14:15
254.293582,-7.016437,0.89976833218885,2.4335064,2026-04-06T13:15:15
254.472056,-7.179237,0.89976930815197,2.4336755,2026-04-06T13:16:15
254.650464,-7.342178,0.89977028418179,2.4338389,2026-04-06T13:17:15
254.828808,-7.505258,0.89977126027597,2.4339966,2026-04-06T13:18:15
255.007091,-7.668476,0.89977223643222,2.4341485,2026-04-06T13:19:15
255.185316,-7.831831,0.89977321264823,2.4342947,2026-04-06T13:20:15
255.363484,-7.99532,0.89977418892175,2.4344351,2026-04-06T13:21:15
255.5416,-8.158942,0.89977516525043,2.4345698,2026-04-06T13:22:15
255.719666,-8.322696,0.89977614163199,2.4346988,2026-04-06T13:23:15
255.897685,-8.486579,0.89977711806411,2.4348221,2026-04-06T13:24:15
256.07566,-8.650591,0.89977809454454,2.4349396,2026-04-06T13:25:15
256.253593,-8.814729,0.89977907107092,2.4350513,2026-04-06T13:26:15
256.431487,-8.978992,0.89978004764097,2.4351574,2026-04-06T13:27:15
256.609345,-9.143378,0.89978102425239,2.4352576,2026-04-06T13:28:15
256.787171,-9.307887,0.89978200090287,2.4353521,2026-04-06T13:29:15
256.964966,-9.472515,0.89978297759011,2.4354409,2026-04-06T13:30:15
257.142734,-9.637261,0.89978395431176,2.4355239,2026-04-06T13:31:15
257.320478,-9.802125,0.89978493106556,2.4356012,2026-04-06T13:32:15
257.4982,-9.967104,0.89978590784921,2.4356727,2026-04-06T13:33:15
257.675903,-10.132197,0.89978688466035,2.4357384,2026-04-06T13:34:15
257.853591,-10.297401,0.89978786149671,2.4357984,2026-04-06T13:35:15
258.031267,-10.462716,0.89978883835597,2.4358526,2026-04-06T13:36:15
258.208932,-10.62814,0.89978981523583,2.4359011,2026-04-06T13:37:15
258.386591,-10.793672,0.89979079213394,2.4359438,2026-04-06T13:38:15
258.564246,-10.959309,0.89979176904804,2.4359807,2026-04-06T13:39:15
258.741899,-11.12505,0.8997927459758,2.4360119,2026-04-06T13:40:15
258.919555,-11.290893,0.89979372291489,2.4360373,2026-04-06T13:41:15
259.097216,-11.456838,0.89979469986304,2.4360569,2026-04-06T13:42:15
259.274885,-11.622881,0.89979567681789,2.4360708,2026-04-06T13:43:15
259.452565,-11.789023,0.89979665377719,2.436079,2026-04-06T13:44:15
259.63026,-11.95526,0.89979763073858,2.4360814,2026-04-06T13:45:15
259.807971,-12.121592,0.89979860769978,2.436078,2026-04-06T13:46:15
259.985702,-12.288017,0.89979958465846,2.4360688,2026-04-06T13:47:15
260.163457,-12.454534,0.89980056161233,2.4360539,2026-04-06T13:48:15
260.341238,-12.62114,0.89980153855903,2.4360332,2026-04-06T13:49:15
260.519048,-12.787834,0.89980251549631,2.4360068,2026-04-06T13:50:15
260.696891,-12.954615,0.8998034924218,2.4359746,2026-04-06T13:51:15
260.874769,-13.121481,0.89980446933325,2.4359366,2026-04-06T13:52:15
261.052686,-13.28843,0.89980544622832,2.4358929,2026-04-06T13:53:15
261.230645,-13.455461,0.8998064231047,2.4358435,2026-04-06T13:54:15
261.408648,-13.622572,0.8998073999601,2.4357883,2026-04-06T13:55:15
261.5867,-13.789761,0.89980837679221,2.4357273,2026-04-06T13:56:15
261.764803,-13.957028,0.89980935359872,2.4356606,2026-04-06T13:57:15
261.94296,-14.12437,0.89981033037731,2.4355881,2026-04-06T13:58:15
262.121175,-14.291786,0.89981130712569,2.4355099,2026-04-06T13:59:15
262.299451,-14.459274,0.89981228384156,2.4354259,2026-04-06T14:00:15
262.47779,-14.626833,0.89981326052261,2.4353362,2026-04-06T14:01:15
262.656197,-14.79446,0.89981423716649,2.4352408,2026-04-06T14:02:15
262.834675,-14.962155,0.89981521377096,2.4351396,2026-04-06T14:03:15
263.013226,-15.129916,0.89981619033371,2.4350326,2026-04-06T14:04:15
263.191855,-15.297741,0.8998171668524,2.43492,2026-04-06T14:05:15
263.370563,-15.465629,0.89981814332475,2.4348015,2026-04-06T14:06:15
263.549355,-15.633577,0.89981911974847,2.4346774,2026-04-06T14:07:15
263.728234,-15.801585,0.89982009612126,2.4345475,2026-04-06T14:08:15
263.907204,-15.969651,0.8998210724408,2.4344119,2026-04-06T14:09:15
264.086267,-16.137773,0.89982204870483,2.4342706,2026-04-06T14:10:15
264.265427,-16.305949,0.899823024911,2.4341235,2026-04-06T14:11:15
264.444687,-16.474178,0.89982400105707,2.4339707,2026-04-06T14:12:15
264.624051,-16.642459,0.89982497714073,2.4338123,2026-04-06T14:13:15
264.803522,-16.810789,0.8998259531597,2.4336481,2026-04-06T14:14:15
264.983104,-16.979167,0.89982692911165,2.4334782,2026-04-06T14:15:15
265.162799,-17.147592,0.89982790499435,2.4333026,2026-04-06T14:16:15
265.342613,-17.316061,0.89982888080549,2.4331213,2026-04-06T14:17:15
265.522546,-17.484574,0.89982985654276,2.4329343,2026-04-06T14:18:15
265.702605,-17.653128,0.89983083220391,2.4327416,2026-04-06T14:19:15
265.882791,-17.821722,0.89983180778664,2.4325432,2026-04-06T14:20:15
266.063109,-17.990354,0.89983278328865,2.4323391,2026-04-06T14:21:15
266.243561,-18.159023,0.89983375870768,2.4321294,2026-04-06T14:22:15
266.424153,-18.327726,0.89983473404145,2.431914,2026-04-06T14:23:15
266.604886,-18.496463,0.8998357092877,2.4316929,2026-04-06T14:24:15
266.785765,-18.665232,0.89983668444414,2.4314661,2026-04-06T14:25:15
266.966793,-18.834031,0.89983765950852,2.4312337,2026-04-06T14:26:15
267.147974,-19.002857,0.89983863447852,2.4309956,2026-04-06T14:27:15
267.329311,-19.171711,0.89983960935193,2.4307518,2026-04-06T14:28:15
267.510809,-19.340589,0.89984058412642,2.4305024,2026-04-06T14:29:15
267.692471,-19.509491,0.89984155879977,2.4302473,2026-04-06T14:30:15
267.8743,-19.678415,0.89984253336971,2.4299867,2026-04-06T14:31:15
268.0563,-19.847358,0.89984350783397,2.4297203,2026-04-06T14:32:15
268.238476,-20.016319,0.89984448219028,2.4294484,2026-04-06T14:33:15
268.42083,-20.185297,0.89984545643642,2.4291708,2026-04-06T14:34:15
268.603367,-20.35429,0.89984643057011,2.4288876,2026-04-06T14:35:15
268.78609,-20.523296,0.89984740458911,2.4285989,2026-04-06T14:36:15
268.969004,-20.692314,0.89984837849117,2.4283045,2026-04-06T14:37:15
269.152111,-20.861341,0.89984935227405,2.4280044,2026-04-06T14:38:15
269.335416,-21.030376,0.89985032593548,2.4276988,2026-04-06T14:39:15
269.518924,-21.199417,0.89985129947324,2.4273876,2026-04-06T14:40:15
269.702636,-21.368463,0.89985227288508,2.4270708,2026-04-06T14:41:15
269.886559,-21.537512,0.89985324616872,2.4267485,2026-04-06T14:42:15
270.070694,-21.706562,0.89985421932201,2.4264206,2026-04-06T14:43:15
270.255048,-21.875611,0.89985519234266,2.4260871,2026-04-06T14:44:15
270.439622,-22.044658,0.89985616522844,2.4257481,2026-04-06T14:45:15
270.624423,-22.2137,0.89985713797718,2.4254035,2026-04-06T14:46:15
270.809452,-22.382737,0.89985811058658,2.4250533,2026-04-06T14:47:15
270.994716,-22.551765,0.89985908305448,2.4246977,2026-04-06T14:48:15
271.180217,-22.720784,0.89986005537859,2.4243364,2026-04-06T14:49:15
271.36596,-22.889792,0.89986102755677,2.4239697,2026-04-06T14:50:15
271.551948,-23.058787,0.89986199958674,2.4235974,2026-04-06T14:51:15
271.738187,-23.227767,0.89986297146633,2.4232197,2026-04-06T14:52:15
271.92468,-23.39673,0.89986394319332,2.4228364,2026-04-06T14:53:15
272.111431,-23.565674,0.89986491476551,2.4224477,2026-04-06T14:54:15
272.298445,-23.734598,0.89986588618072,2.4220535,2026-04-06T14:55:15
272.485725,-23.9035,0.89986685743671,2.4216538,2026-04-06T14:56:15
272.673277,-24.072378,0.89986782853132,2.4212486,2026-04-06T14:57:15
272.861104,-24.24123,0.89986879946236,2.420838,2026-04-06T14:58:15
273.049211,-24.410054,0.8998697702276,2.4204219,2026-04-06T14:59:15
273.237602,-24.578849,0.89987074082491,2.4200003,2026-04-06T15:00:15
273.426282,-24.747612,0.89987171125203,2.4195734,2026-04-06T15:01:15
273.615254,-24.916342,0.89987268150686,2.419141,2026-04-06T15:02:15
273.804524,-25.085036,0.89987365158717,2.4187031,2026-04-06T15:03:15
273.994096,-25.253694,0.89987462149082,2.4182599,2026-04-06T15:04:15
274.183973,-25.422312,0.89987559121564,2.4178113,2026-04-06T15:05:15
274.374162,-25.590889,0.89987656075946,2.4173572,2026-04-06T15:06:15
274.564666,-25.759423,0.89987753012011,2.4168978,2026-04-06T15:07:15
274.755489,-25.927913,0.89987849929544,2.416433,2026-04-06T15:08:15
274.946637,-26.096355,0.89987946828329,2.4159628,2026-04-06T15:09:15
275.138114,-26.264749,0.89988043708151,2.4154873,2026-04-06T15:10:15
275.329925,-26.433092,0.89988140568793,2.4150064,2026-04-06T15:11:15
275.522074,-26.601382,0.89988237410044,2.4145202,2026-04-06T15:12:15
275.714567,-26.769618,0.89988334231689,2.4140287,2026-04-06T15:13:15
275.907407,-26.937797,0.89988431033516,2.4135318,2026-04-06T15:14:15
276.100599,-27.105917,0.8998852781531,2.4130297,2026-04-06T15:15:15
276.29415,-27.273976,0.89988624576861,2.4125222,2026-04-06T15:16:15
276.488062,-27.441973,0.89988721317952,2.4120095,2026-04-06T15:17:15
276.682341,-27.609904,0.89988818038374,2.4114914,2026-04-06T15:18:15
276.876993,-27.777769,0.89988914737916,2.4109681,2026-04-06T15:19:15
277.072021,-27.945565,0.89989011416363,2.4104395,2026-04-06T15:20:15
277.267431,-28.11329,0.89989108073506,2.4099056,2026-04-06T15:21:15
277.463228,-28.280941,0.89989204709136,2.4093666,2026-04-06T15:22:15
277.659417,-28.448518,0.89989301323039,2.4088223,2026-04-06T15:23:15
277.856003,-28.616016,0.89989397915013,2.4082728,2026-04-06T15:24:15
278.05299,-28.783436,0.89989494484844,2.407718,2026-04-06T15:25:15
278.250385,-28.950774,0.89989591032324,2.4071581,2026-04-06T15:26:15
278.448192,-29.118027,0.89989687557248,2.4065931,2026-04-06T15:27:15
278.646416,-29.285195,0.89989784059404,2.4060228,2026-04-06T15:28:15
278.845063,-29.452275,0.89989880538588,2.4054473,2026-04-06T15:29:15
279.044138,-29.619264,0.89989976994588,2.4048667,2026-04-06T15:30:15
279.243646,-29.786161,0.89990073427201,2.404281,2026-04-06T15:31:15
279.443593,-29.952963,0.89990169836222,2.4036901,2026-04-06T15:32:15
279.643983,-30.119667,0.89990266221442,2.4030941,2026-04-06T15:33:15
279.844823,-30.286273,0.89990362582658,2.402493,2026-04-06T15:34:15
280.046117,-30.452776,0.89990458919668,2.4018868,2026-04-06T15:35:15
280.247871,-30.619176,0.89990555232263,2.4012755,2026-04-06T15:36:15
280.450091,-30.78547,0.89990651520244,2.4006592,2026-04-06T15:37:15
280.652782,-30.951655,0.89990747783403,2.4000378,2026-04-06T15:38:15
280.85595,-31.117729,0.89990844021541,2.3994113,2026-04-06T15:39:15
281.0596,-31.28369,0.89990940234452,2.3987798,2026-04-06T15:40:15
281.263738,-31.449535,0.89991036421938,2.3981432,2026-04-06T15:41:15
281.468369,-31.615262,0.89991132583796,2.3975017,2026-04-06T15:42:15
281.6735,-31.780869,0.89991228719823,2.3968552,2026-04-06T15:43:15
281.879136,-31.946353,0.89991324829825,2.3962037,2026-04-06T15:44:15
282.085283,-32.111711,0.89991420913598,2.3955472,2026-04-06T15:45:15
282.291946,-32.276942,0.89991516970945,2.3948858,2026-04-06T15:46:15
282.499132,-32.442043,0.89991613001666,2.3942194,2026-04-06T15:47:15
282.706847,-32.607011,0.89991709005566,2.393548,2026-04-06T15:48:15
282.915095,-32.771843,0.8999180498244,2.3928718,2026-04-06T15:49:15
283.123885,-32.936538,0.89991900932097,2.3921906,2026-04-06T15:50:15
283.33322,-33.101093,0.89991996854338,2.3915045,2026-04-06T15:51:15
283.543108,-33.265505,0.89992092748964,2.3908136,2026-04-06T15:52:15
283.753555,-33.429771,0.89992188615787,2.3901178,2026-04-06T15:53:15
283.964566,-33.593889,0.89992284454605,2.3894171,2026-04-06T15:54:15
284.176148,-33.757856,0.89992380265227,2.3887116,2026-04-06T15:55:15
284.388308,-33.92167,0.89992476047461,2.3880013,2026-04-06T15:56:15
284.60105,-34.085328,0.89992571801111,2.3872861,2026-04-06T15:57:15
284.814383,-34.248827,0.89992667525983,2.3865662,2026-04-06T15:58:15
285.028311,-34.412165,0.89992763221886,2.3858414,2026-04-06T15:59:15
285.242842,-34.575339,0.89992858888626,2.3851119,2026-04-06T16:00:15
285.457981,-34.738345,0.89992954526016,2.3843776,2026-04-06T16:01:15
285.673736,-34.901182,0.89993050133862,2.3836386,2026-04-06T16:02:15
285.890112,-35.063846,0.89993145711976,2.3828948,2026-04-06T16:03:15
286.107117,-35.226335,0.89993241260167,2.3821464,2026-04-06T16:04:15
286.324757,-35.388646,0.8999333677825,2.3813932,2026-04-06T16:05:15
286.543039,-35.550775,0.89993432266035,2.3806354,2026-04-06T16:06:15
286.761968,-35.712721,0.89993527723333,2.3798729,2026-04-06T16:07:15
286.981553,-35.87448,0.8999362314996,2.3791057,2026-04-06T16:08:15
287.201799,-36.036048,0.89993718545723,2.3783339,2026-04-06T16:09:15
287.422714,-36.197424,0.89993813910442,2.3775574,2026-04-06T16:10:15
287.644304,-36.358605,0.8999390924393,2.3767763,2026-04-06T16:11:15
287.866576,-36.519586,0.89994004546,2.3759907,2026-04-06T16:12:15
288.089538,-36.680365,0.89994099816472,2.3752004,2026-04-06T16:13:15
288.313195,-36.84094,0.89994195055159,2.3744056,2026-04-06T16:14:15
288.537556,-37.001306,0.89994290261882,2.3736063,2026-04-06T16:15:15
288.762627,-37.161462,0.89994385436456,2.3728024,2026-04-06T16:16:15
288.988415,-37.321403,0.899944805787,2.371994,2026-04-06T16:17:15
289.214928,-37.481126,0.89994575688435,2.3711811,2026-04-06T16:18:15
289.442172,-37.640629,0.89994670765476,2.3703636,2026-04-06T16:19:15
289.670155,-37.799908,0.89994765809645,2.3695417,2026-04-06T16:20:15
289.898884,-37.958959,0.89994860820764,2.3687154,2026-04-06T16:21:15
290.128367,-38.11778,0.89994955798653,2.3678846,2026-04-06T16:22:15
290.35861,-38.276368,0.89995050743137,2.3670494,2026-04-06T16:23:15
290.589622,-38.434718,0.89995145654037,2.3662098,2026-04-06T16:24:15
290.821409,-38.592828,0.89995240531179,2.3653658,2026-04-06T16:25:15
291.053979,-38.750693,0.89995335374385,2.3645174,2026-04-06T16:26:15
291.287339,-38.908312,0.8999543018348,2.3636647,2026-04-06T16:27:15
291.521498,-39.065679,0.89995524958291,2.3628076,2026-04-06T16:28:15
291.756463,-39.222792,0.89995619698641,2.3619461,2026-04-06T16:29:15
291.992241,-39.379648,0.89995714404359,2.3610804,2026-04-06T16:30:15
292.228839,-39.536242,0.89995809075269,2.3602104,2026-04-06T16:31:15
292.466267,-39.69257,0.89995903711201,2.359336,2026-04-06T16:32:15
292.704531,-39.848631,0.89995998311986,2.3584575,2026-04-06T16:33:15
292.94364,-40.004419,0.89996092877454,2.3575747,2026-04-06T16:34:15
293.1836,-40.159931,0.89996187407432,2.3566877,2026-04-06T16:35:15
293.424421,-40.315163,0.89996281901753,2.3557965,2026-04-06T16:36:15
293.66611,-40.470112,0.89996376360249,2.354901,2026-04-06T16:37:15
293.908674,-40.624773,0.89996470782752,2.3540014,2026-04-06T16:38:15
294.152123,-40.779144,0.89996565169093,2.3530976,2026-04-06T16:39:15
294.396463,-40.933219,0.89996659519104,2.3521897,2026-04-06T16:40:15
294.641703,-41.086996,0.89996753832624,2.3512777,2026-04-06T16:41:15
294.887852,-41.24047,0.89996848109482,2.3503615,2026-04-06T16:42:15
295.134916,-41.393637,0.89996942349519,2.3494413,2026-04-06T16:43:15
295.382905,-41.546493,0.89997036552571,2.3485171,2026-04-06T16:44:15
295.631827,-41.699035,0.89997130718475,2.3475887,2026-04-06T16:45:15
295.881689,-41.851258,0.89997224847069,2.3466564,2026-04-06T16:46:15
296.1325,-42.003158,0.89997318938191,2.34572,2026-04-06T16:47:15
296.384269,-42.15473,0.89997412991681,2.3447796,2026-04-06T16:48:15
296.637004,-42.305972,0.89997507007377,2.3438352,2026-04-06T16:49:15
296.890712,-42.456878,0.8999760098512,2.3428869,2026-04-06T16:50:15
297.145403,-42.607444,0.89997694924752,2.3419346,2026-04-06T16:51:15
297.401085,-42.757666,0.89997788826113,2.3409784,2026-04-06T16:52:15
297.657767,-42.907539,0.8999788268905,2.3400183,2026-04-06T16:53:15
297.915456,-43.05706,0.89997976513406,2.3390543,2026-04-06T16:54:15
298.174161,-43.206224,0.89998070299025,2.3380865,2026-04-06T16:55:15
298.433891,-43.355026,0.89998164045754,2.3371148,2026-04-06T16:56:15
298.694654,-43.503461,0.89998257753436,2.3361393,2026-04-06T16:57:15
298.95646,-43.651526,0.89998351421922,2.33516,2026-04-06T16:58:15
299.219316,-43.799215,0.89998445051055,2.3341768,2026-04-06T16:59:15
299.483231,-43.946525,0.89998538640684,2.3331899,2026-04-06T17:00:15
299.748213,-44.09345,0.89998632190657,2.3321992,2026-04-06T17:01:15
300.014272,-44.239985,0.89998725700827,2.3312048,2026-04-06T17:02:15
300.281416,-44.386127,0.89998819171041,2.3302067,2026-04-06T17:03:15
300.549654,-44.531869,0.89998912601152,2.3292048,2026-04-06T17:04:15
300.818994,-44.677208,0.89999005991015,2.3281994,2026-04-06T17:05:15
301.089445,-44.822138,0.8999909934048,2.3271902,2026-04-06T17:06:15
301.361016,-44.966654,0.899991926494,2.3261774,2026-04-06T17:07:15
301.633715,-45.110752,0.89999285917631,2.325161,2026-04-06T17:08:15
301.907551,-45.254427,0.89999379145025,2.3241409,2026-04-06T17:09:15
302.182533,-45.397673,0.8999947233144,2.3231173,2026-04-06T17:10:15
302.45867,-45.540485,0.89999565476732,2.3220901,2026-04-06T17:11:15
302.735969,-45.682858,0.8999965858076,2.3210594,2026-04-06T17:12:15
303.014441,-45.824787,0.89999751643382,2.3200252,2026-04-06T17:13:15
303.294094,-45.966267,0.89999844664456,2.3189874,2026-04-06T17:14:15
303.574935,-46.107292,0.89999937643845,2.3179463,2026-04-06T17:15:15
303.856975,-46.247857,0.90000030581407,2.3169016,2026-04-06T17:16:15
304.140221,-46.387957,0.90000123477008,2.3158535,2026-04-06T17:17:15
304.424683,-46.527586,0.90000216330505,2.314802,2026-04-06T17:18:15
304.710368,-46.666739,0.90000309141763,2.313747,2026-04-06T17:19:15
304.997286,-46.80541,0.90000401910646,2.3126887,2026-04-06T17:20:15
305.285445,-46.943593,0.90000494637016,2.311627,2026-04-06T17:21:15
305.574854,-47.081284,0.90000587320741,2.3105619,2026-04-06T17:22:15
305.865521,-47.218476,0.90000679961691,2.3094936,2026-04-06T17:23:15
306.157455,-47.355164,0.90000772559727,2.308422,2026-04-06T17:24:15
306.450664,-47.491342,0.90000865114722,2.3073471,2026-04-06T17:25:15
306.745156,-47.627003,0.90000957626546,2.3062689,2026-04-06T17:26:15
307.040941,-47.762144,0.90001050095064,2.3051875,2026-04-06T17:27:15
307.338025,-47.896756,0.9000114252015,2.3041029,2026-04-06T17:28:15
307.636419,-48.030835,0.90001234901672,2.303015,2026-04-06T17:29:15
307.936129,-48.164374,0.90001327239505,2.301924,2026-04-06T17:30:15
308.237164,-48.297367,0.90001419533517,2.3008298,2026-04-06T17:31:15
308.539533,-48.429809,0.90001511783589,2.2997325,2026-04-06T17:32:15
308.843242,-48.561692,0.90001603989591,2.2986321,2026-04-06T17:33:15
309.148301,-48.693012,0.90001696151402,2.2975286,2026-04-06T17:34:15
309.454717,-48.823761,0.90001788268898,2.2964221,2026-04-06T17:35:15
309.762499,-48.953934,0.90001880341957,2.2953125,2026-04-06T17:36:15
310.071652,-49.083523,0.90001972370458,2.2941999,2026-04-06T17:37:15
310.382187,-49.212524,0.90002064354277,2.2930843,2026-04-06T17:38:15
310.694109,-49.340928,0.90002156293296,2.2919656,2026-04-06T17:39:15
311.007427,-49.46873,0.90002248187392,2.290844,2026-04-06T17:40:15
311.322148,-49.595923,0.90002340036451,2.2897195,2026-04-06T17:41:15
311.63828,-49.722501,0.90002431840351,2.2885921,2026-04-06T17:42:15
311.955829,-49.848457,0.90002523598979,2.2874617,2026-04-06T17:43:15
312.274803,-49.973784,0.90002615312219,2.2863285,2026-04-06T17:44:15
312.595208,-50.098475,0.90002706979954,2.2851925,2026-04-06T17:45:15
312.917052,-50.222525,0.90002798602076,2.2840536,2026-04-06T17:46:15
313.240341,-50.345925,0.90002890178468,2.2829119,2026-04-06T17:47:15
313.565082,-50.46867,0.90002981709016,2.2817674,2026-04-06T17:48:15
313.891281,-50.590751,0.90003073193611,2.2806202,2026-04-06T17:49:15
314.218945,-50.712163,0.90003164632138,2.2794701,2026-04-06T17:50:15
314.54808,-50.832899,0.90003256024493,2.2783174,2026-04-06T17:51:15
314.878692,-50.95295,0.90003347370563,2.277162,2026-04-06T17:52:15
315.210787,-51.072311,0.90003438670242,2.2760039,2026-04-06T17:53:15
315.54437,-51.190974,0.90003529923425,2.2748431,2026-04-06T17:54:15
315.879447,-51.308932,0.90003621130007,2.2736798,2026-04-06T17:55:15
316.216024,-51.426177,0.9000371228988,2.2725138,2026-04-06T17:56:15
316.554105,-51.542703,0.90003803402942,2.2713453,2026-04-06T17:57:15
316.893696,-51.658502,0.90003894469089,2.2701741,2026-04-06T17:58:15
317.234801,-51.773566,0.90003985488216,2.2690004,2026-04-06T17:59:15
317.577425,-51.88789,0.90004076460222,2.2678242,2026-04-06T18:00:15
317.921573,-52.001464,0.90004167385007,2.2666455,2026-04-06T18:01:15
318.267248,-52.114282,0.9000425826247,2.2654643,2026-04-06T18:02:15
318.614455,-52.226336,0.90004349092515,2.2642807,2026-04-06T18:03:15
318.963198,-52.337618,0.90004439875045,2.2630946,2026-04-06T18:04:15
319.313479,-52.448122,0.90004530609961,2.2619062,2026-04-06T18:05:15
319.665302,-52.557839,0.90004621297169,2.2607154,2026-04-06T18:06:15
320.018671,-52.666762,0.90004711936573,2.2595222,2026-04-06T18:07:15
320.373587,-52.774884,0.90004802528079,2.2583266,2026-04-06T18:08:15
320.730054,-52.882196,0.90004893071591,2.2571287,2026-04-06T18:09:15
321.088073,-52.988691,0.90004983567018,2.2559286,2026-04-06T18:10:15
321.447647,-53.094361,0.90005074014265,2.2547261,2026-04-06T18:11:15
321.808778,-53.199198,0.90005164413248,2.2535215,2026-04-06T18:12:15
322.171466,-53.303195,0.90005254763874,2.2523146,2026-04-06T18:13:15
322.535713,-53.406344,0.90005345066056,2.2511055,2026-04-06T18:14:15
322.90152,-53.508637,0.90005435319707,2.2498943,2026-04-06T18:15:15
323.268887,-53.610066,0.90005525524739,2.2486809,2026-04-06T18:16:15
323.637814,-53.710623,0.90005615681069,2.2474654,2026-04-06T18:17:15
324.008301,-53.810301,0.90005705788608,2.2462478,2026-04-06T18:18:15
324.380348,-53.909091,0.90005795847272,2.245028,2026-04-06T18:19:15
324.753954,-54.006986,0.90005885856977,2.2438062,2026-04-06T18:20:15
325.129118,-54.103978,0.90005975817641,2.2425823,2026-04-06T18:21:15
325.505838,-54.200058,0.90006065729187,2.2413565,2026-04-06T18:22:15
325.884113,-54.295219,0.9000615559153,2.2401287,2026-04-06T18:23:15
326.263939,-54.389453,0.90006245404597,2.2388989,2026-04-06T18:24:15
326.645316,-54.482752,0.90006335168304,2.2376673,2026-04-06T18:25:15
327.028239,-54.575109,0.9000642488258,2.2364337,2026-04-06T18:26:15
327.412705,-54.666514,0.90006514547343,2.2351982,2026-04-06T18:27:15
327.79871,-54.75696,0.90006604162522,2.2339608,2026-04-06T18:28:15
328.186251,-54.846439,0.90006693728038,2.2327215,2026-04-06T18:29:15
328.575323,-54.934944,0.90006783243819,2.2314804,2026-04-06T18:30:15
328.965921,-55.022465,0.90006872709791,2.2302375,2026-04-06T18:31:15
329.358039,-55.108996,0.90006962125883,2.2289929,2026-04-06T18:32:15
329.751672,-55.194529,0.90007051492025,2.2277465,2026-04-06T18:33:15
330.146813,-55.279055,0.90007140808147,2.2264984,2026-04-06T18:34:15
330.543456,-55.362567,0.90007230074184,2.2252486,2026-04-06T18:35:15
330.941593,-55.445056,0.90007319290064,2.2239971,2026-04-06T18:36:15
331.341218,-55.526516,0.90007408455723,2.222744,2026-04-06T18:37:15
331.742322,-55.606938,0.90007497571092,2.2214892,2026-04-06T18:38:15
332.144896,-55.686314,0.90007586636108,2.2202328,2026-04-06T18:39:15
332.548932,-55.764637,0.90007675650704,2.2189748,2026-04-06T18:40:15
332.95442,-55.841898,0.90007764614819,2.2177153,2026-04-06T18:41:15
333.361351,-55.918091,0.9000785352839,2.2164542,2026-04-06T18:42:15
333.769714,-55.993208,0.90007942391358,2.2151916,2026-04-06T18:43:15
334.179499,-56.067241,0.90008031203665,2.2139276,2026-04-06T18:44:15
334.590693,-56.140182,0.90008119965248,2.2126621,2026-04-06T18:45:15
335.003286,-56.212024,0.90008208676053,2.2113952,2026-04-06T18:46:15
335.417265,-56.28276,0.90008297336023,2.2101269,2026-04-06T18:47:15
335.832617,-56.352381,0.90008385945099,2.2088572,2026-04-06T18:48:15
336.249329,-56.420882,0.90008474503224,2.207586,2026-04-06T18:49:15
336.667388,-56.488254,0.90008563010346,2.2063136,2026-04-06T18:50:15
337.086779,-56.55449,0.9000865146641,2.2050398,2026-04-06T18:51:15
337.507487,-56.619583,0.90008739871364,2.2037647,2026-04-06T18:52:15
337.929498,-56.683527,0.90008828225161,2.2024884,2026-04-06T18:53:15
338.352795,-56.746313,0.90008916527748,2.2012109,2026-04-06T18:54:15
338.777362,-56.807936,0.90009004779074,2.1999322,2026-04-06T18:55:15
339.203183,-56.868388,0.90009092979096,2.1986522,2026-04-06T18:56:15
339.630241,-56.927662,0.90009181127766,2.1973711,2026-04-06T18:57:15
340.058517,-56.985752,0.90009269225034,2.1960889,2026-04-06T18:58:15
340.487994,-57.042651,0.90009357270853,2.1948054,2026-04-06T18:59:15
340.918653,-57.098353,0.90009445265183,2.1935209,2026-04-06T19:00:15
341.350475,-57.152851,0.90009533207977,2.1922354,2026-04-06T19:01:15
341.783439,-57.206139,0.90009621099194,2.1909488,2026-04-06T19:02:15
342.217527,-57.25821,0.90009708938792,2.1896612,2026-04-06T19:03:15
342.652717,-57.309059,0.90009796726734,2.1883726,2026-04-06T19:04:15
343.088988,-57.35868,0.90009884462978,2.1870831,2026-04-06T19:05:15
343.526319,-57.407066,0.90009972147491,2.1857926,2026-04-06T19:06:15
343.964688,-57.454212,0.90010059780232,2.1845012,2026-04-06T19:07:15
344.404071,-57.500112,0.90010147361161,2.1832089,2026-04-06T19:08:15
344.844447,-57.544761,0.90010234890247,2.1819156,2026-04-06T19:09:15
345.285792,-57.588153,0.90010322367454,2.1806216,2026-04-06T19:10:15
345.728082,-57.630282,0.90010409792745,2.1793267,2026-04-06T19:11:15
346.171292,-57.671145,0.90010497166093,2.178031,2026-04-06T19:12:15
346.615399,-57.710735,0.90010584487463,2.1767346,2026-04-06T19:13:15
347.060377,-57.749047,0.90010671756826,2.1754375,2026-04-06T19:14:15
347.5062,-57.786078,0.90010758974157,2.1741396,2026-04-06T19:15:15
347.952842,-57.821822,0.90010846139423,2.172841,2026-04-06T19:16:15
348.400278,-57.856274,0.90010933252598,2.1715418,2026-04-06T19:17:15
348.84848,-57.889431,0.90011020313657,2.1702419,2026-04-06T19:18:15
349.297421,-57.921288,0.90011107322571,2.1689414,2026-04-06T19:19:15
349.747074,-57.951841,0.90011194279315,2.1676402,2026-04-06T19:20:15
350.197412,-57.981087,0.90011281183867,2.1663385,2026-04-06T19:21:15
350.648406,-58.00902,0.90011368036206,2.1650362,2026-04-06T19:22:15
351.100027,-58.035639,0.90011454836307,2.1637335,2026-04-06T19:23:15
351.552247,-58.060939,0.90011541584156,2.1624303,2026-04-06T19:24:15
352.005037,-58.084917,0.90011628279731,2.1611266,2026-04-06T19:25:15
352.458367,-58.10757,0.90011714923013,2.1598225,2026-04-06T19:26:15
352.912209,-58.128895,0.90011801513987,2.1585179,2026-04-06T19:27:15
353.366531,-58.148889,0.90011888052637,2.1572129,2026-04-06T19:28:15
353.821304,-58.167549,0.90011974538942,2.1559076,2026-04-06T19:29:15
354.276498,-58.184874,0.90012060972888,2.1546018,2026-04-06T19:30:15
354.732082,-58.200861,0.90012147354467,2.1532958,2026-04-06T19:31:15
355.188025,-58.215507,0.9001223368366,2.1519895,2026-04-06T19:32:15
355.644296,-58.228811,0.9001231996046,2.1506829,2026-04-06T19:33:15
356.100864,-58.240771,0.90012406184858,2.1493761,2026-04-06T19:34:15
356.557698,-58.251385,0.90012492356845,2.1480691,2026-04-06T19:35:15
357.014767,-58.260652,0.90012578476411,2.1467619,2026-04-06T19:36:15
357.472039,-58.268571,0.9001266454355,2.1454546,2026-04-06T19:37:15
357.929481,-58.275141,0.90012750558256,2.144147,2026-04-06T19:38:15
358.387064,-58.28036,0.90012836520519,2.1428393,2026-04-06T19:39:15
358.844754,-58.284229,0.90012922430337,2.1415315,2026-04-06T19:40:15
359.30252,-58.286746,0.90013008287707,2.1402237,2026-04-06T19:41:15
359.76033,-58.287911,0.90013094092628,2.1389158,2026-04-06T19:42:15
0.218152,-58.287724,0.90013179845095,2.1376079,2026-04-06T19:43:15
0.675954,-58.286185,0.90013265545114,2.1363001,2026-04-06T19:44:15
1.133704,-58.283294,0.90013351192681,2.1349923,2026-04-06T19:45:15
1.59137,-58.279052,0.90013436787803,2.1336845,2026-04-06T19:46:15
2.048921,-58.27346,0.90013522330482,2.1323768,2026-04-06T19:47:15
2.506325,-58.266517,0.90013607820717,2.1310692,2026-04-06T19:48:15
2.96355,-58.258225,0.90013693258516,2.1297617,2026-04-06T19:49:15
3.420564,-58.248585,0.90013778643881,2.1284544,2026-04-06T19:50:15
3.877335,-58.237598,0.9001386397682,2.1271472,2026-04-06T19:51:15
4.333834,-58.225265,0.90013949257341,2.1258403,2026-04-06T19:52:15
4.790027,-58.211589,0.90014034485453,2.1245336,2026-04-06T19:53:15
5.245885,-58.196571,0.9001411966117,2.1232272,2026-04-06T19:54:15
5.701375,-58.180213,0.90014204784499,2.1219211,2026-04-06T19:55:15
6.156468,-58.162518,0.90014289855456,2.1206153,2026-04-06T19:56:15
6.611134,-58.143487,0.90014374874055,2.1193099,2026-04-06T19:57:15
7.06534,-58.123122,0.90014459840305,2.1180047,2026-04-06T19:58:15
7.519059,-58.101428,0.90014544754221,2.1167,2026-04-06T19:59:15
7.972259,-58.078406,0.90014629615817,2.1153956,2026-04-06T20:00:15
8.424911,-58.05406,0.90014714425112,2.1140917,2026-04-06T20:01:15
8.876987,-58.028392,0.90014799182124,2.1127882,2026-04-06T20:02:15
9.328456,-58.001406,0.90014883886874,2.1114852,2026-04-06T20:03:15
9.779291,-57.973105,0.90014968539378,2.1101828,2026-04-06T20:04:15
10.229463,-57.943494,0.90015053139662,2.1088809,2026-04-06T20:05:15
10.678943,-57.912576,0.90015137687745,2.1075796,2026-04-06T20:06:15
11.127705,-57.880354,0.90015222183651,2.1062788,2026-04-06T20:07:15
11.57572,-57.846833,0.90015306627404,2.1049786,2026-04-06T20:08:15
12.022963,-57.812018,0.90015391019025,2.103679,2026-04-06T20:09:15
12.469406,-57.775912,0.90015475358543,2.1023801,2026-04-06T20:10:15
12.915022,-57.73852,0.90015559645983,2.1010819,2026-04-06T20:11:15
13.359787,-57.699847,0.90015643881373,2.0997844,2026-04-06T20:12:15
13.803675,-57.659897,0.90015728064744,2.0984877,2026-04-06T20:13:15
14.24666,-57.618676,0.90015812196125,2.0971917,2026-04-06T20:14:15
14.688719,-57.576188,0.90015896275549,2.0958965,2026-04-06T20:15:15
15.129826,-57.532439,0.9001598030305,2.0946022,2026-04-06T20:16:15
15.569959,-57.487435,0.90016064278659,2.0933087,2026-04-06T20:17:15
16.009094,-57.441179,0.90016148202409,2.092016,2026-04-06T20:18:15
16.447208,-57.393679,0.90016232074332,2.0907241,2026-04-06T20:19:15
16.884278,-57.34494,0.90016315894465,2.0894332,2026-04-06T20:20:15
17.320283,-57.294968,0.90016399662846,2.0881432,2026-04-06T20:21:15
17.755202,-57.243768,0.90016483379513,2.0868541,2026-04-06T20:22:15
18.189013,-57.191346,0.90016567044502,2.0855661,2026-04-06T20:23:15
18.621696,-57.13771,0.90016650657858,2.0842791,2026-04-06T20:24:15
19.053231,-57.082864,0.90016734219622,2.0829931,2026-04-06T20:25:15
19.483598,-57.026816,0.90016817729836,2.0817082,2026-04-06T20:26:15
19.912778,-56.969571,0.9001690118854,2.0804244,2026-04-06T20:27:15
20.340753,-56.911137,0.9001698459578,2.0791416,2026-04-06T20:28:15
20.767505,-56.85152,0.90017067951599,2.07786,2026-04-06T20:29:15
21.193016,-56.790726,0.90017151256038,2.0765795,2026-04-06T20:30:15
21.617268,-56.728763,0.90017234509152,2.0753002,2026-04-06T20:31:15
22.040246,-56.665637,0.90017317710983,2.0740221,2026-04-06T20:32:15
22.461933,-56.601355,0.90017400861582,2.0727452,2026-04-06T20:33:15
22.882314,-56.535925,0.90017483961002,2.0714697,2026-04-06T20:34:15
23.301374,-56.469352,0.90017567009291,2.0701954,2026-04-06T20:35:15
23.719097,-56.401646,0.90017650006504,2.0689224,2026-04-06T20:36:15
24.135471,-56.332812,0.90017732952693,2.0676508,2026-04-06T20:37:15
24.550481,-56.262858,0.9001781584791,2.0663804,2026-04-06T20:38:15
24.964114,-56.191791,0.90017898692208,2.0651114,2026-04-06T20:39:15
25.376357,-56.11962,0.90017981485642,2.0638439,2026-04-06T20:40:15
25.787199,-56.04635,0.90018064228272,2.0625777,2026-04-06T20:41:15
26.196628,-55.97199,0.9001814692015,2.061313,2026-04-06T20:42:15
26.604632,-55.896548,0.90018229561342,2.0600498,2026-04-06T20:43:15
27.011202,-55.82003,0.90018312151904,2.0587881,2026-04-06T20:44:15
27.416326,-55.742445,0.90018394691899,2.057528,2026-04-06T20:45:15
27.819995,-55.663801,0.90018477181388,2.0562694,2026-04-06T20:46:15
28.222199,-55.584104,0.90018559620434,2.0550124,2026-04-06T20:47:15
28.622931,-55.503363,0.90018642009099,2.0537569,2026-04-06T20:48:15
29.022181,-55.421585,0.90018724347448,2.052503,2026-04-06T20:49:15
29.419941,-55.338779,0.90018806635541,2.0512507,2026-04-06T20:50:15
29.816205,-55.254951,0.9001888887345,2.0500002,2026-04-06T20:51:15
30.210965,-55.170111,0.90018971061238,2.0487513,2026-04-06T20:52:15
30.604214,-55.084265,0.90019053198978,2.0475042,2026-04-06T20:53:15
30.995947,-54.997422,0.9001913528674,2.0462588,2026-04-06T20:54:15
31.386158,-54.90959,0.90019217324593,2.0450152,2026-04-06T20:55:15
31.774842,-54.820777,0.90019299312609,2.0437734,2026-04-06T20:56:15
32.161992,-54.730989,0.9001938125086,2.0425335,2026-04-06T20:57:15
32.547606,-54.640237,0.90019463139419,2.0412953,2026-04-06T20:58:15
32.931679,-54.548526,0.90019544978357,2.0400589,2026-04-06T20:59:15
33.314208,-54.455866,0.90019626767752,2.0388244,2026-04-06T21:00:15
33.695189,-54.362264,0.90019708507675,2.0375918,2026-04-06T21:01:15
34.074619,-54.267729,0.90019790198208,2.0363612,2026-04-06T21:02:15
34.452495,-54.172267,0.90019871839426,2.0351325,2026-04-06T21:03:15
34.828817,-54.075888,0.90019953431411,2.0339059,2026-04-06T21:04:15
35.203581,-53.978598,0.90020034974242,2.0326812,2026-04-06T21:05:15
35.576786,-53.880407,0.90020116468002,2.0314586,2026-04-06T21:06:15
35.948432,-53.781321,0.90020197912772,2.0302381,2026-04-06T21:07:15
36.318518,-53.681349,0.90020279308633,2.0290195,2026-04-06T21:08:15
36.687042,-53.580498,0.90020360655664,2.027803,2026-04-06T21:09:15
37.054006,-53.478778,0.90020441953954,2.0265887,2026-04-06T21:10:15
37.41941,-53.376194,0.90020523203587,2.0253765,2026-04-06T21:11:15
37.783253,-53.272756,0.90020604404649,2.0241664,2026-04-06T21:12:15
38.145537,-53.16847,0.90020685557228,2.0229586,2026-04-06T21:13:15
38.506263,-53.063346,0.90020766661415,2.021753,2026-04-06T21:14:15
38.865433,-52.957389,0.90020847717298,2.0205497,2026-04-06T21:15:15
39.223048,-52.85061,0.90020928724967,2.0193486,2026-04-06T21:16:15
39.57911,-52.743014,0.90021009684515,2.0181498,2026-04-06T21:17:15
39.933622,-52.63461,0.90021090596032,2.0169533,2026-04-06T21:18:15
40.286586,-52.525405,0.9002117145961,2.015759,2026-04-06T21:19:15
40.638005,-52.415407,0.90021252275338,2.0145671,2026-04-06T21:20:15
40.987882,-52.304624,0.90021333043315,2.0133776,2026-04-06T21:21:15
41.336221,-52.193063,0.90021413763636,2.0121905,2026-04-06T21:22:15
41.683024,-52.080732,0.90021494436398,2.0110059,2026-04-06T21:23:15
42.028297,-51.967637,0.90021575061701,2.0098237,2026-04-06T21:24:15
42.372042,-51.853788,0.90021655639643,2.008644,2026-04-06T21:25:15
42.714264,-51.73919,0.90021736170324,2.0074667,2026-04-06T21:26:15
43.054967,-51.623852,0.90021816653845,2.006292,2026-04-06T21:27:15
43.394157,-51.507781,0.90021897090305,2.0051198,2026-04-06T21:28:15
43.731838,-51.390984,0.90021977479805,2.0039501,2026-04-06T21:29:15
44.068015,-51.273468,0.90022057822447,2.002783,2026-04-06T21:30:15
44.402693,-51.155241,0.90022138118335,2.0016184,2026-04-06T21:31:15
44.735877,-51.036309,0.90022218367571,2.0004566,2026-04-06T21:32:15
45.067574,-50.916681,0.90022298570268,1.9992973,2026-04-06T21:33:15
45.397789,-50.796363,0.90022378726529,1.9981408,2026-04-06T21:34:15
45.726528,-50.675361,0.90022458836464,1.996987,2026-04-06T21:35:15
46.053797,-50.553684,0.90022538900177,1.9958359,2026-04-06T21:36:15
46.379602,-50.431339,0.90022618917784,1.9946875,2026-04-06T21:37:15
46.70395,-50.308331,0.90022698889388,1.9935418,2026-04-06T21:38:15
47.026847,-50.184668,0.90022778815101,1.9923989,2026-04-06T21:39:15
47.348299,-50.060357,0.90022858695036,1.9912587,2026-04-06T21:40:15
47.668315,-49.935404,0.90022938529302,1.9901214,2026-04-06T21:41:15
47.986899,-49.809817,0.90023018318016,1.988987,2026-04-06T21:42:15
48.30406,-49.683602,0.90023098061293,1.9878555,2026-04-06T21:43:15
48.619805,-49.556766,0.90023177759249,1.9867268,2026-04-06T21:44:15
48.93414,-49.429315,0.90023257412002,1.9856011,2026-04-06T21:45:15
49.247073,-49.301256,0.90023337019666,1.9844783,2026-04-06T21:46:15
49.558613,-49.172595,0.90023416582364,1.9833585,2026-04-06T21:47:15
49.868765,-49.043339,0.9002349610021,1.9822416,2026-04-06T21:48:15
50.177538,-48.913494,0.90023575573322,1.9811277,2026-04-06T21:49:15
50.484939,-48.783067,0.90023655001824,1.9800167,2026-04-06T21:50:15
50.790977,-48.652064,0.90023734385833,1.9789089,2026-04-06T21:51:15
51.095659,-48.520492,0.90023813725471,1.9778041,2026-04-06T21:52:15
51.398992,-48.388356,0.90023893020867,1.9767024,2026-04-06T21:53:15
51.700986,-48.255662,0.90023972272145,1.9756038,2026-04-06T21:54:15
52.001648,-48.122418,0.90024051479426,1.9745084,2026-04-06T21:55:15
52.300987,-47.988628,0.9002413064284,1.9734161,2026-04-06T21:56:15
52.59901,-47.854299,0.90024209762515,1.972327,2026-04-06T21:57:15
52.895725,-47.719437,0.90024288838571,1.971241,2026-04-06T21:58:15
53.191142,-47.584048,0.9002436787114,1.9701581,2026-04-06T21:59:15
53.485268,-47.448138,0.90024446860349,1.9690785,2026-04-06T22:00:15
53.778112,-47.311712,0.90024525806326,1.9680022,2026-04-06T22:01:15
54.069682,-47.174777,0.90024604709204,1.9669292,2026-04-06T22:02:15
54.359987,-47.037337,0.90024683569117,1.9658595,2026-04-06T22:03:15
54.649035,-46.8994,0.90024762386197,1.9647931,2026-04-06T22:04:15
54.936835,-46.76097,0.90024841160578,1.96373,2026-04-06T22:05:15
55.223396,-46.622054,0.90024919892393,1.9626704,2026-04-06T22:06:15
55.508725,-46.482655,0.90024998581778,1.961614,2026-04-06T22:07:15
55.792831,-46.342781,0.90025077228869,1.9605611,2026-04-06T22:08:15
56.075724,-46.202437,0.90025155833798,1.9595115,2026-04-06T22:09:15
56.357412,-46.061628,0.90025234396705,1.9584653,2026-04-06T22:10:15
56.637903,-45.920359,0.90025312917724,1.9574226,2026-04-06T22:11:15
56.917206,-45.778636,0.90025391396998,1.9563834,2026-04-06T22:12:15
57.19533,-45.636464,0.90025469834664,1.9553477,2026-04-06T22:13:15
57.472284,-45.493848,0.9002554823087,1.9543156,2026-04-06T22:14:15
57.748076,-45.350793,0.90025626585751,1.953287,2026-04-06T22:15:15
58.022715,-45.207305,0.90025704899454,1.9522619,2026-04-06T22:16:15
58.296209,-45.063389,0.90025783172118,1.9512404,2026-04-06T22:17:15
58.568568,-44.919049,0.90025861403891,1.9502225,2026-04-06T22:18:15
58.8398,-44.774292,0.90025939594911,1.9492081,2026-04-06T22:19:15
59.109913,-44.62912,0.90026017745322,1.9481974,2026-04-06T22:20:15
59.378917,-44.483541,0.90026095855275,1.9471903,2026-04-06T22:21:15
59.646821,-44.337557,0.90026173924913,1.946187,2026-04-06T22:22:15
59.913632,-44.191176,0.90026251954386,1.9451873,2026-04-06T22:23:15
60.179359,-44.0444,0.90026329943846,1.9441914,2026-04-06T22:24:15
60.444012,-43.897235,0.90026407893439,1.9431992,2026-04-06T22:25:15
60.707598,-43.749685,0.90026485803317,1.9422108,2026-04-06T22:26:15
60.970127,-43.601756,0.90026563673633,1.9412261,2026-04-06T22:27:15
61.231606,-43.453451,0.90026641504534,1.9402452,2026-04-06T22:28:15
61.492046,-43.304776,0.90026719296172,1.939268,2026-04-06T22:29:15
61.751453,-43.155735,0.90026797048697,1.9382947,2026-04-06T22:30:15
62.009837,-43.006332,0.90026874762266,1.9373252,2026-04-06T22:31:15
62.267206,-42.856572,0.90026952437031,1.9363596,2026-04-06T22:32:15
62.523568,-42.706459,0.90027030073154,1.9353979,2026-04-06T22:33:15
62.778933,-42.555998,0.90027107670784,1.9344402,2026-04-06T22:34:15
63.033308,-42.405192,0.90027185230085,1.9334863,2026-04-06T22:35:15
63.286702,-42.254047,0.90027262751211,1.9325364,2026-04-06T22:36:15
63.539124,-42.102567,0.9002734023432,1.9315905,2026-04-06T22:37:15
63.790581,-41.950755,0.90027417679574,1.9306484,2026-04-06T22:38:15
64.041082,-41.798616,0.90027495087125,1.9297103,2026-04-06T22:39:15
64.290635,-41.646154,0.90027572457137,1.9287762,2026-04-06T22:40:15
64.539249,-41.493373,0.9002764978977,1.9278462,2026-04-06T22:41:15
64.786932,-41.340277,0.90027727085185,1.9269202,2026-04-06T22:42:15
65.033692,-41.186871,0.90027804343548,1.9259984,2026-04-06T22:43:15
65.279537,-41.033158,0.90027881565024,1.9250806,2026-04-06T22:44:15
65.524475,-40.879141,0.90027958749774,1.9241669,2026-04-06T22:45:15
65.768514,-40.724826,0.90028035897965,1.9232574,2026-04-06T22:46:15
66.011663,-40.570216,0.90028113009764,1.922352,2026-04-06T22:47:15
66.253929,-40.415315,0.90028190085335,1.9214506,2026-04-06T22:48:15
66.495321,-40.260127,0.9002826712484,1.9205535,2026-04-06T22:49:15
66.735846,-40.104654,0.9002834412845,1.9196604,2026-04-06T22:50:15
66.975512,-39.948902,0.9002842109633,1.9187717,2026-04-06T22:51:15
67.214327,-39.792874,0.90028498028652,1.9178871,2026-04-06T22:52:15
67.4523,-39.636573,0.90028574925585,1.9170068,2026-04-06T22:53:15
67.689437,-39.480004,0.90028651787299,1.9161308,2026-04-06T22:54:15
67.925746,-39.323169,0.9002872861397,1.9152591,2026-04-06T22:55:15
68.161236,-39.166073,0.90028805405769,1.9143917,2026-04-06T22:56:15
68.395913,-39.008718,0.90028882162867,1.9135286,2026-04-06T22:57:15
68.629786,-38.851109,0.90028958885434,1.9126697,2026-04-06T22:58:15
68.862862,-38.693249,0.90029035573646,1.9118151,2026-04-06T22:59:15
69.095149,-38.535142,0.90029112227674,1.9109649,2026-04-06T23:00:15
69.326654,-38.37679,0.90029188847691,1.9101191,2026-04-06T23:01:15
69.557384,-38.218197,0.90029265433877,1.9092777,2026-04-06T23:02:15
69.787348,-38.059367,0.90029341986409,1.9084407,2026-04-06T23:03:15
70.016552,-37.900303,0.90029418505462,1.9076082,2026-04-06T23:04:15
70.245003,-37.741008,0.90029494991216,1.9067801,2026-04-06T23:05:15
70.47271,-37.581486,0.90029571443851,1.9059564,2026-04-06T23:06:15
70.699679,-37.42174,0.90029647863543,1.9051373,2026-04-06T23:07:15
70.925917,-37.261772,0.90029724250473,1.9043225,2026-04-06T23:08:15
71.151433,-37.101586,0.90029800604815,1.9035122,2026-04-06T23:09:15
71.376232,-36.941186,0.90029876926755,1.9027064,2026-04-06T23:10:15
71.600321,-36.780575,0.90029953216469,1.9019052,2026-04-06T23:11:15
71.823709,-36.619755,0.90030029474143,1.9011086,2026-04-06T23:12:15
72.046402,-36.458729,0.9003010569996,1.9003165,2026-04-06T23:13:15
72.268407,-36.297502,0.90030181894105,1.899529,2026-04-06T23:14:15
72.48973,-36.136075,0.90030258056762,1.8987462,2026-04-06T23:15:15
72.710379,-35.974452,0.90030334188115,1.8979679,2026-04-06T23:16:15
72.930361,-35.812635,0.90030410288349,1.8971943,2026-04-06T23:17:15
73.149682,-35.650629,0.90030486357651,1.8964252,2026-04-06T23:18:15
73.368349,-35.488435,0.90030562396203,1.8956608,2026-04-06T23:19:15
73.586369,-35.326057,0.9003063840419,1.894901,2026-04-06T23:20:15
73.803748,-35.163497,0.90030714381804,1.894146,2026-04-06T23:21:15
74.020494,-35.000758,0.9003079032923,1.8933956,2026-04-06T23:22:15
74.236612,-34.837844,0.90030866246658,1.89265,2026-04-06T23:23:15
74.452109,-34.674756,0.90030942134279,1.8919091,2026-04-06T23:24:15
74.666992,-34.511499,0.90031017992285,1.891173,2026-04-06T23:25:15
74.881267,-34.348074,0.90031093820866,1.8904416,2026-04-06T23:26:15
75.09494,-34.184484,0.90031169620211,1.8897151,2026-04-06T23:27:15
75.308019,-34.020732,0.90031245390511,1.8889932,2026-04-06T23:28:15
75.520508,-33.856822,0.90031321131958,1.8882761,2026-04-06T23:29:15
75.732416,-33.692754,0.9003139684474,1.8875637,2026-04-06T23:30:15
75.943747,-33.528533,0.90031472529054,1.8868563,2026-04-06T23:31:15
76.154508,-33.36416,0.90031548185093,1.8861537,2026-04-06T23:32:15
76.364705,-33.199639,0.90031623813055,1.885456,2026-04-06T23:33:15
76.574345,-33.034971,0.9003169941313,1.8847631,2026-04-06T23:34:15
76.783433,-32.87016,0.90031774985521,1.8840752,2026-04-06T23:35:15
76.991975,-32.705209,0.90031850530418,1.8833921,2026-04-06T23:36:15
77.199978,-32.540118,0.90031926048023,1.882714,2026-04-06T23:37:15
77.407448,-32.374893,0.9003200153853,1.8820407,2026-04-06T23:38:15
77.614389,-32.209533,0.90032077002132,1.8813723,2026-04-06T23:39:15
77.82081,-32.044043,0.9003215243903,1.8807089,2026-04-06T23:40:15
78.026714,-31.878425,0.90032227849418,1.8800504,2026-04-06T23:41:15
78.232108,-31.712681,0.90032303233499,1.8793969,2026-04-06T23:42:15
78.436998,-31.546813,0.90032378591475,1.8787484,2026-04-06T23:43:15
78.641389,-31.380824,0.90032453923546,1.878105,2026-04-06T23:44:15
78.845288,-31.214717,0.90032529229909,1.8774666,2026-04-06T23:45:15
79.048699,-31.048493,0.90032604510773,1.8768332,2026-04-06T23:46:15
79.251629,-30.882155,0.90032679766334,1.8762048,2026-04-06T23:47:15
79.454083,-30.715706,0.90032754996795,1.8755813,2026-04-06T23:48:15
79.656066,-30.549147,0.90032830202352,1.8749629,2026-04-06T23:49:15
79.857585,-30.382482,0.90032905383209,1.8743495,2026-04-06T23:50:15
80.058645,-30.215712,0.90032980539573,1.8737413,2026-04-06T23:51:15
80.25925,-30.04884,0.90033055671649,1.8731383,2026-04-06T23:52:15
80.459407,-29.881868,0.90033130779643,1.8725404,2026-04-06T23:53:15
80.659121,-29.714797,0.90033205863764,1.8719477,2026-04-06T23:54:15
80.858397,-29.547632,0.90033280924216,1.8713601,2026-04-06T23:55:15
81.057241,-29.380373,0.90033355961204,1.8707775,2026-04-06T23:56:15
81.255657,-29.213022,0.90033430974932,1.8702,2026-04-06T23:57:15
81.453652,-29.045583,0.90033505965597,1.8696273,2026-04-06T23:58:15
81.65123,-28.878057,0.90033580933395,1.8690597,2026-04-06T23:59:15
81.848396,-28.710447,0.9003365587853,1.8684973,2026-04-07T00:00:15
82.045156,-28.542754,0.90033730801219,1.8679402,2026-04-07T00:01:15
82.241514,-28.374981,0.90033805701674,1.8673885,2026-04-07T00:02:15
82.437477,-28.20713,0.90033880580113,1.8668422,2026-04-07T00:03:15
82.633048,-28.039202,0.90033955436756,1.8663014,2026-04-07T00:04:15
82.828233,-27.871201,0.90034030271818,1.8657661,2026-04-07T00:05:15
83.023036,-27.703128,0.9003410508552,1.865236,2026-04-07T00:06:15
83.217464,-27.534985,0.90034179878068,1.8647112,2026-04-07T00:07:15
83.41152,-27.366774,0.9003425464967,1.8641914,2026-04-07T00:08:15
83.605209,-27.198498,0.90034329400524,1.8636766,2026-04-07T00:09:15
83.798537,-27.030158,0.90034404130838,1.863167,2026-04-07T00:10:15
83.991509,-26.861757,0.90034478840822,1.8626627,2026-04-07T00:11:15
84.184128,-26.693296,0.90034553530687,1.8621637,2026-04-07T00:12:15
84.3764,-26.524777,0.90034628200648,1.8616701,2026-04-07T00:13:15
84.568329,-26.356203,0.90034702850923,1.8611819,2026-04-07T00:14:15
84.759921,-26.187575,0.90034777481725,1.860699,2026-04-07T00:15:15
84.95118,-26.018896,0.9003485209327,1.8602216,2026-04-07T00:16:15
85.14211,-25.850167,0.90034926685778,1.8597495,2026-04-07T00:17:15
85.332716,-25.68139,0.90035001259458,1.8592827,2026-04-07T00:18:15
85.523003,-25.512567,0.90035075814523,1.8588212,2026-04-07T00:19:15
85.712975,-25.343701,0.90035150351188,1.858365,2026-04-07T00:20:15
85.902637,-25.174793,0.9003522486967,1.8579143,2026-04-07T00:21:15
86.091994,-25.005845,0.90035299370185,1.857469,2026-04-07T00:22:15
86.281049,-24.836859,0.90035373852949,1.8570292,2026-04-07T00:23:15
86.469807,-24.667836,0.90035448318184,1.8565948,2026-04-07T00:24:15
86.658273,-24.49878,0.90035522766106,1.8561658,2026-04-07T00:25:15
86.846451,-24.329691,0.90035597196937,1.8557423,2026-04-07T00:26:15
87.034346,-24.160571,0.90035671610892,1.8553243,2026-04-07T00:27:15
87.221961,-23.991423,0.90035746008187,1.8549116,2026-04-07T00:28:15
87.409302,-23.822247,0.90035820389044,1.8545043,2026-04-07T00:29:15
87.596371,-23.653047,0.90035894753676,1.8541025,2026-04-07T00:30:15
87.783175,-23.483824,0.90035969102306,1.8537062,2026-04-07T00:31:15
87.969716,-23.314579,0.90036043435151,1.8533154,2026-04-07T00:32:15
88.156,-23.145315,0.90036117752435,1.8529302,2026-04-07T00:33:15
88.342029,-22.976033,0.9003619205438,1.8525504,2026-04-07T00:34:15
88.52781,-22.806736,0.90036266341206,1.8521762,2026-04-07T00:35:15
88.713345,-22.637424,0.90036340613134,1.8518075,2026-04-07T00:36:15
88.898638,-22.4681,0.90036414870385,1.8514443,2026-04-07T00:37:15
89.083695,-22.298765,0.9003648911318,1.8510865,2026-04-07T00:38:15
89.268518,-22.129421,0.90036563341739,1.8507343,2026-04-07T00:39:15
89.453112,-21.960071,0.90036637556285,1.8503876,2026-04-07T00:40:15
89.637482,-21.790715,0.90036711757037,1.8500465,2026-04-07T00:41:15
89.82163,-21.621356,0.90036785944219,1.8497109,2026-04-07T00:42:15
90.005562,-21.451995,0.90036860118058,1.849381,2026-04-07T00:43:15
90.18928,-21.282635,0.90036934278778,1.8490566,2026-04-07T00:44:15
90.372789,-21.113276,0.90037008426602,1.8487379,2026-04-07T00:45:15
90.556093,-20.94392,0.90037082561755,1.8484247,2026-04-07T00:46:15
90.739196,-20.77457,0.90037156684461,1.8481172,2026-04-07T00:47:15
90.922101,-20.605226,0.90037230794943,1.8478151,2026-04-07T00:48:15
91.104813,-20.435892,0.90037304893421,1.8475186,2026-04-07T00:49:15
91.287335,-20.266567,0.90037378980122,1.8472277,2026-04-07T00:50:15
91.469671,-20.097255,0.90037453055269,1.8469424,2026-04-07T00:51:15
91.651825,-19.927957,0.9003752711909,1.8466628,2026-04-07T00:52:15
91.833801,-19.758674,0.9003760117181,1.8463888,2026-04-07T00:53:15
92.015602,-19.589408,0.90037675213657,1.8461205,2026-04-07T00:54:15
92.197232,-19.420161,0.90037749244857,1.8458579,2026-04-07T00:55:15
92.378696,-19.250934,0.90037823265635,1.8456009,2026-04-07T00:56:15
92.559995,-19.08173,0.90037897276221,1.8453495,2026-04-07T00:57:15
92.741135,-18.912549,0.90037971276839,1.8451037,2026-04-07T00:58:15
92.922119,-18.743394,0.9003804526771,1.8448635,2026-04-07T00:59:15
93.102951,-18.574266,0.90038119249064,1.844629,2026-04-07T01:00:15
93.283633,-18.405167,0.90038193221125,1.8444002,2026-04-07T01:01:15
93.464171,-18.236099,0.90038267184124,1.844177,2026-04-07T01:02:15
93.644567,-18.067063,0.90038341138288,1.8439596,2026-04-07T01:03:15
93.824825,-17.89806,0.90038415083848,1.8437479,2026-04-07T01:04:15
94.004948,-17.729093,0.9003848902103,1.8435419,2026-04-07T01:05:15
94.18494,-17.560163,0.90038562950066,1.8433415,2026-04-07T01:06:15
94.364805,-17.391272,0.90038636871179,1.8431469,2026-04-07T01:07:15
94.544546,-17.222421,0.900387107846,1.8429579,2026-04-07T01:08:15
94.724166,-17.053612,0.90038784690556,1.8427745,2026-04-07T01:09:15
94.90367,-16.884847,0.90038858589269,1.8425968,2026-04-07T01:10:15
95.08306,-16.716126,0.90038932480974,1.8424249,2026-04-07T01:11:15
95.26234,-16.547453,0.90039006365897,1.8422587,2026-04-07T01:12:15
95.441513,-16.378828,0.90039080244272,1.8420982,2026-04-07T01:13:15
95.620583,-16.210254,0.90039154116326,1.8419435,2026-04-07T01:14:15
95.799553,-16.041731,0.9003922798229,1.8417945,2026-04-07T01:15:15
95.978426,-15.873261,0.90039301842393,1.8416513,2026-04-07T01:16:15
96.157207,-15.704846,0.90039375696866,1.8415137,2026-04-07T01:17:15
96.335897,-15.536488,0.90039449545939,1.8413819,2026-04-07T01:18:15
96.514501,-15.368188,0.90039523389835,1.8412557,2026-04-07T01:19:15
96.693022,-15.199948,0.90039597228786,1.8411352,2026-04-07T01:20:15
96.871463,-15.031769,0.90039671063021,1.8410205,2026-04-07T01:21:15
97.049828,-14.863653,0.90039744892773,1.8409116,2026-04-07T01:22:15
97.228119,-14.695601,0.90039818718272,1.8408084,2026-04-07T01:23:15
97.40634,-14.527616,0.90039892539747,1.840711,2026-04-07T01:24:15
97.584495,-14.359699,0.90039966357434,1.8406194,2026-04-07T01:25:15
97.762585,-14.19185,0.90040040171564,1.8405336,2026-04-07T01:26:15
97.940616,-14.024073,0.90040113982364,1.8404534,2026-04-07T01:27:15
98.118589,-13.856368,0.90040187790064,1.840379,2026-04-07T01:28:15
98.296509,-13.688738,0.90040261594895,1.8403102,2026-04-07T01:29:15
98.474377,-13.521183,0.90040335397084,1.8402473,2026-04-07T01:30:15
98.652199,-13.353705,0.9004040919686,1.8401901,2026-04-07T01:31:15
98.829975,-13.186307,0.9004048299446,1.8401386,2026-04-07T01:32:15
99.007711,-13.018989,0.90040556790114,1.840093,2026-04-07T01:33:15
99.185408,-12.851752,0.90040630584054,1.8400532,2026-04-07T01:34:15
99.36307,-12.6846,0.90040704376511,1.8400191,2026-04-07T01:35:15
99.5407,-12.517533,0.90040778167718,1.8399908,2026-04-07T01:36:15
99.718301,-12.350552,0.90040851957908,1.8399683,2026-04-07T01:37:15
99.895877,-12.18366,0.90040925747307,1.8399514,2026-04-07T01:38:15
100.07343,-12.016858,0.90040999536143,1.8399403,2026-04-07T01:39:15
100.250963,-11.850148,0.90041073324648,1.8399349,2026-04-07T01:40:15
100.42848,-11.683531,0.90041147113056,1.8399353,2026-04-07T01:41:15
100.605983,-11.517009,0.90041220901595,1.8399415,2026-04-07T01:42:15
100.783475,-11.350583,0.90041294690499,1.8399535,2026-04-07T01:43:15
100.96096,-11.184255,0.90041368480001,1.8399713,2026-04-07T01:44:15
101.138441,-11.018026,0.90041442270332,1.8399949,2026-04-07T01:45:15
101.31592,-10.851899,0.90041516061728,1.8400243,2026-04-07T01:46:15
101.4934,-10.685874,0.90041589854415,1.8400594,2026-04-07T01:47:15
101.670885,-10.519954,0.90041663648625,1.8401002,2026-04-07T01:48:15
101.848377,-10.35414,0.90041737444585,1.8401467,2026-04-07T01:49:15
102.02588,-10.188433,0.90041811242524,1.840199,2026-04-07T01:50:15
102.203396,-10.022835,0.90041885042678,1.840257,2026-04-07T01:51:15
102.380928,-9.857348,0.90041958845276,1.8403209,2026-04-07T01:52:15
102.558479,-9.691973,0.9004203265055,1.8403905,2026-04-07T01:53:15
102.736052,-9.526712,0.90042106458735,1.840466,2026-04-07T01:54:15
102.91365,-9.361567,0.9004218027006,1.8405472,2026-04-07T01:55:15
103.091276,-9.196539,0.90042254084759,1.8406342,2026-04-07T01:56:15
103.268933,-9.031629,0.90042327903061,1.8407269,2026-04-07T01:57:15
103.446623,-8.86684,0.90042401725198,1.8408253,2026-04-07T01:58:15
103.62435,-8.702172,0.90042475551395,1.8409295,2026-04-07T01:59:15
103.802116,-8.537629,0.90042549381881,1.8410393,2026-04-07T02:00:15
103.979925,-8.37321,0.90042623216892,1.841155,2026-04-07T02:01:15
104.157778,-8.208918,0.90042697056654,1.8412764,2026-04-07T02:02:15
104.335679,-8.044754,0.90042770901401,1.8414036,2026-04-07T02:03:15
104.513631,-7.880721,0.90042844751363,1.8415365,2026-04-07T02:04:15
104.691636,-7.716819,0.90042918606775,1.8416752,2026-04-07T02:05:15
104.869697,-7.55305,0.90042992467864,1.8418197,2026-04-07T02:06:15
105.047817,-7.389416,0.90043066334862,1.8419699,2026-04-07T02:07:15
105.226,-7.225918,0.90043140207997,1.8421257,2026-04-07T02:08:15
105.404247,-7.062559,0.90043214087494,1.8422873,2026-04-07T02:09:15
105.582561,-6.899339,0.90043287973585,1.8424545,2026-04-07T02:10:15
105.760945,-6.73626,0.90043361866499,1.8426275,2026-04-07T02:11:15
105.939403,-6.573325,0.90043435766467,1.8428063,2026-04-07T02:12:15
106.117936,-6.410534,0.90043509673717,1.8429908,2026-04-07T02:13:15
106.296547,-6.24789,0.90043583588483,1.843181,2026-04-07T02:14:15
106.475239,-6.085393,0.90043657510992,1.843377,2026-04-07T02:15:15
106.654015,-5.923046,0.90043731441479,1.8435787,2026-04-07T02:16:15
106.832878,-5.76085,0.90043805380168,1.8437861,2026-04-07T02:17:15
107.01183,-5.598807,0.90043879327287,1.8439991,2026-04-07T02:18:15
107.190874,-5.436918,0.90043953283064,1.8442178,2026-04-07T02:19:15
107.370013,-5.275186,0.90044027247721,1.8444422,2026-04-07T02:20:15
107.549249,-5.113611,0.90044101221494,1.8446723,2026-04-07T02:21:15
107.728585,-4.952196,0.90044175204606,1.8449081,2026-04-07T02:22:15
107.908023,-4.790942,0.90044249197291,1.8451496,2026-04-07T02:23:15
108.087567,-4.629851,0.90044323199773,1.8453968,2026-04-07T02:24:15
108.267219,-4.468924,0.90044397212285,1.8456497,2026-04-07T02:25:15
108.446981,-4.308164,0.90044471235052,1.8459083,2026-04-07T02:26:15
108.626857,-4.147572,0.90044545268304,1.8461725,2026-04-07T02:27:15
108.806849,-3.987149,0.90044619312265,1.8464423,2026-04-07T02:28:15
108.986959,-3.826897,0.90044693367157,1.8467177,2026-04-07T02:29:15
109.16719,-3.666818,0.90044767433209,1.8469988,2026-04-07T02:30:15
109.347545,-3.506914,0.90044841510645,1.8472855,2026-04-07T02:31:15
109.528026,-3.347186,0.90044915599693,1.8475779,2026-04-07T02:32:15
109.708637,-3.187637,0.90044989700583,1.847876,2026-04-07T02:33:15
109.889378,-3.028267,0.90045063813538,1.8481797,2026-04-07T02:34:15
110.070254,-2.869078,0.90045137938788,1.8484891,2026-04-07T02:35:15
110.251267,-2.710073,0.90045212076559,1.8488041,2026-04-07T02:36:15
110.432419,-2.551253,0.90045286227073,1.8491247,2026-04-07T02:37:15
110.613713,-2.392619,0.90045360390558,1.8494508,2026-04-07T02:38:15
110.795151,-2.234174,0.9004543456723,1.8497825,2026-04-07T02:39:15
110.976736,-2.075919,0.90045508757316,1.8501197,2026-04-07T02:40:15
111.158471,-1.917856,0.90045582961041,1.8504626,2026-04-07T02:41:15
111.340357,-1.759986,0.90045657178628,1.8508111,2026-04-07T02:42:15
111.522398,-1.602312,0.90045731410304,1.8511652,2026-04-07T02:43:15
111.704597,-1.444835,0.90045805656291,1.8515249,2026-04-07T02:44:15
111.886955,-1.287557,0.90045879916817,1.8518901,2026-04-07T02:45:15
112.069475,-1.130479,0.900459541921,1.852261,2026-04-07T02:46:15
112.252159,-0.973604,0.9004602848237,1.8526373,2026-04-07T02:47:15
112.435011,-0.816934,0.9004610278784,1.8530191,2026-04-07T02:48:15
112.618032,-0.660469,0.90046177108734,1.8534065,2026-04-07T02:49:15
112.801225,-0.504212,0.90046251445273,1.8537993,2026-04-07T02:50:15
112.984593,-0.348164,0.90046325797674,1.8541977,2026-04-07T02:51:15
113.168138,-0.192328,0.90046400166165,1.8546016,2026-04-07T02:52:15
113.351862,-0.036705,0.90046474550965,1.8550111,2026-04-07T02:53:15
113.535769,0.118703,0.90046548952298,1.8554261,2026-04-07T02:54:15
113.71986,0.273894,0.90046623370384,1.8558466,2026-04-07T02:55:15
113.904137,0.428866,0.90046697805444,1.8562726,2026-04-07T02:56:15
114.088604,0.583619,0.900467722577,1.856704,2026-04-07T02:57:15
114.273263,0.738148,0.90046846727363,1.8571409,2026-04-07T02:58:15
114.458115,0.892454,0.90046921214656,1.8575831,2026-04-07T02:59:15
114.643165,1.046534,0.90046995719796,1.8580308,2026-04-07T03:00:15
114.828413,1.200386,0.90047070242996,1.858484,2026-04-07T03:01:15
115.013862,1.354008,0.90047144784482,1.8589426,2026-04-07T03:02:15
115.199516,1.507399,0.90047219344469,1.8594067,2026-04-07T03:03:15
115.385375,1.660556,0.90047293923177,1.8598762,2026-04-07T03:04:15
115.571443,1.813478,0.90047368520823,1.8603512,2026-04-07T03:05:15
115.757722,1.966163,0.90047443137628,1.8608316,2026-04-07T03:06:15
115.944214,2.11861,0.90047517773805,1.8613173,2026-04-07T03:07:15
116.130922,2.270815,0.90047592429568,1.8618084,2026-04-07T03:08:15
116.317848,2.422777,0.9004766710513,1.8623047,2026-04-07T03:09:15
116.504994,2.574495,0.90047741800705,1.8628065,2026-04-07T03:10:15
116.692363,2.725966,0.9004781651651,1.8633136,2026-04-07T03:11:15
116.879957,2.877188,0.9004789125276,1.8638261,2026-04-07T03:12:15
117.067778,3.028161,0.90047966009671,1.8643439,2026-04-07T03:13:15
117.255829,3.17888,0.90048040787455,1.8648671,2026-04-07T03:14:15
117.444112,3.329346,0.9004811558633,1.8653957,2026-04-07T03:15:15
117.632629,3.479555,0.90048190406508,1.8659295,2026-04-07T03:16:15
117.821383,3.629506,0.90048265248205,1.8664687,2026-04-07T03:17:15
118.010375,3.779197,0.90048340111625,1.867013,2026-04-07T03:18:15
118.199609,3.928626,0.9004841499698,1.8675626,2026-04-07T03:19:15
118.389086,4.077791,0.90048489904482,1.8681174,2026-04-07T03:20:15
118.578809,4.22669,0.90048564834338,1.8686775,2026-04-07T03:21:15
118.76878,4.375321,0.90048639786764,1.8692429,2026-04-07T03:22:15
118.959001,4.523682,0.90048714761968,1.8698135,2026-04-07T03:23:15
119.149474,4.671771,0.90048789760165,1.8703895,2026-04-07T03:24:15
119.340202,4.819586,0.90048864781561,1.8709706,2026-04-07T03:25:15
119.531187,4.967125,0.90048939826371,1.871557,2026-04-07T03:26:15
119.722432,5.114386,0.900490148948,1.8721485,2026-04-07T03:27:15
119.913937,5.261367,0.90049089987053,1.8727452,2026-04-07T03:28:15
120.105706,5.408066,0.90049165103338,1.8733469,2026-04-07T03:29:15
120.297741,5.554481,0.90049240243859,1.8739539,2026-04-07T03:30:15
120.490043,5.70061,0.90049315408822,1.8745659,2026-04-07T03:31:15
120.682616,5.84645,0.90049390598437,1.8751832,2026-04-07T03:32:15
120.875461,5.992001,0.9004946581291,1.8758056,2026-04-07T03:33:15
121.06858,6.137259,0.90049541052444,1.8764331,2026-04-07T03:34:15
121.261976,6.282223,0.90049616317249,1.8770658,2026-04-07T03:35:15
121.45565,6.426891,0.9004969160753,1.8777036,2026-04-07T03:36:15
121.649605,6.57126,0.90049766923487,1.8783464,2026-04-07T03:37:15
121.843844,6.715328,0.90049842265325,1.8789942,2026-04-07T03:38:15
122.038367,6.859094,0.90049917633244,1.879647,2026-04-07T03:39:15
122.233177,7.002555,0.90049993027442,1.8803048,2026-04-07T03:40:15
122.428277,7.14571,0.90050068448122,1.8809677,2026-04-07T03:41:15
122.623668,7.288555,0.90050143895491,1.8816357,2026-04-07T03:42:15
122.819352,7.431089,0.90050219369748,1.8823087,2026-04-07T03:43:15
123.015332,7.57331,0.90050294871096,1.8829867,2026-04-07T03:44:15
123.211609,7.715216,0.90050370399734,1.8836697,2026-04-07T03:45:15
123.408186,7.856804,0.90050445955864,1.8843577,2026-04-07T03:46:15
123.605064,7.998072,0.90050521539684,1.8850507,2026-04-07T03:47:15
123.802246,8.139019,0.90050597151392,1.8857484,2026-04-07T03:48:15
123.999733,8.279642,0.90050672791182,1.8864511,2026-04-07T03:49:15
124.197528,8.419938,0.9005074845925,1.8871587,2026-04-07T03:50:15
124.395632,8.559906,0.90050824155791,1.8878712,2026-04-07T03:51:15
124.594049,8.699544,0.90050899881005,1.8885886,2026-04-07T03:52:15
124.792778,8.838849,0.90050975635089,1.8893109,2026-04-07T03:53:15
124.991823,8.977819,0.9005105141824,1.8900381,2026-04-07T03:54:15
125.191185,9.116452,0.90051127230651,1.8907702,2026-04-07T03:55:15
125.390867,9.254745,0.90051203072521,1.8915071,2026-04-07T03:56:15
125.59087,9.392697,0.9005127894404,1.8922489,2026-04-07T03:57:15
125.791196,9.530305,0.90051354845398,1.8929953,2026-04-07T03:58:15
125.991847,9.667567,0.90051430776789,1.8937465,2026-04-07T03:59:15
126.192824,9.804481,0.900515067384,1.8945025,2026-04-07T04:00:15
126.394131,9.941045,0.90051582730425,1.8952632,2026-04-07T04:01:15
126.595768,10.077255,0.90051658753055,1.8960288,2026-04-07T04:02:15
126.797737,10.21311,0.90051734806481,1.8967991,2026-04-07T04:03:15
127.000041,10.348608,0.90051810890897,1.8975741,2026-04-07T04:04:15
127.202681,10.483747,0.90051887006487,1.8983539,2026-04-07T04:05:15
127.405658,10.618524,0.90051963153447,1.8991384,2026-04-07T04:06:15
127.608975,10.752936,0.90052039331961,1.8999276,2026-04-07T04:07:15
127.812634,10.886982,0.90052115542216,1.9007213,2026-04-07T04:08:15
128.016635,11.020659,0.90052191784395,1.9015197,2026-04-07T04:09:15
128.220982,11.153965,0.90052268058682,1.9023226,2026-04-07T04:10:15
128.425675,11.286897,0.90052344365264,1.9031302,2026-04-07T04:11:15
128.630716,11.419454,0.90052420704325,1.9039424,2026-04-07T04:12:15
128.836107,11.551632,0.90052497076053,1.9047593,2026-04-07T04:13:15
129.04185,11.683431,0.90052573480633,1.9055807,2026-04-07T04:14:15
129.247946,11.814846,0.90052649918247,1.9064068,2026-04-07T04:15:15
129.454398,11.945876,0.90052726389081,1.9072374,2026-04-07T04:16:15
129.661205,12.076519,0.90052802893316,1.9080725,2026-04-07T04:17:15
129.868371,12.206771,0.90052879431129,1.908912,2026-04-07T04:18:15
130.075896,12.336632,0.900529560027,1.9097559,2026-04-07T04:19:15
130.283783,12.466097,0.90053032608206,1.9106044,2026-04-07T04:20:15
130.492033,12.595166,0.90053109247828,1.9114573,2026-04-07T04:21:15
130.700647,12.723835,0.90053185921744,1.9123147,2026-04-07T04:22:15
130.909627,12.852103,0.90053262630135,1.9131766,2026-04-07T04:23:15
131.118974,12.979966,0.90053339373181,1.9140429,2026-04-07T04:24:15
131.328691,13.107422,0.90053416151057,1.9149136,2026-04-07T04:25:15
131.538777,13.234469,0.90053492963943,1.9157888,2026-04-07T04:26:15
131.749236,13.361105,0.9005356981201,1.9166682,2026-04-07T04:27:15
131.960067,13.487327,0.90053646695436,1.917552,2026-04-07T04:28:15
132.171274,13.613132,0.90053723614386,1.91844,2026-04-07T04:29:15
132.382856,13.738518,0.90053800569037,1.9193323,2026-04-07T04:30:15
132.594816,13.863483,0.9005387755956,1.920229,2026-04-07T04:31:15
132.807154,13.988025,0.90053954586128,1.92113,2026-04-07T04:32:15
133.019873,14.11214,0.90054031648917,1.9220352,2026-04-07T04:33:15
133.232973,14.235826,0.90054108748094,1.9229448,2026-04-07T04:34:15
133.446455,14.359081,0.90054185883834,1.9238586,2026-04-07T04:35:15
133.660322,14.481902,0.90054263056307,1.9247766,2026-04-07T04:36:15
133.874574,14.604288,0.90054340265679,1.9256988,2026-04-07T04:37:15
134.089211,14.726234,0.9005441751212,1.9266251,2026-04-07T04:38:15
134.304237,14.847739,0.90054494795789,1.9275555,2026-04-07T04:39:15
134.519651,14.968801,0.90054572116854,1.9284901,2026-04-07T04:40:15
134.735455,15.089416,0.90054649475482,1.9294288,2026-04-07T04:41:15
134.95165,15.209583,0.90054726871838,1.9303716,2026-04-07T04:42:15
135.168238,15.329298,0.9005480430609,1.9313186,2026-04-07T04:43:15
135.385218,15.44856,0.900548817784,1.9322697,2026-04-07T04:44:15
135.602593,15.567365,0.90054959288934,1.9332249,2026-04-07T04:45:15
135.820363,15.685712,0.90055036837856,1.9341841,2026-04-07T04:46:15
136.038529,15.803597,0.90055114425326,1.9351473,2026-04-07T04:47:15
136.257092,15.921018,0.90055192051505,1.9361144,2026-04-07T04:48:15
136.476054,16.037972,0.90055269716547,1.9370855,2026-04-07T04:49:15
136.695414,16.154458,0.9005534742061,1.9380605,2026-04-07T04:50:15
136.915175,16.270472,0.90055425163856,1.9390395,2026-04-07T04:51:15
137.135337,16.386012,0.90055502946442,1.9400224,2026-04-07T04:52:15
137.3559,16.501075,0.90055580768527,1.9410093,2026-04-07T04:53:15
137.576866,16.615658,0.9005565863027,1.9420001,2026-04-07T04:54:15
137.798236,16.72976,0.90055736531827,1.9429949,2026-04-07T04:55:15
138.020009,16.843377,0.90055814473354,1.9439935,2026-04-07T04:56:15
138.242188,16.956507,0.90055892455007,1.9449959,2026-04-07T04:57:15
138.464772,17.069148,0.90055970476935,1.946002,2026-04-07T04:58:15
138.687762,17.181296,0.90056048539289,1.9470119,2026-04-07T04:59:15
138.911159,17.29295,0.90056126642217,1.9480256,2026-04-07T05:00:15
139.134964,17.404105,0.90056204785874,1.9490431,2026-04-07T05:01:15
139.359177,17.514761,0.9005628297041,1.9500643,2026-04-07T05:02:15
139.583798,17.624914,0.90056361195978,1.9510892,2026-04-07T05:03:15
139.808829,17.734562,0.90056439462725,1.952118,2026-04-07T05:04:15
140.03427,17.843702,0.90056517770801,1.9531504,2026-04-07T05:05:15
140.260121,17.952332,0.90056596120355,1.9541865,2026-04-07T05:06:15
140.486382,18.060448,0.90056674511534,1.9552262,2026-04-07T05:07:15
140.713055,18.168049,0.90056752944479,1.9562694,2026-04-07T05:08:15
140.940139,18.275131,0.90056831419337,1.9573163,2026-04-07T05:09:15
141.167635,18.381693,0.90056909936245,1.9583666,2026-04-07T05:10:15
141.395543,18.487731,0.90056988495349,1.9594206,2026-04-07T05:11:15
141.623863,18.593242,0.90057067096796,1.9604782,2026-04-07T05:12:15
141.852597,18.698225,0.90057145740726,1.9615393,2026-04-07T05:13:15
142.081743,18.802676,0.90057224427281,1.962604,2026-04-07T05:14:15
142.311302,18.906593,0.90057303156607,1.9636722,2026-04-07T05:15:15
142.541274,19.009974,0.90057381928838,1.9647438,2026-04-07T05:16:15
142.77166,19.112815,0.90057460744118,1.9658189,2026-04-07T05:17:15
143.002459,19.215114,0.9005753960258,1.9668974,2026-04-07T05:18:15
143.233671,19.316868,0.90057618504357,1.9679791,2026-04-07T05:19:15
143.465297,19.418075,0.90057697449586,1.9690643,2026-04-07T05:20:15
143.697337,19.518733,0.900577764384,1.9701528,2026-04-07T05:21:15
143.929789,19.618837,0.90057855470939,1.9712447,2026-04-07T05:22:15
144.162656,19.718387,0.90057934547334,1.97234,2026-04-07T05:23:15
144.395935,19.817379,0.90058013667722,1.9734387,2026-04-07T05:24:15
144.629627,19.91581,0.90058092832235,1.9745406,2026-04-07T05:25:15
144.863732,20.013679,0.90058172041007,1.9756458,2026-04-07T05:26:15
145.098249,20.110981,0.90058251294164,1.9767542,2026-04-07T05:27:15
145.333179,20.207716,0.90058330591839,1.9778658,2026-04-07T05:28:15
145.568521,20.303879,0.90058409934153,1.9789805,2026-04-07T05:29:15
145.804274,20.399469,0.90058489321233,1.9800983,2026-04-07T05:30:15
146.040438,20.494483,0.90058568753209,1.9812194,2026-04-07T05:31:15
146.277013,20.588918,0.90058648230209,1.9823436,2026-04-07T05:32:15
146.513999,20.682772,0.90058727752355,1.983471,2026-04-07T05:33:15
146.751394,20.776042,0.90058807319777,1.9846015,2026-04-07T05:34:15
146.989198,20.868725,0.90058886932601,1.9857351,2026-04-07T05:35:15
147.227411,20.960819,0.90058966590947,1.9868718,2026-04-07T05:36:15
147.466032,21.052321,0.9005904629494,1.9880115,2026-04-07T05:37:15
147.70506,21.143228,0.90059126044698,1.9891541,2026-04-07T05:38:15
147.944495,21.233539,0.90059205840335,1.9902996,2026-04-07T05:39:15
148.184335,21.32325,0.90059285681973,1.9914481,2026-04-07T05:40:15
148.42458,21.412359,0.9005936556973,1.9925996,2026-04-07T05:41:15
148.66523,21.500863,0.90059445503724,1.993754,2026-04-07T05:42:15
148.906283,21.58876,0.90059525484074,1.9949114,2026-04-07T05:43:15
149.147738,21.676047,0.90059605510897,1.9960717,2026-04-07T05:44:15
149.389595,21.762722,0.90059685584309,1.9972348,2026-04-07T05:45:15
149.631852,21.848781,0.90059765704427,1.9984008,2026-04-07T05:46:15
149.874509,21.934223,0.90059845871361,1.9995696,2026-04-07T05:47:15
150.117563,22.019045,0.90059926085222,2.0007411,2026-04-07T05:48:15
150.361015,22.103244,0.90060006346119,2.0019153,2026-04-07T05:49:15
150.604863,22.186818,0.90060086654162,2.0030923,2026-04-07T05:50:15
150.849105,22.269764,0.9006016700946,2.004272,2026-04-07T05:51:15
151.093741,22.35208,0.90060247412124,2.0054544,2026-04-07T05:52:15
151.338769,22.433763,0.90060327862262,2.0066396,2026-04-07T05:53:15
151.584188,22.514811,0.90060408359983,2.0078274,2026-04-07T05:54:15
151.829997,22.595221,0.90060488905397,2.009018,2026-04-07T05:55:15
152.076193,22.674991,0.90060569498606,2.0102111,2026-04-07T05:56:15
152.322776,22.754118,0.90060650139719,2.0114068,2026-04-07T05:57:15
152.569743,22.8326,0.90060730828833,2.012605,2026-04-07T05:58:15
152.817094,22.910434,0.90060811566049,2.0138057,2026-04-07T05:59:15
153.064827,22.987618,0.90060892351469,2.0150089,2026-04-07T06:00:15
153.31294,23.06415,0.9006097318519,2.0162146,2026-04-07T06:01:15
153.561432,23.140027,0.90061054067316,2.0174228,2026-04-07T06:02:15
153.810299,23.215246,0.90061134997948,2.0186336,2026-04-07T06:03:15
154.059542,23.289805,0.90061215977184,2.0198468,2026-04-07T06:04:15
154.309158,23.363702,0.90061297005122,2.0210624,2026-04-07T06:05:15
154.559145,23.436935,0.9006137808186,2.0222804,2026-04-07T06:06:15
154.809501,23.509501,0.90061459207494,2.0235008,2026-04-07T06:07:15
155.060224,23.581397,0.90061540382115,2.0247234,2026-04-07T06:08:15
155.311313,23.652621,0.90061621605813,2.0259483,2026-04-07T06:09:15
155.562764,23.723172,0.9006170287868,2.0271755,2026-04-07T06:10:15
155.814577,23.793046,0.90061784200807,2.028405,2026-04-07T06:11:15
156.066748,23.862241,0.90061865572287,2.0296367,2026-04-07T06:12:15
156.319276,23.930756,0.90061946993211,2.0308708,2026-04-07T06:13:15
156.572159,23.998587,0.90062028463669,2.032107,2026-04-07T06:14:15
156.825393,24.065732,0.90062109983748,2.0333455,2026-04-07T06:15:15
157.078978,24.13219,0.9006219155354,2.0345861,2026-04-07T06:16:15
157.332909,24.197958,0.90062273173127,2.0358289,2026-04-07T06:17:15
157.587186,24.263033,0.90062354842594,2.0370736,2026-04-07T06:18:15
157.841805,24.327414,0.90062436562023,2.0383204,2026-04-07T06:19:15
158.096764,24.391098,0.90062518331491,2.0395692,2026-04-07T06:20:15
158.35206,24.454084,0.90062600151084,2.0408201,2026-04-07T06:21:15
158.607691,24.516368,0.90062682020884,2.0420731,2026-04-07T06:22:15
158.863654,24.577949,0.90062763940974,2.0433281,2026-04-07T06:23:15
159.119946,24.638824,0.90062845911434,2.0445851,2026-04-07T06:24:15
159.376565,24.698993,0.90062927932343,2.0458441,2026-04-07T06:25:15
159.633508,24.758451,0.90063010003783,2.047105,2026-04-07T06:26:15
159.890772,24.817198,0.90063092125825,2.0483678,2026-04-07T06:27:15
160.148354,24.875231,0.90063174298547,2.0496323,2026-04-07T06:28:15
160.406252,24.932548,0.9006325652202,2.0508986,2026-04-07T06:29:15
160.664461,24.989148,0.90063338796313,2.0521668,2026-04-07T06:30:15
160.92298,25.045028,0.90063421121501,2.0534368,2026-04-07T06:31:15
161.181805,25.100186,0.90063503497656,2.0547086,2026-04-07T06:32:15
161.440933,25.15462,0.90063585924852,2.0559822,2026-04-07T06:33:15
161.700361,25.208328,0.90063668403159,2.0572576,2026-04-07T06:34:15
161.960085,25.261309,0.90063750932649,2.0585346,2026-04-07T06:35:15
162.220104,25.31356,0.90063833513388,2.0598134,2026-04-07T06:36:15
162.480412,25.365079,0.90063916145444,2.0610939,2026-04-07T06:37:15
162.741007,25.415866,0.90063998828881,2.0623758,2026-04-07T06:38:15
163.001886,25.465917,0.90064081563761,2.0636593,2026-04-07T06:39:15
163.263046,25.51523,0.90064164350143,2.0649444,2026-04-07T06:40:15
163.524482,25.563806,0.90064247188097,2.0662311,2026-04-07T06:41:15
163.786191,25.61164,0.90064330077682,2.0675193,2026-04-07T06:42:15
164.04817,25.658732,0.90064413018961,2.0688091,2026-04-07T06:43:15
164.310415,25.70508,0.90064496011998,2.0701004,2026-04-07T06:44:15
164.572923,25.750682,0.90064579056852,2.0713933,2026-04-07T06:45:15
164.83569,25.795536,0.9006466215358,2.0726875,2026-04-07T06:46:15
165.098712,25.839642,0.90064745302245,2.0739832,2026-04-07T06:47:15
165.361986,25.882996,0.90064828502895,2.0752801,2026-04-07T06:48:15
165.625508,25.925598,0.90064911755584,2.0765784,2026-04-07T06:49:15
165.889274,25.967445,0.90064995060366,2.077878,2026-04-07T06:50:15
166.15328,26.008537,0.90065078417293,2.0791789,2026-04-07T06:51:15
166.417522,26.048872,0.90065161826418,2.0804812,2026-04-07T06:52:15
166.681997,26.088448,0.90065245287798,2.0817848,2026-04-07T06:53:15
166.9467,26.127264,0.90065328801481,2.0830896,2026-04-07T06:54:15
167.211629,26.165318,0.90065412367518,2.0843957,2026-04-07T06:55:15
167.476777,26.202608,0.9006549598596,2.0857031,2026-04-07T06:56:15
167.742142,26.239134,0.90065579656852,2.0870115,2026-04-07T06:57:15
168.00772,26.274894,0.90065663380242,2.088321,2026-04-07T06:58:15
168.273506,26.309887,0.90065747156167,2.0896316,2026-04-07T06:59:15
168.539496,26.344111,0.90065830984673,2.0909432,2026-04-07T07:00:15
168.805687,26.377565,0.90065914865801,2.092256,2026-04-07T07:01:15
169.072073,26.410247,0.900659987996,2.0935698,2026-04-07T07:02:15
169.338651,26.442157,0.90066082786108,2.0948847,2026-04-07T07:03:15
169.605416,26.473293,0.90066166825372,2.0962006,2026-04-07T07:04:15
169.872364,26.503654,0.90066250917428,2.0975176,2026-04-07T07:05:15
170.139491,26.533238,0.90066335062316,2.0988355,2026-04-07T07:06:15
170.406792,26.562045,0.90066419260078,2.1001543,2026-04-07T07:07:15
170.674264,26.590074,0.90066503510743,2.1014738,2026-04-07T07:08:15
170.941901,26.617323,0.90066587814345,2.1027942,2026-04-07T07:09:15
171.209699,26.643791,0.90066672170918,2.1041155,2026-04-07T07:10:15
171.477654,26.669478,0.90066756580495,2.1054376,2026-04-07T07:11:15
171.745761,26.694381,0.90066841043107,2.1067605,2026-04-07T07:12:15
172.014016,26.718501,0.90066925558791,2.1080842,2026-04-07T07:13:15
172.282414,26.741837,0.90067010127578,2.1094088,2026-04-07T07:14:15
172.550951,26.764386,0.900670947495,2.110734,2026-04-07T07:15:15
172.819622,26.786149,0.90067179424585,2.11206,2026-04-07T07:16:15
173.088422,26.807125,0.90067264152858,2.1133867,2026-04-07T07:17:15
173.357347,26.827313,0.90067348934347,2.1147138,2026-04-07T07:18:15
173.626393,26.846711,0.90067433769072,2.1160416,2026-04-07T07:19:15
173.895554,26.86532,0.90067518657054,2.1173699,2026-04-07T07:20:15
174.164825,26.883139,0.90067603598323,2.1186989,2026-04-07T07:21:15
174.434203,26.900166,0.90067688592897,2.1200284,2026-04-07T07:22:15
174.703683,26.916401,0.90067773640802,2.1213585,2026-04-07T07:23:15
174.973259,26.931844,0.9006785874206,2.1226891,2026-04-07T07:24:15
175.242927,26.946493,0.9006794389669,2.1240202,2026-04-07T07:25:15
175.512682,26.960349,0.90068029104713,2.1253518,2026-04-07T07:26:15
175.782519,26.97341,0.90068114366146,2.1266838,2026-04-07T07:27:15
176.052434,26.985677,0.90068199681004,2.1280161,2026-04-07T07:28:15
176.322422,26.997148,0.90068285049298,2.1293487,2026-04-07T07:29:15
176.592478,27.007823,0.90068370471039,2.1306816,2026-04-07T07:30:15
176.862597,27.017703,0.90068455946243,2.1320149,2026-04-07T07:31:15
177.132775,27.026785,0.90068541474924,2.1333485,2026-04-07T07:32:15
177.403006,27.035071,0.90068627057092,2.1346824,2026-04-07T07:33:15
177.673285,27.042559,0.90068712692765,2.1360166,2026-04-07T07:34:15
177.943608,27.04925,0.90068798381948,2.1373511,2026-04-07T07:35:15
178.213971,27.055143,0.90068884124654,2.1386858,2026-04-07T07:36:15
178.484367,27.060238,0.90068969920886,2.1400206,2026-04-07T07:37:15
178.754792,27.064534,0.90069055770654,2.1413554,2026-04-07T07:38:15
179.025241,27.068032,0.90069141673954,2.1426904,2026-04-07T07:39:15
179.29571,27.070732,0.90069227630791,2.1440254,2026-04-07T07:40:15
179.566193,27.072632,0.90069313641168,2.1453605,2026-04-07T07:41:15
179.836685,27.073734,0.90069399705093,2.1466957,2026-04-07T07:42:15
180.107183,27.074037,0.90069485822563,2.1480309,2026-04-07T07:43:15
180.37768,27.073541,0.90069571993584,2.1493662,2026-04-07T07:44:15
180.648171,27.072247,0.90069658218153,2.1507015,2026-04-07T07:45:15
180.918653,27.070153,0.90069744496275,2.1520368,2026-04-07T07:46:15
181.189119,27.067261,0.90069830827941,2.1533719,2026-04-07T07:47:15
181.459566,27.06357,0.90069917213149,2.1547068,2026-04-07T07:48:15
181.729988,27.059081,0.90070003651888,2.1560415,2026-04-07T07:49:15
182.00038,27.053794,0.9007009014415,2.1573761,2026-04-07T07:50:15
182.270738,27.047708,0.90070176689931,2.1587105,2026-04-07T07:51:15
182.541056,27.040825,0.90070263289224,2.1600448,2026-04-07T07:52:15
182.81133,27.033144,0.90070349942023,2.1613788,2026-04-07T07:53:15
183.081554,27.024666,0.90070436648319,2.1627127,2026-04-07T07:54:15
183.351725,27.015392,0.90070523408102,2.1640463,2026-04-07T07:55:15
183.621837,27.00532,0.90070610221361,2.1653796,2026-04-07T07:56:15
183.891885,26.994453,0.90070697088085,2.1667126,2026-04-07T07:57:15
184.161864,26.98279,0.90070784008256,2.1680451,2026-04-07T07:58:15
184.43177,26.970332,0.90070870981858,2.1693771,2026-04-07T07:59:15
184.701598,26.957079,0.9007095800887,2.1707088,2026-04-07T08:00:15
184.971343,26.943032,0.90071045089279,2.17204,2026-04-07T08:01:15
185.241,26.928192,0.90071132223064,2.1733708,2026-04-07T08:02:15
185.510564,26.912558,0.90071219410213,2.1747011,2026-04-07T08:03:15
185.780032,26.896133,0.90071306650705,2.176031,2026-04-07T08:04:15
186.049397,26.878915,0.9007139394452,2.1773604,2026-04-07T08:05:15
186.318656,26.860907,0.90071481291636,2.1786893,2026-04-07T08:06:15
186.587803,26.842108,0.90071568692034,2.1800175,2026-04-07T08:07:15
186.856834,26.82252,0.90071656145684,2.181345,2026-04-07T08:08:15
187.125745,26.802143,0.90071743652559,2.1826718,2026-04-07T08:09:15
187.39453,26.780978,0.90071831212631,2.183998,2026-04-07T08:10:15
187.663185,26.759026,0.90071918825873,2.1853235,2026-04-07T08:11:15
187.931706,26.736288,0.90072006492263,2.1866483,2026-04-07T08:12:15
188.200087,26.712765,0.90072094211768,2.1879725,2026-04-07T08:13:15
188.468325,26.688457,0.90072181984363,2.1892959,2026-04-07T08:14:15
188.736415,26.663366,0.90072269810016,2.1906186,2026-04-07T08:15:15
189.004352,26.637492,0.900723576887,2.1919405,2026-04-07T08:16:15
189.272131,26.610837,0.90072445620379,2.1932615,2026-04-07T08:17:15
189.539749,26.583402,0.90072533605018,2.1945816,2026-04-07T08:18:15
189.807201,26.555187,0.90072621642577,2.1959007,2026-04-07T08:19:15
190.074483,26.526194,0.90072709733018,2.1972189,2026-04-07T08:20:15
190.341589,26.496424,0.90072797876309,2.1985362,2026-04-07T08:21:15
190.608517,26.465879,0.90072886072408,2.1998526,2026-04-07T08:22:15
190.875261,26.434558,0.90072974321281,2.201168,2026-04-07T08:23:15
191.141817,26.402465,0.90073062622889,2.2024825,2026-04-07T08:24:15
191.408181,26.369599,0.90073150977192,2.203796,2026-04-07T08:25:15
191.674349,26.335962,0.90073239384149,2.2051084,2026-04-07T08:26:15
191.940316,26.301555,0.90073327843721,2.2064198,2026-04-07T08:27:15
192.206079,26.26638,0.90073416355854,2.2077299,2026-04-07T08:28:15
192.471633,26.230438,0.90073504920506,2.2090388,2026-04-07T08:29:15
192.736975,26.193731,0.90073593537627,2.2103465,2026-04-07T08:30:15
193.002099,26.15626,0.9007368220717,2.2116532,2026-04-07T08:31:15
193.267003,26.118025,0.9007377092909,2.2129586,2026-04-07T08:32:15
193.531681,26.07903,0.9007385970334,2.2142628,2026-04-07T08:33:15
193.796131,26.039275,0.90073948529871,2.2155659,2026-04-07T08:34:15
194.060348,25.998761,0.90074037408634,2.2168677,2026-04-07T08:35:15
194.324328,25.957491,0.9007412633958,2.2181682,2026-04-07T08:36:15
194.588068,25.915466,0.90074215322653,2.2194674,2026-04-07T08:37:15
194.851563,25.872687,0.900743043578,2.2207651,2026-04-07T08:38:15
195.114811,25.829156,0.9007439344496,2.2220613,2026-04-07T08:39:15
195.377806,25.784875,0.90074482584077,2.2233562,2026-04-07T08:40:15
195.640546,25.739845,0.90074571775092,2.2246496,2026-04-07T08:41:15
195.903027,25.694068,0.90074661017953,2.2259417,2026-04-07T08:42:15
196.165245,25.647546,0.90074750312603,2.2272323,2026-04-07T08:43:15
196.427196,25.600281,0.9007483965898,2.2285214,2026-04-07T08:44:15
196.688877,25.552273,0.90074929057027,2.2298091,2026-04-07T08:45:15
196.950285,25.503526,0.90075018506685,2.2310952,2026-04-07T08:46:15
197.211416,25.45404,0.90075108007891,2.2323798,2026-04-07T08:47:15
197.472267,25.403818,0.90075197560576,2.2336626,2026-04-07T08:48:15
197.732834,25.352861,0.90075287164674,2.2349438,2026-04-07T08:49:15
197.993114,25.301172,0.90075376820117,2.2362233,2026-04-07T08:50:15
198.253104,25.248752,0.90075466526841,2.2375011,2026-04-07T08:51:15
198.5128,25.195602,0.9007555628478,2.2387773,2026-04-07T08:52:15
198.772199,25.141726,0.90075646093866,2.2400519,2026-04-07T08:53:15
199.031298,25.087125,0.9007573595403,2.2413247,2026-04-07T08:54:15
199.290094,25.031801,0.90075825865205,2.2425958,2026-04-07T08:55:15
199.548584,24.975755,0.90075915827324,2.2438651,2026-04-07T08:56:15
199.806764,24.918991,0.9007600584031,2.2451327,2026-04-07T08:57:15
200.064633,24.861509,0.90076095904089,2.2463982,2026-04-07T08:58:15
200.322186,24.803312,0.90076186018583,2.2476618,2026-04-07T08:59:15
200.579421,24.744403,0.90076276183714,2.2489236,2026-04-07T09:00:15
200.836335,24.684782,0.9007636639941,2.2501834,2026-04-07T09:01:15
201.092925,24.624452,0.90076456665592,2.2514414,2026-04-07T09:02:15
201.349188,24.563416,0.90076546982187,2.2526975,2026-04-07T09:03:15
201.605123,24.501675,0.90076637349114,2.2539516,2026-04-07T09:04:15
201.860725,24.439232,0.90076727766297,2.2552038,2026-04-07T09:05:15
202.115992,24.376088,0.90076818233657,2.2564539,2026-04-07T09:06:15
202.370923,24.312247,0.90076908751111,2.257702,2026-04-07T09:07:15
202.625513,24.247709,0.90076999318574,2.2589478,2026-04-07T09:08:15
202.879762,24.182478,0.90077089935958,2.2601916,2026-04-07T09:09:15
203.133665,24.116555,0.90077180603178,2.2614332,2026-04-07T09:10:15
203.387222,24.049943,0.90077271320146,2.2626727,2026-04-07T09:11:15
203.640428,23.982643,0.90077362086782,2.26391,2026-04-07T09:12:15
203.893283,23.91466,0.90077452902996,2.2651452,2026-04-07T09:13:15
204.145784,23.845993,0.90077543768706,2.2663783,2026-04-07T09:14:15
204.397928,23.776647,0.9007763468382,2.2676091,2026-04-07T09:15:15
204.649714,23.706622,0.90077725648251,2.2688377,2026-04-07T09:16:15
204.901139,23.635922,0.9007781666191,2.270064,2026-04-07T09:17:15
205.152201,23.564549,0.90077907724698,2.2712879,2026-04-07T09:18:15
205.402899,23.492505,0.90077998836519,2.2725094,2026-04-07T09:19:15
205.653229,23.419793,0.90078089997278,2.2737285,2026-04-07T09:20:15
205.90319,23.346414,0.90078181206882,2.2749453,2026-04-07T09:21:15
206.152781,23.272372,0.90078272465236,2.2761597,2026-04-07T09:22:15
206.401999,23.197668,0.90078363772246,2.2773717,2026-04-07T09:23:15
206.650843,23.122305,0.90078455127815,2.2785814,2026-04-07T09:24:15
206.89931,23.046286,0.90078546531847,2.2797886,2026-04-07T09:25:15
207.1474,22.969613,0.90078637984242,2.2809933,2026-04-07T09:26:15
207.395109,22.892288,0.90078729484904,2.2821956,2026-04-07T09:27:15
207.642437,22.814313,0.90078821033726,2.2833951,2026-04-07T09:28:15
207.889383,22.735692,0.90078912630603,2.2845921,2026-04-07T09:29:15
208.135944,22.656427,0.90079004275429,2.2857864,2026-04-07T09:30:15
208.382118,22.57652,0.90079095968101,2.2869782,2026-04-07T09:31:15
208.627906,22.495974,0.90079187708517,2.2881674,2026-04-07T09:32:15
208.873304,22.41479,0.90079279496573,2.289354,2026-04-07T09:33:15
209.118312,22.332973,0.90079371332163,2.2905379,2026-04-07T09:34:15
209.362929,22.250523,0.90079463215181,2.2917193,2026-04-07T09:35:15
209.607152,22.167445,0.90079555145518,2.2928979,2026-04-07T09:36:15
209.850982,22.083739,0.90079647123068,2.2940737,2026-04-07T09:37:15
210.094416,21.999409,0.90079739147718,2.2952467,2026-04-07T09:38:15
210.337453,21.914458,0.9007983121935,2.2964168,2026-04-07T09:39:15
210.580093,21.828887,0.90079923337853,2.2975841,2026-04-07T09:40:15
210.822334,21.7427,0.90080015503114,2.2987487,2026-04-07T09:41:15
211.064175,21.655898,0.9008010771502,2.2999104,2026-04-07T09:42:15
211.305616,21.568485,0.9008019997346,2.3010693,2026-04-07T09:43:15
211.546654,21.480464,0.9008029227832,2.3022254,2026-04-07T09:44:15
211.78729,21.391835,0.90080384629486,2.3033786,2026-04-07T09:45:15
212.027523,21.302603,0.90080477026839,2.3045288,2026-04-07T09:46:15
212.267351,21.21277,0.90080569470263,2.3056761,2026-04-07T09:47:15
212.506775,21.122338,0.90080661959638,2.3068203,2026-04-07T09:48:15
