JDTDB,Calendar Date (TDB),delta-T,X,Y,Z,VX,VY,VZ,Calendar Date (UTC)
2461137.601643519, A.D. 2026-Apr-07 02:26:22.0000,69.185631,-45321984.81854767,-125347567.4249308,-54104877.59622312,29.05028538120022,-8.722615849779757,-3.724664706627169,2026-04-07T02:25:12.814419
2461137.602337963, A.D. 2026-Apr-07 02:27:22.0000,69.185631,-45320241.79686724,-125348090.7719625,-54105101.07181562,29.05040797944499,-8.72227640595684,-3.724517946891553,2026-04-07T02:26:12.814375
2461137.603032407, A.D. 2026-Apr-07 02:28:22.0000,69.185631,-45318498.767831,-125348614.0986277,-54105324.53860226,29.05053057212012,-8.721936962276672,-3.724371185424205,2026-04-07T02:27:12.814331
2461137.603726852, A.D. 2026-Apr-07 02:29:22.0000,69.185631,-45316755.73144341,-125349137.4049246,-54105547.99658399,29.05065312029486,-8.721597469608497,-3.72422450662156,2026-04-07T02:28:12.814408
2461137.604421296, A.D. 2026-Apr-07 02:30:22.0000,69.185631,-45315012.68770321,-125349660.6908483,-54105771.44577315,29.05077556110373,-8.721257848526125,-3.724078046420031,2026-04-07T02:29:12.814364
2461137.605115741, A.D. 2026-Apr-07 02:31:22.0000,69.185631,-45313269.63661706,-125350183.9563943,-54105994.88617546,29.05089798827989,-8.720918214979905,-3.723931605051249,2026-04-07T02:30:12.814401
2461137.605810185, A.D. 2026-Apr-07 02:32:22.0000,69.185631,-45311526.57818872,-125350707.2015614,-54106218.31779043,29.05102042069211,-8.720578590934497,-3.723785143551371,2026-04-07T02:31:12.814357
2461137.60650463, A.D. 2026-Apr-07 02:33:22.0000,69.185631,-45309783.51241034,-125351230.4263528,-54106441.74061669,29.05114287422732,-8.720238995111455,-3.723638629210125,2026-04-07T02:32:12.814394
2461137.607199074, A.D. 2026-Apr-07 02:34:22.0000,69.185631,-45308040.43928389,-125351753.6307697,-54106665.15464995,29.0512653589625,-8.719899438713286,-3.723492041504147,2026-04-07T02:33:12.814350
2461137.607893519, A.D. 2026-Apr-07 02:35:22.0000,69.185631,-45306297.35881077,-125352276.8148133,-54106888.55988515,29.05138787741063,-8.719559924435455,-3.723345375785757,2026-04-07T02:34:12.814427
2461137.608587963, A.D. 2026-Apr-07 02:36:22.0000,69.185631,-45304554.27098218,-125352799.9784883,-54107111.95631874,29.0515104241622,-8.719220444725353,-3.7231986440807,2026-04-07T02:35:12.814383
2461137.609282407, A.D. 2026-Apr-07 02:37:22.0000,69.185631,-45302811.17580023,-125353323.1217951,-54107335.34394709,29.05163298679759,-8.718880984330703,-3.723051872977584,2026-04-07T02:36:12.814339
2461137.609976852, A.D. 2026-Apr-07 02:38:22.0000,69.185631,-45301068.07326793,-125353846.2447333,-54107558.72276848,29.05175554792281,-8.718541521925443,-3.722905098919739,2026-04-07T02:37:12.814376
2461137.610671296, A.D. 2026-Apr-07 02:39:22.0000,69.185631,-45299324.96337916,-125354369.347304,-54107782.09278502,29.05187806768228,-8.718202007445694,-3.722758407773464,2026-04-07T02:38:12.814332
2461137.611365741, A.D. 2026-Apr-07 02:40:22.0000,69.185631,-45297581.84614289,-125354892.4294991,-54108005.45400791,29.05200048204026,-8.717862359970015,-3.722611937627003,2026-04-07T02:39:12.814409
2461137.612060185, A.D. 2026-Apr-07 02:41:22.0000,69.185631,-45295838.72156575,-125355415.4913138,-54108228.80644292,29.05212288098599,-8.717522700162068,-3.722465487059872,2026-04-07T02:40:12.814365
2461137.612754629, A.D. 2026-Apr-07 02:42:22.0000,69.185631,-45294095.58964124,-125355938.5327503,-54108452.15009096,29.052245281119,-8.717183052166247,-3.72231901718698,2026-04-07T02:41:12.814322
2461137.613449074, A.D. 2026-Apr-07 02:43:22.0000,69.185631,-45292352.45037235,-125356461.5538087,-54108675.48494935,29.05236769644522,-8.716843435785545,-3.722172495375796,2026-04-07T02:42:12.814358
2461137.614143519, A.D. 2026-Apr-07 02:44:22.0000,69.185631,-45290609.30376129,-125356984.5544903,-54108898.8110139,29.05249013603359,-8.71650386342307,-3.722025901140373,2026-04-07T02:43:12.814435
2461137.614837963, A.D. 2026-Apr-07 02:45:22.0000,69.185631,-45288866.14979957,-125357507.5348,-54109122.12828089,29.0526126021759,-8.716164337590271,-3.721879229770266,2026-04-07T02:44:12.814391
2461137.615532408, A.D. 2026-Apr-07 02:46:22.0000,69.185631,-45287122.98848921,-125358030.4947394,-54109345.43674555,29.05273508996514,-8.715824850461614,-3.721732493330894,2026-04-07T02:45:12.814428
2461137.616226852, A.D. 2026-Apr-07 02:47:22.0000,69.185631,-45285379.81983265,-125358553.4343093,-54109568.73640424,29.05285758830826,-8.715485385481088,-3.721585718336043,2026-04-07T02:46:12.814384
2461137.616921296, A.D. 2026-Apr-07 02:48:22.0000,69.185631,-45283636.64382278,-125359076.3535125,-54109792.02725664,29.05298008191916,-8.715145919953953,-3.721438941142833,2026-04-07T02:47:12.814340
2461137.617615741, A.D. 2026-Apr-07 02:49:22.0000,69.185631,-45281893.46046398,-125359599.2523468,-54110015.3093036,29.05310253341214,-8.714806401053401,-3.721292247938823,2026-04-07T02:48:12.814417
2461137.618310185, A.D. 2026-Apr-07 02:50:22.0000,69.185631,-45280150.26976517,-125360122.1308041,-54110238.58255643,29.05322488214011,-8.714466743800386,-3.721145777802677,2026-04-07T02:49:12.814373
2461137.61900463, A.D. 2026-Apr-07 02:51:22.0000,69.185631,-45278407.07172241,-125360644.9888825,-54110461.84702219,29.05334721887323,-8.714127072037993,-3.720999326489,2026-04-07T02:50:12.814410
2461137.619699074, A.D. 2026-Apr-07 02:52:22.0000,69.185631,-45276663.86633935,-125361167.8265807,-54110685.10270052,29.05346956163251,-8.71378741013107,-3.720852854393211,2026-04-07T02:51:12.814366
2461137.620393518, A.D. 2026-Apr-07 02:53:22.0000,69.185631,-45274920.65361863,-125361690.6438989,-54110908.34958854,29.05359192514159,-8.713447778305806,-3.720706328271939,2026-04-07T02:52:12.814322
2461137.621087963, A.D. 2026-Apr-07 02:54:22.0000,69.185631,-45273177.43355177,-125362213.4408416,-54111131.58768325,29.05371431853506,-8.713108189499684,-3.720559727376082,2026-04-07T02:53:12.814399
2461137.621782408, A.D. 2026-Apr-07 02:55:22.0000,69.185631,-45271434.20614032,-125362736.2174103,-54111354.81697955,29.05383674354005,-8.712768646697912,-3.720413047337586,2026-04-07T02:54:12.814436
2461137.622476852, A.D. 2026-Apr-07 02:56:22.0000,69.185631,-45269690.97138604,-125363258.9736065,-54111578.03747247,29.05395919408203,-8.71242914254046,-3.720266300526475,2026-04-07T02:55:12.814392
2461137.623171296, A.D. 2026-Apr-07 02:57:22.0000,69.185631,-45267947.72928076,-125363781.7094343,-54111801.24915965,29.05408165754932,-8.712089660994922,-3.720119514370759,2026-04-07T02:56:12.814348
2461137.623865741, A.D. 2026-Apr-07 02:58:22.0000,69.185631,-45266204.47982775,-125364304.4248935,-54112024.45203941,29.05420411687032,-8.711750179506197,-3.719972726067179,2026-04-07T02:57:12.814385
2461137.624560185, A.D. 2026-Apr-07 02:59:22.0000,69.185631,-45264461.22303134,-125364827.1199818,-54112247.6461127,29.054326531931,-8.711410645187854,-3.719826023849245,2026-04-07T02:58:12.814341
2461137.62525463, A.D. 2026-Apr-07 03:00:22.0000,69.185631,-45262717.95889037,-125365349.7946942,-54112470.83139231,29.05444883833892,-8.711070973175904,-3.719679549573874,2026-04-07T02:59:12.814418
2461137.625949074, A.D. 2026-Apr-07 03:01:22.0000,69.185631,-45260974.68741153,-125365872.4490258,-54112694.00788431,29.05457113080323,-8.71073128721885,-3.71953309478432,2026-04-07T03:00:12.814374
2461137.626643518, A.D. 2026-Apr-07 03:02:22.0000,69.185631,-45259231.40859855,-125366395.0829754,-54112917.17558808,29.05469342758627,-8.710391610830259,-3.719386619040244,2026-04-07T03:01:12.814330
2461137.627337963, A.D. 2026-Apr-07 03:03:22.0000,69.185631,-45257488.12244377,-125366917.6965462,-54113140.33450227,29.05481574412601,-8.71005196440458,-3.719240088371861,2026-04-07T03:02:12.814367
2461137.628032407, A.D. 2026-Apr-07 03:04:22.0000,69.185631,-45255744.82894917,-125367440.2897394,-54113363.48462239,29.05493808978876,-8.709712360636061,-3.719093481604965,2026-04-07T03:03:12.814323
2461137.628726852, A.D. 2026-Apr-07 03:05:22.0000,69.185631,-45254001.52811632,-125367962.8625568,-54113586.62594321,29.05506046658921,-8.70937280260122,-3.718946794134354,2026-04-07T03:04:12.814400
2461137.629421297, A.D. 2026-Apr-07 03:06:22.0000,69.185631,-45252258.21993659,-125368485.4150029,-54113809.75846109,29.0551828684755,-8.70903328320459,-3.718800038761669,2026-04-07T03:05:12.814437
2461137.630115741, A.D. 2026-Apr-07 03:07:22.0000,69.185631,-45250514.90441232,-125369007.9470786,-54114032.88217226,29.05530528260375,-8.708693786394308,-3.71865324341861,2026-04-07T03:06:12.814393
2461137.630810185, A.D. 2026-Apr-07 03:08:22.0000,69.185631,-45248771.58154325,-125369530.4587846,-54114255.99707543,29.05542769162867,-8.708354290179107,-3.718506446144759,2026-04-07T03:07:12.814349
2461137.63150463, A.D. 2026-Apr-07 03:09:22.0000,69.185631,-45247028.25133387,-125370052.9501191,-54114479.10317165,29.05555005398884,-8.708014741828293,-3.718359736985723,2026-04-07T03:08:12.814426
2461137.632199074, A.D. 2026-Apr-07 03:10:22.0000,69.185631,-45245284.91378327,-125370575.4210768,-54114702.20047396,29.05567230273155,-8.707675057131913,-3.718213260787585,2026-04-07T03:09:12.814382
2461137.632893519, A.D. 2026-Apr-07 03:11:22.0000,69.185631,-45243541.56889826,-125371097.871653,-54114925.2889885,29.05579453788978,-8.707335358970504,-3.718066804674655,2026-04-07T03:10:12.814419
2461137.633587963, A.D. 2026-Apr-07 03:12:22.0000,69.185631,-45241798.21668249,-125371620.3018464,-54115148.36871481,29.0559167792198,-8.706995671201684,-3.717920327290427,2026-04-07T03:11:12.814375
2461137.634282407, A.D. 2026-Apr-07 03:13:22.0000,69.185631,-45240054.85712817,-125372142.7116604,-54115371.43965133,29.05603904336489,-8.706656013259638,-3.717773793684755,2026-04-07T03:12:12.814331
2461137.634976852, A.D. 2026-Apr-07 03:14:22.0000,69.185631,-45238311.49023703,-125372665.1010961,-54115594.50179363,29.05616134054601,-8.706316397191232,-3.717627182086054,2026-04-07T03:13:12.814408
2461137.635671296, A.D. 2026-Apr-07 03:15:22.0000,69.185631,-45236568.11601046,-125373187.4701551,-54115817.55513624,29.05628367284144,-8.705976825676084,-3.717480487512795,2026-04-07T03:14:12.814364
2461137.636365741, A.D. 2026-Apr-07 03:16:22.0000,69.185631,-45234824.73443959,-125373709.8188421,-54116040.59967538,29.05640603388354,-8.705637290902141,-3.717333722790362,2026-04-07T03:15:12.814401
2461137.637060185, A.D. 2026-Apr-07 03:17:22.0000,69.185631,-45233081.34552649,-125374232.1471577,-54116263.63540722,29.0565284098869,-8.70529777636074,-3.717186916226278,2026-04-07T03:16:12.814357
2461137.63775463, A.D. 2026-Apr-07 03:18:22.0000,69.185631,-45231337.94927432,-125374754.4551014,-54116486.66232993,29.05665078211843,-8.704958259513006,-3.717040106610821,2026-04-07T03:17:12.814394
2461137.638449074, A.D. 2026-Apr-07 03:19:22.0000,69.185631,-45229594.54567712,-125375276.7426742,-54116709.68044578,29.05677310711935,-8.704618687294158,-3.716893385458318,2026-04-07T03:18:12.814350
2461137.639143519, A.D. 2026-Apr-07 03:20:22.0000,69.185631,-45227851.13474448,-125375799.0098677,-54116932.68976666,29.05689531554235,-8.704278973331956,-3.716746899742672,2026-04-07T03:19:12.814427
2461137.639837963, A.D. 2026-Apr-07 03:21:22.0000,69.185631,-45226107.7164834,-125376321.2566768,-54117155.6902988,29.05701750767685,-8.703939246483541,-3.71660043488776,2026-04-07T03:20:12.814383
2461137.640532407, A.D. 2026-Apr-07 03:22:22.0000,69.185631,-45224364.29088731,-125376843.4831036,-54117378.68204306,29.05713970299208,-8.703599532434644,-3.716453949476335,2026-04-07T03:21:12.814339
2461137.641226852, A.D. 2026-Apr-07 03:23:22.0000,69.185631,-45222620.85795899,-125377365.6891485,-54117601.66499669,29.05726191825374,-8.703259852314888,-3.716307408574304,2026-04-07T03:22:12.814376
2461137.641921296, A.D. 2026-Apr-07 03:24:22.0000,69.185631,-45220877.4177003,-125377887.8748129,-54117824.63915514,29.05738416433788,-8.702920219481014,-3.716160790459539,2026-04-07T03:23:12.814332
2461137.642615741, A.D. 2026-Apr-07 03:25:22.0000,69.185631,-45219133.97010237,-125378410.0401018,-54118047.60451447,29.05750644454308,-8.702580636824752,-3.716014090115436,2026-04-07T03:24:12.814409
2461137.643310185, A.D. 2026-Apr-07 03:26:22.0000,69.185631,-45217390.51516669,-125378932.1850172,-54118270.5610696,29.05762875383645,-8.702241095939966,-3.7158673203347,2026-04-07T03:25:12.814365
2461137.644004629, A.D. 2026-Apr-07 03:27:22.0000,69.185631,-45215647.05289536,-125379454.3095598,-54118493.50881666,29.05775107978758,-8.701901579454116,-3.715720509518119,2026-04-07T03:26:12.814322
2461137.644699074, A.D. 2026-Apr-07 03:28:22.0000,69.185631,-45213903.58328091,-125379976.4137326,-54118716.44775528,29.05787340494398,-8.701562062887163,-3.715573696350739,2026-04-07T03:27:12.814358
2461137.645393519, A.D. 2026-Apr-07 03:29:22.0000,69.185631,-45212160.10632762,-125380498.4975336,-54118939.37788637,29.05799568806078,-8.701222490120253,-3.715426972836631,2026-04-07T03:28:12.814435
2461137.646087963, A.D. 2026-Apr-07 03:30:22.0000,69.185631,-45210416.62204458,-125381020.560954,-54119162.29922202,29.0581178629604,-8.700882770745991,-3.715280487090252,2026-04-07T03:29:12.814391
2461137.646782408, A.D. 2026-Apr-07 03:31:22.0000,69.185631,-45208673.13042811,-125381542.6039916,-54119385.21176978,29.05824002284266,-8.700543036026238,-3.715134021496682,2026-04-07T03:30:12.814428
2461137.647476852, A.D. 2026-Apr-07 03:32:22.0000,69.185631,-45206929.63148207,-125382064.6266454,-54119608.11552913,29.05836218480405,-8.700203311389402,-3.714987533882101,2026-04-07T03:31:12.814384
2461137.648171296, A.D. 2026-Apr-07 03:33:22.0000,69.185631,-45205186.12520587,-125382586.6289165,-54119831.01049766,29.05848436318222,-8.69986361802802,-3.714840988779409,2026-04-07T03:32:12.814340
2461137.648865741, A.D. 2026-Apr-07 03:34:22.0000,69.185631,-45203442.6116017,-125383108.6108063,-54120053.89667071,29.0586065670478,-8.699523969490752,-3.714694364127221,2026-04-07T03:33:12.814417
2461137.649560185, A.D. 2026-Apr-07 03:35:22.0000,69.185631,-45201699.090661,-125383630.5723196,-54120276.77404416,29.05872879841003,-8.699184369015471,-3.714547655082684,2026-04-07T03:34:12.814373
2461137.65025463, A.D. 2026-Apr-07 03:36:22.0000,69.185631,-45199955.56238569,-125384152.5134582,-54120499.64261284,29.05885105203464,-8.69884480887513,-3.714400875020429,2026-04-07T03:35:12.814410
2461137.650949074, A.D. 2026-Apr-07 03:37:22.0000,69.185631,-45198212.02677824,-125384674.4342229,-54120722.50237281,29.05897331607938,-8.698505272056394,-3.714254053025077,2026-04-07T03:36:12.814366
2461137.651643518, A.D. 2026-Apr-07 03:38:22.0000,69.185631,-45196468.48383158,-125385196.3346165,-54120945.35332363,29.05909557461684,-8.698165734938922,-3.714107228699758,2026-04-07T03:37:12.814322
2461137.652337963, A.D. 2026-Apr-07 03:39:22.0000,69.185631,-45194724.93355013,-125385718.2146371,-54121168.19546633,29.05921778874976,-8.697826141648182,-3.713960496038773,2026-04-07T03:38:12.814399
2461137.653032408, A.D. 2026-Apr-07 03:40:22.0000,69.185631,-45192981.37594308,-125386240.0742759,-54121391.02881317,29.05933989515134,-8.697486402084607,-3.713814005965252,2026-04-07T03:39:12.814436
2461137.653726852, A.D. 2026-Apr-07 03:41:22.0000,69.185631,-45191237.81100662,-125386761.9135308,-54121613.85337192,29.05946198940837,-8.697146648201986,-3.71366753684401,2026-04-07T03:40:12.814392
2461137.654421296, A.D. 2026-Apr-07 03:42:22.0000,69.185631,-45189494.23874441,-125387283.7324006,-54121836.66914205,29.05958409052315,-8.696806905831586,-3.713521045649266,2026-04-07T03:41:12.814348
2461137.655115741, A.D. 2026-Apr-07 03:43:22.0000,69.185631,-45187750.65915897,-125387805.5308857,-54122059.47612067,29.05970621436327,-8.696467196484345,-3.713374496254536,2026-04-07T03:42:12.814385
2461137.655810185, A.D. 2026-Apr-07 03:44:22.0000,69.185631,-45186007.07224169,-125388327.3089907,-54122282.2743044,29.05982837061639,-8.696127533594103,-3.713227866036907,2026-04-07T03:43:12.814341
2461137.65650463, A.D. 2026-Apr-07 03:45:22.0000,69.185631,-45184263.477994,-125388849.0667174,-54122505.06368774,29.05995056101704,-8.695787919989288,-3.713081150025356,2026-04-07T03:44:12.814418
2461137.657199074, A.D. 2026-Apr-07 03:46:22.0000,69.185631,-45182519.87641746,-125389370.8040675,-54122727.84426536,29.06007277927912,-8.695448348000296,-3.71293436166243,2026-04-07T03:45:12.814374
2461137.657893518, A.D. 2026-Apr-07 03:47:22.0000,69.185631,-45180776.26750382,-125389892.5210452,-54122950.61603466,29.06019501194636,-8.695108799948814,-3.71278753051071,2026-04-07T03:46:12.814330
2461137.658587963, A.D. 2026-Apr-07 03:48:22.0000,69.185631,-45179032.65125626,-125390414.2176501,-54123173.37899381,29.06031724081247,-8.694769251872925,-3.712640696887929,2026-04-07T03:47:12.814367
2461137.659282407, A.D. 2026-Apr-07 03:49:22.0000,69.185631,-45177289.02767918,-125390935.8938802,-54123396.13314386,29.06043942351819,-8.69442964730675,-3.712493956401326,2026-04-07T03:48:12.814323
2461137.659976852, A.D. 2026-Apr-07 03:50:22.0000,69.185631,-45175545.39677165,-125391457.5497299,-54123618.87849862,29.06056149195316,-8.694089895524401,-3.712347462868051,2026-04-07T03:49:12.814400
2461137.660671297, A.D. 2026-Apr-07 03:51:22.0000,69.185631,-45173801.75854056,-125391979.1851939,-54123841.61506461,29.06068354561081,-8.69375012872688,-3.71220099052428,2026-04-07T03:50:12.814437
2461137.661365741, A.D. 2026-Apr-07 03:52:22.0000,69.185631,-45172058.11298621,-125392500.800272,-54124064.34284182,29.06080560364826,-8.693410372414204,-3.712054495635401,2026-04-07T03:51:12.814393
2461137.662060185, A.D. 2026-Apr-07 03:53:22.0000,69.185631,-45170314.46011131,-125393022.3949646,-54124287.06182726,29.06092768208269,-8.693070648123811,-3.711907941375153,2026-04-07T03:52:12.814349
2461137.66275463, A.D. 2026-Apr-07 03:54:22.0000,69.185631,-45168570.79990734,-125393543.9692761,-54124509.77201747,29.0610497908295,-8.692730969646274,-3.711761304906775,2026-04-07T03:53:12.814426
2461137.663449074, A.D. 2026-Apr-07 03:55:22.0000,69.185631,-45166827.13237587,-125394065.5232084,-54124732.47340687,29.06117193194975,-8.69239134007709,-3.711614581200235,2026-04-07T03:54:12.814382
2461137.664143519, A.D. 2026-Apr-07 03:56:22.0000,69.185631,-45165083.45751854,-125394587.0567631,-54124955.16599006,29.06129409925049,-8.69205175183529,-3.711467784066021,2026-04-07T03:55:12.814419
2461137.664837963, A.D. 2026-Apr-07 03:57:22.0000,69.185631,-45163339.77532725,-125395108.5699444,-54125177.84976441,29.06141627931445,-8.691712187796345,-3.711320943706812,2026-04-07T03:56:12.814375
2461137.665532407, A.D. 2026-Apr-07 03:58:22.0000,69.185631,-45161596.08580521,-125395630.062752,-54125400.52472802,29.06153845401612,-8.691372624164966,-3.711174101215625,2026-04-07T03:57:12.814331
2461137.666226852, A.D. 2026-Apr-07 03:59:22.0000,69.185631,-45159852.38895696,-125396151.5351839,-54125623.19088204,29.06166058018626,-8.691033004814912,-3.711027353942506,2026-04-07T03:58:12.814408
2461137.666921296, A.D. 2026-Apr-07 04:00:22.0000,69.185631,-45158108.68478183,-125396672.9872345,-54125845.84824056,29.06178258820395,-8.690693238750612,-3.710880858535763,2026-04-07T03:59:12.814364
2461137.667615741, A.D. 2026-Apr-07 04:01:22.0000,69.185631,-45156364.97328675,-125397194.4188986,-54126068.49681024,29.06190458178209,-8.690353458752867,-3.71073438497763,2026-04-07T04:00:12.814401
2461137.668310185, A.D. 2026-Apr-07 04:02:22.0000,69.185631,-45154621.25447541,-125397715.830175,-54126291.13659056,29.06202658159355,-8.690013689813659,-3.710587888465865,2026-04-07T04:01:12.814357
2461137.66900463, A.D. 2026-Apr-07 04:03:22.0000,69.185631,-45152877.52834001,-125398237.2210672,-54126513.76757989,29.06214860513186,-8.689673953348244,-3.710441331360578,2026-04-07T04:02:12.814394
2461137.669699074, A.D. 2026-Apr-07 04:04:22.0000,69.185631,-45151133.79488213,-125398758.5915766,-54126736.38977334,29.06227066341772,-8.689334262360536,-3.710294690054654,2026-04-07T04:03:12.814350
2461137.670393519, A.D. 2026-Apr-07 04:05:22.0000,69.185631,-45149390.05410314,-125399279.9417049,-54126959.00316515,29.0623927591345,-8.688994619487067,-3.710147959195659,2026-04-07T04:04:12.814427
2461137.671087963, A.D. 2026-Apr-07 04:06:22.0000,69.185631,-45147646.30599391,-125399801.2714569,-54127181.60775114,29.06251488622273,-8.688655016701682,-3.710001152703535,2026-04-07T04:05:12.814383
2461137.671782407, A.D. 2026-Apr-07 04:07:22.0000,69.185631,-45145902.55055647,-125400322.5808335,-54127404.20352723,29.06263703079307,-8.688315436033092,-3.709854301087309,2026-04-07T04:06:12.814339
2461137.672476852, A.D. 2026-Apr-07 04:08:22.0000,69.185631,-45144158.78779373,-125400843.8698343,-54127626.79049142,29.0627591737682,-8.687975853524726,-3.709707446193637,2026-04-07T04:07:12.814376
2461137.673171296, A.D. 2026-Apr-07 04:09:22.0000,69.185631,-45142415.01769967,-125401365.1384602,-54127849.36864617,29.0628812708537,-8.687636212068133,-3.709560686930935,2026-04-07T04:08:12.814332
2461137.673865741, A.D. 2026-Apr-07 04:10:22.0000,69.185631,-45140671.24028388,-125401886.3867024,-54128071.93800435,29.06300325134202,-8.68729641890228,-3.70941418219003,2026-04-07T04:09:12.814409
2461137.674560185, A.D. 2026-Apr-07 04:11:22.0000,69.185631,-45138927.45554984,-125402407.6145563,-54128294.49857313,29.0631252152748,-8.686956611963508,-3.709267699949502,2026-04-07T04:10:12.814365
2461137.675254629, A.D. 2026-Apr-07 04:12:22.0000,69.185631,-45137183.66350144,-125402928.8220211,-54128517.05035207,29.06324718134469,-8.686616818461482,-3.70912119544084,2026-04-07T04:11:12.814322
2461137.675949074, A.D. 2026-Apr-07 04:13:22.0000,69.185631,-45135439.86413116,-125403450.0091003,-54128739.59333953,29.06336916538314,-8.686277060824466,-3.708974631107957,2026-04-07T04:12:12.814358
2461137.676643519, A.D. 2026-Apr-07 04:14:22.0000,69.185631,-45133696.05744101,-125403971.1757954,-54128962.12753072,29.06349117760825,-8.685937353491738,-3.708827983231227,2026-04-07T04:13:12.814435
2461137.677337963, A.D. 2026-Apr-07 04:15:22.0000,69.185631,-45131952.24343265,-125404492.3221087,-54129184.65291991,29.06361322069013,-8.685597699233885,-3.708681246545529,2026-04-07T04:14:12.814391
2461137.678032408, A.D. 2026-Apr-07 04:16:22.0000,69.185631,-45130208.42209744,-125405013.4480452,-54129407.16950294,29.063735289256,-8.68525808934346,-3.708534434900185,2026-04-07T04:15:12.814428
2461137.678726852, A.D. 2026-Apr-07 04:17:22.0000,69.185631,-45128464.59343762,-125405534.5536059,-54129629.67727578,29.06385737096766,-8.684918505008273,-3.708387578947994,2026-04-07T04:16:12.814384
2461137.679421296, A.D. 2026-Apr-07 04:18:22.0000,69.185631,-45126720.7574564,-125406055.6387907,-54129852.17623651,29.06397944869667,-8.684578920536644,-3.708240720507136,2026-04-07T04:17:12.814340
2461137.680115741, A.D. 2026-Apr-07 04:19:22.0000,69.185631,-45124976.91414777,-125406576.7036005,-54130074.66638759,29.06410148093469,-8.684239275893026,-3.708093959102672,2026-04-07T04:18:12.814417
2461137.680810185, A.D. 2026-Apr-07 04:20:22.0000,69.185631,-45123233.06352119,-125407097.7480262,-54130297.14774203,29.0642234004712,-8.683899474820258,-3.707947454720452,2026-04-07T04:19:12.814373
2461137.68150463, A.D. 2026-Apr-07 04:21:22.0000,69.185631,-45121489.20558336,-125407618.772062,-54130519.62030669,29.06434530674676,-8.68355965763037,-3.707800972237488,2026-04-07T04:20:12.814410
2461137.682199074, A.D. 2026-Apr-07 04:22:22.0000,69.185631,-45119745.34032762,-125408139.7757101,-54130742.08408233,29.06446721910133,-8.683219851503088,-3.707654466006723,2026-04-07T04:21:12.814366
2461137.682893518, A.D. 2026-Apr-07 04:23:22.0000,69.185631,-45118001.46775655,-125408660.7589707,-54130964.53906591,29.06458915365018,-8.682880079309205,-3.707507897672008,2026-04-07T04:22:12.814322
2461137.683587963, A.D. 2026-Apr-07 04:24:22.0000,69.185631,-45116257.58786844,-125409181.7218464,-54131186.98525284,29.06471112029759,-8.68254035572951,-3.70736124339511,2026-04-07T04:23:12.814399
2461137.684282408, A.D. 2026-Apr-07 04:25:22.0000,69.185631,-45114513.70066478,-125409702.6643392,-54131409.42263733,29.06483312101624,-8.682200684173267,-3.707214497931209,2026-04-07T04:24:12.814436
2461137.684976852, A.D. 2026-Apr-07 04:26:22.0000,69.185631,-45112769.8061367,-125410223.5864541,-54131631.85121512,29.06495514949961,-8.681861056338288,-3.707067675643693,2026-04-07T04:25:12.814392
2461137.685671296, A.D. 2026-Apr-07 04:27:22.0000,69.185631,-45111025.90428641,-125410744.4881923,-54131854.270982,29.06507719217122,-8.681521453972994,-3.706920808092902,2026-04-07T04:26:12.814348
2461137.686365741, A.D. 2026-Apr-07 04:28:22.0000,69.185631,-45109281.99511705,-125411265.3695533,-54132076.68193606,29.06519923069575,-8.68118185190533,-3.706773938038984,2026-04-07T04:27:12.814385
2461137.687060185, A.D. 2026-Apr-07 04:29:22.0000,69.185631,-45107538.0786227,-125411786.2305384,-54132299.08407982,29.06532122171254,-8.680842190382746,-3.706627167022134,2026-04-07T04:28:12.814341
2461137.68775463, A.D. 2026-Apr-07 04:30:22.0000,69.185631,-45105794.15481298,-125412307.0711383,-54132521.47742657,29.06544309550321,-8.680502373250693,-3.70648065843282,2026-04-07T04:29:12.814418
2461137.688449074, A.D. 2026-Apr-07 04:31:22.0000,69.185631,-45104050.22369483,-125412827.8913475,-54132743.86198329,29.06556495481336,-8.680162540611406,-3.706334172404624,2026-04-07T04:30:12.814374
2461137.689143518, A.D. 2026-Apr-07 04:32:22.0000,69.185631,-45102306.28526159,-125413348.6911681,-54132966.23775079,29.06568681967778,-8.679822719347891,-3.706187662474699,2026-04-07T04:31:12.814330
2461137.689837963, A.D. 2026-Apr-07 04:33:22.0000,69.185631,-45100562.33951586,-125413869.4706002,-54133188.60472597,29.06580870671123,-8.679482932408241,-3.706041089680074,2026-04-07T04:32:12.814367
2461137.690532407, A.D. 2026-Apr-07 04:34:22.0000,69.185631,-45098818.38645942,-125414390.2296455,-54133410.9629038,29.06593062610026,-8.67914319408146,-3.705894429547965,2026-04-07T04:33:12.814323
2461137.691226852, A.D. 2026-Apr-07 04:35:22.0000,69.185631,-45097074.42608332,-125414910.9683091,-54133633.31227963,29.06605257993129,-8.678803507771363,-3.705747676764039,2026-04-07T04:34:12.814400
2461137.691921297, A.D. 2026-Apr-07 04:36:22.0000,69.185631,-45095330.45838908,-125415431.6865929,-54133855.65284784,29.06617456154705,-8.678463865418768,-3.705600846024211,2026-04-07T04:35:12.814437
2461137.692615741, A.D. 2026-Apr-07 04:37:22.0000,69.185631,-45093586.48337545,-125415952.384499,-54134077.98460463,29.06629655691929,-8.678124248835973,-3.705453969350324,2026-04-07T04:36:12.814393
2461137.693310185, A.D. 2026-Apr-07 04:38:22.0000,69.185631,-45091842.50104561,-125416473.0620273,-54134300.30754806,29.06641854709582,-8.677784632958522,-3.705307090391825,2026-04-07T04:37:12.814349
2461137.69400463, A.D. 2026-Apr-07 04:39:22.0000,69.185631,-45090098.51139373,-125416993.7191788,-54134522.62168068,29.06654048689858,-8.67744495806837,-3.705160312589904,2026-04-07T04:38:12.814426
2461137.694699074, A.D. 2026-Apr-07 04:40:22.0000,69.185631,-45088354.51442976,-125417514.3559442,-54134744.92701609,29.06666230361708,-8.677105128668577,-3.70501380226258,2026-04-07T04:39:12.814382
2461137.695393519, A.D. 2026-Apr-07 04:41:22.0000,69.185631,-45086610.51016083,-125418034.9723183,-54134967.22356135,29.06678410571854,-8.676765284165926,-3.704867315145613,2026-04-07T04:40:12.814419
2461137.696087963, A.D. 2026-Apr-07 04:42:22.0000,69.185631,-45084866.49858016,-125418555.568303,-54135189.51131734,29.06690591482496,-8.676425451527104,-3.704720803716502,2026-04-07T04:41:12.814375
2461137.696782407, A.D. 2026-Apr-07 04:43:22.0000,69.185631,-45083122.4796903,-125419076.1438986,-54135411.79028085,29.06702774884202,-8.67608565282468,-3.704574228046745,2026-04-07T04:42:12.814331
2461137.697476852, A.D. 2026-Apr-07 04:44:22.0000,69.185631,-45081378.45349279,-125419596.6991067,-54135634.06044681,29.06714961905975,-8.675745902091306,-3.70442756307849,2026-04-07T04:43:12.814408
2461137.698171296, A.D. 2026-Apr-07 04:45:22.0000,69.185631,-45079634.41997844,-125420117.2339322,-54135856.32181039,29.06727152779146,-8.675406202194877,-3.704280803114493,2026-04-07T04:44:12.814364
2461137.698865741, A.D. 2026-Apr-07 04:46:22.0000,69.185631,-45077890.37914855,-125420637.7483772,-54136078.57436588,29.06739346825641,-8.675066544343832,-3.704133962906401,2026-04-07T04:45:12.814401
2461137.699560185, A.D. 2026-Apr-07 04:47:22.0000,69.185631,-45076146.3310051,-125421158.2424423,-54136300.81810887,29.06751542556914,-8.674726909873204,-3.703987074925164,2026-04-07T04:46:12.814357
2461137.70025463, A.D. 2026-Apr-07 04:48:22.0000,69.185631,-45074402.27554073,-125421678.7161306,-54136523.05303866,29.06763737948439,-8.67438727367817,-3.703840183492502,2026-04-07T04:47:12.814394
2461137.700949074, A.D. 2026-Apr-07 04:49:22.0000,69.185631,-45072658.21275994,-125422199.1694396,-54136745.27915643,29.06775928305193,-8.67404757511882,-3.703693393638083,2026-04-07T04:48:12.814350
2461137.701643519, A.D. 2026-Apr-07 04:50:22.0000,69.185631,-45070914.14266932,-125422719.6023612,-54136967.49647637,29.06788106105288,-8.673707716989234,-3.703546873958944,2026-04-07T04:49:12.814427
2461137.702337963, A.D. 2026-Apr-07 04:51:22.0000,69.185631,-45069170.06527612,-125423240.0148896,-54137189.70500565,29.06800282190378,-8.673367844265993,-3.703400378244133,2026-04-07T04:50:12.814383
2461137.703032407, A.D. 2026-Apr-07 04:52:22.0000,69.185631,-45067425.98057377,-125423760.4070271,-54137411.90474512,29.06812458657718,-8.673027985905112,-3.70325385902025,2026-04-07T04:51:12.814339
2461137.703726852, A.D. 2026-Apr-07 04:53:22.0000,69.185631,-45065681.88856497,-125424280.778774,-54137634.09569172,29.06824637307849,-8.672688165657704,-3.70310727614993,2026-04-07T04:52:12.814376
2461137.704421296, A.D. 2026-Apr-07 04:54:22.0000,69.185631,-45063937.78925148,-125424801.1301322,-54137856.27784029,29.06836819297378,-8.6723483984298,-3.702960604727679,2026-04-07T04:53:12.814332
2461137.705115741, A.D. 2026-Apr-07 04:55:22.0000,69.185631,-45062193.68262421,-125425321.461107,-54138078.45118617,29.06849004962742,-8.672008687528304,-3.702813838965148,2026-04-07T04:54:12.814409
2461137.705810185, A.D. 2026-Apr-07 04:56:22.0000,69.185631,-45060449.56868456,-125425841.7717008,-54138300.6157236,29.06861193744841,-8.67166902352544,-3.702666993663887,2026-04-07T04:55:12.814365
2461137.706504629, A.D. 2026-Apr-07 04:57:22.0000,69.185631,-45058705.4474345,-125426362.0619145,-54138522.77144825,29.0687338429958,-8.671329386679876,-3.702520101211667,2026-04-07T04:56:12.814322
2461137.707199074, A.D. 2026-Apr-07 04:58:22.0000,69.185631,-45056961.31886653,-125426882.3317513,-54138744.91835949,29.0688557473225,-8.670989749851978,-3.702373206062966,2026-04-07T04:57:12.814358
2461137.707893519, A.D. 2026-Apr-07 04:59:22.0000,69.185631,-45055217.18298505,-125427402.5812088,-54138967.05645847,29.06897760568828,-8.670650049718285,-3.702226413843134,2026-04-07T04:58:12.814435
2461137.708587963, A.D. 2026-Apr-07 05:00:22.0000,69.185631,-45053473.03979962,-125427922.8102775,-54139189.18575913,29.06909934613889,-8.67031018459827,-3.702079894321573,2026-04-07T04:59:12.814391
2461137.709282408, A.D. 2026-Apr-07 05:01:22.0000,69.185631,-45051728.8893069,-125428443.0189546,-54139411.30627001,29.06922107100009,-8.669970302606453,-3.70193339809264,2026-04-07T05:00:12.814428
2461137.709976852, A.D. 2026-Apr-07 05:02:22.0000,69.185631,-45049984.73151066,-125428963.2072391,-54139633.41799059,29.06934279918745,-8.669630432365542,-3.701786876819715,2026-04-07T05:01:12.814384
2461137.710671296, A.D. 2026-Apr-07 05:03:22.0000,69.185631,-45048240.56641023,-125429483.3751323,-54139855.52091809,29.06946454669708,-8.669290598092765,-3.701640289877476,2026-04-07T05:02:12.814340
2461137.711365741, A.D. 2026-Apr-07 05:04:22.0000,69.185631,-45046496.39400753,-125430003.5226358,-54140077.61504727,29.0695863236017,-8.668950814947285,-3.70149361197833,2026-04-07T05:03:12.814417
2461137.712060185, A.D. 2026-Apr-07 05:05:22.0000,69.185631,-45044752.21429381,-125430523.6497552,-54140299.70037328,29.06970813216491,-8.668611086644356,-3.701346837496788,2026-04-07T05:04:12.814373
2461137.71275463, A.D. 2026-Apr-07 05:06:22.0000,69.185631,-45043008.02727074,-125431043.7564921,-54140521.77689026,29.06982996646406,-8.668271404261283,-3.701199981713188,2026-04-07T05:05:12.814410
2461137.713449074, A.D. 2026-Apr-07 05:07:22.0000,69.185631,-45041263.83294062,-125431563.8428481,-54140743.84459382,29.06995181354363,-8.667931748525648,-3.701053077937662,2026-04-07T05:06:12.814366
2461137.714143518, A.D. 2026-Apr-07 05:08:22.0000,69.185631,-45039519.63129626,-125432083.9088258,-54140965.90348325,29.07007365563272,-8.66759209294592,-3.70090617153009,2026-04-07T05:07:12.814322
2461137.714837963, A.D. 2026-Apr-07 05:09:22.0000,69.185631,-45037775.42234215,-125432603.9544233,-54141187.95355984,29.07019544969542,-8.667252374177997,-3.700759370090779,2026-04-07T05:08:12.814399
2461137.715532408, A.D. 2026-Apr-07 05:10:22.0000,69.185631,-45036031.20608801,-125433123.9796308,-54141409.99483768,29.07031712618089,-8.666912490425416,-3.700612846384792,2026-04-07T05:09:12.814436
2461137.716226852, A.D. 2026-Apr-07 05:11:22.0000,69.185631,-45034286.98253029,-125433643.9844457,-54141632.02732553,29.07043878933974,-8.666572590744355,-3.7004663468122,2026-04-07T05:10:12.814392
2461137.716921296, A.D. 2026-Apr-07 05:12:22.0000,69.185631,-45032542.75167267,-125434163.9688668,-54141854.0510229,29.07056045974268,-8.66623270394033,-3.700319822123676,2026-04-07T05:11:12.814348
2461137.717615741, A.D. 2026-Apr-07 05:13:22.0000,69.185631,-45030798.51351416,-125434683.9328956,-54142076.06592695,29.07068215451035,-8.665892854282898,-3.700173231037702,2026-04-07T05:12:12.814385
2461137.718310185, A.D. 2026-Apr-07 05:14:22.0000,69.185631,-45029054.26805642,-125435203.8765341,-54142298.07203241,29.07080388421313,-8.665553056859936,-3.700026547572302,2026-04-07T05:13:12.814341
2461137.71900463, A.D. 2026-Apr-07 05:15:22.0000,69.185631,-45027310.0152903,-125435723.7997874,-54142520.06933431,29.07092565076587,-8.665213315105397,-3.699879766128204,2026-04-07T05:14:12.814418
2461137.719699074, A.D. 2026-Apr-07 05:16:22.0000,69.185631,-45025565.75521724,-125436243.7026576,-54142742.05782672,29.07104744734476,-8.664873620047045,-3.699732901921087,2026-04-07T05:15:12.814374
2461137.720393518, A.D. 2026-Apr-07 05:17:22.0000,69.185631,-45023821.48783927,-125436763.585146,-54142964.03750516,29.07116925950854,-8.664533952106998,-3.699585988857141,2026-04-07T05:16:12.814330
2461137.721087963, A.D. 2026-Apr-07 05:18:22.0000,69.185631,-45022077.21314914,-125437283.4472555,-54143186.00836891,29.07129106759482,-8.664194284185996,-3.6994390730009,2026-04-07T05:17:12.814367
2461137.721782407, A.D. 2026-Apr-07 05:19:22.0000,69.185631,-45020332.93115132,-125437803.288984,-54143407.9704193,29.07141282551051,-8.663854552518337,-3.699292263687612,2026-04-07T05:18:12.814323
2461137.722476852, A.D. 2026-Apr-07 05:20:22.0000,69.185631,-45018588.64185587,-125438323.1103216,-54143629.92367063,29.07153445927135,-8.663514655060673,-3.69914573670592,2026-04-07T05:19:12.814400
2461137.723171297, A.D. 2026-Apr-07 05:21:22.0000,69.185631,-45016844.34525946,-125438842.9112659,-54143851.86813174,29.07165607767107,-8.66317474077972,-3.698999234151565,2026-04-07T05:20:12.814437
2461137.723865741, A.D. 2026-Apr-07 05:22:22.0000,69.185631,-45015100.04136589,-125439362.6918155,-54144073.80380221,29.07177770192753,-8.662834839095556,-3.69885270588372,2026-04-07T05:21:12.814393
2461137.724560185, A.D. 2026-Apr-07 05:23:22.0000,69.185631,-45013355.73017423,-125439882.4519719,-54144295.73067909,29.07189934966884,-8.662494973924735,-3.698706110052842,2026-04-07T05:22:12.814349
2461137.72525463, A.D. 2026-Apr-07 05:24:22.0000,69.185631,-45011611.41168617,-125440402.1917369,-54144517.64875707,29.07202103174037,-8.662155160870352,-3.698559420385202,2026-04-07T05:23:12.814426
2461137.725949074, A.D. 2026-Apr-07 05:25:22.0000,69.185631,-45009867.08589259,-125440921.9111159,-54144739.55803107,29.07214275036194,-8.661815403659253,-3.698412631197682,2026-04-07T05:24:12.814382
2461137.726643519, A.D. 2026-Apr-07 05:26:22.0000,69.185631,-45008122.75279495,-125441441.6101108,-54144961.4584951,29.07226449863801,-8.661475693501506,-3.698265758133765,2026-04-07T05:25:12.814419
2461137.727337963, A.D. 2026-Apr-07 05:27:22.0000,69.185631,-45006378.41239534,-125441961.2887232,-54145183.35014458,29.07238626169148,-8.661136010803261,-3.698118835697184,2026-04-07T05:26:12.814375
2461137.728032407, A.D. 2026-Apr-07 05:28:22.0000,69.185631,-45004634.06468654,-125442480.9469557,-54145405.23297884,29.0725080195836,-8.66079632884631,-3.697971910835125,2026-04-07T05:27:12.814331
2461137.728726852, A.D. 2026-Apr-07 05:29:22.0000,69.185631,-45002889.70967313,-125443000.5848063,-54145627.10699919,29.07262972480734,-8.660456583732698,-3.697825094740274,2026-04-07T05:28:12.814408
2461137.729421296, A.D. 2026-Apr-07 05:30:22.0000,69.185631,-45001145.34736537,-125443520.2022653,-54145848.97222029,29.07275130098025,-8.660116673107813,-3.697678566060799,2026-04-07T05:29:12.814364
2461137.730115741, A.D. 2026-Apr-07 05:31:22.0000,69.185631,-44999400.97776018,-125444039.7993302,-54146070.82865109,29.07287286146983,-8.659776746459604,-3.697532062497126,2026-04-07T05:30:12.814401
2461137.730810185, A.D. 2026-Apr-07 05:32:22.0000,69.185631,-44997656.60086127,-125444559.3759996,-54146292.67629117,29.07299442878633,-8.659436832590764,-3.697385532865056,2026-04-07T05:31:12.814357
2461137.73150463, A.D. 2026-Apr-07 05:33:22.0000,69.185631,-44995912.21666761,-125445078.9322752,-54146514.51513755,29.07311602200163,-8.659096955506389,-3.697238934302812,2026-04-07T05:32:12.814394
2461137.732199074, A.D. 2026-Apr-07 05:34:22.0000,69.185631,-44994167.82518071,-125445598.4681586,-54146736.3451848,29.07323765313025,-8.658757129928972,-3.69709223985964,2026-04-07T05:33:12.814350
2461137.732893519, A.D. 2026-Apr-07 05:35:22.0000,69.185631,-44992423.42639123,-125446117.9836552,-54146958.16642773,29.07335932526424,-8.658417359126183,-3.696945443496604,2026-04-07T05:34:12.814427
2461137.733587963, A.D. 2026-Apr-07 05:36:22.0000,69.185631,-44990679.02030035,-125446637.478767,-54147179.97886016,29.07348103178108,-8.658077633819856,-3.69679856091037,2026-04-07T05:35:12.814383
2461137.734282407, A.D. 2026-Apr-07 05:37:22.0000,69.185631,-44988934.60690986,-125447156.9534951,-54147401.78247745,29.07360275768968,-8.657737934024667,-3.69665162708185,2026-04-07T05:36:12.814339
2461137.734976852, A.D. 2026-Apr-07 05:38:22.0000,69.185631,-44987190.18621226,-125447676.4078423,-54147623.57727876,29.07372448222476,-8.657398232623361,-3.696504689644641,2026-04-07T05:37:12.814376
2461137.735671296, A.D. 2026-Apr-07 05:39:22.0000,69.185631,-44985445.75821199,-125448195.8418064,-54147845.36326541,29.07384615704147,-8.657058464943987,-3.696357861352766,2026-04-07T05:38:12.814332
2461137.736365741, A.D. 2026-Apr-07 05:40:22.0000,69.185631,-44983701.32291912,-125448715.2553774,-54148067.14045217,29.07396770489206,-8.656718526735238,-3.696211323483241,2026-04-07T05:39:12.814409
2461137.737060185, A.D. 2026-Apr-07 05:41:22.0000,69.185631,-44981956.88033054,-125449234.6485525,-54148288.90884815,29.07408923545217,-8.65637857312067,-3.696064811329658,2026-04-07T05:40:12.814365
2461137.737754629, A.D. 2026-Apr-07 05:42:22.0000,69.185631,-44980212.43045012,-125449754.0213307,-54148510.66845285,29.0742107691207,-8.656038634569558,-3.695918273964829,2026-04-07T05:41:12.814322
2461137.738449074, A.D. 2026-Apr-07 05:43:22.0000,69.185631,-44978467.97327714,-125450273.3737137,-54148732.41926344,29.07433232327732,-8.655698736407176,-3.695771668252635,2026-04-07T05:42:12.814358
2461137.739143519, A.D. 2026-Apr-07 05:44:22.0000,69.185631,-44976723.50881346,-125450792.7057034,-54148954.1612745,29.07445390904851,-8.65535889480209,-3.695624967361752,2026-04-07T05:43:12.814435
2461137.739837963, A.D. 2026-Apr-07 05:45:22.0000,69.185631,-44974979.03705013,-125451312.0173054,-54149175.89448086,29.07457552913156,-8.655019112844528,-3.69547816512332,2026-04-07T05:44:12.814391
2461137.740532408, A.D. 2026-Apr-07 05:46:22.0000,69.185631,-44973234.5579887,-125451831.3085221,-54149397.61887639,29.07469717754189,-8.654679380860248,-3.69533127739974,2026-04-07T05:45:12.814428
2461137.741226852, A.D. 2026-Apr-07 05:47:22.0000,69.185631,-44971490.07163128,-125452350.5793548,-54149619.33445647,29.07481884061925,-8.654339677592425,-3.695184339100662,2026-04-07T05:46:12.814384
2461137.741921296, A.D. 2026-Apr-07 05:48:22.0000,69.185631,-44969745.57797065,-125452869.8298064,-54149841.04122036,29.07494049941819,-8.653999974292745,-3.695037397932369,2026-04-07T05:47:12.814340
2461137.742615741, A.D. 2026-Apr-07 05:49:22.0000,69.185631,-44968001.07701128,-125453389.0598749,-54150062.73916938,29.07506210827355,-8.653660203373828,-3.694890567356362,2026-04-07T05:48:12.814417
2461137.743310185, A.D. 2026-Apr-07 05:50:22.0000,69.185631,-44966256.56876321,-125453908.2695498,-54150284.42831846,29.07518359317686,-8.653320256414236,-3.694744029803553,2026-04-07T05:49:12.814373
2461137.74400463, A.D. 2026-Apr-07 05:51:22.0000,69.185631,-44964512.05322311,-125454427.4588283,-54150506.10867675,29.07530506392943,-8.65298029184842,-3.694597517388157,2026-04-07T05:50:12.814410
2461137.744699074, A.D. 2026-Apr-07 05:52:22.0000,69.185631,-44962767.53039464,-125454946.6277091,-54150727.78024374,29.07542654197659,-8.652640340079536,-3.694450978151647,2026-04-07T05:51:12.814366
2461137.745393518, A.D. 2026-Apr-07 05:53:22.0000,69.185631,-44961023.0002768,-125455465.7761939,-54150949.44301645,29.07554804522579,-8.652300426908978,-3.694304368416552,2026-04-07T05:52:12.814322
2461137.746087963, A.D. 2026-Apr-07 05:54:22.0000,69.185631,-44959278.46287117,-125455984.9042844,-54151171.09698926,29.0756695847209,-8.651960568837524,-3.694157661040919,2026-04-07T05:53:12.814399
2461137.746782408, A.D. 2026-Apr-07 05:55:22.0000,69.185631,-44957533.91816854,-125456504.0119862,-54151392.74215694,29.0757911627225,-8.651620769649911,-3.69401085005764,2026-04-07T05:54:12.814436
2461137.747476852, A.D. 2026-Apr-07 05:56:22.0000,69.185631,-44955789.36617025,-125457023.0993017,-54151614.37851322,29.07591277218089,-8.651281020170888,-3.69386395175799,2026-04-07T05:55:12.814392
2461137.748171296, A.D. 2026-Apr-07 05:57:22.0000,69.185631,-44954044.80687824,-125457542.1662321,-54151836.00605337,29.07603439820544,-8.650941299768371,-3.693717001933202,2026-04-07T05:56:12.814348
2461137.748865741, A.D. 2026-Apr-07 05:58:22.0000,69.185631,-44952300.2402852,-125458061.2127805,-54152057.62477663,29.07615602046412,-8.650601579810456,-3.693570049306485,2026-04-07T05:57:12.814385
2461137.749560185, A.D. 2026-Apr-07 05:59:22.0000,69.185631,-44950555.66639567,-125458580.2389447,-54152279.23468438,29.07627759115912,-8.650261793077435,-3.69342320951118,2026-04-07T05:58:12.814341
2461137.75025463, A.D. 2026-Apr-07 06:00:22.0000,69.185631,-44948811.08521638,-125459099.2447155,-54152500.83579228,29.07639903376971,-8.649921831545322,-3.693276668237814,2026-04-07T05:59:12.814418
2461137.750949074, A.D. 2026-Apr-07 06:01:22.0000,69.185631,-44947066.49675458,-125459618.2300869,-54152722.4281083,29.07652046035867,-8.649581852355638,-3.69313015278968,2026-04-07T06:00:12.814374
2461137.751643518, A.D. 2026-Apr-07 06:02:22.0000,69.185631,-44945321.90100365,-125460137.1950609,-54152944.01163327,29.07664189259966,-8.649241886126848,-3.692983610269941,2026-04-07T06:01:12.814330
2461137.752337963, A.D. 2026-Apr-07 06:03:22.0000,69.185631,-44943577.29796616,-125460656.1396378,-54153165.58636373,29.07676334876909,-8.648901958375328,-3.692836996276198,2026-04-07T06:02:12.814367
2461137.753032407, A.D. 2026-Apr-07 06:04:22.0000,69.185631,-44941832.68764372,-125461175.0638196,-54153387.15229403,29.07688484022617,-8.648562085363318,-3.692690283027568,2026-04-07T06:03:12.814323
2461137.753726852, A.D. 2026-Apr-07 06:05:22.0000,69.185631,-44940088.07002718,-125461693.967612,-54153608.70941875,29.07700636949544,-8.648222270968002,-3.692543464507602,2026-04-07T06:04:12.814400
2461137.754421297, A.D. 2026-Apr-07 06:06:22.0000,69.185631,-44938343.4451179,-125462212.8510169,-54153830.25773158,29.07712792980183,-8.647882506245697,-3.692396557366982,2026-04-07T06:05:12.814437
2461137.755115741, A.D. 2026-Apr-07 06:07:22.0000,69.185631,-44936598.81291787,-125462731.714036,-54154051.79722776,29.07724950626851,-8.647542770841364,-3.692249598044154,2026-04-07T06:06:12.814393
2461137.755810185, A.D. 2026-Apr-07 06:08:22.0000,69.185631,-44934854.17341983,-125463250.5566721,-54154273.32790646,29.07737107849921,-8.647203036547282,-3.692102636194046,2026-04-07T06:07:12.814349
2461137.75650463, A.D. 2026-Apr-07 06:09:22.0000,69.185631,-44933109.52662828,-125463769.3789232,-54154494.84976913,29.07749259808479,-8.646863236576177,-3.691955789436046,2026-04-07T06:08:12.814426
2461137.757199074, A.D. 2026-Apr-07 06:10:22.0000,69.185631,-44931364.87255015,-125464288.1807801,-54154716.36283172,29.07761398693486,-8.646523263469577,-3.691809246881296,2026-04-07T06:09:12.814382
2461137.757893519, A.D. 2026-Apr-07 06:11:22.0000,69.185631,-44929620.21119275,-125464806.9622371,-54154937.86710241,29.07773536042214,-8.64618327387352,-3.691662730838153,2026-04-07T06:10:12.814419
2461137.758587963, A.D. 2026-Apr-07 06:12:22.0000,69.185631,-44927875.54254933,-125465325.7232958,-54155159.36258199,29.07785674098233,-8.645843297382191,-3.691516187289821,2026-04-07T06:11:12.814375
2461137.759282407, A.D. 2026-Apr-07 06:13:22.0000,69.185631,-44926130.8666224,-125465844.4639571,-54155380.84926699,29.07797814750556,-8.645503359043953,-3.69136957079614,2026-04-07T06:12:12.814331
2461137.759976852, A.D. 2026-Apr-07 06:14:22.0000,69.185631,-44924386.18341342,-125466363.1842225,-54155602.32715156,29.0780995916033,-8.645163474264363,-3.691222852923018,2026-04-07T06:13:12.814408
2461137.760671296, A.D. 2026-Apr-07 06:15:22.0000,69.185631,-44922641.49291313,-125466881.8840977,-54155823.79623024,29.07822107576688,-8.644823646430842,-3.691076027210452,2026-04-07T06:14:12.814364
2461137.761365741, A.D. 2026-Apr-07 06:16:22.0000,69.185631,-44920896.79512274,-125467400.5635846,-54156045.2564965,29.0783425928078,-8.644483865641316,-3.690929110306472,2026-04-07T06:15:12.814401
2461137.762060185, A.D. 2026-Apr-07 06:17:22.0000,69.185631,-44919152.09004071,-125467919.2226856,-54156266.70794592,29.07846412700079,-8.64414411126612,-3.690782139159935,2026-04-07T06:16:12.814357
2461137.76275463, A.D. 2026-Apr-07 06:18:22.0000,69.185631,-44917407.37767009,-125468437.8614004,-54156488.15057621,29.07858565722537,-8.64380435489621,-3.690635164296685,2026-04-07T06:17:12.814394
2461137.763449074, A.D. 2026-Apr-07 06:19:22.0000,69.185631,-44915662.65800509,-125468956.4797297,-54156709.58439013,29.07870713356579,-8.643464529049757,-3.69048830493171,2026-04-07T06:18:12.814350
2461137.764143519, A.D. 2026-Apr-07 06:20:22.0000,69.185631,-44913917.93105616,-125469475.0776632,-54156931.00940333,29.0788284763196,-8.643124524899232,-3.690341752783645,2026-04-07T06:19:12.814427
2461137.764837963, A.D. 2026-Apr-07 06:21:22.0000,69.185631,-44912173.19683076,-125469993.6551947,-54157152.42562404,29.07894980195826,-8.642784504820948,-3.69019522795403,2026-04-07T06:20:12.814383
2461137.765532407, A.D. 2026-Apr-07 06:22:22.0000,69.185631,-44910428.4553223,-125470512.2123264,-54157373.83305316,29.07907113315328,-8.642444500956943,-3.690048676433887,2026-04-07T06:21:12.814339
2461137.766226852, A.D. 2026-Apr-07 06:23:22.0000,69.185631,-44908683.70653331,-125471030.7490591,-54157595.23168724,29.07919248931413,-8.642104540087567,-3.689902052816436,2026-04-07T06:22:12.814376
2461137.766921296, A.D. 2026-Apr-07 06:24:22.0000,69.185631,-44906938.95046184,-125471549.2653958,-54157816.62152094,29.07931388287934,-8.641764638956207,-3.68975532856747,2026-04-07T06:23:12.814332
2461137.767615741, A.D. 2026-Apr-07 06:25:22.0000,69.185631,-44905194.18710902,-125472067.7613393,-54158038.0025475,29.07943531715079,-8.641424800820534,-3.689608497113836,2026-04-07T06:24:12.814409
2461137.768310185, A.D. 2026-Apr-07 06:26:22.0000,69.185631,-44903449.41646556,-125472586.2368953,-54158259.37476178,29.07955678585326,-8.641085015446075,-3.689461575287061,2026-04-07T06:25:12.814365
2461137.769004629, A.D. 2026-Apr-07 06:27:22.0000,69.185631,-44901704.63853329,-125473104.6920651,-54158480.73815889,29.07967827402154,-8.640745260597726,-3.689314599898657,2026-04-07T06:26:12.814322
2461137.769699074, A.D. 2026-Apr-07 06:28:22.0000,69.185631,-44899959.85331514,-125473623.1268488,-54158702.09273667,29.07979976095655,-8.640405505946864,-3.689167621463412,2026-04-07T06:27:12.814358
2461137.770393519, A.D. 2026-Apr-07 06:29:22.0000,69.185631,-44898215.06080509,-125474141.5412471,-54158923.4384979,29.0799211978151,-8.640065680566233,-3.689020759970062,2026-04-07T06:28:12.814435
2461137.771087963, A.D. 2026-Apr-07 06:30:22.0000,69.185631,-44896470.26101329,-125474659.9352495,-54159144.77545835,29.08004250631318,-8.63972567065357,-3.688874208158563,2026-04-07T06:29:12.814391
2461137.771782408, A.D. 2026-Apr-07 06:31:22.0000,69.185631,-44894725.45394708,-125475178.3088494,-54159366.10362638,29.08016379799207,-8.639385642015627,-3.688727682997746,2026-04-07T06:30:12.814428
2461137.772476852, A.D. 2026-Apr-07 06:32:22.0000,69.185631,-44892980.63959988,-125475696.6620489,-54159587.42300268,29.08028509363196,-8.639045626677282,-3.688581129626826,2026-04-07T06:31:12.814384
2461137.773171296, A.D. 2026-Apr-07 06:33:22.0000,69.185631,-44891235.81797436,-125476214.9948486,-54159808.73358379,29.08040641074222,-8.638705651746873,-3.688434501932778,2026-04-07T06:32:12.814340
2461137.773865741, A.D. 2026-Apr-07 06:34:22.0000,69.185631,-44889490.98906887,-125476733.3072514,-54160030.03536423,29.08052776044255,-8.638365734290483,-3.688287771133503,2026-04-07T06:33:12.814417
2461137.774560185, A.D. 2026-Apr-07 06:35:22.0000,69.185631,-44887746.1528848,-125477251.5992601,-54160251.32833704,29.08064914524476,-8.638025878357581,-3.688140930902512,2026-04-07T06:34:12.814373
2461137.77525463, A.D. 2026-Apr-07 06:36:22.0000,69.185631,-44886001.30941324,-125477769.8708799,-54160472.61249696,29.08077055887595,-8.63768607417245,-3.687993998471019,2026-04-07T06:35:12.814410
2461137.775949074, A.D. 2026-Apr-07 06:37:22.0000,69.185631,-44884256.45865637,-125478288.1221126,-54160693.88783908,29.08089198707567,-8.637346300127241,-3.687847011689327,2026-04-07T06:36:12.814366
2461137.776643518, A.D. 2026-Apr-07 06:38:22.0000,69.185631,-44882511.60061728,-125478806.352958,-54160915.15436119,29.08101341052094,-8.637006526198299,-3.68770002188824,2026-04-07T06:37:12.814322
2461137.777337963, A.D. 2026-Apr-07 06:39:22.0000,69.185631,-44880766.73529015,-125479324.5634169,-54161136.41206609,29.08113478227175,-8.636666682037989,-3.687553151183109,2026-04-07T06:38:12.814399
2461137.778032408, A.D. 2026-Apr-07 06:40:22.0000,69.185631,-44879021.86268521,-125479842.7534786,-54161357.66096985,29.08125602642848,-8.636326653427135,-3.687406595425005,2026-04-07T06:39:12.814436
2461137.778726852, A.D. 2026-Apr-07 06:41:22.0000,69.185631,-44877276.98280616,-125480360.923138,-54161578.9010814,29.08137725635785,-8.63598660704527,-3.687260067209076,2026-04-07T06:40:12.814392
2461137.779421296, A.D. 2026-Apr-07 06:42:22.0000,69.185631,-44875532.09565663,-125480879.0723938,-54161800.1324002,29.08149849431585,-8.635646575232986,-3.687113510641884,2026-04-07T06:41:12.814348
2461137.780115741, A.D. 2026-Apr-07 06:43:22.0000,69.185631,-44873787.20122863,-125481397.2012498,-54162021.35492401,29.08161975889331,-8.635306585067665,-3.686966878899283,2026-04-07T06:42:12.814385
2461137.780810185, A.D. 2026-Apr-07 06:44:22.0000,69.185631,-44872042.29952365,-125481915.3097081,-54162242.56864684,29.08174106156354,-8.634966653415303,-3.686820142628426,2026-04-07T06:43:12.814341
2461137.78150463, A.D. 2026-Apr-07 06:45:22.0000,69.185631,-44870297.39054275,-125482433.3977714,-54162463.7735617,29.08186240453704,-8.634626784253335,-3.686673295372365,2026-04-07T06:44:12.814418
2461137.782199074, A.D. 2026-Apr-07 06:46:22.0000,69.185631,-44868552.47427677,-125482951.4654451,-54162684.96966323,29.08198378044355,-8.634286967548116,-3.686526354436068,2026-04-07T06:45:12.814374
2461137.782893518, A.D. 2026-Apr-07 06:47:22.0000,69.185631,-44866807.55072761,-125483469.5127309,-54162906.15694639,29.08210517365198,-8.633947181199364,-3.686379358102236,2026-04-07T06:46:12.814330
2461137.783587963, A.D. 2026-Apr-07 06:48:22.0000,69.185631,-44865062.61989484,-125483987.5396297,-54163127.33540937,29.08222656298681,-8.633607395123962,-3.686232358686021,2026-04-07T06:47:12.814367
2461137.784282407, A.D. 2026-Apr-07 06:49:22.0000,69.185631,-44863317.68178306,-125484505.5461393,-54163348.50505372,29.08234789852945,-8.633267537945356,-3.686085479970118,2026-04-07T06:48:12.814323
2461137.784976852, A.D. 2026-Apr-07 06:50:22.0000,69.185631,-44861572.73639236,-125485023.5322518,-54163569.66589707,29.08246910027961,-8.632927495575478,-3.685938921038502,2026-04-07T06:49:12.814400
2461137.785671297, A.D. 2026-Apr-07 06:51:22.0000,69.185631,-44859827.78373016,-125485541.4979611,-54163790.81794804,29.08259028581751,-8.632587434769654,-3.685792389925922,2026-04-07T06:50:12.814437
2461137.786365741, A.D. 2026-Apr-07 06:52:22.0000,69.185631,-44858082.82380019,-125486059.443266,-54164011.96120603,29.08271147796901,-8.632247387916829,-3.685645829925862,2026-04-07T06:51:12.814393
2461137.787060185, A.D. 2026-Apr-07 06:53:22.0000,69.185631,-44856337.85659456,-125486577.3681703,-54164233.09566884,29.08283269572276,-8.631907382379989,-3.685499193545664,2026-04-07T06:52:12.814349
2461137.78775463, A.D. 2026-Apr-07 06:54:22.0000,69.185631,-44854592.88211474,-125487095.2726758,-54164454.22133032,29.08295395086203,-8.631567435195768,-3.685352451126894,2026-04-07T06:53:12.814426
2461137.788449074, A.D. 2026-Apr-07 06:55:22.0000,69.185631,-44852847.90035843,-125487613.1567864,-54164675.33818387,29.08307524581623,-8.631227550622794,-3.685205596068886,2026-04-07T06:54:12.814382
2461137.789143519, A.D. 2026-Apr-07 06:56:22.0000,69.185631,-44851102.91132685,-125488131.0205046,-54164896.44622267,29.08319657315212,-8.630887718817059,-3.685058646247853,2026-04-07T06:55:12.814419
2461137.789837963, A.D. 2026-Apr-07 06:57:22.0000,69.185631,-44849357.91501155,-125488648.8638349,-54165117.54544301,29.08331791694373,-8.630547917883646,-3.684911640501082,2026-04-07T06:56:12.814375
2461137.790532407, A.D. 2026-Apr-07 06:58:22.0000,69.185631,-44847612.91141567,-125489166.6867774,-54165338.63584261,29.08343925557342,-8.63020811780192,-3.684764631953125,2026-04-07T06:57:12.814331
2461137.791226852, A.D. 2026-Apr-07 06:59:22.0000,69.185631,-44845867.90054386,-125489684.4893298,-54165559.71742308,29.08356053792927,-8.629868247303378,-3.684617746429147,2026-04-07T06:58:12.814408
2461137.791921296, A.D. 2026-Apr-07 07:00:22.0000,69.185631,-44844122.8823965,-125490202.2714844,-54165780.79020234,29.08368168170833,-8.6295281917146,-3.684471186058785,2026-04-07T06:59:12.814364
2461137.792615741, A.D. 2026-Apr-07 07:01:22.0000,69.185631,-44842377.85698111,-125490720.0332351,-54166001.85418908,29.08380280896117,-8.62918811849865,-3.684324654081581,2026-04-07T07:00:12.814401
2461137.793310185, A.D. 2026-Apr-07 07:02:22.0000,69.185631,-44840632.824298,-125491237.7745815,-54166222.90938334,29.08392394393598,-8.628848059626865,-3.684178092845461,2026-04-07T07:01:12.814357
2461137.79400463, A.D. 2026-Apr-07 07:03:22.0000,69.185631,-44838887.78434948,-125491755.4955246,-54166443.95578136,29.08404510705386,-8.62850804206555,-3.684031453860598,2026-04-07T07:02:12.814394
2461137.794699074, A.D. 2026-Apr-07 07:04:22.0000,69.185631,-44837142.73712652,-125492273.1960693,-54166664.9933783,29.08416631128771,-8.628168082460885,-3.683884706725775,2026-04-07T07:03:12.814350
2461137.795393519, A.D. 2026-Apr-07 07:05:22.0000,69.185631,-44835397.68262995,-125492790.8762182,-54166886.02216693,29.08428755982016,-8.627828184435371,-3.68373784450251,2026-04-07T07:04:12.814427
2461137.796087963, A.D. 2026-Apr-07 07:06:22.0000,69.185631,-44833652.62086076,-125493308.5359739,-54167107.04214031,29.08440884559636,-8.627488337572238,-3.683590884983497,2026-04-07T07:05:12.814383
2461137.796782407, A.D. 2026-Apr-07 07:07:22.0000,69.185631,-44831907.5518102,-125493826.1753407,-54167328.05329459,29.08453015244618,-8.627148519542725,-3.683443867657849,2026-04-07T07:06:12.814339
2461137.797476852, A.D. 2026-Apr-07 07:08:22.0000,69.185631,-44830162.47548117,-125494343.7943186,-54167549.05562744,29.08465145798113,-8.626808700183494,-3.683296846446662,2026-04-07T07:07:12.814376
2461137.798171296, A.D. 2026-Apr-07 07:09:22.0000,69.185631,-44828417.39187463,-125494861.3929062,-54167770.04914076,29.08477271017789,-8.626468807113485,-3.683149948699722,2026-04-07T07:08:12.814332
2461137.798865741, A.D. 2026-Apr-07 07:10:22.0000,69.185631,-44826672.30100121,-125495378.9710925,-54167991.03385139,29.08489382581006,-8.626128723980404,-3.683003379183451,2026-04-07T07:09:12.814409
2461137.799560185, A.D. 2026-Apr-07 07:11:22.0000,69.185631,-44824927.20285803,-125495896.5288742,-54168212.00976945,29.08501492324025,-8.62578862351029,-3.682856838934082,2026-04-07T07:10:12.814365
2461137.800254629, A.D. 2026-Apr-07 07:12:22.0000,69.185631,-44823182.09744901,-125496414.0662501,-54168432.97689453,29.08513602458912,-8.625448539978876,-3.682710270056954,2026-04-07T07:11:12.814322
2461137.800949074, A.D. 2026-Apr-07 07:13:22.0000,69.185631,-44821436.98477673,-125496931.5832212,-54168653.93522289,29.08525714863056,-8.625108501449631,-3.682563624092296,2026-04-07T07:12:12.814358
2461137.801643519, A.D. 2026-Apr-07 07:14:22.0000,69.185631,-44819691.86483257,-125497449.0797928,-54168874.88474979,29.08537830741588,-8.624768525808111,-3.682416870497715,2026-04-07T07:13:12.814435
2461137.802337963, A.D. 2026-Apr-07 07:15:22.0000,69.185631,-44817946.73761774,-125497966.5559679,-54169095.82546805,29.08549950381469,-8.624428616692732,-3.682270002402534,2026-04-07T07:14:12.814391
2461137.803032408, A.D. 2026-Apr-07 07:16:22.0000,69.185631,-44816201.60313011,-125498484.0117502,-54169316.75737114,29.08562073137121,-8.624088763222419,-3.682123037667398,2026-04-07T07:15:12.814428
2461137.803726852, A.D. 2026-Apr-07 07:17:22.0000,69.185631,-44814456.46137173,-125499001.4471414,-54169537.68045396,29.08574197528117,-8.623748941923546,-3.681976015748137,2026-04-07T07:16:12.814384
2461137.804421296, A.D. 2026-Apr-07 07:18:22.0000,69.185631,-44812711.31233526,-125499518.8621445,-54169758.5947155,29.08586321501019,-8.623409120810155,-3.681828990643283,2026-04-07T07:17:12.814340
2461137.805115741, A.D. 2026-Apr-07 07:19:22.0000,69.185631,-44810966.15602524,-125500036.2567571,-54169979.50015737,29.08598440114877,-8.62306922454324,-3.681682090545273,2026-04-07T07:18:12.814417
2461137.805810185, A.D. 2026-Apr-07 07:20:22.0000,69.185631,-44809220.99245223,-125500553.6309681,-54170200.39679646,29.08610545381237,-8.622729132776374,-3.681535521538928,2026-04-07T07:19:12.814373
2461137.80650463, A.D. 2026-Apr-07 07:21:22.0000,69.185631,-44807475.82161316,-125501070.9847738,-54170421.28464302,29.08622649141077,-8.62238902136667,-3.681388981103991,2026-04-07T07:20:12.814410
2461137.807199074, A.D. 2026-Apr-07 07:22:22.0000,69.185631,-44805730.64351167,-125501588.3181731,-54170642.16369653,29.08634753712157,-8.622048924468208,-3.681242410555327,2026-04-07T07:21:12.814366
2461137.807893518, A.D. 2026-Apr-07 07:23:22.0000,69.185631,-44803985.45814673,-125502105.6311677,-54170863.03395361,29.08646861029919,-8.621708870821415,-3.681095760633282,2026-04-07T07:22:12.814322
2461137.808587963, A.D. 2026-Apr-07 07:24:22.0000,69.185631,-44802240.2655197,-125502622.92376,-54171083.89540807,29.08658972279596,-8.621368878764303,-3.680949000641213,2026-04-07T07:23:12.814399
2461137.809282408, A.D. 2026-Apr-07 07:25:22.0000,69.185631,-44800495.06562118,-125503140.1959556,-54171304.74805382,29.08671087711464,-8.621028952569063,-3.680802123726648,2026-04-07T07:24:12.814436
2461137.809976852, A.D. 2026-Apr-07 07:26:22.0000,69.185631,-44798749.85845231,-125503657.4477574,-54171525.59188385,29.08683206575262,-8.620689081778433,-3.68065514833556,2026-04-07T07:25:12.814392
2461137.810671296, A.D. 2026-Apr-07 07:27:22.0000,69.185631,-44797004.64401492,-125504174.6791671,-54171746.4268929,29.0869532725624,-8.620349243442941,-3.680508114801642,2026-04-07T07:26:12.814348
2461137.811365741, A.D. 2026-Apr-07 07:28:22.0000,69.185631,-44795259.42230168,-125504691.8901877,-54171967.25307998,29.08707447569162,-8.620009405832315,-3.680361078167715,2026-04-07T07:27:12.814385
2461137.812060185, A.D. 2026-Apr-07 07:29:22.0000,69.185631,-44793514.19331712,-125505209.0808169,-54172188.07044675,29.08719562358691,-8.61966949392553,-3.680214168775875,2026-04-07T07:28:12.814341
2461137.81275463, A.D. 2026-Apr-07 07:30:22.0000,69.185631,-44791768.95706853,-125505726.2510445,-54172408.87901083,29.08731663353309,-8.619329387426784,-3.680067596141165,2026-04-07T07:29:12.814418
2461137.813449074, A.D. 2026-Apr-07 07:31:22.0000,69.185631,-44790023.71356341,-125506243.4008639,-54172629.67878129,29.08743762674796,-8.618989261536282,-3.679921052911316,2026-04-07T07:30:12.814374
2461137.814143518, A.D. 2026-Apr-07 07:32:22.0000,69.185631,-44788278.46279518,-125506760.5302771,-54172850.46975898,29.08755862664397,-8.618649150303254,-3.679774479225662,2026-04-07T07:31:12.814330
2461137.814837963, A.D. 2026-Apr-07 07:33:22.0000,69.185631,-44786533.20476621,-125507277.6392848,-54173071.25194,29.08767965284938,-8.618309082207217,-3.679627825163224,2026-04-07T07:32:12.814367
2461137.815532407, A.D. 2026-Apr-07 07:34:22.0000,69.185631,-44784787.93947454,-125507794.7278901,-54173292.02531856,29.08780071764835,-8.617969075381186,-3.679481059372983,2026-04-07T07:33:12.814323
2461137.816226852, A.D. 2026-Apr-07 07:35:22.0000,69.185631,-44783042.66692121,-125508311.796096,-54173512.78988713,29.08792182364412,-8.617629134080682,-3.679334174944694,2026-04-07T07:34:12.814400
2461137.816921297, A.D. 2026-Apr-07 07:36:22.0000,69.185631,-44781297.38709697,-125508828.8439081,-54173733.54563993,29.08804296345652,-8.617289248219635,-3.679187190678504,2026-04-07T07:35:12.814437
2461137.817615741, A.D. 2026-Apr-07 07:37:22.0000,69.185631,-44779552.1000037,-125509345.8713282,-54173954.29257163,29.08816412078518,-8.616949394935938,-3.67904014752806,2026-04-07T07:36:12.814393
2461137.818310185, A.D. 2026-Apr-07 07:38:22.0000,69.185631,-44777806.80564449,-125509862.8783564,-54174175.03067993,29.08828527367415,-8.616609542833318,-3.678893101469128,2026-04-07T07:37:12.814349
2461137.81900463, A.D. 2026-Apr-07 07:39:22.0000,69.185631,-44776061.50401355,-125510379.8649932,-54174395.75996778,29.08840636948515,-8.616269617335774,-3.678746184947346,2026-04-07T07:38:12.814426
2461137.819699074, A.D. 2026-Apr-07 07:40:22.0000,69.185631,-44774316.19512185,-125510896.8312278,-54174616.48045275,29.08852732366388,-8.61592949867006,-3.678599610902062,2026-04-07T07:39:12.814382
2461137.820393519, A.D. 2026-Apr-07 07:41:22.0000,69.185631,-44772570.87897349,-125511413.7770545,-54174837.19214447,29.08864826151395,-8.615589361409436,-3.67845306687374,2026-04-07T07:40:12.814419
2461137.821087963, A.D. 2026-Apr-07 07:42:22.0000,69.185631,-44770825.55557221,-125511930.7024722,-54175057.89504246,29.08876920767328,-8.615249239300612,-3.678306492080142,2026-04-07T07:41:12.814375
2461137.821782407, A.D. 2026-Apr-07 07:43:22.0000,69.185631,-44769080.22490989,-125512447.6074848,-54175278.58914417,29.08889018280959,-8.614909160150535,-3.678159835448328,2026-04-07T07:42:12.814331
2461137.822476852, A.D. 2026-Apr-07 07:44:22.0000,69.185631,-44767334.88698785,-125512964.4920943,-54175499.27444317,29.08901119958213,-8.614569141400471,-3.678013064965893,2026-04-07T07:43:12.814408
2461137.823171296, A.D. 2026-Apr-07 07:45:22.0000,69.185631,-44765589.54180691,-125513481.3563037,-54175719.95093184,29.08913226075988,-8.61422918681775,-3.677866173359299,2026-04-07T07:44:12.814364
2461137.823865741, A.D. 2026-Apr-07 07:46:22.0000,69.185631,-44763844.18935769,-125513998.2001185,-54175940.6186042,29.08925335845931,-8.61388928540823,-3.677719179430957,2026-04-07T07:45:12.814401
2461137.824560185, A.D. 2026-Apr-07 07:47:22.0000,69.185631,-44762098.82964191,-125514515.0235402,-54176161.27745485,29.08937447566906,-8.613549414044448,-3.677572124600994,2026-04-07T07:46:12.814357
2461137.82525463, A.D. 2026-Apr-07 07:48:22.0000,69.185631,-44760353.46265909,-125515031.8265697,-54176381.92748179,29.08949558919496,-8.613209540960849,-3.677425065779761,2026-04-07T07:47:12.814394
2461137.825949074, A.D. 2026-Apr-07 07:49:22.0000,69.185631,-44758608.08841383,-125515548.6092047,-54176602.56868663,29.08961664493301,-8.612869590747186,-3.677278137051077,2026-04-07T07:48:12.814350
2461137.826643519, A.D. 2026-Apr-07 07:50:22.0000,69.185631,-44756862.70690684,-125516065.3714367,-54176823.2010884,29.089737556267,-8.612529441861549,-3.67713155401166,2026-04-07T07:49:12.814427
2461137.827337963, A.D. 2026-Apr-07 07:51:22.0000,69.185631,-44755117.31814583,-125516582.113259,-54177043.8246964,29.08985844898026,-8.612189275231273,-3.676985001814022,2026-04-07T07:50:12.814383
2461137.828032407, A.D. 2026-Apr-07 07:52:22.0000,69.185631,-44753371.9221312,-125517098.8346716,-54177264.43951066,29.08997934757665,-8.611849126164199,-3.676838419439707,2026-04-07T07:51:12.814339
2461137.828726852, A.D. 2026-Apr-07 07:53:22.0000,69.185631,-44751626.51886541,-125517615.5356755,-54177485.04552733,29.09010027302494,-8.611509024703535,-3.676691755893111,2026-04-07T07:52:12.814376
2461137.829421296, A.D. 2026-Apr-07 07:54:22.0000,69.185631,-44749881.10833946,-125518132.2162763,-54177705.64274132,29.0902212387428,-8.61116898939009,-3.676544978982128,2026-04-07T07:53:12.814332
2461137.830115741, A.D. 2026-Apr-07 07:55:22.0000,69.185631,-44748135.69055422,-125518648.8764772,-54177926.23114503,29.09034224854579,-8.610829024133556,-3.676398081488962,2026-04-07T07:54:12.814409
2461137.830810185, A.D. 2026-Apr-07 07:56:22.0000,69.185631,-44746390.26551067,-125519165.5162808,-54178146.81073122,29.0904632958216,-8.610489117607894,-3.676251082197432,2026-04-07T07:55:12.814365
2461137.831504629, A.D. 2026-Apr-07 07:57:22.0000,69.185631,-44744644.83320008,-125519682.1356924,-54178367.38149585,29.09058436469313,-8.61014924519005,-3.676104022719128,2026-04-07T07:56:12.814322
2461137.832199074, A.D. 2026-Apr-07 07:58:22.0000,69.185631,-44742899.39362524,-125520198.7347117,-54178587.94343651,29.09070543300284,-8.609809373348767,-3.675956959920164,2026-04-07T07:57:12.814358
2461137.832893519, A.D. 2026-Apr-07 07:59:22.0000,69.185631,-44741153.94678712,-125520715.3133376,-54178808.4965553,29.09082644842466,-8.609469423407571,-3.675810028777619,2026-04-07T07:58:12.814435
2461137.833587963, A.D. 2026-Apr-07 08:00:22.0000,69.185631,-44739408.49269633,-125521231.8715582,-54179029.0408701,29.09094732718328,-8.609129269310166,-3.675663446415914,2026-04-07T07:59:12.814391
2461137.834282408, A.D. 2026-Apr-07 08:01:22.0000,69.185631,-44737663.03134999,-125521748.4093698,-54179249.57639163,29.09106818823443,-8.608789094714965,-3.675516894305244,2026-04-07T08:00:12.814428
2461137.834976852, A.D. 2026-Apr-07 08:02:22.0000,69.185631,-44735917.56275194,-125522264.9267712,-54179470.10311938,29.09118905356219,-8.608448934917277,-3.67537031047691,2026-04-07T08:01:12.814384
2461137.835671296, A.D. 2026-Apr-07 08:03:22.0000,69.185631,-44734172.08690485,-125522781.4237632,-54179690.62104934,29.09130994176622,-8.608108820057964,-3.67522364315939,2026-04-07T08:02:12.814340
2461137.836365741, A.D. 2026-Apr-07 08:04:22.0000,69.185631,-44732426.60379998,-125523297.9003512,-54179911.13017634,29.09143086463764,-8.607768768833337,-3.675076859948264,2026-04-07T08:03:12.814417
2461137.837060185, A.D. 2026-Apr-07 08:05:22.0000,69.185631,-44730681.11343861,-125523814.3565381,-54180131.63049262,29.09155182489665,-8.607428785848999,-3.674929953636429,2026-04-07T08:04:12.814373
2461137.83775463, A.D. 2026-Apr-07 08:06:22.0000,69.185631,-44728935.61581865,-125524330.7923279,-54180352.12199123,29.09167281582497,-8.607088860182344,-3.674782943587492,2026-04-07T08:05:12.814410
2461137.838449074, A.D. 2026-Apr-07 08:07:22.0000,69.185631,-44727190.1109421,-125524847.2077222,-54180572.60466671,29.09179382242479,-8.60674896789561,-3.674635872270854,2026-04-07T08:06:12.814366
2461137.839143518, A.D. 2026-Apr-07 08:08:22.0000,69.185631,-44725444.59880176,-125525363.6027242,-54180793.07851794,29.09191482411075,-8.606409076105997,-3.674488797628725,2026-04-07T08:07:12.814322
2461137.839837963, A.D. 2026-Apr-07 08:09:22.0000,69.185631,-44723699.07940217,-125525879.9773315,-54181013.54354662,29.09203577101701,-8.606069106252662,-3.674341856858992,2026-04-07T08:08:12.814399
2461137.840532408, A.D. 2026-Apr-07 08:10:22.0000,69.185631,-44721953.55275057,-125526396.3315335,-54181233.99977137,29.09215658255464,-8.605728932551571,-3.67419527039603,2026-04-07T08:09:12.814436
2461137.841226852, A.D. 2026-Apr-07 08:11:22.0000,69.185631,-44720208.01885427,-125526912.6653232,-54181454.44720176,29.09227737939735,-8.605388739473522,-3.67404871495845,2026-04-07T08:10:12.814392
2461137.841921296, A.D. 2026-Apr-07 08:12:22.0000,69.185631,-44718462.47770653,-125527428.9787026,-54181674.88583859,29.09239818545041,-8.605048562696904,-3.673902127899591,2026-04-07T08:11:12.814348
2461137.842615741, A.D. 2026-Apr-07 08:13:22.0000,69.185631,-44716716.92930966,-125527945.2716728,-54181895.31567787,29.09251902037417,-8.604708432379734,-3.67375545650895,2026-04-07T08:12:12.814385
2461137.843310185, A.D. 2026-Apr-07 08:14:22.0000,69.185631,-44714971.37366493,-125528461.5442359,-54182115.73671305,29.09263989643829,-8.604368367100518,-3.673608667894308,2026-04-07T08:13:12.814341
2461137.84400463, A.D. 2026-Apr-07 08:15:22.0000,69.185631,-44713225.81076287,-125528977.7963983,-54182336.14893755,29.09276081585198,-8.604028371174627,-3.67346175459846,2026-04-07T08:14:12.814418
2461137.844699074, A.D. 2026-Apr-07 08:16:22.0000,69.185631,-44711480.24060452,-125529494.0281626,-54182556.55234394,29.09288177071936,-8.603688433596098,-3.673314736155877,2026-04-07T08:15:12.814374
2461137.845393518, A.D. 2026-Apr-07 08:17:22.0000,69.185631,-44709734.66318819,-125530010.239532,-54182776.94692709,29.09300274423288,-8.603348529802705,-3.67316765555672,2026-04-07T08:16:12.814330
2461137.846087963, A.D. 2026-Apr-07 08:18:22.0000,69.185631,-44707989.07851692,-125530526.4305062,-54182997.33268454,29.09312371382498,-8.60300862648969,-3.673020571408118,2026-04-07T08:17:12.814367
2461137.846782407, A.D. 2026-Apr-07 08:19:22.0000,69.185631,-44706243.48658493,-125531042.6010861,-54183217.70961935,29.09324462603167,-8.602668644392512,-3.672873622845125,2026-04-07T08:18:12.814323
2461137.847476852, A.D. 2026-Apr-07 08:20:22.0000,69.185631,-44704497.88740323,-125531558.7512598,-54183438.07774993,29.09336539539062,-8.602328457099054,-3.672727033426985,2026-04-07T08:19:12.814400
2461137.848171297, A.D. 2026-Apr-07 08:21:22.0000,69.185631,-44702752.28097599,-125532074.8810214,-54183658.4370864,29.0934861477078,-8.601988249512857,-3.672580475294292,2026-04-07T08:20:12.814437
2461137.848865741, A.D. 2026-Apr-07 08:22:22.0000,69.185631,-44701006.66730696,-125532590.99037,-54183878.78762828,29.09360690746625,-8.601648057725553,-3.672433884921715,2026-04-07T08:21:12.814393
2461137.849560185, A.D. 2026-Apr-07 08:23:22.0000,69.185631,-44699261.04638813,-125533107.0793092,-54184099.12937282,29.09372769504514,-8.601307911909382,-3.672287208991731,2026-04-07T08:22:12.814349
2461137.85025463, A.D. 2026-Apr-07 08:24:22.0000,69.185631,-44697515.41822089,-125533623.1478416,-54184319.46231335,29.09384852311571,-8.600967831050847,-3.672140414161847,2026-04-07T08:23:12.814426
2461137.850949074, A.D. 2026-Apr-07 08:25:22.0000,69.185631,-44695769.78280608,-125534139.1959702,-54184539.78644194,29.09396939428743,-8.600627819727409,-3.671993493094611,2026-04-07T08:24:12.814382
2461137.851643519, A.D. 2026-Apr-07 08:26:22.0000,69.185631,-44694024.14013443,-125534655.223701,-54184760.10175232,29.09409030063255,-8.600287867107953,-3.671846465615839,2026-04-07T08:25:12.814419
2461137.852337963, A.D. 2026-Apr-07 08:27:22.0000,69.185631,-44692278.49020775,-125535171.2310358,-54184980.4082389,29.09421122502442,-8.59994794886049,-3.671699375415838,2026-04-07T08:26:12.814375
2461137.853032407, A.D. 2026-Apr-07 08:28:22.0000,69.185631,-44690532.83302564,-125535687.2179756,-54185200.70589966,29.09433214436474,-8.59960803156843,-3.671552282100397,2026-04-07T08:27:12.814331
2461137.853726852, A.D. 2026-Apr-07 08:29:22.0000,69.185631,-44688787.16859279,-125536203.1845183,-54185420.99473639,29.09445300386771,-8.59926803628427,-3.671405326698623,2026-04-07T08:28:12.814408
2461137.854421296, A.D. 2026-Apr-07 08:30:22.0000,69.185631,-44687041.49691009,-125536719.130655,-54185641.27476909,29.09457371544484,-8.598927835716083,-3.671258735886661,2026-04-07T08:29:12.814364
2461137.855115741, A.D. 2026-Apr-07 08:31:22.0000,69.185631,-44685295.81798537,-125537235.0563789,-54185861.54600764,29.09469440961732,-8.598587615672436,-3.671112177077944,2026-04-07T08:30:12.814401
2461137.855810185, A.D. 2026-Apr-07 08:32:22.0000,69.185631,-44683550.13181885,-125537750.96169,-54186081.808452,29.09481511226237,-8.59824741166054,-3.670965585627856,2026-04-07T08:31:12.814357
2461137.85650463, A.D. 2026-Apr-07 08:33:22.0000,69.185631,-44681804.43841283,-125538266.846589,-54186302.06209803,29.09493584519885,-8.597907253708259,-3.67081890719113,2026-04-07T08:32:12.814394
2461137.857199074, A.D. 2026-Apr-07 08:34:22.0000,69.185631,-44680058.73775807,-125538782.7110814,-54186522.30694026,29.09505662230546,-8.597567160410353,-3.670672107674254,2026-04-07T08:33:12.814350
2461137.857893519, A.D. 2026-Apr-07 08:35:22.0000,69.185631,-44678313.02985524,-125539298.5551702,-54186742.54297066,29.09517744698149,-8.597227135663914,-3.670525179313817,2026-04-07T08:34:12.814427
2461137.858587963, A.D. 2026-Apr-07 08:36:22.0000,69.185631,-44676567.31470513,-125539814.3788584,-54186962.77018145,29.09529831162867,-8.596887168280734,-3.670378142165829,2026-04-07T08:35:12.814383
2461137.859282407, A.D. 2026-Apr-07 08:37:22.0000,69.185631,-44674821.59229889,-125540330.1821507,-54187182.98856825,29.09541919894282,-8.596547233082758,-3.670231040322309,2026-04-07T08:36:12.814339
2461137.859976852, A.D. 2026-Apr-07 08:38:22.0000,69.185631,-44673075.8626393,-125540845.965047,-54187403.19812847,29.09554008509009,-8.59620729691612,-3.670083934191987,2026-04-07T08:37:12.814376
2461137.860671296, A.D. 2026-Apr-07 08:39:22.0000,69.185631,-44671330.12572744,-125541361.7275458,-54187623.39886432,29.09566091432531,-8.595867279294206,-3.669936966540325,2026-04-07T08:38:12.814332
2461137.861365741, A.D. 2026-Apr-07 08:40:22.0000,69.185631,-44669584.38157439,-125541877.4696352,-54187843.59079468,29.09578159767274,-8.595527051344675,-3.669790366797929,2026-04-07T08:39:12.814409
2461137.862060185, A.D. 2026-Apr-07 08:41:22.0000,69.185631,-44667838.63017757,-125542393.1913111,-54188063.7739308,29.09590226197176,-8.595186804333503,-3.669643799831055,2026-04-07T08:40:12.814365
2461137.862754629, A.D. 2026-Apr-07 08:42:22.0000,69.185631,-44666092.87154087,-125542908.8925726,-54188283.94827224,29.09602293096205,-8.594846575818867,-3.669497200882335,2026-04-07T08:41:12.814322
2461137.863449074, A.D. 2026-Apr-07 08:43:22.0000,69.185631,-44664347.10566336,-125543424.5734217,-54188504.11381537,29.09614362483849,-8.594506397029045,-3.669350515537109,2026-04-07T08:42:12.814358
2461137.864143519, A.D. 2026-Apr-07 08:44:22.0000,69.185631,-44662601.33254658,-125543940.2338611,-54188724.27055344,29.09626435644629,-8.594166287656867,-3.669203709627457,2026-04-07T08:43:12.814435
2461137.864837963, A.D. 2026-Apr-07 08:45:22.0000,69.185631,-44660855.5521812,-125544455.8738971,-54188944.41847972,29.0963851289848,-8.593826251963376,-3.669056775449933,2026-04-07T08:44:12.814391
2461137.865532408, A.D. 2026-Apr-07 08:46:22.0000,69.185631,-44659109.76456839,-125544971.493533,-54189164.55758651,29.09650593542399,-8.593486277780258,-3.668909732947565,2026-04-07T08:45:12.814428
2461137.866226852, A.D. 2026-Apr-07 08:47:22.0000,69.185631,-44657363.96971002,-125545487.0927706,-54189384.68786813,29.09662675978206,-8.593146339369575,-3.668762626383116,2026-04-07T08:46:12.814384
2461137.866921296, A.D. 2026-Apr-07 08:48:22.0000,69.185631,-44655618.16759872,-125546002.6716131,-54189604.80932334,29.09674758012773,-8.59280640127546,-3.668615516253096,2026-04-07T08:47:12.814340
2461137.867615741, A.D. 2026-Apr-07 08:49:22.0000,69.185631,-44653872.35823911,-125546518.230058,-54189824.92195399,29.09686834343778,-8.592466380464705,-3.668468546173482,2026-04-07T08:48:12.814417
2461137.868310185, A.D. 2026-Apr-07 08:50:22.0000,69.185631,-44652126.54163871,-125547033.7680941,-54190045.02577952,29.09698896412359,-8.59212614382008,-3.66832194702925,2026-04-07T08:49:12.814373
2461137.86900463, A.D. 2026-Apr-07 08:51:22.0000,69.185631,-44650380.71780514,-125547549.2857141,-54190265.12080999,29.09710956880329,-8.591785885778787,-3.668175379997856,2026-04-07T08:50:12.814410
2461137.869699074, A.D. 2026-Apr-07 08:52:22.0000,69.185631,-44648634.88673166,-125548064.78292,-54190485.20704616,29.09723018223282,-8.591445643975648,-3.668028779475696,2026-04-07T08:51:12.814366
2461137.870393518, A.D. 2026-Apr-07 08:53:22.0000,69.185631,-44646889.04842059,-125548580.2597127,-54190705.28448388,29.09735082502198,-8.59110545012816,-3.667882090278304,2026-04-07T08:52:12.814322
2461137.871087963, A.D. 2026-Apr-07 08:54:22.0000,69.185631,-44645143.20286973,-125549095.7160957,-54190925.35311662,29.09747151012231,-8.590765324360836,-3.667735278012585,2026-04-07T08:53:12.814399
2461137.871782408, A.D. 2026-Apr-07 08:55:22.0000,69.185631,-44643397.35007985,-125549611.1520723,-54191145.41293626,29.09759224016571,-8.590425271418866,-3.667588335000175,2026-04-07T08:54:12.814436
2461137.872476852, A.D. 2026-Apr-07 08:56:22.0000,69.185631,-44641651.49004154,-125550126.5676487,-54191365.46393628,29.09771300730959,-8.590085279977316,-3.667441281780352,2026-04-07T08:55:12.814392
2461137.873171296, A.D. 2026-Apr-07 08:57:22.0000,69.185631,-44639905.62275647,-125550641.9628268,-54191585.50611087,29.09783379444633,-8.589745324535873,-3.667294163527174,2026-04-07T08:56:12.814348
2461137.873865741, A.D. 2026-Apr-07 08:58:22.0000,69.185631,-44638159.74822413,-125551157.3376078,-54191805.53945792,29.09795457829473,-8.589405370208812,-3.667147041810072,2026-04-07T08:57:12.814385
2461137.874560185, A.D. 2026-Apr-07 08:59:22.0000,69.185631,-44636413.86644917,-125551672.6919894,-54192025.56397931,29.09807530396309,-8.58906533403173,-3.667000062455715,2026-04-07T08:58:12.814341
2461137.87525463, A.D. 2026-Apr-07 09:00:22.0000,69.185631,-44634667.97743234,-125552188.0259622,-54192245.57969567,29.09819588343072,-8.588725083218643,-3.666853459848774,2026-04-07T08:59:12.814418
2461137.875949074, A.D. 2026-Apr-07 09:01:22.0000,69.185631,-44632922.08118139,-125552703.339519,-54192465.5866172,29.09831644539808,-8.588384811150876,-3.66670689011954,2026-04-07T09:00:12.814374
2461137.876643518, A.D. 2026-Apr-07 09:02:22.0000,69.185631,-44631176.17770006,-125553218.6326588,-54192685.58474341,29.09843701460173,-8.588044555673001,-3.666560286654253,2026-04-07T09:01:12.814330
2461137.877337963, A.D. 2026-Apr-07 09:03:22.0000,69.185631,-44629430.26698039,-125553733.9053857,-54192905.5740714,29.09855761190189,-8.587704347772647,-3.666413593415887,2026-04-07T09:02:12.814367
2461137.878032407, A.D. 2026-Apr-07 09:04:22.0000,69.185631,-44627684.34902367,-125554249.157702,-54193125.55459414,29.09867825006145,-8.587364207568186,-3.666266775371724,2026-04-07T09:03:12.814323
2461137.878726852, A.D. 2026-Apr-07 09:05:22.0000,69.185631,-44625938.42382732,-125554764.3896121,-54193345.5263038,29.09879893188715,-8.587024139755549,-3.666119824838456,2026-04-07T09:04:12.814400
2461137.879421297, A.D. 2026-Apr-07 09:06:22.0000,69.185631,-44624192.4913924,-125555279.601119,-54193565.48919246,29.09891964940164,-8.586684133022821,-3.665972762698065,2026-04-07T09:05:12.814437
2461137.880115741, A.D. 2026-Apr-07 09:07:22.0000,69.185631,-44622446.55171031,-125555794.7922278,-54193785.44325558,29.09904038533949,-8.586344162208604,-3.665825634687891,2026-04-07T09:06:12.814393
2461137.880810185, A.D. 2026-Apr-07 09:08:22.0000,69.185631,-44620700.60478408,-125556309.9629385,-54194005.38849054,29.09916111636679,-8.58600419258339,-3.665678503381551,2026-04-07T09:07:12.814349
2461137.88150463, A.D. 2026-Apr-07 09:09:22.0000,69.185631,-44618954.65061495,-125556825.1132498,-54194225.32489977,29.09928178661356,-8.585664141725482,-3.66553151683935,2026-04-07T09:08:12.814426
2461137.882199074, A.D. 2026-Apr-07 09:10:22.0000,69.185631,-44617208.68921438,-125557340.2431495,-54194445.25250287,29.09940230597233,-8.585323877243775,-3.665384912926846,2026-04-07T09:09:12.814382
2461137.882893519, A.D. 2026-Apr-07 09:11:22.0000,69.185631,-44615462.72057983,-125557855.3526335,-54194665.17131153,29.0995228086198,-8.58498359262864,-3.665238342654754,2026-04-07T09:10:12.814419
2461137.883587963, A.D. 2026-Apr-07 09:12:22.0000,69.185631,-44613716.74471494,-125558370.4417009,-54194885.08132525,29.09964332097457,-8.584643324955548,-3.66509173817402,2026-04-07T09:11:12.814375
2461137.884282407, A.D. 2026-Apr-07 09:13:22.0000,69.185631,-44611970.7616219,-125558885.5103524,-54195104.98253977,29.09976386518614,-8.584303105390962,-3.664945042422054,2026-04-07T09:12:12.814331
2461137.884976852, A.D. 2026-Apr-07 09:14:22.0000,69.185631,-44610224.77129143,-125559400.5585937,-54195324.87494929,29.09988445491331,-8.583962953199928,-3.664798219786338,2026-04-07T09:13:12.814408
2461137.885671296, A.D. 2026-Apr-07 09:15:22.0000,69.185631,-44608478.77372409,-125559915.5864281,-54195544.75854537,29.10000509297797,-8.58362287250882,-3.664651262032769,2026-04-07T09:14:12.814364
2461137.886365741, A.D. 2026-Apr-07 09:16:22.0000,69.185631,-44606732.76891721,-125560430.5938594,-54195764.63332037,29.10012577089582,-8.583282851295825,-3.664504190121444,2026-04-07T09:15:12.814401
2461137.887060185, A.D. 2026-Apr-07 09:17:22.0000,69.185631,-44604986.75687239,-125560945.5808896,-54195984.4992683,29.10024647026856,-8.582942863651544,-3.664357050394168,2026-04-07T09:16:12.814357
2461137.88775463, A.D. 2026-Apr-07 09:18:22.0000,69.185631,-44603240.73758207,-125561460.5475217,-54196204.35638778,29.10036716607837,-8.582602874690531,-3.664209906185621,2026-04-07T09:17:12.814394
2461137.888449074, A.D. 2026-Apr-07 09:19:22.0000,69.185631,-44601494.71105099,-125561975.4937533,-54196424.20468073,29.10048780011021,-8.582262800480436,-3.664062907421676,2026-04-07T09:18:12.814350
2461137.889143519, A.D. 2026-Apr-07 09:20:22.0000,69.185631,-44599748.67728733,-125562490.4195725,-54196644.0441674,29.10060827922159,-8.581922506912079,-3.663916294638729,2026-04-07T09:19:12.814427
2461137.889837963, A.D. 2026-Apr-07 09:21:22.0000,69.185631,-44598002.63629907,-125563005.3249724,-54196863.87485823,29.10072873866397,-8.581582193318733,-3.663769716290926,2026-04-07T09:20:12.814383
2461137.890532407, A.D. 2026-Apr-07 09:22:22.0000,69.185631,-44596256.58807972,-125563520.2099548,-54197083.69675411,29.10084920472894,-8.581241899306102,-3.663623104374701,2026-04-07T09:21:12.814339
2461137.891226852, A.D. 2026-Apr-07 09:23:22.0000,69.185631,-44594510.53263162,-125564035.074521,-54197303.50985082,29.10096969975876,-8.580901657714262,-3.663476401892617,2026-04-07T09:22:12.814376
2461137.891921296, A.D. 2026-Apr-07 09:24:22.0000,69.185631,-44592764.46995256,-125564549.9186748,-54197523.31414166,29.10109023835428,-8.580561488885357,-3.663329572853517,2026-04-07T09:23:12.814332
2461137.892615741, A.D. 2026-Apr-07 09:25:22.0000,69.185631,-44591018.40004321,-125565064.7424198,-54197743.10961825,29.10121082435544,-8.580221397351957,-3.663182609240815,2026-04-07T09:24:12.814409
2461137.893310185, A.D. 2026-Apr-07 09:26:22.0000,69.185631,-44589272.32289396,-125565579.5457624,-54197962.89627386,29.10133145067444,-8.579881370622262,-3.663035531946566,2026-04-07T09:25:12.814365
2461137.894004629, A.D. 2026-Apr-07 09:27:22.0000,69.185631,-44587526.23850635,-125566094.3287047,-54198182.67410254,29.10145210010859,-8.57954138153632,-3.662888387408543,2026-04-07T09:26:12.814322
2461137.894699074, A.D. 2026-Apr-07 09:28:22.0000,69.185631,-44585780.14687963,-125566609.0912478,-54198402.44310209,29.10157274878157,-8.579201393132351,-3.662741239130138,2026-04-07T09:27:12.814358
2461137.895393519, A.D. 2026-Apr-07 09:29:22.0000,69.185631,-44584034.04801837,-125567123.8333893,-54198622.20327445,29.10169334033417,-8.578861318623556,-3.662594237791783,2026-04-07T09:28:12.814435
2461137.896087963, A.D. 2026-Apr-07 09:30:22.0000,69.185631,-44582287.94192329,-125567638.5551194,-54198841.9546409,29.10181378428037,-8.578521018867846,-3.662447625512335,2026-04-07T09:29:12.814391
2461137.896782408, A.D. 2026-Apr-07 09:31:22.0000,69.185631,-44580541.82860225,-125568153.2564306,-54199061.69721196,29.10193420962557,-8.578180696791097,-3.662301047086811,2026-04-07T09:30:12.814428
2461137.897476852, A.D. 2026-Apr-07 09:32:22.0000,69.185631,-44578795.70805912,-125568667.9373218,-54199281.43098719,29.10205464047828,-8.577840391513147,-3.662154433539415,2026-04-07T09:31:12.814384
2461137.898171296, A.D. 2026-Apr-07 09:33:22.0000,69.185631,-44577049.58028596,-125569182.597797,-54199501.15596347,29.10217509711426,-8.577500135945307,-3.662007727183969,2026-04-07T09:32:12.814340
2461137.898865741, A.D. 2026-Apr-07 09:34:22.0000,69.185631,-44575303.44528429,-125569697.2378589,-54199720.87213361,29.10229559249375,-8.577159951246387,-3.661860891790467,2026-04-07T09:33:12.814417
2461137.899560185, A.D. 2026-Apr-07 09:35:22.0000,69.185631,-44573557.30305167,-125570211.857512,-54199940.57948946,29.10241612944844,-8.576819842206586,-3.661713919402811,2026-04-07T09:34:12.814373
2461137.90025463, A.D. 2026-Apr-07 09:36:22.0000,69.185631,-44571811.15358916,-125570726.4567597,-54200160.27802292,29.10253670077586,-8.576479796872803,-3.66156683143253,2026-04-07T09:35:12.814410
2461137.900949074, A.D. 2026-Apr-07 09:37:22.0000,69.185631,-44570064.99688827,-125571241.0356068,-54200379.96772917,29.10265729000023,-8.576139788744578,-3.661419675281513,2026-04-07T09:36:12.814366
2461137.901643518, A.D. 2026-Apr-07 09:38:22.0000,69.185631,-44568318.83295204,-125571755.5940537,-54200599.64860561,29.10277787469631,-8.575799781178187,-3.661272515487775,2026-04-07T09:37:12.814322
2461137.902337963, A.D. 2026-Apr-07 09:39:22.0000,69.185631,-44566572.66178166,-125572270.1320988,-54200819.32065464,29.10289840074992,-8.57545968785785,-3.661125504867885,2026-04-07T09:38:12.814399
2461137.903032408, A.D. 2026-Apr-07 09:40:22.0000,69.185631,-44564826.48338832,-125572784.6497294,-54201038.9838965,29.1030187808466,-8.575119369593184,-3.660978888970034,2026-04-07T09:39:12.814436
2461137.903726852, A.D. 2026-Apr-07 09:41:22.0000,69.185631,-44563080.29776932,-125573299.146941,-54201258.63834327,29.10313914483146,-8.574779029836211,-3.660832307735579,2026-04-07T09:40:12.814392
2461137.904421296, A.D. 2026-Apr-07 09:42:22.0000,69.185631,-44561334.10492831,-125573813.6237326,-54201478.28399441,29.1032595182048,-8.574438708124521,-3.660685691313459,2026-04-07T09:41:12.814348
2461137.905115741, A.D. 2026-Apr-07 09:43:22.0000,69.185631,-44559587.90486407,-125574328.0801062,-54201697.92084602,29.10337992225974,-8.574098437357582,-3.660538981079187,2026-04-07T09:42:12.814385
2461137.905810185, A.D. 2026-Apr-07 09:44:22.0000,69.185631,-44557841.69757777,-125574842.5160647,-54201917.54889077,29.1035003702725,-8.573758238464904,-3.660392140280825,2026-04-07T09:43:12.814341
2461137.90650463, A.D. 2026-Apr-07 09:45:22.0000,69.185631,-44556095.48305971,-125575356.9316146,-54202137.16812127,29.10362086490828,-8.57341811617734,-3.66024516065498,2026-04-07T09:44:12.814418
2461137.907199074, A.D. 2026-Apr-07 09:46:22.0000,69.185631,-44554349.26131075,-125575871.3267592,-54202356.77852935,29.10374139799551,-8.573078058298778,-3.660098064006957,2026-04-07T09:45:12.814374
2461137.907893518, A.D. 2026-Apr-07 09:47:22.0000,69.185631,-44552603.03232905,-125576385.7015015,-54202576.38010922,29.10386195181917,-8.572738038044166,-3.659950898174023,2026-04-07T09:46:12.814330
2461137.908587963, A.D. 2026-Apr-07 09:48:22.0000,69.185631,-44550856.79611757,-125576900.0558419,-54202795.97285824,29.10398250233726,-8.572398018438994,-3.659803728500527,2026-04-07T09:47:12.814367
2461137.909282407, A.D. 2026-Apr-07 09:49:22.0000,69.185631,-44549110.55267055,-125577414.3897807,-54203015.55677972,29.1041029928743,-8.572057912695461,-3.659656709996422,2026-04-07T09:48:12.814323
2461137.909976852, A.D. 2026-Apr-07 09:50:22.0000,69.185631,-44547364.30199937,-125577928.7033054,-54203235.13189422,29.10422333254057,-8.571717581383796,-3.659510091488433,2026-04-07T09:49:12.814400
2461137.910671297, A.D. 2026-Apr-07 09:51:22.0000,69.185631,-44545618.04410848,-125578442.9964091,-54203454.69821301,29.10434365429771,-8.571377228014626,-3.659363508006135,2026-04-07T09:50:12.814437
2461137.911365741, A.D. 2026-Apr-07 09:52:22.0000,69.185631,-44543871.77900167,-125578957.2690911,-54203674.25573563,29.10446398380058,-8.571036891825578,-3.659216888747836,2026-04-07T09:51:12.814393
2461137.912060185, A.D. 2026-Apr-07 09:53:22.0000,69.185631,-44542125.50667079,-125579471.5213553,-54203893.8044589,29.10458434246529,-8.570696606254158,-3.659070174255445,2026-04-07T09:52:12.814349
2461137.91275463, A.D. 2026-Apr-07 09:54:22.0000,69.185631,-44540379.22711718,-125579985.7532043,-54204113.34437547,29.10470474351727,-8.570356392310606,-3.658923327431013,2026-04-07T09:53:12.814426
2461137.913449074, A.D. 2026-Apr-07 09:55:22.0000,69.185631,-44538632.9403416,-125580499.9646419,-54204332.87547651,29.10482518981171,-8.570016254508102,-3.658776339995469,2026-04-07T09:54:12.814382
2461137.914143519, A.D. 2026-Apr-07 09:56:22.0000,69.185631,-44536886.6463346,-125581014.1556741,-54204552.39775502,29.10494567303331,-8.569676181320702,-3.658629234077455,2026-04-07T09:55:12.814419
2461137.914837963, A.D. 2026-Apr-07 09:57:22.0000,69.185631,-44535140.34509789,-125581528.3263033,-54204771.91120473,29.10506617528203,-8.56933614583614,-3.658482058295549,2026-04-07T09:56:12.814375
2461137.915532407, A.D. 2026-Apr-07 09:58:22.0000,69.185631,-44533394.03663111,-125582042.4765306,-54204991.41582347,29.10518667237627,-8.56899611157077,-3.658334878892652,2026-04-07T09:57:12.814331
2461137.916226852, A.D. 2026-Apr-07 09:59:22.0000,69.185631,-44531647.72093896,-125582556.6063535,-54205210.91161324,29.10530710677816,-8.568655991661752,-3.658187853066373,2026-04-07T09:58:12.814408
2461137.916921296, A.D. 2026-Apr-07 10:00:22.0000,69.185631,-44529901.39802274,-125583070.7157623,-54205430.39859623,29.10542738589733,-8.568315646322631,-3.65804123291763,2026-04-07T09:59:12.814364
2461137.917615741, A.D. 2026-Apr-07 10:01:22.0000,69.185631,-44528155.06789043,-125583584.8047496,-54205649.87678345,29.10554764711777,-8.567975279727001,-3.657894648562479,2026-04-07T10:00:12.814401
2461137.918310185, A.D. 2026-Apr-07 10:02:22.0000,69.185631,-44526408.73054231,-125584098.8733151,-54205869.34617484,29.10566791775319,-8.567634931004928,-3.657748028057001,2026-04-07T10:01:12.814357
2461137.91900463, A.D. 2026-Apr-07 10:03:22.0000,69.185631,-44524662.38598054,-125584612.9214601,-54206088.80676594,29.10578822078109,-8.567294633236186,-3.657601311027889,2026-04-07T10:02:12.814394
2461137.919699074, A.D. 2026-Apr-07 10:04:22.0000,69.185631,-44522916.03419574,-125585126.9491903,-54206308.25855054,29.10590857077863,-8.566954406631343,-3.657454459607855,2026-04-07T10:03:12.814350
2461137.920393519, A.D. 2026-Apr-07 10:05:22.0000,69.185631,-44521169.67518843,-125585640.9565093,-54206527.7015197,29.10602897125529,-8.56661425580467,-3.657307465101508,2026-04-07T10:04:12.814427
2461137.921087963, A.D. 2026-Apr-07 10:06:22.0000,69.185631,-44519423.30895572,-125586154.9434211,-54206747.13566538,29.10614941422434,-8.566274168189532,-3.657160349644984,2026-04-07T10:05:12.814383
2461137.921782407, A.D. 2026-Apr-07 10:07:22.0000,69.185631,-44517676.93549907,-125586668.909928,-54206966.56098124,29.10626988140577,-8.56593411655623,-3.657013162409922,2026-04-07T10:06:12.814339
2461137.922476852, A.D. 2026-Apr-07 10:08:22.0000,69.185631,-44515930.5548108,-125587182.8560328,-54207185.97746577,29.10639034766951,-8.565594063975983,-3.656865970412877,2026-04-07T10:07:12.814376
2461137.923171296, A.D. 2026-Apr-07 10:09:22.0000,69.185631,-44514184.16689551,-125587696.7817332,-54207405.38512105,29.10651075421539,-8.565253922488111,-3.656718932469168,2026-04-07T10:08:12.814332
2461137.923865741, A.D. 2026-Apr-07 10:10:22.0000,69.185631,-44512437.77176116,-125588210.6870169,-54207624.78396849,29.10663100730185,-8.564913550348995,-3.65657230353171,2026-04-07T10:09:12.814409
2461137.924560185, A.D. 2026-Apr-07 10:11:22.0000,69.185631,-44510691.36941585,-125588724.5718765,-54207844.17401922,29.10675124055357,-8.56457315737993,-3.656425711133914,2026-04-07T10:10:12.814365
2461137.925254629, A.D. 2026-Apr-07 10:12:22.0000,69.185631,-44508944.95985301,-125589238.4363138,-54208063.55527411,29.10687147893707,-8.564232784498737,-3.656279083218244,2026-04-07T10:11:12.814322
2461137.925949074, A.D. 2026-Apr-07 10:13:22.0000,69.185631,-44507198.54307517,-125589752.2803303,-54208282.92772868,29.1069917436892,-8.563892466122216,-3.656132359281302,2026-04-07T10:12:12.814358
2461137.926643519, A.D. 2026-Apr-07 10:14:22.0000,69.185631,-44505452.11908028,-125590266.1039299,-54208502.29137593,29.10711204831196,-8.563552223661052,-3.655985501417552,2026-04-07T10:13:12.814435
2461137.927337963, A.D. 2026-Apr-07 10:15:22.0000,69.185631,-44503705.68786929,-125590779.9071164,-54208721.64620695,29.1072323961657,-8.563212061673203,-3.655838500965449,2026-04-07T10:14:12.814391
2461137.928032408, A.D. 2026-Apr-07 10:16:22.0000,69.185631,-44501959.24943282,-125591293.6898962,-54208940.99221456,29.10735277978098,-8.562871967155885,-3.655691380162249,2026-04-07T10:15:12.814428
2461137.928726852, A.D. 2026-Apr-07 10:17:22.0000,69.185631,-44500212.80377264,-125591807.4522718,-54209160.32939252,29.10747318234075,-8.562531911791847,-3.655544188139159,2026-04-07T10:16:12.814384
2461137.929421296, A.D. 2026-Apr-07 10:18:22.0000,69.185631,-44498466.35088831,-125592321.1942442,-54209379.65773844,29.10759358075086,-8.562191856882915,-3.655396992218632,2026-04-07T10:17:12.814340
2461137.930115741, A.D. 2026-Apr-07 10:19:22.0000,69.185631,-44496719.8907845,-125592834.9158109,-54209598.97725446,29.10771391895938,-8.561851711543621,-3.655249951927161,2026-04-07T10:18:12.814417
2461137.930810185, A.D. 2026-Apr-07 10:20:22.0000,69.185631,-44494973.42346223,-125593348.6169616,-54209818.28796303,29.10783410646111,-8.561511329874811,-3.655103323797007,2026-04-07T10:19:12.814373
2461137.93150463, A.D. 2026-Apr-07 10:21:22.0000,69.185631,-44493226.94892934,-125593862.2976885,-54210037.58987537,29.10795427772453,-8.561170925066053,-3.654956731499349,2026-04-07T10:20:12.814410
2461137.932199074, A.D. 2026-Apr-07 10:22:22.0000,69.185631,-44491480.46718598,-125594375.9579915,-54210256.88299142,29.10807445887546,-8.560830538472812,-3.65481010226487,2026-04-07T10:21:12.814366
2461137.932893518, A.D. 2026-Apr-07 10:23:22.0000,69.185631,-44489733.97823436,-125594889.5978716,-54210476.16730655,29.10819467190906,-8.560490204825019,-3.654663374642217,2026-04-07T10:22:12.814322
2461137.933587963, A.D. 2026-Apr-07 10:24:22.0000,69.185631,-44487987.48206517,-125595403.217335,-54210695.44281451,29.10831493033661,-8.560149946161744,-3.654516510412506,2026-04-07T10:23:12.814399
2461137.934282408, A.D. 2026-Apr-07 10:25:22.0000,69.185631,-44486240.97867899,-125595916.8163852,-54210914.7095062,29.10843523689319,-8.559809767496516,-3.654369501070006,2026-04-07T10:24:12.814436
2461137.934976852, A.D. 2026-Apr-07 10:26:22.0000,69.185631,-44484494.46807665,-125596430.3950258,-54211133.96737304,29.10855558301384,-8.559469656326792,-3.654222369441152,2026-04-07T10:25:12.814392
2461137.935671296, A.D. 2026-Apr-07 10:27:22.0000,69.185631,-44482747.95024931,-125596943.953262,-54211353.21640992,29.10867595034787,-8.559129584716702,-3.65407516557593,2026-04-07T10:26:12.814348
2461137.936365741, A.D. 2026-Apr-07 10:28:22.0000,69.185631,-44481001.42519991,-125597457.4910943,-54211572.45661412,29.10879631400812,-8.558789514227213,-3.653927957840417,2026-04-07T10:27:12.814385
2461137.937060185, A.D. 2026-Apr-07 10:29:22.0000,69.185631,-44479254.89292967,-125597971.0085209,-54211791.68798812,29.10891661540897,-8.558449353709756,-3.653780908163071,2026-04-07T10:28:12.814341
2461137.93775463, A.D. 2026-Apr-07 10:30:22.0000,69.185631,-44477508.35345031,-125598484.5055286,-54212010.9105535,29.10903676051316,-8.558108957280538,-3.653634276640051,2026-04-07T10:29:12.814418
2461137.938449074, A.D. 2026-Apr-07 10:31:22.0000,69.185631,-44475761.80675945,-125598997.9821126,-54212230.12432289,29.10915688726829,-8.55776853795265,-3.653487681798937,2026-04-07T10:30:12.814374
2461137.939143518, A.D. 2026-Apr-07 10:32:22.0000,69.185631,-44474015.25286085,-125599511.4382718,-54212449.3292958,29.10927702239028,-8.557428136816888,-3.653341049607752,2026-04-07T10:31:12.814330
2461137.939837963, A.D. 2026-Apr-07 10:33:22.0000,69.185631,-44472268.69175333,-125600024.8740084,-54212668.52546807,29.10939718832052,-8.557087788545985,-3.653194317970176,2026-04-07T10:32:12.814367
2461137.940532407, A.D. 2026-Apr-07 10:34:22.0000,69.185631,-44470522.12343801,-125600538.2893251,-54212887.71283199,29.10951739893683,-8.556747515118571,-3.653047448103833,2026-04-07T10:33:12.814323
2461137.941226852, A.D. 2026-Apr-07 10:35:22.0000,69.185631,-44468775.54790515,-125601051.6842289,-54213106.89137967,29.10963765722523,-8.556407321587503,-3.65290043127423,2026-04-07T10:34:12.814400
2461137.941921297, A.D. 2026-Apr-07 10:36:22.0000,69.185631,-44467028.96515552,-125601565.0587232,-54213326.06110245,29.10975795457806,-8.556067195666005,-3.652753290627812,2026-04-07T10:35:12.814437
2461137.942615741, A.D. 2026-Apr-07 10:37:22.0000,69.185631,-44465282.37518733,-125602078.4128113,-54213545.22199428,29.10987827250302,-8.555727109476756,-3.652606077001077,2026-04-07T10:36:12.814393
2461137.943310185, A.D. 2026-Apr-07 10:38:22.0000,69.185631,-44463535.77800355,-125602591.7464934,-54213764.37405236,29.10999858582989,-8.555387024787109,-3.65245885963699,2026-04-07T10:37:12.814349
2461137.94400463, A.D. 2026-Apr-07 10:39:22.0000,69.185631,-44461789.17359852,-125603105.0597702,-54213983.51728018,29.11011883450666,-8.55504685090043,-3.652311802752007,2026-04-07T10:38:12.814426
2461137.944699074, A.D. 2026-Apr-07 10:40:22.0000,69.185631,-44460042.56198422,-125603618.3526283,-54214202.65169959,29.1102389220305,-8.554706441935528,-3.652165170009062,2026-04-07T10:39:12.814382
2461137.945393519, A.D. 2026-Apr-07 10:41:22.0000,69.185631,-44458295.94316536,-125604131.6250609,-54214421.77732252,29.11035899158042,-8.554366010777471,-3.652018574655412,2026-04-07T10:40:12.814419
2461137.946087963, A.D. 2026-Apr-07 10:42:22.0000,69.185631,-44456549.31714562,-125604644.8770669,-54214640.89414851,29.1104790713935,-8.554025598256223,-3.651871941557814,2026-04-07T10:41:12.814375
2461137.946782407, A.D. 2026-Apr-07 10:43:22.0000,69.185631,-44454802.6839167,-125605158.1086507,-54214860.00217419,29.11059918503013,-8.553685238710873,-3.651725207557775,2026-04-07T10:42:12.814331
2461137.947476852, A.D. 2026-Apr-07 10:44:22.0000,69.185631,-44453056.04347954,-125605671.3198151,-54215079.10139173,29.11071934707997,-8.55334495338185,-3.651578333015539,2026-04-07T10:43:12.814408
2461137.948171296, A.D. 2026-Apr-07 10:45:22.0000,69.185631,-44451309.39583109,-125606184.5105647,-54215298.19179227,29.11083956070423,-8.553004746603762,-3.651431308942599,2026-04-07T10:44:12.814364
2461137.948865741, A.D. 2026-Apr-07 10:46:22.0000,69.185631,-44449562.74097198,-125606697.6809029,-54215517.27336694,29.11095981698308,-8.55266460562851,-3.651284158574471,2026-04-07T10:45:12.814401
2461137.949560185, A.D. 2026-Apr-07 10:47:22.0000,69.185631,-44447816.07889316,-125607210.8308351,-54215736.34611046,29.11108009645231,-8.552324501928013,-3.651136933141249,2026-04-07T10:46:12.814357
2461137.95025463, A.D. 2026-Apr-07 10:48:22.0000,69.185631,-44446069.40959755,-125607723.9603611,-54215955.41001992,29.11120037264243,-8.551984397029177,-3.65098970283353,2026-04-07T10:47:12.814394
2461137.950949074, A.D. 2026-Apr-07 10:49:22.0000,69.185631,-44444322.73308638,-125608237.0694794,-54216174.46509793,29.11132058354683,-8.551644199254941,-3.650842633724936,2026-04-07T10:48:12.814350
2461137.951643519, A.D. 2026-Apr-07 10:50:22.0000,69.185631,-44442576.0493718,-125608750.1581763,-54216393.5113664,29.11144063028181,-8.551303760773894,-3.650695992266123,2026-04-07T10:49:12.814427
2461137.952337963, A.D. 2026-Apr-07 10:51:22.0000,69.185631,-44440829.35845169,-125609263.2264471,-54216612.54883838,29.11156065650657,-8.55096330061212,-3.650549389004959,2026-04-07T10:50:12.814383
2461137.953032407, A.D. 2026-Apr-07 10:52:22.0000,69.185631,-44439082.66032992,-125609776.2742907,-54216831.57751345,29.11168069008567,-8.550622861684033,-3.650402748619856,2026-04-07T10:51:12.814339
2461137.953726852, A.D. 2026-Apr-07 10:53:22.0000,69.185631,-44437335.9550053,-125610289.3017094,-54217050.59738727,29.11180075479698,-8.550282480071962,-3.650256007919644,2026-04-07T10:52:12.814376
2461137.954421296, A.D. 2026-Apr-07 10:54:22.0000,69.185631,-44435589.24247891,-125610802.3087067,-54217269.60845216,29.11192086596827,-8.549942178249195,-3.650109127073347,2026-04-07T10:53:12.814332
2461137.955115741, A.D. 2026-Apr-07 10:55:22.0000,69.185631,-44433842.52274086,-125611315.2952893,-54217488.61070012,29.11204102778737,-8.549601960958032,-3.649962097151161,2026-04-07T10:54:12.814409
2461137.955810185, A.D. 2026-Apr-07 10:56:22.0000,69.185631,-44432095.79579173,-125611828.2614612,-54217707.6041223,29.11216123254594,-8.549261814666549,-3.649814941261096,2026-04-07T10:55:12.814365
2461137.956504629, A.D. 2026-Apr-07 10:57:22.0000,69.185631,-44430349.06162947,-125612341.2072256,-54217926.58871262,29.1122814620641,-8.548921709649802,-3.649667710958496,2026-04-07T10:56:12.814322
2461137.957199074, A.D. 2026-Apr-07 10:58:22.0000,69.185631,-44428602.32025679,-125612854.132583,-54218145.56446812,29.11240169091819,-8.548581605581944,-3.649520476481007,2026-04-07T10:57:12.814358
2461137.957893519, A.D. 2026-Apr-07 10:59:22.0000,69.185631,-44426855.57166781,-125613367.0375337,-54218364.53139237,29.11252185932085,-8.54824140763766,-3.649373404750741,2026-04-07T10:58:12.814435
2461137.958587963, A.D. 2026-Apr-07 11:00:22.0000,69.185631,-44425108.81587424,-125613879.922064,-54218583.48950756,29.11264187109628,-8.547900963217087,-3.649226763853476,2026-04-07T10:59:12.814391
2461137.959282408, A.D. 2026-Apr-07 11:01:22.0000,69.185631,-44423362.05288066,-125614392.7861666,-54218802.43882579,29.11276186346721,-8.547560494478242,-3.649080160590155,2026-04-07T11:00:12.814428
2461137.959976852, A.D. 2026-Apr-07 11:02:22.0000,69.185631,-44421615.28269094,-125614905.6298403,-54219021.37934659,29.11288186204813,-8.547220044483904,-3.648933518709168,2026-04-07T11:01:12.814384
2461137.960671296, A.D. 2026-Apr-07 11:03:22.0000,69.185631,-44419868.50529709,-125615418.4530896,-54219240.31106651,29.11300188849829,-8.546879649115535,-3.64878677419357,2026-04-07T11:02:12.814340
2461137.961365741, A.D. 2026-Apr-07 11:04:22.0000,69.185631,-44418121.72070044,-125615931.2559174,-54219459.23397761,29.11312195644906,-8.546539331348068,-3.648639887035234,2026-04-07T11:03:12.814417
2461137.962060185, A.D. 2026-Apr-07 11:05:22.0000,69.185631,-44416374.92889838,-125616444.0383285,-54219678.14807086,29.11324206916524,-8.546199096542539,-3.648492848325434,2026-04-07T11:04:12.814373
2461137.96275463, A.D. 2026-Apr-07 11:06:22.0000,69.185631,-44414628.12989183,-125616956.8003269,-54219897.05333734,29.11336221875941,-8.545858931652807,-3.648345681781017,2026-04-07T11:05:12.814410
2461137.963449074, A.D. 2026-Apr-07 11:07:22.0000,69.185631,-44412881.32367214,-125617469.5419177,-54220115.94977164,29.11348238780691,-8.545518807659482,-3.648198439773512,2026-04-07T11:06:12.814366
2461137.964143518, A.D. 2026-Apr-07 11:08:22.0000,69.185631,-44411134.51024232,-125617982.2631013,-54220334.83737094,29.11360255242749,-8.545178684443202,-3.648051193705965,2026-04-07T11:07:12.814322
2461137.964837963, A.D. 2026-Apr-07 11:09:22.0000,69.185631,-44409387.68960359,-125618494.9638761,-54220553.71613788,29.11372265499617,-8.54483846753271,-3.6479041126631,2026-04-07T11:08:12.814399
2461137.965532408, A.D. 2026-Apr-07 11:10:22.0000,69.185631,-44407640.86176764,-125619007.6442282,-54220772.58609493,29.11384260263862,-8.544498004514633,-3.64775746824323,2026-04-07T11:09:12.814436
2461137.966226852, A.D. 2026-Apr-07 11:11:22.0000,69.185631,-44405894.02673198,-125619520.3041526,-54220991.44725531,29.11396253340634,-8.544157518245324,-3.647610862304605,2026-04-07T11:10:12.814392
2461137.966921296, A.D. 2026-Apr-07 11:12:22.0000,69.185631,-44404147.18450034,-125620032.9436482,-54221210.29961852,29.11408247438438,-8.543817051828622,-3.647464217638228,2026-04-07T11:11:12.814348
2461137.967615741, A.D. 2026-Apr-07 11:13:22.0000,69.185631,-44402400.33507131,-125620545.5627174,-54221429.14318021,29.1142024482538,-8.54347664120379,-3.647317469328592,2026-04-07T11:12:12.814385
2461137.968310185, A.D. 2026-Apr-07 11:14:22.0000,69.185631,-44400653.47844598,-125621058.1613631,-54221647.97793239,29.11432246893848,-8.543136309374859,-3.647170576806227,2026-04-07T11:13:12.814341
2461137.96900463, A.D. 2026-Apr-07 11:15:22.0000,69.185631,-44398906.61461438,-125621570.7395925,-54221866.80386677,29.11444253941514,-8.542796061411885,-3.64702353092221,2026-04-07T11:14:12.814418
2461137.969699074, A.D. 2026-Apr-07 11:16:22.0000,69.185631,-44397159.74357728,-125622083.2974093,-54222085.62097434,29.11456265093004,-8.542455884074664,-3.646876355658073,2026-04-07T11:15:12.814374
2461137.970393518, A.D. 2026-Apr-07 11:17:22.0000,69.185631,-44395412.86533269,-125622595.8348168,-54222304.42924875,29.1146827847406,-8.542115748043269,-3.64672910391333,2026-04-07T11:16:12.814330
2461137.971087963, A.D. 2026-Apr-07 11:18:22.0000,69.185631,-44393665.97988351,-125623108.3518153,-54222523.22868713,29.11480291522306,-8.541775612911287,-3.64658184790492,2026-04-07T11:17:12.814367
2461137.971782407, A.D. 2026-Apr-07 11:19:22.0000,69.185631,-44391919.08722403,-125623620.8484054,-54222742.01929299,29.11492298212599,-8.541435383641343,-3.646434758812876,2026-04-07T11:18:12.814323
2461137.972476852, A.D. 2026-Apr-07 11:20:22.0000,69.185631,-44390172.18736615,-125624133.324573,-54222960.80108913,29.11504288876086,-8.541094907507524,-3.646288111623991,2026-04-07T11:19:12.814400
2461137.973171297, A.D. 2026-Apr-07 11:21:22.0000,69.185631,-44388425.28031458,-125624645.780311,-54223179.57408798,29.11516277677998,-8.540754407437596,-3.646141503234503,2026-04-07T11:20:12.814437
2461137.973865741, A.D. 2026-Apr-07 11:22:22.0000,69.185631,-44386678.36607308,-125625158.2156184,-54223398.3382891,29.1152826735201,-8.540413926561284,-3.645994855543873,2026-04-07T11:21:12.814393
2461137.974560185, A.D. 2026-Apr-07 11:23:22.0000,69.185631,-44384931.44463342,-125625670.6304995,-54223617.09368891,29.11540260180774,-8.54007350127814,-3.645848102957399,2026-04-07T11:22:12.814349
2461137.97525463, A.D. 2026-Apr-07 11:24:22.0000,69.185631,-44383184.51599676,-125626183.0249573,-54223835.8402793,29.11552257572361,-8.539733154409468,-3.645701204348075,2026-04-07T11:23:12.814426
2461137.975949074, A.D. 2026-Apr-07 11:25:22.0000,69.185631,-44381437.58016018,-125626695.3989969,-54224054.57805107,29.11564259819978,-8.539392891167465,-3.645554150670957,2026-04-07T11:24:12.814382
2461137.976643519, A.D. 2026-Apr-07 11:26:22.0000,69.185631,-44379690.63712444,-125627207.7526218,-54224273.30699506,29.11576266035518,-8.539052698690517,-3.645406966274329,2026-04-07T11:25:12.814419
2461137.977337963, A.D. 2026-Apr-07 11:27:22.0000,69.185631,-44377943.6868808,-125627720.0858377,-54224492.02710579,29.11588274297558,-8.538712547660792,-3.645259704766166,2026-04-07T11:26:12.814375
2461137.978032407, A.D. 2026-Apr-07 11:28:22.0000,69.185631,-44376196.7294322,-125628232.3986446,-54224710.73838031,29.116002820251,-8.538372397845498,-3.645112439304549,2026-04-07T11:27:12.814331
2461137.978726852, A.D. 2026-Apr-07 11:29:22.0000,69.185631,-44374449.76478003,-125628744.6910413,-54224929.44082137,29.11612283080115,-8.538032154137483,-3.644965343228673,2026-04-07T11:28:12.814408
2461137.979421296, A.D. 2026-Apr-07 11:30:22.0000,69.185631,-44372702.79293652,-125629256.9630135,-54225148.13445204,29.11624267586909,-8.537691663474838,-3.644818694958138,2026-04-07T11:29:12.814364
2461137.980115741, A.D. 2026-Apr-07 11:31:22.0000,69.185631,-44370955.81389954,-125629769.2145565,-54225366.81928585,29.11636250204706,-8.53735114968158,-3.644672086138951,2026-04-07T11:30:12.814401
2461137.980810185, A.D. 2026-Apr-07 11:32:22.0000,69.185631,-44369208.82767282,-125630281.4456689,-54225585.49532228,29.1164823384889,-8.537010655643638,-3.644525437566258,2026-04-07T11:31:12.814357
2461137.98150463, A.D. 2026-Apr-07 11:33:22.0000,69.185631,-44367461.83425497,-125630793.6563532,-54225804.16255692,29.1166022098374,-8.536670217461,-3.644378682525747,2026-04-07T11:32:12.814394
2461137.982199074, A.D. 2026-Apr-07 11:34:22.0000,69.185631,-44365714.83364683,-125631305.8466125,-54226022.82098149,29.11672213167184,-8.53632985797823,-3.64423177932861,2026-04-07T11:33:12.814350
2461137.982893519, A.D. 2026-Apr-07 11:35:22.0000,69.185631,-44363967.82583828,-125631818.0164538,-54226241.47058751,29.11684210799478,-8.535989581621271,-3.644084718357234,2026-04-07T11:34:12.814427
2461137.983587963, A.D. 2026-Apr-07 11:36:22.0000,69.185631,-44362220.81082968,-125632330.1658807,-54226460.11136568,29.11696213028412,-8.535649375106162,-3.643937524120028,2026-04-07T11:35:12.814383
2461137.984282407, A.D. 2026-Apr-07 11:37:22.0000,69.185631,-44360473.78861885,-125632842.2948965,-54226678.74330947,29.11708217921408,-8.535309208476301,-3.643790250796763,2026-04-07T11:36:12.814339
2461137.984976852, A.D. 2026-Apr-07 11:38:22.0000,69.185631,-44358726.75920838,-125633354.4035015,-54226897.3664159,29.11720222788854,-8.534969041445859,-3.64364297244754,2026-04-07T11:37:12.814376
2461137.985671296, A.D. 2026-Apr-07 11:39:22.0000,69.185631,-44356979.72259247,-125633866.4916961,-54227115.98068852,29.11732221394706,-8.534628777419647,-3.643495864241051,2026-04-07T11:38:12.814332
2461137.986365741, A.D. 2026-Apr-07 11:40:22.0000,69.185631,-44355232.67878312,-125634378.5594659,-54227334.58615058,29.11744203776453,-8.534288261657492,-3.643349207486959,2026-04-07T11:39:12.814409
2461137.987060185, A.D. 2026-Apr-07 11:41:22.0000,69.185631,-44353485.62778507,-125634890.6068038,-54227553.18281487,29.11756184049418,-8.533947722865195,-3.643202591043275,2026-04-07T11:40:12.814365
2461137.987754629, A.D. 2026-Apr-07 11:42:22.0000,69.185631,-44351738.56959882,-125635402.6337099,-54227771.77068134,29.11768164841246,-8.533607205919093,-3.643055935405864,2026-04-07T11:41:12.814322
2461137.988449074, A.D. 2026-Apr-07 11:43:22.0000,69.185631,-44349991.50422686,-125635914.6401855,-54227990.34974515,29.11780148379165,-8.533266748011407,-3.642909173841143,2026-04-07T11:42:12.814358
2461137.989143519, A.D. 2026-Apr-07 11:44:22.0000,69.185631,-44348244.43166008,-125636426.6262371,-54228208.91999941,29.1179213609131,-8.532926372747617,-3.642762264379557,2026-04-07T11:43:12.814435
2461137.989837963, A.D. 2026-Apr-07 11:45:22.0000,69.185631,-44346497.3518993,-125636938.5918687,-54228427.48143431,29.11804128340606,-8.532586084964695,-3.642615197476812,2026-04-07T11:44:12.814391
2461137.990532408, A.D. 2026-Apr-07 11:46:22.0000,69.185631,-44344750.26494198,-125637450.5370854,-54228646.03404102,29.11816124350725,-8.5322458707142,-3.642467997669424,2026-04-07T11:45:12.814428
2461137.991226852, A.D. 2026-Apr-07 11:47:22.0000,69.185631,-44343003.17078981,-125637962.4618898,-54228864.5778126,29.11828122359092,-8.531905699200298,-3.642320719227144,2026-04-07T11:46:12.814384
2461137.991921296, A.D. 2026-Apr-07 11:48:22.0000,69.185631,-44341256.06943535,-125638474.3662851,-54229083.11274736,29.11840119951944,-8.531565528317207,-3.642173436389089,2026-04-07T11:47:12.814340
2461137.992615741, A.D. 2026-Apr-07 11:49:22.0000,69.185631,-44339508.96088332,-125638986.2502685,-54229301.63884765,29.11852111234143,-8.531225258967392,-3.642026325287119,2026-04-07T11:48:12.814417
2461137.993310185, A.D. 2026-Apr-07 11:50:22.0000,69.185631,-44337761.8451421,-125639498.1138269,-54229520.15613736,29.11864086699515,-8.530884732577018,-3.641879668983719,2026-04-07T11:49:12.814373
2461137.99400463, A.D. 2026-Apr-07 11:51:22.0000,69.185631,-44336014.72221971,-125640009.9569516,-54229738.66462886,29.1187606049586,-8.530544181233038,-3.641733052415536,2026-04-07T11:50:12.814410
2461137.994699074, A.D. 2026-Apr-07 11:52:22.0000,69.185631,-44334267.59210938,-125640521.7796446,-54229957.16432294,29.11888035390595,-8.530203650073995,-3.641586395290504,2026-04-07T11:51:12.814366
2461137.995393518, A.D. 2026-Apr-07 11:53:22.0000,69.185631,-44332520.45481315,-125641033.5819074,-54230175.65521462,29.11900013700576,-8.529863176862026,-3.641439629955411,2026-04-07T11:52:12.814322
2461137.996087963, A.D. 2026-Apr-07 11:54:22.0000,69.185631,-44330773.31032857,-125641545.363744,-54230394.13729603,29.11911996835585,-8.529522785407758,-3.641292714180115,2026-04-07T11:53:12.814399
2461137.996782408, A.D. 2026-Apr-07 11:55:22.0000,69.185631,-44329026.158656,-125642057.1251588,-54230612.61055719,29.11923985081555,-8.52918248141223,-3.641145638556578,2026-04-07T11:54:12.814436
2461137.997476852, A.D. 2026-Apr-07 11:56:22.0000,69.185631,-44327278.99978568,-125642568.8661588,-54230831.07499,29.11935977528747,-8.52884225118734,-3.640998428134266,2026-04-07T11:55:12.814392
2461137.998171296, A.D. 2026-Apr-07 11:57:22.0000,69.185631,-44325531.83371908,-125643080.5867464,-54231049.53058745,29.1194797223565,-8.528502064042984,-3.64085113806677,2026-04-07T11:56:12.814348
2461137.998865741, A.D. 2026-Apr-07 11:58:22.0000,69.185631,-44323784.66045564,-125643592.286923,-54231267.97734696,29.11959966565675,-8.528161878215538,-3.64070384371809,2026-04-07T11:57:12.814385
2461137.999560185, A.D. 2026-Apr-07 11:59:22.0000,69.185631,-44322037.48000011,-125644103.9666859,-54231486.41527091,29.11971954338989,-8.527821594390433,-3.640556723481028,2026-04-07T11:58:12.814341
2461138.00025463, A.D. 2026-Apr-07 12:00:22.0000,69.185631,-44320290.29235422,-125644615.6260238,-54231704.84438436,29.11983925631199,-8.52748105359427,-3.640410063932802,2026-04-07T11:59:12.814418
2461138.000949074, A.D. 2026-Apr-07 12:01:22.0000,69.185631,-44318543.09752629,-125645127.2649283,-54231923.26469985,29.11995895013465,-8.527140487893805,-3.640263444901795,2026-04-07T12:00:12.814374
2461138.001643518, A.D. 2026-Apr-07 12:02:22.0000,69.185631,-44316795.89551657,-125645638.8833992,-54232141.67621735,29.12007865300507,-8.526799942174002,-3.640116784958941,2026-04-07T12:01:12.814330
2461138.002337963, A.D. 2026-Apr-07 12:03:22.0000,69.185631,-44315048.68632726,-125646150.4814379,-54232360.07893184,29.12019838869324,-8.5264594542666,-3.639970015617715,2026-04-07T12:02:12.814367
2461138.003032407, A.D. 2026-Apr-07 12:04:22.0000,69.185631,-44313301.46994896,-125646662.0590507,-54232578.47283619,29.12031817190787,-8.52611904816962,-3.6398230941175,2026-04-07T12:03:12.814323
2461138.003726852, A.D. 2026-Apr-07 12:05:22.0000,69.185631,-44311554.24638215,-125647173.6162418,-54232796.85792031,29.12043800573106,-8.525778729375588,-3.639676010920245,2026-04-07T12:04:12.814400
2461138.004421297, A.D. 2026-Apr-07 12:06:22.0000,69.185631,-44309807.01562395,-125647685.153016,-54233015.23417514,29.12055788118721,-8.52543848421671,-3.639528791449382,2026-04-07T12:05:12.814437
2461138.005115741, A.D. 2026-Apr-07 12:07:22.0000,69.185631,-44308059.77767593,-125648196.669376,-54233233.60159364,29.12067777866298,-8.525098282601796,-3.63938149160865,2026-04-07T12:06:12.814393
2461138.005810185, A.D. 2026-Apr-07 12:08:22.0000,69.185631,-44306312.53253058,-125648708.1653252,-54233451.96017402,29.1207976715781,-8.524758082638744,-3.639234187626651,2026-04-07T12:07:12.814349
2461138.00650463, A.D. 2026-Apr-07 12:09:22.0000,69.185631,-44304565.28019273,-125649219.6408609,-54233670.30991875,29.1209174965868,-8.524417785263088,-3.639087060253474,2026-04-07T12:08:12.814426
2461138.007199074, A.D. 2026-Apr-07 12:10:22.0000,69.185631,-44302818.02067135,-125649731.0959698,-54233888.65085229,29.12103715174428,-8.524077231647718,-3.638940399661226,2026-04-07T12:09:12.814382
2461138.007893519, A.D. 2026-Apr-07 12:11:22.0000,69.185631,-44301070.75397484,-125650242.5306434,-54234106.98298745,29.12115678814108,-8.523736653894465,-3.638793780284412,2026-04-07T12:10:12.814419
2461138.008587963, A.D. 2026-Apr-07 12:12:22.0000,69.185631,-44299323.4800965,-125650753.9448838,-54234325.30632503,29.12127643553904,-8.52339609671248,-3.638647119556436,2026-04-07T12:11:12.814375
2461138.009282407, A.D. 2026-Apr-07 12:13:22.0000,69.185631,-44297576.19903832,-125651265.3386924,-54234543.62085993,29.12139611878461,-8.523055597442442,-3.638500347894889,2026-04-07T12:12:12.814331
2461138.009976852, A.D. 2026-Apr-07 12:14:22.0000,69.185631,-44295828.91079766,-125651776.7120733,-54234761.92658401,29.12151585339901,-8.522715179331676,-3.638353421826131,2026-04-07T12:13:12.814408
2461138.010671296, A.D. 2026-Apr-07 12:15:22.0000,69.185631,-44294081.61537126,-125652288.0650317,-54234980.22348754,29.12163564261784,-8.522374847409752,-3.638206331372984,2026-04-07T12:14:12.814364
2461138.011365741, A.D. 2026-Apr-07 12:16:22.0000,69.185631,-44292334.31275954,-125652799.3975715,-54235198.51156088,29.12175547709843,-8.522034587464107,-3.638059102068815,2026-04-07T12:15:12.814401
2461138.012060185, A.D. 2026-Apr-07 12:17:22.0000,69.185631,-44290587.00295342,-125653310.7096982,-54235416.79079802,29.1218753362711,-8.52169436867105,-3.637911790314305,2026-04-07T12:16:12.814357
2461138.01275463, A.D. 2026-Apr-07 12:18:22.0000,69.185631,-44288839.68595568,-125653822.0014118,-54235635.0611959,29.12199519222335,-8.521354148758252,-3.637764473277256,2026-04-07T12:17:12.814394
2461138.013449074, A.D. 2026-Apr-07 12:19:22.0000,69.185631,-44287092.36176769,-125654333.2727108,-54235853.32275734,29.12211497969189,-8.521013827991123,-3.637617333602102,2026-04-07T12:18:12.814350
2461138.014143519, A.D. 2026-Apr-07 12:20:22.0000,69.185631,-44285345.03040195,-125654844.5235802,-54236071.57550656,29.12223459435655,-8.520673245240557,-3.637470664267902,2026-04-07T12:19:12.814427
2461138.014837963, A.D. 2026-Apr-07 12:21:22.0000,69.185631,-44283597.69185664,-125655355.7540147,-54236289.81945774,29.12235418758655,-8.520332638756013,-3.637324037052029,2026-04-07T12:20:12.814383
2461138.015532407, A.D. 2026-Apr-07 12:22:22.0000,69.185631,-44281850.34613566,-125655866.9640133,-54236508.05461045,29.12247378876709,-8.519992055296955,-3.637177369102525,2026-04-07T12:21:12.814339
2461138.016226852, A.D. 2026-Apr-07 12:23:22.0000,69.185631,-44280102.99323774,-125656378.1535785,-54236726.28096006,29.12259342295086,-8.519651534098498,-3.637030590777352,2026-04-07T12:22:12.814376
2461138.016921296, A.D. 2026-Apr-07 12:24:22.0000,69.185631,-44278355.63316377,-125656889.322714,-54236944.49849804,29.12271310634013,-8.519311099478807,-3.636883658434084,2026-04-07T12:23:12.814332
2461138.017615741, A.D. 2026-Apr-07 12:25:22.0000,69.185631,-44276608.26590374,-125657400.4714272,-54237162.70721558,29.12283284333564,-8.518970756783256,-3.636736562075226,2026-04-07T12:24:12.814409
2461138.018310185, A.D. 2026-Apr-07 12:26:22.0000,69.185631,-44274860.89145803,-125657911.5997223,-54237380.90710294,29.12295262592928,-8.518630491435296,-3.636589327350257,2026-04-07T12:25:12.814365
2461138.019004629, A.D. 2026-Apr-07 12:27:22.0000,69.185631,-44273113.50982445,-125658422.707603,-54237599.09815344,29.12307243500625,-8.518290271097245,-3.636442010686717,2026-04-07T12:26:12.814322
2461138.019699074, A.D. 2026-Apr-07 12:28:22.0000,69.185631,-44271366.12100567,-125658933.7950697,-54237817.28036391,29.12319224385941,-8.517950052101806,-3.636294689472592,2026-04-07T12:27:12.814358
2461138.020393519, A.D. 2026-Apr-07 12:29:22.0000,69.185631,-44269618.72499581,-125659444.8621227,-54238035.45373818,29.12331198950123,-8.517609731070673,-3.636147547191854,2026-04-07T12:28:12.814435
2461138.021087963, A.D. 2026-Apr-07 12:30:22.0000,69.185631,-44267871.32180701,-125659955.9087471,-54238253.61830065,29.12343157077838,-8.517269142861629,-3.636000878633128,2026-04-07T12:29:12.814391
2461138.021782408, A.D. 2026-Apr-07 12:31:22.0000,69.185631,-44266123.91144408,-125660466.9349352,-54238471.77406462,29.12355113191887,-8.51692852848903,-3.635854251568093,2026-04-07T12:30:12.814428
2461138.022476852, A.D. 2026-Apr-07 12:32:22.0000,69.185631,-44264376.49391086,-125660977.9406857,-54238689.92102971,29.12367069980083,-8.516587934309582,-3.635707582218747,2026-04-07T12:31:12.814384
2461138.023171296, A.D. 2026-Apr-07 12:33:22.0000,69.185631,-44262629.06919929,-125661488.9260032,-54238908.05919197,29.12379029709792,-8.51624739993829,-3.635560800188977,2026-04-07T12:32:12.814340
2461138.023865741, A.D. 2026-Apr-07 12:34:22.0000,69.185631,-44260881.63731062,-125661999.8908911,-54239126.18854275,29.12390993808479,-8.515906949816362,-3.635413861533807,2026-04-07T12:33:12.814417
2461138.024560185, A.D. 2026-Apr-07 12:35:22.0000,69.185631,-44259134.19824208,-125662510.8353548,-54239344.30907214,29.1240296260148,-8.515566589749229,-3.635266756400807,2026-04-07T12:34:12.814373
2461138.02525463, A.D. 2026-Apr-07 12:36:22.0000,69.185631,-44257386.75199101,-125663021.7593991,-54239562.42077082,29.12414935264852,-8.515226305576501,-3.635119510904592,2026-04-07T12:35:12.814410
2461138.025949074, A.D. 2026-Apr-07 12:37:22.0000,69.185631,-44255639.29855911,-125663532.6630269,-54239780.5236315,29.12426909950166,-8.514886065650954,-3.63497218246166,2026-04-07T12:36:12.814366
2461138.026643518, A.D. 2026-Apr-07 12:38:22.0000,69.185631,-44253891.83793893,-125664043.5462416,-54239998.61765232,29.12438884147185,-8.514545826862976,-3.634824849514346,2026-04-07T12:37:12.814322
2461138.027337963, A.D. 2026-Apr-07 12:39:22.0000,69.185631,-44252144.37013527,-125664554.4090405,-54240216.70283584,29.12450851783179,-8.514205485938833,-3.634677697916136,2026-04-07T12:38:12.814399
2461138.028032408, A.D. 2026-Apr-07 12:40:22.0000,69.185631,-44250396.89515679,-125665065.2514094,-54240434.77920717,29.1246280306713,-8.513864877716413,-3.634531025866956,2026-04-07T12:39:12.814436
2461138.028726852, A.D. 2026-Apr-07 12:41:22.0000,69.185631,-44248649.41301168,-125665576.0733399,-54240652.84677945,29.12474752618972,-8.513524244376699,-3.634384396161869,2026-04-07T12:40:12.814392
2461138.029421296, A.D. 2026-Apr-07 12:42:22.0000,69.185631,-44246901.92369314,-125666086.8748337,-54240870.90555351,29.12486703326896,-8.513183632837766,-3.634237724110196,2026-04-07T12:41:12.814348
2461138.030115741, A.D. 2026-Apr-07 12:43:22.0000,69.185631,-44245154.42720319,-125666597.6558926,-54241088.95552413,29.12498657599948,-8.512843082616158,-3.634090938443765,2026-04-07T12:42:12.814385
2461138.030810185, A.D. 2026-Apr-07 12:44:22.0000,69.185631,-44243406.92353924,-125667108.4165209,-54241306.99668301,29.12510616927099,-8.512502618180632,-3.63394399445537,2026-04-07T12:43:12.814341
2461138.03150463, A.D. 2026-Apr-07 12:45:22.0000,69.185631,-44241659.41270152,-125667619.1567231,-54241525.02901971,29.12522581609931,-8.512162245465118,-3.633796882216625,2026-04-07T12:44:12.814418
2461138.032199074, A.D. 2026-Apr-07 12:46:22.0000,69.185631,-44239911.8946801,-125668129.8765064,-54241743.05252565,29.12534550715996,-8.51182194979962,-3.633649627942261,2026-04-07T12:45:12.814374
2461138.032893518, A.D. 2026-Apr-07 12:47:22.0000,69.185631,-44238164.36947639,-125668640.5758734,-54241961.06719341,29.1254652223085,-8.511481699250396,-3.633502289724548,2026-04-07T12:46:12.814330
2461138.033587963, A.D. 2026-Apr-07 12:48:22.0000,69.185631,-44236416.8370897,-125669151.2548258,-54242179.07302035,29.12558493434859,-8.51114144976667,-3.633354946802533,2026-04-07T12:47:12.814367
2461138.034282407, A.D. 2026-Apr-07 12:49:22.0000,69.185631,-44234669.29752482,-125669661.9133606,-54242397.07000891,29.12570457913421,-8.510801098054982,-3.633207787086551,2026-04-07T12:48:12.814323
2461138.034976852, A.D. 2026-Apr-07 12:50:22.0000,69.185631,-44232921.75078376,-125670172.5514658,-54242615.05818548,29.12582405411539,-8.510460477791433,-3.633061112334007,2026-04-07T12:49:12.814400
2461138.035671297, A.D. 2026-Apr-07 12:51:22.0000,69.185631,-44231174.19687491,-125670683.1691328,-54242833.03756328,29.12594350923665,-8.510119831481404,-3.632914480285192,2026-04-07T12:50:12.814437
2461138.036365741, A.D. 2026-Apr-07 12:52:22.0000,69.185631,-44229426.63579864,-125671193.7663613,-54243051.00814224,29.12606297334675,-8.509779206157129,-3.632767805218309,2026-04-07T12:51:12.814393
2461138.037060185, A.D. 2026-Apr-07 12:53:22.0000,69.185631,-44227679.06755709,-125671704.3431531,-54243268.96991714,29.12618247072184,-8.509438641146298,-3.63262101521151,2026-04-07T12:52:12.814349
2461138.03775463, A.D. 2026-Apr-07 12:54:22.0000,69.185631,-44225931.49214081,-125672214.8995143,-54243486.9228804,29.12630201647461,-8.509098161587957,-3.632474065221175,2026-04-07T12:53:12.814426
2461138.038449074, A.D. 2026-Apr-07 12:55:22.0000,69.185631,-44224183.90955023,-125672725.4354495,-54243704.86702149,29.12642161382576,-8.508757773129231,-3.632326945158405,2026-04-07T12:54:12.814382
2461138.039143519, A.D. 2026-Apr-07 12:56:22.0000,69.185631,-44222436.31978245,-125673235.9509639,-54243922.8023309,29.12654125363626,-8.50841746177919,-3.632179681747703,2026-04-07T12:55:12.814419
2461138.039837963, A.D. 2026-Apr-07 12:57:22.0000,69.185631,-44220688.72283548,-125673746.4460611,-54244140.72880158,29.12666091581718,-8.50807719561941,-3.632032333755349,2026-04-07T12:56:12.814375
2461138.040532407, A.D. 2026-Apr-07 12:58:22.0000,69.185631,-44218941.11871227,-125674256.9207417,-54244358.64643037,29.12678057318788,-8.507736931126567,-3.6318849814071,2026-04-07T12:57:12.814331
2461138.041226852, A.D. 2026-Apr-07 12:59:22.0000,69.185631,-44217193.50740721,-125674767.3750058,-54244576.55522118,29.12690016106429,-8.507396564859553,-3.63173781479872,2026-04-07T12:58:12.814408
2461138.041921296, A.D. 2026-Apr-07 13:00:22.0000,69.185631,-44215445.88893301,-125675277.8088385,-54244794.45519932,29.12701957540713,-8.507055930447049,-3.63159113901215,2026-04-07T12:59:12.814364
2461138.042615741, A.D. 2026-Apr-07 13:01:22.0000,69.185631,-44213698.26329468,-125675788.2222321,-54245012.34637866,29.12713897023498,-8.506715270956471,-3.63144450664423,2026-04-07T13:00:12.814401
2461138.043310185, A.D. 2026-Apr-07 13:02:22.0000,69.185631,-44211950.63049594,-125676298.6151856,-54245230.22875869,29.12725837605432,-8.506374633087193,-3.631297830847837,2026-04-07T13:01:12.814357
2461138.04400463, A.D. 2026-Apr-07 13:03:22.0000,69.185631,-44210202.99052838,-125676808.9877034,-54245448.10233548,29.1273778184458,-8.506034056049685,-3.63115103853792,2026-04-07T13:02:12.814394
2461138.044699074, A.D. 2026-Apr-07 13:04:22.0000,69.185631,-44208455.34339276,-125677319.3397891,-54245665.96709995,29.1274973136708,-8.505693564368505,-3.631004083970687,2026-04-07T13:03:12.814350
2461138.045393519, A.D. 2026-Apr-07 13:05:22.0000,69.185631,-44206707.68908571,-125677829.671448,-54245883.82304196,29.12761686554027,-8.505353163112083,-3.630856956690265,2026-04-07T13:04:12.814427
2461138.046087963, A.D. 2026-Apr-07 13:06:22.0000,69.185631,-44204960.02760749,-125678339.9826843,-54246101.67015128,29.12773646502352,-8.505012837512108,-3.630709683431428,2026-04-07T13:05:12.814383
2461138.046782407, A.D. 2026-Apr-07 13:07:22.0000,69.185631,-44203212.35894889,-125678850.2735034,-54246319.50842168,29.12785609166494,-8.50467255542286,-3.630562323558538,2026-04-07T13:06:12.814339
2461138.047476852, A.D. 2026-Apr-07 13:08:22.0000,69.185631,-44201464.68311258,-125679360.5439059,-54246537.33784983,29.12797571723612,-8.504332272578015,-3.630414958130687,2026-04-07T13:07:12.814376
2461138.048171296, A.D. 2026-Apr-07 13:09:22.0000,69.185631,-44199717.00009975,-125679870.7938899,-54246755.15843882,29.12809527594722,-8.503991884459474,-3.630267779174334,2026-04-07T13:08:12.814332
2461138.048865741, A.D. 2026-Apr-07 13:10:22.0000,69.185631,-44197969.30991945,-125680381.0234408,-54246972.97021452,29.12821466264384,-8.503651222774495,-3.630121094718339,2026-04-07T13:09:12.814409
2461138.049560185, A.D. 2026-Apr-07 13:11:22.0000,69.185631,-44196221.61258017,-125680891.2325501,-54247190.77319048,29.12833402774525,-8.50331053629696,-3.629974454439451,2026-04-07T13:10:12.814365
2461138.050254629, A.D. 2026-Apr-07 13:12:22.0000,69.185631,-44194473.90807547,-125681401.4212196,-54247408.5673676,29.12845339962842,-8.502969873602657,-3.629827771436772,2026-04-07T13:11:12.814322
2461138.050949074, A.D. 2026-Apr-07 13:13:22.0000,69.185631,-44192726.19640762,-125681911.5894511,-54247626.35274052,29.12857280240605,-8.502629275589188,-3.629680972424757,2026-04-07T13:12:12.814358
2461138.051643519, A.D. 2026-Apr-07 13:14:22.0000,69.185631,-44190978.47757428,-125682421.7372494,-54247844.1293008,29.12869225139826,-8.502288767744666,-3.629534011523903,2026-04-07T13:13:12.814435
2461138.052337963, A.D. 2026-Apr-07 13:15:22.0000,69.185631,-44189230.75157593,-125682931.8646191,-54248061.8970378,29.12881175048048,-8.50194835552505,-3.629386878264828,2026-04-07T13:14:12.814391
2461138.053032408, A.D. 2026-Apr-07 13:16:22.0000,69.185631,-44187483.01840286,-125683441.9715675,-54248279.65594263,29.12893129131145,-8.50160802353245,-3.629239599540235,2026-04-07T13:15:12.814428
2461138.053726852, A.D. 2026-Apr-07 13:17:22.0000,69.185631,-44185735.27805652,-125683952.0580976,-54248497.40600779,29.1290508549774,-8.501267738412569,-3.629092234828363,2026-04-07T13:16:12.814384
2461138.054421296, A.D. 2026-Apr-07 13:18:22.0000,69.185631,-44183987.53053632,-125684462.1242109,-54248715.14723048,29.12917041518871,-8.500927454404453,-3.628944865340768,2026-04-07T13:17:12.814340
2461138.055115741, A.D. 2026-Apr-07 13:19:22.0000,69.185631,-44182239.77584702,-125684972.1699047,-54248932.87961332,29.12928990901318,-8.500587063777097,-3.62879768407401,2026-04-07T13:18:12.814417
2461138.055810185, A.D. 2026-Apr-07 13:20:22.0000,69.185631,-44180492.01399052,-125685482.195166,-54249150.6031833,29.1294092348804,-8.500246394344853,-3.628651000809561,2026-04-07T13:19:12.814373
2461138.05650463, A.D. 2026-Apr-07 13:21:22.0000,69.185631,-44178744.24497516,-125685992.1999861,-54249368.31795402,29.12952854243937,-8.49990569755617,-3.628504361224014,2026-04-07T13:20:12.814410
2461138.057199074, A.D. 2026-Apr-07 13:22:22.0000,69.185631,-44176996.46880119,-125686502.1843649,-54249586.02392548,29.12964786073707,-8.499565022483916,-3.628357677207686,2026-04-07T13:21:12.814366
2461138.057893518, A.D. 2026-Apr-07 13:23:22.0000,69.185631,-44175248.68546714,-125687012.1483048,-54249803.72109265,29.12976721397947,-8.499224410068228,-3.62821087478014,2026-04-07T13:22:12.814322
2461138.058587963, A.D. 2026-Apr-07 13:24:22.0000,69.185631,-44173500.89497391,-125687522.0918096,-54250021.40944643,29.12988661730766,-8.49888388608477,-3.628063907671784,2026-04-07T13:23:12.814399
2461138.059282408, A.D. 2026-Apr-07 13:25:22.0000,69.185631,-44171753.09731141,-125688032.0148867,-54250239.08897731,29.13000607385456,-8.498543456839151,-3.627916765522752,2026-04-07T13:24:12.814436
2461138.059976852, A.D. 2026-Apr-07 13:26:22.0000,69.185631,-44170005.2924801,-125688541.9175407,-54250456.759675,29.13012557431545,-8.49820310747631,-3.627769475788287,2026-04-07T13:25:12.814392
2461138.060671296, A.D. 2026-Apr-07 13:27:22.0000,69.185631,-44168257.48047792,-125689051.7997752,-54250674.42153233,29.13024509857783,-8.497862804861334,-3.627622098809487,2026-04-07T13:26:12.814348
2461138.061365741, A.D. 2026-Apr-07 13:28:22.0000,69.185631,-44166509.66130774,-125689561.6615909,-54250892.07454602,29.13036461926352,-8.497522503778441,-3.627474717101529,2026-04-07T13:27:12.814385
2461138.062060185, A.D. 2026-Apr-07 13:29:22.0000,69.185631,-44164761.83496391,-125690071.502988,-54251109.71872002,29.1304840716037,-8.49718209675855,-3.627327526054324,2026-04-07T13:28:12.814341
2461138.06275463, A.D. 2026-Apr-07 13:30:22.0000,69.185631,-44163014.00145897,-125690581.3239507,-54251327.35408036,29.13060335157985,-8.496841411486239,-3.627180839203824,2026-04-07T13:29:12.814418
2461138.063449074, A.D. 2026-Apr-07 13:31:22.0000,69.185631,-44161266.160798,-125691091.1244713,-54251544.98064128,29.1307226121463,-8.496500699498817,-3.627034196862276,2026-04-07T13:30:12.814374
2461138.064143518, A.D. 2026-Apr-07 13:32:22.0000,69.185631,-44159518.3129847,-125691600.9045486,-54251762.59840231,29.13084188284088,-8.496160009447552,-3.626887509905221,2026-04-07T13:31:12.814330
2461138.064837963, A.D. 2026-Apr-07 13:33:22.0000,69.185631,-44157770.45801072,-125692110.6641872,-54251980.20735925,29.13096118849293,-8.495819382325983,-3.626740703484282,2026-04-07T13:32:12.814367
2461138.065532407, A.D. 2026-Apr-07 13:34:22.0000,69.185631,-44156022.59587693,-125692620.4033908,-54252197.80750299,29.1310805444768,-8.495478843927264,-3.626593730779764,2026-04-07T13:33:12.814323
2461138.066226852, A.D. 2026-Apr-07 13:35:22.0000,69.185631,-44154274.72658017,-125693130.1221648,-54252415.398823,29.13119995399402,-8.495138400342908,-3.626446581264837,2026-04-07T13:34:12.814400
2461138.066921297, A.D. 2026-Apr-07 13:36:22.0000,69.185631,-44152526.85011742,-125693639.8205148,-54252632.98130934,29.13131940748126,-8.49479803686527,-3.626299282693509,2026-04-07T13:35:12.814437
2461138.067615741, A.D. 2026-Apr-07 13:37:22.0000,69.185631,-44150778.96649013,-125694149.4984436,-54252850.55495433,29.13143888427501,-8.494457720443524,-3.626151896130453,2026-04-07T13:36:12.814393
2461138.068310185, A.D. 2026-Apr-07 13:38:22.0000,69.185631,-44149031.07569075,-125694659.1559548,-54253068.11975594,29.13155835647657,-8.494117405953114,-3.62600450501052,2026-04-07T13:37:12.814349
2461138.06900463, A.D. 2026-Apr-07 13:39:22.0000,69.185631,-44147283.17772412,-125695168.7930454,-54253285.67571693,29.13167775741796,-8.493776986052268,-3.625857306965226,2026-04-07T13:38:12.814426
2461138.069699074, A.D. 2026-Apr-07 13:40:22.0000,69.185631,-44145535.27259974,-125695678.4097011,-54253503.22286405,29.13179698011164,-8.493436288230788,-3.625710619081568,2026-04-07T13:39:12.814382
2461138.070393519, A.D. 2026-Apr-07 13:41:22.0000,69.185631,-44143787.36032619,-125696188.0059128,-54253720.76121127,29.13191618329816,-8.493095564404308,-3.62556397648022,2026-04-07T13:40:12.814419
2461138.071087963, A.D. 2026-Apr-07 13:42:22.0000,69.185631,-44142039.44089682,-125696697.5816826,-54253938.29075942,29.13203539819687,-8.492754862865747,-3.625417288709047,2026-04-07T13:41:12.814375
2461138.071782407, A.D. 2026-Apr-07 13:43:22.0000,69.185631,-44140291.51431347,-125697207.1370119,-54254155.81150301,29.13215465099245,-8.492414224340646,-3.625270480002178,2026-04-07T13:42:12.814331
2461138.072476852, A.D. 2026-Apr-07 13:44:22.0000,69.185631,-44138543.5805734,-125697716.6719055,-54254373.32343317,29.13227395794474,-8.492073673960135,-3.625123502661202,2026-04-07T13:43:12.814408
2461138.073171296, A.D. 2026-Apr-07 13:45:22.0000,69.185631,-44136795.63967663,-125698226.186368,-54254590.82653882,29.1323933225195,-8.491733217254433,-3.624976345886818,2026-04-07T13:44:12.814364
2461138.073865741, A.D. 2026-Apr-07 13:46:22.0000,69.185631,-44135047.691613,-125698735.6804064,-54254808.3208107,29.13251273486863,-8.491392838752871,-3.624829037456064,2026-04-07T13:45:12.814401
2461138.074560185, A.D. 2026-Apr-07 13:47:22.0000,69.185631,-44133299.73638371,-125699245.1540238,-54255025.80624101,29.13263217348486,-8.491052505227493,-3.624681639015053,2026-04-07T13:46:12.814357
2461138.07525463, A.D. 2026-Apr-07 13:48:22.0000,69.185631,-44131551.77398802,-125699754.6072212,-54255243.28282677,29.1327516089643,-8.490712170918684,-3.624534234889424,2026-04-07T13:47:12.814394
2461138.075949074, A.D. 2026-Apr-07 13:49:22.0000,69.185631,-44129803.80442731,-125700264.039997,-54255460.75057112,29.13287097277459,-8.490371727399992,-3.624387024635569,2026-04-07T13:48:12.814350
2461138.076643519, A.D. 2026-Apr-07 13:50:22.0000,69.185631,-44128055.82771464,-125700773.4523352,-54255678.20950054,29.1329901553292,-8.490031000498064,-3.624240328199303,2026-04-07T13:49:12.814427
2461138.077337963, A.D. 2026-Apr-07 13:51:22.0000,69.185631,-44126307.84384836,-125701282.8442297,-54255895.6596305,29.13310931557809,-8.489690247883985,-3.6240936778041,2026-04-07T13:50:12.814383
2461138.078032407, A.D. 2026-Apr-07 13:52:22.0000,69.185631,-44124559.85283235,-125701792.2156796,-54256113.10096047,29.13322848451257,-8.489349520203275,-3.623946982980846,2026-04-07T13:51:12.814339
2461138.078726852, A.D. 2026-Apr-07 13:53:22.0000,69.185631,-44122811.85466525,-125702301.5666876,-54256330.53348546,29.1333476883275,-8.489008859745024,-3.623800167624887,2026-04-07T13:52:12.814376
2461138.079421296, A.D. 2026-Apr-07 13:54:22.0000,69.185631,-44121063.84934792,-125702810.8972577,-54256547.95719621,29.1334669440657,-8.488668292925244,-3.623653184056574,2026-04-07T13:53:12.814332
2461138.080115741, A.D. 2026-Apr-07 13:55:22.0000,69.185631,-44119315.83687004,-125703320.2073978,-54256765.37208295,29.13358625630226,-8.488327825513686,-3.623506021334139,2026-04-07T13:54:12.814409
2461138.080810185, A.D. 2026-Apr-07 13:56:22.0000,69.185631,-44117567.81723191,-125703829.4971125,-54256982.77813516,29.133705616581,-8.487987441729533,-3.62335870744717,2026-04-07T13:55:12.814365
2461138.081504629, A.D. 2026-Apr-07 13:57:22.0000,69.185631,-44115819.79043119,-125704338.7664058,-54257200.17534547,29.13382500483157,-8.487647106840942,-3.623211304050748,2026-04-07T13:56:12.814322
2461138.082199074, A.D. 2026-Apr-07 13:58:22.0000,69.185631,-44114071.75646703,-125704848.0152793,-54257417.56371097,29.13394439293571,-8.487306773377961,-3.623063895721779,2026-04-07T13:57:12.814358
2461138.082893519, A.D. 2026-Apr-07 13:59:22.0000,69.185631,-44112323.71534406,-125705357.2437302,-54257634.94323437,29.13406371462682,-8.486966329821607,-3.622916682794595,2026-04-07T13:58:12.814435
2461138.083587963, A.D. 2026-Apr-07 14:00:22.0000,69.185631,-44110575.66706438,-125705866.4517453,-54257852.3139437,29.13418286379252,-8.486625597507928,-3.622769987126585,2026-04-07T13:59:12.814391
2461138.084282408, A.D. 2026-Apr-07 14:01:22.0000,69.185631,-44108827.61163651,-125706375.6393153,-54258069.67585312,29.13430199196875,-8.486284837114015,-3.622623336955484,2026-04-07T14:00:12.814428
2461138.084976852, A.D. 2026-Apr-07 14:02:22.0000,69.185631,-44107079.54906086,-125706884.8064401,-54258287.02896259,29.13442112745482,-8.485944098735274,-3.622476640794563,2026-04-07T14:01:12.814384
2461138.085671296, A.D. 2026-Apr-07 14:03:22.0000,69.185631,-44105331.47933972,-125707393.9531213,-54258504.37326647,29.13454029419125,-8.485603425040761,-3.622329821795698,2026-04-07T14:02:12.814340
2461138.086365741, A.D. 2026-Apr-07 14:04:22.0000,69.185631,-44103583.40246376,-125707903.0793658,-54258721.70875669,29.13465950722934,-8.48526284267996,-3.622182831923614,2026-04-07T14:03:12.814417
2461138.087060185, A.D. 2026-Apr-07 14:05:22.0000,69.185631,-44101835.31843351,-125708412.1851782,-54258939.035422,29.13477877018957,-8.484922357849483,-3.62203566042898,2026-04-07T14:04:12.814373
2461138.08775463, A.D. 2026-Apr-07 14:06:22.0000,69.185631,-44100087.22724615,-125708921.2705642,-54259156.35325219,29.13489807432207,-8.484581955243321,-3.621888335782087,2026-04-07T14:05:12.814410
2461138.088449074, A.D. 2026-Apr-07 14:07:22.0000,69.185631,-44098339.12890325,-125709430.3355266,-54259373.66223937,29.13501740032729,-8.484241600801724,-3.621740920619064,2026-04-07T14:06:12.814366
2461138.089143518, A.D. 2026-Apr-07 14:08:22.0000,69.185631,-44096591.0233973,-125709939.3800691,-54259590.96238147,29.13513672181693,-8.483901247638281,-3.621593500520369,2026-04-07T14:07:12.814322
2461138.089837963, A.D. 2026-Apr-07 14:09:22.0000,69.185631,-44094842.91073316,-125710448.4041888,-54259808.25368123,29.13525597514535,-8.483560784553976,-3.62144627827486,2026-04-07T14:08:12.814399
2461138.090532408, A.D. 2026-Apr-07 14:10:22.0000,69.185631,-44093094.79091982,-125710957.4078704,-54260025.53616616,29.1353750573847,-8.483220032898636,-3.62129957922991,2026-04-07T14:09:12.814436
2461138.091226852, A.D. 2026-Apr-07 14:11:22.0000,69.185631,-44091346.66396222,-125711466.3911059,-54260242.80985098,29.13549412164442,-8.482879254184898,-3.621152926529279,2026-04-07T14:10:12.814392
2461138.091921296, A.D. 2026-Apr-07 14:12:22.0000,69.185631,-44089598.52986406,-125711975.3538941,-54260460.07473525,29.13561319802376,-8.482538499016167,-3.621006227718904,2026-04-07T14:11:12.814348
2461138.092615741, A.D. 2026-Apr-07 14:13:22.0000,69.185631,-44087850.3886168,-125712484.2962398,-54260677.33081468,29.13573231156014,-8.48219780986042,-3.620859405079405,2026-04-07T14:12:12.814385
2461138.093310185, A.D. 2026-Apr-07 14:14:22.0000,69.185631,-44086102.24022119,-125712993.2181468,-54260894.57807966,29.13585147767518,-8.48185721368281,-3.620712409934973,2026-04-07T14:13:12.814341
2461138.09400463, A.D. 2026-Apr-07 14:15:22.0000,69.185631,-44084354.08467393,-125713502.1196211,-54261111.81651942,29.13597069950046,-8.48151671615592,-3.620565231298104,2026-04-07T14:14:12.814418
2461138.094699074, A.D. 2026-Apr-07 14:16:22.0000,69.185631,-44082605.92197538,-125714011.0006671,-54261329.04612313,29.13608996723424,-8.48117630198905,-3.620417897890615,2026-04-07T14:15:12.814374
2461138.095393518, A.D. 2026-Apr-07 14:17:22.0000,69.185631,-44080857.7521164,-125714519.8612909,-54261546.26688413,29.13620925982593,-8.480835936234257,-3.620270472883922,2026-04-07T14:16:12.814330
2461138.096087963, A.D. 2026-Apr-07 14:18:22.0000,69.185631,-44079109.57509983,-125715028.7014931,-54261763.47879901,29.13632854880849,-8.480495571757446,-3.620123042765788,2026-04-07T14:17:12.814367
2461138.096782407, A.D. 2026-Apr-07 14:19:22.0000,69.185631,-44077361.39092702,-125715537.5212716,-54261980.681871,29.13644776713289,-8.480155096608957,-3.619975812432968,2026-04-07T14:18:12.814323
2461138.097476852, A.D. 2026-Apr-07 14:20:22.0000,69.185631,-44075613.19960739,-125716046.3206115,-54262197.87612782,29.13656680729385,-8.479814331389726,-3.619829110750706,2026-04-07T14:19:12.814400
2461138.098171297, A.D. 2026-Apr-07 14:21:22.0000,69.185631,-44073865.00114957,-125716555.0995034,-54262415.061584,29.13668582715665,-8.47947353824249,-3.619682455713912,2026-04-07T14:20:12.814437
2461138.098865741, A.D. 2026-Apr-07 14:22:22.0000,69.185631,-44072116.79554691,-125717063.8579491,-54262632.23824034,29.13680485738649,-8.479132768155976,-3.619535754027376,2026-04-07T14:21:12.814393
2461138.099560185, A.D. 2026-Apr-07 14:23:22.0000,69.185631,-44070368.58280148,-125717572.5959504,-54262849.40609115,29.13692392362478,-8.478792063829914,-3.619388927104436,2026-04-07T14:22:12.814349
2461138.10025463, A.D. 2026-Apr-07 14:24:22.0000,69.185631,-44068620.36291055,-125718081.313512,-54263066.56512727,29.13704304178465,-8.478451452110873,-3.619241925981744,2026-04-07T14:23:12.814426
2461138.100949074, A.D. 2026-Apr-07 14:25:22.0000,69.185631,-44066872.13587434,-125718590.010639,-54263283.71533728,29.13716221526677,-8.478110939512232,-3.619094739580539,2026-04-07T14:24:12.814382
2461138.101643519, A.D. 2026-Apr-07 14:26:22.0000,69.185631,-44065123.90168279,-125719098.6873389,-54263500.8567116,29.13728143422487,-8.477770510411899,-3.618947396981622,2026-04-07T14:25:12.814419
2461138.102337963, A.D. 2026-Apr-07 14:27:22.0000,69.185631,-44063375.66033722,-125719607.3436147,-54263717.9892422,29.13740067738806,-8.477430130548846,-3.618799962196516,2026-04-07T14:26:12.814375
2461138.103032407, A.D. 2026-Apr-07 14:28:22.0000,69.185631,-44061627.41183707,-125720115.979468,-54263935.11292612,29.13751991591669,-8.477089752625275,-3.618652522629814,2026-04-07T14:27:12.814331
2461138.103726852, A.D. 2026-Apr-07 14:29:22.0000,69.185631,-44059879.15618377,-125720624.5948969,-54264152.22776659,29.13763908126163,-8.476749264462489,-3.618505285336819,2026-04-07T14:28:12.814408
2461138.104421296, A.D. 2026-Apr-07 14:30:22.0000,69.185631,-44058130.89339046,-125721133.1898854,-54264369.33379129,29.13775806354064,-8.476408486284063,-3.618358582628339,2026-04-07T14:29:12.814364
2461138.105115741, A.D. 2026-Apr-07 14:31:22.0000,69.185631,-44056382.62345549,-125721641.7644271,-54264586.43101615,29.13787702524054,-8.476067680861092,-3.618211927332775,2026-04-07T14:30:12.814401
2461138.105810185, A.D. 2026-Apr-07 14:32:22.0000,69.185631,-44054634.34638264,-125722150.3185209,-54264803.51944073,29.13799599835209,-8.475726898751923,-3.618065224876589,2026-04-07T14:31:12.814357
2461138.10650463, A.D. 2026-Apr-07 14:33:22.0000,69.185631,-44052886.06217036,-125722658.8521696,-54265020.59905969,29.13811500997029,-8.47538618256503,-3.617918395738789,2026-04-07T14:32:12.814394
2461138.107199074, A.D. 2026-Apr-07 14:34:22.0000,69.185631,-44051137.77081925,-125723167.3653769,-54265237.66986333,29.13823407714,-8.475045558683357,-3.617771390040589,2026-04-07T14:33:12.814350
2461138.107893519, A.D. 2026-Apr-07 14:35:22.0000,69.185631,-44049389.47231882,-125723675.8581508,-54265454.73184135,29.13835320404106,-8.474705032858665,-3.617624196420663,2026-04-07T14:34:12.814427
2461138.108587963, A.D. 2026-Apr-07 14:36:22.0000,69.185631,-44047641.16666918,-125724184.3304957,-54265671.78498276,29.13847238121836,-8.474364589129854,-3.617476844015558,2026-04-07T14:35:12.814383
2461138.109282407, A.D. 2026-Apr-07 14:37:22.0000,69.185631,-44045892.8538679,-125724692.7824156,-54265888.82927982,29.13859158713818,-8.47402419262072,-3.617329397328109,2026-04-07T14:36:12.814339
2461138.109976852, A.D. 2026-Apr-07 14:38:22.0000,69.185631,-44044144.53391413,-125725201.213912,-54266105.86472938,29.13871079224707,-8.473683795711304,-3.617181944731758,2026-04-07T14:37:12.814376
2461138.110671296, A.D. 2026-Apr-07 14:39:22.0000,69.185631,-44042396.20681263,-125725709.6249818,-54266322.89133433,29.13882992715093,-8.473343285349728,-3.617034695158027,2026-04-07T14:38:12.814332
2461138.111365741, A.D. 2026-Apr-07 14:40:22.0000,69.185631,-44040647.87256587,-125726218.0156116,-54266539.90912373,29.13894888116909,-8.473002479579778,-3.616887983804575,2026-04-07T14:39:12.814409
2461138.112060185, A.D. 2026-Apr-07 14:41:22.0000,69.185631,-44038899.53118274,-125726726.385792,-54266756.91811239,29.13906781286037,-8.472661647109769,-3.61674132068976,2026-04-07T14:40:12.814365
2461138.112754629, A.D. 2026-Apr-07 14:42:22.0000,69.185631,-44037151.18266357,-125727234.7355228,-54266973.9183003,29.13918675225183,-8.472320840452568,-3.61659461106246,2026-04-07T14:41:12.814322
2461138.113449074, A.D. 2026-Apr-07 14:43:22.0000,69.185631,-44035402.82701064,-125727743.0648063,-54267190.90968175,29.1393057246751,-8.4719801034682,-3.616447775276004,2026-04-07T14:42:12.814358
2461138.114143519, A.D. 2026-Apr-07 14:44:22.0000,69.185631,-44033654.46421447,-125728251.3736493,-54267407.89224836,29.13942474626092,-8.47163946375881,-3.616300763324086,2026-04-07T14:43:12.814435
2461138.114837963, A.D. 2026-Apr-07 14:45:22.0000,69.185631,-44031906.0942754,-125728759.662057,-54267624.86598857,29.13954382092997,-8.471298927115178,-3.616153563822166,2026-04-07T14:44:12.814391
2461138.115532408, A.D. 2026-Apr-07 14:46:22.0000,69.185631,-44030157.71719043,-125729267.9300353,-54267841.8308918,29.13966293982333,-8.470958477192642,-3.616006205966749,2026-04-07T14:45:12.814428
2461138.116226852, A.D. 2026-Apr-07 14:47:22.0000,69.185631,-44028409.33295748,-125729776.1775883,-54268058.78695037,29.13978208276961,-8.470618077773402,-3.615858754448458,2026-04-07T14:46:12.814384
2461138.116921296, A.D. 2026-Apr-07 14:48:22.0000,69.185631,-44026660.94157939,-125730284.4047166,-54268275.7341608,29.13990122201976,-8.470277679602994,-3.61571129765132,2026-04-07T14:47:12.814340
2461138.117615741, A.D. 2026-Apr-07 14:49:22.0000,69.185631,-44024912.54305055,-125730792.6114203,-54268492.67252719,29.14002029098542,-8.469937166521088,-3.615564045600501,2026-04-07T14:48:12.814417
2461138.118310185, A.D. 2026-Apr-07 14:50:22.0000,69.185631,-44023164.13738383,-125731300.7976826,-54268709.6020776,29.14013918238817,-8.469596352449766,-3.615417335286387,2026-04-07T14:49:12.814373
2461138.11900463, A.D. 2026-Apr-07 14:51:22.0000,69.18563,-44021415.72458439,-125731808.9634949,-54268926.52282733,29.14025805453997,-8.469255509145084,-3.615270672603097,2026-04-07T14:50:12.814410
2461138.119699074, A.D. 2026-Apr-07 14:52:22.0000,69.18563,-44019667.30465239,-125732317.108857,-54269143.43477628,29.14037693833034,-8.468914689428162,-3.615123961798441,2026-04-07T14:51:12.814366
2461138.120393518, A.D. 2026-Apr-07 14:53:22.0000,69.18563,-44017918.87758981,-125732825.2337708,-54269360.33791865,29.14049585954697,-8.468573937621263,-3.614977122417011,2026-04-07T14:52:12.814322
2461138.121087963, A.D. 2026-Apr-07 14:54:22.0000,69.18563,-44016170.44338693,-125733333.3382434,-54269577.23224585,29.14061483440816,-8.468233281468681,-3.614830104161199,2026-04-07T14:53:12.814399
2461138.121782408, A.D. 2026-Apr-07 14:55:22.0000,69.18563,-44014422.00204383,-125733841.4222795,-54269794.11774621,29.14073386638853,-8.467892727872993,-3.614682895733748,2026-04-07T14:54:12.814436
2461138.122476852, A.D. 2026-Apr-07 14:56:22.0000,69.18563,-44012673.55355728,-125734349.4858852,-54270010.99440901,29.1408529457755,-8.467552260814179,-3.614535526951665,2026-04-07T14:55:12.814392
2461138.123171296, A.D. 2026-Apr-07 14:57:22.0000,69.18563,-44010925.09792855,-125734857.5290637,-54270227.86222601,29.14097205131862,-8.467211844638317,-3.61438806346863,2026-04-07T14:56:12.814348
2461138.123865741, A.D. 2026-Apr-07 14:58:22.0000,69.18563,-44009176.63514994,-125735365.5518184,-54270444.72119497,29.14109115402138,-8.46687143032727,-3.614240594898356,2026-04-07T14:57:12.814385
2461138.124560185, A.D. 2026-Apr-07 14:59:22.0000,69.18563,-44007428.16522627,-125735873.5541466,-54270661.57131886,29.14121018565694,-8.466530902051632,-3.614093333599412,2026-04-07T14:58:12.814341
2461138.12525463, A.D. 2026-Apr-07 15:00:22.0000,69.18563,-44005679.68816703,-125736381.5360325,-54270878.41262642,29.1413290367465,-8.466190073793008,-3.61394662042331,2026-04-07T14:59:12.814418
2461138.125949074, A.D. 2026-Apr-07 15:01:22.0000,69.18563,-44003931.20397751,-125736889.4974675,-54271095.24513312,29.14144786701736,-8.465849216860079,-3.613799955674331,2026-04-07T15:00:12.814374
2461138.126643518, A.D. 2026-Apr-07 15:02:22.0000,69.18563,-44002182.71266151,-125737397.4384506,-54271312.06883853,29.14156670719483,-8.465508383348809,-3.613653242517004,2026-04-07T15:01:12.814330
2461138.127337963, A.D. 2026-Apr-07 15:03:22.0000,69.18563,-44000434.21421064,-125737905.3589866,-54271528.88373801,29.14168558309359,-8.46516761760882,-3.613506399487083,2026-04-07T15:02:12.814367
2461138.128032407, A.D. 2026-Apr-07 15:04:22.0000,69.18563,-43998685.70862573,-125738413.2590793,-54271745.68982167,29.14180451086956,-8.464826947232195,-3.613359375714618,2026-04-07T15:03:12.814323
2461138.128726852, A.D. 2026-Apr-07 15:05:22.0000,69.18563,-43996937.19590345,-125738921.1387349,-54271962.48707806,29.14192349407958,-8.464486378833838,-3.613212159728035,2026-04-07T15:04:12.814400
2461138.129421297, A.D. 2026-Apr-07 15:06:22.0000,69.18563,-43995188.6760442,-125739428.9979581,-54272179.27549593,29.1420425229826,-8.464145896772562,-3.613064781727547,2026-04-07T15:05:12.814437
2461138.130115741, A.D. 2026-Apr-07 15:07:22.0000,69.18563,-43993440.14903887,-125739936.8367552,-54272396.0550683,29.14216157643609,-8.463805465469937,-3.612917308052901,2026-04-07T15:06:12.814393
2461138.130810185, A.D. 2026-Apr-07 15:08:22.0000,69.18563,-43991691.6148903,-125740444.6551265,-54272612.8257916,29.14228062562576,-8.463465036350359,-3.612769829393407,2026-04-07T15:07:12.814349
2461138.13150463, A.D. 2026-Apr-07 15:09:22.0000,69.18563,-43989943.07359996,-125740952.4530706,-54272829.58766923,29.14239960165119,-8.463124493830092,-3.612622560464216,2026-04-07T15:08:12.814426
2461138.132199074, A.D. 2026-Apr-07 15:10:22.0000,69.18563,-43988194.5251775,-125741460.2305715,-54273046.34073033,29.14251839359053,-8.46278365284138,-3.612475845956697,2026-04-07T15:09:12.814382
2461138.132893519, A.D. 2026-Apr-07 15:11:22.0000,69.18563,-43986445.96963177,-125741967.9876198,-54273263.08499007,29.14263716580105,-8.46244278386783,-3.612329180695685,2026-04-07T15:10:12.814419
2461138.133587963, A.D. 2026-Apr-07 15:12:22.0000,69.18563,-43984697.40695599,-125742475.7242175,-54273479.82044932,29.14275595034748,-8.462101939145386,-3.612182466606533,2026-04-07T15:11:12.814375
2461138.134282407, A.D. 2026-Apr-07 15:13:22.0000,69.18563,-43982948.83715209,-125742983.4403663,-54273696.54710216,29.14287477419761,-8.461761162162881,-3.612035621282963,2026-04-07T15:12:12.814331
2461138.134976852, A.D. 2026-Apr-07 15:14:22.0000,69.18563,-43981200.26021712,-125743491.1360713,-54273913.26493894,29.14299365407311,-8.461420480175443,-3.611888593007999,2026-04-07T15:13:12.814408
2461138.135671296, A.D. 2026-Apr-07 15:15:22.0000,69.18563,-43979451.67614755,-125743998.8113384,-54274129.97394814,29.14311259343757,-8.461079899060762,-3.611741369940484,2026-04-07T15:14:12.814364
2461138.136365741, A.D. 2026-Apr-07 15:16:22.0000,69.18563,-43977703.08494353,-125744506.4661723,-54274346.67411832,29.1432315820127,-8.460739402267718,-3.611593982301277,2026-04-07T15:15:12.814401
2461138.137060185, A.D. 2026-Apr-07 15:17:22.0000,69.18563,-43975954.48659579,-125745014.100579,-54274563.36544231,29.14335059747341,-8.460398953870202,-3.61144649696144,2026-04-07T15:16:12.814357
2461138.13775463, A.D. 2026-Apr-07 15:18:22.0000,69.18563,-43974205.88110702,-125745521.7145591,-54274780.04791653,29.14346960951267,-8.460058504844447,-3.611299005463803,2026-04-07T15:17:12.814394
2461138.138449074, A.D. 2026-Apr-07 15:19:22.0000,69.18563,-43972457.26847873,-125746029.3081104,-54274996.7215443,29.14358854700224,-8.459717938549495,-3.611151724428708,2026-04-07T15:18:12.814350
2461138.139143519, A.D. 2026-Apr-07 15:20:22.0000,69.18563,-43970708.64872427,-125746536.881216,-54275213.38635449,29.14370729626082,-8.459377067516272,-3.611005001380969,2026-04-07T15:19:12.814427
2461138.139837963, A.D. 2026-Apr-07 15:21:22.0000,69.18563,-43968960.02184223,-125747044.4338693,-54275430.04236371,29.14382602306689,-8.459036169111494,-3.610858328349519,2026-04-07T15:20:12.814383
2461138.140532407, A.D. 2026-Apr-07 15:22:22.0000,69.18563,-43967211.3878364,-125747551.9660691,-54275646.68957157,29.14394475968552,-8.458695297610362,-3.610711607146612,2026-04-07T15:21:12.814339
2461138.141226852, A.D. 2026-Apr-07 15:23:22.0000,69.18563,-43965462.74670538,-125748059.4778187,-54275863.3279726,29.14406353350824,-8.458354498395474,-3.610564755142392,2026-04-07T15:22:12.814376
2461138.141921296, A.D. 2026-Apr-07 15:24:22.0000,69.18563,-43963714.09844635,-125748566.9691232,-54276079.95755717,29.14418236212332,-8.458013800066139,-3.610417720600904,2026-04-07T15:23:12.814332
2461138.142615741, A.D. 2026-Apr-07 15:25:22.0000,69.18563,-43961965.44305927,-125749074.439988,-54276296.57831336,29.14430125012477,-8.457673208676534,-3.610270491629356,2026-04-07T15:24:12.814409
2461138.143310185, A.D. 2026-Apr-07 15:26:22.0000,69.18563,-43960216.78053387,-125749581.8904212,-54276513.19023106,29.14442018839322,-8.457332707201507,-3.610123098537378,2026-04-07T15:25:12.814365
2461138.144004629, A.D. 2026-Apr-07 15:27:22.0000,69.18563,-43958468.11087117,-125750089.3204261,-54276729.79330186,29.14453915567509,-8.456992258161266,-3.609975608311173,2026-04-07T15:26:12.814322
2461138.144699074, A.D. 2026-Apr-07 15:28:22.0000,69.18563,-43956719.43407025,-125750596.7300044,-54276946.38752256,29.14465812246872,-8.456651810579896,-3.609828112655621,2026-04-07T15:27:12.814358
2461138.145393519, A.D. 2026-Apr-07 15:29:22.0000,69.18563,-43954970.75013588,-125751104.119153,-54277162.9728962,29.14477701900272,-8.45631124470464,-3.609680829124925,2026-04-07T15:28:12.814435
2461138.146087963, A.D. 2026-Apr-07 15:30:22.0000,69.18563,-43953222.05907064,-125751611.4878577,-54277379.54945306,29.14489573374001,-8.455970368027327,-3.609534106884341,2026-04-07T15:29:12.814391
2461138.146782408, A.D. 2026-Apr-07 15:31:22.0000,69.18563,-43951473.3608833,-125752118.8361087,-54277596.1172086,29.14501442677206,-8.45562946121996,-3.609387434132097,2026-04-07T15:30:12.814428
2461138.147476852, A.D. 2026-Apr-07 15:32:22.0000,69.18563,-43949724.65557428,-125752626.1639056,-54277812.67616273,29.14513312810831,-8.455288578503913,-3.609240711596401,2026-04-07T15:31:12.814384
2461138.148171296, A.D. 2026-Apr-07 15:33:22.0000,69.18563,-43947975.94314227,-125753133.4712515,-54278029.22630987,29.14525186324856,-8.454947765710342,-3.609093856016886,2026-04-07T15:32:12.814340
2461138.148865741, A.D. 2026-Apr-07 15:34:22.0000,69.18563,-43946227.22358817,-125753640.7581505,-54278245.76763987,29.14537064827479,-8.454607051508157,-3.608946815200932,2026-04-07T15:33:12.814417
2461138.149560185, A.D. 2026-Apr-07 15:35:22.0000,69.18563,-43944478.49690188,-125754148.0246108,-54278462.30014186,29.14548948683791,-8.454266442647635,-3.608799577466014,2026-04-07T15:34:12.814373
2461138.15025463, A.D. 2026-Apr-07 15:36:22.0000,69.18563,-43942729.76308385,-125754655.2706374,-54278678.82380435,29.14560836980407,-8.453925922622577,-3.608652173613118,2026-04-07T15:35:12.814410
2461138.150949074, A.D. 2026-Apr-07 15:37:22.0000,69.18563,-43940981.02213201,-125755162.4962345,-54278895.33861924,29.14572727665758,-8.453585454760058,-3.608504671599106,2026-04-07T15:36:12.814366
2461138.151643518, A.D. 2026-Apr-07 15:38:22.0000,69.18563,-43939232.27404573,-125755669.7014039,-54279111.84458336,29.14584617923986,-8.453244988441096,-3.608357164206361,2026-04-07T15:37:12.814322
2461138.152337963, A.D. 2026-Apr-07 15:39:22.0000,69.18563,-43937483.51882987,-125756176.8861425,-54279328.34169972,29.14596501018056,-8.452904404003455,-3.608209871360367,2026-04-07T15:38:12.814399
2461138.153032408, A.D. 2026-Apr-07 15:40:22.0000,69.18563,-43935734.75648705,-125756684.0504362,-54279544.82999897,29.14608366058117,-8.452563508700976,-3.608063145749998,2026-04-07T15:39:12.814436
2461138.153726852, A.D. 2026-Apr-07 15:41:22.0000,69.18563,-43933985.98702597,-125757191.1942749,-54279761.30949672,29.14620229185727,-8.452222584321591,-3.607916470506273,2026-04-07T15:40:12.814392
2461138.154421296, A.D. 2026-Apr-07 15:42:22.0000,69.18563,-43932237.21044676,-125757698.3176587,-54279977.7801929,29.1463209356593,-8.451881685328592,-3.60776974535524,2026-04-07T15:41:12.814348
2461138.155115741, A.D. 2026-Apr-07 15:43:22.0000,69.18563,-43930488.42674784,-125758205.4205904,-54280194.24208196,29.14643961832276,-8.451540857354603,-3.607622886165257,2026-04-07T15:42:12.814385
2461138.155810185, A.D. 2026-Apr-07 15:44:22.0000,69.18563,-43928739.63592984,-125758712.5030743,-54280410.69515353,29.14655835628795,-8.451200129351639,-3.607475840080203,2026-04-07T15:43:12.814341
2461138.15650463, A.D. 2026-Apr-07 15:45:22.0000,69.18563,-43926990.83798233,-125759219.5651188,-54280627.13939679,29.14667715291174,-8.450859507662955,-3.607328595192949,2026-04-07T15:44:12.814418
2461138.157199074, A.D. 2026-Apr-07 15:46:22.0000,69.18563,-43925242.03290545,-125759726.6067288,-54280843.57480002,29.14679599794063,-8.45051897563281,-3.607181182602814,2026-04-07T15:45:12.814374
2461138.157893518, A.D. 2026-Apr-07 15:47:22.0000,69.18563,-43923493.22069694,-125760233.6279087,-54281060.00135513,29.14691486944365,-8.450178495928174,-3.607033670774053,2026-04-07T15:46:12.814330
2461138.158587963, A.D. 2026-Apr-07 15:48:22.0000,69.18563,-43921744.40135957,-125760740.6286591,-54281276.41905841,29.14703373759447,-8.44983801773759,-3.606886153362812,2026-04-07T15:47:12.814367
2461138.159282407, A.D. 2026-Apr-07 15:49:22.0000,69.18563,-43919995.57488778,-125761247.6089801,-54281492.82791423,29.14715253197656,-8.449497420853882,-3.606738852448245,2026-04-07T15:48:12.814323
2461138.159976852, A.D. 2026-Apr-07 15:50:22.0000,69.18563,-43918246.74129489,-125761754.5688542,-54281709.22795223,29.14727113970186,-8.449156511953147,-3.606592124290839,2026-04-07T15:49:12.814400
2461138.160671297, A.D. 2026-Apr-07 15:51:22.0000,69.18563,-43916497.90058631,-125762261.5082726,-54281925.61918858,29.14738972643335,-8.448815573265977,-3.606445446794532,2026-04-07T15:50:12.814437
2461138.161365741, A.D. 2026-Apr-07 15:52:22.0000,69.18563,-43914749.05276236,-125762768.4272351,-54282142.00162324,29.14750832418477,-8.448474659363416,-3.606298718827409,2026-04-07T15:51:12.814393
2461138.162060185, A.D. 2026-Apr-07 15:53:22.0000,69.18563,-43913000.19782501,-125763275.3257437,-54282358.37525007,29.14762695991176,-8.448133816296586,-3.606151855454948,2026-04-07T15:52:12.814349
2461138.16275463, A.D. 2026-Apr-07 15:54:22.0000,69.18563,-43911251.33576442,-125763782.2038057,-54282574.74006003,29.14774565023575,-8.447793073042327,-3.606004803363418,2026-04-07T15:53:12.814426
2461138.163449074, A.D. 2026-Apr-07 15:55:22.0000,69.18563,-43909502.46658065,-125764289.0614262,-54282791.09604081,29.14786439872081,-8.44745243626439,-3.605857550795165,2026-04-07T15:54:12.814382
2461138.164143519, A.D. 2026-Apr-07 15:56:22.0000,69.18563,-43907753.59027047,-125764795.8986114,-54283007.44318108,29.1479831950619,-8.447111889566463,-3.605710128957522,2026-04-07T15:55:12.814419
2461138.164837963, A.D. 2026-Apr-07 15:57:22.0000,69.18563,-43906004.70683157,-125765302.7153656,-54283223.78147262,29.14810201709829,-8.446771395748573,-3.605562607292839,2026-04-07T15:56:12.814375
2461138.165532407, A.D. 2026-Apr-07 15:58:22.0000,69.18563,-43904255.81626682,-125765809.5116895,-54283440.11091175,29.14822083460578,-8.446430904055932,-3.605415080388959,2026-04-07T15:57:12.814331
2461138.166226852, A.D. 2026-Apr-07 15:59:22.0000,69.18563,-43902506.91857075,-125766316.2875831,-54283656.43150292,29.1483395757923,-8.446090294031503,-3.605267772492347,2026-04-07T15:58:12.814408
2461138.166921296, A.D. 2026-Apr-07 16:00:22.0000,69.18563,-43900758.01375692,-125766823.043029,-54283872.74327604,29.14845812571217,-8.445749372109924,-3.605121043391277,2026-04-07T15:59:12.814364
2461138.167615741, A.D. 2026-Apr-07 16:01:22.0000,69.18563,-43899009.1018309,-125767329.7780186,-54284089.04624748,29.14857665430226,-8.445408421082673,-3.604974365641062,2026-04-07T16:00:12.814401
2461138.168310185, A.D. 2026-Apr-07 16:02:22.0000,69.18563,-43897260.18279644,-125767836.4925506,-54284305.34041677,29.14869519495921,-8.445067495294554,-3.604827636983171,2026-04-07T16:01:12.814357
2461138.16900463, A.D. 2026-Apr-07 16:03:22.0000,69.18563,-43895511.25664497,-125768343.1866299,-54284521.62577903,29.14881377601991,-8.444726640412927,-3.604680771374841,2026-04-07T16:02:12.814394
2461138.169699074, A.D. 2026-Apr-07 16:04:22.0000,69.18563,-43893762.32337694,-125768849.8602608,-54284737.90232377,29.14893241532731,-8.444385884937718,-3.604533714814659,2026-04-07T16:03:12.814350
2461138.170393519, A.D. 2026-Apr-07 16:05:22.0000,69.18563,-43892013.38298865,-125769356.5134496,-54284954.17003898,29.1490511172154,-8.4440452350426,-3.604386454958024,2026-04-07T16:04:12.814427
2461138.171087963, A.D. 2026-Apr-07 16:06:22.0000,69.18563,-43890264.4354766,-125769863.1462021,-54285170.42891318,29.14916987173477,-8.443704673725172,-3.604239023363517,2026-04-07T16:05:12.814383
2461138.171782407, A.D. 2026-Apr-07 16:07:22.0000,69.18563,-43888515.48084169,-125770369.7585218,-54285386.67893758,29.14928865652686,-8.443364163389019,-3.60409148985719,2026-04-07T16:06:12.814339
2461138.172476852, A.D. 2026-Apr-07 16:08:22.0000,69.18563,-43886766.51907605,-125770876.3504121,-54285602.92010964,29.14940744052109,-8.443023652875922,-3.603943949866423,2026-04-07T16:07:12.814376
2461138.173171296, A.D. 2026-Apr-07 16:09:22.0000,69.18563,-43885017.55018453,-125771382.9218699,-54285819.15243256,29.14952615129938,-8.442683020672842,-3.603796629682606,2026-04-07T16:08:12.814332
2461138.173865741, A.D. 2026-Apr-07 16:10:22.0000,69.18563,-43883268.57417699,-125771889.4728786,-54286035.37593678,29.14964467295398,-8.442342071496647,-3.603649891940996,2026-04-07T16:09:12.814409
2461138.174560185, A.D. 2026-Apr-07 16:11:22.0000,69.18563,-43881519.591059,-125772396.0034292,-54286251.59063888,29.14976317160521,-8.442001093474621,-3.603503206395481,2026-04-07T16:10:12.814365
2461138.175254629, A.D. 2026-Apr-07 16:12:22.0000,69.18563,-43879770.60083442,-125772902.5135206,-54286467.79653836,29.14988167859329,-8.44166014312122,-3.603356470642912,2026-04-07T16:11:12.814322
2461138.175949074, A.D. 2026-Apr-07 16:13:22.0000,69.18563,-43878021.60349505,-125773409.003158,-54286683.99363037,29.15000022053702,-8.441319267518004,-3.603209598358089,2026-04-07T16:12:12.814358
2461138.176643519, A.D. 2026-Apr-07 16:14:22.0000,69.18563,-43876272.59904167,-125773915.472346,-54286900.18190452,29.15011881423281,-8.440978496281566,-3.603062535540778,2026-04-07T16:13:12.814435
2461138.177337963, A.D. 2026-Apr-07 16:15:22.0000,69.18563,-43874523.58747094,-125774421.921091,-54287116.36134876,29.15023746387065,-8.440637835661034,-3.602915269814181,2026-04-07T16:14:12.814391
2461138.178032408, A.D. 2026-Apr-07 16:16:22.0000,69.18563,-43872774.56877977,-125774928.3493993,-54287332.53195162,29.15035616006396,-8.44029726809738,-3.602767832813118,2026-04-07T16:15:12.814428
2461138.178726852, A.D. 2026-Apr-07 16:17:22.0000,69.18563,-43871025.54296939,-125775434.7572744,-54287548.69370437,29.15047488169566,-8.439956754868588,-3.602620294448123,2026-04-07T16:16:12.814384
2461138.179421296, A.D. 2026-Apr-07 16:18:22.0000,69.18563,-43869276.51003218,-125775941.14472,-54287764.84660458,29.15059359978256,-8.439616243062364,-3.60247275037726,2026-04-07T16:17:12.814340
2461138.180115741, A.D. 2026-Apr-07 16:19:22.0000,69.18563,-43867527.46997305,-125776447.5117331,-54287980.99065536,29.1507122443491,-8.439275608123701,-3.602325427765416,2026-04-07T16:18:12.814417
2461138.180810185, A.D. 2026-Apr-07 16:20:22.0000,69.18563,-43865778.42280179,-125776953.8582967,-54288197.12588747,29.1508307030691,-8.438934650605734,-3.602178691014701,2026-04-07T16:19:12.814373
2461138.18150463, A.D. 2026-Apr-07 16:21:22.0000,69.18563,-43864029.36852378,-125777460.1844016,-54288413.25231747,29.15094914191912,-8.438593661838135,-3.602032005934104,2026-04-07T16:20:12.814410
2461138.182199074, A.D. 2026-Apr-07 16:22:22.0000,69.18563,-43862280.30714267,-125777966.4900467,-54288629.36994483,29.15106759330433,-8.438252698529388,-3.601885268966099,2026-04-07T16:21:12.814366
2461138.182893518, A.D. 2026-Apr-07 16:23:22.0000,69.18563,-43860531.23864991,-125778472.7752369,-54288845.47876465,29.15118608426555,-8.43791180823247,-3.601738393209095,2026-04-07T16:22:12.814322
2461138.183587963, A.D. 2026-Apr-07 16:24:22.0000,69.18563,-43858782.16304606,-125778979.0399767,-54289061.57876626,29.15130463160741,-8.437571020844205,-3.601591324161852,2026-04-07T16:23:12.814399
2461138.184282408, A.D. 2026-Apr-07 16:25:22.0000,69.18563,-43857033.08032755,-125779485.2842725,-54289277.6699375,29.15142323895598,-8.437230343412963,-3.601444049594176,2026-04-07T16:24:12.814436
2461138.184976852, A.D. 2026-Apr-07 16:26:22.0000,69.18563,-43855283.9904945,-125779991.5081297,-54289493.75226641,29.15154189599584,-8.436889758868901,-3.601296601720507,2026-04-07T16:25:12.814392
2461138.185671296, A.D. 2026-Apr-07 16:27:22.0000,69.18563,-43853534.89353758,-125780497.7115547,-54289709.82574531,29.15166058034923,-8.436549228849824,-3.601149051395753,2026-04-07T16:26:12.814348
2461138.186365741, A.D. 2026-Apr-07 16:28:22.0000,69.18563,-43851785.78945955,-125781003.8945481,-54289925.8903705,29.15177926153737,-8.436208700832832,-3.601001495486401,2026-04-07T16:27:12.814385
2461138.187060185, A.D. 2026-Apr-07 16:29:22.0000,69.18563,-43850036.67826179,-125781510.0571081,-54290141.94614564,29.15189786780298,-8.435868050437392,-3.600854163506235,2026-04-07T16:28:12.814341
2461138.18775463, A.D. 2026-Apr-07 16:30:22.0000,69.18563,-43848287.55995434,-125782016.1992177,-54290357.99310175,29.15201628416105,-8.435527078193221,-3.600707423682914,2026-04-07T16:29:12.814418
2461138.188449074, A.D. 2026-Apr-07 16:31:22.0000,69.18563,-43846538.4345462,-125782522.3208667,-54290574.03125516,29.15213467883907,-8.43518607514439,-3.600560736281092,2026-04-07T16:30:12.814374
2461138.189143518, A.D. 2026-Apr-07 16:32:22.0000,69.18563,-43844789.30203074,-125783028.422057,-54290790.06060669,29.15225308442032,-8.434845097528141,-3.600413996705916,2026-04-07T16:31:12.814330
2461138.189837963, A.D. 2026-Apr-07 16:33:22.0000,69.18563,-43843040.16240989,-125783534.5027907,-54291006.08114997,29.15237152817266,-8.434504192789559,-3.600267117119377,2026-04-07T16:32:12.814367
2461138.190532407, A.D. 2026-Apr-07 16:34:22.0000,69.18563,-43841291.01568081,-125784040.563073,-54291222.09287483,29.15249002737293,-8.434163390883954,-3.600120042428091,2026-04-07T16:33:12.814323
2461138.191226852, A.D. 2026-Apr-07 16:35:22.0000,69.18563,-43839541.86183999,-125784546.6029106,-54291438.0957689,29.15260858582895,-8.433822698733008,-3.599972760342559,2026-04-07T16:34:12.814400
2461138.191921297, A.D. 2026-Apr-07 16:36:22.0000,69.18563,-43837792.70088757,-125785052.6223085,-54291654.08982012,29.15272719344289,-8.433482099476198,-3.599825303397814,2026-04-07T16:35:12.814437
2461138.192615741, A.D. 2026-Apr-07 16:37:22.0000,69.18563,-43836043.53281428,-125785558.6212733,-54291870.07502079,29.15284582792021,-8.433141554995595,-3.599677743169202,2026-04-07T16:36:12.814393
2461138.193310185, A.D. 2026-Apr-07 16:38:22.0000,69.18563,-43834294.35762284,-125786064.5998058,-54292086.05136719,29.1529644589026,-8.432801013208433,-3.599530177597787,2026-04-07T16:37:12.814349
2461138.19400463, A.D. 2026-Apr-07 16:39:22.0000,69.18563,-43832545.17531473,-125786570.557904,-54292302.01886293,29.15308301391672,-8.432460350050343,-3.599382838557675,2026-04-07T16:38:12.814426
2461138.194699074, A.D. 2026-Apr-07 16:40:22.0000,69.18563,-43830795.9859001,-125787076.4955511,-54292517.97753948,29.15320137665986,-8.43211936663014,-3.599236098125389,2026-04-07T16:39:12.814382
2461138.195393519, A.D. 2026-Apr-07 16:41:22.0000,69.18563,-43829046.78938796,-125787582.412737,-54292733.92741331,29.15331971834874,-8.431778353255377,-3.599089410812039,2026-04-07T16:40:12.814419
2461138.196087963, A.D. 2026-Apr-07 16:42:22.0000,69.18563,-43827297.58577164,-125788088.3094637,-54292949.86848522,29.15343807230703,-8.43143736553321,-3.598942670889603,2026-04-07T16:41:12.814375
2461138.196782407, A.D. 2026-Apr-07 16:43:22.0000,69.18563,-43825548.375053,-125788594.185733,-54293165.80074888,29.15355646645226,-8.431096450368841,-3.598795789295419,2026-04-07T16:42:12.814331
2461138.197476852, A.D. 2026-Apr-07 16:44:22.0000,69.18563,-43823799.15722901,-125789100.0415503,-54293381.72419391,29.15367491822204,-8.430755637160898,-3.598648710167343,2026-04-07T16:43:12.814408
2461138.198171296, A.D. 2026-Apr-07 16:45:22.0000,69.18563,-43822049.93229607,-125789605.8769222,-54293597.63880783,29.1537934313406,-8.430414931861398,-3.598501420845457,2026-04-07T16:44:12.814364
2461138.198865741, A.D. 2026-Apr-07 16:46:22.0000,69.18563,-43820300.70025421,-125790111.6918536,-54293813.5445783,29.15391199538091,-8.430074317003504,-3.598353953885134,2026-04-07T16:45:12.814401
2461138.199560185, A.D. 2026-Apr-07 16:47:22.0000,69.18563,-43818551.46109404,-125790617.4863508,-54294029.44149762,29.15403058725794,-8.429733754157244,-3.598206381471026,2026-04-07T16:46:12.814357
2461138.20025463, A.D. 2026-Apr-07 16:48:22.0000,69.18563,-43816802.21481828,-125791123.2604145,-54294245.32956187,29.1541491757491,-8.42939319080568,-3.598058802449272,2026-04-07T16:47:12.814394
2461138.200949074, A.D. 2026-Apr-07 16:49:22.0000,69.18563,-43815052.96142843,-125791629.0140426,-54294461.20877465,29.15426768718671,-8.429052502204224,-3.597911450687799,2026-04-07T16:48:12.814350
2461138.201643519, A.D. 2026-Apr-07 16:50:22.0000,69.18563,-43813303.70093474,-125792134.7472177,-54294677.07916762,29.15438600368019,-8.4287114877235,-3.59776470130724,2026-04-07T16:49:12.814427
2461138.202337963, A.D. 2026-Apr-07 16:51:22.0000,69.18563,-43811554.43334636,-125792640.4599299,-54294892.94075736,29.15450429738812,-8.42837044387033,-3.597618005974215,2026-04-07T16:50:12.814383
2461138.203032407, A.D. 2026-Apr-07 16:52:22.0000,69.18563,-43809805.15865673,-125793146.152181,-54295108.79354471,29.15462260184833,-8.428029429045676,-3.597471258729969,2026-04-07T16:51:12.814339
2461138.203726852, A.D. 2026-Apr-07 16:53:22.0000,69.18563,-43808055.87686782,-125793651.8239734,-54295324.63752341,29.15474094559965,-8.427688491654603,-3.597324370470721,2026-04-07T16:52:12.814376
2461138.204421296, A.D. 2026-Apr-07 16:54:22.0000,69.18563,-43806306.58797656,-125794157.4753125,-54295540.47268305,29.15485934667947,-8.42734766201375,-3.597177285185019,2026-04-07T16:53:12.814332
2461138.205115741, A.D. 2026-Apr-07 16:55:22.0000,69.18563,-43804557.29197938,-125794663.1062054,-54295756.29901123,29.15497780978973,-8.427006946998361,-3.597029990136215,2026-04-07T16:54:12.814409
2461138.205810185, A.D. 2026-Apr-07 16:56:22.0000,69.18563,-43802807.98887622,-125795168.7166575,-54295972.1164957,29.15509632533427,-8.426666328056642,-3.596882517947753,2026-04-07T16:55:12.814365
2461138.206504629, A.D. 2026-Apr-07 16:57:22.0000,69.18563,-43801058.67865762,-125795674.3066752,-54296187.92512865,29.15521487101851,-8.426325765338484,-3.596734940916257,2026-04-07T16:56:12.814322
2461138.207199074, A.D. 2026-Apr-07 16:58:22.0000,69.18563,-43799309.36132612,-125796179.8762597,-54296403.7249063,29.15533341610162,-8.425985204511214,-3.596587357944884,2026-04-07T16:57:12.814358
2461138.207893519, A.D. 2026-Apr-07 16:59:22.0000,69.18563,-43797560.03688303,-125796685.4254084,-54296619.5158323,29.15545188792678,-8.425644516937345,-3.596440003846883,2026-04-07T16:58:12.814435
2461138.208587963, A.D. 2026-Apr-07 17:00:22.0000,69.18563,-43795810.70533829,-125797190.9541043,-54296835.29793841,29.15557017022316,-8.425303496983597,-3.596293255304359,2026-04-07T16:59:12.814391
2461138.209282408, A.D. 2026-Apr-07 17:01:22.0000,69.18563,-43794061.36670091,-125797696.4623366,-54297051.07124134,29.15568843006575,-8.424962445020359,-3.596146560222612,2026-04-07T17:00:12.814428
2461138.209976852, A.D. 2026-Apr-07 17:02:22.0000,69.18563,-43792312.02096435,-125798201.9501074,-54297266.83574189,29.15580669899904,-8.42462141888543,-3.595999811633986,2026-04-07T17:01:12.814384
2461138.210671296, A.D. 2026-Apr-07 17:03:22.0000,69.18563,-43790562.66813068,-125798707.4174186,-54297482.59143361,29.15592500360586,-8.424280467741688,-3.595852919699288,2026-04-07T17:02:12.814340
2461138.211365741, A.D. 2026-Apr-07 17:04:22.0000,69.18563,-43788813.30819723,-125799212.8642758,-54297698.338306,29.1560433606818,-8.423939622164875,-3.595705828154683,2026-04-07T17:03:12.814417
2461138.212060185, A.D. 2026-Apr-07 17:05:22.0000,69.18563,-43787063.94116062,-125799718.2906857,-54297914.07634646,29.15616177414193,-8.423598889539912,-3.595558524316753,2026-04-07T17:04:12.814373
2461138.21275463, A.D. 2026-Apr-07 17:06:22.0000,69.18563,-43785314.56702122,-125800223.6966536,-54298129.80554263,29.15628023430989,-8.423258252343569,-3.595411041419504,2026-04-07T17:05:12.814410
2461138.213449074, A.D. 2026-Apr-07 17:07:22.0000,69.18563,-43783565.18576983,-125800729.0821862,-54298345.52588659,29.15639871975296,-8.422917670839793,-3.595263452646861,2026-04-07T17:06:12.814366
2461138.214143518, A.D. 2026-Apr-07 17:08:22.0000,69.18563,-43781815.79740927,-125801234.4472842,-54298561.23737455,29.15651720102366,-8.422577091142417,-3.59511585804612,2026-04-07T17:07:12.814322
2461138.214837963, A.D. 2026-Apr-07 17:09:22.0000,69.18563,-43780066.40194102,-125801739.7919456,-54298776.94001018,29.15663560749295,-8.422236385018655,-3.594968494788393,2026-04-07T17:08:12.814399
2461138.215532408, A.D. 2026-Apr-07 17:10:22.0000,69.18563,-43778316.99937499,-125802245.1161528,-54298992.63382563,29.15675382541084,-8.421895346644554,-3.59482174296514,2026-04-07T17:09:12.814436
2461138.216226852, A.D. 2026-Apr-07 17:11:22.0000,69.18563,-43776567.58972014,-125802750.4198956,-54299208.31883769,29.15687202351987,-8.421554277033668,-3.59467504546387,2026-04-07T17:10:12.814392
2461138.216921296, A.D. 2026-Apr-07 17:12:22.0000,69.18563,-43774818.17296969,-125803255.7031756,-54299423.99504726,29.15699023479935,-8.421213234734148,-3.594528294369966,2026-04-07T17:11:12.814348
2461138.217615741, A.D. 2026-Apr-07 17:13:22.0000,69.18563,-43773068.74912544,-125803760.9659952,-54299639.66244778,29.15710848691677,-8.420872268460458,-3.594381398856577,2026-04-07T17:12:12.814385
2461138.218310185, A.D. 2026-Apr-07 17:14:22.0000,69.18563,-43771319.31818438,-125804266.20836,-54299855.32102873,29.15722679688627,-8.420531409283155,-3.594234302080645,2026-04-07T17:13:12.814341
2461138.21900463, A.D. 2026-Apr-07 17:15:22.0000,69.18563,-43769569.88014287,-125804771.4302766,-54300070.97077738,29.15734516832751,-8.420190663909938,-3.594086991132718,2026-04-07T17:14:12.814418
2461138.219699074, A.D. 2026-Apr-07 17:16:22.0000,69.18563,-43767820.4350009,-125805276.6317505,-54300286.61168125,29.1574635905642,-8.419850014486316,-3.593939499437981,2026-04-07T17:15:12.814374
2461138.220393518, A.D. 2026-Apr-07 17:17:22.0000,69.18563,-43766070.98274919,-125805781.8127884,-54300502.24373238,29.15758204070259,-8.419509421281703,-3.593791900816691,2026-04-07T17:16:12.814330
2461138.221087963, A.D. 2026-Apr-07 17:18:22.0000,69.18563,-43764321.52339038,-125806286.9733909,-54300717.86692684,29.15770048751585,-8.419168829760663,-3.593644296183989,2026-04-07T17:17:12.814367
2461138.221782407, A.D. 2026-Apr-07 17:19:22.0000,69.18563,-43762572.05692594,-125806792.1135562,-54300933.48126847,29.15781885749731,-8.418828111210983,-3.593496924786086,2026-04-07T17:18:12.814323
2461138.222476852, A.D. 2026-Apr-07 17:20:22.0000,69.18563,-43760822.58336618,-125807297.2332665,-54301149.08678956,29.15793703275843,-8.41848705926165,-3.593350170288597,2026-04-07T17:19:12.814400
2461138.223171297, A.D. 2026-Apr-07 17:21:22.0000,69.18563,-43759073.10272016,-125807802.3325115,-54301364.68350718,29.15805518625254,-8.418145975524943,-3.593203470457851,2026-04-07T17:20:12.814437
2461138.223865741, A.D. 2026-Apr-07 17:22:22.0000,69.18563,-43757323.61498128,-125808307.4112929,-54301580.2714221,29.15817335149594,-8.417804918559938,-3.593056716457388,2026-04-07T17:21:12.814393
2461138.224560185, A.D. 2026-Apr-07 17:23:22.0000,69.18563,-43755574.12015142,-125808812.469613,-54301795.8505278,29.15829155651719,-8.417463937218034,-3.59290981675661,2026-04-07T17:22:12.814349
2461138.22525463, A.D. 2026-Apr-07 17:24:22.0000,69.18563,-43753824.61822758,-125809317.5074773,-54302011.42081361,29.15840981881367,-8.417123062767704,-3.592762713992508,2026-04-07T17:23:12.814426
2461138.225949074, A.D. 2026-Apr-07 17:25:22.0000,69.18563,-43752075.10920615,-125809822.5248925,-54302226.98226669,29.15852814206262,-8.416782302396191,-3.592615395328575,2026-04-07T17:24:12.814382
2461138.226643519, A.D. 2026-Apr-07 17:26:22.0000,69.18563,-43750325.59308719,-125810327.5218641,-54302442.5348745,29.15864651566284,-8.416441638299887,-3.592467894553887,2026-04-07T17:25:12.814419
2461138.227337963, A.D. 2026-Apr-07 17:27:22.0000,69.18563,-43748576.06986139,-125810832.4983989,-54302658.07862901,29.15876491629816,-8.416101030882388,-3.592320286223551,2026-04-07T17:26:12.814375
2461138.228032407, A.D. 2026-Apr-07 17:28:22.0000,69.18563,-43746826.53953153,-125811337.4544976,-54302873.61352627,29.15888331245822,-8.415760425814005,-3.592172672215388,2026-04-07T17:27:12.814331
2461138.228726852, A.D. 2026-Apr-07 17:29:22.0000,69.18563,-43745077.00209913,-125811842.3901581,-54303089.13957014,29.15900162939184,-8.41541969430791,-3.592025293961116,2026-04-07T17:28:12.814408
2461138.229421296, A.D. 2026-Apr-07 17:30:22.0000,69.18563,-43743327.45757473,-125812347.3053629,-54303304.65679334,29.15911974703704,-8.415078629434174,-3.591878538596073,2026-04-07T17:29:12.814364
2461138.230115741, A.D. 2026-Apr-07 17:31:22.0000,69.18563,-43741577.90596757,-125812852.2001016,-54303520.165213,29.1592378425474,-8.414737533416586,-3.591731838657013,2026-04-07T17:30:12.814401
2461138.230810185, A.D. 2026-Apr-07 17:32:22.0000,69.18563,-43739828.34727101,-125813357.074376,-54303735.66482995,29.15935595081626,-8.414396464470407,-3.591585084048383,2026-04-07T17:31:12.814357
2461138.23150463, A.D. 2026-Apr-07 17:33:22.0000,69.18563,-43738078.78148679,-125813861.9281884,-54303951.15563762,29.15947410123466,-8.414055471443644,-3.591438182191166,2026-04-07T17:32:12.814394
2461138.232199074, A.D. 2026-Apr-07 17:34:22.0000,69.18563,-43736329.20861179,-125814366.7615444,-54304166.63762516,29.15959231247894,-8.41371458493147,-3.591291074918311,2026-04-07T17:33:12.814350
2461138.232893519, A.D. 2026-Apr-07 17:35:22.0000,69.18563,-43734579.62864211,-125814871.5744504,-54304382.11077967,29.1597105890349,-8.41337381140167,-3.591143748991307,2026-04-07T17:34:12.814427
2461138.233587963, A.D. 2026-Apr-07 17:36:22.0000,69.18563,-43732830.04157759,-125815376.3669121,-54304597.57508836,29.15982892058256,-8.413033132764179,-3.590996238377396,2026-04-07T17:35:12.814383
2461138.234282407, A.D. 2026-Apr-07 17:37:22.0000,69.18563,-43731080.44740862,-125815881.1389359,-54304813.0305431,29.15994728375642,-8.412692508873773,-3.590848618173639,2026-04-07T17:36:12.814339
2461138.234976852, A.D. 2026-Apr-07 17:38:22.0000,69.18563,-43729330.84613769,-125816385.8905226,-54305028.47713987,29.16006564630693,-8.412351885137365,-3.590700991095278,2026-04-07T17:37:12.814376
2461138.235671296, A.D. 2026-Apr-07 17:39:22.0000,69.18563,-43727581.23776616,-125816890.6216699,-54305243.91488244,29.16018393272399,-8.412011131413434,-3.590553600481924,2026-04-07T17:38:12.814332
2461138.236365741, A.D. 2026-Apr-07 17:40:22.0000,69.18563,-43725831.62230435,-125817395.3323601,-54305459.34380371,29.16030202221415,-8.411670039299311,-3.590406836554392,2026-04-07T17:39:12.814409
2461138.237060185, A.D. 2026-Apr-07 17:41:22.0000,69.18563,-43724081.99976154,-125817900.0225824,-54305674.76392095,29.1604200880129,-8.411328916446173,-3.590260128820668,2026-04-07T17:40:12.814365
2461138.237754629, A.D. 2026-Apr-07 17:42:22.0000,69.18563,-43722332.37013116,-125818404.692339,-54305890.17523507,29.1605381628251,-8.410987823101332,-3.590113367132223,2026-04-07T17:41:12.814322
2461138.238449074, A.D. 2026-Apr-07 17:43:22.0000,69.18563,-43720582.73341535,-125818909.3416322,-54306105.57773945,29.16065627429577,-8.410646809469359,-3.589966458674157,2026-04-07T17:42:12.814358
2461138.239143519, A.D. 2026-Apr-07 17:44:22.0000,69.18563,-43718833.08961124,-125819413.9704677,-54306320.97142338,29.16077444003204,-8.410305907100168,-3.589819345177342,2026-04-07T17:43:12.814435
2461138.239837963, A.D. 2026-Apr-07 17:45:22.0000,69.18563,-43717083.43871543,-125819918.5788527,-54306536.35627388,29.16089266433415,-8.40996512299503,-3.589672013490756,2026-04-07T17:44:12.814391
2461138.240532408, A.D. 2026-Apr-07 17:46:22.0000,69.18563,-43715333.78072807,-125820423.1667928,-54306751.73227824,29.16101093742345,-8.409624438208938,-3.589524497449386,2026-04-07T17:45:12.814428
2461138.241226852, A.D. 2026-Apr-07 17:47:22.0000,69.18563,-43713584.11563995,-125820927.7342947,-54306967.09942832,29.16112923724258,-8.409283811416406,-3.589376872325592,2026-04-07T17:46:12.814384
2461138.241921296, A.D. 2026-Apr-07 17:48:22.0000,69.18563,-43711834.44345374,-125821432.2813594,-54307182.45772018,29.16124753347962,-8.408943186244324,-3.589229241149486,2026-04-07T17:47:12.814340
2461138.242615741, A.D. 2026-Apr-07 17:49:22.0000,69.18563,-43710084.76417095,-125821936.8079847,-54307397.80715761,29.1613657533386,-8.408602429733252,-3.589081848109162,2026-04-07T17:48:12.814417
2461138.243310185, A.D. 2026-Apr-07 17:50:22.0000,69.18563,-43708335.07780178,-125822441.3141523,-54307613.14777372,29.16148377968115,-8.408261329069152,-3.588935085111202,2026-04-07T17:49:12.814373
2461138.24400463, A.D. 2026-Apr-07 17:51:22.0000,69.18563,-43706585.38435531,-125822945.7998517,-54307828.47958583,29.16160178531176,-8.407920195467241,-3.588788377786056,2026-04-07T17:50:12.814410
2461138.244699074, A.D. 2026-Apr-07 17:52:22.0000,69.18563,-43704835.68382479,-125823450.2650845,-54308043.80259481,29.16171980414649,-8.407579088963118,-3.588641614913829,2026-04-07T17:51:12.814366
2461138.245393518, A.D. 2026-Apr-07 17:53:22.0000,69.18563,-43703085.976212,-125823954.7098531,-54308259.11679395,29.16183786423332,-8.407238060496752,-3.588494702873176,2026-04-07T17:52:12.814322
2461138.246087963, A.D. 2026-Apr-07 17:54:22.0000,69.18563,-43701336.2615139,-125824459.1341631,-54308474.42217229,29.16195598327693,-8.40689714193699,-3.58834758321664,2026-04-07T17:53:12.814399
2461138.246782408, A.D. 2026-Apr-07 17:55:22.0000,69.18563,-43699586.53972674,-125824963.5380216,-54308689.71871678,29.16207416508696,-8.406556340961256,-3.588200242683583,2026-04-07T17:54:12.814436
2461138.247476852, A.D. 2026-Apr-07 17:56:22.0000,69.18563,-43697836.81085049,-125825467.9214341,-54308905.00641453,29.16219239901367,-8.406215639229902,-3.58805271588903,2026-04-07T17:55:12.814392
2461138.248171296, A.D. 2026-Apr-07 17:57:22.0000,69.18563,-43696087.07487573,-125825972.2844076,-54309120.28525732,29.16231066184084,-8.405874995949592,-3.587905078945666,2026-04-07T17:56:12.814348
2461138.248865741, A.D. 2026-Apr-07 17:58:22.0000,69.18563,-43694337.3318051,-125826476.6269427,-54309335.55524117,29.16242892193228,-8.405534354991978,-3.587757435947248,2026-04-07T17:57:12.814385
2461138.249560185, A.D. 2026-Apr-07 17:59:22.0000,69.18563,-43692587.58164007,-125826980.9490375,-54309550.81636994,29.16254710454767,-8.405193583628668,-3.587610033638307,2026-04-07T17:58:12.814341
2461138.25025463, A.D. 2026-Apr-07 18:00:22.0000,69.18563,-43690837.82439102,-125827485.2506739,-54309766.06867701,29.16266509001335,-8.404852469089867,-3.587463267555784,2026-04-07T17:59:12.814418
2461138.250949074, A.D. 2026-Apr-07 18:01:22.0000,69.18563,-43689088.06006716,-125827989.5318411,-54309981.31217999,29.16278305331926,-8.404511321760149,-3.587316557961278,2026-04-07T18:00:12.814374
2461138.251643518, A.D. 2026-Apr-07 18:02:22.0000,69.18563,-43687338.28866184,-125828493.792541,-54310196.54687966,29.16290102809231,-8.404170201685101,-3.58716979243405,2026-04-07T18:01:12.814330
2461138.252337963, A.D. 2026-Apr-07 18:03:22.0000,69.18563,-43685588.51017694,-125828998.0327758,-54310411.77276928,29.16301904264645,-8.403829159479491,-3.587022876654209,2026-04-07T18:02:12.814367
2461138.253032407, A.D. 2026-Apr-07 18:04:22.0000,69.18563,-43683838.72460949,-125829502.2525513,-54310626.98983788,29.16313711462833,-8.403488226801654,-3.586875751381211,2026-04-07T18:03:12.814323
2461138.253726852, A.D. 2026-Apr-07 18:05:22.0000,69.18563,-43682088.93195587,-125830006.4518743,-54310842.19807219,29.16325524784791,-8.403147411229954,-3.586728403403032,2026-04-07T18:04:12.814400
2461138.254421297, A.D. 2026-Apr-07 18:06:22.0000,69.18563,-43680339.13221613,-125830510.6307505,-54311057.39745928,29.16337343171693,-8.402806694499036,-3.586580867565254,2026-04-07T18:05:12.814437
2461138.255115741, A.D. 2026-Apr-07 18:07:22.0000,69.18563,-43678589.32538091,-125831014.7891867,-54311272.58799084,29.16349164286817,-8.402466036184416,-3.586433220772672,2026-04-07T18:06:12.814393
2461138.255810185, A.D. 2026-Apr-07 18:08:22.0000,69.18563,-43676839.51145297,-125831518.9271838,-54311487.76966281,29.16360984969997,-8.402125380384103,-3.586285568121206,2026-04-07T18:07:12.814349
2461138.25650463, A.D. 2026-Apr-07 18:09:22.0000,69.18563,-43675089.69043388,-125832023.0447395,-54311702.94247922,29.16372797665203,-8.401784594689996,-3.58613815862913,2026-04-07T18:08:12.814426
2461138.257199074, A.D. 2026-Apr-07 18:10:22.0000,69.18563,-43673339.86233427,-125832527.1418361,-54311918.10647374,29.16384590238287,-8.40144346692591,-3.585991391673265,2026-04-07T18:09:12.814382
2461138.257893519, A.D. 2026-Apr-07 18:11:22.0000,69.18563,-43671590.0271634,-125833031.2184627,-54312133.26166411,29.16396380662811,-8.401102307356055,-3.585844681964121,2026-04-07T18:10:12.814419
2461138.258587963, A.D. 2026-Apr-07 18:12:22.0000,69.18563,-43669840.18491456,-125833535.2746213,-54312348.40805116,29.16408172461547,-8.40076117557595,-3.585697915815805,2026-04-07T18:11:12.814375
2461138.259282407, A.D. 2026-Apr-07 18:13:22.0000,69.18563,-43668090.33558945,-125834039.3103141,-54312563.54562809,29.16419968597831,-8.400420121804725,-3.585550997816401,2026-04-07T18:12:12.814331
2461138.259976852, A.D. 2026-Apr-07 18:14:22.0000,69.18563,-43666340.47918485,-125834543.3255468,-54312778.67438376,29.16431770908113,-8.400079177396076,-3.585403868063193,2026-04-07T18:13:12.814408
2461138.260671296, A.D. 2026-Apr-07 18:15:22.0000,69.18563,-43664590.61569688,-125835047.3203264,-54312993.79430482,29.16443579803493,-8.399738349130143,-3.585256512848709,2026-04-07T18:14:12.814364
2461138.261365741, A.D. 2026-Apr-07 18:16:22.0000,69.18563,-43662840.74512184,-125835551.2946594,-54313208.90537859,29.16455394170655,-8.399397618106809,-3.58510896717475,2026-04-07T18:15:12.814401
2461138.262060185, A.D. 2026-Apr-07 18:17:22.0000,69.18563,-43661090.86746058,-125836055.2485494,-54313424.00759532,29.1646721158205,-8.39905694309346,-3.584961308440975,2026-04-07T18:16:12.814357
2461138.26275463, A.D. 2026-Apr-07 18:18:22.0000,69.18563,-43659340.98270531,-125836559.1820001,-54313639.10095212,29.16479028733853,-8.398716268239008,-3.584813642752645,2026-04-07T18:17:12.814394
2461138.263449074, A.D. 2026-Apr-07 18:19:22.0000,69.18563,-43657591.09086096,-125837063.0950085,-54313854.18545257,29.16490837877866,-8.398375459863017,-3.584666221107524,2026-04-07T18:18:12.814350
2461138.264143519, A.D. 2026-Apr-07 18:20:22.0000,69.18563,-43655841.1919383,-125837566.987556,-54314069.26113053,29.16502626634466,-8.39803430379735,-3.58451944587229,2026-04-07T18:19:12.814427
2461138.264837963, A.D. 2026-Apr-07 18:21:22.0000,69.18563,-43654091.28594331,-125838070.8596329,-54314284.3280043,29.16514412963054,-8.397693116222692,-3.584372728641903,2026-04-07T18:20:12.814383
2461138.265532407, A.D. 2026-Apr-07 18:22:22.0000,69.18563,-43652341.37287983,-125838574.7112381,-54314499.38607349,29.16526200331295,-8.397351958995493,-3.584225955733082,2026-04-07T18:21:12.814339
2461138.266226852, A.D. 2026-Apr-07 18:23:22.0000,69.18563,-43650591.45273937,-125839078.5423771,-54314714.43533257,29.16537991699532,-8.397010883937345,-3.584079031364552,2026-04-07T18:22:12.814376
2461138.266921296, A.D. 2026-Apr-07 18:24:22.0000,69.18563,-43648841.5255224,-125839582.353055,-54314929.47577004,29.16549788953981,-8.396669923343273,-3.58393189551852,2026-04-07T18:23:12.814332
2461138.267615741, A.D. 2026-Apr-07 18:25:22.0000,69.18563,-43647091.59122513,-125840086.1432789,-54315144.50737255,29.16561592599135,-8.396329084444089,-3.583784534454381,2026-04-07T18:24:12.814409
2461138.268310185, A.D. 2026-Apr-07 18:26:22.0000,69.18563,-43645341.64984397,-125840589.9130557,-54315359.53012738,29.16573401652061,-8.395988347925465,-3.583636983211039,2026-04-07T18:25:12.814365
2461138.269004629, A.D. 2026-Apr-07 18:27:22.0000,69.18563,-43643591.70137977,-125841093.6623892,-54315574.54402483,29.16585213835629,-8.395647671258073,-3.583489319364273,2026-04-07T18:26:12.814322
2461138.269699074, A.D. 2026-Apr-07 18:28:22.0000,69.18563,-43641841.74582461,-125841597.3912837,-54315789.54906215,29.16597025972393,-8.395306996519725,-3.58334164920308,2026-04-07T18:27:12.814358
2461138.270393519, A.D. 2026-Apr-07 18:29:22.0000,69.18563,-43640091.78318334,-125842101.0997356,-54316004.54524281,29.16608830539901,-8.394966187075386,-3.583194224605457,2026-04-07T18:28:12.814435
2461138.271087963, A.D. 2026-Apr-07 18:30:22.0000,69.18563,-43638341.81346619,-125842604.7877264,-54316219.53260095,29.16620615477374,-8.394625024350043,-3.583047449786788,2026-04-07T18:29:12.814391
2461138.271782408, A.D. 2026-Apr-07 18:31:22.0000,69.18563,-43636591.83667896,-125843108.4552462,-54316434.51115492,29.16632398141175,-8.394283827659653,-3.582900732491725,2026-04-07T18:30:12.814428
2461138.272476852, A.D. 2026-Apr-07 18:32:22.0000,69.18563,-43634841.85282545,-125843612.1022937,-54316649.48090425,29.16644181815412,-8.393942658917428,-3.582753957987588,2026-04-07T18:31:12.814384
2461138.273171296, A.D. 2026-Apr-07 18:33:22.0000,69.18563,-43633091.86189722,-125844115.7288742,-54316864.44184333,29.16655969256239,-8.393601569952894,-3.582607029921062,2026-04-07T18:32:12.814340
2461138.273865741, A.D. 2026-Apr-07 18:34:22.0000,69.18563,-43631341.86389495,-125844619.3349926,-54317079.3939605,29.16667762188361,-8.39326059387612,-3.582459887909938,2026-04-07T18:33:12.814417
2461138.274560185, A.D. 2026-Apr-07 18:35:22.0000,69.18563,-43629591.85881512,-125845122.9206562,-54317294.33724224,29.16679561023176,-8.392919738061067,-3.582312518237279,2026-04-07T18:34:12.814373
2461138.27525463, A.D. 2026-Apr-07 18:36:22.0000,69.18563,-43627841.84665444,-125845626.4858715,-54317509.27167574,29.16691364733922,-8.392578983734412,-3.582164956557618,2026-04-07T18:35:12.814410
2461138.275949074, A.D. 2026-Apr-07 18:37:22.0000,69.18563,-43626091.82741408,-125846130.0306427,-54317724.19725122,29.16703171091695,-8.39223828900372,-3.582017281311335,2026-04-07T18:36:12.814366
2461138.276643518, A.D. 2026-Apr-07 18:38:22.0000,69.18563,-43624341.80108637,-125846633.5549735,-54317939.11396587,29.16714977025128,-8.3918975962044,-3.581869599779499,2026-04-07T18:37:12.814322
2461138.277337963, A.D. 2026-Apr-07 18:39:22.0000,69.18563,-43622591.76767635,-125847137.0588607,-54318154.02182322,29.16726775181393,-8.391556768792952,-3.581722166165352,2026-04-07T18:38:12.814399
2461138.278032408, A.D. 2026-Apr-07 18:40:22.0000,69.18563,-43620841.72719434,-125847640.5422858,-54318368.92085772,29.16738553727698,-8.39121558783212,-3.581575388122452,2026-04-07T18:39:12.814436
2461138.278726852, A.D. 2026-Apr-07 18:41:22.0000,69.18563,-43619091.67964595,-125848144.0052387,-54318583.81108786,29.16750330223645,-8.390874373729186,-3.58142866838221,2026-04-07T18:40:12.814392
2461138.279421296, A.D. 2026-Apr-07 18:42:22.0000,69.18563,-43617341.62503145,-125848647.4477194,-54318798.69251365,29.16762108109979,-8.390533188700939,-3.581281891336648,2026-04-07T18:41:12.814348
2461138.280115741, A.D. 2026-Apr-07 18:43:22.0000,69.18563,-43615591.56335252,-125849150.8697301,-54319013.56512815,29.16773890251866,-8.39019208482007,-3.58113495960376,2026-04-07T18:42:12.814385
2461138.280810185, A.D. 2026-Apr-07 18:44:22.0000,69.18563,-43613841.49459904,-125849654.271279,-54319228.42892091,29.167856784378,-8.38985109482027,-3.580987812312526,2026-04-07T18:43:12.814341
2461138.28150463, A.D. 2026-Apr-07 18:45:22.0000,69.18563,-43612091.41877074,-125850157.652372,-54319443.28387786,29.1679747303739,-8.38951022615197,-3.580840435542145,2026-04-07T18:44:12.814418
2461138.282199074, A.D. 2026-Apr-07 18:46:22.0000,69.18563,-43610341.33586396,-125850661.0130162,-54319658.12998613,29.16809272944552,-8.389169459733413,-3.580692865114882,2026-04-07T18:45:12.814374
2461138.282893518, A.D. 2026-Apr-07 18:47:22.0000,69.18563,-43608591.24587623,-125851164.3532165,-54319872.96723619,29.16821075779706,-8.388828753278442,-3.580545180099669,2026-04-07T18:46:12.814330
2461138.283587963, A.D. 2026-Apr-07 18:48:22.0000,69.18563,-43606841.14881019,-125851667.6729736,-54320087.795624,29.16832878293344,-8.388488048692421,-3.580397488646073,2026-04-07T18:47:12.814367
2461138.284282407, A.D. 2026-Apr-07 18:49:22.0000,69.18563,-43605091.04466041,-125852170.9722876,-54320302.61515436,29.16844672832523,-8.388147208934848,-3.580250047058134,2026-04-07T18:48:12.814323
2461138.284976852, A.D. 2026-Apr-07 18:50:22.0000,69.18563,-43603340.93344102,-125852674.2511386,-54320517.42586159,29.16856447131495,-8.387806014327763,-3.580103266431123,2026-04-07T18:49:12.814400
2461138.285671297, A.D. 2026-Apr-07 18:51:22.0000,69.18563,-43601590.81515788,-125853177.5095166,-54320732.22776432,29.1686821918309,-8.387464786094629,-3.579956544479335,2026-04-07T18:50:12.814437
2461138.286365741, A.D. 2026-Apr-07 18:52:22.0000,69.18563,-43599840.68981134,-125853680.7474214,-54320947.02086254,29.16879992471156,-8.387123586251533,-3.579809764606775,2026-04-07T18:51:12.814393
2461138.287060185, A.D. 2026-Apr-07 18:53:22.0000,69.18563,-43598090.55740316,-125854183.9648554,-54321161.80514929,29.16891769916417,-8.386782467172374,-3.579662828677043,2026-04-07T18:52:12.814349
2461138.28775463, A.D. 2026-Apr-07 18:54:22.0000,69.18563,-43596340.41792329,-125854687.1618267,-54321376.58061396,29.169035533311,-8.38644146212784,-3.579515675424878,2026-04-07T18:53:12.814426
2461138.288449074, A.D. 2026-Apr-07 18:55:22.0000,69.18563,-43594590.27137147,-125855190.3383412,-54321591.34724246,29.16915343107623,-8.386100578395428,-3.579368290940249,2026-04-07T18:54:12.814382
2461138.289143519, A.D. 2026-Apr-07 18:56:22.0000,69.18563,-43592840.11774407,-125855693.494406,-54321806.10502171,29.16927138138555,-8.38575979746188,-3.579220711420051,2026-04-07T18:55:12.814419
2461138.289837963, A.D. 2026-Apr-07 18:57:22.0000,69.18563,-43591089.95703867,-125856196.630026,-54322020.85394224,29.16938936006593,-8.385419076942705,-3.57907301670353,2026-04-07T18:56:12.814375
2461138.290532407, A.D. 2026-Apr-07 18:58:22.0000,69.18563,-43589339.78925798,-125856699.745202,-54322235.59399989,29.16950733436141,-8.385078358996042,-3.578925315788133,2026-04-07T18:57:12.814331
2461138.291226852, A.D. 2026-Apr-07 18:59:22.0000,69.18563,-43587589.61439665,-125857202.8399341,-54322450.32519962,29.16962522650313,-8.384737506601702,-3.578777867336463,2026-04-07T18:58:12.814408
2461138.291921296, A.D. 2026-Apr-07 19:00:22.0000,69.18563,-43585839.43246906,-125857705.9142025,-54322665.04757597,29.16974291187645,-8.384396299379729,-3.57863108574695,2026-04-07T18:59:12.814364
2461138.292615741, A.D. 2026-Apr-07 19:01:22.0000,69.18563,-43584089.24348122,-125858208.9679971,-54322879.76114782,29.1698605743276,-8.384055059037555,-3.578484363569198,2026-04-07T19:00:12.814401
2461138.293310185, A.D. 2026-Apr-07 19:02:22.0000,69.18563,-43582339.04743338,-125858712.0013179,-54323094.46591513,29.16997825007657,-8.38371384760698,-3.578337583031384,2026-04-07T19:01:12.814357
2461138.29400463, A.D. 2026-Apr-07 19:03:22.0000,69.18563,-43580588.84432383,-125859215.0141682,-54323309.16187129,29.17009596965194,-8.38337271695548,-3.578190644962632,2026-04-07T19:02:12.814394
2461138.294699074, A.D. 2026-Apr-07 19:04:22.0000,69.18563,-43578838.63415275,-125859718.0065529,-54323523.84900436,29.17021375242952,-8.383031699625501,-3.578043487236343,2026-04-07T19:03:12.814350
2461138.295393519, A.D. 2026-Apr-07 19:05:22.0000,69.18563,-43577088.41690914,-125860220.9784812,-54323738.52730131,29.17033160319565,-8.382690802768307,-3.577896095596198,2026-04-07T19:04:12.814427
2461138.296087963, A.D. 2026-Apr-07 19:06:22.0000,69.18563,-43575338.19259271,-125860723.9299589,-54323953.19674852,29.17044951130919,-8.382350007078376,-3.577748506293047,2026-04-07T19:05:12.814383
2461138.296782407, A.D. 2026-Apr-07 19:07:22.0000,69.18563,-43573587.96120062,-125861226.8609909,-54324167.85733634,29.17056745261761,-8.382009269890943,-3.577600799730195,2026-04-07T19:06:12.814339
2461138.297476852, A.D. 2026-Apr-07 19:08:22.0000,69.18563,-43571837.72273187,-125861729.7715789,-54324382.50906098,29.17068539369886,-8.38166853317518,-3.577453085902887,2026-04-07T19:07:12.814376
2461138.298171296, A.D. 2026-Apr-07 19:09:22.0000,69.18563,-43570087.47719133,-125862232.6617197,-54324597.15192604,29.17080325633029,-8.381327658651765,-3.57730562516119,2026-04-07T19:08:12.814332
2461138.298865741, A.D. 2026-Apr-07 19:10:22.0000,69.18563,-43568337.22458269,-125862735.5313963,-54324811.78596755,29.17092091546434,-8.380986424692843,-3.577158834936886,2026-04-07T19:09:12.814409
2461138.299560185, A.D. 2026-Apr-07 19:11:22.0000,69.18563,-43566586.9649154,-125863238.3805975,-54325026.41120405,29.17103855014321,-8.380645158174334,-3.577012104948695,2026-04-07T19:10:12.814365
2461138.300254629, A.D. 2026-Apr-07 19:12:22.0000,69.18563,-43564836.69818993,-125863741.2093234,-54325241.0276356,29.17115619413849,-8.380303922789352,-3.576865317251321,2026-04-07T19:11:12.814322
2461138.300949074, A.D. 2026-Apr-07 19:13:22.0000,69.18563,-43563086.42440479,-125864244.0175775,-54325455.63525559,29.17127387596128,-8.379962771936546,-3.576718372561665,2026-04-07T19:12:12.814358
2461138.301643519, A.D. 2026-Apr-07 19:14:22.0000,69.18563,-43561336.14355712,-125864746.8053659,-54325670.23405249,29.17139161372776,-8.379621739134466,-3.576571208661156,2026-04-07T19:13:12.814435
2461138.302337963, A.D. 2026-Apr-07 19:15:22.0000,69.18563,-43559585.85564685,-125865249.5726952,-54325884.82401209,29.17150941193709,-8.37928083165157,-3.57642381119082,2026-04-07T19:14:12.814391
2461138.303032408, A.D. 2026-Apr-07 19:16:22.0000,69.18563,-43557835.56066357,-125865752.3195743,-54326099.40512203,29.17162726045483,-8.378940029573394,-3.576276216572498,2026-04-07T19:15:12.814428
2461138.303726852, A.D. 2026-Apr-07 19:17:22.0000,69.18563,-43556085.25860845,-125866255.0460074,-54326313.97737229,29.17174513651791,-8.378599288957329,-3.57612850526426,2026-04-07T19:16:12.814384
2461138.304421296, A.D. 2026-Apr-07 19:18:22.0000,69.18563,-43554334.94948068,-125866757.7519964,-54326528.54075909,29.17186300888562,-8.378258550257618,-3.575980787404346,2026-04-07T19:17:12.814340
2461138.305115741, A.D. 2026-Apr-07 19:19:22.0000,69.18563,-43552584.63328181,-125867260.437539,-54326743.09528654,29.17198080227588,-8.37791767229588,-3.5758333243024,2026-04-07T19:18:12.814417
2461138.305810185, A.D. 2026-Apr-07 19:20:22.0000,69.18563,-43550834.31002586,-125867763.102615,-54326957.64098954,29.172098395474,-8.377576429147025,-3.575686535098658,2026-04-07T19:19:12.814373
2461138.30650463, A.D. 2026-Apr-07 19:21:22.0000,69.18563,-43549083.97971163,-125868265.7472162,-54327172.17788804,29.17221596784804,-8.37723515118068,-3.575539805565789,2026-04-07T19:20:12.814410
2461138.307199074, A.D. 2026-Apr-07 19:22:22.0000,69.18563,-43547333.64234279,-125868768.3713411,-54327386.70598155,29.17233355437185,-8.376893902313828,-3.575393016673163,2026-04-07T19:21:12.814366
2461138.307893518, A.D. 2026-Apr-07 19:23:22.0000,69.18563,-43545583.2979176,-125869270.9749934,-54327601.22526335,29.17245118434169,-8.376552736511178,-3.575246068517337,2026-04-07T19:22:12.814322
2461138.308587963, A.D. 2026-Apr-07 19:24:22.0000,69.18563,-43543832.94643281,-125869773.5581791,-54327815.73572181,29.17256887585395,-8.376211687769574,-3.575098898374566,2026-04-07T19:23:12.814399
2461138.309282408, A.D. 2026-Apr-07 19:25:22.0000,69.18563,-43542082.58788802,-125870276.1209047,-54328030.23734248,29.17268663269611,-8.375870763817307,-3.574951492157499,2026-04-07T19:24:12.814436
2461138.309976852, A.D. 2026-Apr-07 19:26:22.0000,69.18563,-43540332.22227263,-125870778.6631791,-54328244.73011293,29.17280444372264,-8.375529945325798,-3.574803886758078,2026-04-07T19:25:12.814392
2461138.310671296, A.D. 2026-Apr-07 19:27:22.0000,69.18563,-43538581.84958751,-125871281.1850066,-54328459.214023,29.17292228455679,-8.375189188752476,-3.574656163615245,2026-04-07T19:26:12.814348
2461138.311365741, A.D. 2026-Apr-07 19:28:22.0000,69.18563,-43536831.46983187,-125871783.686389,-54328673.68906888,29.17304012228357,-8.374848434784445,-3.574508433964725,2026-04-07T19:27:12.814385
2461138.312060185, A.D. 2026-Apr-07 19:29:22.0000,69.18563,-43535081.08300722,-125872286.1673242,-54328888.15525475,29.17315787897748,-8.374507541998948,-3.574360961551781,2026-04-07T19:28:12.814341
2461138.31275463, A.D. 2026-Apr-07 19:30:22.0000,69.18563,-43533330.6891244,-125872788.6277928,-54329102.61261631,29.17327542999032,-8.374166284501946,-3.574214169253188,2026-04-07T19:29:12.814418
2461138.313449074, A.D. 2026-Apr-07 19:31:22.0000,69.18563,-43531580.28819288,-125873291.0677837,-54329317.06117231,29.17339295810342,-8.373824992365199,-3.574067437369112,2026-04-07T19:30:12.814374
2461138.314143518, A.D. 2026-Apr-07 19:32:22.0000,69.18563,-43529829.88020597,-125873793.4872987,-54329531.5009236,29.17351049873369,-8.373483729494348,-3.573920645941937,2026-04-07T19:31:12.814330
2461138.314837963, A.D. 2026-Apr-07 19:33:22.0000,69.18563,-43528079.46516547,-125874295.88634,-54329745.93186302,29.17362808156943,-8.3731425493911,-3.573773693930616,2026-04-07T19:32:12.814367
2461138.315532407, A.D. 2026-Apr-07 19:34:22.0000,69.18563,-43526329.04306826,-125874798.264914,-54329960.3539788,29.17374572513074,-8.372801486180999,-3.573626518235834,2026-04-07T19:33:12.814323
2461138.316226852, A.D. 2026-Apr-07 19:35:22.0000,69.18563,-43524578.61391044,-125875300.6230279,-54330174.7672568,29.1738634334529,-8.372460547643842,-3.57347910458133,2026-04-07T19:34:12.814400
2461138.316921297, A.D. 2026-Apr-07 19:36:22.0000,69.18563,-43522828.17769191,-125875802.9606878,-54330389.17168326,29.17398119531136,-8.372119714620458,-3.573331490237389,2026-04-07T19:35:12.814437
2461138.317615741, A.D. 2026-Apr-07 19:37:22.0000,69.18563,-43521077.73440315,-125876305.2779009,-54330603.56724922,29.17409898634976,-8.371778943765285,-3.573183757294074,2026-04-07T19:36:12.814393
2461138.318310185, A.D. 2026-Apr-07 19:38:22.0000,69.18563,-43519327.2840469,-125876807.5746682,-54330817.9539504,29.17421677334016,-8.371438175691587,-3.573036018028127,2026-04-07T19:37:12.814349
2461138.31900463, A.D. 2026-Apr-07 19:39:22.0000,69.18563,-43517576.8266247,-125877309.8509872,-54331032.33179102,29.17433447725148,-8.371097269702569,-3.572888538505477,2026-04-07T19:38:12.814426
2461138.319699074, A.D. 2026-Apr-07 19:40:22.0000,69.18563,-43515826.36214766,-125877812.1068391,-54331246.7008071,29.17445197118456,-8.370756000149562,-3.57274174535526,2026-04-07T19:39:12.814382
2461138.320393519, A.D. 2026-Apr-07 19:41:22.0000,69.18563,-43514075.89062186,-125878314.3422135,-54331461.06101805,29.17456944246461,-8.370414696570702,-3.572595013318777,2026-04-07T19:40:12.814419
2461138.321087963, A.D. 2026-Apr-07 19:42:22.0000,69.18563,-43512325.412051,-125878816.5571093,-54331675.4124234,29.17468692774342,-8.370073422602216,-3.572448221192954,2026-04-07T19:41:12.814375
2461138.321782407, A.D. 2026-Apr-07 19:43:22.0000,69.18563,-43510574.92642634,-125879318.7515318,-54331889.75501724,29.1748044578378,-8.369732231352243,-3.572301267039892,2026-04-07T19:42:12.814331
2461138.322476852, A.D. 2026-Apr-07 19:44:22.0000,69.18563,-43508824.43374798,-125879820.9254862,-54332104.08878723,29.17492205209602,-8.369391156326364,-3.572154086870073,2026-04-07T19:43:12.814408
2461138.323171296, A.D. 2026-Apr-07 19:45:22.0000,69.18563,-43507073.93401191,-125880323.0789799,-54332318.41371913,29.17503971488033,-8.369050204720212,-3.572006666028468,2026-04-07T19:44:12.814364
2461138.323865741, A.D. 2026-Apr-07 19:46:22.0000,69.18563,-43505323.42721425,-125880825.2120197,-54332532.72979937,29.17515743488161,-8.368709356706917,-3.571859041839069,2026-04-07T19:45:12.814401
2461138.324560185, A.D. 2026-Apr-07 19:47:22.0000,69.18563,-43503572.91335577,-125881327.3246097,-54332747.03701761,29.17527518707711,-8.368368568657662,-3.571711297050326,2026-04-07T19:46:12.814357
2461138.32525463, A.D. 2026-Apr-07 19:48:22.0000,69.18563,-43501822.39242851,-125881829.4167537,-54332961.33537073,29.17539293717335,-8.368027780959235,-3.571563544789067,2026-04-07T19:47:12.814394
2461138.325949074, A.D. 2026-Apr-07 19:49:22.0000,69.18563,-43500071.86443754,-125882331.4884484,-54333175.62486251,29.17551060486114,-8.367686851968013,-3.571416053144924,2026-04-07T19:48:12.814350
2461138.326643519, A.D. 2026-Apr-07 19:50:22.0000,69.18563,-43498321.32939392,-125882833.5396742,-54333389.90552918,29.17562806183496,-8.367345554345519,-3.571269251654818,2026-04-07T19:49:12.814427
2461138.327337963, A.D. 2026-Apr-07 19:51:22.0000,69.18563,-43496570.78730381,-125883335.570421,-54333604.17739022,29.17574549388898,-8.367004223388522,-3.571122512120509,2026-04-07T19:50:12.814383
2461138.328032407, A.D. 2026-Apr-07 19:52:22.0000,69.18563,-43494820.23816759,-125883837.5806884,-54333818.44044568,29.17586293680765,-8.366662924494644,-3.570975713179642,2026-04-07T19:51:12.814339
2461138.328726852, A.D. 2026-Apr-07 19:53:22.0000,69.18563,-43493069.68198719,-125884339.5704793,-54334032.69468839,29.17598042099403,-8.366321712640241,-3.570828752654368,2026-04-07T19:52:12.814376
2461138.329421296, A.D. 2026-Apr-07 19:54:22.0000,69.18563,-43491319.11875248,-125884841.539802,-54334246.94010729,29.17609796580793,-8.36598062184509,-3.570681566406254,2026-04-07T19:53:12.814332
2461138.330115741, A.D. 2026-Apr-07 19:55:22.0000,69.18563,-43489568.54846312,-125885343.4886631,-54334461.17668775,29.1762155763618,-8.365639659952485,-3.570534139762406,2026-04-07T19:54:12.814409
2461138.330810185, A.D. 2026-Apr-07 19:56:22.0000,69.18563,-43487817.97111534,-125885845.41707,-54334675.40441621,29.17633324246953,-8.365298806287369,-3.570386510096926,2026-04-07T19:55:12.814365
2461138.331504629, A.D. 2026-Apr-07 19:57:22.0000,69.18563,-43486067.3867065,-125886347.3250277,-54334889.62328275,29.17645094043545,-8.364958015927424,-3.570238760227885,2026-04-07T19:56:12.814322
2461138.332199074, A.D. 2026-Apr-07 19:58:22.0000,69.18563,-43484316.79523911,-125886849.2125375,-54335103.83328306,29.17656863750597,-8.36461722756156,-3.570091003584611,2026-04-07T19:57:12.814358
2461138.332893519, A.D. 2026-Apr-07 19:59:22.0000,69.18563,-43482566.19670761,-125887351.0795988,-54335318.03442223,29.17668625572436,-8.364276296343888,-3.56994350904128,2026-04-07T19:58:12.814435
2461138.333587963, A.D. 2026-Apr-07 20:00:22.0000,69.18563,-43480815.59112619,-125887852.926191,-54335532.22673623,29.17680367015513,-8.36393499069234,-3.569796707922813,2026-04-07T19:59:12.814391
2461138.334282408, A.D. 2026-Apr-07 20:01:22.0000,69.18563,-43479064.97850075,-125888354.7523035,-54335746.41024461,29.17692106158627,-8.36359364928339,-3.569649968313566,2026-04-07T20:00:12.814428
2461138.334976852, A.D. 2026-Apr-07 20:02:22.0000,69.18563,-43477314.35883166,-125888856.5579361,-54335960.58494737,29.17703846428034,-8.363252337780484,-3.569503167823251,2026-04-07T20:01:12.814384
2461138.335671296, A.D. 2026-Apr-07 20:03:22.0000,69.18563,-43475563.73211731,-125889358.3430922,-54336174.7508376,29.1771559071567,-8.362911111433199,-3.569356203550449,2026-04-07T20:02:12.814340
2461138.336365741, A.D. 2026-Apr-07 20:04:22.0000,69.18563,-43473813.0983582,-125889860.1077773,-54336388.9079029,29.17727340837295,-8.362570005021542,-3.569209011106938,2026-04-07T20:03:12.814417
2461138.337060185, A.D. 2026-Apr-07 20:05:22.0000,69.18563,-43472062.4575436,-125890361.8520008,-54336603.05612975,29.17739097190853,-8.362229026567274,-3.569061575885161,2026-04-07T20:04:12.814373
2461138.33775463, A.D. 2026-Apr-07 20:06:22.0000,69.18563,-43470311.80967357,-125890863.575769,-54336817.19550402,29.17750858709767,-8.361888156056835,-3.568913935854179,2026-04-07T20:05:12.814410
2461138.338449074, A.D. 2026-Apr-07 20:07:22.0000,69.18563,-43468561.15474565,-125891365.2790872,-54337031.32601574,29.17762623035939,-8.361547348929623,-3.568766174647616,2026-04-07T20:06:12.814366
2461138.339143518, A.D. 2026-Apr-07 20:08:22.0000,69.18563,-43466810.49275906,-125891866.9619573,-54337245.44766095,29.17774386960452,-8.36120654399956,-3.568618406726367,2026-04-07T20:07:12.814322
2461138.339837963, A.D. 2026-Apr-07 20:09:22.0000,69.18563,-43465059.82371887,-125892368.624376,-54337459.56044354,29.17786142792325,-8.36086559630181,-3.568470903225506,2026-04-07T20:08:12.814399
2461138.340532408, A.D. 2026-Apr-07 20:10:22.0000,69.18563,-43463309.14762888,-125892870.2663256,-54337673.66440102,29.17797878182688,-8.360524273594345,-3.568324098916622,2026-04-07T20:09:12.814436
2461138.341226852, A.D. 2026-Apr-07 20:11:22.0000,69.18563,-43461558.4644985,-125893371.8877944,-54337887.75955275,29.17809611397226,-8.360182915710249,-3.568177356876568,2026-04-07T20:10:12.814392
2461138.341921296, A.D. 2026-Apr-07 20:12:22.0000,69.18563,-43459807.77432795,-125893873.4887824,-54338101.8458987,29.17821346018262,-8.359841588454746,-3.568030553797432,2026-04-07T20:11:12.814348
2461138.342615741, A.D. 2026-Apr-07 20:13:22.0000,69.18563,-43458057.07711542,-125894375.0692931,-54338315.92343196,29.17833085044695,-8.359500347195727,-3.567883585896853,2026-04-07T20:12:12.814385
2461138.343310185, A.D. 2026-Apr-07 20:14:22.0000,69.18563,-43456306.37285764,-125894876.6293327,-54338529.99214044,29.17844830339723,-8.359159226727568,-3.567736388207597,2026-04-07T20:13:12.814341
2461138.34400463, A.D. 2026-Apr-07 20:15:22.0000,69.18563,-43454555.66155416,-125895378.1689081,-54338744.05200923,29.17856582308469,-8.358818234895852,-3.567588945927076,2026-04-07T20:14:12.814418
2461138.344699074, A.D. 2026-Apr-07 20:16:22.0000,69.18563,-43452804.94319423,-125895879.6880283,-54338958.10302542,29.17868339831079,-8.358477351675246,-3.567441297203269,2026-04-07T20:15:12.814374
2461138.345393518, A.D. 2026-Apr-07 20:17:22.0000,69.18563,-43451054.21777872,-125896381.1866977,-54339172.14517848,29.17880100441333,-8.358136532240342,-3.567293526257448,2026-04-07T20:16:12.814330
2461138.346087963, A.D. 2026-Apr-07 20:18:22.0000,69.18563,-43449303.48530673,-125896882.6649183,-54339386.17846444,29.17891860787823,-8.357795715051779,-3.567145748400117,2026-04-07T20:17:12.814367
2461138.346782407, A.D. 2026-Apr-07 20:19:22.0000,69.18563,-43447552.7457798,-125897384.1226879,-54339600.20288765,29.17903612932314,-8.357454754995024,-3.566998236967942,2026-04-07T20:18:12.814323
2461138.347476852, A.D. 2026-Apr-07 20:20:22.0000,69.18563,-43445801.99921244,-125897885.5599855,-54339814.21848461,29.17915344177583,-8.3571134192593,-3.566851429970426,2026-04-07T20:19:12.814400
2461138.348171297, A.D. 2026-Apr-07 20:21:22.0000,69.18563,-43444051.24560371,-125898386.9768026,-54340028.22527606,29.17927073118239,-8.35677204796617,-3.566704685586951,2026-04-07T20:20:12.814437
2461138.348865741, A.D. 2026-Apr-07 20:22:22.0000,69.18563,-43442300.48495739,-125898888.3731379,-54340242.22326162,29.17938803334901,-8.356430706790722,-3.566557879600379,2026-04-07T20:21:12.814393
2461138.349560185, A.D. 2026-Apr-07 20:23:22.0000,69.18563,-43440549.71727179,-125899389.7489952,-54340456.21243426,29.17950537833614,-8.356089451243424,-3.566410907545635,2026-04-07T20:22:12.814349
2461138.35025463, A.D. 2026-Apr-07 20:24:22.0000,69.18563,-43438798.94254367,-125899891.1043805,-54340670.19278184,29.17962278474785,-8.355748316100645,-3.566263703925828,2026-04-07T20:23:12.814426
2461138.350949074, A.D. 2026-Apr-07 20:25:22.0000,69.18563,-43437048.16076922,-125900392.4393017,-54340884.16428974,29.17974025657405,-8.355407309426836,-3.566116253989913,2026-04-07T20:24:12.814382
2461138.351643519, A.D. 2026-Apr-07 20:26:22.0000,69.18563,-43435297.37194822,-125900893.7537648,-54341098.12694366,29.17985778220373,-8.355066411294915,-3.565968596221667,2026-04-07T20:25:12.814419
2461138.352337963, A.D. 2026-Apr-07 20:27:22.0000,69.18563,-43433546.57607117,-125901395.0477773,-54341312.08073433,29.17997533686068,-8.354725577068258,-3.565820815667089,2026-04-07T20:26:12.814375
2461138.353032407, A.D. 2026-Apr-07 20:28:22.0000,69.18563,-43431795.7731408,-125901896.3213401,-54341526.02565735,29.18009288663072,-8.35438474548056,-3.565673028557631,2026-04-07T20:27:12.814331
2461138.353726852, A.D. 2026-Apr-07 20:29:22.0000,69.18563,-43430044.96315879,-125902397.5744509,-54341739.96171705,29.18021035117699,-8.354043771207234,-3.565525510268524,2026-04-07T20:28:12.814408
2461138.354421296, A.D. 2026-Apr-07 20:30:22.0000,69.18563,-43428294.14613643,-125902898.80709,-54341953.88895075,29.1803276015917,-8.353702421288293,-3.565378702300057,2026-04-07T20:29:12.814364
2461138.355115741, A.D. 2026-Apr-07 20:31:22.0000,69.18563,-43426543.32207993,-125903400.0192467,-54342167.80737851,29.1804448288349,-8.353361036472371,-3.565231957753324,2026-04-07T20:30:12.814401
2461138.355810185, A.D. 2026-Apr-07 20:32:22.0000,69.18563,-43424792.49099304,-125903901.2109198,-54342381.7169999,29.18056207061398,-8.35301968246183,-3.565085151059349,2026-04-07T20:31:12.814357
2461138.35650463, A.D. 2026-Apr-07 20:33:22.0000,69.18563,-43423041.65286688,-125904402.3821151,-54342595.61780873,29.18067935874822,-8.352678414501822,-3.564938176818565,2026-04-07T20:32:12.814394
2461138.357199074, A.D. 2026-Apr-07 20:34:22.0000,69.18563,-43421290.80770152,-125904903.5328378,-54342809.50979228,29.18079671335769,-8.352337266989407,-3.564790968729921,2026-04-07T20:33:12.814350
2461138.357893519, A.D. 2026-Apr-07 20:35:22.0000,69.18563,-43419539.95549272,-125905404.6630955,-54343023.39293585,29.18091413929858,-8.351996247747856,-3.564643511644341,2026-04-07T20:34:12.814427
2461138.358587963, A.D. 2026-Apr-07 20:36:22.0000,69.18563,-43417789.09623643,-125905905.7728955,-54343237.26722532,29.18103162539036,-8.351655336020233,-3.564495844209735,2026-04-07T20:35:12.814383
2461138.359282407, A.D. 2026-Apr-07 20:37:22.0000,69.18563,-43416038.22993328,-125906406.8622419,-54343451.13265006,29.18114914626922,-8.351314486522144,-3.564348051920396,2026-04-07T20:36:12.814339
2461138.359976852, A.D. 2026-Apr-07 20:38:22.0000,69.18563,-43414287.35657521,-125906907.9311387,-54343664.98920684,29.18126666704232,-8.35097363776885,-3.564200251881034,2026-04-07T20:37:12.814376
2461138.360671296, A.D. 2026-Apr-07 20:39:22.0000,69.18563,-43412536.47616712,-125907408.9795823,-54343878.83689949,29.18138410607893,-8.350632643136832,-3.56405272135026,2026-04-07T20:38:12.814332
2461138.361365741, A.D. 2026-Apr-07 20:40:22.0000,69.18563,-43410785.58872013,-125907910.0075528,-54344092.67576555,29.18150133313063,-8.350291267765277,-3.563905904729378,2026-04-07T20:39:12.814409
2461138.362060185, A.D. 2026-Apr-07 20:41:22.0000,69.18563,-43409034.69424048,-125908411.0150394,-54344306.50582518,29.18161853466121,-8.34994985756658,-3.563759152248514,2026-04-07T20:40:12.814365
2461138.362754629, A.D. 2026-Apr-07 20:42:22.0000,69.18563,-43407283.79272859,-125908912.0020421,-54344520.32707842,29.18173574594141,-8.349608480293151,-3.563612338434199,2026-04-07T20:41:12.814322
2461138.363449074, A.D. 2026-Apr-07 20:43:22.0000,69.18563,-43405532.88418645,-125909412.9685635,-54344734.13951781,29.1818529966354,-8.349267192407865,-3.563465357562502,2026-04-07T20:42:12.814358
2461138.364143519, A.D. 2026-Apr-07 20:44:22.0000,69.18563,-43403781.96860409,-125909913.9146123,-54344947.94313198,29.18197030573434,-8.348926029379578,-3.563318143279406,2026-04-07T20:43:12.814435
2461138.364837963, A.D. 2026-Apr-07 20:45:22.0000,69.18563,-43402031.04598127,-125910414.8401953,-54345161.73790578,29.18208767799646,-8.348584998968201,-3.563170680452286,2026-04-07T20:44:12.814391
2461138.365532408, A.D. 2026-Apr-07 20:46:22.0000,69.18563,-43400280.11631446,-125910915.74532,-54345375.52382519,29.18220510289977,-8.348244080119,-3.563023007738625,2026-04-07T20:45:12.814428
2461138.366226852, A.D. 2026-Apr-07 20:47:22.0000,69.18563,-43398529.17960111,-125911416.6299918,-54345589.30087997,29.18232255691312,-8.347903226623599,-3.562875210773625,2026-04-07T20:46:12.814384
2461138.366921296, A.D. 2026-Apr-07 20:48:22.0000,69.18563,-43396778.23584046,-125911917.4942128,-54345803.0690661,29.18244000741869,-8.347562375287037,-3.562727406829846,2026-04-07T20:47:12.814340
2461138.367615741, A.D. 2026-Apr-07 20:49:22.0000,69.18563,-43395027.28503752,-125912418.3379795,-54346016.82838751,29.18255737615047,-8.34722137682259,-3.562579873988693,2026-04-07T20:48:12.814417
2461138.368310185, A.D. 2026-Apr-07 20:50:22.0000,69.18563,-43393276.32719631,-125912919.1612736,-54346230.57888269,29.18267453696677,-8.346879992054628,-3.562433058364558,2026-04-07T20:49:12.814373
2461138.36900463, A.D. 2026-Apr-07 20:51:22.0000,69.18563,-43391525.36232627,-125913419.9640833,-54346444.32057152,29.18279167626259,-8.346538570593532,-3.562286306259887,2026-04-07T20:50:12.814410
2461138.369699074, A.D. 2026-Apr-07 20:52:22.0000,69.18563,-43389774.39042759,-125913920.7464082,-54346658.05345391,29.18290883031898,-8.346197180028868,-3.562139491251965,2026-04-07T20:51:12.814366
2461138.370393518, A.D. 2026-Apr-07 20:53:22.0000,69.18563,-43388023.41149845,-125914421.5082521,-54346871.77752276,29.18302602947913,-8.345855877395534,-3.561992506812337,2026-04-07T20:52:12.814322
2461138.371087963, A.D. 2026-Apr-07 20:54:22.0000,69.18563,-43386272.42553896,-125914922.2496204,-54347085.49276526,29.18314329257894,-8.345514698559583,-3.561845286375823,2026-04-07T20:53:12.814399
2461138.371782408, A.D. 2026-Apr-07 20:55:22.0000,69.18563,-43384521.43253816,-125915422.970523,-54347299.19916736,29.1832606236684,-8.345173651805528,-3.561697814818538,2026-04-07T20:54:12.814436
2461138.372476852, A.D. 2026-Apr-07 20:56:22.0000,69.18563,-43382770.43249571,-125915923.6709662,-54347512.89671446,29.1833780110601,-8.34483271670958,-3.561550131367161,2026-04-07T20:55:12.814392
2461138.373171296, A.D. 2026-Apr-07 20:57:22.0000,69.18563,-43381019.42540891,-125916424.3509556,-54347726.58539627,29.18349542961462,-8.344491847252527,-3.561402322659418,2026-04-07T20:56:12.814348
2461138.373865741, A.D. 2026-Apr-07 20:58:22.0000,69.18563,-43379268.41127691,-125916925.0104933,-54347940.26520871,29.18361284512784,-8.344150980351195,-3.561254506973278,2026-04-07T20:57:12.814385
2461138.374560185, A.D. 2026-Apr-07 20:59:22.0000,69.18563,-43377517.39010128,-125917425.6495768,-54348153.93615621,29.18373017683026,-8.343809967058528,-3.561106964963847,2026-04-07T20:58:12.814341
2461138.37525463, A.D. 2026-Apr-07 21:00:22.0000,69.18563,-43375766.3618967,-125917926.2681848,-54348367.59827627,29.18384729545143,-8.343468567892671,-3.560960146227238,2026-04-07T20:59:12.814418
2461138.375949074, A.D. 2026-Apr-07 21:01:22.0000,69.18563,-43374015.32666244,-125918426.8663084,-54348581.25159024,29.18396439052351,-8.34312713231259,-3.560813391805417,2026-04-07T21:00:12.814374
2461138.376643518, A.D. 2026-Apr-07 21:02:22.0000,69.18563,-43372264.28440224,-125918927.4439465,-54348794.89609767,29.18408149871328,-8.342785727667739,-3.560666574177092,2026-04-07T21:01:12.814330
2461138.377337963, A.D. 2026-Apr-07 21:03:22.0000,69.18563,-43370513.23511435,-125919428.0011028,-54349008.53179135,29.18419865078901,-8.342444410878233,-3.560519585934693,2026-04-07T21:02:12.814367
2461138.378032407, A.D. 2026-Apr-07 21:04:22.0000,69.18563,-43368762.17879552,-125919928.5377835,-54349222.1586588,29.1843158660362,-8.342103217591886,-3.56037235995798,2026-04-07T21:03:12.814323
2461138.378726852, A.D. 2026-Apr-07 21:05:22.0000,69.18563,-43367011.11544173,-125920429.0539967,-54349435.77668505,29.18443314856852,-8.341762156519017,-3.56022488102027,2026-04-07T21:04:12.814400
2461138.379421297, A.D. 2026-Apr-07 21:06:22.0000,69.18563,-43365260.0450527,-125920929.5497487,-54349649.38585539,29.18455048682414,-8.341421206860302,-3.560077188639633,2026-04-07T21:05:12.814437
2461138.380115741, A.D. 2026-Apr-07 21:07:22.0000,69.18563,-43363508.96761882,-125921430.025047,-54349862.98616031,29.18466785547612,-8.341080323077762,-3.559929370200626,2026-04-07T21:06:12.814393
2461138.380810185, A.D. 2026-Apr-07 21:08:22.0000,69.18563,-43361757.88314274,-125921930.4798927,-54350076.57759528,29.18478522017055,-8.340739442286488,-3.559781544947045,2026-04-07T21:07:12.814349
2461138.38150463, A.D. 2026-Apr-07 21:09:22.0000,69.18563,-43360006.79162613,-125922430.9142833,-54350290.16016475,29.18490249886372,-8.340398415722,-3.55963399579808,2026-04-07T21:08:12.814426
2461138.382199074, A.D. 2026-Apr-07 21:10:22.0000,69.18563,-43358255.69308044,-125922931.3281988,-54350503.73390703,29.18501956001959,-8.340057004544851,-3.559487176127732,2026-04-07T21:09:12.814382
2461138.382893519, A.D. 2026-Apr-07 21:11:22.0000,69.18563,-43356504.58751199,-125923431.7216282,-54350717.29884274,29.18513659796119,-8.339715557564684,-3.559340421482852,2026-04-07T21:10:12.814419
2461138.383587963, A.D. 2026-Apr-07 21:12:22.0000,69.18563,-43354753.47492448,-125923932.0945704,-54350930.85497144,29.18525365067388,-8.339374142019132,-3.559193603147358,2026-04-07T21:11:12.814375
2461138.384282407, A.D. 2026-Apr-07 21:13:22.0000,69.18563,-43353002.35530904,-125924432.4470311,-54351144.40228678,29.18537075014489,-8.339032814043234,-3.559046612734429,2026-04-07T21:12:12.814331
2461138.384976852, A.D. 2026-Apr-07 21:14:22.0000,69.18563,-43351251.22866569,-125924932.7790156,-54351357.94077566,29.18548791629848,-8.338691609170588,-3.558899382241885,2026-04-07T21:13:12.814408
2461138.385671296, A.D. 2026-Apr-07 21:15:22.0000,69.18563,-43349500.09499022,-125925433.0905318,-54351571.470423,29.18560515363412,-8.338350535126263,-3.558751896171971,2026-04-07T21:14:12.814364
2461138.386365741, A.D. 2026-Apr-07 21:16:22.0000,69.18563,-43347748.95427864,-125925933.381587,-54351784.99121435,29.18572245033096,-8.3380095705857,-3.558604194083904,2026-04-07T21:15:12.814401
2461138.387060185, A.D. 2026-Apr-07 21:17:22.0000,69.18563,-43345997.80653156,-125926433.6521855,-54351998.5031388,29.18583978031286,-8.337668669736795,-3.558456363893262,2026-04-07T21:16:12.814357
2461138.38775463, A.D. 2026-Apr-07 21:18:22.0000,69.18563,-43344246.65174107,-125926933.9023313,-54352212.00619293,29.18595710800918,-8.337327769271376,-3.558308525812599,2026-04-07T21:17:12.814394
2461138.388449074, A.D. 2026-Apr-07 21:19:22.0000,69.18563,-43342495.48991226,-125927434.1320208,-54352425.50038083,29.18607434997725,-8.336986719366111,-3.558160964619093,2026-04-07T21:18:12.814350
2461138.389143519, A.D. 2026-Apr-07 21:20:22.0000,69.18563,-43340744.32105661,-125927934.3412336,-54352638.98574095,29.18619137298922,-8.336645279875148,-3.558014136547968,2026-04-07T21:19:12.814427
2461138.389837963, A.D. 2026-Apr-07 21:21:22.0000,69.18563,-43338993.14518055,-125928434.5299585,-54352852.462294,29.18630837021409,-8.336303804984446,-3.557867374417518,2026-04-07T21:20:12.814383
2461138.390532407, A.D. 2026-Apr-07 21:22:22.0000,69.18563,-43337241.96228449,-125928934.6981957,-54353065.93004007,29.18642537889085,-8.335962363925871,-3.557720549242433,2026-04-07T21:21:12.814339
2461138.391226852, A.D. 2026-Apr-07 21:23:22.0000,69.18563,-43335490.7723702,-125929434.8459479,-54353279.38897149,29.18654243084934,-8.335621014871323,-3.557573552405783,2026-04-07T21:22:12.814376
2461138.391921296, A.D. 2026-Apr-07 21:24:22.0000,69.18563,-43333739.57542748,-125929934.9732239,-54353492.83907654,29.18665954642286,-8.33527979387821,-3.557426315882532,2026-04-07T21:23:12.814332
2461138.392615741, A.D. 2026-Apr-07 21:25:22.0000,69.18563,-43331988.37145574,-125930435.0800307,-54353706.28033968,29.18677673102206,-8.334938709302364,-3.55727882403816,2026-04-07T21:24:12.814409
2461138.393310185, A.D. 2026-Apr-07 21:26:22.0000,69.18563,-43330237.16045106,-125930935.166376,-54353919.7127465,29.18689397423623,-8.33459773944009,-3.557131116537432,2026-04-07T21:25:12.814365
2461138.394004629, A.D. 2026-Apr-07 21:27:22.0000,69.18563,-43328485.94241063,-125931435.2322655,-54354133.1362865,29.18701125152921,-8.334256836833303,-3.556983281341939,2026-04-07T21:26:12.814322
2461138.394699074, A.D. 2026-Apr-07 21:28:22.0000,69.18563,-43326734.71733337,-125931935.2777012,-54354346.55095552,29.18712852886767,-8.333915936739556,-3.556835438878042,2026-04-07T21:27:12.814358
2461138.395393519, A.D. 2026-Apr-07 21:29:22.0000,69.18563,-43324983.48522417,-125932435.3026797,-54354559.95675763,29.18724572546886,-8.333574886297345,-3.556687874845886,2026-04-07T21:28:12.814435
2461138.396087963, A.D. 2026-Apr-07 21:30:22.0000,69.18563,-43323232.24608707,-125932935.3071822,-54354773.3537323,29.1873627119087,-8.33323344080858,-3.556541047130267,2026-04-07T21:29:12.814391
2461138.396782408, A.D. 2026-Apr-07 21:31:22.0000,69.18563,-43321480.99993169,-125933435.2911965,-54354986.74189997,29.18747967436913,-8.332891957730928,-3.556394284852601,2026-04-07T21:30:12.814428
2461138.397476852, A.D. 2026-Apr-07 21:32:22.0000,69.18563,-43319729.74675837,-125933935.2547224,-54355200.12126055,29.18759664794085,-8.332550505995627,-3.556247458006895,2026-04-07T21:31:12.814384
2461138.398171296, A.D. 2026-Apr-07 21:33:22.0000,69.18563,-43317978.48656555,-125934435.1977636,-54355413.49180678,29.1877136620896,-8.332209143762096,-3.556100457517315,2026-04-07T21:32:12.814340
2461138.398865741, A.D. 2026-Apr-07 21:34:22.0000,69.18563,-43316227.21935017,-125934935.1203268,-54355626.85352593,29.18783073536117,-8.331867907618815,-3.555953214797248,2026-04-07T21:33:12.814417
2461138.399560185, A.D. 2026-Apr-07 21:35:22.0000,69.18563,-43314475.94511195,-125935435.0224188,-54355840.20640229,29.18794787191979,-8.331526806198896,-3.555805714437364,2026-04-07T21:34:12.814373
2461138.40025463, A.D. 2026-Apr-07 21:36:22.0000,69.18563,-43312724.6638404,-125935934.9040494,-54356053.55042221,29.18806506079025,-8.331185818211726,-3.555657996653522,2026-04-07T21:35:12.814410
2461138.400949074, A.D. 2026-Apr-07 21:37:22.0000,69.18563,-43310973.3755365,-125936434.7652228,-54356266.88557461,29.18818227788562,-8.330844896887859,-3.555510150195807,2026-04-07T21:36:12.814366
2461138.401643518, A.D. 2026-Apr-07 21:38:22.0000,69.18563,-43309222.08019956,-125936934.6059415,-54356480.21185539,29.18829949034871,-8.330503977816848,-3.555362296572603,2026-04-07T21:37:12.814322
2461138.402337963, A.D. 2026-Apr-07 21:39:22.0000,69.18563,-43307470.77783114,-125937434.4262028,-54356693.52926902,29.18841661920602,-8.33016290816273,-3.555214723588732,2026-04-07T21:38:12.814399
2461138.403032408, A.D. 2026-Apr-07 21:40:22.0000,69.18563,-43305719.46844245,-125937934.2259859,-54356906.8378545,29.18853353742976,-8.329821443150383,-3.555067892612143,2026-04-07T21:39:12.814436
2461138.403726852, A.D. 2026-Apr-07 21:41:22.0000,69.18563,-43303968.15204296,-125938434.0052787,-54357120.13763235,29.18865043406327,-8.329479941382159,-3.554921127770613,2026-04-07T21:40:12.814392
2461138.404421296, A.D. 2026-Apr-07 21:42:22.0000,69.18563,-43302216.82862592,-125938933.764083,-54357333.42860338,29.18876734631192,-8.329138472356675,-3.55477429832206,2026-04-07T21:41:12.814348
2461138.405115741, A.D. 2026-Apr-07 21:43:22.0000,69.18563,-43300465.49819284,-125939433.5024016,-54357546.71075987,29.18888430521766,-8.32879709444244,-3.554627294104303,2026-04-07T21:42:12.814385
2461138.405810185, A.D. 2026-Apr-07 21:44:22.0000,69.18563,-43298714.16074032,-125939933.2202412,-54357759.98408903,29.18900133015851,-8.328455844361875,-3.554480046157612,2026-04-07T21:43:12.814341
2461138.40650463, A.D. 2026-Apr-07 21:45:22.0000,69.18563,-43296962.81626419,-125940432.91761,-54357973.24857545,29.18911842517318,-8.328114730422119,-3.554332538746297,2026-04-07T21:44:12.814418
2461138.407199074, A.D. 2026-Apr-07 21:46:22.0000,69.18563,-43295211.4647605,-125940932.5945156,-54358186.5042045,29.18923557830401,-8.327773731279782,-3.554184812357387,2026-04-07T21:45:12.814374
2461138.407893518, A.D. 2026-Apr-07 21:47:22.0000,69.18563,-43293460.10622997,-125941432.2509625,-54358399.75096511,29.18935276390228,-8.3274327995382,-3.554036956316692,2026-04-07T21:46:12.814330
2461138.408587963, A.D. 2026-Apr-07 21:48:22.0000,69.18563,-43291708.7406647,-125941931.8869548,-54358612.9888539,29.18946994685458,-8.3270918703226,-3.553889092947011,2026-04-07T21:47:12.814367
2461138.409282407, A.D. 2026-Apr-07 21:49:22.0000,69.18563,-43289957.36806977,-125942431.5024893,-54358826.21787503,29.18958704472298,-8.326750790304306,-3.553741512132627,2026-04-07T21:48:12.814323
2461138.409976852, A.D. 2026-Apr-07 21:50:22.0000,69.18563,-43288205.98845661,-125942931.0975449,-54359039.43806767,29.18970392552239,-8.326409313601184,-3.553594678462823,2026-04-07T21:49:12.814400
2461138.410671297, A.D. 2026-Apr-07 21:51:22.0000,69.18563,-43286454.60183152,-125943430.6721104,-54359252.64945297,29.18982078214267,-8.326067799368799,-3.553447911384775,2026-04-07T21:50:12.814437
2461138.411365741, A.D. 2026-Apr-07 21:52:22.0000,69.18563,-43284703.2081948,-125943930.2261857,-54359465.8520309,29.18993765168516,-8.325726316887616,-3.553301079009733,2026-04-07T21:51:12.814393
2461138.412060185, A.D. 2026-Apr-07 21:53:22.0000,69.18563,-43282951.80754821,-125944429.7597734,-54359679.04579367,29.19005456537827,-8.325384924677643,-3.553154070612773,2026-04-07T21:52:12.814349
2461138.41275463, A.D. 2026-Apr-07 21:54:22.0000,69.18563,-43281200.39988144,-125944929.2728823,-54359892.23072919,29.19017154276476,-8.32504365956068,-3.553006816774609,2026-04-07T21:53:12.814426
2461138.413449074, A.D. 2026-Apr-07 21:55:22.0000,69.18563,-43279448.98519401,-125945428.7655195,-54360105.40682156,29.1902885880347,-8.324702530250429,-3.552859301719707,2026-04-07T21:54:12.814382
2461138.414143519, A.D. 2026-Apr-07 21:56:22.0000,69.18563,-43277697.56348203,-125945928.2376924,-54360318.57405611,29.19040568950837,-8.324361515528624,-3.552711566331128,2026-04-07T21:55:12.814419
2461138.414837963, A.D. 2026-Apr-07 21:57:22.0000,69.18563,-43275946.13474292,-125946427.6894068,-54360531.73242208,29.19052282155441,-8.324020568437913,-3.552563700718571,2026-04-07T21:56:12.814375
2461138.415532407, A.D. 2026-Apr-07 21:58:22.0000,69.18563,-43274194.69897582,-125946927.1206648,-54360744.88191517,29.19063994925811,-8.323679624441283,-3.552415828074093,2026-04-07T21:57:12.814331
2461138.416226852, A.D. 2026-Apr-07 21:59:22.0000,69.18563,-43272443.25618589,-125947426.5314629,-54360958.0225397,29.1907569895215,-8.323338530051785,-3.552268240435603,2026-04-07T21:58:12.814408
2461138.416921296, A.D. 2026-Apr-07 22:00:22.0000,69.18563,-43270691.80637784,-125947925.9217824,-54361171.15433598,29.19087380923786,-8.322997039680152,-3.55212140575863,2026-04-07T21:59:12.814364
2461138.417615741, A.D. 2026-Apr-07 22:01:22.0000,69.18563,-43268940.34956152,-125948425.291611,-54361384.27732486,29.1909906051932,-8.322655512549826,-3.551974638307041,2026-04-07T22:00:12.814401
2461138.418310185, A.D. 2026-Apr-07 22:02:22.0000,69.18563,-43267188.88573715,-125948924.6409486,-54361597.39150634,29.19110741607199,-8.322314018029948,-3.551827805220143,2026-04-07T22:01:12.814357
2461138.41900463, A.D. 2026-Apr-07 22:03:22.0000,69.18563,-43265437.41490286,-125949423.969799,-54361810.496873,29.19122427457481,-8.3219726140663,-3.551680794588265,2026-04-07T22:02:12.814394
2461138.419699074, A.D. 2026-Apr-07 22:04:22.0000,69.18563,-43263685.93705505,-125949923.2781688,-54362023.59341178,29.19134120123615,-8.321631337108997,-3.551533536277763,2026-04-07T22:03:12.814350
2461138.420393519, A.D. 2026-Apr-07 22:05:22.0000,69.18563,-43261934.45219293,-125950422.5660651,-54362236.68110668,29.19145820102679,-8.321290195204508,-3.551386014210784,2026-04-07T22:04:12.814427
2461138.421087963, A.D. 2026-Apr-07 22:06:22.0000,69.18563,-43260182.96030538,-125950921.8334974,-54362449.75994363,29.1915752622392,-8.320949166664933,-3.551238269233241,2026-04-07T22:05:12.814383
2461138.421782407, A.D. 2026-Apr-07 22:07:22.0000,69.18563,-43258431.46139295,-125951421.0804703,-54362662.82991138,29.19169235882095,-8.320608203800678,-3.551090391996346,2026-04-07T22:06:12.814339
2461138.422476852, A.D. 2026-Apr-07 22:08:22.0000,69.18563,-43256679.95545454,-125951920.3069858,-54362875.89100557,29.19180945492951,-8.320267241582833,-3.550942506565667,2026-04-07T22:07:12.814376
2461138.423171296, A.D. 2026-Apr-07 22:09:22.0000,69.18563,-43254928.44249166,-125952419.5130412,-54363088.94323076,29.19192646627017,-8.319926125798586,-3.550794906768892,2026-04-07T22:08:12.814332
2461138.423865741, A.D. 2026-Apr-07 22:10:22.0000,69.18563,-43253176.92251577,-125952918.6986155,-54363301.98662671,29.19204325851231,-8.319584608593605,-3.55064806336149,2026-04-07T22:09:12.814409
2461138.424560185, A.D. 2026-Apr-07 22:11:22.0000,69.18563,-43251425.3955368,-125953417.8636963,-54363515.02121435,29.19216002492026,-8.319243055043996,-3.550501288019647,2026-04-07T22:10:12.814365
2461138.425254629, A.D. 2026-Apr-07 22:12:22.0000,69.18563,-43249673.86154822,-125953917.0082856,-54363728.04699454,29.19227680225877,-8.318901536209154,-3.550354447720378,2026-04-07T22:11:12.814322
2461138.425949074, A.D. 2026-Apr-07 22:13:22.0000,69.18563,-43247922.32055186,-125954416.1323864,-54363941.0639595,29.19239362145546,-8.31856011190874,-3.550207430479972,2026-04-07T22:12:12.814358
2461138.426643519, A.D. 2026-Apr-07 22:14:22.0000,69.18563,-43246170.77254456,-125954915.2360055,-54364154.07209623,29.19251050223399,-8.318218819323084,-3.550060166001235,2026-04-07T22:13:12.814435
2461138.427337963, A.D. 2026-Apr-07 22:15:22.0000,69.18563,-43244419.2175224,-125955414.3191513,-54364367.0713891,29.19262744933424,-8.317877666720848,-3.549912638199731,2026-04-07T22:14:12.814391
2461138.428032408, A.D. 2026-Apr-07 22:16:22.0000,69.18563,-43242667.65548167,-125955913.3818316,-54364580.0618233,29.19274445178927,-8.317536631945698,-3.549764888016082,2026-04-07T22:15:12.814428
2461138.428726852, A.D. 2026-Apr-07 22:17:22.0000,69.18563,-43240916.08642317,-125956412.4240512,-54364793.04338755,29.19286148490702,-8.317195666142048,-3.549617006172539,2026-04-07T22:16:12.814384
2461138.429421296, A.D. 2026-Apr-07 22:18:22.0000,69.18563,-43239164.51033915,-125956911.4458143,-54365006.01607841,29.19297851467525,-8.316854702691877,-3.549469116878667,2026-04-07T22:17:12.814340
2461138.430115741, A.D. 2026-Apr-07 22:19:22.0000,69.18563,-43237412.92723463,-125957410.4471172,-54365218.97990012,29.19309545950289,-8.316513584192824,-3.549321514845623,2026-04-07T22:18:12.814417
2461138.430810185, A.D. 2026-Apr-07 22:20:22.0000,69.18563,-43235661.33712105,-125957909.4279387,-54365431.93489254,29.19321218828818,-8.316172058634917,-3.549174672333853,2026-04-07T22:19:12.814373
2461138.43150463, A.D. 2026-Apr-07 22:21:22.0000,69.18563,-43233909.7400046,-125958408.3882671,-54365644.88107709,29.19332889451666,-8.315830494430417,-3.549027897346781,2026-04-07T22:20:12.814410
2461138.432199074, A.D. 2026-Apr-07 22:22:22.0000,69.18563,-43232158.1358855,-125958907.3281023,-54365857.81845377,29.19344561587383,-8.315488962749123,-3.548881055773427,2026-04-07T22:21:12.814366
2461138.432893518, A.D. 2026-Apr-07 22:23:22.0000,69.18563,-43230406.52476533,-125959406.247447,-54366070.74701467,29.19356238391959,-8.315147523805035,-3.548734034955687,2026-04-07T22:22:12.814322
2461138.433587963, A.D. 2026-Apr-07 22:24:22.0000,69.18563,-43228654.90663366,-125959905.1463103,-54366283.66674742,29.19367921828528,-8.31480621532751,-3.548586764294289,2026-04-07T22:23:12.814399
2461138.434282408, A.D. 2026-Apr-07 22:25:22.0000,69.18563,-43226903.2814898,-125960404.0246992,-54366496.57763592,29.1937961231436,-8.314465046134051,-3.548439227830364,2026-04-07T22:24:12.814436
2461138.434976852, A.D. 2026-Apr-07 22:26:22.0000,69.18563,-43225151.64932978,-125960902.8826218,-54366709.47966515,29.19391308661355,-8.314123994701841,-3.548291467021484,2026-04-07T22:25:12.814392
2461138.435671296, A.D. 2026-Apr-07 22:27:22.0000,69.18563,-43223400.01015081,-125961401.7200835,-54366922.37282417,29.19403008263456,-8.31378301244897,-3.548143573547874,2026-04-07T22:26:12.814348
2461138.436365741, A.D. 2026-Apr-07 22:28:22.0000,69.18563,-43221648.36395197,-125961900.5370868,-54367135.25710868,29.19414707579538,-8.313442033129276,-3.547995672686536,2026-04-07T22:27:12.814385
2461138.437060185, A.D. 2026-Apr-07 22:29:22.0000,69.18563,-43219896.71073837,-125962399.333628,-54367348.13252295,29.19426398239229,-8.313100899364105,-3.547848061446397,2026-04-07T22:28:12.814341
2461138.43775463, A.D. 2026-Apr-07 22:30:22.0000,69.18563,-43218145.05051464,-125962898.1096878,-54367560.99910802,29.19438066841835,-8.312759359507515,-3.547701215842331,2026-04-07T22:29:12.814418
2461138.438449074, A.D. 2026-Apr-07 22:31:22.0000,69.18563,-43216393.38329068,-125963396.8652537,-54367773.85688505,29.19449733023637,-8.312417781268083,-3.547554438406888,2026-04-07T22:30:12.814374
2461138.439143518, A.D. 2026-Apr-07 22:32:22.0000,69.18563,-43214641.70906676,-125963895.6003256,-54367986.7058541,29.1946140057519,-8.3120762356513,-3.547407594159644,2026-04-07T22:31:12.814330
2461138.439837963, A.D. 2026-Apr-07 22:33:22.0000,69.18563,-43212890.02784109,-125964394.3149073,-54368199.54600755,29.19473072692063,-8.311734782549888,-3.547260569520936,2026-04-07T22:32:12.814367
2461138.440532407, A.D. 2026-Apr-07 22:34:22.0000,69.18563,-43211138.33961023,-125964893.0090055,-54368412.37733218,29.19484751360159,-8.311393459903773,-3.547113293351439,2026-04-07T22:33:12.814323
2461138.441226852, A.D. 2026-Apr-07 22:35:22.0000,69.18563,-43209386.64437354,-125965391.6826276,-54368625.19981171,29.1949643701098,-8.311052276351202,-3.546965749534762,2026-04-07T22:34:12.814400
2461138.441921297, A.D. 2026-Apr-07 22:36:22.0000,69.18563,-43207634.94212013,-125965890.3357834,-54368838.01343193,29.1950812845371,-8.310711210337516,-3.546817979867972,2026-04-07T22:35:12.814437
2461138.442615741, A.D. 2026-Apr-07 22:37:22.0000,69.18563,-43205883.23285075,-125966388.9684775,-54369050.81818143,29.19519823072329,-8.310370213792963,-3.546670076779534,2026-04-07T22:36:12.814393
2461138.443310185, A.D. 2026-Apr-07 22:38:22.0000,69.18563,-43204131.5165645,-125966887.5807124,-54369263.6140558,29.19531517301595,-8.31002922070636,-3.546522166461589,2026-04-07T22:37:12.814349
2461138.44400463, A.D. 2026-Apr-07 22:39:22.0000,69.18563,-43202379.79326311,-125967386.1724853,-54369476.40105982,29.19543202657946,-8.30968807373453,-3.546374548220043,2026-04-07T22:38:12.814426
2461138.444699074, A.D. 2026-Apr-07 22:40:22.0000,69.18563,-43200628.06295843,-125967884.7437752,-54369689.179234,29.19554865547999,-8.30934652191213,-3.546227701531269,2026-04-07T22:39:12.814382
2461138.445393519, A.D. 2026-Apr-07 22:41:22.0000,69.18563,-43198876.32566039,-125968383.2945694,-54369901.94859973,29.19566526044231,-8.309004932408918,-3.546080923760771,2026-04-07T22:40:12.814419
2461138.446087963, A.D. 2026-Apr-07 22:42:22.0000,69.18563,-43197124.58136228,-125968881.8248699,-54370114.70915783,29.19578188080451,-8.308663375989076,-3.545934078771433,2026-04-07T22:41:12.814375
2461138.446782407, A.D. 2026-Apr-07 22:43:22.0000,69.18563,-43195372.83006567,-125969380.3346795,-54370327.46090023,29.19589854953438,-8.308321912046328,-3.545787051891406,2026-04-07T22:42:12.814331
2461138.447476852, A.D. 2026-Apr-07 22:44:22.0000,69.18563,-43193621.07176689,-125969878.8240051,-54370540.20381366,29.19601528725905,-8.30798057777777,-3.545639771289122,2026-04-07T22:43:12.814408
2461138.448171296, A.D. 2026-Apr-07 22:45:22.0000,69.18563,-43191869.30646165,-125970377.2928548,-54370752.93788205,29.19613209857909,-8.30763938119955,-3.545492220452247,2026-04-07T22:44:12.814364
2461138.448865741, A.D. 2026-Apr-07 22:46:22.0000,69.18563,-43190117.53414577,-125970875.7412363,-54370965.66309021,29.19624897126052,-8.307298300368567,-3.54534444123276,2026-04-07T22:45:12.814401
2461138.449560185, A.D. 2026-Apr-07 22:47:22.0000,69.18563,-43188365.75481981,-125971374.1691542,-54371178.37942655,29.19636587840662,-8.306957286650315,-3.545196526500503,2026-04-07T22:46:12.814357
2461138.45025463, A.D. 2026-Apr-07 22:48:22.0000,69.18563,-43186613.96847581,-125971872.5766127,-54371391.08688749,29.19648278323636,-8.306616273541795,-3.545048603405303,2026-04-07T22:47:12.814394
2461138.450949074, A.D. 2026-Apr-07 22:49:22.0000,69.18563,-43184862.17511887,-125972370.9636081,-54371603.78547731,29.19659959947344,-8.306275103508499,-3.544900973065367,2026-04-07T22:48:12.814350
2461138.451643519, A.D. 2026-Apr-07 22:50:22.0000,69.18563,-43183110.37476093,-125972869.3301189,-54371816.47523667,29.19671618949438,-8.305933523395943,-3.544754117699223,2026-04-07T22:49:12.814427
2461138.452337963, A.D. 2026-Apr-07 22:51:22.0000,69.18563,-43181358.56740856,-125973367.6761332,-54372029.15618749,29.19683275305547,-8.305591906139291,-3.544607332083682,2026-04-07T22:50:12.814383
2461138.453032407, A.D. 2026-Apr-07 22:52:22.0000,69.18563,-43179606.7530622,-125973866.0016512,-54372241.82832985,29.19694932882884,-8.305250324407288,-3.54446047990367,2026-04-07T22:51:12.814339
2461138.453726852, A.D. 2026-Apr-07 22:53:22.0000,69.18563,-43177854.93172008,-125974364.306677,-54372454.49165606,29.19706594958841,-8.304908839360207,-3.544313446430299,2026-04-07T22:52:12.814376
2461138.454421296, A.D. 2026-Apr-07 22:54:22.0000,69.18563,-43176103.10338227,-125974862.5912166,-54372667.1461525,29.19718263650331,-8.304567489152749,-3.544166159633374,2026-04-07T22:53:12.814332
2461138.455115741, A.D. 2026-Apr-07 22:55:22.0000,69.18563,-43174351.26803761,-125975360.8552805,-54372879.79180399,29.19729939514834,-8.304226282213858,-3.544018603041656,2026-04-07T22:54:12.814409
2461138.455810185, A.D. 2026-Apr-07 22:56:22.0000,69.18563,-43172599.4256855,-125975859.0988758,-54373092.42859492,29.19741621473964,-8.303885195964675,-3.543870818592775,2026-04-07T22:55:12.814365
2461138.456504629, A.D. 2026-Apr-07 22:57:22.0000,69.18563,-43170847.57632298,-125976357.3220083,-54373305.05651412,29.19753306980438,-8.303544180440158,-3.543722899287309,2026-04-07T22:56:12.814322
2461138.457199074, A.D. 2026-Apr-07 22:58:22.0000,69.18563,-43169095.71994895,-125976855.5246803,-54373517.67555726,29.19764992511825,-8.303203167768519,-3.543574972369555,2026-04-07T22:57:12.814358
2461138.457893519, A.D. 2026-Apr-07 22:59:22.0000,69.18563,-43167343.85656486,-125977353.7068893,-54373730.28572908,29.19776669708008,-8.302861997065103,-3.543427339730302,2026-04-07T22:58:12.814435
2461138.458587963, A.D. 2026-Apr-07 23:00:22.0000,69.18563,-43165591.98618558,-125977851.8686123,-54373942.88707001,29.19788325184737,-8.302520411035852,-3.54328048536319,2026-04-07T22:59:12.814391
2461138.459282408, A.D. 2026-Apr-07 23:01:22.0000,69.18563,-43163840.10881044,-125978350.0098396,-54374155.47960286,29.19799978178061,-8.302178785524353,-3.543133700168623,2026-04-07T23:00:12.814428
2461138.459976852, A.D. 2026-Apr-07 23:02:22.0000,69.18563,-43162088.22444334,-125978848.13057,-54374368.06332722,29.19811632308972,-8.301837193097317,-3.542986846827916,2026-04-07T23:01:12.814384
2461138.460671296, A.D. 2026-Apr-07 23:03:22.0000,69.18563,-43160336.33308265,-125979346.2308074,-54374580.63823535,29.19823290634744,-8.301495694832154,-3.542839809893366,2026-04-07T23:02:12.814340
2461138.461365741, A.D. 2026-Apr-07 23:04:22.0000,69.18563,-43158584.43472517,-125979844.3105588,-54374793.20431379,29.19834955072181,-8.301154329290613,-3.542692517038179,2026-04-07T23:03:12.814417
2461138.462060185, A.D. 2026-Apr-07 23:05:22.0000,69.18563,-43156832.52936703,-125980342.3698325,-54375005.76154645,29.19846626063796,-8.300813105409542,-3.542544951814414,2026-04-07T23:04:12.814373
2461138.46275463, A.D. 2026-Apr-07 23:06:22.0000,69.18563,-43155080.61700805,-125980840.4086356,-54375218.30991749,29.19858302494094,-8.30047200113536,-3.542397156746463,2026-04-07T23:05:12.814410
2461138.463449074, A.D. 2026-Apr-07 23:07:22.0000,69.18563,-43153328.69763871,-125981338.4269757,-54375430.84941661,29.19869981882135,-8.300130967080502,-3.542249225700229,2026-04-07T23:06:12.814366
2461138.464143518, A.D. 2026-Apr-07 23:08:22.0000,69.18563,-43151576.77126165,-125981836.4248542,-54375643.38003894,29.19881660849924,-8.299789935514411,-3.542101287075294,2026-04-07T23:07:12.814322
2461138.464837963, A.D. 2026-Apr-07 23:09:22.0000,69.18563,-43149824.83787856,-125982334.4022686,-54375855.90178927,29.19893331250796,-8.299448746118872,-3.541953644961963,2026-04-07T23:08:12.814399
2461138.465532408, A.D. 2026-Apr-07 23:10:22.0000,69.18563,-43148072.89750087,-125982832.3591969,-54376068.41470875,29.19904979996063,-8.299107141456492,-3.541806786714581,2026-04-07T23:09:12.814436
2461138.466226852, A.D. 2026-Apr-07 23:11:22.0000,69.18563,-43146320.95013477,-125983330.2956274,-54376280.91881955,29.19916626537554,-8.298765498192086,-3.541659998595034,2026-04-07T23:10:12.814392
2461138.466921296, A.D. 2026-Apr-07 23:12:22.0000,69.18563,-43144568.99578392,-125983828.211559,-54376493.41412129,29.19928274681908,-8.298423889241898,-3.541513142329993,2026-04-07T23:11:12.814348
2461138.467615741, A.D. 2026-Apr-07 23:13:22.0000,69.18563,-43142817.0344394,-125984326.1069976,-54376705.90060697,29.19939927624863,-8.298082375942657,-3.541366101649209,2026-04-07T23:12:12.814385
2461138.468310185, A.D. 2026-Apr-07 23:14:22.0000,69.18563,-43141065.06610115,-125984823.9819493,-54376918.37826274,29.1995158732291,-8.297740996856554,-3.54121880358536,2026-04-07T23:13:12.814341
2461138.46900463, A.D. 2026-Apr-07 23:15:22.0000,69.18563,-43139313.0907649,-125985321.8364226,-54377130.84707234,29.19963254192472,-8.297399760437397,-3.541071231610904,2026-04-07T23:14:12.814418
2461138.469699074, A.D. 2026-Apr-07 23:16:22.0000,69.18563,-43137561.10842662,-125985819.6704255,-54377343.30702033,29.19974926996939,-8.29705864460965,-3.540923428252408,2026-04-07T23:15:12.814374
2461138.470393518, A.D. 2026-Apr-07 23:17:22.0000,69.18563,-43135809.11908354,-125986317.4839638,-54377555.7580954,29.19986603093431,-8.296717599324591,-3.540775488026015,2026-04-07T23:16:12.814330
2461138.471087963, A.D. 2026-Apr-07 23:18:22.0000,69.18563,-43134057.1227347,-125986815.2770399,-54377768.20029314,29.19998278872719,-8.296376556657773,-3.540627539960817,2026-04-07T23:17:12.814367
2461138.471782407, A.D. 2026-Apr-07 23:19:22.0000,69.18563,-43132305.11938521,-125987313.04965,-54377980.63361792,29.2000994584993,-8.29603535553272,-3.540479890225982,2026-04-07T23:18:12.814323
2461138.472476852, A.D. 2026-Apr-07 23:20:22.0000,69.18563,-43130553.10903994,-125987810.8017744,-54378193.058112,29.20021590425072,-8.295693737733307,-3.540333029325024,2026-04-07T23:19:12.814400
2461138.473171297, A.D. 2026-Apr-07 23:21:22.0000,69.18563,-43128801.09170888,-125988308.5334001,-54378405.47379727,29.20033232554504,-8.295352080661853,-3.540186238824171,2026-04-07T23:20:12.814437
2461138.473865741, A.D. 2026-Apr-07 23:22:22.0000,69.18563,-43127049.0673923,-125988806.2445271,-54378617.88067368,29.20044876100989,-8.295010457293197,-3.540039379555271,2026-04-07T23:21:12.814393
2461138.474560185, A.D. 2026-Apr-07 23:23:22.0000,69.18563,-43125297.03608827,-125989303.9351593,-54378830.27873342,29.20056524308232,-8.294668929182416,-3.539892334545322,2026-04-07T23:22:12.814349
2461138.47525463, A.D. 2026-Apr-07 23:24:22.0000,69.18563,-43123544.99779343,-125989801.6053036,-54379042.66796297,29.20068179194114,-8.294327534838198,-3.539745030587959,2026-04-07T23:23:12.814426
2461138.475949074, A.D. 2026-Apr-07 23:25:22.0000,69.18563,-43121792.95250695,-125990299.2549677,-54379255.04834548,29.20079841200918,-8.29398628353943,-3.53959745094023,2026-04-07T23:24:12.814382
2461138.476643519, A.D. 2026-Apr-07 23:26:22.0000,69.18563,-43120040.90021793,-125990796.8841614,-54379467.4198663,29.20091509090273,-8.293645153049047,-3.539449638756681,2026-04-07T23:25:12.814419
2461138.477337963, A.D. 2026-Apr-07 23:27:22.0000,69.18563,-43118288.84092703,-125991294.4928897,-54379679.78251371,29.20103180197249,-8.293304093725904,-3.539301689049574,2026-04-07T23:26:12.814375
2461138.478032407, A.D. 2026-Apr-07 23:28:22.0000,69.18563,-43116536.7746334,-125991792.0811549,-54379892.13628318,29.20114850883422,-8.29296303774651,-3.539153731929215,2026-04-07T23:27:12.814331
2461138.478726852, A.D. 2026-Apr-07 23:29:22.0000,69.18563,-43114784.70133878,-125992289.6489544,-54380104.48117962,29.20126512527511,-8.292621823661039,-3.5390060755056,2026-04-07T23:28:12.814408
2461138.479421296, A.D. 2026-Apr-07 23:30:22.0000,69.18563,-43113032.6210552,-125992787.1962664,-54380316.81724475,29.20138151295274,-8.292280193378199,-3.538859213570103,2026-04-07T23:29:12.814364
2461138.480115741, A.D. 2026-Apr-07 23:31:22.0000,69.18563,-43111280.53379281,-125993284.7230781,-54380529.14450058,29.20149787590383,-8.291938524373595,-3.538712422635083,2026-04-07T23:30:12.814401
2461138.480810185, A.D. 2026-Apr-07 23:32:22.0000,69.18563,-43109528.43954489,-125993782.2293912,-54380741.46294793,29.20161425412486,-8.291596889442365,-3.538565562546347,2026-04-07T23:31:12.814357
2461138.48150463, A.D. 2026-Apr-07 23:33:22.0000,69.18563,-43107776.33831292,-125994279.7152088,-54380953.77257859,29.20173068147037,-8.291255349845406,-3.538418515307165,2026-04-07T23:32:12.814394
2461138.482199074, A.D. 2026-Apr-07 23:34:22.0000,69.18563,-43106024.23009329,-125994777.180538,-54381166.07337879,29.20184717922457,-8.290913943689153,-3.538271206859248,2026-04-07T23:33:12.814350
2461138.482893519, A.D. 2026-Apr-07 23:35:22.0000,69.18563,-43104272.11488148,-125995274.6253871,-54381378.36533208,29.20196375255793,-8.290572679517007,-3.538123620247282,2026-04-07T23:34:12.814427
2461138.483587963, A.D. 2026-Apr-07 23:36:22.0000,69.18563,-43102519.99267327,-125995772.049764,-54381590.64842274,29.20208038961525,-8.29023153455425,-3.537975798527475,2026-04-07T23:35:12.814383
2461138.484282407, A.D. 2026-Apr-07 23:37:22.0000,69.18563,-43100767.86346558,-125996269.4536746,-54381802.92263933,29.20219706336848,-8.289890458766989,-3.537827837348775,2026-04-07T23:36:12.814339
2461138.484976852, A.D. 2026-Apr-07 23:38:22.0000,69.18563,-43099015.72726073,-125996766.8371201,-54382015.18797687,29.20231373680542,-8.289549383955485,-3.537679867532546,2026-04-07T23:37:12.814376
2461138.485671296, A.D. 2026-Apr-07 23:39:22.0000,69.18563,-43097263.58405331,-125997264.2000997,-54382227.44444101,29.20243032199294,-8.289208147598595,-3.537532199025928,2026-04-07T23:38:12.814332
2461138.486365741, A.D. 2026-Apr-07 23:40:22.0000,69.18563,-43095511.43385885,-125997761.5425902,-54382439.69207323,29.20254667840345,-8.288866489167058,-3.537385328297213,2026-04-07T23:39:12.814409
2461138.487060185, A.D. 2026-Apr-07 23:41:22.0000,69.18563,-43093759.27668393,-125998258.8645796,-54382651.93089607,29.20266300984396,-8.28852479303808,-3.537238529329934,2026-04-07T23:40:12.814365
2461138.487754629, A.D. 2026-Apr-07 23:42:22.0000,69.18563,-43092007.11252894,-125998756.166068,-54382864.16090959,29.20277935469143,-8.288183133977522,-3.537091662008691,2026-04-07T23:41:12.814322
2461138.488449074, A.D. 2026-Apr-07 23:43:22.0000,69.18563,-43090254.94139199,-125999253.4470596,-54383076.38210595,29.20289574500224,-8.287841574735458,-3.536944608061843,2026-04-07T23:42:12.814358
2461138.489143519, A.D. 2026-Apr-07 23:44:22.0000,69.18563,-43088502.76327323,-125999750.7075607,-54383288.59447108,29.20301220042746,-8.287500154144263,-3.536797293460055,2026-04-07T23:43:12.814435
2461138.489837963, A.D. 2026-Apr-07 23:45:22.0000,69.18563,-43086750.57816155,-126000247.9475819,-54383500.79798933,29.20312872487273,-8.287158880624341,-3.53664970117489,2026-04-07T23:44:12.814391
2461138.490532408, A.D. 2026-Apr-07 23:46:22.0000,69.18563,-43084998.38605661,-126000745.1671307,-54383712.99264465,29.20324530576664,-8.286817730484454,-3.536501874407846,2026-04-07T23:45:12.814428
2461138.491226852, A.D. 2026-Apr-07 23:47:22.0000,69.18563,-43083246.18695574,-126001242.3662129,-54383925.17842564,29.20336191647299,-8.286476652187629,-3.536353908740714,2026-04-07T23:46:12.814384
2461138.491921296, A.D. 2026-Apr-07 23:48:22.0000,69.18563,-43081493.98085825,-126001739.5448308,-54384137.35532769,29.20347852114794,-8.28613557531936,-3.536205935176334,2026-04-07T23:47:12.814340
2461138.492615741, A.D. 2026-Apr-07 23:49:22.0000,69.18563,-43079741.76776598,-126002236.7029816,-54384349.52335578,29.20359501963993,-8.285794329571633,-3.536058264476635,2026-04-07T23:48:12.814417
2461138.493310185, A.D. 2026-Apr-07 23:50:22.0000,69.18563,-43077989.54769368,-126002733.8406419,-54384561.68255191,29.20371124431244,-8.28545263963981,-3.535911394432219,2026-04-07T23:49:12.814373
2461138.49400463, A.D. 2026-Apr-07 23:51:22.0000,69.18563,-43076237.32065153,-126003230.9577985,-54384773.83293824,29.20382747319213,-8.285110918622875,-3.535764595724963,2026-04-07T23:50:12.814410
2461138.494699074, A.D. 2026-Apr-07 23:52:22.0000,69.18563,-43074485.08663071,-126003728.0544538,-54384985.97451565,29.20394375869986,-8.284769245597156,-3.535617727042472,2026-04-07T23:51:12.814366
2461138.495393518, A.D. 2026-Apr-07 23:53:22.0000,69.18563,-43072732.84563009,-126004225.130612,-54385198.10727581,29.2040601364109,-8.284427684816695,-3.535470669628932,2026-04-07T23:52:12.814322
2461138.496087963, A.D. 2026-Apr-07 23:54:22.0000,69.18563,-43070980.59764371,-126004722.1862807,-54385410.23120484,29.20417661734677,-8.284086272864718,-3.535323349032645,2026-04-07T23:53:12.814399
2461138.496782408, A.D. 2026-Apr-07 23:55:22.0000,69.18563,-43069228.3426657,-126005219.2214694,-54385622.34628615,29.20429318520161,-8.283745011902456,-3.535175748382659,2026-04-07T23:54:12.814436
2461138.497476852, A.D. 2026-Apr-07 23:56:22.0000,69.18563,-43067476.08069201,-126005716.2361862,-54385834.45250396,29.20440979828387,-8.283403869289689,-3.535027911209533,2026-04-07T23:55:12.814392
2461138.498171296, A.D. 2026-Apr-07 23:57:22.0000,69.18563,-43065723.8117251,-126006213.2304355,-54386046.54984631,29.20452639651463,-8.283062782809903,-3.534879934053869,2026-04-07T23:56:12.814348
2461138.498865741, A.D. 2026-Apr-07 23:58:22.0000,69.18563,-43063971.53576096,-126006710.2042203,-54386258.63830952,29.20464291229805,-8.282721672363826,-3.534731948889745,2026-04-07T23:57:12.814385
2461138.499560185, A.D. 2026-Apr-07 23:59:22.0000,69.18563,-43062219.25281063,-126007207.1575349,-54386470.71789805,29.20475917817356,-8.282380345632221,-3.534584268503633,2026-04-07T23:58:12.814341
2461138.50025463, A.D. 2026-Apr-08 00:00:22.0000,69.18563,-43060466.96290291,-126007704.0903513,-54386682.78865425,29.20487492156987,-8.28203849257359,-3.534437394070315,2026-04-07T23:59:12.814418
2461138.500949074, A.D. 2026-Apr-08 00:01:22.0000,69.18563,-43058714.66605189,-126008201.0026548,-54386894.85060081,29.20499064190106,-8.281696599928427,-3.53429059158767,2026-04-08T00:00:12.814374
2461138.501643518, A.D. 2026-Apr-08 00:02:22.0000,69.18563,-43056962.36225521,-126008697.8944461,-54387106.90373784,29.20510646429618,-8.281354771472449,-3.53414371902194,2026-04-08T00:01:12.814330
2461138.502337963, A.D. 2026-Apr-08 00:03:22.0000,69.18563,-43055210.05150345,-126009194.7657319,-54387318.9480573,29.20522249204713,-8.28101309382955,-3.533996657001642,2026-04-08T00:02:12.814367
2461138.503032407, A.D. 2026-Apr-08 00:04:22.0000,69.18563,-43053457.73378561,-126009691.6165221,-54387530.98354493,29.20533878925398,-8.28067162147163,-3.53384933057835,2026-04-08T00:03:12.814323
2461138.503726852, A.D. 2026-Apr-08 00:05:22.0000,69.18563,-43051705.40907789,-126010188.4468314,-54387743.01018488,29.20545537053788,-8.28033036718932,-3.533701722722904,2026-04-08T00:04:12.814400
2461138.504421297, A.D. 2026-Apr-08 00:06:22.0000,69.18563,-43049953.07736754,-126010685.2566713,-54387955.02796089,29.20557219861535,-8.27998929979611,-3.533553877576923,2026-04-08T00:05:12.814437
2461138.505115741, A.D. 2026-Apr-08 00:07:22.0000,69.18563,-43048200.73864211,-126011182.0460511,-54388167.03686136,29.20568919034434,-8.279648349541255,-3.533405892079612,2026-04-08T00:06:12.814393
2461138.505810185, A.D. 2026-Apr-08 00:08:22.0000,69.18563,-43046448.39289508,-126011678.8149751,-54388379.03688175,29.20580623025524,-8.27930742046707,-3.533257899098762,2026-04-08T00:07:12.814349
2461138.50650463, A.D. 2026-Apr-08 00:09:22.0000,69.18563,-43044696.04012813,-126012175.5634405,-54388591.02802705,29.20592308331267,-8.278966298021228,-3.533110213467917,2026-04-08T00:08:12.814426
2461138.507199074, A.D. 2026-Apr-08 00:10:22.0000,69.18563,-43042943.68037228,-126012672.2914191,-54388803.01033948,29.20603939187877,-8.278624644487621,-3.53296333954041,2026-04-08T00:09:12.814382
2461138.507893519, A.D. 2026-Apr-08 00:11:22.0000,69.18563,-43041191.31363828,-126013168.9988968,-54389014.9838428,29.20615558231434,-8.278282919622148,-3.532816538078416,2026-04-08T00:10:12.814419
2461138.508587963, A.D. 2026-Apr-08 00:12:22.0000,69.18563,-43039438.93993475,-126013665.685871,-54389226.94853656,29.20627172143921,-8.277941206661609,-3.532669665700797,2026-04-08T00:11:12.814375
2461138.509282407, A.D. 2026-Apr-08 00:13:22.0000,69.18563,-43037686.5592627,-126014162.3523446,-54389438.90441275,29.20638787584548,-8.277599578966813,-3.532522601874731,2026-04-08T00:12:12.814331
2461138.509976852, A.D. 2026-Apr-08 00:14:22.0000,69.18563,-43035934.17161956,-126014658.9983245,-54389650.85145731,29.20650409877839,-8.277258086552708,-3.532375270943388,2026-04-08T00:13:12.814408
2461138.510671296, A.D. 2026-Apr-08 00:15:22.0000,69.18563,-43034181.77700014,-126015155.6238194,-54389862.78965344,29.20662042112696,-8.276916746634564,-3.532227655573577,2026-04-08T00:14:12.814364
2461138.511365741, A.D. 2026-Apr-08 00:16:22.0000,69.18563,-43032429.37539825,-126015652.228838,-54390074.71898505,29.20673684628187,-8.276575541675784,-3.532079799959824,2026-04-08T00:15:12.814401
2461138.512060185, A.D. 2026-Apr-08 00:17:22.0000,69.18563,-43030676.96681177,-126016148.8133863,-54390286.63944003,29.20685335066948,-8.276234422045528,-3.531931801800657,2026-04-08T00:16:12.814357
2461138.51275463, A.D. 2026-Apr-08 00:18:22.0000,69.18563,-43028924.55123026,-126016645.3774692,-54390498.55101456,29.20696988885543,-8.275893315550194,-3.531783794955133,2026-04-08T00:17:12.814394
2461138.513449074, A.D. 2026-Apr-08 00:19:22.0000,69.18563,-43027172.12865728,-126017141.9210834,-54390710.45371317,29.20708633910829,-8.275552045806831,-3.531636096285828,2026-04-08T00:18:12.814350
2461138.514143519, A.D. 2026-Apr-08 00:20:22.0000,69.18563,-43025419.6991075,-126017638.4442055,-54390922.34757867,29.20720250000063,-8.275210327115634,-3.531489213362638,2026-04-08T00:19:12.814427
2461138.514837963, A.D. 2026-Apr-08 00:21:22.0000,69.18563,-43023667.26258914,-126018134.946823,-54391134.2326341,29.20731863147602,-8.274868568684155,-3.531342403914388,2026-04-08T00:20:12.814383
2461138.515532407, A.D. 2026-Apr-08 00:22:22.0000,69.18563,-43021914.81910276,-126018631.4289356,-54391346.10887956,29.20743477354452,-8.27452684689765,-3.53119552439618,2026-04-08T00:21:12.814339
2461138.516226852, A.D. 2026-Apr-08 00:23:22.0000,69.18563,-43020162.36865011,-126019127.8905467,-54391557.9763066,29.207550960846,-8.274185225720135,-3.53104845414143,2026-04-08T00:22:12.814376
2461138.516921296, A.D. 2026-Apr-08 00:24:22.0000,69.18563,-43018409.9112208,-126019624.3316656,-54391769.8349021,29.20766721619214,-8.273843745580551,-3.530901117253948,2026-04-08T00:23:12.814332
2461138.517615741, A.D. 2026-Apr-08 00:25:22.0000,69.18563,-43016657.44681389,-126020120.7523003,-54391981.68464878,29.20778354627884,-8.273502415851704,-3.530753496389154,2026-04-08T00:24:12.814409
2461138.518310185, A.D. 2026-Apr-08 00:26:22.0000,69.18563,-43014904.97542518,-126020617.1524591,-54392193.52553065,29.20789994055323,-8.27316121299928,-3.530605635729694,2026-04-08T00:25:12.814365
2461138.519004629, A.D. 2026-Apr-08 00:27:22.0000,69.18563,-43013152.49705148,-126021113.5321483,-54392405.35753601,29.20801637317525,-8.272820084799383,-3.53045763299677,2026-04-08T00:26:12.814322
2461138.519699074, A.D. 2026-Apr-08 00:28:22.0000,69.18563,-43011400.01169157,-126021609.8913703,-54392617.18066025,29.20813280742126,-8.272478960141607,-3.530309622245909,2026-04-08T00:27:12.814358
2461138.520393519, A.D. 2026-Apr-08 00:29:22.0000,69.18563,-43009647.51934689,-126022106.2301224,-54392828.99490835,29.20824915535513,-8.272137669915454,-3.530161921260955,2026-04-08T00:28:12.814435
2461138.521087963, A.D. 2026-Apr-08 00:30:22.0000,69.18563,-43007895.02003282,-126022602.5483807,-54393040.80032289,29.20836527559542,-8.27179594369968,-3.530015039175813,2026-04-08T00:29:12.814391
2461138.521782408, A.D. 2026-Apr-08 00:31:22.0000,69.18563,-43006142.513749,-126023098.8461348,-54393252.59692785,29.20848137040253,-8.271454176107747,-3.529868229999271,2026-04-08T00:30:12.814428
2461138.522476852, A.D. 2026-Apr-08 00:32:22.0000,69.18563,-43004390.00049929,-126023595.1233834,-54393464.3847228,29.20859747749717,-8.271112443293143,-3.529721349257581,2026-04-08T00:31:12.814384
2461138.523171296, A.D. 2026-Apr-08 00:33:22.0000,69.18563,-43002637.48028198,-126024091.3801308,-54393676.16369962,29.20871362877888,-8.270770809530458,-3.529574275504772,2026-04-08T00:32:12.814340
2461138.523865741, A.D. 2026-Apr-08 00:34:22.0000,69.18563,-43000884.95309372,-126024587.6163843,-54393887.93384419,29.20882984424548,-8.270429315154612,-3.529426932520033,2026-04-08T00:33:12.814417
2461138.524560185, A.D. 2026-Apr-08 00:35:22.0000,69.18563,-42999132.41893045,-126025083.8321525,-54394099.6951395,29.20894612844483,-8.27008796954876,-3.529279303116225,2026-04-08T00:34:12.814373
2461138.52525463, A.D. 2026-Apr-08 00:36:22.0000,69.18563,-42997379.8777918,-126025580.027443,-54394311.44756901,29.20906246975878,-8.269746749411274,-3.529131431933489,2026-04-08T00:35:12.814410
2461138.525949074, A.D. 2026-Apr-08 00:37:22.0000,69.18563,-42995627.32966808,-126026076.2022637,-54394523.19112176,29.2091788424309,-8.26940560315188,-3.528983417648011,2026-04-08T00:36:12.814366
2461138.526643518, A.D. 2026-Apr-08 00:38:22.0000,69.18563,-42993874.77456192,-126026572.3566162,-54394734.92579266,29.20929521111364,-8.269064459795121,-3.528835395349771,2026-04-08T00:37:12.814322
2461138.527337963, A.D. 2026-Apr-08 00:39:22.0000,69.18563,-42992122.21247502,-126027068.4904976,-54394946.65158679,29.20941149123351,-8.268723150818266,-3.528687684987427,2026-04-08T00:38:12.814399
2461138.528032408, A.D. 2026-Apr-08 00:40:22.0000,69.18563,-42990369.64341923,-126027564.6038851,-54395158.36854743,29.20952754686535,-8.268381406824455,-3.528540798994383,2026-04-08T00:39:12.814436
2461138.528726852, A.D. 2026-Apr-08 00:41:22.0000,69.18563,-42988617.06740098,-126028060.6967663,-54395370.07669783,29.20964357941795,-8.268039622334571,-3.528393986803227,2026-04-08T00:40:12.814392
2461138.529421296, A.D. 2026-Apr-08 00:42:22.0000,69.18563,-42986864.48442049,-126028556.7691412,-54395581.77603807,29.20975962835437,-8.26769787366955,-3.528247103064427,2026-04-08T00:41:12.814348
2461138.530115741, A.D. 2026-Apr-08 00:43:22.0000,69.18563,-42985111.89447918,-126029052.8210129,-54395793.46655954,29.20987572657287,-8.26735622519715,-3.528100025486455,2026-04-08T00:42:12.814385
2461138.530810185, A.D. 2026-Apr-08 00:44:22.0000,69.18563,-42983359.29756647,-126029548.8523908,-54396005.14824891,29.2099918945648,-8.26701471716726,-3.527952677375273,2026-04-08T00:43:12.814341
2461138.53150463, A.D. 2026-Apr-08 00:45:22.0000,69.18563,-42981606.69368144,-126030044.8632826,-54396216.82108866,29.21010813663579,-8.26667335879914,-3.527805041198762,2026-04-08T00:44:12.814418
2461138.532199074, A.D. 2026-Apr-08 00:46:22.0000,69.18563,-42979854.08281992,-126030540.853697,-54396428.48506258,29.21022444016329,-8.266332126680053,-3.52765716186996,2026-04-08T00:45:12.814374
2461138.532893518, A.D. 2026-Apr-08 00:47:22.0000,69.18563,-42978101.464979,-126031036.8236399,-54396640.14015879,29.21034077786146,-8.265990968661818,-3.527509138481243,2026-04-08T00:46:12.814330
2461138.533587963, A.D. 2026-Apr-08 00:48:22.0000,69.18563,-42976348.8401577,-126031532.7731138,-54396851.78637265,29.21045711263509,-8.265649813559952,-3.527361106898161,2026-04-08T00:47:12.814367
2461138.534282407, A.D. 2026-Apr-08 00:49:22.0000,69.18563,-42974596.20835771,-126032028.702116,-54397063.42370918,29.21057335667446,-8.265308492323676,-3.527213388955259,2026-04-08T00:48:12.814323
2461138.534976852, A.D. 2026-Apr-08 00:50:22.0000,69.18563,-42972843.5695947,-126032524.6106224,-54397275.05221149,29.21068936973378,-8.264966735075376,-3.52706650027003,2026-04-08T00:49:12.814400
2461138.535671297, A.D. 2026-Apr-08 00:51:22.0000,69.18563,-42971090.92386838,-126033020.4986229,-54397486.67190386,29.21080535765448,-8.264624936730987,-3.526919685606968,2026-04-08T00:50:12.814437
2461138.536365741, A.D. 2026-Apr-08 00:52:22.0000,69.18563,-42969338.27118254,-126033516.3661161,-54397698.28278588,29.21092136042008,-8.264283173767481,-3.526772798751236,2026-04-08T00:51:12.814393
2461138.537060185, A.D. 2026-Apr-08 00:53:22.0000,69.18563,-42967585.61153518,-126034012.2131062,-54397909.88484935,29.2110374114347,-8.263941510485907,-3.52662571683056,2026-04-08T00:52:12.814349
2461138.53775463, A.D. 2026-Apr-08 00:54:22.0000,69.18563,-42965832.94492279,-126034508.0396006,-54398121.47807999,29.21115353155279,-8.263599987525152,-3.526478362795317,2026-04-08T00:53:12.814426
2461138.538449074, A.D. 2026-Apr-08 00:55:22.0000,69.18563,-42964080.27134094,-126035003.8456082,-54398333.06246061,29.21126972525583,-8.263258614357236,-3.526330719093842,2026-04-08T00:54:12.814382
2461138.539143519, A.D. 2026-Apr-08 00:56:22.0000,69.18563,-42962327.59078556,-126035499.6311373,-54398544.63797491,29.21138597995977,-8.262917367683821,-3.526182830952135,2026-04-08T00:55:12.814419
2461138.539837963, A.D. 2026-Apr-08 00:57:22.0000,69.18563,-42960574.90325718,-126035995.3961932,-54398756.20461054,29.21150226803949,-8.26257619563167,-3.526034798291339,2026-04-08T00:56:12.814375
2461138.540532407, A.D. 2026-Apr-08 00:58:22.0000,69.18563,-42958822.20874795,-126036491.1407802,-54398967.76236366,29.21161855206315,-8.262235027062163,-3.525886757750888,2026-04-08T00:57:12.814331
2461138.541226852, A.D. 2026-Apr-08 00:59:22.0000,69.18563,-42957069.50726312,-126036986.8648947,-54399179.31123895,29.21173474308041,-8.261893693214262,-3.525739033170432,2026-04-08T00:58:12.814408
2461138.541921296, A.D. 2026-Apr-08 01:00:22.0000,69.18563,-42955316.79881512,-126037482.5685137,-54399390.85128025,29.21185069848953,-8.261551923653528,-3.525592143309266,2026-04-08T00:59:12.814364
2461138.542615741, A.D. 2026-Apr-08 01:01:22.0000,69.18563,-42953564.0834108,-126037978.251625,-54399602.38251113,29.21196662846157,-8.261210113600074,-3.525445328116632,2026-04-08T01:00:12.814401
2461138.543310185, A.D. 2026-Apr-08 01:02:22.0000,69.18563,-42951811.36105036,-126038473.9142284,-54399813.90493165,29.21208257430473,-8.260868339245427,-3.525298440393185,2026-04-08T01:01:12.814357
2461138.54400463, A.D. 2026-Apr-08 01:03:22.0000,69.18563,-42950058.63173532,-126038969.556327,-54400025.41853309,29.21219857069478,-8.260526664699864,-3.525151356180032,2026-04-08T01:02:12.814394
2461138.544699074, A.D. 2026-Apr-08 01:04:22.0000,69.18563,-42948305.89545487,-126039465.1779302,-54400236.92330192,29.21231463969041,-8.260185129917902,-3.525003997691699,2026-04-08T01:03:12.814350
2461138.545393519, A.D. 2026-Apr-08 01:05:22.0000,69.18563,-42946553.15220792,-126039960.7790458,-54400448.41922042,29.21243078659001,-8.25984374378251,-3.524856347074224,2026-04-08T01:04:12.814427
2461138.546087963, A.D. 2026-Apr-08 01:06:22.0000,69.18563,-42944800.40199009,-126040456.3596822,-54400659.90627205,29.21254699911503,-8.259502482599016,-3.524708449561947,2026-04-08T01:05:12.814383
2461138.546782407, A.D. 2026-Apr-08 01:07:22.0000,69.18563,-42943047.6447982,-126040951.9198454,-54400871.38444484,29.21266324954341,-8.259161294047937,-3.524560405518102,2026-04-08T01:06:12.814339
2461138.547476852, A.D. 2026-Apr-08 01:08:22.0000,69.18563,-42941294.88063109,-126041447.4595377,-54401082.85373396,29.21277949965694,-8.258820106610061,-3.524412352433105,2026-04-08T01:07:12.814376
2461138.548171296, A.D. 2026-Apr-08 01:09:22.0000,69.18563,-42939542.10949031,-126041942.9787562,-54401294.31414454,29.21289565983037,-8.258478750616366,-3.524264615899849,2026-04-08T01:08:12.814332
2461138.548865741, A.D. 2026-Apr-08 01:10:22.0000,69.18563,-42937789.33139162,-126042438.4774768,-54401505.76572005,29.21301158689845,-8.258136954016965,-3.524117717077203,2026-04-08T01:09:12.814409
2461138.549560185, A.D. 2026-Apr-08 01:11:22.0000,69.18563,-42936036.54633482,-126042933.955689,-54401717.20848507,29.21312748690017,-8.257795117382997,-3.523970893778205,2026-04-08T01:10:12.814365
2461138.550254629, A.D. 2026-Apr-08 01:12:22.0000,69.18563,-42934283.75432385,-126043429.4133917,-54401928.64243925,29.21324339901331,-8.257453318923808,-3.523823998626503,2026-04-08T01:11:12.814322
2461138.550949074, A.D. 2026-Apr-08 01:13:22.0000,69.18563,-42932530.95535692,-126043924.8505894,-54402140.06757438,29.2133593562864,-8.257111624051474,-3.523676907654461,2026-04-08T01:12:12.814358
2461138.551643519, A.D. 2026-Apr-08 01:14:22.0000,69.18563,-42930778.14943065,-126044420.2672896,-54402351.48387606,29.21347537962298,-8.256770073677837,-3.523529543040071,2026-04-08T01:13:12.814435
2461138.552337963, A.D. 2026-Apr-08 01:15:22.0000,69.18563,-42929025.33654081,-126044915.6635014,-54402562.89132704,29.2135914741807,-8.256428677245857,-3.523381886794495,2026-04-08T01:14:12.814391
2461138.553032408, A.D. 2026-Apr-08 01:16:22.0000,69.18563,-42927272.51668341,-126045411.0392334,-54402774.28991089,29.21370762822086,-8.256087410130664,-3.523233984311532,2026-04-08T01:15:12.814428
2461138.553726852, A.D. 2026-Apr-08 01:17:22.0000,69.18563,-42925519.68985912,-126045906.3944911,-54402985.67961515,29.21382381533776,-8.25574621881613,-3.523085935986855,2026-04-08T01:16:12.814384
2461138.554421296, A.D. 2026-Apr-08 01:18:22.0000,69.18563,-42923766.85605998,-126046401.7292788,-54403197.06043596,29.21393999927707,-8.255405030287605,-3.522937879347983,2026-04-08T01:17:12.814340
2461138.555115741, A.D. 2026-Apr-08 01:19:22.0000,69.18563,-42922014.01529121,-126046897.0435925,-54403408.43237801,29.21405609312808,-8.255063671923084,-3.522790140724727,2026-04-08T01:18:12.814417
2461138.555810185, A.D. 2026-Apr-08 01:20:22.0000,69.18563,-42920261.16756491,-126047392.3374091,-54403619.79548541,29.21417195711064,-8.254721867314457,-3.522643242718444,2026-04-08T01:19:12.814373
2461138.55650463, A.D. 2026-Apr-08 01:21:22.0000,69.18563,-42918508.31288766,-126047887.6107157,-54403831.14978195,29.21428779728022,-8.254380020508913,-3.522496419604113,2026-04-08T01:20:12.814410
2461138.557199074, A.D. 2026-Apr-08 01:22:22.0000,69.18563,-42916755.45125974,-126048382.8635122,-54404042.4952676,29.21440365365504,-8.254038209547016,-3.522349523062939,2026-04-08T01:21:12.814366
2461138.557893518, A.D. 2026-Apr-08 01:23:22.0000,69.18563,-42915002.58267904,-126048878.0958027,-54404253.83193404,29.21451955988369,-8.253696500271719,-3.522202428439212,2026-04-08T01:22:12.814322
2461138.558587963, A.D. 2026-Apr-08 01:24:22.0000,69.18563,-42913249.70714542,-126049373.3075939,-54404465.15976632,29.21463553675635,-8.25335493418837,-3.522055057620067,2026-04-08T01:23:12.814399
2461138.559282408, A.D. 2026-Apr-08 01:25:22.0000,69.18563,-42911496.82464742,-126049868.4988967,-54404676.4787479,29.21475158887949,-8.253013521016285,-3.521907392843054,2026-04-08T01:24:12.814436
2461138.559976852, A.D. 2026-Apr-08 01:26:22.0000,69.18563,-42909743.93518431,-126050363.6697188,-54404887.78886175,29.21486770362201,-8.252672237104619,-3.521759479948246,2026-04-08T01:25:12.814392
2461138.560671296, A.D. 2026-Apr-08 01:27:22.0000,69.18563,-42907991.03875308,-126050858.8200665,-54405099.0900958,29.21498385329523,-8.252331029103134,-3.521611420220939,2026-04-08T01:26:12.814348
2461138.561365741, A.D. 2026-Apr-08 01:28:22.0000,69.18563,-42906238.13535275,-126051353.9499421,-54405310.38244525,29.21510000027657,-8.251989824547087,-3.521463352269629,2026-04-08T01:27:12.814385
2461138.562060185, A.D. 2026-Apr-08 01:29:22.0000,69.18563,-42904485.22498502,-126051849.0593431,-54405521.66591534,29.215216055583,-8.251648450955905,-3.521315604598282,2026-04-08T01:28:12.814341
2461138.56275463, A.D. 2026-Apr-08 01:30:22.0000,69.18563,-42902732.30766219,-126052344.1482458,-54405732.94055045,29.21533187699969,-8.251306632428442,-3.521168703242297,2026-04-08T01:29:12.814418
2461138.563449074, A.D. 2026-Apr-08 01:31:22.0000,69.18563,-42900979.38339455,-126052839.2166368,-54405944.20637406,29.21544767280919,-8.250964771819989,-3.521021877469509,2026-04-08T01:30:12.814374
2461138.564143518, A.D. 2026-Apr-08 01:32:22.0000,69.18563,-42899226.4521754,-126053334.2645179,-54406155.46338705,29.21556348335358,-8.250622947220652,-3.52087497805804,2026-04-08T01:31:12.814330
2461138.564837963, A.D. 2026-Apr-08 01:33:22.0000,69.18563,-42897473.51400632,-126053829.2918921,-54406366.71158063,29.21567934253492,-8.250281224056017,-3.520727879551456,2026-04-08T01:32:12.814367
2461138.565532407, A.D. 2026-Apr-08 01:34:22.0000,69.18563,-42895720.56888364,-126054324.2987672,-54406577.95094021,29.21579527151284,-8.249939643957488,-3.52058050319444,2026-04-08T01:33:12.814323
2461138.566226852, A.D. 2026-Apr-08 01:35:22.0000,69.18563,-42893967.61680298,-126054819.2851521,-54406789.18144825,29.21591127496594,-8.24959821628782,-3.5204328312146,2026-04-08T01:34:12.814400
2461138.566921297, A.D. 2026-Apr-08 01:36:22.0000,69.18563,-42892214.65776012,-126055314.2510554,-54407000.40308812,29.21602734035892,-8.249256917703793,-3.520284909719423,2026-04-08T01:35:12.814437
2461138.567615741, A.D. 2026-Apr-08 01:37:22.0000,69.18563,-42890461.69175216,-126055809.1964833,-54407211.61584763,29.21614344008952,-8.24891569541462,-3.520136840660557,2026-04-08T01:36:12.814393
2461138.568310185, A.D. 2026-Apr-08 01:38:22.0000,69.18563,-42888708.71878157,-126056304.1214374,-54407422.81972157,29.21625953630454,-8.248574476811358,-3.519988763545427,2026-04-08T01:37:12.814349
2461138.56900463, A.D. 2026-Apr-08 01:39:22.0000,69.18563,-42886955.73884321,-126056799.0259169,-54407634.01471603,29.21637553924358,-8.24823309027048,-3.51984100897436,2026-04-08T01:38:12.814426
2461138.569699074, A.D. 2026-Apr-08 01:40:22.0000,69.18563,-42885202.75195301,-126057293.9098976,-54407845.2008753,29.21649130486815,-8.24789126032797,-3.519694106387735,2026-04-08T01:39:12.814382
2461138.570393519, A.D. 2026-Apr-08 01:41:22.0000,69.18563,-42883449.75811781,-126057788.7733668,-54408056.37822349,29.21660704547459,-8.24754938922547,-3.51954728011336,2026-04-08T01:40:12.814419
2461138.571087963, A.D. 2026-Apr-08 01:42:22.0000,69.18563,-42881696.7573379,-126058283.6163245,-54408267.54676057,29.21672280247046,-8.247207554372928,-3.519400379799078,2026-04-08T01:41:12.814375
2461138.571782407, A.D. 2026-Apr-08 01:43:22.0000,69.18563,-42879943.7496112,-126058778.4387749,-54408478.70647815,29.21683861051024,-8.246865820941117,-3.519253278997581,2026-04-08T01:42:12.814331
2461138.572476852, A.D. 2026-Apr-08 01:44:22.0000,69.18563,-42878190.73493385,-126059273.2407253,-54408689.85736153,29.21695449135352,-8.246524229435677,-3.519105898238316,2026-04-08T01:43:12.814408
2461138.573171296, A.D. 2026-Apr-08 01:45:22.0000,69.18563,-42876437.71330481,-126059768.0221838,-54408900.99939259,29.21707044967266,-8.24618278908385,-3.518958219311452,2026-04-08T01:44:12.814364
2461138.573865741, A.D. 2026-Apr-08 01:46:22.0000,69.18563,-42874684.68471273,-126060262.783161,-54409112.13255544,29.21718647256098,-8.245841475452014,-3.518810288444346,2026-04-08T01:45:12.814401
2461138.574560185, A.D. 2026-Apr-08 01:47:22.0000,69.18563,-42872931.64915804,-126060757.5236617,-54409323.25683732,29.21730253152653,-8.24550023552384,-3.518662208056389,2026-04-08T01:46:12.814357
2461138.57525463, A.D. 2026-Apr-08 01:48:22.0000,69.18563,-42871178.60663965,-126061252.2436886,-54409534.3722333,29.21741858777698,-8.245158996342125,-3.518514118442765,2026-04-08T01:47:12.814394
2461138.575949074, A.D. 2026-Apr-08 01:49:22.0000,69.18563,-42869425.55715935,-126061746.9432384,-54409745.47874863,29.2175345500232,-8.244817585610503,-3.518366351935683,2026-04-08T01:48:12.814350
2461138.576643519, A.D. 2026-Apr-08 01:50:22.0000,69.18563,-42867672.50072975,-126062241.6222879,-54409956.57642817,29.2176502725204,-8.244475726182586,-3.518219440513295,2026-04-08T01:49:12.814427
2461138.577337963, A.D. 2026-Apr-08 01:51:22.0000,69.18563,-42865919.43735782,-126062736.280824,-54410167.6652961,29.21776596774947,-8.244133826218212,-3.518072606180161,2026-04-08T01:50:12.814383
2461138.578032407, A.D. 2026-Apr-08 01:52:22.0000,69.18563,-42864166.36704744,-126063230.9188461,-54410378.74535206,29.21788167687435,-8.243791965360893,-3.517925698543058,2026-04-08T01:51:12.814339
2461138.578726852, A.D. 2026-Apr-08 01:53:22.0000,69.18563,-42862413.28978971,-126063725.5363603,-54410589.81658851,29.21799743502316,-8.243450210362813,-3.517778591020654,2026-04-08T01:52:12.814376
2461138.579421296, A.D. 2026-Apr-08 01:54:22.0000,69.18563,-42860660.20558441,-126064220.1333735,-54410800.87899037,29.21811326451564,-8.243108602915958,-3.51763120408916,2026-04-08T01:53:12.814332
2461138.580115741, A.D. 2026-Apr-08 01:55:22.0000,69.18563,-42858907.11442701,-126064714.709895,-54411011.93254002,29.21822917125364,-8.242767152568993,-3.517483519578385,2026-04-08T01:54:12.814409
2461138.580810185, A.D. 2026-Apr-08 01:56:22.0000,69.18563,-42857154.01631314,-126065209.2659336,-54411222.97722067,29.21834514345584,-8.24242583426387,-3.517335583672854,2026-04-08T01:55:12.814365
2461138.581504629, A.D. 2026-Apr-08 01:57:22.0000,69.18563,-42855400.91123962,-126065703.8014958,-54411434.01302008,29.21846115392443,-8.24208459368839,-3.517187498985129,2026-04-08T01:56:12.814322
2461138.582199074, A.D. 2026-Apr-08 01:58:22.0000,69.18563,-42853647.79920523,-126066198.3165841,-54411645.03993337,29.21857716480526,-8.241743356228724,-3.517039405768663,2026-04-08T01:57:12.814358
2461138.582893519, A.D. 2026-Apr-08 01:59:22.0000,69.18563,-42851894.68021501,-126066692.8111945,-54411856.05796541,29.21869308675681,-8.24140194608187,-3.516891637151128,2026-04-08T01:58:12.814435
2461138.583587963, A.D. 2026-Apr-08 02:00:22.0000,69.18563,-42850141.55427417,-126067187.2853053,-54412067.06716202,29.21880877698176,-8.241060082094023,-3.516744726512219,2026-04-08T01:59:12.814391
2461138.584282408, A.D. 2026-Apr-08 02:01:22.0000,69.18563,-42848388.42139288,-126067681.7389026,-54412278.06754708,29.21892444070501,-8.240718174895422,-3.516597892334437,2026-04-08T02:00:12.814428
2461138.584976852, A.D. 2026-Apr-08 02:02:22.0000,69.18563,-42846635.28157158,-126068176.1719861,-54412489.05912056,29.21904011672333,-8.240376303886787,-3.51645098331595,2026-04-08T02:01:12.814384
2461138.585671296, A.D. 2026-Apr-08 02:03:22.0000,69.18563,-42844882.1348085,-126068670.5845601,-54412700.04187395,29.21915583765834,-8.240034535992876,-3.516303872210851,2026-04-08T02:02:12.814340
2461138.586365741, A.D. 2026-Apr-08 02:04:22.0000,69.18563,-42843128.98110028,-126069164.9766323,-54412911.01579248,29.21927162413033,-8.239692913291071,-3.516156479204055,2026-04-08T02:03:12.814417
2461138.587060185, A.D. 2026-Apr-08 02:05:22.0000,69.18563,-42841375.82044271,-126069659.3482119,-54413121.98085835,29.21938748094296,-8.239351445607207,-3.516008786231361,2026-04-08T02:04:12.814373
2461138.58775463, A.D. 2026-Apr-08 02:06:22.0000,69.18563,-42839622.65283538,-126070153.6993064,-54413332.93705424,29.21950339626929,-8.239010108935089,-3.515860839971193,2026-04-08T02:05:12.814410
2461138.588449074, A.D. 2026-Apr-08 02:07:22.0000,69.18563,-42837869.47826853,-126070648.0299244,-54413543.88436862,29.21961934376302,-8.23866884901289,-3.515712743844978,2026-04-08T02:06:12.814366
2461138.589143518, A.D. 2026-Apr-08 02:08:22.0000,69.18563,-42836116.29674471,-126071142.3400673,-54413754.82279622,29.21973528730511,-8.23832759229222,-3.515564639247375,2026-04-08T02:07:12.814322
2461138.589837963, A.D. 2026-Apr-08 02:09:22.0000,69.18563,-42834363.10826571,-126071636.6297323,-54413965.75234231,29.21985114016471,-8.237986163055403,-3.515416861296253,2026-04-08T02:08:12.814399
2461138.590532408, A.D. 2026-Apr-08 02:10:22.0000,69.18563,-42832609.91284366,-126072130.8988953,-54414176.67305222,29.21996676281895,-8.237644280331242,-3.515269946647992,2026-04-08T02:09:12.814436
2461138.591226852, A.D. 2026-Apr-08 02:11:22.0000,69.18563,-42830856.71048512,-126072625.1475439,-54414387.58495034,29.22008236220089,-8.237302355552831,-3.515123109299964,2026-04-08T02:10:12.814392
2461138.591921296, A.D. 2026-Apr-08 02:12:22.0000,69.18563,-42829103.50119032,-126073119.3756777,-54414598.48803669,29.22019797871816,-8.236960468331597,-3.514976197193138,2026-04-08T02:11:12.814348
2461138.592615741, A.D. 2026-Apr-08 02:13:22.0000,69.18563,-42827350.2849606,-126073613.5833,-54414809.38230235,29.22031364623458,-8.236618685626766,-3.514829082196421,2026-04-08T02:12:12.814385
2461138.593310185, A.D. 2026-Apr-08 02:14:22.0000,69.18563,-42825597.06178527,-126074107.7704207,-54415020.2677333,29.22042938566259,-8.236277049469832,-3.514681684032119,2026-04-08T02:13:12.814341
2461138.59400463, A.D. 2026-Apr-08 02:15:22.0000,69.18563,-42823843.83166325,-126074601.9370479,-54415231.14431121,29.22054520141766,-8.23593556956527,-3.51453398439057,2026-04-08T02:14:12.814418
2461138.594699074, A.D. 2026-Apr-08 02:16:22.0000,69.18563,-42822090.59459029,-126075096.0831904,-54415442.01201912,29.22066108043194,-8.235594221178163,-3.514386030087484,2026-04-08T02:15:12.814374
2461138.595393518, A.D. 2026-Apr-08 02:17:22.0000,69.18563,-42820337.35056335,-126075590.2088547,-54415652.8708446,29.22077699459545,-8.235252950234335,-3.514237925093867,2026-04-08T02:16:12.814330
2461138.596087963, A.D. 2026-Apr-08 02:18:22.0000,69.18563,-42818584.09958142,-126076084.3140432,-54415863.72078274,29.22089290576847,-8.234911682252987,-3.51408981139038,2026-04-08T02:17:12.814367
2461138.596782407, A.D. 2026-Apr-08 02:19:22.0000,69.18563,-42816830.84164631,-126076578.3987531,-54416074.5618389,29.22100872375688,-8.234570241361197,-3.513942026013679,2026-04-08T02:18:12.814323
2461138.597476852, A.D. 2026-Apr-08 02:20:22.0000,69.18563,-42815077.57677391,-126077072.4629595,-54416285.39405812,29.22112430441113,-8.234228345809917,-3.513795108486841,2026-04-08T02:19:12.814400
2461138.598171297, A.D. 2026-Apr-08 02:21:22.0000,69.18563,-42813324.30496418,-126077566.5066514,-54416496.21746583,29.22123985937097,-8.233886407497492,-3.51364826855194,2026-04-08T02:20:12.814437
2461138.598865741, A.D. 2026-Apr-08 02:22:22.0000,69.18563,-42811571.02622087,-126078060.5298277,-54416707.03206161,29.22135542967094,-8.233544506039602,-3.513501353250396,2026-04-08T02:21:12.814393
2461138.599560185, A.D. 2026-Apr-08 02:23:22.0000,69.18563,-42809817.74054201,-126078554.5324928,-54416917.83783688,29.22147104972409,-8.233202708582677,-3.513354233831156,2026-04-08T02:22:12.814349
2461138.60025463, A.D. 2026-Apr-08 02:24:22.0000,69.18563,-42808064.44792388,-126079048.5146544,-54417128.6347767,29.22158674098786,-8.232861057528432,-3.513206829693159,2026-04-08T02:23:12.814426
2461138.600949074, A.D. 2026-Apr-08 02:25:22.0000,69.18563,-42806311.14836195,-126079542.4763214,-54417339.42286309,29.22170250813143,-8.232519562598236,-3.513059122588424,2026-04-08T02:24:12.814382
2461138.601643519, A.D. 2026-Apr-08 02:26:22.0000,69.18563,-42804557.84185201,-126080036.4175031,-54417550.20207899,29.22181833809916,-8.232178199672608,-3.512911159672659,2026-04-08T02:25:12.814419
2461138.602337963, A.D. 2026-Apr-08 02:27:22.0000,69.18563,-42802804.52839454,-126080530.3382046,-54417760.97241152,29.22193420256724,-8.231836914577293,-3.512763045462368,2026-04-08T02:26:12.814375
2461138.603032407, A.D. 2026-Apr-08 02:28:22.0000,69.18563,-42801051.20798163,-126081024.2384304,-54417971.73385656,29.22205006302524,-8.231495633240872,-3.51261492303928,2026-04-08T02:27:12.814331
2461138.603726852, A.D. 2026-Apr-08 02:29:22.0000,69.18563,-42799297.88061859,-126081518.1181769,-54418182.48641913,29.22216582789813,-8.231154179542616,-3.512467131133802,2026-04-08T02:28:12.814408
2461138.604421296, A.D. 2026-Apr-08 02:30:22.0000,69.18563,-42797544.54631817,-126082011.97742,-54418393.23014499,29.22228135070979,-8.230812271476227,-3.512320212395052,2026-04-08T02:29:12.814364
2461138.605115741, A.D. 2026-Apr-08 02:31:22.0000,69.18563,-42795791.20508737,-126082505.816147,-54418603.96505889,29.22239684751445,-8.23047032141334,-3.512173371892621,2026-04-08T02:30:12.814401
2461138.605810185, A.D. 2026-Apr-08 02:32:22.0000,69.18563,-42794037.85692646,-126082999.6343578,-54418814.6911608,29.22251236071431,-8.23012840868046,-3.512026455585207,2026-04-08T02:31:12.814357
2461138.60650463, A.D. 2026-Apr-08 02:33:22.0000,69.18563,-42792284.50183336,-126083493.4320565,-54419025.40844211,29.22262792612551,-8.22978660003978,-3.511879333852812,2026-04-08T02:32:12.814394
2461138.607199074, A.D. 2026-Apr-08 02:34:22.0000,69.18563,-42790531.13980417,-126083987.2092511,-54419236.11688776,29.22274356620845,-8.229444937076364,-3.51173192533731,2026-04-08T02:33:12.814350
2461138.607893519, A.D. 2026-Apr-08 02:35:22.0000,69.18563,-42788777.7708376,-126084480.9659496,-54419446.81647925,29.22285928657115,-8.229103429400901,-3.511584211302992,2026-04-08T02:34:12.814427
2461138.608587963, A.D. 2026-Apr-08 02:36:22.0000,69.18563,-42787024.39492221,-126084974.7021626,-54419657.50720014,29.2229750744619,-8.22876205205507,-3.511436239086404,2026-04-08T02:35:12.814383
2461138.609282407, A.D. 2026-Apr-08 02:37:22.0000,69.18563,-42785271.01205819,-126085468.4178957,-54419868.18903749,29.22309090140719,-8.22842075050709,-3.511288113670276,2026-04-08T02:36:12.814339
2461138.609976852, A.D. 2026-Apr-08 02:38:22.0000,69.18563,-42783517.62224434,-126085962.113151,-54420078.86198623,29.22320672809285,-8.228079450323781,-3.511139978765875,2026-04-08T02:37:12.814376
2461138.610671296, A.D. 2026-Apr-08 02:39:22.0000,69.18563,-42781764.22548229,-126086455.7879258,-54420289.52605171,29.22332246233613,-8.227737974606239,-3.51099217490644,2026-04-08T02:38:12.814332
2461138.611365741, A.D. 2026-Apr-08 02:40:22.0000,69.18563,-42780010.82178462,-126086949.4421958,-54420500.18127988,29.22343795682249,-8.227396039878109,-3.510845247199947,2026-04-08T02:39:12.814409
2461138.612060185, A.D. 2026-Apr-08 02:41:22.0000,69.18563,-42778257.41115831,-126087443.0759479,-54420710.82769556,29.22355342366273,-8.227054063433654,-3.510698398404977,2026-04-08T02:40:12.814365
2461138.612754629, A.D. 2026-Apr-08 02:42:22.0000,69.18563,-42776503.99360729,-126087936.6891814,-54420921.46529835,29.22366890312473,-8.226712126637203,-3.510551474584726,2026-04-08T02:41:12.814322
2461138.613449074, A.D. 2026-Apr-08 02:43:22.0000,69.18563,-42774750.56912274,-126088430.2819025,-54421132.09408055,29.22378442929898,-8.226370297815107,-3.510404346036859,2026-04-08T02:42:12.814358
2461138.614143519, A.D. 2026-Apr-08 02:44:22.0000,69.18563,-42772997.13770463,-126088923.8541183,-54421342.7140267,29.22390002370727,-8.226028619483872,-3.51025693136081,2026-04-08T02:43:12.814435
2461138.614837963, A.D. 2026-Apr-08 02:45:22.0000,69.18563,-42771243.69934864,-126089417.4058383,-54421553.32511876,29.22401569162296,-8.225687101266448,-3.510109211849894,2026-04-08T02:44:12.814391
2461138.615532408, A.D. 2026-Apr-08 02:46:22.0000,69.18563,-42769490.25405066,-126089910.9370713,-54421763.9273395,29.22413142097751,-8.225345717956069,-3.509961234760444,2026-04-08T02:45:12.814428
2461138.616226852, A.D. 2026-Apr-08 02:47:22.0000,69.18563,-42767736.80180766,-126090404.4478241,-54421974.52067641,29.22424718459926,-8.225004413605507,-3.509813105248104,2026-04-08T02:46:12.814384
2461138.616921296, A.D. 2026-Apr-08 02:48:22.0000,69.18563,-42765983.34261878,-126090897.9380991,-54422185.10512449,29.22436294513455,-8.22466311232502,-3.509664966999984,2026-04-08T02:47:12.814340
2461138.617615741, A.D. 2026-Apr-08 02:49:22.0000,69.18563,-42764229.87648916,-126091391.4078925,-54422395.68068872,29.22447861310956,-8.224321634193549,-3.509517161131579,2026-04-08T02:48:12.814417
2461138.618310185, A.D. 2026-Apr-08 02:50:22.0000,69.18563,-42762476.40342432,-126091884.8571817,-54422606.24741606,29.22459404493651,-8.223979691555598,-3.509370234036908,2026-04-08T02:49:12.814373
2461138.61900463, A.D. 2026-Apr-08 02:51:22.0000,69.18563,-42760722.92343448,-126092378.2859526,-54422816.80533091,29.22470945214032,-8.223637705084906,-3.509223385295816,2026-04-08T02:50:12.814410
2461138.619699074, A.D. 2026-Apr-08 02:52:22.0000,69.18563,-42758969.4365199,-126092871.694205,-54423027.35443325,29.22482487598135,-8.223295755952105,-3.509076459979791,2026-04-08T02:51:12.814366
2461138.620393518, A.D. 2026-Apr-08 02:53:22.0000,69.18563,-42757215.94267852,-126093365.0819434,-54423237.89471442,29.2249403509903,-8.222953912608933,-3.508929327709359,2026-04-08T02:52:12.814322
2461138.621087963, A.D. 2026-Apr-08 02:54:22.0000,69.18563,-42755462.44190652,-126093858.4491755,-54423448.42615926,29.22505589866047,-8.222612218499078,-3.508781906872788,2026-04-08T02:53:12.814399
2461138.621782408, A.D. 2026-Apr-08 02:55:22.0000,69.18563,-42753708.93419929,-126094351.7959108,-54423658.94874955,29.2251715237924,-8.2222706836482,-3.508634178840321,2026-04-08T02:54:12.814436
2461138.622476852, A.D. 2026-Apr-08 02:56:22.0000,69.18563,-42751955.41955601,-126094845.1221572,-54423869.46246756,29.22528721346925,-8.22192928335024,-3.508486191525214,2026-04-08T02:55:12.814392
2461138.623171296, A.D. 2026-Apr-08 02:57:22.0000,69.18563,-42750201.89796659,-126095338.4279234,-54424079.96730149,29.22540293942076,-8.22158796245984,-3.508338050740427,2026-04-08T02:56:12.814348
2461138.623865741, A.D. 2026-Apr-08 02:58:22.0000,69.18563,-42748448.36943348,-126095831.7132106,-54424290.46324591,29.22551866306993,-8.221246645164387,-3.50818990130868,2026-04-08T02:57:12.814385
2461138.624560185, A.D. 2026-Apr-08 02:59:22.0000,69.18563,-42746694.83395839,-126096324.9780164,-54424500.95030627,29.22563429311048,-8.220905152124839,-3.50804208654765,2026-04-08T02:58:12.814341
2461138.62525463, A.D. 2026-Apr-08 03:00:22.0000,69.18563,-42744941.29155391,-126096818.2223162,-54424711.42852897,29.2257496836698,-8.220563196173154,-3.507895155994917,2026-04-08T02:59:12.814418
2461138.625949074, A.D. 2026-Apr-08 03:01:22.0000,69.18563,-42743187.742227,-126097311.4460969,-54424921.89793903,29.22586504819137,-8.220221196539892,-3.507748304466928,2026-04-08T03:00:12.814374
2461138.626643518, A.D. 2026-Apr-08 03:02:22.0000,69.18563,-42741434.18597797,-126097804.6493584,-54425132.35853639,29.22598042779432,-8.219879234377618,-3.507601376127202,2026-04-08T03:01:12.814330
2461138.627337963, A.D. 2026-Apr-08 03:03:22.0000,69.185629,-42739680.6228048,-126098297.8321049,-54425342.81031238,29.22609585707253,-8.219537377710758,-3.507454239885852,2026-04-08T03:02:12.814367
2461138.628032407, A.D. 2026-Apr-08 03:04:22.0000,69.185629,-42737927.05270727,-126098790.9943435,-54425553.25325132,29.22621135760618,-8.21919566976564,-3.507306813533624,2026-04-08T03:03:12.814323
2461138.628726852, A.D. 2026-Apr-08 03:05:22.0000,69.185629,-42736173.47567395,-126099284.1360853,-54425763.68733577,29.22632693414936,-8.218854120538317,-3.507159078411559,2026-04-08T03:04:12.814400
2461138.629421297, A.D. 2026-Apr-08 03:06:22.0000,69.185629,-42734419.89170402,-126099777.2573383,-54425974.11254787,29.22644257376113,-8.218512705353005,-3.507011082566883,2026-04-08T03:05:12.814437
2461138.630115741, A.D. 2026-Apr-08 03:07:22.0000,69.185629,-42732666.30079448,-126100270.3581092,-54426184.52887494,29.22655824808501,-8.218171369513028,-3.506862932681024,2026-04-08T03:06:12.814393
2461138.630810185, A.D. 2026-Apr-08 03:08:22.0000,69.185629,-42730912.70294439,-126100763.4384004,-54426394.93631198,29.22667391851203,-8.21783003741172,-3.506714774290177,2026-04-08T03:07:12.814349
2461138.63150463, A.D. 2026-Apr-08 03:09:22.0000,69.185629,-42729159.09815559,-126101256.4982091,-54426605.33486444,29.22678949308803,-8.2174885305199,-3.506566952742573,2026-04-08T03:08:12.814426
2461138.632199074, A.D. 2026-Apr-08 03:10:22.0000,69.185629,-42727405.48644087,-126101749.5375112,-54426815.72457901,29.22690482432091,-8.217146562067652,-3.506420020922738,2026-04-08T03:09:12.814382
2461138.632893519, A.D. 2026-Apr-08 03:11:22.0000,69.185629,-42725651.86781073,-126102242.5562924,-54427026.10548045,29.22702013008684,-8.21680455100432,-3.506273168785988,2026-04-08T03:10:12.814419
2461138.633587963, A.D. 2026-Apr-08 03:12:22.0000,69.185629,-42723898.24225846,-126102735.5545547,-54427236.47756965,29.2271354529789,-8.216462577869356,-3.506126239433571,2026-04-08T03:11:12.814375
2461138.634282407, A.D. 2026-Apr-08 03:13:22.0000,69.185629,-42722144.60978535,-126103228.5323014,-54427446.84083728,29.22725082888655,-8.216120710291113,-3.505979100822743,2026-04-08T03:12:12.814331
2461138.634976852, A.D. 2026-Apr-08 03:14:22.0000,69.185629,-42720390.97038751,-126103721.4895404,-54427657.19526816,29.22736628014698,-8.215778990890968,-3.505831670006287,2026-04-08T03:13:12.814408
2461138.635671296, A.D. 2026-Apr-08 03:15:22.0000,69.185629,-42718637.32406016,-126104214.426281,-54427867.54084377,29.2274818118355,-8.215437428990189,-3.50568392792709,2026-04-08T03:14:12.814364
2461138.636365741, A.D. 2026-Apr-08 03:16:22.0000,69.185629,-42716883.67079876,-126104707.3425321,-54428077.8775465,29.22759741072521,-8.215095999341042,-3.50553592286086,2026-04-08T03:15:12.814401
2461138.637060185, A.D. 2026-Apr-08 03:17:22.0000,69.185629,-42715130.01060012,-126105200.2383,-54428288.20536364,29.2277130476458,-8.214754646721486,-3.505387761752337,2026-04-08T03:16:12.814357
2461138.63775463, A.D. 2026-Apr-08 03:18:22.0000,69.185629,-42713376.34346311,-126105693.1135872,-54428498.52428999,29.22782868263465,-8.214413295501881,-3.50523959104766,2026-04-08T03:17:12.814394
2461138.638449074, A.D. 2026-Apr-08 03:19:22.0000,69.185629,-42711622.66939294,-126106185.9683897,-54428708.83433063,29.2279442221236,-8.214071765876557,-3.505091757727388,2026-04-08T03:18:12.814350
2461138.639143519, A.D. 2026-Apr-08 03:20:22.0000,69.185629,-42709868.98839554,-126106678.8026849,-54428919.13553319,29.22805951656533,-8.213729770118135,-3.504944817156742,2026-04-08T03:19:12.814427
2461138.639837963, A.D. 2026-Apr-08 03:21:22.0000,69.185629,-42708115.30048151,-126107171.6164586,-54429129.42792255,29.22817478297118,-8.213387732031007,-3.50479795710717,2026-04-08T03:20:12.814383
2461138.640532407, A.D. 2026-Apr-08 03:22:22.0000,69.185629,-42706361.60565128,-126107664.409711,-54429339.71149874,29.22829006318422,-8.213045734347753,-3.504651020565136,2026-04-08T03:21:12.814339
2461138.641226852, A.D. 2026-Apr-08 03:23:22.0000,69.185629,-42704607.90390293,-126108157.1824464,-54429549.98625307,29.22840539269947,-8.21270384633501,-3.504503875360702,2026-04-08T03:22:12.814376
2461138.641921296, A.D. 2026-Apr-08 03:24:22.0000,69.185629,-42702854.1952327,-126108649.934673,-54429760.25217012,29.22852079413493,-8.21236211152732,-3.50435643847312,2026-04-08T03:23:12.814332
2461138.642615741, A.D. 2026-Apr-08 03:25:22.0000,69.185629,-42701100.47963602,-126109142.6664003,-54429970.50923163,29.22863627333937,-8.212020539290558,-3.504208690957783,2026-04-08T03:24:12.814409
2461138.643310185, A.D. 2026-Apr-08 03:26:22.0000,69.185629,-42699346.757112,-126109635.3776367,-54430180.75741956,29.22875181818103,-8.211679104162348,-3.504060680916419,2026-04-08T03:25:12.814365
2461138.644004629, A.D. 2026-Apr-08 03:27:22.0000,69.185629,-42697593.02765054,-126110128.0683908,-54430390.99672198,29.22886740093119,-8.211337749351733,-3.503912515372344,2026-04-08T03:26:12.814322
2461138.644699074, A.D. 2026-Apr-08 03:28:22.0000,69.185629,-42695839.29125386,-126110620.738664,-54430601.22713339,29.2289829831005,-8.210996397609135,-3.503764340856758,2026-04-08T03:27:12.814358
2461138.645393519, A.D. 2026-Apr-08 03:29:22.0000,69.185629,-42694085.54792366,-126111113.3884535,-54430811.4486593,29.22909847331933,-8.21065486617655,-3.503616505022046,2026-04-08T03:28:12.814435
2461138.646087963, A.D. 2026-Apr-08 03:30:22.0000,69.185629,-42692331.79767243,-126111606.0177343,-54431021.66134666,29.22921372535465,-8.21031286270839,-3.503469564418175,2026-04-08T03:29:12.814391
2461138.646782408, A.D. 2026-Apr-08 03:31:22.0000,69.185629,-42690578.04050707,-126112098.6264933,-54431231.8652208,29.22932895118161,-8.209970814710182,-3.503322703774114,2026-04-08T03:30:12.814428
2461138.647476852, A.D. 2026-Apr-08 03:32:22.0000,69.185629,-42688824.27642792,-126112591.2147301,-54431442.0602817,29.22944419123599,-8.209628804794251,-3.503175765226585,2026-04-08T03:31:12.814384
2461138.648171296, A.D. 2026-Apr-08 03:33:22.0000,69.185629,-42687070.50543307,-126113083.7824492,-54431652.24652051,29.22955947945345,-8.209286902804022,-3.503028616097626,2026-04-08T03:32:12.814340
2461138.648865741, A.D. 2026-Apr-08 03:34:22.0000,69.185629,-42685316.72752239,-126113576.3296577,-54431862.42392144,29.22967483716582,-8.208945152453376,-3.502881173068558,2026-04-08T03:33:12.814417
2461138.649560185, A.D. 2026-Apr-08 03:35:22.0000,69.185629,-42683562.9426845,-126114068.8563669,-54432072.5924667,29.22979026915224,-8.208603563830788,-3.502733417323786,2026-04-08T03:34:12.814373
2461138.65025463, A.D. 2026-Apr-08 03:36:22.0000,69.185629,-42681809.15091872,-126114561.3625852,-54432282.7521383,29.22990576291201,-8.208262111846478,-3.502585397401353,2026-04-08T03:35:12.814410
2461138.650949074, A.D. 2026-Apr-08 03:37:22.0000,69.185629,-42680055.35222215,-126115053.848319,-54432492.90292336,29.23002129076264,-8.207920740343104,-3.502437221188556,2026-04-08T03:36:12.814366
2461138.651643518, A.D. 2026-Apr-08 03:38:22.0000,69.185629,-42678301.54659379,-126115546.3135711,-54432703.04481677,29.23013681479409,-8.207579372158424,-3.502289036146358,2026-04-08T03:37:12.814322
2461138.652337963, A.D. 2026-Apr-08 03:39:22.0000,69.185629,-42676547.73403545,-126116038.7583385,-54432913.17782404,29.23025224481336,-8.20723782438806,-3.502141191708156,2026-04-08T03:38:12.814399
2461138.653032408, A.D. 2026-Apr-08 03:40:22.0000,69.185629,-42674793.91455971,-126116531.1825963,-54433123.30199245,29.23036743584754,-8.206895804433916,-3.501994247483444,2026-04-08T03:39:12.814436
2461138.653726852, A.D. 2026-Apr-08 03:41:22.0000,69.185629,-42673040.088177,-126117023.5863302,-54433333.417347,29.23048260219109,-8.206553740669893,-3.501847383884016,2026-04-08T03:40:12.814392
2461138.654421296, A.D. 2026-Apr-08 03:42:22.0000,69.185629,-42671286.25488047,-126117515.9695419,-54433543.52388859,29.23059778564136,-8.206211715680098,-3.501700442319043,2026-04-08T03:41:12.814348
2461138.655115741, A.D. 2026-Apr-08 03:43:22.0000,69.185629,-42669532.4146715,-126118008.3322352,-54433753.62160788,29.23071302129395,-8.205869799391712,-3.501553289265607,2026-04-08T03:42:12.814385
2461138.655810185, A.D. 2026-Apr-08 03:44:22.0000,69.185629,-42667778.56754624,-126118500.6744178,-54433963.71048938,29.23082833098539,-8.205528035309916,-3.50140584103543,2026-04-08T03:43:12.814341
2461138.65650463, A.D. 2026-Apr-08 03:45:22.0000,69.185629,-42666024.71350004,-126118992.9960996,-54434173.79051451,29.23094371940097,-8.20518643362281,-3.501258078485626,2026-04-08T03:44:12.814418
2461138.657199074, A.D. 2026-Apr-08 03:46:22.0000,69.185629,-42664270.85252844,-126119485.2972895,-54434383.8616655,29.23105917338941,-8.204844968968512,-3.501110050493949,2026-04-08T03:45:12.814374
2461138.657893518, A.D. 2026-Apr-08 03:47:22.0000,69.185629,-42662516.9846283,-126119977.5779944,-54434593.92392944,29.23117466404465,-8.20450358494075,-3.500961865286136,2026-04-08T03:46:12.814330
2461138.658587963, A.D. 2026-Apr-08 03:48:22.0000,69.185629,-42660763.1097986,-126120469.8382166,-54434803.97730116,29.23129015203435,-8.204162204282058,-3.500813671003748,2026-04-08T03:47:12.814367
2461138.659282407, A.D. 2026-Apr-08 03:49:22.0000,69.185629,-42659009.22804456,-126120962.0779525,-54435014.02178582,29.23140554443155,-8.203820643774467,-3.500665819032155,2026-04-08T03:48:12.814323
2461138.659976852, A.D. 2026-Apr-08 03:50:22.0000,69.185629,-42657255.33937211,-126121454.297179,-54435224.05743173,29.23152069256122,-8.203478610759076,-3.500518871721801,2026-04-08T03:49:12.814400
2461138.660671297, A.D. 2026-Apr-08 03:51:22.0000,69.185629,-42655501.44379178,-126121946.4958816,-54435434.08426402,29.23163581434742,-8.203136533298306,-3.500372005359954,2026-04-08T03:50:12.814437
2461138.661365741, A.D. 2026-Apr-08 03:52:22.0000,69.185629,-42653747.54130386,-126122438.6740605,-54435644.10228278,29.23175095199904,-8.202794494449272,-3.500225060528858,2026-04-08T03:51:12.814393
2461138.662060185, A.D. 2026-Apr-08 03:53:22.0000,69.185629,-42651993.63190628,-126122930.8317199,-54435854.11147898,29.23186614089757,-8.202452563648041,-3.500077903071862,2026-04-08T03:52:12.814349
2461138.66275463, A.D. 2026-Apr-08 03:54:22.0000,69.185629,-42650239.71559524,-126123422.9688679,-54436064.11183711,29.23198140307377,-8.202110784826367,-3.499930448934295,2026-04-08T03:53:12.814426
2461138.663449074, A.D. 2026-Apr-08 03:55:22.0000,69.185629,-42648485.79236609,-126123915.0855141,-54436274.10333843,29.23209674334178,-8.201769168539492,-3.499782679024288,2026-04-08T03:54:12.814382
2461138.664143519, A.D. 2026-Apr-08 03:56:22.0000,69.185629,-42646731.86221448,-126124407.1816676,-54436484.08596516,29.232212148395,-8.201427689334011,-3.499634642515696,2026-04-08T03:55:12.814419
2461138.664837963, A.D. 2026-Apr-08 03:57:22.0000,69.185629,-42644977.92514081,-126124899.2573341,-54436694.05970389,29.23232758911578,-8.201086291279216,-3.499486448350081,2026-04-08T03:56:12.814375
2461138.665532407, A.D. 2026-Apr-08 03:58:22.0000,69.185629,-42643223.98113707,-126125391.3125183,-54436904.02455028,29.23244302590617,-8.200744896946777,-3.499338245492718,2026-04-08T03:57:12.814331
2461138.666226852, A.D. 2026-Apr-08 03:59:22.0000,69.185629,-42641470.0302087,-126125883.3472162,-54437113.98050956,29.23255836477154,-8.200403323706833,-3.499190387050261,2026-04-08T03:58:12.814408
2461138.666921296, A.D. 2026-Apr-08 04:00:22.0000,69.185629,-42639716.07236871,-126126375.361403,-54437323.92762945,29.23267345538855,-8.200061278769516,-3.499043438379981,2026-04-08T03:59:12.814364
2461138.667615741, A.D. 2026-Apr-08 04:01:22.0000,69.185629,-42637962.10762429,-126126867.3550653,-54437533.8659357,29.23278851927341,-8.199719189875779,-3.498896571266122,2026-04-08T04:00:12.814401
2461138.668310185, A.D. 2026-Apr-08 04:02:22.0000,69.185629,-42636208.13597576,-126127359.3282031,-54437743.7954283,29.23290359991416,-8.199377139745614,-3.498749625327005,2026-04-08T04:01:12.814357
2461138.66900463, A.D. 2026-Apr-08 04:03:22.0000,69.185629,-42634454.15742095,-126127851.2808208,-54437953.71609831,29.23301873405676,-8.199035197740427,-3.498602465467222,2026-04-08T04:02:12.814394
2461138.669699074, A.D. 2026-Apr-08 04:04:22.0000,69.185629,-42632700.17195931,-126128343.2129254,-54438163.62792958,29.23313394483658,-8.198693407286953,-3.498455006905568,2026-04-08T04:03:12.814350
2461138.670393519, A.D. 2026-Apr-08 04:05:22.0000,69.185629,-42630946.17957906,-126128835.1245284,-54438373.53090415,29.23324923794702,-8.198351777987154,-3.498307230197742,2026-04-08T04:04:12.814427
2461138.671087963, A.D. 2026-Apr-08 04:06:22.0000,69.185629,-42629192.18027905,-126129327.015638,-54438583.42500365,29.23336460056987,-8.198010284279771,-3.498159184560579,2026-04-08T04:05:12.814383
2461138.671782407, A.D. 2026-Apr-08 04:07:22.0000,69.185629,-42627438.17405587,-126129818.8862606,-54438793.31021493,29.23348000353538,-8.19766886945596,-3.498010979336434,2026-04-08T04:06:12.814339
2461138.672476852, A.D. 2026-Apr-08 04:08:22.0000,69.185629,-42625684.16090829,-126130310.7363988,-54439003.18653278,29.23359540662975,-8.197327456379607,-3.497862764213706,2026-04-08T04:07:12.814376
2461138.673171296, A.D. 2026-Apr-08 04:09:22.0000,69.185629,-42623930.14083793,-126130802.5660495,-54439213.05396277,29.233710715479,-8.196985861318534,-3.497714893944877,2026-04-08T04:08:12.814332
2461138.673865741, A.D. 2026-Apr-08 04:10:22.0000,69.185629,-42622176.11385769,-126131294.3751877,-54439422.91255275,29.23382577942503,-8.196643790093077,-3.497567936072603,2026-04-08T04:09:12.814409
2461138.674560185, A.D. 2026-Apr-08 04:11:22.0000,69.185629,-42620422.07997462,-126131786.1637998,-54439632.76232856,29.2339408151624,-8.196301675566815,-3.497421060543836,2026-04-08T04:10:12.814365
2461138.675254629, A.D. 2026-Apr-08 04:12:22.0000,69.185629,-42618668.03919272,-126132277.9318849,-54439842.60328983,29.2340558637079,-8.195959602094538,-3.497274106947215,2026-04-08T04:11:12.814322
2461138.675949074, A.D. 2026-Apr-08 04:13:22.0000,69.185629,-42616913.99150313,-126132769.6794497,-54440052.43542846,29.23417095981752,-8.195617640407894,-3.497126940251921,2026-04-08T04:12:12.814358
2461138.676643519, A.D. 2026-Apr-08 04:14:22.0000,69.185629,-42615159.93690577,-126133261.4065012,-54440262.25872845,29.23428612544469,-8.195275834734888,-3.496979475521098,2026-04-08T04:13:12.814435
2461138.677337963, A.D. 2026-Apr-08 04:15:22.0000,69.185629,-42613405.87539619,-126133753.1130495,-54440472.07317089,29.23440136595876,-8.194934194941192,-3.496831693355699,2026-04-08T04:14:12.814391
2461138.678032408, A.D. 2026-Apr-08 04:16:22.0000,69.185629,-42611651.8069702,-126134244.7991037,-54440681.87873799,29.23451666900593,-8.194592694871707,-3.496683643044166,2026-04-08T04:15:12.814428
2461138.678726852, A.D. 2026-Apr-08 04:17:22.0000,69.185629,-42609897.73162482,-126134736.4646707,-54440891.67541663,29.2346320068651,-8.194251276764035,-3.49653543387653,2026-04-08T04:16:12.814384
2461138.679421296, A.D. 2026-Apr-08 04:18:22.0000,69.185629,-42608143.64935905,-126135228.1097532,-54441101.4632016,29.23474734145069,-8.193909861792035,-3.496387215593757,2026-04-08T04:17:12.814340
2461138.680115741, A.D. 2026-Apr-08 04:19:22.0000,69.185629,-42606389.56017466,-126135719.7343481,-54441311.24209855,29.23486258141396,-8.193568263437777,-3.496239343424417,2026-04-08T04:18:12.814417
2461138.680810185, A.D. 2026-Apr-08 04:20:22.0000,69.185629,-42604635.46408787,-126136211.338429,-54441521.01215506,29.23497757981571,-8.193226183763088,-3.496092386176274,2026-04-08T04:19:12.814373
2461138.68150463, A.D. 2026-Apr-08 04:21:22.0000,69.185629,-42602881.36109865,-126136702.9219844,-54441730.77339785,29.23509255356285,-8.192884058567163,-3.495945510543992,2026-04-08T04:20:12.814410
2461138.682199074, A.D. 2026-Apr-08 04:22:22.0000,69.185629,-42601127.25121066,-126137194.485013,-54441940.52582643,29.23520754488443,-8.192541972328296,-3.495798555279916,2026-04-08T04:21:12.814366
2461138.682893518, A.D. 2026-Apr-08 04:23:22.0000,69.185629,-42599373.13442174,-126137686.0275195,-54442150.26943181,29.23532258918967,-8.192199996245234,-3.495651384779262,2026-04-08T04:22:12.814322
2461138.683587963, A.D. 2026-Apr-08 04:24:22.0000,69.185629,-42597619.01072799,-126138177.5495117,-54442360.00419825,29.23543770838851,-8.19185817491637,-3.495503913878955,2026-04-08T04:23:12.814399
2461138.684282408, A.D. 2026-Apr-08 04:25:22.0000,69.185629,-42595864.88012469,-126138669.0509999,-54442569.73010672,29.2355529072711,-8.191516518849303,-3.495356123333297,2026-04-08T04:24:12.814436
2461138.684976852, A.D. 2026-Apr-08 04:26:22.0000,69.185629,-42594110.74260733,-126139160.5319929,-54442779.44713929,29.23566817240435,-8.191175002413786,-3.495208062857721,2026-04-08T04:25:12.814392
2461138.685671296, A.D. 2026-Apr-08 04:27:22.0000,69.185629,-42592356.59817279,-126139651.9924978,-54442989.15528272,29.23578347453165,-8.190833568189982,-3.495059842620413,2026-04-08T04:26:12.814348
2461138.686365741, A.D. 2026-Apr-08 04:28:22.0000,69.185629,-42590602.44682346,-126140143.4325162,-54443198.85453144,29.23589877399704,-8.190492137754477,-3.49491161338284,2026-04-08T04:27:12.814385
2461138.687060185, A.D. 2026-Apr-08 04:29:22.0000,69.185629,-42588848.28855416,-126140634.8520471,-54443408.54489192,29.23601397682232,-8.190150524698984,-3.494763732396252,2026-04-08T04:28:12.814341
2461138.68775463, A.D. 2026-Apr-08 04:30:22.0000,69.185629,-42587094.12338139,-126141126.2510642,-54443618.22641201,29.23612893289895,-8.18980843107827,-3.494616771528761,2026-04-08T04:29:12.814418
2461138.688449074, A.D. 2026-Apr-08 04:31:22.0000,69.185629,-42585339.95131227,-126141617.6295539,-54443827.89911777,29.23624386229244,-8.189466292341326,-3.494469893008188,2026-04-08T04:30:12.814374
2461138.689143518, A.D. 2026-Apr-08 04:32:22.0000,69.185629,-42583585.7723471,-126142108.987516,-54444037.56300918,29.23635880771486,-8.189124192601643,-3.494322934678765,2026-04-08T04:31:12.814330
2461138.689837963, A.D. 2026-Apr-08 04:33:22.0000,69.185629,-42581831.5864838,-126142600.3249551,-54444247.2180772,29.23647380488844,-8.188782202739473,-3.4941757600887,2026-04-08T04:32:12.814367
2461138.690532407, A.D. 2026-Apr-08 04:34:22.0000,69.185629,-42580077.3937185,-126143091.6418793,-54444456.86430591,29.23658887610741,-8.188440367288198,-3.494028283734884,2026-04-08T04:33:12.814323
2461138.691226852, A.D. 2026-Apr-08 04:35:22.0000,69.185629,-42578323.19404654,-126143582.9382984,-54444666.50167635,29.23670402635258,-8.188098696917477,-3.493880486129204,2026-04-08T04:34:12.814400
2461138.691921297, A.D. 2026-Apr-08 04:36:22.0000,69.185629,-42576568.98746696,-126144074.2142206,-54444876.13016996,29.23681924220784,-8.187757165917308,-3.493732417290595,2026-04-08T04:35:12.814437
2461138.692615741, A.D. 2026-Apr-08 04:37:22.0000,69.185629,-42574814.77396969,-126144565.4696548,-54445085.74977435,29.23693449433425,-8.187415717405006,-3.493584188074803,2026-04-08T04:36:12.814393
2461138.693310185, A.D. 2026-Apr-08 04:38:22.0000,69.185629,-42573060.55355719,-126145056.7046026,-54445295.3604839,29.23704974286603,-8.18707427302306,-3.493435950012341,2026-04-08T04:37:12.814349
2461138.69400463, A.D. 2026-Apr-08 04:39:22.0000,69.185629,-42571306.32623127,-126145547.9190611,-54445504.96230429,29.23716489264138,-8.1867326469465,-3.493288062318208,2026-04-08T04:38:12.814426
2461138.694699074, A.D. 2026-Apr-08 04:40:22.0000,69.185629,-42569552.09200524,-126146039.1130051,-54445714.55528411,29.23727979133741,-8.186390541872212,-3.493141100012082,2026-04-08T04:39:12.814382
2461138.695393519, A.D. 2026-Apr-08 04:41:22.0000,69.185629,-42567797.85088629,-126146530.286421,-54445924.13944951,29.23739466371218,-8.186048392270223,-3.492994220683694,2026-04-08T04:40:12.814419
2461138.696087963, A.D. 2026-Apr-08 04:42:22.0000,69.185629,-42566043.60287468,-126147021.4393087,-54446133.71480049,29.2375095537928,-8.185706282105452,-3.492847261183689,2026-04-08T04:41:12.814375
2461138.696782407, A.D. 2026-Apr-08 04:43:22.0000,69.185629,-42564289.34796817,-126147512.5716728,-54446343.28132797,29.23762449830927,-8.185364281601345,-3.492700084107573,2026-04-08T04:42:12.814331
2461138.697476852, A.D. 2026-Apr-08 04:44:22.0000,69.185629,-42562535.08616622,-126148003.6835203,-54446552.83901558,29.23773952043456,-8.185022434903606,-3.492552603327955,2026-04-08T04:43:12.814408
2461138.698171296, A.D. 2026-Apr-08 04:45:22.0000,69.185629,-42560780.81745694,-126148494.7748629,-54446762.38784494,29.23785462537329,-8.18468075164129,-3.492404798864968,2026-04-08T04:44:12.814364
2461138.698865741, A.D. 2026-Apr-08 04:46:22.0000,69.185629,-42559026.54183917,-126148985.8457089,-54446971.92779742,29.2379697994537,-8.184339205936741,-3.492256720954517,2026-04-08T04:45:12.814401
2461138.699560185, A.D. 2026-Apr-08 04:47:22.0000,69.185629,-42557272.2593096,-126149476.8960649,-54447181.45885967,29.23808501261494,-8.183997740045283,-3.492108480768325,2026-04-08T04:46:12.814357
2461138.70025463, A.D. 2026-Apr-08 04:48:22.0000,69.185629,-42555517.9698671,-126149967.9259333,-54447390.98102637,29.23820022380167,-8.183656275894423,-3.491960230593651,2026-04-08T04:47:12.814394
2461138.700949074, A.D. 2026-Apr-08 04:49:22.0000,69.185629,-42553763.67351341,-126150458.9353112,-54447600.49430318,29.23831533647295,-8.183314626688837,-3.491812331272432,2026-04-08T04:48:12.814350
2461138.701643519, A.D. 2026-Apr-08 04:50:22.0000,69.185629,-42552009.37026186,-126150949.9241731,-54447809.99873883,29.23843019658177,-8.18297249362499,-3.491665360073696,2026-04-08T04:49:12.814427
2461138.702337963, A.D. 2026-Apr-08 04:51:22.0000,69.185629,-42550255.06011977,-126151440.8925051,-54448019.49435953,29.23854502789283,-8.182630316879045,-3.49151847265494,2026-04-08T04:50:12.814383
2461138.703032407, A.D. 2026-Apr-08 04:52:22.0000,69.185629,-42548500.74309104,-126151931.8403065,-54448228.98116495,29.23865987378601,-8.182288181933565,-3.491371505797027,2026-04-08T04:51:12.814339
2461138.703726852, A.D. 2026-Apr-08 04:53:22.0000,69.185629,-42546746.41916673,-126152422.7675838,-54448438.45914688,29.23877477086194,-8.1819461607298,-3.491224322067028,2026-04-08T04:52:12.814376
2461138.704421296, A.D. 2026-Apr-08 04:54:22.0000,69.185629,-42544992.08834639,-126152913.6743445,-54448647.92828892,29.23888974259952,-8.181604298421961,-3.491076835201671,2026-04-08T04:53:12.814332
2461138.705115741, A.D. 2026-Apr-08 04:55:22.0000,69.185629,-42543237.75062533,-126153404.5605984,-54448857.38857201,29.23900479508984,-8.181262604866125,-3.490929025334602,2026-04-08T04:54:12.814409
2461138.705810185, A.D. 2026-Apr-08 04:56:22.0000,69.185629,-42541483.40599895,-126153895.4263554,-54449066.83997788,29.23911991590578,-8.180921053734997,-3.490780942641559,2026-04-08T04:55:12.814365
2461138.706504629, A.D. 2026-Apr-08 04:57:22.0000,69.185629,-42539729.05446393,-126154386.271622,-54449276.28249326,29.23923507647395,-8.180579586271266,-3.49063269825039,2026-04-08T04:56:12.814322
2461138.707199074, A.D. 2026-Apr-08 04:58:22.0000,69.185629,-42537974.6960191,-126154877.0964012,-54449485.71611287,29.23935023706792,-8.180238122020132,-3.490484444473054,2026-04-08T04:57:12.814358
2461138.707893519, A.D. 2026-Apr-08 04:59:22.0000,69.185629,-42536220.33066601,-126155367.9006898,-54449695.14084237,29.23946530359918,-8.179896472060936,-3.490336542729177,2026-04-08T04:58:12.814435
2461138.708587963, A.D. 2026-Apr-08 05:00:22.0000,69.185629,-42534465.95842104,-126155858.684461,-54449904.55673022,29.23958012556761,-8.179554332960787,-3.490189571384525,2026-04-08T04:59:12.814391
2461138.709282408, A.D. 2026-Apr-08 05:01:22.0000,69.185629,-42532711.57928427,-126156349.4477031,-54450113.96380356,29.23969492040801,-8.179212147693935,-3.490042683181987,2026-04-08T05:00:12.814428
2461138.709976852, A.D. 2026-Apr-08 05:02:22.0000,69.185629,-42530957.1932596,-126156840.1904149,-54450323.36206192,29.23980972931903,-8.1788700018125,-3.489895714180706,2026-04-08T05:01:12.814384
2461138.710671296, A.D. 2026-Apr-08 05:03:22.0000,69.185629,-42529202.80034506,-126157330.9126009,-54450532.75149617,29.23992458708636,-8.178527967322653,-3.489748526441091,2026-04-08T05:02:12.814340
2461138.711365741, A.D. 2026-Apr-08 05:04:22.0000,69.185629,-42527448.40053699,-126157821.6142694,-54450742.13209028,29.24003951554405,-8.17818608985594,-3.489601033400342,2026-04-08T05:03:12.814417
2461138.712060185, A.D. 2026-Apr-08 05:05:22.0000,69.185629,-42525693.99383093,-126158312.2954303,-54450951.50382497,29.24015451968339,-8.177844379670422,-3.489453215391676,2026-04-08T05:04:12.814373
2461138.71275463, A.D. 2026-Apr-08 05:06:22.0000,69.185629,-42523939.58022262,-126158802.956093,-54451160.86668191,29.24026958682709,-8.17750281091604,-3.489305122968269,2026-04-08T05:05:12.814410
2461138.713449074, A.D. 2026-Apr-08 05:07:22.0000,69.185629,-42522185.15970908,-126159293.5962645,-54451370.22064775,29.24038468879917,-8.177161325334382,-3.489156868102523,2026-04-08T05:06:12.814366
2461138.714143518, A.D. 2026-Apr-08 05:08:22.0000,69.185629,-42520430.73229278,-126159784.2159463,-54451579.56571677,29.24049978701193,-8.176819843155567,-3.489008604050943,2026-04-08T05:07:12.814322
2461138.714837963, A.D. 2026-Apr-08 05:09:22.0000,69.185629,-42518676.2979686,-126160274.8151375,-54451788.90189554,29.24061478928099,-8.176478175340034,-3.48886069384616,2026-04-08T05:08:12.814399
2461138.715532408, A.D. 2026-Apr-08 05:10:22.0000,69.185629,-42516921.85675288,-126160765.3938114,-54451998.22923271,29.24072954757818,-8.176136018887867,-3.488713718756726,2026-04-08T05:09:12.814436
2461138.716226852, A.D. 2026-Apr-08 05:11:22.0000,69.185629,-42515167.40865263,-126161255.951954,-54452207.54775471,29.24084428083752,-8.17579381724835,-3.488566827562497,2026-04-08T05:10:12.814392
2461138.716921296, A.D. 2026-Apr-08 05:12:22.0000,69.185629,-42513412.95366804,-126161746.4895654,-54452416.85746164,29.24095903185264,-8.175451655781165,-3.488419855431756,2026-04-08T05:11:12.814348
2461138.717615741, A.D. 2026-Apr-08 05:13:22.0000,69.185629,-42511658.49179693,-126162237.0066501,-54452626.15834422,29.24107383646789,-8.175109606817003,-3.488272663713271,2026-04-08T05:12:12.814385
2461138.718310185, A.D. 2026-Apr-08 05:14:22.0000,69.185629,-42509904.02303535,-126162727.5032165,-54452835.45038638,29.24118871705625,-8.174767715678941,-3.488125165479417,2026-04-08T05:13:12.814341
2461138.71900463, A.D. 2026-Apr-08 05:15:22.0000,69.185629,-42508149.54737847,-126163217.9792745,-54453044.73356872,29.24130367840505,-8.174425992826555,-3.487977340740654,2026-04-08T05:14:12.814418
2461138.719699074, A.D. 2026-Apr-08 05:16:22.0000,69.185629,-42506395.06482527,-126163708.4348325,-54453254.00787248,29.24141870700567,-8.174084411809343,-3.487829240324576,2026-04-08T05:15:12.814374
2461138.720393518, A.D. 2026-Apr-08 05:17:22.0000,69.185629,-42504640.57536553,-126164198.8698995,-54453463.27328508,29.24153377340009,-8.173742914360831,-3.487680976618375,2026-04-08T05:16:12.814330
2461138.721087963, A.D. 2026-Apr-08 05:18:22.0000,69.185629,-42502886.07900169,-126164689.2844773,-54453672.52980071,29.24164883740073,-8.173401420571638,-3.487532703453461,2026-04-08T05:17:12.814367
2461138.721782407, A.D. 2026-Apr-08 05:19:22.0000,69.185629,-42501131.57573549,-126165179.6785627,-54453881.77742516,29.24176380396741,-8.173059740851297,-3.487384785784688,2026-04-08T05:18:12.814323
2461138.722476852, A.D. 2026-Apr-08 05:20:22.0000,69.185629,-42499377.06558008,-126165670.05213,-54454091.0162077,29.2418785212,-8.172717572240453,-3.487237807451302,2026-04-08T05:19:12.814400
2461138.723171297, A.D. 2026-Apr-08 05:21:22.0000,69.185629,-42497622.54854263,-126166160.4051654,-54454300.2461749,29.2419932116925,-8.172375357757097,-3.487090913313897,2026-04-08T05:20:12.814437
2461138.723865741, A.D. 2026-Apr-08 05:22:22.0000,69.185629,-42495868.02462349,-126166650.7376686,-54454509.46732681,29.24210791838387,-8.17203318283794,-3.486943937724138,2026-04-08T05:21:12.814393
2461138.724560185, A.D. 2026-Apr-08 05:23:22.0000,69.185629,-42494113.49382052,-126167141.0496445,-54454718.67965414,29.24222267729026,-8.171691119967733,-3.486796741529983,2026-04-08T05:22:12.814349
2461138.72525463, A.D. 2026-Apr-08 05:24:22.0000,69.185629,-42492358.95613335,-126167631.3411,-54454927.88314034,29.2423375108512,-8.171349214534816,-3.486649237348529,2026-04-08T05:23:12.814426
2461138.725949074, A.D. 2026-Apr-08 05:25:22.0000,69.185629,-42490604.41155025,-126168121.6120474,-54455137.07776675,29.24245242388801,-8.171007476770669,-3.486501405386174,2026-04-08T05:24:12.814382
2461138.726643519, A.D. 2026-Apr-08 05:26:22.0000,69.185629,-42488849.86007027,-126168611.862495,-54455346.26351453,29.24256740268649,-8.170665880937936,-3.486353296683026,2026-04-08T05:25:12.814419
2461138.727337963, A.D. 2026-Apr-08 05:27:22.0000,69.185629,-42487095.3016903,-126169102.0924496,-54455555.44037018,29.24268241753648,-8.170324368772677,-3.486205024218435,2026-04-08T05:26:12.814375
2461138.728032407, A.D. 2026-Apr-08 05:28:22.0000,69.185629,-42485340.73640937,-126169592.3019141,-54455764.60832836,29.24279742795937,-8.169982860528135,-3.486056742649095,2026-04-08T05:27:12.814331
2461138.728726852, A.D. 2026-Apr-08 05:29:22.0000,69.185629,-42483586.16422936,-126170082.4908853,-54455973.76739489,29.24291233786317,-8.16964116687329,-3.485908818643972,2026-04-08T05:28:12.814408
2461138.729421296, A.D. 2026-Apr-08 05:30:22.0000,69.185629,-42481831.58516371,-126170572.6593377,-54456182.91761933,29.24302699330691,-8.169298984684891,-3.485761838806038,2026-04-08T05:29:12.814364
2461138.730115741, A.D. 2026-Apr-08 05:31:22.0000,69.185629,-42480076.99921978,-126171062.8072573,-54456392.05902833,29.24314162189041,-8.168956757564604,-3.485614943704263,2026-04-08T05:30:12.814401
2461138.730810185, A.D. 2026-Apr-08 05:32:22.0000,69.185629,-42478322.40640131,-126171552.9346431,-54456601.19162158,29.24325626837197,-8.168614570542097,-3.48546796691002,2026-04-08T05:31:12.814357
2461138.73150463, A.D. 2026-Apr-08 05:33:22.0000,69.185629,-42476567.80669902,-126172043.0415017,-54456810.31539055,29.24337097057889,-8.168272495935932,-3.485320768189546,2026-04-08T05:32:12.814394
2461138.732199074, A.D. 2026-Apr-08 05:34:22.0000,69.185629,-42474813.20011231,-126172533.1278405,-54457019.43031859,29.24348575222446,-8.167930578481256,-3.485173259608523,2026-04-08T05:33:12.814350
2461138.732893519, A.D. 2026-Apr-08 05:35:22.0000,69.185629,-42473058.58663611,-126173023.1936691,-54457228.53638609,29.24360061919051,-8.167588828283343,-3.485025420936638,2026-04-08T05:34:12.814427
2461138.733587963, A.D. 2026-Apr-08 05:36:22.0000,69.185629,-42471303.96626561,-126173513.2389973,-54457437.63357452,29.24371555803773,-8.167247218719298,-3.484877303225906,2026-04-08T05:35:12.814383
2461138.734282407, A.D. 2026-Apr-08 05:37:22.0000,69.185629,-42469549.33899734,-126174003.2638316,-54457646.7218702,29.24383053869439,-8.16690569119091,-3.48472901989871,2026-04-08T05:36:12.814339
2461138.734976852, A.D. 2026-Apr-08 05:38:22.0000,69.185629,-42467794.70482998,-126174493.2681748,-54457855.80126771,29.24394551964759,-8.166564165572264,-3.48458072632764,2026-04-08T05:37:12.814376
2461138.735671296, A.D. 2026-Apr-08 05:39:22.0000,69.185629,-42466040.06376527,-126174983.2520237,-54458064.87177284,29.24406040358459,-8.166222451545526,-3.484432790564586,2026-04-08T05:38:12.814332
2461138.736365741, A.D. 2026-Apr-08 05:40:22.0000,69.185629,-42464285.41581636,-126175473.2153523,-54458273.93343527,29.24417503541657,-8.16588024450307,-3.484285801460993,2026-04-08T05:39:12.814409
2461138.737060185, A.D. 2026-Apr-08 05:41:22.0000,69.185629,-42462530.76099411,-126175963.1581457,-54458482.98628131,29.24428963807755,-8.165537992627776,-3.484138897767544,2026-04-08T05:40:12.814365
2461138.737754629, A.D. 2026-Apr-08 05:42:22.0000,69.185629,-42460776.09929202,-126176453.0804057,-54458692.03031194,29.24440425382431,-8.165195782966013,-3.483991913169806,2026-04-08T05:41:12.814322
2461138.738449074, A.D. 2026-Apr-08 05:43:22.0000,69.185629,-42459021.43071166,-126176942.9821364,-54458901.06551743,29.24451891839178,-8.164853688851847,-3.483844707480184,2026-04-08T05:42:12.814358
2461138.739143519, A.D. 2026-Apr-08 05:44:22.0000,69.185629,-42457266.75524937,-126177432.8633461,-54459110.09188157,29.24463365448666,-8.164511756097829,-3.483697192748264,2026-04-08T05:43:12.814435
2461138.739837963, A.D. 2026-Apr-08 05:45:22.0000,69.185629,-42455512.07290056,-126177922.7240451,-54459319.10938489,29.2447484676767,-8.164169995028514,-3.48354934871727,2026-04-08T05:44:12.814391
2461138.740532408, A.D. 2026-Apr-08 05:46:22.0000,69.185629,-42453757.38366093,-126178412.5642428,-54459528.11800878,29.24486334534058,-8.163828378622986,-3.483401226484676,2026-04-08T05:45:12.814428
2461138.741226852, A.D. 2026-Apr-08 05:47:22.0000,69.185629,-42452002.68752739,-126178902.3839466,-54459737.11773968,29.24497825907445,-8.163486846982932,-3.483252939457351,2026-04-08T05:46:12.814384
2461138.741921296, A.D. 2026-Apr-08 05:48:22.0000,69.185629,-42450247.98449887,-126179392.1831589,-54459946.10857226,29.24509316972114,-8.16314531873499,-3.483104642921469,2026-04-08T05:47:12.814340
2461138.742615741, A.D. 2026-Apr-08 05:49:22.0000,69.185629,-42448493.27458072,-126179881.9618758,-54460155.09051186,29.24520798341803,-8.16280360089754,-3.48295670536809,2026-04-08T05:48:12.814417
2461138.743310185, A.D. 2026-Apr-08 05:50:22.0000,69.185629,-42446738.55777898,-126180371.720073,-54460364.06360912,29.24532254926745,-8.162461385415591,-3.482809716630097,2026-04-08T05:49:12.814373
2461138.74400463, A.D. 2026-Apr-08 05:51:22.0000,69.185629,-42444983.83410425,-126180861.4577354,-54460573.02789047,29.24543708984866,-8.162119122874456,-3.482662812648693,2026-04-08T05:50:12.814410
2461138.744699074, A.D. 2026-Apr-08 05:52:22.0000,69.185629,-42443229.10355678,-126181351.1748628,-54460781.98335589,29.24555164855385,-8.161776900659023,-3.482515826241416,2026-04-08T05:51:12.814366
2461138.745393518, A.D. 2026-Apr-08 05:53:22.0000,69.185629,-42441474.36613427,-126181840.87146,-54460990.929996,29.24566626160627,-8.161434792379477,-3.48236861671104,2026-04-08T05:52:12.814322
2461138.746087963, A.D. 2026-Apr-08 05:54:22.0000,69.185629,-42439719.62183275,-126182330.5475354,-54461199.8677945,29.24578095161129,-8.161092844161157,-3.482221095767743,2026-04-08T05:53:12.814399
2461138.746782408, A.D. 2026-Apr-08 05:55:22.0000,69.185629,-42437964.87064737,-126182820.203099,-54461408.79673169,29.24589572336444,-8.160751066945693,-3.482073243384364,2026-04-08T05:54:12.814436
2461138.747476852, A.D. 2026-Apr-08 05:56:22.0000,69.185629,-42436210.11257349,-126183309.8381605,-54461617.71678893,29.24601056318795,-8.160409434055966,-3.481925111234101,2026-04-08T05:55:12.814392
2461138.748171296, A.D. 2026-Apr-08 05:57:22.0000,69.185629,-42434455.34760792,-126183799.452727,-54461826.62795257,29.24612544109517,-8.160067886430426,-3.481776813348505,2026-04-08T05:56:12.814348
2461138.748865741, A.D. 2026-Apr-08 05:58:22.0000,69.185629,-42432700.575753,-126184289.0468002,-54462035.53021675,29.24624031636254,-8.159726342643335,-3.481628506068362,2026-04-08T05:57:12.814385
2461138.749560185, A.D. 2026-Apr-08 05:59:22.0000,69.185629,-42430945.79700362,-126184778.6203789,-54462244.42358822,29.24635509280458,-8.159384610154028,-3.481480559806187,2026-04-08T05:58:12.814341
2461138.75025463, A.D. 2026-Apr-08 06:00:22.0000,69.185629,-42429191.01137653,-126185268.1734361,-54462453.30811661,29.24646961657946,-8.159042380813428,-3.481333567384779,2026-04-08T05:59:12.814418
2461138.750949074, A.D. 2026-Apr-08 06:01:22.0000,69.185629,-42427436.21887907,-126185757.7059578,-54462662.18382887,29.24658411300952,-8.15870010485875,-3.481186660392873,2026-04-08T06:00:12.814374
2461138.751643518, A.D. 2026-Apr-08 06:02:22.0000,69.185629,-42425681.41951151,-126186247.2179437,-54462871.050725,29.24669862577077,-8.158357869263162,-3.481039670750113,2026-04-08T06:01:12.814330
2461138.752337963, A.D. 2026-Apr-08 06:03:22.0000,69.185629,-42423926.61327176,-126186736.7093984,-54463079.90879561,29.24681319148294,-8.158015747143445,-3.48089245701704,2026-04-08T06:02:12.814367
2461138.753032407, A.D. 2026-Apr-08 06:04:22.0000,69.185629,-42422171.80015586,-126187226.1803306,-54463288.75802434,29.24692783314773,-8.157673784889191,-3.48074493057248,2026-04-08T06:03:12.814323
2461138.753726852, A.D. 2026-Apr-08 06:05:22.0000,69.185629,-42420416.98015901,-126187715.6307501,-54463497.59839139,29.24704255582516,-8.157331993233765,-3.480597071197204,2026-04-08T06:04:12.814400
2461138.754421297, A.D. 2026-Apr-08 06:06:22.0000,69.185629,-42418662.15328013,-126188205.0606657,-54463706.42987759,29.24715734603067,-8.156990345913721,-3.480448930742954,2026-04-08T06:05:12.814437
2461138.755115741, A.D. 2026-Apr-08 06:07:22.0000,69.185629,-42416907.31950905,-126188694.4700863,-54463915.25247006,29.24727217385504,-8.156648783816289,-3.480300624082853,2026-04-08T06:06:12.814393
2461138.755810185, A.D. 2026-Apr-08 06:08:22.0000,69.185629,-42415152.47884818,-126189183.8590138,-54464124.06616304,29.24738699845652,-8.156307226098834,-3.480152308197385,2026-04-08T06:07:12.814349
2461138.75650463, A.D. 2026-Apr-08 06:09:22.0000,69.185629,-42413397.63129935,-126189673.227445,-54464332.87096236,29.24750172268525,-8.155965480978779,-3.480004355502141,2026-04-08T06:08:12.814426
2461138.757199074, A.D. 2026-Apr-08 06:10:22.0000,69.185629,-42411642.77687611,-126190162.5753541,-54464541.66691838,29.24761619099322,-8.155623240773561,-3.479857361710611,2026-04-08T06:09:12.814382
2461138.757893519, A.D. 2026-Apr-08 06:11:22.0000,69.185629,-42409887.91558579,-126190651.9027269,-54464750.45405822,29.24773063253587,-8.155280954809163,-3.479710454034154,2026-04-08T06:10:12.814419
2461138.758587963, A.D. 2026-Apr-08 06:12:22.0000,69.185629,-42408133.04742865,-126191141.2095634,-54464959.23238191,29.24784509198527,-8.154938709439152,-3.479563463341774,2026-04-08T06:11:12.814375
2461138.759282407, A.D. 2026-Apr-08 06:13:22.0000,69.185629,-42406378.17240243,-126191630.4958682,-54465168.00188001,29.24795960675749,-8.154596577391487,-3.479416247243577,2026-04-08T06:12:12.814331
2461138.759976852, A.D. 2026-Apr-08 06:14:22.0000,69.185629,-42404623.29050305,-126192119.7616497,-54465376.76253595,29.24807420030858,-8.154254604052529,-3.479268716431487,2026-04-08T06:13:12.814408
2461138.760671296, A.D. 2026-Apr-08 06:15:22.0000,69.185629,-42402868.40172899,-126192609.0069169,-54465585.51432949,29.24818887774672,-8.153912799581343,-3.479120850337585,2026-04-08T06:14:12.814364
2461138.761365741, A.D. 2026-Apr-08 06:16:22.0000,69.185629,-42401113.50606855,-126193098.2316813,-54465794.25724255,29.24830362514012,-8.153571137045345,-3.478972700864304,2026-04-08T06:15:12.814401
2461138.762060185, A.D. 2026-Apr-08 06:17:22.0000,69.185629,-42399358.60352194,-126193587.4359488,-54466002.99126088,29.24841841184577,-8.153229557151418,-3.478824383161275,2026-04-08T06:16:12.814357
2461138.76275463, A.D. 2026-Apr-08 06:18:22.0000,69.185629,-42397603.69408797,-126194076.619722,-54466211.71637899,29.24853319597098,-8.152887978743518,-3.478676054992351,2026-04-08T06:17:12.814394
2461138.763449074, A.D. 2026-Apr-08 06:19:22.0000,69.185629,-42395848.77776849,-126194565.7829975,-54466420.43260269,29.2486478790258,-8.152546209257546,-3.478528090232194,2026-04-08T06:18:12.814350
2461138.764143519, A.D. 2026-Apr-08 06:20:22.0000,69.185629,-42394093.85457712,-126195054.9257493,-54466629.13998247,29.24876230372403,-8.152203940068434,-3.478381086789314,2026-04-08T06:19:12.814427
2461138.764837963, A.D. 2026-Apr-08 06:21:22.0000,69.185629,-42392338.92452136,-126195544.0479632,-54466837.83854549,29.24887669953465,-8.151861625727344,-3.478234170184808,2026-04-08T06:20:12.814383
2461138.765532407, A.D. 2026-Apr-08 06:22:22.0000,69.185629,-42390583.98760161,-126196033.1496389,-54467046.52829186,29.24899111090726,-8.15151935475141,-3.478087171443298,2026-04-08T06:21:12.814339
2461138.766226852, A.D. 2026-Apr-08 06:23:22.0000,69.185629,-42388829.04381919,-126196522.2307807,-54467255.20921176,29.24910557570959,-8.151177201444519,-3.477939948348885,2026-04-08T06:22:12.814376
2461138.766921296, A.D. 2026-Apr-08 06:24:22.0000,69.185629,-42387074.09316317,-126197011.291399,-54467463.88128953,29.24922011804664,-8.150835212337826,-3.477792411405791,2026-04-08T06:23:12.814332
2461138.767615741, A.D. 2026-Apr-08 06:25:22.0000,69.185629,-42385319.13563206,-126197500.3315033,-54467672.544505,29.2493347440511,-8.150493397944173,-3.477644540175936,2026-04-08T06:24:12.814409
2461138.768310185, A.D. 2026-Apr-08 06:26:22.0000,69.185629,-42383564.17122117,-126197989.3511034,-54467881.19883927,29.24944944098409,-8.150151730734635,-3.477496386437446,2026-04-08T06:25:12.814365
2461138.769004629, A.D. 2026-Apr-08 06:27:22.0000,69.185629,-42381809.199927,-126198478.3502063,-54468089.84427857,29.24956417933213,-8.149810150200208,-3.47734806526169,2026-04-08T06:26:12.814322
2461138.769699074, A.D. 2026-Apr-08 06:28:22.0000,69.185629,-42380054.22174833,-126198967.328815,-54468298.4808175,29.24967891812003,-8.149468573226619,-3.477199734427696,2026-04-08T06:27:12.814358
2461138.770393519, A.D. 2026-Apr-08 06:29:22.0000,69.185629,-42378299.23668675,-126199456.2869262,-54468507.10846184,29.24979356067061,-8.149126804327526,-3.477051767980557,2026-04-08T06:28:12.814435
2461138.771087963, A.D. 2026-Apr-08 06:30:22.0000,69.185629,-42376544.24475545,-126199945.2245135,-54468715.72726225,29.24990795225843,-8.148784530479372,-3.476904764665214,2026-04-08T06:29:12.814391
2461138.771782408, A.D. 2026-Apr-08 06:31:22.0000,69.185629,-42374789.24596172,-126200434.1415624,-54468924.33724588,29.25002231582767,-8.148442208930147,-3.476757847503805,2026-04-08T06:30:12.814428
2461138.772476852, A.D. 2026-Apr-08 06:32:22.0000,69.185629,-42373034.24030942,-126200923.0380719,-54469132.9384124,29.25013669351388,-8.148099927991723,-3.476610846702399,2026-04-08T06:31:12.814384
2461138.773171296, A.D. 2026-Apr-08 06:33:22.0000,69.185629,-42371279.22778963,-126201411.9140485,-54469341.53075306,29.25025112083767,-8.147757762034887,-3.476463619527506,2026-04-08T06:32:12.814340
2461138.773865741, A.D. 2026-Apr-08 06:34:22.0000,69.185629,-42369524.20840211,-126201900.7695,-54469550.11425091,29.25036562013397,-8.14741575785371,-3.476316076391548,2026-04-08T06:33:12.814417
2461138.774560185, A.D. 2026-Apr-08 06:35:22.0000,69.185629,-42367769.18214232,-126202389.6044364,-54469758.68888596,29.2504801965781,-8.147073926477697,-3.476168196879818,2026-04-08T06:34:12.814373
2461138.77525463, A.D. 2026-Apr-08 06:36:22.0000,69.185629,-42366014.14900587,-126202878.4188675,-54469967.2546393,29.25059483717716,-8.146732240981462,-3.476020033363754,2026-04-08T06:35:12.814410
2461138.775949074, A.D. 2026-Apr-08 06:37:22.0000,69.185629,-42364259.10898978,-126203367.2128003,-54470175.8114971,29.25070951310536,-8.14639064126174,-3.475871701703797,2026-04-08T06:36:12.814366
2461138.776643518, A.D. 2026-Apr-08 06:38:22.0000,69.185629,-42362504.06209301,-126203855.9862378,-54470384.35945379,29.25082418502948,-8.146049045104718,-3.475723360429991,2026-04-08T06:37:12.814322
2461138.777337963, A.D. 2026-Apr-08 06:39:22.0000,69.185629,-42360749.00831747,-126204344.7391767,-54470592.89851541,29.25093875841693,-8.145707257186688,-3.475575385433329,2026-04-08T06:38:12.814399
2461138.778032408, A.D. 2026-Apr-08 06:40:22.0000,69.185629,-42358993.94767981,-126204833.4715895,-54470801.42873226,29.25105308159249,-8.145364964977574,-3.475428378109313,2026-04-08T06:39:12.814436
2461138.778726852, A.D. 2026-Apr-08 06:41:22.0000,69.185629,-42357238.88018027,-126205322.1834639,-54471009.95013257,29.25116737957175,-8.145022626092373,-3.475281457686629,2026-04-08T06:40:12.814392
2461138.779421296, A.D. 2026-Apr-08 06:42:22.0000,69.185629,-42355483.80582248,-126205810.8747987,-54471218.46271593,29.25128169641269,-8.144680329079987,-3.475134453585639,2026-04-08T06:41:12.814348
2461138.780115741, A.D. 2026-Apr-08 06:43:22.0000,69.185629,-42353728.72460417,-126206299.5455989,-54471426.96647286,29.25139606902152,-8.144338148136413,-3.474987222410687,2026-04-08T06:42:12.814385
2461138.780810185, A.D. 2026-Apr-08 06:44:22.0000,69.185629,-42351973.6365212,-126206788.195873,-54471635.4613867,29.25151052035411,-8.143996130612026,-3.474839674087064,2026-04-08T06:43:12.814341
2461138.78150463, A.D. 2026-Apr-08 06:45:22.0000,69.185629,-42350218.54156862,-126207276.8256313,-54471843.94743737,29.2516250553374,-8.143654286809594,-3.474691788016641,2026-04-08T06:44:12.814418
2461138.782199074, A.D. 2026-Apr-08 06:46:22.0000,69.185629,-42348463.43974173,-126207765.4348835,-54472052.42460591,29.25173965992978,-8.143312589798862,-3.47454361669689,2026-04-08T06:45:12.814374
2461138.782893518, A.D. 2026-Apr-08 06:47:22.0000,69.185629,-42346708.33103719,-126208254.023637,-54472260.89287839,29.25185430374957,-8.142970979096967,-3.474395276403027,2026-04-08T06:46:12.814330
2461138.783587963, A.D. 2026-Apr-08 06:48:22.0000,69.185629,-42344953.21545386,-126208742.5918942,-54472469.35224928,29.25196894531369,-8.14262937225152,-3.474246926312692,2026-04-08T06:47:12.814367
2461138.784282407, A.D. 2026-Apr-08 06:49:22.0000,69.185629,-42343198.09299707,-126209231.1396513,-54472677.80272411,29.25208348685638,-8.142287573349178,-3.474098943954923,2026-04-08T06:48:12.814323
2461138.784976852, A.D. 2026-Apr-08 06:50:22.0000,69.185629,-42341442.96367332,-126209719.6668836,-54472886.24435475,29.25219777217603,-8.141945269835212,-3.473951933295492,2026-04-08T06:49:12.814400
2461138.785671297, A.D. 2026-Apr-08 06:51:22.0000,69.185629,-42339687.82749351,-126210208.1735758,-54473094.67716825,29.25231202970553,-8.141602918676002,-3.473805009720132,2026-04-08T06:50:12.814437
2461138.786365741, A.D. 2026-Apr-08 06:52:22.0000,69.185629,-42337932.68445797,-126210696.6597277,-54473303.10116461,29.25242630353244,-8.141260608560692,-3.473658002017295,2026-04-08T06:51:12.814393
2461138.787060185, A.D. 2026-Apr-08 06:53:22.0000,69.185629,-42336177.53456453,-126211185.1253442,-54473511.51633425,29.25254063069622,-8.140918413988393,-3.473510766242692,2026-04-08T06:52:12.814349
2461138.78775463, A.D. 2026-Apr-08 06:54:22.0000,69.185629,-42334422.37780923,-126211673.5704337,-54473719.92266048,29.25265503430881,-8.14057638158091,-3.473363212059631,2026-04-08T06:53:12.814426
2461138.788449074, A.D. 2026-Apr-08 06:55:22.0000,69.185629,-42332667.21418727,-126212161.9950065,-54473928.3201232,29.2527695195241,-8.140234522765319,-3.473215318819384,2026-04-08T06:54:12.814382
2461138.789143519, A.D. 2026-Apr-08 06:56:22.0000,69.185629,-42330912.04369406,-126212650.3990723,-54474136.70870329,29.25288407248134,-8.139892810351322,-3.473067139336717,2026-04-08T06:55:12.814419
2461138.789837963, A.D. 2026-Apr-08 06:57:22.0000,69.185629,-42329156.86632632,-126213138.7826384,-54474345.08838683,29.25299866288127,-8.13955118452903,-3.472918790533001,2026-04-08T06:56:12.814375
2461138.790532407, A.D. 2026-Apr-08 06:58:22.0000,69.185629,-42327401.68208654,-126213627.1457065,-54474553.45916787,29.25311324938001,-8.139209563063206,-3.472770432213377,2026-04-08T06:57:12.814331
2461138.791226852, A.D. 2026-Apr-08 06:59:22.0000,69.185629,-42325646.4909697,-126214115.4882755,-54474761.82105322,29.25322773368802,-8.138867750407991,-3.472622443641115,2026-04-08T06:58:12.814408
2461138.791921296, A.D. 2026-Apr-08 07:00:22.0000,69.185629,-42323891.2929929,-126214603.8103179,-54474970.17409374,29.25334195835559,-8.138525434171251,-3.472475431280123,2026-04-08T06:59:12.814364
2461138.792615741, A.D. 2026-Apr-08 07:01:22.0000,69.185629,-42322136.08816368,-126215092.1118195,-54475178.51831701,29.25345615568832,-8.138183071340388,-3.472328506623946,2026-04-08T07:00:12.814401
2461138.793310185, A.D. 2026-Apr-08 07:02:22.0000,69.185629,-42320380.87648232,-126215580.3927801,-54475386.85372309,29.25357037120627,-8.13784075006007,-3.472181497531942,2026-04-08T07:01:12.814357
2461138.79400463, A.D. 2026-Apr-08 07:03:22.0000,69.185629,-42318625.65794647,-126216068.6532046,-54475595.18030237,29.25368464331721,-8.13749854435765,-3.472034259144577,2026-04-08T07:02:12.814394
2461138.794699074, A.D. 2026-Apr-08 07:04:22.0000,69.185629,-42316870.43255194,-126216556.8931015,-54475803.49803799,29.25379899620068,-8.137156500628187,-3.471886700502106,2026-04-08T07:03:12.814350
2461138.795393519, A.D. 2026-Apr-08 07:05:22.0000,69.185629,-42315115.20029361,-126217045.112481,-54476011.8069098,29.25391343559933,-8.136814629275285,-3.471738800631434,2026-04-08T07:04:12.814427
2461138.796087963, A.D. 2026-Apr-08 07:06:22.0000,69.185629,-42313359.96116663,-126217533.3113527,-54476220.10689849,29.25402794789285,-8.136472902797003,-3.47159061235167,2026-04-08T07:05:12.814383
2461138.796782407, A.D. 2026-Apr-08 07:07:22.0000,69.185629,-42311604.71517093,-126218021.4897228,-54476428.39798965,29.25414250223512,-8.1361312607538,-3.471442252895145,2026-04-08T07:06:12.814339
2461138.797476852, A.D. 2026-Apr-08 07:08:22.0000,69.185629,-42309849.46229827,-126218509.6475957,-54476636.68017844,29.25425705644746,-8.135789620592636,-3.471293882802684,2026-04-08T07:07:12.814376
2461138.798171296, A.D. 2026-Apr-08 07:09:22.0000,69.185629,-42308094.20255384,-126218997.7849675,-54476844.95347042,29.25437151108336,-8.135447786119384,-3.47114588256792,2026-04-08T07:08:12.814332
2461138.798865741, A.D. 2026-Apr-08 07:10:22.0000,69.185629,-42306338.93595122,-126219485.9018112,-54477053.21791694,29.25448570773809,-8.135105443491973,-3.470998860778149,2026-04-08T07:09:12.814409
2461138.799560185, A.D. 2026-Apr-08 07:11:22.0000,69.185629,-42304583.66249789,-126219973.9981124,-54477261.47354569,29.25459987514989,-8.134763054528,-3.470851927321548,2026-04-08T07:10:12.814365
2461138.800254629, A.D. 2026-Apr-08 07:12:22.0000,69.185629,-42302828.38219431,-126220462.0738712,-54477469.72035672,29.25471405670785,-8.134420709457407,-3.47070491033125,2026-04-08T07:11:12.814322
2461138.800949074, A.D. 2026-Apr-08 07:13:22.0000,69.185629,-42301073.09503846,-126220950.1290926,-54477677.95834052,29.25482828928741,-8.134078483685668,-3.470557664880568,2026-04-08T07:12:12.814358
2461138.801643519, A.D. 2026-Apr-08 07:14:22.0000,69.185629,-42299317.80102648,-126221438.1637852,-54477886.18748024,29.25494259617176,-8.13373642467285,-3.470410100040205,2026-04-08T07:13:12.814435
2461138.802337963, A.D. 2026-Apr-08 07:15:22.0000,69.185629,-42297562.50015367,-126221926.1779597,-54478094.40775583,29.25505698292987,-8.133394542856635,-3.470262194971827,2026-04-08T07:14:12.814391
2461138.803032408, A.D. 2026-Apr-08 07:16:22.0000,69.185629,-42295807.19241901,-126222414.1716249,-54478302.61914758,29.2551714365444,-8.133052810448444,-3.470114002349771,2026-04-08T07:15:12.814428
2461138.803726852, A.D. 2026-Apr-08 07:17:22.0000,69.185629,-42294051.87781236,-126222902.1447902,-54478510.82164239,29.25528592757211,-8.13271116568452,-3.469965639307048,2026-04-08T07:16:12.814384
2461138.804421296, A.D. 2026-Apr-08 07:18:22.0000,69.185629,-42292296.55633611,-126223390.0974574,-54478719.01523423,29.25540041567176,-8.132369524431143,-3.469817266528565,2026-04-08T07:17:12.814340
2461138.805115741, A.D. 2026-Apr-08 07:19:22.0000,69.185629,-42290541.2279921,-126223878.0296232,-54478927.19992914,29.25551480407421,-8.132027687833766,-3.469669264600115,2026-04-08T07:18:12.814417
2461138.805810185, A.D. 2026-Apr-08 07:20:22.0000,69.185629,-42288785.8927938,-126224365.9412607,-54479135.37577856,29.25562893763665,-8.13168533787808,-3.469522243028006,2026-04-08T07:19:12.814373
2461138.80650463, A.D. 2026-Apr-08 07:21:22.0000,69.185629,-42287030.55074845,-126224853.8323552,-54479343.54281017,29.25574304507105,-8.131342939259538,-3.469375309138766,2026-04-08T07:20:12.814410
2461138.807199074, A.D. 2026-Apr-08 07:22:22.0000,69.185629,-42285275.20185633,-126225341.7029067,-54479551.70102403,29.25585717081566,-8.131000582275112,-3.469228290153873,2026-04-08T07:21:12.814366
2461138.807893518, A.D. 2026-Apr-08 07:23:22.0000,69.185629,-42283519.84611516,-126225829.5529198,-54479759.85041043,29.25597135221658,-8.13065834267601,-3.469081040717999,2026-04-08T07:22:12.814322
2461138.808587963, A.D. 2026-Apr-08 07:24:22.0000,69.185629,-42281764.48352078,-126226317.3824034,-54479967.99095251,29.25608561248912,-8.13031626803264,-3.468933469750129,2026-04-08T07:23:12.814399
2461138.809282408, A.D. 2026-Apr-08 07:25:22.0000,69.185629,-42280009.11407176,-126226805.191367,-54480176.12262958,29.25619995671505,-8.129974369713288,-3.468785556390543,2026-04-08T07:24:12.814436
2461138.809976852, A.D. 2026-Apr-08 07:26:22.0000,69.185629,-42278253.73775634,-126227292.9798222,-54480384.24542311,29.25631437091144,-8.12963262032958,-3.468637353954023,2026-04-08T07:25:12.814392
2461138.810671296, A.D. 2026-Apr-08 07:27:22.0000,69.185629,-42276498.35457473,-126227780.7477755,-54480592.35931864,29.25642882441768,-8.129290958710646,-3.468488980370961,2026-04-08T07:26:12.814348
2461138.811365741, A.D. 2026-Apr-08 07:28:22.0000,69.185629,-42274742.96452574,-126228268.4952296,-54480800.46431059,29.25654327556587,-8.128949301235364,-3.46834059700416,2026-04-08T07:27:12.814385
2461138.812060185, A.D. 2026-Apr-08 07:29:22.0000,69.185629,-42272987.56761123,-126228756.2221815,-54481008.56040499,29.25665762557519,-8.128607449344974,-3.468192586523995,2026-04-08T07:28:12.814341
2461138.81275463, A.D. 2026-Apr-08 07:30:22.0000,69.185629,-42271232.16384484,-126229243.9286041,-54481216.64765355,29.25677171680501,-8.128265085587225,-3.468045561039041,2026-04-08T07:29:12.814418
2461138.813449074, A.D. 2026-Apr-08 07:31:22.0000,69.185629,-42269476.75323404,-126229731.614483,-54481424.72608408,29.25688578015195,-8.127922673768854,-3.467898623903069,2026-04-08T07:30:12.814374
2461138.814143518, A.D. 2026-Apr-08 07:32:22.0000,69.185629,-42267721.33577914,-126230219.279818,-54481632.79569668,29.25699986024139,-8.127580303471797,-3.467751601491033,2026-04-08T07:31:12.814330
2461138.814837963, A.D. 2026-Apr-08 07:33:22.0000,69.185629,-42265965.91147795,-126230706.924614,-54481840.85648163,29.25711399465991,-8.12723805018241,-3.467604347809302,2026-04-08T07:32:12.814367
2461138.815532407, A.D. 2026-Apr-08 07:34:22.0000,69.185629,-42264210.48032994,-126231194.5488785,-54482048.90842151,29.25722820686661,-8.126895961767985,-3.467456771244854,2026-04-08T07:33:12.814323
2461138.816226852, A.D. 2026-Apr-08 07:35:22.0000,69.185629,-42262455.04232318,-126231682.1526241,-54482256.95149681,29.25734250220851,-8.126554049113897,-3.467308850984967,2026-04-08T07:34:12.814400
2461138.816921297, A.D. 2026-Apr-08 07:36:22.0000,69.185629,-42260699.59745651,-126232169.7358596,-54482464.98568774,29.25745686675431,-8.12621228516865,-3.467160640514401,2026-04-08T07:35:12.814437
2461138.817615741, A.D. 2026-Apr-08 07:37:22.0000,69.185629,-42258944.14572661,-126232657.2985922,-54482673.01098017,29.25757126994385,-8.125870609185716,-3.467012258397983,2026-04-08T07:36:12.814393
2461138.818310185, A.D. 2026-Apr-08 07:38:22.0000,69.185629,-42257188.68713238,-126233144.8408249,-54482881.02736852,29.25768567002125,-8.12552893781775,-3.46686386672602,2026-04-08T07:37:12.814349
2461138.81900463, A.D. 2026-Apr-08 07:39:22.0000,69.185629,-42255433.22167573,-126233632.3625544,-54483089.03485882,29.25779996749449,-8.125187073139111,-3.46671584990598,2026-04-08T07:38:12.814426
2461138.819699074, A.D. 2026-Apr-08 07:40:22.0000,69.185629,-42253677.74937046,-126234119.863754,-54483297.03350309,29.25791400321118,-8.124844698710348,-3.466568822953365,2026-04-08T07:39:12.814382
2461138.820393519, A.D. 2026-Apr-08 07:41:22.0000,69.185629,-42251922.27022408,-126234607.3444093,-54483505.0233293,29.25802801160028,-8.124502277008498,-3.466421884917884,2026-04-08T07:40:12.814419
2461138.821087963, A.D. 2026-Apr-08 07:42:22.0000,69.185629,-42250166.78423687,-126235094.8045202,-54483713.00433747,29.2581420383976,-8.124159897120053,-3.466274861328183,2026-04-08T07:41:12.814375
2461138.821782407, A.D. 2026-Apr-08 07:43:22.0000,69.185629,-42248411.29141,-126235582.2440904,-54483920.97651745,29.25825612192365,-8.123817634088827,-3.466127605225927,2026-04-08T07:42:12.814331
2461138.822476852, A.D. 2026-Apr-08 07:44:22.0000,69.185629,-42246655.79173227,-126236069.6631305,-54484128.93985303,29.25837028611154,-8.123475534534494,-3.465980024324325,2026-04-08T07:43:12.814408
2461138.823171296, A.D. 2026-Apr-08 07:45:22.0000,69.185629,-42244900.28520208,-126236557.06165,-54484336.89432329,29.25848453623982,-8.123133609186333,-3.465832097418884,2026-04-08T07:44:12.814364
2461138.823865741, A.D. 2026-Apr-08 07:46:22.0000,69.185629,-42243144.77181463,-126237044.4396584,-54484544.83990873,29.25859885798859,-8.122791829981242,-3.465683878040238,2026-04-08T07:45:12.814401
2461138.824560185, A.D. 2026-Apr-08 07:47:22.0000,69.185629,-42241389.25156648,-126237531.7971632,-54484752.77659504,29.25871321999856,-8.122450136084172,-3.465535485060529,2026-04-08T07:46:12.814357
2461138.82525463, A.D. 2026-Apr-08 07:48:22.0000,69.185629,-42239633.72445641,-126238019.1341667,-54484960.70437657,29.25882757952037,-8.122108443879664,-3.465387081313733,2026-04-08T07:47:12.814394
2461138.825949074, A.D. 2026-Apr-08 07:49:22.0000,69.185629,-42237878.19048641,-126238506.4506658,-54485168.62325934,29.25894183566896,-8.121766554987103,-3.465239052539505,2026-04-08T07:48:12.814350
2461138.826643519, A.D. 2026-Apr-08 07:50:22.0000,69.185629,-42236122.6496703,-126238993.7466334,-54485376.5332954,29.25905582758995,-8.121424151564673,-3.465092015733535,2026-04-08T07:49:12.814427
2461138.827337963, A.D. 2026-Apr-08 07:51:22.0000,69.185629,-42234367.10201579,-126239481.0220549,-54485584.43451286,29.25916979000176,-8.121081701418102,-3.464945068589015,2026-04-08T07:50:12.814383
2461138.828032407, A.D. 2026-Apr-08 07:52:22.0000,69.185629,-42232611.54752676,-126239968.2769293,-54485792.32691136,29.25928376860051,-8.120739295980808,-3.464798036771729,2026-04-08T07:51:12.814339
2461138.828726852, A.D. 2026-Apr-08 07:53:22.0000,69.185629,-42230855.98619405,-126240455.5112637,-54486000.21048203,29.25939780200121,-8.120397011800916,-3.464650773513063,2026-04-08T07:52:12.814376
2461138.829421296, A.D. 2026-Apr-08 07:54:22.0000,69.185629,-42229100.41801701,-126240942.7250658,-54486208.08520748,29.25951191487082,-8.120054896540697,-3.464503186498336,2026-04-08T07:53:12.814332
2461138.830115741, A.D. 2026-Apr-08 07:55:22.0000,69.185629,-42227344.84299062,-126241429.9183466,-54486415.95106725,29.25962611355511,-8.119712961275003,-3.464355254590737,2026-04-08T07:54:12.814409
2461138.830810185, A.D. 2026-Apr-08 07:56:22.0000,69.185629,-42225589.26111002,-126241917.091116,-54486623.80804194,29.25974038495142,-8.11937117749359,-3.464207031105623,2026-04-08T07:55:12.814365
2461138.831504629, A.D. 2026-Apr-08 07:57:22.0000,69.185629,-42223833.67237167,-126242404.2433814,-54486831.65611728,29.25985469874547,-8.119029482943658,-3.464058634948991,2026-04-08T07:56:12.814322
2461138.832199074, A.D. 2026-Apr-08 07:58:22.0000,69.185629,-42222078.07677422,-126242891.3751457,-54487039.49528771,29.25996901316243,-8.118687792281358,-3.463910228712565,2026-04-08T07:57:12.814358
2461138.832893519, A.D. 2026-Apr-08 07:59:22.0000,69.185629,-42220322.47431941,-126243378.4864057,-54487247.32555922,29.26008322908121,-8.118345904042359,-3.463762198374519,2026-04-08T07:58:12.814435
2461138.833587963, A.D. 2026-Apr-08 08:00:22.0000,69.185629,-42218566.86502065,-126243865.577134,-54487455.14698401,29.26019718841888,-8.118003496400592,-3.463615161535849,2026-04-08T07:59:12.814391
2461138.834282408, A.D. 2026-Apr-08 08:01:22.0000,69.185629,-42216811.24888891,-126244352.6473149,-54487662.95958972,29.26031111905776,-8.117661039547508,-3.463468213627564,2026-04-08T08:00:12.814428
2461138.834976852, A.D. 2026-Apr-08 08:02:22.0000,69.185629,-42215055.62591761,-126244839.6969502,-54487870.76337723,29.26042506405846,-8.117318624486995,-3.463321179584314,2026-04-08T08:01:12.814384
2461138.835671296, A.D. 2026-Apr-08 08:03:22.0000,69.185629,-42213299.99610823,-126245326.7260438,-54488078.55833631,29.26053905990641,-8.116976327777326,-3.463173912127981,2026-04-08T08:02:12.814340
2461138.836365741, A.D. 2026-Apr-08 08:04:22.0000,69.185629,-42211544.35945696,-126245813.7346044,-54488286.34444985,29.26065312942994,-8.116634197480817,-3.463026318900332,2026-04-08T08:03:12.814417
2461138.837060185, A.D. 2026-Apr-08 08:05:22.0000,69.185629,-42209788.71595912,-126246300.7226426,-54488494.12169728,29.2607672780902,-8.116292245112433,-3.462878378770856,2026-04-08T08:04:12.814373
2461138.83775463, A.D. 2026-Apr-08 08:06:22.0000,69.185629,-42208033.06561029,-126246787.6901683,-54488701.89005908,29.26088149267352,-8.115950442766787,-3.462730145757972,2026-04-08T08:05:12.814410
2461138.838449074, A.D. 2026-Apr-08 08:07:22.0000,69.185629,-42206277.40840729,-126247274.637189,-54488909.64952096,29.26099574377402,-8.115608728904789,-3.462581739311296,2026-04-08T08:06:12.814366
2461138.839143518, A.D. 2026-Apr-08 08:08:22.0000,69.185629,-42204521.7443491,-126247761.5637073,-54489117.40007728,29.26110999127943,-8.115267018833995,-3.462433322922264,2026-04-08T08:07:12.814322
2461138.839837963, A.D. 2026-Apr-08 08:09:22.0000,69.185629,-42202766.07343762,-126248248.4697202,-54489325.14173414,29.26122413862651,-8.11492511155077,-3.462285284191857,2026-04-08T08:08:12.814399
2461138.840532408, A.D. 2026-Apr-08 08:10:22.0000,69.185629,-42201010.39568629,-126248735.3552003,-54489532.87454389,29.26133803096733,-8.114582685627035,-3.462138243207566,2026-04-08T08:09:12.814436
2461138.841226852, A.D. 2026-Apr-08 08:11:22.0000,69.185629,-42199254.7111059,-126249222.220132,-54489740.59853436,29.26145189770855,-8.114240211749236,-3.461991291891398,2026-04-08T08:10:12.814392
2461138.841921296, A.D. 2026-Apr-08 08:12:22.0000,69.185629,-42197499.01968963,-126249709.064517,-54489948.31370643,29.26156578360438,-8.113897780971953,-3.461844254342007,2026-04-08T08:11:12.814348
2461138.842615741, A.D. 2026-Apr-08 08:13:22.0000,69.185629,-42195743.32143867,-126250195.8883595,-54490156.02004981,29.26167972612449,-8.113555469794301,-3.461696982822843,2026-04-08T08:12:12.814385
2461138.843310185, A.D. 2026-Apr-08 08:14:22.0000,69.185629,-42193987.61634885,-126250682.6916681,-54490363.71754742,29.26179374857951,-8.113213326340608,-3.461549384413592,2026-04-08T08:13:12.814341
2461138.84400463, A.D. 2026-Apr-08 08:15:22.0000,69.185629,-42192231.90441509,-126251169.4744536,-54490571.40617856,29.2619078558927,-8.112871361695019,-3.461401437851531,2026-04-08T08:14:12.814418
2461138.844699074, A.D. 2026-Apr-08 08:16:22.0000,69.185629,-42190476.18563268,-126251656.2367259,-54490779.08592363,29.2620220336452,-8.112529547756925,-3.46125319719019,2026-04-08T08:15:12.814374
2461138.845393518, A.D. 2026-Apr-08 08:17:22.0000,69.185629,-42188720.4599982,-126252142.9784924,-54490986.75676829,29.26213625092427,-8.112187822652194,-3.461104782269401,2026-04-08T08:16:12.814330
2461138.846087963, A.D. 2026-Apr-08 08:18:22.0000,69.185629,-42186964.72751054,-126252629.6997559,-54491194.41870691,29.26225046542659,-8.111846101320136,-3.460956357270326,2026-04-08T08:17:12.814367
2461138.846782407, A.D. 2026-Apr-08 08:19:22.0000,69.185629,-42185208.9881716,-126253116.4005133,-54491402.07174551,29.26236457745868,-8.111504182466419,-3.460808311260616,2026-04-08T08:18:12.814323
2461138.847476852, A.D. 2026-Apr-08 08:20:22.0000,69.185629,-42183453.24199864,-126253603.0807362,-54491609.71593633,29.26247842758115,-8.111161744299508,-3.46066126674026,2026-04-08T08:19:12.814400
2461138.848171297, A.D. 2026-Apr-08 08:21:22.0000,69.185629,-42181697.48899224,-126254089.7404119,-54491817.35130849,29.26259224978235,-8.11081925763525,-3.460514312022121,2026-04-08T08:20:12.814437
2461138.848865741, A.D. 2026-Apr-08 08:22:22.0000,69.185629,-42179941.72915621,-126254576.3795391,-54492024.97786159,29.26270608941135,-8.110476813181316,-3.46036727080623,2026-04-08T08:21:12.814393
2461138.849560185, A.D. 2026-Apr-08 08:23:22.0000,69.185629,-42178185.9624883,-126255062.9981229,-54492232.5955858,29.26281998444374,-8.110134487701178,-3.460219994566144,2026-04-08T08:22:12.814349
2461138.85025463, A.D. 2026-Apr-08 08:24:22.0000,69.185629,-42176430.18898437,-126255549.5961722,-54492440.20446388,29.26293395874215,-8.109792329511949,-3.460072390241777,2026-04-08T08:23:12.814426
2461138.850949074, A.D. 2026-Apr-08 08:25:22.0000,69.185629,-42174674.40863943,-126256036.1736972,-54492647.80447513,29.26304801736314,-8.109450349903797,-3.459924436585839,2026-04-08T08:24:12.814382
2461138.851643519, A.D. 2026-Apr-08 08:26:22.0000,69.185629,-42172918.62144876,-126256522.7307083,-54492855.39559986,29.26316214606533,-8.109108521337625,-3.459776187979184,2026-04-08T08:25:12.814419
2461138.852337963, A.D. 2026-Apr-08 08:27:22.0000,69.185629,-42171162.82740899,-126257009.2672127,-54493062.97782369,29.26327631355602,-8.108766781863855,-3.459627764801795,2026-04-08T08:26:12.814375
2461138.853032407, A.D. 2026-Apr-08 08:28:22.0000,69.185629,-42169407.02651907,-126257495.7832133,-54493270.55114093,29.26339047723346,-8.108425046762346,-3.459479331821068,2026-04-08T08:27:12.814331
2461138.853726852, A.D. 2026-Apr-08 08:29:22.0000,69.185629,-42167651.21878093,-126257982.2787069,-54493478.11555776,29.26350453611947,-8.108083115235047,-3.459331279719245,2026-04-08T08:28:12.814408
2461138.854421296, A.D. 2026-Apr-08 08:30:22.0000,69.185629,-42165895.40421216,-126258468.7536653,-54493685.6711266,29.26361832859922,-8.107740665325885,-3.459184233345973,2026-04-08T08:29:12.814364
2461138.855115741, A.D. 2026-Apr-08 08:31:22.0000,69.185629,-42164139.58281341,-126258955.2080757,-54493893.21787665,29.26373209282555,-8.107398167466526,-3.459037277350678,2026-04-08T08:30:12.814401
2461138.855810185, A.D. 2026-Apr-08 08:32:22.0000,69.185629,-42162383.75458847,-126259441.6419372,-54494100.75580759,29.26384587542717,-8.107055712358331,-3.458890234527611,2026-04-08T08:31:12.814357
2461138.85650463, A.D. 2026-Apr-08 08:33:22.0000,69.185629,-42160627.91953502,-126259928.0552546,-54494308.28490949,29.26395971587076,-8.106713376081977,-3.458742955597299,2026-04-08T08:32:12.814394
2461138.857199074, A.D. 2026-Apr-08 08:34:22.0000,69.185629,-42158872.07764874,-126260414.4480366,-54494515.80516506,29.26407363893865,-8.106371206407196,-3.458595346809294,2026-04-08T08:33:12.814350
2461138.857893519, A.D. 2026-Apr-08 08:35:22.0000,69.185629,-42157116.22892437,-126260900.8202938,-54494723.31655349,29.26418765065647,-8.106029214070102,-3.458447386591806,2026-04-08T08:34:12.814427
2461138.858587963, A.D. 2026-Apr-08 08:36:22.0000,69.185629,-42155360.37335695,-126261387.1720362,-54494930.81905492,29.26430173704838,-8.10568737090365,-3.458299129386814,2026-04-08T08:35:12.814383
2461138.859282407, A.D. 2026-Apr-08 08:37:22.0000,69.185629,-42153604.51094288,-126261873.5032709,-54495138.31265486,29.26441586668323,-8.105345614691888,-3.458150695777846,2026-04-08T08:36:12.814339
2461138.859976852, A.D. 2026-Apr-08 08:38:22.0000,69.185629,-42151848.64168075,-126262359.8140008,-54495345.79734761,29.26452999638461,-8.105003860664022,-3.458002251286486,2026-04-08T08:37:12.814376
2461138.860671296, A.D. 2026-Apr-08 08:39:22.0000,69.185629,-42150092.76557589,-126262846.1042216,-54495553.2731388,29.26464402436149,-8.104661906938333,-3.457854187667751,2026-04-08T08:38:12.814332
2461138.861365741, A.D. 2026-Apr-08 08:40:22.0000,69.185629,-42148336.88263512,-126263332.3739076,-54495760.74008217,29.26475778840843,-8.104319430778554,-3.457707131668061,2026-04-08T08:39:12.814409
2461138.862060185, A.D. 2026-Apr-08 08:41:22.0000,69.185629,-42146580.99286964,-126263818.6230431,-54495968.19820581,29.26487152259188,-8.103976907014854,-3.457560166733848,2026-04-08T08:40:12.814365
2461138.862754629, A.D. 2026-Apr-08 08:42:22.0000,69.185629,-42144825.09627989,-126264304.8516281,-54496175.6475098,29.26498527143362,-8.1036344283026,-3.457413115744357,2026-04-08T08:41:12.814322
2461138.863449074, A.D. 2026-Apr-08 08:43:22.0000,69.185629,-42143069.19286378,-126264791.0596677,-54496383.08798432,29.26509907263537,-8.103292072293913,-3.457265829602024,2026-04-08T08:42:12.814358
2461138.864143519, A.D. 2026-Apr-08 08:44:22.0000,69.185629,-42141313.28261738,-126265277.2471709,-54496590.51961213,29.26521294998606,-8.102949887425426,-3.457118214682093,2026-04-08T08:43:12.814435
2461138.864837963, A.D. 2026-Apr-08 08:45:22.0000,69.185629,-42139557.36553587,-126265763.4141485,-54496797.9423724,29.26532690918088,-8.102607884747307,-3.456970249328692,2026-04-08T08:44:12.814391
2461138.865532408, A.D. 2026-Apr-08 08:46:22.0000,69.185629,-42137801.44161464,-126266249.5606109,-54497005.35624541,29.2654409369783,-8.102266035522232,-3.456821987939762,2026-04-08T08:45:12.814428
2461138.866226852, A.D. 2026-Apr-08 08:47:22.0000,69.185629,-42136045.5108504,-126266735.6865653,-54497212.76121674,29.26555500322385,-8.10192427648596,-3.456673551095557,2026-04-08T08:46:12.814384
2461138.866921296, A.D. 2026-Apr-08 08:48:22.0000,69.185629,-42134289.57324203,-126267221.7920147,-54497420.15728066,29.26566906654486,-8.101582521199527,-3.456525104047426,2026-04-08T08:47:12.814340
2461138.867615741, A.D. 2026-Apr-08 08:49:22.0000,69.185629,-42132533.62879494,-126267707.876955,-54497627.54444291,29.26578302817497,-8.101240565174542,-3.456377038928328,2026-04-08T08:48:12.814417
2461138.868310185, A.D. 2026-Apr-08 08:50:22.0000,69.185629,-42130777.67751581,-126268193.9413601,-54497834.92275734,29.26589672947681,-8.10089808167944,-3.456229983022015,2026-04-08T08:49:12.814373
2461138.86900463, A.D. 2026-Apr-08 08:51:22.0000,69.185629,-42129021.71941562,-126268679.9852143,-54498042.29225199,29.26601040395071,-8.100555548551819,-3.45608301743267,2026-04-08T08:50:12.814410
2461138.869699074, A.D. 2026-Apr-08 08:52:22.0000,69.185629,-42127265.75449466,-126269166.0085174,-54498249.65292693,29.26612409705316,-8.100213057986696,-3.455935964310505,2026-04-08T08:51:12.814366
2461138.870393518, A.D. 2026-Apr-08 08:53:22.0000,69.185629,-42125509.78275053,-126269652.0112743,-54498457.00477223,29.26623784687727,-8.099870688022424,-3.45578867410253,2026-04-08T08:52:12.814322
2461138.871087963, A.D. 2026-Apr-08 08:54:22.0000,69.185629,-42123753.80417909,-126270137.9934939,-54498664.34777044,29.26635167724216,-8.099528487545252,-3.455641052932858,2026-04-08T08:53:12.814399
2461138.871782408, A.D. 2026-Apr-08 08:55:22.0000,69.185629,-42121997.81877523,-126270623.9551869,-54498871.68190074,29.2664655934749,-8.099186468276434,-3.455493079402504,2026-04-08T08:54:12.814436
2461138.872476852, A.D. 2026-Apr-08 08:56:22.0000,69.185629,-42120241.8265341,-126271109.8963636,-54499079.00714325,29.2665795814386,-8.098844602020657,-3.455344808345708,2026-04-08T08:55:12.814392
2461138.873171296, A.D. 2026-Apr-08 08:57:22.0000,69.185629,-42118485.82745229,-126271595.8170315,-54499286.32348344,29.26669360998616,-8.098502826151922,-3.455196361097511,2026-04-08T08:56:12.814348
2461138.873865741, A.D. 2026-Apr-08 08:58:22.0000,69.185629,-42116729.8215286,-126272081.7171933,-54499493.63091558,29.26680763656328,-8.098161054791344,-3.45504790381017,2026-04-08T08:57:12.814385
2461138.874560185, A.D. 2026-Apr-08 08:59:22.0000,69.185629,-42114973.80876835,-126272567.596845,-54499700.92944551,29.26692156068855,-8.097819083776693,-3.454899830333107,2026-04-08T08:58:12.814341
2461138.87525463, A.D. 2026-Apr-08 09:00:22.0000,69.185629,-42113217.78917845,-126273053.4559608,-54499908.21912724,29.26703522176374,-8.097476587581188,-3.454752770555695,2026-04-08T08:59:12.814418
2461138.875949074, A.D. 2026-Apr-08 09:01:22.0000,69.185629,-42111461.76276997,-126273539.2945248,-54500115.49998901,29.26714885449462,-8.097134042116434,-3.454605801767861,2026-04-08T09:00:12.814374
2461138.876643518, A.D. 2026-Apr-08 09:02:22.0000,69.185629,-42109705.72954321,-126274025.1125371,-54500322.77203088,29.26726250406036,-8.096791539164695,-3.454458745290238,2026-04-08T09:01:12.814330
2461138.877337963, A.D. 2026-Apr-08 09:03:22.0000,69.185629,-42107949.68949598,-126274510.9100023,-54500530.03524284,29.26737620849186,-8.096449156191241,-3.454311450953051,2026-04-08T09:02:12.814367
2461138.878032407, A.D. 2026-Apr-08 09:04:22.0000,69.185629,-42106193.6426242,-126274996.6869295,-54500737.2896075,29.26748999159636,-8.096106942195666,-3.45416382432855,2026-04-08T09:03:12.814323
2461138.878726852, A.D. 2026-Apr-08 09:05:22.0000,69.185629,-42104437.5889229,-126275482.4433293,-54500944.53510382,29.2676038587112,-8.095764908477259,-3.454015843984266,2026-04-08T09:04:12.814400
2461138.879421297, A.D. 2026-Apr-08 09:06:22.0000,69.185629,-42102681.52838735,-126275968.1792119,-54501151.77171192,29.26771779577239,-8.095423027233757,-3.453867564945258,2026-04-08T09:05:12.814437
2461138.880115741, A.D. 2026-Apr-08 09:07:22.0000,69.185629,-42100925.46101423,-126276453.8945846,-54501358.99941721,29.26783177166486,-8.095081236071644,-3.453719109117471,2026-04-08T09:06:12.814393
2461138.880810185, A.D. 2026-Apr-08 09:08:22.0000,69.185629,-42099169.38680591,-126276939.5894495,-54501566.21821355,29.26794574414541,-8.094739449663054,-3.453570643404668,2026-04-08T09:07:12.814349
2461138.88150463, A.D. 2026-Apr-08 09:09:22.0000,69.185629,-42097413.30575734,-126277425.2638053,-54501773.42810797,29.26805961217863,-8.0943974649163,-3.453422563197392,2026-04-08T09:08:12.814426
2461138.882199074, A.D. 2026-Apr-08 09:10:22.0000,69.185629,-42095657.21788611,-126277910.9176235,-54501980.62915357,29.26817321395453,-8.09405495703254,-3.453275501139022,2026-04-08T09:09:12.814382
2461138.882893519, A.D. 2026-Apr-08 09:11:22.0000,69.185629,-42093901.12319979,-126278396.5508894,-54502187.82137908,29.26828678844946,-8.09371240072997,-3.453128530642904,2026-04-08T09:10:12.814419
2461138.883587963, A.D. 2026-Apr-08 09:12:22.0000,69.185629,-42092145.02169864,-126278882.1636026,-54502395.00478457,29.26840038227187,-8.09336988767909,-3.452981472362855,2026-04-08T09:11:12.814375
2461138.884282407, A.D. 2026-Apr-08 09:13:22.0000,69.185629,-42090388.91338029,-126279367.7557684,-54502602.17936003,29.2685140345432,-8.093027494578978,-3.452834175098054,2026-04-08T09:12:12.814331
2461138.884976852, A.D. 2026-Apr-08 09:14:22.0000,69.185629,-42088632.79824036,-126279853.3273955,-54502809.34508796,29.26862776954687,-8.092685269584498,-3.452686544037183,2026-04-08T09:13:12.814408
2461138.885671296, A.D. 2026-Apr-08 09:15:22.0000,69.185629,-42086876.67627371,-126280338.8784944,-54503016.50194725,29.26874159263326,-8.092343223559972,-3.452538557322836,2026-04-08T09:14:12.814364
2461138.886365741, A.D. 2026-Apr-08 09:16:22.0000,69.185629,-42085120.54747534,-126280824.4090754,-54503223.64991786,29.26885548905591,-8.09200132782195,-3.452390269984568,2026-04-08T09:15:12.814401
2461138.887060185, A.D. 2026-Apr-08 09:17:22.0000,69.185629,-42083364.41184171,-126281309.9191456,-54503430.78898513,29.26896942664932,-8.091659519564935,-3.45224180416055,2026-04-08T09:16:12.814357
2461138.88775463, A.D. 2026-Apr-08 09:18:22.0000,69.185629,-42081608.26937518,-126281795.4087068,-54503637.91914278,29.26908336159908,-8.091317713130403,-3.452093327206363,2026-04-08T09:17:12.814394
2461138.888449074, A.D. 2026-Apr-08 09:19:22.0000,69.185629,-42079852.1200707,-126282280.8777577,-54503845.04039785,29.26919719082651,-8.090975704783135,-3.45194523582721,2026-04-08T09:18:12.814350
2461138.889143519, A.D. 2026-Apr-08 09:20:22.0000,69.185629,-42078095.96394596,-126282766.3262693,-54504052.15280346,29.26931074983306,-8.090633168291719,-3.451798164208912,2026-04-08T09:19:12.814427
2461138.889837963, A.D. 2026-Apr-08 09:21:22.0000,69.185629,-42076339.80100881,-126283251.7542268,-54504259.25638844,29.26942427882757,-8.090290583910418,-3.451651184786416,2026-04-08T09:20:12.814383
2461138.890532407, A.D. 2026-Apr-08 09:22:22.0000,69.185629,-42074583.63125964,-126283737.1616302,-54504466.3511529,29.26953782462769,-8.089948045392427,-3.45150411831702,2026-04-08T09:21:12.814339
2461138.891226852, A.D. 2026-Apr-08 09:23:22.0000,69.185629,-42072827.4546962,-126284222.5484847,-54504673.43708687,29.26965142663271,-8.089605631186311,-3.451356813902386,2026-04-08T09:22:12.814376
2461138.891921296, A.D. 2026-Apr-08 09:24:22.0000,69.185629,-42071071.27131429,-126284707.9147994,-54504880.51417286,29.2697651101095,-8.089263390601987,-3.451209176679405,2026-04-08T09:23:12.814332
2461138.892615741, A.D. 2026-Apr-08 09:25:22.0000,69.185629,-42069315.0811087,-126285193.2605852,-54505087.58238991,29.26987888154437,-8.08892133448579,-3.451061184881243,2026-04-08T09:24:12.814409
2461138.893310185, A.D. 2026-Apr-08 09:26:22.0000,69.185629,-42067558.88407447,-126285678.5858525,-54505294.641718,29.26999272729881,-8.088579434055386,-3.450912893348725,2026-04-08T09:25:12.814365
2461138.894004629, A.D. 2026-Apr-08 09:27:22.0000,69.185629,-42065802.68020802,-126286163.890609,-54505501.69214252,29.2701066163276,-8.088237625162499,-3.450764424281892,2026-04-08T09:26:12.814322
2461138.894699074, A.D. 2026-Apr-08 09:28:22.0000,69.185629,-42064046.46951143,-126286649.1748564,-54505708.73365726,29.27022050577618,-8.087895820225302,-3.450615944785738,2026-04-08T09:27:12.814358
2461138.895393519, A.D. 2026-Apr-08 09:29:22.0000,69.185629,-42062290.25197953,-126287134.4385937,-54505915.76626927,29.27033429392884,-8.087553812327455,-3.450467851764572,2026-04-08T09:28:12.814435
2461138.896087963, A.D. 2026-Apr-08 09:30:22.0000,69.185629,-42060534.02762962,-126287619.6817915,-54506122.79003178,29.27044781856894,-8.0872112712482,-3.450320779786032,2026-04-08T09:29:12.814391
2461138.896782408, A.D. 2026-Apr-08 09:31:22.0000,69.185629,-42058777.79646932,-126288104.9044349,-54506329.80497363,29.27056131401319,-8.086868679719942,-3.450173799272683,2026-04-08T09:30:12.814428
2461138.897476852, A.D. 2026-Apr-08 09:32:22.0000,69.185629,-42057021.55849906,-126288590.1065237,-54506536.81109487,29.2706748246515,-8.086526131126806,-3.450026730391315,2026-04-08T09:31:12.814384
2461138.898171296, A.D. 2026-Apr-08 09:33:22.0000,69.185629,-42055265.31371672,-126289075.2880628,-54506743.80838539,29.27078838802803,-8.086183704250692,-3.449879421720897,2026-04-08T09:32:12.814340
2461138.898865741, A.D. 2026-Apr-08 09:34:22.0000,69.185629,-42053509.06211837,-126289560.4490613,-54506950.79682763,29.27090202773692,-8.085841448386573,-3.449731778278756,2026-04-08T09:33:12.814417
2461138.899560185, A.D. 2026-Apr-08 09:35:22.0000,69.185629,-42051752.80369915,-126290045.58953,-54507157.7764005,29.27101574934691,-8.085499375364844,-3.449583778466722,2026-04-08T09:34:12.814373
2461138.90025463, A.D. 2026-Apr-08 09:36:22.0000,69.185629,-42049996.53845447,-126290530.7094791,-54507364.74708388,29.2711295393223,-8.085157456627748,-3.449435477635392,2026-04-08T09:35:12.814410
2461138.900949074, A.D. 2026-Apr-08 09:37:22.0000,69.185629,-42048240.26638105,-126291015.8089163,-54507571.70886311,29.27124336728264,-8.08481562885461,-3.449286998502483,2026-04-08T09:36:12.814366
2461138.901643518, A.D. 2026-Apr-08 09:38:22.0000,69.185629,-42046483.98748133,-126291500.8878433,-54507778.66173197,29.27135719189782,-8.084473805126494,-3.449138509145494,2026-04-08T09:37:12.814322
2461138.902337963, A.D. 2026-Apr-08 09:39:22.0000,69.185629,-42044727.7017502,-126291985.9462589,-54507985.60569753,29.27147091384088,-8.084131779067327,-3.448990407859519,2026-04-08T09:38:12.814399
2461138.903032408, A.D. 2026-Apr-08 09:40:22.0000,69.185629,-42042971.409205,-126292470.9841341,-54508192.54081323,29.2715843739519,-8.083789220702288,-3.448843331598969,2026-04-08T09:39:12.814436
2461138.903726852, A.D. 2026-Apr-08 09:41:22.0000,69.185629,-42041215.10985323,-126292956.001454,-54508399.46710803,29.27169780750125,-8.083446613071002,-3.448696347520174,2026-04-08T09:40:12.814392
2461138.904421296, A.D. 2026-Apr-08 09:42:22.0000,69.185629,-42039458.80369508,-126293440.9982181,-54508606.38458199,29.27181126040889,-8.083104049502937,-3.448549274974837,2026-04-08T09:41:12.814348
2461138.905115741, A.D. 2026-Apr-08 09:43:22.0000,69.185629,-42037702.49072817,-126293925.9744318,-54508813.29322504,29.27192477120498,-8.082761608602551,-3.448401962135245,2026-04-08T09:42:12.814385
2461138.905810185, A.D. 2026-Apr-08 09:44:22.0000,69.185629,-42035946.17094823,-126294410.9301041,-54509020.19301949,29.27203836370955,-8.082419339585547,-3.44825431353371,2026-04-08T09:43:12.814341
2461138.90650463, A.D. 2026-Apr-08 09:45:22.0000,69.185629,-42034189.84435011,-126294895.8652458,-54509227.08394426,29.27215204306892,-8.082077254094909,-3.448106307338247,2026-04-08T09:44:12.814418
2461138.907199074, A.D. 2026-Apr-08 09:46:22.0000,69.185629,-42032433.51092891,-126295380.7798672,-54509433.96597911,29.27226579481249,-8.081735323242292,-3.447957998989685,2026-04-08T09:45:12.814374
2461138.907893518, A.D. 2026-Apr-08 09:47:22.0000,69.185629,-42030677.17068122,-126295865.6739759,-54509640.83910932,29.27237958716411,-8.081393483520555,-3.447809511696878,2026-04-08T09:46:12.814330
2461138.908587963, A.D. 2026-Apr-08 09:48:22.0000,69.185629,-42028920.82360931,-126296350.5475737,-54509847.70332868,29.27249337701503,-8.081051647709529,-3.447661013960649,2026-04-08T09:47:12.814367
2461138.909282407, A.D. 2026-Apr-08 09:49:22.0000,69.185629,-42027164.46970812,-126296835.4006595,-54510054.55864426,29.27260706222025,-8.080709609480044,-3.447512905477159,2026-04-08T09:48:12.814323
2461138.909976852, A.D. 2026-Apr-08 09:50:22.0000,69.185629,-42025408.10899527,-126297320.2332041,-54510261.40510965,29.27272047975553,-8.080367038772849,-3.447365825427959,2026-04-08T09:49:12.814400
2461138.910671297, A.D. 2026-Apr-08 09:51:22.0000,69.185629,-42023651.74147843,-126297805.0451924,-54510468.24275392,29.27283386884161,-8.080024418092652,-3.447218837750174,2026-04-08T09:50:12.814437
2461138.911365741, A.D. 2026-Apr-08 09:52:22.0000,69.185629,-42021895.36715793,-126298289.8366244,-54510675.07157715,29.272947275781,-8.079681840935777,-3.447071761290242,2026-04-08T09:51:12.814393
2461138.912060185, A.D. 2026-Apr-08 09:53:22.0000,69.185629,-42020138.98603147,-126298774.607505,-54510881.89156917,29.27306073944713,-8.079339385856553,-3.446924443568175,2026-04-08T09:52:12.814349
2461138.91275463, A.D. 2026-Apr-08 09:54:22.0000,69.185629,-42018382.59809482,-126299259.3578434,-54511088.70271232,29.27317428406924,-8.078997102275414,-3.446776789062629,2026-04-08T09:53:12.814426
2461138.913449074, A.D. 2026-Apr-08 09:55:22.0000,69.185629,-42016626.20334291,-126299744.0876503,-54511295.50498536,29.27328791495577,-8.078655002002522,-3.44662877586392,2026-04-08T09:54:12.814382
2461138.914143519, A.D. 2026-Apr-08 09:56:22.0000,69.185629,-42014869.80177084,-126300228.796936,-54511502.29836805,29.27340161761211,-8.078313056469328,-3.44648045982439,2026-04-08T09:55:12.814419
2461138.914837963, A.D. 2026-Apr-08 09:57:22.0000,69.185629,-42013113.39337524,-126300713.4857081,-54511709.08284563,29.27351535995352,-8.07797120259605,-3.446331964487886,2026-04-08T09:56:12.814375
2461138.915532407, A.D. 2026-Apr-08 09:58:22.0000,69.185629,-42011356.97815846,-126301198.1539686,-54511915.85841186,29.27362909862176,-8.077629353217766,-3.446183459077967,2026-04-08T09:57:12.814331
2461138.916226852, A.D. 2026-Apr-08 09:59:22.0000,69.185629,-42009600.55611553,-126301682.8017161,-54512122.62507389,29.27374273036385,-8.077287302316272,-3.446035344687462,2026-04-08T09:58:12.814408
2461138.916921296, A.D. 2026-Apr-08 10:00:22.0000,69.185629,-42007844.12726425,-126302167.4289219,-54512329.38288553,29.27385609014972,-8.076944720184924,-3.445888262652536,2026-04-08T09:59:12.814364
2461138.917615741, A.D. 2026-Apr-08 10:01:22.0000,69.185629,-42006087.6916125,-126302652.0355707,-54512536.13187596,29.2739694211838,-8.076602088847363,-3.445741273489579,2026-04-08T10:00:12.814401
2461138.918310185, A.D. 2026-Apr-08 10:02:22.0000,69.185629,-42004331.24916055,-126303136.6216625,-54512742.87204522,29.27408277112314,-8.076259501203271,-3.445594195247308,2026-04-08T10:01:12.814357
2461138.91900463, A.D. 2026-Apr-08 10:03:22.0000,69.185629,-42002574.79990599,-126303621.1872025,-54512949.60338316,29.27419618015357,-8.075917035548548,-3.445446874786743,2026-04-08T10:02:12.814394
2461138.919699074, A.D. 2026-Apr-08 10:04:22.0000,69.185629,-42000818.34384442,-126304105.7321993,-54513156.32587203,29.27430967361868,-8.07557474063956,-3.445299215805409,2026-04-08T10:03:12.814350
2461138.920393519, A.D. 2026-Apr-08 10:05:22.0000,69.185629,-41999061.88097053,-126304590.256664,-54513363.03949044,29.27442325764835,-8.075232627486884,-3.445151196194391,2026-04-08T10:04:12.814427
2461138.921087963, A.D. 2026-Apr-08 10:06:22.0000,69.185629,-41997305.41127916,-126305074.7606067,-54513569.74421806,29.27453691793765,-8.074890667368008,-3.445002871670692,2026-04-08T10:05:12.814383
2461138.921782407, A.D. 2026-Apr-08 10:07:22.0000,69.185629,-41995548.93476666,-126305559.2440349,-54513776.44004001,29.27465062246949,-8.074548796474176,-3.444854366184049,2026-04-08T10:06:12.814339
2461138.922476852, A.D. 2026-Apr-08 10:08:22.0000,69.185629,-41993792.45143164,-126306043.7069513,-54513983.12695037,29.2747643271096,-8.074206927780205,-3.444705849421588,2026-04-08T10:07:12.814376
2461138.923171296, A.D. 2026-Apr-08 10:09:22.0000,69.185629,-41992035.96127941,-126306528.1493517,-54514189.80495504,29.27487792792633,-8.073864854636412,-3.444557723569988,2026-04-08T10:08:12.814332
2461138.923865741, A.D. 2026-Apr-08 10:10:22.0000,69.185629,-41990279.46431709,-126307012.5712096,-54514396.47410906,29.2749912595149,-8.073522246143636,-3.444410631765741,2026-04-08T10:09:12.814409
2461138.924560185, A.D. 2026-Apr-08 10:11:22.0000,69.185629,-41988522.96055603,-126307496.9725092,-54514603.13444129,29.27510456060476,-8.073179588949529,-3.444263633384837,2026-04-08T10:10:12.814365
2461138.925254629, A.D. 2026-Apr-08 10:12:22.0000,69.185629,-41986766.44999667,-126307981.3532501,-54514809.78595185,29.27521787668016,-8.07283697782484,-3.444116546809759,2026-04-08T10:11:12.814322
2461138.925949074, A.D. 2026-Apr-08 10:13:22.0000,69.185629,-41985009.93263688,-126308465.7134379,-54515016.42863061,29.27533124616315,-8.072494492260619,-3.443969219005963,2026-04-08T10:12:12.814358
2461138.926643519, A.D. 2026-Apr-08 10:14:22.0000,69.185629,-41983253.40847268,-126308950.0530816,-54515223.0624599,29.27544469349386,-8.072152182072616,-3.443821553811907,2026-04-08T10:13:12.814435
2461138.927337963, A.D. 2026-Apr-08 10:15:22.0000,69.185629,-41981496.87749911,-126309434.3721924,-54515429.68741838,29.27555822454326,-8.071810058641494,-3.443673529102106,2026-04-08T10:14:12.814391
2461138.928032408, A.D. 2026-Apr-08 10:16:22.0000,69.185629,-41979740.33971143,-126309918.6707807,-54515636.3034858,29.27567182595739,-8.07146809240183,-3.443525200604713,2026-04-08T10:15:12.814428
2461138.928726852, A.D. 2026-Apr-08 10:17:22.0000,69.185629,-41977983.79510629,-126310402.9488541,-54515842.91064734,29.27578546704627,-8.071126218812498,-3.443376692101043,2026-04-08T10:16:12.814384
2461138.929421296, A.D. 2026-Apr-08 10:18:22.0000,69.185629,-41976227.24368254,-126310887.2064157,-54516049.50889718,29.27589910573284,-8.07078434914527,-3.443228173164101,2026-04-08T10:17:12.814340
2461138.930115741, A.D. 2026-Apr-08 10:19:22.0000,69.185629,-41974470.68544552,-126311371.4434612,-54516256.09824115,29.27601264126476,-8.07044227408708,-3.443080046083426,2026-04-08T10:18:12.814417
2461138.930810185, A.D. 2026-Apr-08 10:20:22.0000,69.185629,-41972714.12040221,-126311855.659964,-54516462.67873447,29.27612591216575,-8.070099659327118,-3.442932954363287,2026-04-08T10:19:12.814373
2461138.93150463, A.D. 2026-Apr-08 10:21:22.0000,69.185629,-41970957.54856371,-126312339.855908,-54516669.25040602,29.27623915585452,-8.069756993538984,-3.442785955429868,2026-04-08T10:20:12.814410
2461138.932199074, A.D. 2026-Apr-08 10:22:22.0000,69.185629,-41969200.96993022,-126312824.0312929,-54516875.8132558,29.27635241837894,-8.069414371472668,-3.442638866785304,2026-04-08T10:21:12.814366
2461138.932893518, A.D. 2026-Apr-08 10:23:22.0000,69.185629,-41967444.38449942,-126313308.1861238,-54517082.36727363,29.27646573832552,-8.069071872668317,-3.442491534917335,2026-04-08T10:22:12.814322
2461138.933587963, A.D. 2026-Apr-08 10:24:22.0000,69.185629,-41965687.79226704,-126313792.3204097,-54517288.91244162,29.27657913978213,-8.068729547269806,-3.442343863620932,2026-04-08T10:23:12.814399
2461138.934282408, A.D. 2026-Apr-08 10:25:22.0000,69.185629,-41963931.19322797,-126314276.4341618,-54517495.44873843,29.27669262795105,-8.068387407158863,-3.44219583084851,2026-04-08T10:24:12.814436
2461138.934976852, A.D. 2026-Apr-08 10:26:22.0000,69.185629,-41962174.58737729,-126314760.5273903,-54517701.97614364,29.27680618838995,-8.068045423534928,-3.442047492757758,2026-04-08T10:25:12.814392
2461138.935671296, A.D. 2026-Apr-08 10:27:22.0000,69.185629,-41960417.97471157,-126315244.6001031,-54517908.49464235,29.27691978948454,-8.067703532245519,-3.441898973845207,2026-04-08T10:26:12.814348
2461138.936365741, A.D. 2026-Apr-08 10:28:22.0000,69.185629,-41958661.35522964,-126315728.6523028,-54518115.00422868,29.27703338793099,-8.067361645256574,-3.441750444555095,2026-04-08T10:27:12.814385
2461138.937060185, A.D. 2026-Apr-08 10:29:22.0000,69.185629,-41956904.72893689,-126316212.6839855,-54518321.50490865,29.27714688150438,-8.067019553984569,-3.441602308744443,2026-04-08T10:28:12.814341
2461138.93775463, A.D. 2026-Apr-08 10:30:22.0000,69.185629,-41955148.09584051,-126316696.6951246,-54518527.99673756,29.27726010650318,-8.066676924871448,-3.441455212359813,2026-04-08T10:29:12.814418
2461138.938449074, A.D. 2026-Apr-08 10:31:22.0000,69.185629,-41953391.4559517,-126317180.685704,-54518734.4797444,29.27737330316227,-8.066334245324695,-3.441308209385791,2026-04-08T10:30:12.814374
2461138.939143518, A.D. 2026-Apr-08 10:32:22.0000,69.185629,-41951634.80927076,-126317664.6557235,-54518940.95392926,29.27748651790149,-8.06599160967416,-3.441161116737504,2026-04-08T10:31:12.814330
2461138.939837963, A.D. 2026-Apr-08 10:33:22.0000,69.185629,-41949878.1557954,-126318148.6051881,-54519147.4192819,29.27759978988025,-8.065649097292859,-3.441013780299889,2026-04-08T10:32:12.814367
2461138.940532407, A.D. 2026-Apr-08 10:34:22.0000,69.185629,-41948121.49552132,-126318632.534107,-54519353.87578443,29.27771314339792,-8.065306758206347,-3.44086610349714,2026-04-08T10:33:12.814323
2461138.941226852, A.D. 2026-Apr-08 10:35:22.0000,69.185629,-41946364.82844342,-126319116.4424912,-54519560.32341537,29.27782658386117,-8.064964604061254,-3.440718064183665,2026-04-08T10:34:12.814400
2461138.941921297, A.D. 2026-Apr-08 10:36:22.0000,69.185629,-41944608.1545568,-126319600.3303511,-54519766.76215433,29.27794009672406,-8.064622606412714,-3.44056971870986,2026-04-08T10:35:12.814437
2461138.942615741, A.D. 2026-Apr-08 10:37:22.0000,69.185629,-41942851.47385799,-126320084.1976942,-54519973.19198634,29.27805364990965,-8.064280701243739,-3.440421192034833,2026-04-08T10:36:12.814393
2461138.943310185, A.D. 2026-Apr-08 10:38:22.0000,69.185629,-41941094.78634584,-126320568.0445237,-54520179.6129055,29.27816719980419,-8.063938800947703,-3.440272655104311,2026-04-08T10:37:12.814349
2461138.94400463, A.D. 2026-Apr-08 10:39:22.0000,69.185629,-41939338.09202235,-126321051.8708362,-54520386.02491824,29.2782806427304,-8.063596697535187,-3.440124513364944,2026-04-08T10:38:12.814426
2461138.944699074, A.D. 2026-Apr-08 10:40:22.0000,69.185629,-41937581.3909054,-126321535.6766025,-54520592.42807889,29.27839381256772,-8.063254058041744,-3.439977414923038,2026-04-08T10:39:12.814382
2461138.945393519, A.D. 2026-Apr-08 10:41:22.0000,69.185629,-41935824.68299584,-126322019.4618095,-54520798.82241779,29.27850695410449,-8.062911369063576,-3.439830410359333,2026-04-08T10:40:12.814419
2461138.946087963, A.D. 2026-Apr-08 10:42:22.0000,69.185629,-41934067.96829744,-126322503.2264559,-54521005.20793461,29.27862011505978,-8.062568724053682,-3.439683315817587,2026-04-08T10:41:12.814375
2461138.946782407, A.D. 2026-Apr-08 10:43:22.0000,69.185629,-41932311.24680778,-126322986.9705471,-54521211.58461908,29.27873333546594,-8.062226201855218,-3.439535976474891,2026-04-08T10:42:12.814331
2461138.947476852, A.D. 2026-Apr-08 10:44:22.0000,69.185629,-41930554.51852241,-126323470.6940919,-54521417.9524532,29.27884664034674,-8.061883851751903,-3.439388295172788,2026-04-08T10:43:12.814408
2461138.948171296, A.D. 2026-Apr-08 10:45:22.0000,69.185629,-41928797.78343605,-126323954.3971012,-54521624.31141543,29.27896003522589,-8.06154168483082,-3.439240249411232,2026-04-08T10:44:12.814364
2461138.948865741, A.D. 2026-Apr-08 10:46:22.0000,69.185629,-41927041.0415436,-126324438.0795854,-54521830.6614852,29.27907350521529,-8.061199671829465,-3.439091895612609,2026-04-08T10:45:12.814401
2461138.949560185, A.D. 2026-Apr-08 10:47:22.0000,69.185629,-41925284.29284148,-126324921.7415518,-54522037.00264746,29.27918701754677,-8.060857748718112,-3.438943358896306,2026-04-08T10:46:12.814357
2461138.95025463, A.D. 2026-Apr-08 10:48:22.0000,69.185629,-41923527.53732844,-126325405.3830034,-54522243.33489629,29.27930052749108,-8.060515827630123,-3.438794810793817,2026-04-08T10:47:12.814394
2461138.950949074, A.D. 2026-Apr-08 10:49:22.0000,69.185629,-41921770.77500645,-126325889.0039367,-54522449.65823796,29.27941392969497,-8.06017369995741,-3.438646657795309,2026-04-08T10:48:12.814350
2461138.951643519, A.D. 2026-Apr-08 10:50:22.0000,69.185629,-41920014.00589006,-126326372.6043232,-54522655.97272735,29.27952705609338,-8.059831031892774,-3.438499549536105,2026-04-08T10:49:12.814427
2461138.952337963, A.D. 2026-Apr-08 10:51:22.0000,69.185629,-41918257.22999071,-126326856.1841466,-54522862.27839361,29.27964015198681,-8.059488314937042,-3.438352535799202,2026-04-08T10:50:12.814383
2461138.953032407, A.D. 2026-Apr-08 10:52:22.0000,69.185629,-41916500.44730183,-126327339.743409,-54523068.57523765,29.27975326509747,-8.059145644849947,-3.438205432930229,2026-04-08T10:51:12.814339
2461138.953726852, A.D. 2026-Apr-08 10:53:22.0000,69.185629,-41914743.65782461,-126327823.2821146,-54523274.86324886,29.27986643571015,-8.05880310185734,-3.438058086345614,2026-04-08T10:52:12.814376
2461138.954421296, A.D. 2026-Apr-08 10:54:22.0000,69.185629,-41912986.86155473,-126328306.8002728,-54523481.14240936,29.2799796895533,-8.05846073627625,-3.437910398889257,2026-04-08T10:53:12.814332
2461138.955115741, A.D. 2026-Apr-08 10:55:22.0000,69.185629,-41911230.05848691,-126328790.2978948,-54523687.41269761,29.28009303311375,-8.058118559614984,-3.437762348122507,2026-04-08T10:54:12.814409
2461138.955810185, A.D. 2026-Apr-08 10:56:22.0000,69.185629,-41909473.24861606,-126329273.7749912,-54523893.67409313,29.28020645259598,-8.057776541932325,-3.43761399041562,2026-04-08T10:55:12.814365
2461138.956504629, A.D. 2026-Apr-08 10:57:22.0000,69.185629,-41907716.43193855,-126329757.2315697,-54524099.92658098,29.28031991629753,-8.057434617913136,-3.43746545069362,2026-04-08T10:56:12.814322
2461138.957199074, A.D. 2026-Apr-08 10:58:22.0000,69.185629,-41905959.60845293,-126330240.6676333,-54524306.17015516,29.28043338040112,-8.057092697963736,-3.437316900313717,2026-04-08T10:57:12.814358
2461138.957893519, A.D. 2026-Apr-08 10:59:22.0000,69.185629,-41904202.77816105,-126330724.0831787,-54524512.40482212,29.28054674115886,-8.056750570621722,-3.43716874576086,2026-04-08T10:58:12.814435
2461138.958587963, A.D. 2026-Apr-08 11:00:22.0000,69.185629,-41902445.94107698,-126331207.4781773,-54524718.63063674,29.28065983304369,-8.05640789778886,-3.437021637035343,2026-04-08T10:59:12.814391
2461138.959282408, A.D. 2026-Apr-08 11:01:22.0000,69.185629,-41900689.09721197,-126331690.8526124,-54524924.84762816,29.28077289525597,-8.056065173570655,-3.436874622035629,2026-04-08T11:00:12.814428
2461138.959976852, A.D. 2026-Apr-08 11:02:22.0000,69.185629,-41898932.24655952,-126332174.2064859,-54525131.05579726,29.28088597311078,-8.055722493361545,-3.436727516568175,2026-04-08T11:01:12.814384
2461138.960671296, A.D. 2026-Apr-08 11:03:22.0000,69.185629,-41897175.38912091,-126332657.5398019,-54525337.25513332,29.28099910495071,-8.055379937490637,-3.436580165644823,2026-04-08T11:02:12.814340
2461138.961365741, A.D. 2026-Apr-08 11:04:22.0000,69.185629,-41895418.52489212,-126333140.8525697,-54525543.44561835,29.28111231497919,-8.055037556894405,-3.43643247198036,2026-04-08T11:03:12.814417
2461138.962060185, A.D. 2026-Apr-08 11:05:22.0000,69.185629,-41893661.65386821,-126333624.1448004,-54525749.6272307,29.28122560877203,-8.054695363240489,-3.436284413348084,2026-04-08T11:04:12.814373
2461138.96275463, A.D. 2026-Apr-08 11:06:22.0000,69.185629,-41891904.77604443,-126334107.4165043,-54525955.79994984,29.28133897250406,-8.054353327419413,-3.436136046457001,2026-04-08T11:05:12.814410
2461138.963449074, A.D. 2026-Apr-08 11:07:22.0000,69.185629,-41890147.89141749,-126334590.6676893,-54526161.96376069,29.28145237520272,-8.054011384742768,-3.435987496966282,2026-04-08T11:06:12.814366
2461138.964143518, A.D. 2026-Apr-08 11:08:22.0000,69.185629,-41888390.99998625,-126335073.8983582,-54526368.11865733,29.28156577461527,-8.053669446344887,-3.435838936882166,2026-04-08T11:07:12.814322
2461138.964837963, A.D. 2026-Apr-08 11:09:22.0000,69.185629,-41886634.10175265,-126335557.1085079,-54526574.26464616,29.28167906930335,-8.05332730101902,-3.43569077419532,2026-04-08T11:08:12.814399
2461138.965532408, A.D. 2026-Apr-08 11:10:22.0000,69.185629,-41884877.19673079,-126336040.2981096,-54526780.40178231,29.28179209667697,-8.052984611537822,-3.435543660898937,2026-04-08T11:09:12.814436
2461138.966226852, A.D. 2026-Apr-08 11:11:22.0000,69.185629,-41883120.28492834,-126336523.4671479,-54526986.53009541,29.28190509703589,-8.052641871555341,-3.435396641941113,2026-04-08T11:10:12.814392
2461138.966921296, A.D. 2026-Apr-08 11:12:22.0000,69.185629,-41881363.36634896,-126337006.6156218,-54527192.64958515,29.2820181172763,-8.052299176593767,-3.435249532661742,2026-04-08T11:11:12.814348
2461138.967615741, A.D. 2026-Apr-08 11:13:22.0000,69.185629,-41879606.44098329,-126337489.7435383,-54527398.760242,29.28213119658408,-8.051956606937825,-3.435102177385846,2026-04-08T11:12:12.814385
2461138.968310185, A.D. 2026-Apr-08 11:14:22.0000,69.185629,-41877849.50883042,-126337972.8509058,-54527604.86204753,29.28224435936128,-8.051614213250614,-3.434954478511672,2026-04-08T11:13:12.814341
2461138.96900463, A.D. 2026-Apr-08 11:15:22.0000,69.185629,-41876092.56988509,-126338455.9377354,-54527810.95498007,29.282357610881,-8.051272007022174,-3.434806413613051,2026-04-08T11:14:12.814418
2461138.969699074, A.D. 2026-Apr-08 11:16:22.0000,69.185629,-41874335.62414234,-126338939.0040374,-54528017.03901894,29.28247093632003,-8.050929958965192,-3.434658039480096,2026-04-08T11:15:12.814374
2461138.970393518, A.D. 2026-Apr-08 11:17:22.0000,69.185629,-41872578.67159861,-126339422.0498198,-54528223.11414909,29.2825843033017,-8.050588004096268,-3.434509482087814,2026-04-08T11:16:12.814330
2461138.971087963, A.D. 2026-Apr-08 11:18:22.0000,69.185629,-41870821.71225268,-126339905.0750856,-54528429.18036456,29.28269766780328,-8.050246053323486,-3.434360914007706,2026-04-08T11:17:12.814367
2461138.971782407, A.D. 2026-Apr-08 11:19:22.0000,69.185629,-41869064.74610651,-126340388.0798311,-54528635.23767175,29.28281092564844,-8.049903895484755,-3.434212744297446,2026-04-08T11:18:12.814323
2461138.972476852, A.D. 2026-Apr-08 11:20:22.0000,69.185629,-41867307.77317451,-126340871.064028,-54528841.28612592,29.28292391033616,-8.04956119342694,-3.434065627084403,2026-04-08T11:19:12.814400
2461138.973171297, A.D. 2026-Apr-08 11:21:22.0000,69.185629,-41865550.79346453,-126341354.0276608,-54529047.32575685,29.28303686610696,-8.049218440512906,-3.433918604432718,2026-04-08T11:20:12.814437
2461138.973865741, A.D. 2026-Apr-08 11:22:22.0000,69.185629,-41863793.80697688,-126341836.9707292,-54529253.35656456,29.28314984018959,-8.048875731995777,-3.433771490974309,2026-04-08T11:21:12.814393
2461138.974560185, A.D. 2026-Apr-08 11:23:22.0000,69.185629,-41862036.81371269,-126342319.8932376,-54529459.37853831,29.28326287225942,-8.048533148314629,-3.433624130808072,2026-04-08T11:22:12.814349
2461138.97525463, A.D. 2026-Apr-08 11:24:22.0000,69.185629,-41860279.81366069,-126342802.795197,-54529665.39166086,29.28337598711644,-8.048190740102427,-3.433476425994447,2026-04-08T11:23:12.814426
2461138.975949074, A.D. 2026-Apr-08 11:25:22.0000,69.185629,-41858522.80681912,-126343285.6766176,-54529871.39590997,29.28348919018988,-8.047848519204132,-3.433328354188683,2026-04-08T11:24:12.814382
2461138.976643519, A.D. 2026-Apr-08 11:26:22.0000,69.185629,-41856765.79318304,-126343768.5375099,-54530077.39126503,29.28360246658951,-8.047506456612107,-3.433179972508417,2026-04-08T11:25:12.814419
2461138.977337963, A.D. 2026-Apr-08 11:27:22.0000,69.185629,-41855008.77274895,-126344251.3778816,-54530283.37771087,29.28371578367008,-8.047164487538462,-3.433031407308625,2026-04-08T11:26:12.814375
2461138.978032407, A.D. 2026-Apr-08 11:28:22.0000,69.185629,-41853251.74551569,-126344734.1977358,-54530489.35524158,29.28382909714821,-8.046822523305993,-3.432882831766475,2026-04-08T11:27:12.814331
2461138.978726852, A.D. 2026-Apr-08 11:29:22.0000,69.185629,-41851494.71148531,-126345216.9970691,-54530695.32386358,29.2839423017205,-8.046480352987096,-3.43273465621462,2026-04-08T11:28:12.814408
2461138.979421296, A.D. 2026-Apr-08 11:30:22.0000,69.185629,-41849737.67067241,-126345699.775853,-54530901.28363237,29.28405522910295,-8.04613763988067,-3.432587536829019,2026-04-08T11:29:12.814364
2461138.980115741, A.D. 2026-Apr-08 11:31:22.0000,69.185629,-41847980.623085,-126346182.5340722,-54531107.23457777,29.28416812714278,-8.045794876447923,-3.432440512420536,2026-04-08T11:30:12.814401
2461138.980810185, A.D. 2026-Apr-08 11:32:22.0000,69.185629,-41846223.56872338,-126346665.2717263,-54531313.17669987,29.28428104429747,-8.04545215772389,-3.432293397055278,2026-04-08T11:31:12.814357
2461138.98150463, A.D. 2026-Apr-08 11:33:22.0000,69.185629,-41844466.50758507,-126347147.9888208,-54531519.10998829,29.28439402157879,-8.045109563399254,-3.432146033879615,2026-04-08T11:32:12.814394
2461138.982199074, A.D. 2026-Apr-08 11:34:22.0000,69.185629,-41842709.43966912,-126347630.6853637,-54531725.03442441,29.28450708489522,-8.044767143673129,-3.431998324569679,2026-04-08T11:33:12.814350
2461138.982893519, A.D. 2026-Apr-08 11:35:22.0000,69.185629,-41840952.36496311,-126348113.361368,-54531930.94998721,29.28462024055301,-8.044424909842867,-3.431850246418418,2026-04-08T11:34:12.814427
2461138.983587963, A.D. 2026-Apr-08 11:36:22.0000,69.185629,-41839195.28346524,-126348596.0168432,-54532136.8566555,29.2847334742177,-8.044082832343076,-3.431701856451698,2026-04-08T11:35:12.814383
2461138.984282407, A.D. 2026-Apr-08 11:37:22.0000,69.185629,-41837438.19517184,-126349078.6517969,-54532342.75441408,29.28484675325038,-8.0437408463586,-3.431553281366456,2026-04-08T11:36:12.814339
2461138.984976852, A.D. 2026-Apr-08 11:38:22.0000,69.185629,-41835681.10008141,-126349561.2662319,-54532548.64325685,29.28496003280821,-8.043398862808157,-3.431404694786004,2026-04-08T11:37:12.814376
2461138.985671296, A.D. 2026-Apr-08 11:39:22.0000,69.185629,-41833923.99819579,-126350043.8601449,-54532754.52319025,29.28507320725822,-8.043056670690097,-3.431256508130346,2026-04-08T11:38:12.814332
2461138.986365741, A.D. 2026-Apr-08 11:40:22.0000,69.185629,-41832166.88952933,-126350526.433507,-54532960.39426979,29.28518610828675,-8.042713932018861,-3.431109378926602,2026-04-08T11:39:12.814409
2461138.987060185, A.D. 2026-Apr-08 11:41:22.0000,69.185629,-41830409.77408995,-126351008.9863028,-54533166.25652541,29.28529897847072,-8.04237114352347,-3.430962345427196,2026-04-08T11:40:12.814365
2461138.987754629, A.D. 2026-Apr-08 11:42:22.0000,69.185629,-41828652.65187813,-126351491.5185322,-54533372.1099572,29.28541186384431,-8.042028402026345,-3.430815221710143,2026-04-08T11:41:12.814322
2461138.988449074, A.D. 2026-Apr-08 11:43:22.0000,69.185629,-41826895.52289174,-126351974.0302006,-54533577.95455481,29.28552480329568,-8.041685788533748,-3.430667851330359,2026-04-08T11:42:12.814358
2461138.989143519, A.D. 2026-Apr-08 11:44:22.0000,69.185629,-41825138.38712667,-126352456.5213174,-54533783.79030016,29.28563782148506,-8.041343354031913,-3.430520135918151,2026-04-08T11:43:12.814435
2461138.989837963, A.D. 2026-Apr-08 11:45:22.0000,69.185629,-41823381.24458144,-126352938.9918929,-54533989.61717106,29.28575092431262,-8.041001109814944,-3.4303720527681,2026-04-08T11:44:12.814391
2461138.990532408, A.D. 2026-Apr-08 11:46:22.0000,69.185629,-41821624.09524433,-126353421.4419398,-54534195.43514756,29.28586409802408,-8.040659026049681,-3.430223658906038,2026-04-08T11:45:12.814428
2461138.991226852, A.D. 2026-Apr-08 11:47:22.0000,69.185629,-41819866.93911538,-126353903.8714649,-54534401.24421415,29.28597731148175,-8.040317036428034,-3.430075080819755,2026-04-08T11:46:12.814384
2461138.991921296, A.D. 2026-Apr-08 11:48:22.0000,69.185629,-41818109.77619349,-126354386.2804712,-54534607.04436476,29.28609052196047,-8.03997505085056,-3.429926491902016,2026-04-08T11:47:12.814340
2461138.992615741, A.D. 2026-Apr-08 11:49:22.0000,69.185629,-41816352.60648058,-126354868.6689552,-54534812.8356059,29.28620362701772,-8.039632855426564,-3.429778303643569,2026-04-08T11:48:12.814417
2461138.993310185, A.D. 2026-Apr-08 11:50:22.0000,69.185629,-41814595.42999088,-126355351.0368881,-54535018.61799312,29.28631646235522,-8.039290109098431,-3.42963117371677,2026-04-08T11:49:12.814373
2461138.99400463, A.D. 2026-Apr-08 11:51:22.0000,69.185629,-41812838.2467321,-126355833.3842541,-54535224.39155635,29.28642927039678,-8.038947310868219,-3.429484138738876,2026-04-08T11:50:12.814410
2461138.994699074, A.D. 2026-Apr-08 11:52:22.0000,69.185629,-41811081.05670449,-126356315.7110531,-54535430.15629561,29.2865420983081,-8.038604557371569,-3.429337012293165,2026-04-08T11:51:12.814366
2461138.995393518, A.D. 2026-Apr-08 11:53:22.0000,69.185629,-41809323.85990558,-126356798.0172904,-54535635.91220049,29.28665498563837,-8.038261930077487,-3.42918963746127,2026-04-08T11:52:12.814322
2461138.996087963, A.D. 2026-Apr-08 11:54:22.0000,69.185629,-41807566.65633097,-126357280.302975,-54535841.65925276,29.28676795709613,-8.037919480010077,-3.429041915848745,2026-04-08T11:53:12.814399
2461138.996782408, A.D. 2026-Apr-08 11:55:22.0000,69.185629,-41805809.44597536,-126357762.5681185,-54536047.39743058,29.28688101798106,-8.037577219424062,-3.428893824917334,2026-04-08T11:54:12.814436
2461138.997476852, A.D. 2026-Apr-08 11:56:22.0000,69.185629,-41804052.22883724,-126358244.8127304,-54536253.12671272,29.28699415359346,-8.037235119054207,-3.428745422053475,2026-04-08T11:55:12.814392
2461138.998171296, A.D. 2026-Apr-08 11:57:22.0000,69.185629,-41802295.00490601,-126358727.0368205,-54536458.84708473,29.28710733130866,-8.03689311306549,-3.428596834416369,2026-04-08T11:56:12.814348
2461138.998865741, A.D. 2026-Apr-08 11:58:22.0000,69.185629,-41800537.77418394,-126359209.2403909,-54536664.55854024,29.28722050690734,-8.036551111719787,-3.428448236048125,2026-04-08T11:57:12.814385
2461138.999560185, A.D. 2026-Apr-08 11:59:22.0000,69.185629,-41798780.53667296,-126359691.423438,-54536870.26108573,29.28733357570109,-8.03620890198621,-3.428300039779443,2026-04-08T11:58:12.814341
2461139.00025463, A.D. 2026-Apr-08 12:00:22.0000,69.185629,-41797023.29238752,-126360173.5859332,-54537075.95477694,29.28744637048226,-8.03586614305577,-3.42815290543718,2026-04-08T11:59:12.814418
2461139.000949074, A.D. 2026-Apr-08 12:01:22.0000,69.185629,-41795266.0413355,-126360655.7278607,-54537281.6396439,29.28755913602603,-8.035523332626967,-3.428005866573707,2026-04-08T12:00:12.814374
2461139.001643518, A.D. 2026-Apr-08 12:02:22.0000,69.185629,-41793508.78351723,-126361137.8492206,-54537487.31568667,29.28767191963661,-8.035180566880832,-3.427858736100845,2026-04-08T12:01:12.814330
2461139.002337963, A.D. 2026-Apr-08 12:03:22.0000,69.185629,-41791751.51893038,-126361619.9500179,-54537692.98289479,29.28778476094447,-8.034837926658362,-3.427711356653706,2026-04-08T12:02:12.814367
2461139.003032407, A.D. 2026-Apr-08 12:04:22.0000,69.185629,-41789994.24757063,-126362102.0302619,-54537898.64125004,29.28789768485156,-8.034495463160798,-3.42756362942326,2026-04-08T12:03:12.814323
2461139.003726852, A.D. 2026-Apr-08 12:05:22.0000,69.185629,-41788236.96943278,-126362584.0899638,-54538104.29073043,29.28801069675552,-8.034153188313203,-3.427415531892164,2026-04-08T12:04:12.814400
2461139.004421297, A.D. 2026-Apr-08 12:06:22.0000,69.185629,-41786479.68451191,-126363066.1291343,-54538309.93131511,29.2881237818763,-8.03381107285105,-3.427267121627936,2026-04-08T12:05:12.814437
2461139.005115741, A.D. 2026-Apr-08 12:07:22.0000,69.185629,-41784722.3928045,-126363548.147781,-54538515.56298885,29.28823690769182,-8.033469051636901,-3.427118526198745,2026-04-08T12:06:12.814393
2461139.005810185, A.D. 2026-Apr-08 12:08:22.0000,69.185629,-41782965.0943129,-126364030.1459061,-54538721.18574516,29.28835002994815,-8.033127035476708,-3.426969920244931,2026-04-08T12:07:12.814349
2461139.00650463, A.D. 2026-Apr-08 12:09:22.0000,69.185629,-41781207.78903216,-126364512.1235081,-54538926.79959144,29.2884630428483,-8.032784811688705,-3.426821717976479,2026-04-08T12:08:12.814426
2461139.007199074, A.D. 2026-Apr-08 12:10:22.0000,69.185629,-41779450.47698045,-126364994.0805575,-54539132.40458324,29.28857577733119,-8.032442041145142,-3.426674581311917,2026-04-08T12:09:12.814382
2461139.007893519, A.D. 2026-Apr-08 12:11:22.0000,69.185629,-41777693.15816578,-126365476.0170385,-54539338.00075064,29.2886884834152,-8.032099220056807,-3.426527540607745,2026-04-08T12:10:12.814419
2461139.008587963, A.D. 2026-Apr-08 12:12:22.0000,69.185629,-41775935.83258835,-126365957.9329512,-54539543.58809374,29.28880121002667,-8.031756444172679,-3.426380408073884,2026-04-08T12:11:12.814375
2461139.009282407, A.D. 2026-Apr-08 12:13:22.0000,69.185629,-41774178.50024564,-126366439.8283007,-54539749.16660208,29.28891399815403,-8.031413793766646,-3.42623302561987,2026-04-08T12:12:12.814331
2461139.009976852, A.D. 2026-Apr-08 12:14:22.0000,69.185629,-41772421.16113313,-126366921.7030963,-54539954.73625728,29.28902687329523,-8.03107131935767,-3.426085293936208,2026-04-08T12:13:12.814408
2461139.010671296, A.D. 2026-Apr-08 12:15:22.0000,69.185629,-41770663.8152453,-126367403.5573492,-54540160.29703733,29.2891398410688,-8.0307290321757,-3.425937190151111,2026-04-08T12:14:12.814364
2461139.011365741, A.D. 2026-Apr-08 12:16:22.0000,69.185629,-41768906.46257695,-126367885.3910697,-54540365.84892122,29.28925288616351,-8.030386902269147,-3.425788771738916,2026-04-08T12:15:12.814401
2461139.012060185, A.D. 2026-Apr-08 12:17:22.0000,69.185629,-41767149.10312437,-126368367.2042656,-54540571.39189363,29.28936597482639,-8.03004486419185,-3.425640166514593,2026-04-08T12:16:12.814357
2461139.01275463, A.D. 2026-Apr-08 12:18:22.0000,69.185629,-41765391.73688629,-126368848.9969397,-54540776.92594842,29.28947906124238,-8.02970282826721,-3.425491549649788,2026-04-08T12:17:12.814394
2461139.013449074, A.D. 2026-Apr-08 12:19:22.0000,69.185629,-41763634.36386821,-126369330.7690877,-54540982.45109167,29.28959203750858,-8.02936058156404,-3.425343336227796,2026-04-08T12:18:12.814350
2461139.014143519, A.D. 2026-Apr-08 12:20:22.0000,69.185629,-41761876.98407799,-126369812.5206822,-54541187.9673802,29.28970473154978,-8.029017783239507,-3.42519618953603,2026-04-08T12:19:12.814427
2461139.014837963, A.D. 2026-Apr-08 12:21:22.0000,69.185629,-41760119.5975273,-126370294.2517068,-54541393.47484375,29.28981739433998,-8.028674934879353,-3.425049139385387,2026-04-08T12:20:12.814383
2461139.015532407, A.D. 2026-Apr-08 12:22:22.0000,69.185629,-41758362.20421658,-126370775.9621616,-54541598.97348249,29.28993007443312,-8.028332134151151,-3.424901998313072,2026-04-08T12:21:12.814339
2461139.016226852, A.D. 2026-Apr-08 12:23:22.0000,69.185629,-41756604.80414345,-126371257.6520517,-54541804.46328596,29.2900428131355,-8.027989463252597,-3.424754608482156,2026-04-08T12:22:12.814376
2461139.016921296, A.D. 2026-Apr-08 12:24:22.0000,69.185629,-41754847.39730353,-126371739.3213869,-54542009.94423588,29.29015563681959,-8.027646973244098,-3.424606870675023,2026-04-08T12:23:12.814332
2461139.017615741, A.D. 2026-Apr-08 12:25:22.0000,69.185629,-41753089.98369142,-126372220.9701785,-54542215.41631036,29.29026855210186,-8.02730467593297,-3.424458761989637,2026-04-08T12:24:12.814409
2461139.018310185, A.D. 2026-Apr-08 12:26:22.0000,69.185629,-41751332.56330195,-126372702.5984374,-54542420.87948839,29.29038154503223,-8.026962540956815,-3.424310339852274,2026-04-08T12:25:12.814365
2461139.019004629, A.D. 2026-Apr-08 12:27:22.0000,69.185629,-41749575.13613132,-126373184.2061715,-54542626.33375476,29.29049458326659,-8.026620501616911,-3.424161731935992,2026-04-08T12:26:12.814322
2461139.019699074, A.D. 2026-Apr-08 12:28:22.0000,69.185629,-41747817.70217816,-126373665.7933838,-54542831.77910338,29.29060762205167,-8.026278466409924,-3.424013113094628,2026-04-08T12:27:12.814358
2461139.020393519, A.D. 2026-Apr-08 12:29:22.0000,69.185629,-41746060.26144424,-126374147.3600709,-54543037.21554072,29.29072055552692,-8.025936219931152,-3.423864898237639,2026-04-08T12:28:12.814435
2461139.021087963, A.D. 2026-Apr-08 12:30:22.0000,69.185629,-41744302.81394397,-126374628.9062035,-54543242.64312292,29.29083321453879,-8.025593417012518,-3.423717750801653,2026-04-08T12:29:12.814391
2461139.021782408, A.D. 2026-Apr-08 12:31:22.0000,69.185629,-41742545.35968878,-126375110.4317649,-54543448.06187967,29.29094584333916,-8.025250561683658,-3.423570699150935,2026-04-08T12:30:12.814428
2461139.022476852, A.D. 2026-Apr-08 12:32:22.0000,69.185629,-41740787.89867211,-126375591.9367568,-54543653.47181188,29.2910584882915,-8.024907751217496,-3.423423555215921,2026-04-08T12:31:12.814384
2461139.023171296, A.D. 2026-Apr-08 12:33:22.0000,69.185629,-41739030.43089525,-126376073.4211836,-54543858.87290856,29.29117118853188,-8.02456506766029,-3.423276160917516,2026-04-08T12:32:12.814340
2461139.023865741, A.D. 2026-Apr-08 12:34:22.0000,69.185629,-41737272.95635406,-126376554.8850545,-54544064.26515144,29.29128396866841,-8.024222562673351,-3.423128416834855,2026-04-08T12:33:12.814417
2461139.024560185, A.D. 2026-Apr-08 12:35:22.0000,69.185629,-41735515.47504345,-126377036.3283809,-54544269.64851838,29.2913968344881,-8.023880248440708,-3.422980300374691,2026-04-08T12:34:12.814373
2461139.02525463, A.D. 2026-Apr-08 12:36:22.0000,69.185629,-41733757.98695864,-126377517.7511735,-54544475.02298842,29.29150977176526,-8.02353809518441,-3.4228318693349,2026-04-08T12:35:12.814410
2461139.025949074, A.D. 2026-Apr-08 12:37:22.0000,69.185629,-41732000.49209619,-126377999.1534401,-54544680.38854624,29.29162274900743,-8.023196037055788,-3.422683251926901,2026-04-08T12:36:12.814366
2461139.026643518, A.D. 2026-Apr-08 12:38:22.0000,69.185629,-41730242.99045496,-126378480.5351839,-54544885.7451857,29.29173572300552,-8.022853983255345,-3.422534623707616,2026-04-08T12:37:12.814322
2461139.027337963, A.D. 2026-Apr-08 12:39:22.0000,69.185629,-41728485.48203694,-126378961.8964013,-54545091.09291342,29.29184859020141,-8.022511718534444,-3.422386400916205,2026-04-08T12:38:12.814399
2461139.028032408, A.D. 2026-Apr-08 12:40:22.0000,69.185629,-41726727.96685652,-126379443.2370633,-54545296.43178557,29.29196118480154,-8.022168898983166,-3.422239248729719,2026-04-08T12:39:12.814436
2461139.028726852, A.D. 2026-Apr-08 12:41:22.0000,69.185629,-41724970.44492144,-126379924.557154,-54545501.76183243,29.2920737518677,-8.021826028082065,-3.422092192955561,2026-04-08T12:40:12.814392
2461139.029421296, A.D. 2026-Apr-08 12:42:22.0000,69.185629,-41723212.91623199,-126380405.8566733,-54545707.0830541,29.29218633913908,-8.021483202955972,-3.42194504501358,2026-04-08T12:41:12.814348
2461139.030115741, A.D. 2026-Apr-08 12:43:22.0000,69.185629,-41721455.38078915,-126380887.1356257,-54545912.39543959,29.29229898676753,-8.021140505805448,-3.42179764625355,2026-04-08T12:42:12.814385
2461139.030810185, A.D. 2026-Apr-08 12:44:22.0000,69.185629,-41719697.83858147,-126381368.3940225,-54546117.69897138,29.29241171958602,-8.020797987876891,-3.421649896955429,2026-04-08T12:43:12.814341
2461139.03150463, A.D. 2026-Apr-08 12:45:22.0000,69.185629,-41717940.28960706,-126381849.6318739,-54546322.99362692,29.2925245430101,-8.020455661022833,-3.421501774343306,2026-04-08T12:44:12.814418
2461139.032199074, A.D. 2026-Apr-08 12:46:22.0000,69.185629,-41716182.73386088,-126382330.8491907,-54546528.27938516,29.29263744192195,-8.020113495516489,-3.421353336235007,2026-04-08T12:45:12.814374
2461139.032893518, A.D. 2026-Apr-08 12:47:22.0000,69.185629,-41714425.17133925,-126382812.0459809,-54546733.55623068,29.29275038343586,-8.019771425097769,-3.421204711219044,2026-04-08T12:46:12.814330
2461139.033587963, A.D. 2026-Apr-08 12:48:22.0000,69.185629,-41712667.60204098,-126383293.2222475,-54546938.82415745,29.29286332251814,-8.019429358852703,-3.421056075163503,2026-04-08T12:47:12.814367
2461139.034282407, A.D. 2026-Apr-08 12:49:22.0000,69.185629,-41710910.02596804,-126383774.377987,-54547144.08317197,29.29297615306287,-8.01908708171248,-3.420907845487351,2026-04-08T12:48:12.814323
2461139.034976852, A.D. 2026-Apr-08 12:50:22.0000,69.185629,-41709152.44313505,-126384255.5131702,-54547349.33333063,29.29308870561293,-8.018744250162491,-3.420760689230597,2026-04-08T12:49:12.814400
2461139.035671297, A.D. 2026-Apr-08 12:51:22.0000,69.185629,-41707394.85355002,-126384736.6277816,-54547554.57466379,29.29320122855432,-8.018401366619676,-3.42061362944124,2026-04-08T12:50:12.814437
2461139.036365741, A.D. 2026-Apr-08 12:52:22.0000,69.185629,-41705637.25721328,-126385217.7218207,-54547759.80717145,29.2933137700227,-8.018058528224046,-3.420466477140296,2026-04-08T12:51:12.814393
2461139.037060185, A.D. 2026-Apr-08 12:53:22.0000,69.185629,-41703879.65412247,-126385698.795293,-54547965.03084309,29.29342637038108,-8.017715817001795,-3.420319073261783,2026-04-08T12:52:12.814349
2461139.03775463, A.D. 2026-Apr-08 12:54:22.0000,69.185629,-41702122.04427665,-126386179.848207,-54548170.24565988,29.29353905497375,-8.017373284541547,-3.420171318033608,2026-04-08T12:53:12.814426
2461139.038449074, A.D. 2026-Apr-08 12:55:22.0000,69.185629,-41700364.42766357,-126386660.8805756,-54548375.45160043,29.29365182939754,-8.017030942917444,-3.420023188605018,2026-04-08T12:54:12.814382
2461139.039143519, A.D. 2026-Apr-08 12:56:22.0000,69.185629,-41698606.80428166,-126387141.8924088,-54548580.64864325,29.2937646786786,-8.016688762643849,-3.419874743117715,2026-04-08T12:55:12.814419
2461139.039837963, A.D. 2026-Apr-08 12:57:22.0000,69.185629,-41696849.17412731,-126387622.8837145,-54548785.83677293,29.29387756982578,-8.01634667784537,-3.419726110541573,2026-04-08T12:56:12.814375
2461139.040532407, A.D. 2026-Apr-08 12:58:22.0000,69.185629,-41695091.53719936,-126388103.8544957,-54548991.01598339,29.29399045777744,-8.016004597988397,-3.419577467362088,2026-04-08T12:57:12.814331
2461139.041226852, A.D. 2026-Apr-08 12:59:22.0000,69.185629,-41693333.89349981,-126388584.8047491,-54549196.18628122,29.29410323568012,-8.015662308630839,-3.419429232158263,2026-04-08T12:58:12.814408
2461139.041921296, A.D. 2026-Apr-08 13:00:22.0000,69.185629,-41691576.24304347,-126389065.7344456,-54549401.34772294,29.29421573288424,-8.015319466589837,-3.419282073718209,2026-04-08T12:59:12.814364
2461139.042615741, A.D. 2026-Apr-08 13:01:22.0000,69.185629,-41689818.58583845,-126389546.6435695,-54549606.50033905,29.29432820027446,-8.014976573410397,-3.419135012246858,2026-04-08T13:00:12.814401
2461139.043310185, A.D. 2026-Apr-08 13:02:22.0000,69.185629,-41688060.92188504,-126390027.5321207,-54549811.6441296,29.29444068685087,-8.014633725435036,-3.418987858004013,2026-04-08T13:01:12.814357
2461139.04400463, A.D. 2026-Apr-08 13:03:22.0000,69.185629,-41686303.25118079,-126390508.4001044,-54550016.77908397,29.29455323393136,-8.0142910042472,-3.418840451274504,2026-04-08T13:02:12.814394
2461139.044699074, A.D. 2026-Apr-08 13:04:22.0000,69.185629,-41684545.57372119,-126390989.2475301,-54550221.90518369,29.29466586776481,-8.013948460604805,-3.418692691622743,2026-04-08T13:03:12.814350
2461139.045393519, A.D. 2026-Apr-08 13:05:22.0000,69.185629,-41682787.88950074,-126391470.0744088,-54550427.02240643,29.29477859462248,-8.013606105994043,-3.418544555949769,2026-04-08T13:04:12.814427
2461139.046087963, A.D. 2026-Apr-08 13:06:22.0000,69.185629,-41681030.1985177,-126391950.8807504,-54550632.1307306,29.29489139996198,-8.013263910554118,-3.418396102297585,2026-04-08T13:05:12.814383
2461139.046782407, A.D. 2026-Apr-08 13:07:22.0000,69.185629,-41679272.50076126,-126392431.6665643,-54550837.2301415,29.29500425089051,-8.012921807977136,-3.418247459822911,2026-04-08T13:06:12.814339
2461139.047476852, A.D. 2026-Apr-08 13:08:22.0000,69.185629,-41677514.79623353,-126392912.4318526,-54551042.32063253,29.29511710202601,-8.01257970802101,-3.418098805551753,2026-04-08T13:07:12.814376
2461139.048171296, A.D. 2026-Apr-08 13:09:22.0000,69.185629,-41675757.08493632,-126393393.1766118,-54551247.40221027,29.29522984647889,-8.012237395770393,-3.417950558827946,2026-04-08T13:08:12.814332
2461139.048865741, A.D. 2026-Apr-08 13:10:22.0000,69.185629,-41673999.36688421,-126393873.9008126,-54551452.47493123,29.2953423137401,-8.011894527369535,-3.417803389772686,2026-04-08T13:09:12.814409
2461139.049560185, A.D. 2026-Apr-08 13:11:22.0000,69.185629,-41672241.64208522,-126394354.6044393,-54551657.53882597,29.29545475019811,-8.011551608460064,-3.417656318331206,2026-04-08T13:10:12.814365
2461139.050254629, A.D. 2026-Apr-08 13:12:22.0000,69.185629,-41670483.91053979,-126394835.2874918,-54551862.59389453,29.29556720267294,-8.011208737488918,-3.41750915511782,2026-04-08T13:11:12.814322
2461139.050949074, A.D. 2026-Apr-08 13:13:22.0000,69.185629,-41668726.17224567,-126395315.9499755,-54552067.64012647,29.29567971079601,-8.010865996904974,-3.417361740739636,2026-04-08T13:12:12.814358
2461139.051643519, A.D. 2026-Apr-08 13:14:22.0000,69.185629,-41666968.42719875,-126395796.5919002,-54552272.67750329,29.2957922994723,-8.010523438506734,-3.41721397489448,2026-04-08T13:13:12.814435
2461139.052337963, A.D. 2026-Apr-08 13:15:22.0000,69.185629,-41665210.67539389,-126396277.2132771,-54552477.70600284,29.29590497466272,-8.010181073838135,-3.417065834540816,2026-04-08T13:14:12.814391
2461139.053032408, A.D. 2026-Apr-08 13:16:22.0000,69.185629,-41663452.91682624,-126396757.8141174,-54552682.72560401,29.29601772214166,-8.009838872503549,-3.416917377588333,2026-04-08T13:15:12.814428
2461139.053726852, A.D. 2026-Apr-08 13:17:22.0000,69.185629,-41661695.15149231,-126397238.3944289,-54552887.7362913,29.29613051011515,-8.009496767101549,-3.416768732904177,2026-04-08T13:16:12.814384
2461139.054421296, A.D. 2026-Apr-08 13:18:22.0000,69.185629,-41659937.37939445,-126397718.9542137,-54553092.73805821,29.29624329496751,-8.00915466578568,-3.416620077207238,2026-04-08T13:17:12.814340
2461139.055115741, A.D. 2026-Apr-08 13:19:22.0000,69.185629,-41658179.60052764,-126398199.4934702,-54553297.73091216,29.29635597223103,-8.008812350786329,-3.416471829590681,2026-04-08T13:18:12.814417
2461139.055810185, A.D. 2026-Apr-08 13:20:22.0000,69.185629,-41656421.81490992,-126398680.0121679,-54553502.71490933,29.29646837446075,-8.008469475120371,-3.416324660016908,2026-04-08T13:19:12.814373
2461139.05650463, A.D. 2026-Apr-08 13:21:22.0000,69.185629,-41654664.02254914,-126399160.5102911,-54553707.69008019,29.29658074896553,-8.008126546712036,-3.416177587174937,2026-04-08T13:20:12.814410
2461139.057199074, A.D. 2026-Apr-08 13:22:22.0000,69.185629,-41652906.22344549,-126399640.9878394,-54553912.65642478,29.29669314393167,-8.007783663749814,-3.416030421160634,2026-04-08T13:21:12.814366
2461139.057893518, A.D. 2026-Apr-08 13:23:22.0000,69.185629,-41651148.41759647,-126400121.4448182,-54554117.61393251,29.29680559969859,-8.007440909352045,-3.415883002241583,2026-04-08T13:22:12.814322
2461139.058587963, A.D. 2026-Apr-08 13:24:22.0000,69.185629,-41649390.60499763,-126400601.8812371,-54554322.5625848,29.2969181414212,-8.007098335583398,-3.415735230126606,2026-04-08T13:23:12.814399
2461139.059282408, A.D. 2026-Apr-08 13:25:22.0000,69.185629,-41647632.7856435,-126401082.2971073,-54554527.50235939,29.2970307745666,-8.006755954580155,-3.415587081893549,2026-04-08T13:24:12.814436
2461139.059976852, A.D. 2026-Apr-08 13:26:22.0000,69.185629,-41645874.95952896,-126401562.6924398,-54554732.43323506,29.29714348384903,-8.00641373655592,-3.415438615924204,2026-04-08T13:25:12.814392
2461139.060671296, A.D. 2026-Apr-08 13:27:22.0000,69.185629,-41644117.12665037,-126402043.0672424,-54554937.35519634,29.29725623603164,-8.006071614723023,-3.415289961787959,2026-04-08T13:26:12.814348
2461139.061365741, A.D. 2026-Apr-08 13:28:22.0000,69.185629,-41642359.28700648,-126402523.4215184,-54555142.26823708,29.29736898584647,-8.005729497473315,-3.415141296688104,2026-04-08T13:27:12.814385
2461139.062060185, A.D. 2026-Apr-08 13:29:22.0000,69.185629,-41640601.44059929,-126403003.7552643,-54555347.17236388,29.29748162623218,-8.005387167978203,-3.414993041079431,2026-04-08T13:28:12.814341
2461139.06275463, A.D. 2026-Apr-08 13:30:22.0000,69.185629,-41638843.58744702,-126403484.0684497,-54555552.06763314,29.297593986184,-8.005044279216005,-3.414845866844781,2026-04-08T13:29:12.814418
2461139.063449074, A.D. 2026-Apr-08 13:31:22.0000,69.185629,-41637085.72755083,-126403964.3610606,-54555756.95407622,29.2977063164528,-8.004701338144782,-3.414698789866931,2026-04-08T13:30:12.814374
2461139.064143518, A.D. 2026-Apr-08 13:32:22.0000,69.185629,-41635327.86091445,-126404444.6330959,-54555961.83169283,29.29781866553119,-8.004358442690044,-3.414551619699955,2026-04-08T13:31:12.814330
2461139.064837963, A.D. 2026-Apr-08 13:33:22.0000,69.185629,-41633569.98753553,-126404924.884561,-54556166.70047225,29.29793107413813,-8.004015675262222,-3.414404196078879,2026-04-08T13:32:12.814367
2461139.065532407, A.D. 2026-Apr-08 13:34:22.0000,69.185629,-41631812.1074096,-126405405.1154653,-54556371.56039599,29.29804356780545,-8.003673087826034,-3.414256418380751,2026-04-08T13:33:12.814323
2461139.066226852, A.D. 2026-Apr-08 13:35:22.0000,69.185629,-41630054.22053131,-126405885.3258201,-54556576.41144165,29.2981561521626,-8.003330692473954,-3.414108263685388,2026-04-08T13:34:12.814400
2461139.066921297, A.D. 2026-Apr-08 13:36:22.0000,69.185629,-41628296.32689559,-126406365.5156364,-54556781.25358798,29.29826881194198,-8.002988459804797,-3.413959790558085,2026-04-08T13:35:12.814437
2461139.067615741, A.D. 2026-Apr-08 13:37:22.0000,69.185629,-41626538.42649879,-126406845.6849219,-54556986.08681945,29.29838151389658,-8.002646323296553,-3.413811128800221,2026-04-08T13:36:12.814393
2461139.068310185, A.D. 2026-Apr-08 13:38:22.0000,69.185629,-41624780.51933973,-126407325.8336799,-54557190.91112994,29.29849421245581,-8.002304191863313,-3.413662456348651,2026-04-08T13:37:12.814349
2461139.06900463, A.D. 2026-Apr-08 13:39:22.0000,69.185629,-41623022.60542046,-126407805.9619069,-54557395.72652609,29.29860679940007,-8.001961849176645,-3.413514194802868,2026-04-08T13:38:12.814426
2461139.069699074, A.D. 2026-Apr-08 13:40:22.0000,69.185629,-41621264.68475601,-126408286.0695736,-54557600.53306484,29.29871910148307,-8.00161894974669,-3.413367018005323,2026-04-08T13:39:12.814382
2461139.070393519, A.D. 2026-Apr-08 13:41:22.0000,69.185629,-41619506.7573546,-126408766.1566643,-54557805.33077691,29.29883137435375,-8.001275998705667,-3.413219938940051,2026-04-08T13:40:12.814419
2461139.071087963, A.D. 2026-Apr-08 13:42:22.0000,69.185629,-41617748.82321638,-126409246.223179,-54558010.11966233,29.2989436678958,-8.000933093551538,-3.413072766451057,2026-04-08T13:41:12.814375
2461139.071782407, A.D. 2026-Apr-08 13:43:22.0000,69.185629,-41615990.88234237,-126409726.2691218,-54558214.89971003,29.29905602396556,-8.000590316219741,-3.41292533972059,2026-04-08T13:42:12.814331
2461139.072476852, A.D. 2026-Apr-08 13:44:22.0000,69.185629,-41614232.93472091,-126410206.2945041,-54558419.67090222,29.29916846877328,-8.000247717894885,-3.412777557610652,2026-04-08T13:43:12.814408
2461139.073171296, A.D. 2026-Apr-08 13:45:22.0000,69.185629,-41612474.98034991,-126410686.2993362,-54558624.43321599,29.29928100814521,-7.99990531012515,-3.412629396755493,2026-04-08T13:44:12.814364
2461139.073865741, A.D. 2026-Apr-08 13:46:22.0000,69.185629,-41610717.01922403,-126411166.283629,-54558829.18663003,29.29939362636658,-7.999563062592981,-3.412480915676867,2026-04-08T13:45:12.814401
2461139.074560185, A.D. 2026-Apr-08 13:47:22.0000,69.185629,-41608959.05133951,-126411646.24739,-54559033.93112868,29.2995062893838,-7.999220908494796,-3.412332244511677,2026-04-08T13:46:12.814357
2461139.07525463, A.D. 2026-Apr-08 13:48:22.0000,69.185629,-41607201.07669501,-126412126.1906224,-54559238.66670576,29.2996189503564,-7.998878756842118,-3.412183561387543,2026-04-08T13:47:12.814394
2461139.075949074, A.D. 2026-Apr-08 13:49:22.0000,69.185629,-41605443.09529258,-126412606.1133226,-54559443.39336783,29.29973149920067,-7.998536390741116,-3.412035288868629,2026-04-08T13:48:12.814350
2461139.076643519, A.D. 2026-Apr-08 13:50:22.0000,69.185629,-41603685.10714731,-126413086.0154609,-54559648.1111719,29.29984376060104,-7.998193463543063,-3.411888101758515,2026-04-08T13:49:12.814427
2461139.077337963, A.D. 2026-Apr-08 13:51:22.0000,69.185629,-41601927.1122676,-126413565.8970215,-54559852.82014866,29.2999559901937,-7.997850485527137,-3.411741013024062,2026-04-08T13:50:12.814383
2461139.078032407, A.D. 2026-Apr-08 13:52:22.0000,69.185629,-41600169.11065378,-126414045.7580045,-54560057.52029818,29.30006823748568,-7.997507555901858,-3.411593831800882,2026-04-08T13:51:12.814339
2461139.078726852, A.D. 2026-Apr-08 13:53:22.0000,69.185629,-41598411.10230353,-126414525.5984152,-54560262.21160996,29.30018054457265,-7.997164758074433,-3.411446397526359,2026-04-08T13:52:12.814376
2461139.079421296, A.D. 2026-Apr-08 13:54:22.0000,69.185629,-41596653.08721232,-126415005.4182635,-54560466.89406534,29.30029293821703,-7.996822144324748,-3.411298609226221,2026-04-08T13:53:12.814332
2461139.080115741, A.D. 2026-Apr-08 13:55:22.0000,69.185629,-41594895.06537817,-126415485.2175598,-54560671.56764162,29.30040542524802,-7.99647972650152,-3.411150443625965,2026-04-08T13:54:12.814409
2461139.080810185, A.D. 2026-Apr-08 13:56:22.0000,69.185629,-41593137.03678881,-126415964.9963173,-54560876.23231833,29.30051799133109,-7.996137473858678,-3.411001959085354,2026-04-08T13:55:12.814365
2461139.081504629, A.D. 2026-Apr-08 13:57:22.0000,69.185629,-41591379.00144389,-126416444.7545429,-54561080.88807949,29.30063060365214,-7.995795318405615,-3.410853285462642,2026-04-08T13:56:12.814322
2461139.082199074, A.D. 2026-Apr-08 13:58:22.0000,69.185629,-41589620.95934196,-126416924.4922398,-54561285.53491892,29.30074321657536,-7.9954531674737,-3.410704600681552,2026-04-08T13:57:12.814358
2461139.082893519, A.D. 2026-Apr-08 13:59:22.0000,69.185629,-41587862.91048487,-126417404.2094044,-54561490.17284325,29.30085572233246,-7.995110801313841,-3.41055632688314,2026-04-08T13:58:12.814435
2461139.083587963, A.D. 2026-Apr-08 14:00:22.0000,69.185629,-41586104.85488725,-126417883.9060072,-54561694.80190952,29.30096794864831,-7.994767869927148,-3.41040913890133,2026-04-08T13:59:12.814391
2461139.084282408, A.D. 2026-Apr-08 14:01:22.0000,69.185629,-41584346.79255721,-126418363.5820319,-54561899.42214838,29.3010801443142,-7.994424885123782,-3.410262048358719,2026-04-08T14:00:12.814428
2461139.084976852, A.D. 2026-Apr-08 14:02:22.0000,69.185629,-41582588.72349519,-126418843.2374785,-54562104.03355994,29.30119235653943,-7.994081945949176,-3.410114864064603,2026-04-08T14:01:12.814384
2461139.085671296, A.D. 2026-Apr-08 14:03:22.0000,69.185629,-41580830.64769888,-126419322.8723522,-54562308.63613345,29.30130462517019,-7.993739135756916,-3.409967425192435,2026-04-08T14:02:12.814340
2461139.086365741, A.D. 2026-Apr-08 14:04:22.0000,69.185629,-41579072.56516407,-126419802.4866625,-54562513.22985031,29.30141697525533,-7.993396507195832,-3.409819630669424,2026-04-08T14:03:12.814417
2461139.087060185, A.D. 2026-Apr-08 14:05:22.0000,69.185629,-41577314.47588562,-126420282.080421,-54562717.81468801,29.3015294127359,-7.993054072331757,-3.409671457367793,2026-04-08T14:04:12.814373
2461139.08775463, A.D. 2026-Apr-08 14:06:22.0000,69.185628,-41575556.37985863,-126420761.6536385,-54562922.39062521,29.30164192316552,-7.992711801348265,-3.40952296409978,2026-04-08T14:05:12.814410
2461139.088449074, A.D. 2026-Apr-08 14:07:22.0000,69.185628,-41573798.27707957,-126421241.2063231,-54563126.95764636,29.30175447437856,-7.992369626985101,-3.409374281281254,2026-04-08T14:06:12.814366
2461139.089143518, A.D. 2026-Apr-08 14:08:22.0000,69.185628,-41572040.16755079,-126421720.738477,-54563331.51574478,29.30186702246963,-7.992027456980184,-3.409225587375869,2026-04-08T14:07:12.814322
2461139.089837963, A.D. 2026-Apr-08 14:09:22.0000,69.185628,-41570282.0512673,-126422200.2500983,-54563536.06492805,29.30197946206033,-7.991685072833247,-3.409077305822488,2026-04-08T14:08:12.814399
2461139.090532408, A.D. 2026-Apr-08 14:10:22.0000,69.185628,-41568523.92824718,-126422679.7411567,-54563740.60525286,29.30209162453668,-7.991342124932122,-3.408930112834263,2026-04-08T14:09:12.814436
2461139.091226852, A.D. 2026-Apr-08 14:11:22.0000,69.185628,-41566765.79849842,-126423159.2116362,-54563945.13674998,29.3022037588357,-7.990999124806311,-3.40878301791171,2026-04-08T14:10:12.814392
2461139.091921296, A.D. 2026-Apr-08 14:12:22.0000,69.185628,-41565007.66202123,-126423638.6615366,-54564149.65941953,29.30231591341624,-7.990656171075734,-3.408635829404272,2026-04-08T14:11:12.814348
2461139.092615741, A.D. 2026-Apr-08 14:13:22.0000,69.185628,-41563249.51881308,-126424118.0908633,-54564354.1732508,29.30242812907081,-7.990313347264276,-3.408488385858096,2026-04-08T14:12:12.814385
2461139.093310185, A.D. 2026-Apr-08 14:14:22.0000,69.185628,-41561491.3688695,-126424597.4996258,-54564558.67822507,29.30254043122178,-7.989970705438754,-3.408340586051763,2026-04-08T14:13:12.814341
2461139.09400463, A.D. 2026-Apr-08 14:15:22.0000,69.185628,-41559733.21218497,-126425076.8878357,-54564763.17431989,29.3026528255484,-7.989628257962334,-3.408192406663566,2026-04-08T14:14:12.814418
2461139.094699074, A.D. 2026-Apr-08 14:16:22.0000,69.185628,-41557975.04875436,-126425556.2555039,-54564967.6615138,29.30276529696231,-7.989285974406068,-3.408043906574941,2026-04-08T14:15:12.814374
2461139.095393518, A.D. 2026-Apr-08 14:17:22.0000,69.185628,-41556216.87857392,-126426035.6026383,-54565172.13979121,29.30287781219273,-7.988943787691481,-3.407895216416433,2026-04-08T14:16:12.814330
2461139.096087963, A.D. 2026-Apr-08 14:18:22.0000,69.185628,-41554458.70164238,-126426514.9292423,-54565376.60914589,29.30299032576745,-7.988601605638999,-3.407746515078411,2026-04-08T14:17:12.814367
2461139.096782407, A.D. 2026-Apr-08 14:19:22.0000,69.185628,-41552700.5179617,-126426994.2353121,-54565581.06958456,29.30310273027763,-7.988259209595683,-3.407598226864625,2026-04-08T14:18:12.814323
2461139.097476852, A.D. 2026-Apr-08 14:20:22.0000,69.185628,-41550942.32754661,-126427473.5208184,-54565785.52116445,29.3032148540187,-7.987916250942201,-3.407451029887741,2026-04-08T14:19:12.814400
2461139.098171297, A.D. 2026-Apr-08 14:21:22.0000,69.185628,-41549184.13040874,-126427952.785744,-54565989.96391606,29.30332694797282,-7.987573239606607,-3.407303931024655,2026-04-08T14:20:12.814437
2461139.098865741, A.D. 2026-Apr-08 14:22:22.0000,69.185628,-41547425.92654142,-126428432.0300908,-54566194.39784021,29.3034390604783,-7.987230274072018,-3.407156738150226,2026-04-08T14:21:12.814393
2461139.099560185, A.D. 2026-Apr-08 14:23:22.0000,69.185628,-41545667.71594574,-126428911.2538632,-54566398.82292581,29.30355123202563,-7.986887437245179,-3.407009289611309,2026-04-08T14:22:12.814349
2461139.10025463, A.D. 2026-Apr-08 14:24:22.0000,69.185628,-41543909.4986173,-126429390.4570706,-54566603.23915409,29.30366348784675,-7.98654478176574,-3.406861483956402,2026-04-08T14:23:12.814426
2461139.100949074, A.D. 2026-Apr-08 14:25:22.0000,69.185628,-41542151.27455079,-126429869.6397245,-54566807.64650252,29.30377583339552,-7.986202319402327,-3.406713297857847,2026-04-08T14:24:12.814382
2461139.101643519, A.D. 2026-Apr-08 14:26:22.0000,69.185628,-41540393.04374119,-126430348.8018359,-54567012.0449497,29.30388825341902,-7.98586002045544,-3.406564790468714,2026-04-08T14:25:12.814419
