JDTDB,Calendar Date (TDB),delta-T,X,Y,Z,VX,VY,VZ,Calendar Date (UTC)
2461132.925138889, A.D. 2026-Apr-02 10:12:12.0000,69.185634,-146823900.5332423,-30105159.58866186,-13053382.1177798,6.121050834644946,-27.65199894943699,-12.06602943378854,2026-04-02T10:11:02.814376
2461132.925833333, A.D. 2026-Apr-02 10:13:12.0000,69.185634,-146823533.2561328,-30106818.70209398,-13054106.07643634,6.121544243123052,-27.65189397390262,-12.06597459140809,2026-04-02T10:12:02.814332
2461132.926527778, A.D. 2026-Apr-02 10:14:12.0000,69.185634,-146823165.9494191,-30108477.80922687,-13054830.031802,6.122037642265653,-27.65178897505942,-12.06591973720738,2026-04-02T10:13:02.814409
2461132.927222222, A.D. 2026-Apr-02 10:15:12.0000,69.185634,-146822798.6131018,-30110136.91005915,-13055553.98387605,6.12253103206965,-27.6516839529089,-12.06586487118736,2026-04-02T10:14:02.814365
2461132.927916666, A.D. 2026-Apr-02 10:16:12.0000,69.185634,-146822431.2471814,-30111796.00458941,-13056277.9326578,6.123024412531949,-27.65157890745261,-12.06580999334894,2026-04-02T10:15:02.814321
2461132.928611111, A.D. 2026-Apr-02 10:17:12.0000,69.185634,-146822063.8516578,-30113455.09281956,-13057001.87814796,6.123517783650431,-27.6514738386918,-12.06575510369296,2026-04-02T10:16:02.814358
2461132.929305556, A.D. 2026-Apr-02 10:18:12.0000,69.185634,-146821696.4265324,-30115114.17474489,-13057725.8203444,6.124011145421023,-27.65136874662822,-12.06570020222046,2026-04-02T10:17:02.814435
2461132.93, A.D. 2026-Apr-02 10:19:12.0000,69.185634,-146821328.9718055,-30116773.25036401,-13058449.7592464,6.124504497840626,-27.65126363126337,-12.06564528893236,2026-04-02T10:18:02.814391
2461132.930694445, A.D. 2026-Apr-02 10:20:12.0000,69.185634,-146820961.4874778,-30118432.31967553,-13059173.69485326,6.124997840906145,-27.65115849259876,-12.06559036382962,2026-04-02T10:19:02.814428
2461132.931388889, A.D. 2026-Apr-02 10:21:12.0000,69.185634,-146820593.9735492,-30120091.38268133,-13059897.6271657,6.125491174615467,-27.6510533306357,-12.06553542691303,2026-04-02T10:20:02.814384
2461132.932083333, A.D. 2026-Apr-02 10:22:12.0000,69.185634,-146820226.4300208,-30121750.43937673,-13060621.55618158,6.125984498964516,-27.65094814537592,-12.06548047818366,2026-04-02T10:21:02.814340
2461132.932777778, A.D. 2026-Apr-02 10:23:12.0000,69.185634,-146819858.8568934,-30123409.48976033,-13061345.48190019,6.126477813950197,-27.6508429368209,-12.06542551764244,2026-04-02T10:22:02.814377
2461132.933472222, A.D. 2026-Apr-02 10:24:12.0000,69.185634,-146819491.2541674,-30125068.53383073,-13062069.40432081,6.126971119569419,-27.65073770497219,-12.06537054529029,2026-04-02T10:23:02.814373
2461132.934166667, A.D. 2026-Apr-02 10:25:12.0000,69.185634,-146819123.6218434,-30126727.57158653,-13062793.32344275,6.127464415819087,-27.6506324498313,-12.06531556112816,2026-04-02T10:24:02.814410
2461132.934861111, A.D. 2026-Apr-02 10:26:12.0000,69.185634,-146818755.9599212,-30128386.60302964,-13063517.23926673,6.127957702697088,-27.65052717139951,-12.06526056515686,2026-04-02T10:25:02.814366
2461132.935555555, A.D. 2026-Apr-02 10:27:12.0000,69.185634,-146818388.2684029,-30130045.62815205,-13064241.15178916,6.12845098019837,-27.65042186967876,-12.06520555737756,2026-04-02T10:26:02.814322
2461132.93625, A.D. 2026-Apr-02 10:28:12.0000,69.185634,-146818020.5472868,-30131704.64696227,-13064965.06101366,6.12894424832278,-27.65031654466995,-12.06515053779086,2026-04-02T10:27:02.814359
2461132.936944445, A.D. 2026-Apr-02 10:29:12.0000,69.185634,-146817652.7965758,-30133363.65944901,-13065688.96693519,6.129437507064286,-27.65021119637522,-12.06509550639801,2026-04-02T10:28:02.814436
2461132.937638889, A.D. 2026-Apr-02 10:30:12.0000,69.185634,-146817285.0162695,-30135022.66561416,-13066412.8695545,6.129930756420778,-27.65010582479587,-12.06504046319985,2026-04-02T10:29:02.814392
2461132.938333333, A.D. 2026-Apr-02 10:31:12.0000,69.185634,-146816917.2063679,-30136681.66545963,-13067136.7688723,6.130423996390146,-27.6500004299332,-12.06498540819721,2026-04-02T10:30:02.814348
2461132.939027778, A.D. 2026-Apr-02 10:32:12.0000,69.185634,-146816549.3668722,-30138340.65898073,-13067860.66488646,6.130917226968318,-27.64989501178895,-12.06493034139112,2026-04-02T10:31:02.814385
2461132.939722222, A.D. 2026-Apr-02 10:33:12.0000,69.185634,-146816181.497783,-30139999.64617604,-13068584.55759626,6.131410448152206,-27.64978957036463,-12.06487526278253,2026-04-02T10:32:02.814341
2461132.940416667, A.D. 2026-Apr-02 10:34:12.0000,69.185634,-146815813.5991009,-30141658.62704419,-13069308.447001,6.131903659938717,-27.64968410566176,-12.06482017237236,2026-04-02T10:33:02.814418
2461132.941111111, A.D. 2026-Apr-02 10:35:12.0000,69.185634,-146815445.6708257,-30143317.60158706,-13070032.3331014,6.132396862325746,-27.64957861768163,-12.06476507016145,2026-04-02T10:34:02.814374
2461132.941805555, A.D. 2026-Apr-02 10:36:12.0000,69.185634,-146815077.7129587,-30144976.56979997,-13070756.21589532,6.13289005530922,-27.64947310642599,-12.06470995615084,2026-04-02T10:35:02.814330
2461132.9425, A.D. 2026-Apr-02 10:37:12.0000,69.185634,-146814709.7255004,-30146635.53168153,-13071480.09538206,6.133383238886053,-27.64936757189635,-12.06465483034146,2026-04-02T10:36:02.814367
2461132.943194444, A.D. 2026-Apr-02 10:38:12.0000,69.185634,-146814341.7084515,-30148294.48723032,-13072203.9715609,6.133876413053159,-27.64926201409421,-12.06459969273426,2026-04-02T10:37:02.814323
2461132.943888889, A.D. 2026-Apr-02 10:39:12.0000,69.185634,-146813973.6618125,-30149953.43644496,-13072927.84443113,6.134369577807446,-27.64915643302112,-12.06454454333017,2026-04-02T10:38:02.814400
2461132.944583334, A.D. 2026-Apr-02 10:40:12.0000,69.185634,-146813605.5855832,-30151612.37932733,-13073651.71399349,6.134862733146809,-27.64905082867837,-12.06448938213002,2026-04-02T10:39:02.814437
2461132.945277778, A.D. 2026-Apr-02 10:41:12.0000,69.185634,-146813237.4797649,-30153271.31587278,-13074375.58024583,6.135355879067183,-27.64894520106768,-12.06443420913485,2026-04-02T10:40:02.814393
2461132.945972222, A.D. 2026-Apr-02 10:42:12.0000,69.185634,-146812869.3443582,-30154930.24607987,-13075099.44318745,6.135849015565481,-27.6488395501906,-12.0643790243456,2026-04-02T10:41:02.814349
2461132.946666667, A.D. 2026-Apr-02 10:43:12.0000,69.185634,-146812501.1793637,-30156589.16994724,-13075823.30281763,6.136342142638616,-27.64873387604861,-12.0643238277632,2026-04-02T10:42:02.814386
2461132.947361111, A.D. 2026-Apr-02 10:44:12.0000,69.185634,-146812132.9847811,-30158248.08747676,-13076547.15913711,6.136835260284482,-27.64862817864305,-12.0642686193885,2026-04-02T10:43:02.814382
2461132.948055556, A.D. 2026-Apr-02 10:45:12.0000,69.185634,-146811764.7606126,-30159906.99866045,-13077271.0121423,6.137328368498037,-27.64852245797585,-12.06421339922263,2026-04-02T10:44:02.814419
2461132.94875, A.D. 2026-Apr-02 10:46:12.0000,69.185634,-146811396.5068572,-30161565.90350352,-13077994.86183537,6.137821467278153,-27.64841671404811,-12.06415816726633,2026-04-02T10:45:02.814375
2461132.949444444, A.D. 2026-Apr-02 10:47:12.0000,69.185634,-146811028.2235162,-30163224.80200126,-13078718.70821417,6.138314556620768,-27.64831094686157,-12.06410292352063,2026-04-02T10:46:02.814331
2461132.950138889, A.D. 2026-Apr-02 10:48:12.0000,69.185634,-146810659.9105895,-30164883.69415559,-13079442.55127945,6.138807636523777,-27.64820515641753,-12.06404766798637,2026-04-02T10:47:02.814368
2461132.950833333, A.D. 2026-Apr-02 10:49:12.0000,69.185634,-146810291.568079,-30166542.57995851,-13080166.39102761,6.139300706982137,-27.64809934271792,-12.06399240066471,2026-04-02T10:48:02.814364
2461132.951527778, A.D. 2026-Apr-02 10:50:12.0000,69.185634,-146809923.1959839,-30168201.45941522,-13080890.22746081,6.139793767994727,-27.64799350576387,-12.06393712155635,2026-04-02T10:49:02.814401
2461132.952222222, A.D. 2026-Apr-02 10:51:12.0000,69.185634,-146809554.7943055,-30169860.33252103,-13081614.06057693,6.140286819557481,-27.64788764555711,-12.06388183066236,2026-04-02T10:50:02.814357
2461132.952916667, A.D. 2026-Apr-02 10:52:12.0000,69.185634,-146809186.3630436,-30171519.19927783,-13082337.89037668,6.1407798616683,-27.64778176209893,-12.06382652798356,2026-04-02T10:51:02.814394
2461132.953611111, A.D. 2026-Apr-02 10:53:12.0000,69.185634,-146808817.9022003,-30173178.05967765,-13083061.71685648,6.141272894322142,-27.64767585539128,-12.06377121352111,2026-04-02T10:52:02.814350
2461132.954305556, A.D. 2026-Apr-02 10:54:12.0000,69.185634,-146808449.4117746,-30174836.91372567,-13083785.54001851,6.141765917517883,-27.64756992543528,-12.06371588727572,2026-04-02T10:53:02.814427
2461132.955, A.D. 2026-Apr-02 10:55:12.0000,69.185634,-146808080.8917679,-30176495.76141721,-13084509.35986062,6.142258931251465,-27.64746397223264,-12.06366054924846,2026-04-02T10:54:02.814383
2461132.955694444, A.D. 2026-Apr-02 10:56:12.0000,69.185634,-146807712.3421806,-30178154.60275088,-13085233.1763821,6.142751935519807,-27.64735799578491,-12.06360519944025,2026-04-02T10:55:02.814339
2461132.956388889, A.D. 2026-Apr-02 10:57:12.0000,69.185634,-146807343.7630135,-30179813.43772527,-13085956.98958224,6.143244930319828,-27.64725199609359,-12.06354983785203,2026-04-02T10:56:02.814376
2461132.957083333, A.D. 2026-Apr-02 10:58:12.0000,69.185634,-146806975.1542663,-30181472.2663423,-13086680.79946178,6.143737915649428,-27.64714597316001,-12.06349446448464,2026-04-02T10:57:02.814332
2461132.957777778, A.D. 2026-Apr-02 10:59:12.0000,69.185634,-146806606.515941,-30183131.08859396,-13087404.60601714,6.14423089150357,-27.64703992698611,-12.06343907933924,2026-04-02T10:58:02.814409
2461132.958472222, A.D. 2026-Apr-02 11:00:12.0000,69.185634,-146806237.8480369,-30184789.90448548,-13088128.40925047,6.144723857881133,-27.646933857573,-12.06338368241655,2026-04-02T10:59:02.814365
2461132.959166666, A.D. 2026-Apr-02 11:01:12.0000,69.185634,-146805869.1505543,-30186448.71401543,-13088852.20916109,6.145216814779041,-27.6468277649222,-12.0633282737175,2026-04-02T11:00:02.814321
2461132.959861111, A.D. 2026-Apr-02 11:02:12.0000,69.185634,-146805500.4234954,-30188107.51717585,-13089576.00574539,6.145709762192255,-27.64672164903565,-12.06327285324325,2026-04-02T11:01:02.814358
2461132.960555556, A.D. 2026-Apr-02 11:03:12.0000,69.185634,-146805131.6668593,-30189766.31397192,-13090299.79900556,6.146202700119656,-27.64661550991447,-12.06321742099454,2026-04-02T11:02:02.814435
2461132.96125, A.D. 2026-Apr-02 11:04:12.0000,69.185634,-146804762.8806479,-30191425.10439567,-13091023.58893801,6.14669562855621,-27.6465093475606,-12.0631619769725,2026-04-02T11:03:02.814391
2461132.961944445, A.D. 2026-Apr-02 11:05:12.0000,69.185634,-146804394.0648598,-30193083.88845558,-13091747.37554635,6.147188547501776,-27.64640316197494,-12.06310652117777,2026-04-02T11:04:02.814428
2461132.962638889, A.D. 2026-Apr-02 11:06:12.0000,69.185634,-146804025.2194975,-30194742.66614038,-13092471.15882555,6.147681456950342,-27.64629695315963,-12.06305105361161,2026-04-02T11:05:02.814384
2461132.963333333, A.D. 2026-Apr-02 11:07:12.0000,69.185634,-146803656.3445611,-30196401.43745197,-13093194.93877636,6.14817435689981,-27.64619072111603,-12.06299557427486,2026-04-02T11:06:02.814340
2461132.964027778, A.D. 2026-Apr-02 11:08:12.0000,69.185634,-146803287.4400503,-30198060.20239224,-13093918.7153995,6.148667247348085,-27.64608446584541,-12.06294008316833,2026-04-02T11:07:02.814377
2461132.964722222, A.D. 2026-Apr-02 11:09:12.0000,69.185634,-146802918.5059664,-30199718.96095652,-13094642.48869282,6.149160128291112,-27.64597818734954,-12.06288458029308,2026-04-02T11:08:02.814373
2461132.965416667, A.D. 2026-Apr-02 11:10:12.0000,69.185634,-146802549.5423099,-30201377.71314339,-13095366.25865562,6.149652999725817,-27.64587188562993,-12.06282906565006,2026-04-02T11:09:02.814410
2461132.966111111, A.D. 2026-Apr-02 11:11:12.0000,69.185634,-146802180.5490808,-30203036.45895479,-13096090.02528864,6.150145861650104,-27.64576556068791,-12.0627735392401,2026-04-02T11:10:02.814366
2461132.966805555, A.D. 2026-Apr-02 11:12:12.0000,69.185634,-146801811.5262811,-30204695.1983827,-13096813.78858829,6.15063871405894,-27.64565921252544,-12.06271800106436,2026-04-02T11:11:02.814322
2461132.9675, A.D. 2026-Apr-02 11:13:12.0000,69.185634,-146801442.4739099,-30206353.93143233,-13097537.54855674,6.151131556951213,-27.64555284114359,-12.06266245112356,2026-04-02T11:12:02.814359
2461132.968194445, A.D. 2026-Apr-02 11:14:12.0000,69.185634,-146801073.3919683,-30208012.658099,-13098261.30519185,6.15162439032287,-27.64544644654415,-12.06260688941875,2026-04-02T11:13:02.814436
2461132.968888889, A.D. 2026-Apr-02 11:15:12.0000,69.185634,-146800704.2804572,-30209671.37838131,-13098985.05849291,6.152117214170837,-27.64534002872862,-12.06255131595088,2026-04-02T11:14:02.814392
2461132.969583333, A.D. 2026-Apr-02 11:16:12.0000,69.185634,-146800335.1393762,-30211330.09228116,-13099708.80846065,6.152610028493021,-27.64523358769832,-12.06249573072078,2026-04-02T11:15:02.814348
2461132.970277778, A.D. 2026-Apr-02 11:17:12.0000,69.185634,-146799965.9687274,-30212988.79979057,-13100432.55509149,6.153102833284394,-27.64512712345523,-12.06244013372961,2026-04-02T11:16:02.814385
2461132.970972222, A.D. 2026-Apr-02 11:18:12.0000,69.185634,-146799596.76851,-30214647.50091474,-13101156.29838761,6.153595628543843,-27.64502063600042,-12.06238452497809,2026-04-02T11:17:02.814341
2461132.971666667, A.D. 2026-Apr-02 11:19:12.0000,69.185634,-146799227.5387252,-30216306.19564898,-13101880.03834685,6.154088414267314,-27.64491412533566,-12.06232890446729,2026-04-02T11:18:02.814418
2461132.972361111, A.D. 2026-Apr-02 11:20:12.0000,69.185634,-146798858.2793729,-30217964.88399519,-13102603.77496996,6.154581190452721,-27.64480759146226,-12.06227327219802,2026-04-02T11:19:02.814374
2461132.973055555, A.D. 2026-Apr-02 11:21:12.0000,69.185634,-146798488.9904551,-30219623.56594538,-13103327.50825335,6.155073957095033,-27.64470103438218,-12.06221762817146,2026-04-02T11:20:02.814330
2461132.97375, A.D. 2026-Apr-02 11:22:12.0000,69.185634,-146798119.6719708,-30221282.24150477,-13104051.23819918,6.155566714193138,-27.64459445409653,-12.06216197238833,2026-04-02T11:21:02.814367
2461132.974444444, A.D. 2026-Apr-02 11:23:12.0000,69.185634,-146797750.3239216,-30222940.91066865,-13104774.96480533,6.15605946174299,-27.64448785060705,-12.06210630484968,2026-04-02T11:22:02.814323
2461132.975138889, A.D. 2026-Apr-02 11:24:12.0000,69.185634,-146797380.9463077,-30224599.57343565,-13105498.68807107,6.156552199741518,-27.64438122391528,-12.06205062555646,2026-04-02T11:23:02.814400
2461132.975833334, A.D. 2026-Apr-02 11:25:12.0000,69.185634,-146797011.5391293,-30226258.22980765,-13106222.40799715,6.157044928186635,-27.64427457402253,-12.0619949345095,2026-04-02T11:24:02.814437
2461132.976527778, A.D. 2026-Apr-02 11:26:12.0000,69.185634,-146796642.1023882,-30227916.87977668,-13106946.12457999,6.157537647073313,-27.64416790093078,-12.06193923170996,2026-04-02T11:25:02.814393
2461132.977222222, A.D. 2026-Apr-02 11:27:12.0000,69.185634,-146796272.6360835,-30229575.52334793,-13107669.83782174,6.158030356400443,-27.64406120464112,-12.06188351715857,2026-04-02T11:26:02.814349
2461132.977916667, A.D. 2026-Apr-02 11:28:12.0000,69.185634,-146795903.1402167,-30231234.16051674,-13108393.54772028,6.158523056163979,-27.6439544851553,-12.06182779085639,2026-04-02T11:27:02.814386
2461132.978611111, A.D. 2026-Apr-02 11:29:12.0000,69.185634,-146795533.6147883,-30232892.79128168,-13109117.2542749,6.159015746360855,-27.64384774247487,-12.06177205280436,2026-04-02T11:28:02.814382
2461132.979305556, A.D. 2026-Apr-02 11:30:12.0000,69.185634,-146795164.059798,-30234551.41564467,-13109840.95748632,6.159508426988983,-27.64374097660113,-12.0617163030033,2026-04-02T11:29:02.814419
2461132.98, A.D. 2026-Apr-02 11:31:12.0000,69.185634,-146794794.4752472,-30236210.03360103,-13110564.65735241,6.160001098044319,-27.64363418753586,-12.06166054145429,2026-04-02T11:30:02.814375
2461132.980694444, A.D. 2026-Apr-02 11:32:12.0000,69.185634,-146794424.8611365,-30237868.64514936,-13111288.35387246,6.160493759523796,-27.64352737528055,-12.06160476815827,2026-04-02T11:31:02.814331
2461132.981388889, A.D. 2026-Apr-02 11:33:12.0000,69.185634,-146794055.2174665,-30239527.25028828,-13112012.04704577,6.16098641142435,-27.64342053983678,-12.06154898311617,2026-04-02T11:32:02.814368
2461132.982083333, A.D. 2026-Apr-02 11:34:12.0000,69.185634,-146793685.5442377,-30241185.84901639,-13112735.73687162,6.161479053742918,-27.64331368120607,-12.06149318632895,2026-04-02T11:33:02.814364
2461132.982777778, A.D. 2026-Apr-02 11:35:12.0000,69.185634,-146793315.84145,-30242844.44133558,-13113459.42335077,6.161971686477411,-27.64320679938973,-12.06143737779744,2026-04-02T11:34:02.814401
2461132.983472222, A.D. 2026-Apr-02 11:36:12.0000,69.185634,-146792946.1091047,-30244503.0272412,-13114183.10648105,6.16246430962379,-27.64309989438954,-12.0613815575227,2026-04-02T11:35:02.814357
2461132.984166667, A.D. 2026-Apr-02 11:37:12.0000,69.185634,-146792576.3472023,-30246161.60673182,-13114906.78626178,6.162956923178989,-27.64299296620702,-12.06132572550567,2026-04-02T11:36:02.814394
2461132.984861111, A.D. 2026-Apr-02 11:38:12.0000,69.185634,-146792206.5557434,-30247820.17980607,-13115630.46269223,6.163449527139946,-27.6428860148437,-12.0612698817473,2026-04-02T11:37:02.814350
2461132.985555556, A.D. 2026-Apr-02 11:39:12.0000,69.185634,-146791836.7347287,-30249478.74646256,-13116354.13577172,6.163942121503601,-27.64277904030114,-12.06121402624854,2026-04-02T11:38:02.814427
2461132.98625, A.D. 2026-Apr-02 11:40:12.0000,69.185634,-146791466.8841579,-30251137.30670319,-13117077.80550097,6.164434706267866,-27.64267204258065,-12.06115815901021,2026-04-02T11:39:02.814383
2461132.986944444, A.D. 2026-Apr-02 11:41:12.0000,69.185634,-146791097.0040324,-30252795.86052327,-13117801.47187784,6.164927281428704,-27.64256502168399,-12.0611022800334,2026-04-02T11:40:02.814339
2461132.987638889, A.D. 2026-Apr-02 11:42:12.0000,69.185634,-146790727.0943527,-30254454.40792142,-13118525.13490163,6.165419846983053,-27.6424579776127,-12.06104638931902,2026-04-02T11:41:02.814376
2461132.988333333, A.D. 2026-Apr-02 11:43:12.0000,69.185634,-146790357.1551194,-30256112.94889624,-13119248.79457162,6.165912402927852,-27.64235091036831,-12.06099048686804,2026-04-02T11:42:02.814332
2461132.989027778, A.D. 2026-Apr-02 11:44:12.0000,69.185634,-146789987.1863324,-30257771.48344963,-13119972.45088856,6.166404949261018,-27.64224381995215,-12.06093457268129,2026-04-02T11:43:02.814409
2461132.989722222, A.D. 2026-Apr-02 11:45:12.0000,69.185634,-146789617.1879929,-30259430.01157692,-13120696.10385031,6.166897485978513,-27.64213670636599,-12.06087864675983,2026-04-02T11:44:02.814365
2461132.990416666, A.D. 2026-Apr-02 11:46:12.0000,69.185634,-146789247.1601024,-30261088.53327342,-13121419.75345472,6.167390013076302,-27.64202956961156,-12.06082270910472,2026-04-02T11:45:02.814321
2461132.991111111, A.D. 2026-Apr-02 11:47:12.0000,69.185634,-146788877.102659,-30262747.04854762,-13122143.39970539,6.167882530554257,-27.64192240968978,-12.06076675971657,2026-04-02T11:46:02.814358
2461132.991805556, A.D. 2026-Apr-02 11:48:12.0000,69.185634,-146788507.0156658,-30264405.55738825,-13122867.04259732,6.168375038406386,-27.64181522660282,-12.06071079859666,2026-04-02T11:47:02.814435
2461132.9925, A.D. 2026-Apr-02 11:49:12.0000,69.185634,-146788136.8991216,-30266064.0598005,-13123590.68213268,6.168867536631587,-27.6417080203518,-12.06065482574572,2026-04-02T11:48:02.814391
2461132.993194445, A.D. 2026-Apr-02 11:50:12.0000,69.185634,-146787766.7530279,-30267722.5557797,-13124314.31830932,6.169360025225825,-27.64160079093848,-12.06059884116481,2026-04-02T11:49:02.814428
2461132.993888889, A.D. 2026-Apr-02 11:51:12.0000,69.185634,-146787396.5773852,-30269381.04532445,-13125037.95112654,6.16985250418604,-27.64149353836438,-12.06054284485488,2026-04-02T11:50:02.814384
2461132.994583333, A.D. 2026-Apr-02 11:52:12.0000,69.185634,-146787026.3721942,-30271039.52843337,-13125761.58058364,6.170344973509177,-27.64138626263107,-12.06048683681687,2026-04-02T11:51:02.814340
2461132.995277778, A.D. 2026-Apr-02 11:53:12.0000,69.185634,-146786656.1374553,-30272698.00510506,-13126485.20667991,6.170837433192179,-27.64127896374009,-12.06043081705174,2026-04-02T11:52:02.814377
2461132.995972222, A.D. 2026-Apr-02 11:54:12.0000,69.185634,-146786285.8731685,-30274356.47534142,-13127208.82941609,6.171329883232968,-27.64117164169276,-12.06037478556032,2026-04-02T11:53:02.814373
2461132.996666667, A.D. 2026-Apr-02 11:55:12.0000,69.185634,-146785915.579335,-30276014.93913779,-13127932.44879002,6.171822323627508,-27.64106429649084,-12.06031874234367,2026-04-02T11:54:02.814410
2461132.997361111, A.D. 2026-Apr-02 11:56:12.0000,69.185634,-146785545.2559555,-30277673.39649275,-13128656.06480103,6.172314754372747,-27.64095692813587,-12.06026268740274,2026-04-02T11:55:02.814366
2461132.998055555, A.D. 2026-Apr-02 11:57:12.0000,69.185634,-146785174.9030304,-30279331.84740494,-13129379.67744839,6.172807175465626,-27.64084953662941,-12.06020662073849,2026-04-02T11:56:02.814322
2461132.99875, A.D. 2026-Apr-02 11:58:12.0000,69.185634,-146784804.5205597,-30280990.29187625,-13130103.28673285,6.173299586904074,-27.64074212197277,-12.06015054235174,2026-04-02T11:57:02.814359
2461132.999444445, A.D. 2026-Apr-02 11:59:12.0000,69.185634,-146784434.1085446,-30282648.729902,-13130826.89265225,6.173791988684053,-27.64063468416773,-12.06009445224356,2026-04-02T11:58:02.814436
2461133.000138889, A.D. 2026-Apr-02 12:00:12.0000,69.185634,-146784063.6669858,-30284307.1614808,-13131550.49520591,6.174284380802511,-27.64052722321581,-12.0600383504149,2026-04-02T11:59:02.814392
2461133.000833333, A.D. 2026-Apr-02 12:01:12.0000,69.185634,-146783693.1958838,-30285965.58661126,-13132274.0943931,6.174776763256399,-27.64041973911858,-12.05998223686672,2026-04-02T12:00:02.814348
2461133.001527778, A.D. 2026-Apr-02 12:02:12.0000,69.185634,-146783322.6952385,-30287624.00529528,-13132997.69021458,6.175269136043637,-27.64031223187736,-12.05992611159984,2026-04-02T12:01:02.814385
2461133.002222222, A.D. 2026-Apr-02 12:03:12.0000,69.185634,-146782952.1650519,-30289282.4175249,-13133721.28266677,6.175761499159218,-27.64020470149413,-12.05986997461544,2026-04-02T12:02:02.814341
2461133.002916667, A.D. 2026-Apr-02 12:04:12.0000,69.185634,-146782581.6053231,-30290940.82330531,-13134444.87175182,6.176253852602048,-27.64009714797,-12.05981382591426,2026-04-02T12:03:02.814418
2461133.003611111, A.D. 2026-Apr-02 12:05:12.0000,69.185634,-146782211.0160535,-30292599.22263182,-13135168.45746761,6.176746196368092,-27.63998957130674,-12.05975766549735,2026-04-02T12:04:02.814374
2461133.004305555, A.D. 2026-Apr-02 12:06:12.0000,69.185634,-146781840.3972436,-30294257.61550305,-13135892.03981343,6.177238530454304,-27.6398819715059,-12.05970149336565,2026-04-02T12:05:02.814330
2461133.005, A.D. 2026-Apr-02 12:07:12.0000,69.185634,-146781469.7488932,-30295916.00192092,-13136615.61879001,6.177730854858611,-27.6397743485688,-12.05964530952003,2026-04-02T12:06:02.814367
2461133.005694444, A.D. 2026-Apr-02 12:08:12.0000,69.185634,-146781099.0710038,-30297574.38188071,-13137339.19439522,6.178223169576982,-27.63966670249722,-12.05958911396152,2026-04-02T12:07:02.814323
2461133.006388889, A.D. 2026-Apr-02 12:09:12.0000,69.185634,-146780728.3635757,-30299232.75538107,-13138062.76662835,6.178715474606367,-27.63955903329269,-12.0595329066911,2026-04-02T12:08:02.814400
2461133.007083334, A.D. 2026-Apr-02 12:10:12.0000,69.185634,-146780357.6266098,-30300891.12242059,-13138786.3354887,6.179207769943718,-27.63945134095677,-12.0594766877097,2026-04-02T12:09:02.814437
2461133.007777778, A.D. 2026-Apr-02 12:11:12.0000,69.185634,-146779986.8601065,-30302549.48299789,-13139509.90097556,6.179700055585986,-27.63934362549101,-12.05942045701828,2026-04-02T12:10:02.814393
2461133.008472222, A.D. 2026-Apr-02 12:12:12.0000,69.185634,-146779616.0640656,-30304207.83711488,-13140233.46308968,6.180192331531101,-27.63923588689673,-12.05936421461768,2026-04-02T12:11:02.814349
2461133.009166667, A.D. 2026-Apr-02 12:13:12.0000,69.185634,-146779245.2384886,-30305866.18476687,-13140957.02182891,6.180684597775034,-27.63912812517573,-12.05930796050897,2026-04-02T12:12:02.814386
2461133.009861111, A.D. 2026-Apr-02 12:14:12.0000,69.185634,-146778874.3833759,-30307524.52595247,-13141680.57719254,6.181176854314739,-27.63902034032952,-12.05925169469309,2026-04-02T12:13:02.814382
2461133.010555556, A.D. 2026-Apr-02 12:15:12.0000,69.185634,-146778503.4987282,-30309182.86067031,-13142404.12917989,6.181669101147167,-27.63891253235968,-12.059195417171,2026-04-02T12:14:02.814419
2461133.01125, A.D. 2026-Apr-02 12:16:12.0000,69.185634,-146778132.584546,-30310841.18891898,-13143127.67779024,6.182161338269274,-27.63880470126774,-12.05913912794365,2026-04-02T12:15:02.814375
2461133.011944444, A.D. 2026-Apr-02 12:17:12.0000,69.185634,-146777761.6408292,-30312499.5107004,-13143851.22302432,6.182653565678989,-27.63869684705504,-12.05908282701188,2026-04-02T12:16:02.814331
2461133.012638889, A.D. 2026-Apr-02 12:18:12.0000,69.185634,-146777390.6675791,-30314157.82600989,-13144574.76488001,6.183145783372288,-27.63858896972336,-12.05902651437676,2026-04-02T12:17:02.814368
2461133.013333333, A.D. 2026-Apr-02 12:19:12.0000,69.185634,-146777019.6647963,-30315816.13484606,-13145298.3033566,6.183637991346126,-27.63848106927423,-12.05897019003923,2026-04-02T12:18:02.814364
2461133.014027778, A.D. 2026-Apr-02 12:20:12.0000,69.185634,-146776648.6324806,-30317474.43721082,-13146021.83845481,6.184130189598434,-27.63837314570901,-12.05891385400015,2026-04-02T12:19:02.814401
2461133.014722222, A.D. 2026-Apr-02 12:21:12.0000,69.185634,-146776277.5706341,-30319132.73309618,-13146745.37017109,6.184622378124214,-27.63826519902968,-12.05885750626068,2026-04-02T12:20:02.814357
2461133.015416667, A.D. 2026-Apr-02 12:22:12.0000,69.185634,-146775906.4792559,-30320791.02250736,-13147468.89850759,6.185114556922374,-27.63815722923734,-12.05880114682157,2026-04-02T12:21:02.814394
2461133.016111111, A.D. 2026-Apr-02 12:23:12.0000,69.185634,-146775535.3583474,-30322449.30543967,-13148192.42346218,6.185606725988895,-27.63804923633377,-12.05874477568386,2026-04-02T12:22:02.814350
2461133.016805556, A.D. 2026-Apr-02 12:24:12.0000,69.185634,-146775164.207909,-30324107.58189173,-13148915.94503416,6.186098885320731,-27.63794122032054,-12.05868839284852,2026-04-02T12:23:02.814427
2461133.0175, A.D. 2026-Apr-02 12:25:12.0000,69.185634,-146774793.0279408,-30325765.85186544,-13149639.46322426,6.186591034915817,-27.63783318119896,-12.05863199831639,2026-04-02T12:24:02.814383
2461133.018194444, A.D. 2026-Apr-02 12:26:12.0000,69.185634,-146774421.8184446,-30327424.11535282,-13150362.97802891,6.187083174769156,-27.63772511897104,-12.05857559208864,2026-04-02T12:25:02.814339
2461133.018888889, A.D. 2026-Apr-02 12:27:12.0000,69.185634,-146774050.5794196,-30329082.37235909,-13151086.48945027,6.18757530487966,-27.63761703363789,-12.05851917416602,2026-04-02T12:26:02.814376
2461133.019583333, A.D. 2026-Apr-02 12:28:12.0000,69.185634,-146773679.3108672,-30330740.62287956,-13151809.99748622,6.18806742524331,-27.63750892520129,-12.05846274454957,2026-04-02T12:27:02.814332
2461133.020277778, A.D. 2026-Apr-02 12:29:12.0000,69.185634,-146773308.0127879,-30332398.86691284,-13152533.50213605,6.188559535857063,-27.63740079366279,-12.05840630324027,2026-04-02T12:28:02.814409
2461133.020972222, A.D. 2026-Apr-02 12:30:12.0000,69.185634,-146772936.6851816,-30334057.10446084,-13153257.00340049,6.189051636718857,-27.63729263902372,-12.05834985023894,2026-04-02T12:29:02.814365
2461133.021666666, A.D. 2026-Apr-02 12:31:12.0000,69.185634,-146772565.3280495,-30335715.33551889,-13153980.50127741,6.189543727824673,-27.63718446128586,-12.05829338554666,2026-04-02T12:30:02.814321
2461133.022361111, A.D. 2026-Apr-02 12:32:12.0000,69.185634,-146772193.9413924,-30337373.56008559,-13154703.9957661,6.190035809171471,-27.63707626045077,-12.05823690916438,2026-04-02T12:31:02.814358
2461133.023055556, A.D. 2026-Apr-02 12:33:12.0000,69.185634,-146771822.5252108,-30339031.77815956,-13155427.48686587,6.190527880756209,-27.63696803651999,-12.05818042109306,2026-04-02T12:32:02.814435
2461133.02375, A.D. 2026-Apr-02 12:34:12.0000,69.185634,-146771451.0795051,-30340689.98973941,-13156150.974576,6.19101994257585,-27.63685978949511,-12.05812392133366,2026-04-02T12:33:02.814391
2461133.024444445, A.D. 2026-Apr-02 12:35:12.0000,69.185634,-146771079.6042754,-30342348.19482706,-13156874.45889725,6.191511994628334,-27.63675151937743,-12.05806740988701,2026-04-02T12:34:02.814428
2461133.025138889, A.D. 2026-Apr-02 12:36:12.0000,69.185634,-146770708.099523,-30344006.39341782,-13157597.93982746,6.192004036909641,-27.63664322616876,-12.05801088675418,2026-04-02T12:35:02.814384
2461133.025833333, A.D. 2026-Apr-02 12:37:12.0000,69.185634,-146770336.5652483,-30345664.58551031,-13158321.41736594,6.192496069416732,-27.63653490987063,-12.05795435193614,2026-04-02T12:36:02.814340
2461133.026527778, A.D. 2026-Apr-02 12:38:12.0000,69.185634,-146769965.001452,-30347322.77110314,-13159044.89151199,6.192988092146574,-27.63642657048462,-12.05789780543383,2026-04-02T12:37:02.814377
2461133.027222222, A.D. 2026-Apr-02 12:39:12.0000,69.185634,-146769593.4081348,-30348980.95019493,-13159768.36226491,6.193480105096126,-27.63631820801227,-12.05784124724821,2026-04-02T12:38:02.814373
2461133.027916667, A.D. 2026-Apr-02 12:40:12.0000,69.185634,-146769221.7852963,-30350639.12278758,-13160491.82962542,6.193972108263331,-27.63620982245492,-12.05778467738014,2026-04-02T12:39:02.814410
2461133.028611111, A.D. 2026-Apr-02 12:41:12.0000,69.185634,-146768850.1329381,-30352297.28887642,-13161215.29359141,6.194464101644171,-27.63610141381438,-12.05772809583066,2026-04-02T12:40:02.814366
2461133.029305555, A.D. 2026-Apr-02 12:42:12.0000,69.185634,-146768478.4510605,-30353955.44846006,-13161938.75416215,6.194956085235615,-27.63599298209217,-12.05767150260075,2026-04-02T12:41:02.814322
2461133.03, A.D. 2026-Apr-02 12:43:12.0000,69.185634,-146768106.7396643,-30355613.60153712,-13162662.21133696,6.195448059034623,-27.63588452728987,-12.05761489769136,2026-04-02T12:42:02.814359
2461133.030694445, A.D. 2026-Apr-02 12:44:12.0000,69.185634,-146767734.9987493,-30357271.7481095,-13163385.66511657,6.195940023039139,-27.6357760494088,-12.05755828110333,2026-04-02T12:43:02.814436
2461133.031388889, A.D. 2026-Apr-02 12:45:12.0000,69.185634,-146767363.2283168,-30358929.88817253,-13164109.11549883,6.196431977245151,-27.63566754845078,-12.05750165283773,2026-04-02T12:44:02.814392
2461133.032083333, A.D. 2026-Apr-02 12:46:12.0000,69.185634,-146766991.4283674,-30360588.02172483,-13164832.56248306,6.196923921649624,-27.63555902441734,-12.05744501289553,2026-04-02T12:45:02.814348
2461133.032777778, A.D. 2026-Apr-02 12:47:12.0000,69.185634,-146766619.5989017,-30362246.14876501,-13165556.00606855,6.197415856249525,-27.63545047731004,-12.05738836127767,2026-04-02T12:46:02.814385
2461133.033472222, A.D. 2026-Apr-02 12:48:12.0000,69.185634,-146766247.7399203,-30363904.26929167,-13166279.4462546,6.197907781041818,-27.63534190713045,-12.05733169798512,2026-04-02T12:47:02.814341
2461133.034166667, A.D. 2026-Apr-02 12:49:12.0000,69.185634,-146765875.851423,-30365562.38330675,-13167002.88304194,6.198399696024448,-27.63523331387992,-12.05727502301872,2026-04-02T12:48:02.814418
2461133.034861111, A.D. 2026-Apr-02 12:50:12.0000,69.185634,-146765503.9334112,-30367220.49080554,-13167726.31642844,6.198891601193407,-27.63512469756021,-12.05721833637954,2026-04-02T12:49:02.814374
2461133.035555555, A.D. 2026-Apr-02 12:51:12.0000,69.185634,-146765131.9858854,-30368878.59178669,-13168449.7464134,6.199383496545661,-27.6350160581729,-12.05716163806854,2026-04-02T12:50:02.814330
2461133.03625, A.D. 2026-Apr-02 12:52:12.0000,69.185634,-146764760.0088462,-30370536.68624878,-13169173.17299612,6.199875382078177,-27.63490739571955,-12.05710492808668,2026-04-02T12:51:02.814367
2461133.036944444, A.D. 2026-Apr-02 12:53:12.0000,69.185634,-146764388.0022942,-30372194.77419046,-13169896.5961759,6.200367257787926,-27.63479871020172,-12.05704820643491,2026-04-02T12:52:02.814323
2461133.037638889, A.D. 2026-Apr-02 12:54:12.0000,69.185634,-146764015.9662293,-30373852.85561361,-13170620.01595347,6.200859123672851,-27.63469000162075,-12.05699147311409,2026-04-02T12:53:02.814400
2461133.038333334, A.D. 2026-Apr-02 12:55:12.0000,69.185634,-146763643.9006528,-30375510.93051357,-13171343.43232669,6.201350979728946,-27.63458126997843,-12.05693472812528,2026-04-02T12:54:02.814437
2461133.039027778, A.D. 2026-Apr-02 12:56:12.0000,69.185634,-146763271.8055653,-30377168.99888895,-13172066.84529488,6.201842825953181,-27.63447251527632,-12.05687797146944,2026-04-02T12:55:02.814393
2461133.039722222, A.D. 2026-Apr-02 12:57:12.0000,69.185634,-146762899.6809666,-30378827.06074167,-13172790.25485876,6.202334662343503,-27.63436373751577,-12.05682120314742,2026-04-02T12:56:02.814349
2461133.040416667, A.D. 2026-Apr-02 12:58:12.0000,69.185634,-146762527.5268589,-30380485.11606375,-13173513.66101476,6.202826488894928,-27.63425493669878,-12.05676442316041,2026-04-02T12:57:02.814386
2461133.041111111, A.D. 2026-Apr-02 12:59:12.0000,69.185634,-146762155.3432412,-30382143.16486039,-13174237.06376505,6.203318305606381,-27.63414611282647,-12.05670763150913,2026-04-02T12:58:02.814382
2461133.041805556, A.D. 2026-Apr-02 13:00:12.0000,69.185634,-146761783.1301148,-30383801.20712693,-13174960.4631075,6.203810112473857,-27.63403726590063,-12.05665082819466,2026-04-02T12:59:02.814419
2461133.0425, A.D. 2026-Apr-02 13:01:12.0000,69.185634,-146761410.8874804,-30385459.24286196,-13175683.85904142,6.204301909494329,-27.63392839592283,-12.05659401321796,2026-04-02T13:00:02.814375
2461133.043194444, A.D. 2026-Apr-02 13:02:12.0000,69.185634,-146761038.6153377,-30387117.27206742,-13176407.25156752,6.204793696665742,-27.6338195028944,-12.05653718657988,2026-04-02T13:01:02.814331
2461133.043888889, A.D. 2026-Apr-02 13:03:12.0000,69.185634,-146760666.3136889,-30388775.29473532,-13177130.64068224,6.205285473983119,-27.63371058681738,-12.0564803482816,2026-04-02T13:02:02.814368
2461133.044583333, A.D. 2026-Apr-02 13:04:12.0000,69.185634,-146760293.9825331,-30390433.31087087,-13177854.02638777,6.205777241445386,-27.63360164769286,-12.05642349832386,2026-04-02T13:03:02.814364
2461133.045277778, A.D. 2026-Apr-02 13:05:12.0000,69.185634,-146759921.6218716,-30392091.32046939,-13178577.40868195,6.206268999048539,-27.63349268552264,-12.05636663670773,2026-04-02T13:04:02.814401
2461133.045972222, A.D. 2026-Apr-02 13:06:12.0000,69.185634,-146759549.2317043,-30393749.3235328,-13179300.78756553,6.206760746790528,-27.63338370030808,-12.05630976343405,2026-04-02T13:05:02.814357
2461133.046666667, A.D. 2026-Apr-02 13:07:12.0000,69.185634,-146759176.8120331,-30395407.32005313,-13180024.16303493,6.207252484666375,-27.63327469205118,-12.05625287850402,2026-04-02T13:06:02.814394
2461133.047361111, A.D. 2026-Apr-02 13:08:12.0000,69.185634,-146758804.3628574,-30397065.31003558,-13180747.53509234,6.207744212675008,-27.63316566075305,-12.05619598191837,2026-04-02T13:07:02.814350
2461133.048055556, A.D. 2026-Apr-02 13:09:12.0000,69.185634,-146758431.8841783,-30398723.29347547,-13181470.9037356,6.208235930812426,-27.6330566064155,-12.05613907367817,2026-04-02T13:08:02.814427
2461133.04875, A.D. 2026-Apr-02 13:10:12.0000,69.185634,-146758059.3759964,-30400381.27037141,-13182194.26896402,6.208727639075603,-27.63294752904008,-12.05608215378439,2026-04-02T13:09:02.814383
2461133.049444444, A.D. 2026-Apr-02 13:11:12.0000,69.185634,-146757686.8383124,-30402039.24072205,-13182917.63077691,6.209219337461517,-27.63283842862838,-12.05602522223798,2026-04-02T13:10:02.814339
2461133.050138889, A.D. 2026-Apr-02 13:12:12.0000,69.185634,-146757314.2711262,-30403697.20452927,-13183640.989175,6.20971102596812,-27.63272930518174,-12.05596827903979,2026-04-02T13:11:02.814376
2461133.050833333, A.D. 2026-Apr-02 13:13:12.0000,69.185634,-146756941.674439,-30405355.1617884,-13184364.34415616,6.210202704591411,-27.63262015870195,-12.05591132419091,2026-04-02T13:12:02.814332
2461133.051527778, A.D. 2026-Apr-02 13:14:12.0000,69.185634,-146756569.0482513,-30407013.11249807,-13185087.69571968,6.210694373328369,-27.63251098919057,-12.05585435769228,2026-04-02T13:13:02.814409
2461133.052222222, A.D. 2026-Apr-02 13:15:12.0000,69.185634,-146756196.392564,-30408671.05665689,-13185811.04386487,6.211186032175972,-27.63240179664918,-12.05579737954488,2026-04-02T13:14:02.814365
2461133.052916666, A.D. 2026-Apr-02 13:16:12.0000,69.185634,-146755823.7073767,-30410328.99426678,-13186534.38859246,6.211677681132175,-27.63229258107914,-12.05574038974954,2026-04-02T13:15:02.814321
2461133.053611111, A.D. 2026-Apr-02 13:17:12.0000,69.185634,-146755450.9926916,-30411986.92531975,-13187257.72989889,6.212169320192001,-27.63218334248244,-12.05568338830747,2026-04-02T13:16:02.814358
2461133.054305556, A.D. 2026-Apr-02 13:18:12.0000,69.185634,-146755078.2485077,-30413644.84982103,-13187981.06778633,6.212660949354385,-27.63207408086022,-12.0556263752194,2026-04-02T13:17:02.814435
2461133.055, A.D. 2026-Apr-02 13:19:12.0000,69.185634,-146754705.4748265,-30415302.76776593,-13188704.40225263,6.213152568615326,-27.63196479621428,-12.05556935048639,2026-04-02T13:18:02.814391
2461133.055694445, A.D. 2026-Apr-02 13:20:12.0000,69.185634,-146754332.6716477,-30416960.67915637,-13189427.73329855,6.213644177972785,-27.63185548854597,-12.05551231410931,2026-04-02T13:19:02.814428
2461133.056388889, A.D. 2026-Apr-02 13:21:12.0000,69.185634,-146753959.8389735,-30418618.58398438,-13190151.06092051,6.214135777421786,-27.63174615785728,-12.05545526608934,2026-04-02T13:20:02.814384
2461133.057083333, A.D. 2026-Apr-02 13:22:12.0000,69.185634,-146753586.9768029,-30420276.48225516,-13190874.38512068,6.214627366961265,-27.63163680414936,-12.05539820642721,2026-04-02T13:21:02.814340
2461133.057777778, A.D. 2026-Apr-02 13:23:12.0000,69.185634,-146753214.0851372,-30421934.37396404,-13191597.70589693,6.215118946587224,-27.63152742742401,-12.05534113512401,2026-04-02T13:22:02.814377
2461133.058472222, A.D. 2026-Apr-02 13:24:12.0000,69.185634,-146752841.1639772,-30423592.25910964,-13192321.02324855,6.215610516296647,-27.63141802768279,-12.05528405218069,2026-04-02T13:23:02.814373
2461133.059166667, A.D. 2026-Apr-02 13:25:12.0000,69.185634,-146752468.2133226,-30425250.13769387,-13193044.33717629,6.21610207608749,-27.63130860492707,-12.05522695759812,2026-04-02T13:24:02.814410
2461133.059861111, A.D. 2026-Apr-02 13:26:12.0000,69.185634,-146752095.2331754,-30426908.00970877,-13193767.64767658,6.216593625954784,-27.63119915915884,-12.05516985137747,2026-04-02T13:25:02.814366
2461133.060555555, A.D. 2026-Apr-02 13:27:12.0000,69.185634,-146751722.2235349,-30428565.87515954,-13194490.95475159,6.217085165897464,-27.63108969037924,-12.05511273351948,2026-04-02T13:26:02.814322
2461133.06125, A.D. 2026-Apr-02 13:28:12.0000,69.185634,-146751349.1844024,-30430223.73404149,-13195214.25839919,6.217576695911537,-27.63098019859008,-12.05505560402524,2026-04-02T13:27:02.814359
2461133.061944445, A.D. 2026-Apr-02 13:29:12.0000,69.185634,-146750976.1157785,-30431881.58635327,-13195937.55861867,6.218068215993987,-27.63087068379292,-12.05499846289571,2026-04-02T13:28:02.814436
2461133.062638889, A.D. 2026-Apr-02 13:30:12.0000,69.185634,-146750603.0176629,-30433539.43209678,-13196660.85541078,6.218559726142773,-27.63076114598913,-12.05494131013172,2026-04-02T13:29:02.814392
2461133.063333333, A.D. 2026-Apr-02 13:31:12.0000,69.185634,-146750229.8900571,-30435197.27126734,-13197384.14877339,6.219051226353904,-27.63065158518048,-12.05488414573438,2026-04-02T13:30:02.814348
2461133.064027778, A.D. 2026-Apr-02 13:32:12.0000,69.185634,-146749856.7329616,-30436855.10386357,-13198107.43870578,6.219542716624366,-27.63054200136857,-12.05482696970464,2026-04-02T13:31:02.814385
2461133.064722222, A.D. 2026-Apr-02 13:33:12.0000,69.185634,-146749483.5463771,-30438512.92988409,-13198830.72520728,6.220034196951143,-27.63043239455496,-12.05476978204346,2026-04-02T13:32:02.814341
2461133.065416667, A.D. 2026-Apr-02 13:34:12.0000,69.185634,-146749110.3303041,-30440170.74932754,-13199554.00827717,6.220525667331222,-27.63032276474124,-12.0547125827518,2026-04-02T13:33:02.814418
2461133.066111111, A.D. 2026-Apr-02 13:35:12.0000,69.185634,-146748737.0847424,-30441828.5621958,-13200277.28791619,6.221017127762561,-27.63021311192876,-12.05465537183053,2026-04-02T13:34:02.814374
2461133.066805555, A.D. 2026-Apr-02 13:36:12.0000,69.185634,-146748363.8096936,-30443486.36848423,-13201000.56412223,6.221508578241176,-27.63010343611932,-12.05459814928073,2026-04-02T13:35:02.814330
2461133.0675, A.D. 2026-Apr-02 13:37:12.0000,69.185634,-146747990.505158,-30445144.16819143,-13201723.83689456,6.222000018764049,-27.62999373731448,-12.05454091510334,2026-04-02T13:36:02.814367
2461133.068194444, A.D. 2026-Apr-02 13:38:12.0000,69.185634,-146747617.1711364,-30446801.96131602,-13202447.10623251,6.222491449328173,-27.62988401551585,-12.05448366929935,2026-04-02T13:37:02.814323
2461133.068888889, A.D. 2026-Apr-02 13:39:12.0000,69.185634,-146747243.8076293,-30448459.74785662,-13203170.37213535,6.222982869930532,-27.62977427072497,-12.05442641186971,2026-04-02T13:38:02.814400
2461133.069583334, A.D. 2026-Apr-02 13:40:12.0000,69.185634,-146746870.4146366,-30450117.52781516,-13203893.63460386,6.22347428056909,-27.62966450294323,-12.05436914281528,2026-04-02T13:39:02.814437
2461133.070277778, A.D. 2026-Apr-02 13:41:12.0000,69.185634,-146746496.9921595,-30451775.30118695,-13204616.89363587,6.223965681239862,-27.62955471217242,-12.05431186213715,2026-04-02T13:40:02.814393
2461133.070972222, A.D. 2026-Apr-02 13:42:12.0000,69.185634,-146746123.5401988,-30453433.06797062,-13205340.14923071,6.224457071939836,-27.62944489841412,-12.05425456983626,2026-04-02T13:41:02.814349
2461133.071666667, A.D. 2026-Apr-02 13:43:12.0000,69.185634,-146745750.0587551,-30455090.82816479,-13206063.40138766,6.224948452665999,-27.62933506166988,-12.0541972659136,2026-04-02T13:42:02.814386
2461133.072361111, A.D. 2026-Apr-02 13:44:12.0000,69.185634,-146745376.547828,-30456748.58177137,-13206786.65010747,6.225439823416321,-27.62922520194111,-12.05413995037001,2026-04-02T13:43:02.814382
2461133.073055556, A.D. 2026-Apr-02 13:45:12.0000,69.185634,-146745003.0074191,-30458406.32878569,-13207509.89538801,6.225931184186814,-27.62911531922957,-12.05408262320658,2026-04-02T13:44:02.814419
2461133.07375, A.D. 2026-Apr-02 13:46:12.0000,69.185634,-146744629.4375297,-30460064.06920308,-13208233.13722714,6.226422534973493,-27.62900541353708,-12.05402528442437,2026-04-02T13:45:02.814375
2461133.074444444, A.D. 2026-Apr-02 13:47:12.0000,69.185634,-146744255.8381581,-30461721.80303203,-13208956.37562848,6.226913875776278,-27.62889548486454,-12.05396793402404,2026-04-02T13:46:02.814331
2461133.075138889, A.D. 2026-Apr-02 13:48:12.0000,69.185634,-146743882.2093071,-30463379.53026129,-13209679.61058701,6.227405206589231,-27.62878553321422,-12.05391057200687,2026-04-02T13:47:02.814368
2461133.075833333, A.D. 2026-Apr-02 13:49:12.0000,69.185634,-146743508.5509759,-30465037.25089607,-13210402.84210491,6.227896527411298,-27.62867555858725,-12.05385319837361,2026-04-02T13:48:02.814364
2461133.076527778, A.D. 2026-Apr-02 13:50:12.0000,69.185634,-146743134.8631658,-30466694.9649317,-13211126.07018006,6.228387838238493,-27.62856556098543,-12.05379581312534,2026-04-02T13:49:02.814401
2461133.077222222, A.D. 2026-Apr-02 13:51:12.0000,69.185634,-146742761.1458774,-30468352.6723668,-13211849.29481175,6.228879139067812,-27.62845554041033,-12.05373841626303,2026-04-02T13:50:02.814357
2461133.077916667, A.D. 2026-Apr-02 13:52:12.0000,69.185634,-146742387.3991113,-30470010.37319998,-13212572.51599929,6.229370429896247,-27.62834549686355,-12.05368100778764,2026-04-02T13:51:02.814394
2461133.078611111, A.D. 2026-Apr-02 13:53:12.0000,69.185634,-146742013.6228682,-30471668.06742988,-13213295.73374197,6.22986171072079,-27.62823543034665,-12.05362358770014,2026-04-02T13:52:02.814350
2461133.079305556, A.D. 2026-Apr-02 13:54:12.0000,69.185634,-146741639.8171477,-30473325.7550584,-13214018.94804054,6.230352981539413,-27.62812534086102,-12.0535661560014,2026-04-02T13:53:02.814427
2461133.08, A.D. 2026-Apr-02 13:55:12.0000,69.185634,-146741265.9819514,-30474983.43608088,-13214742.15889288,6.230844242348134,-27.62801522840844,-12.05350871269249,2026-04-02T13:54:02.814383
2461133.080694444, A.D. 2026-Apr-02 13:56:12.0000,69.185634,-146740892.1172798,-30476641.11049592,-13215465.36629827,6.231335493143948,-27.62790509299052,-12.05345125777436,2026-04-02T13:55:02.814339
2461133.081388889, A.D. 2026-Apr-02 13:57:12.0000,69.185634,-146740518.2231336,-30478298.77830218,-13216188.57025603,6.23182673392385,-27.62779493460881,-12.05339379124802,2026-04-02T13:56:02.814376
2461133.082083333, A.D. 2026-Apr-02 13:58:12.0000,69.185634,-146740144.2995124,-30479956.43950154,-13216911.77076688,6.232317964685812,-27.62768475326471,-12.05333631311429,2026-04-02T13:57:02.814332
2461133.082777778, A.D. 2026-Apr-02 13:59:12.0000,69.185634,-146739770.3464178,-30481614.09408936,-13217634.96782871,6.232809185425854,-27.62757454896,-12.05327882337426,2026-04-02T13:58:02.814409
2461133.083472222, A.D. 2026-Apr-02 14:00:12.0000,69.185634,-146739396.3638504,-30483271.74206423,-13218358.16144082,6.233300396140974,-27.62746432169627,-12.05322132202891,2026-04-02T13:59:02.814365
2461133.084166666, A.D. 2026-Apr-02 14:01:12.0000,69.185634,-146739022.3518106,-30484929.38342479,-13219081.3516025,6.233791596828167,-27.6273540714751,-12.05316380907921,2026-04-02T14:00:02.814321
2461133.084861111, A.D. 2026-Apr-02 14:02:12.0000,69.185634,-146738648.3102991,-30486587.01816966,-13219804.53831306,6.234282787484434,-27.62724379829808,-12.05310628452611,2026-04-02T14:01:02.814358
2461133.085555556, A.D. 2026-Apr-02 14:03:12.0000,69.185634,-146738274.2393158,-30488244.64630076,-13220527.72157325,6.234773968107744,-27.62713350216658,-12.05304874837048,2026-04-02T14:02:02.814435
2461133.08625, A.D. 2026-Apr-02 14:04:12.0000,69.185634,-146737900.138862,-30489902.26781342,-13221250.90138092,6.235265138694122,-27.6270231830824,-12.05299120061341,2026-04-02T14:03:02.814391
2461133.086944445, A.D. 2026-Apr-02 14:05:12.0000,69.185634,-146737526.0089384,-30491559.88270626,-13221974.07773539,6.235756299240568,-27.62691284104713,-12.05293364125585,2026-04-02T14:04:02.814428
2461133.087638889, A.D. 2026-Apr-02 14:06:12.0000,69.185634,-146737151.8495455,-30493217.4909779,-13222697.25063595,6.236247449744077,-27.62680247606237,-12.05287607029878,2026-04-02T14:05:02.814384
2461133.088333333, A.D. 2026-Apr-02 14:07:12.0000,69.185634,-146736777.6606831,-30494875.09263025,-13223420.42008335,6.236738590202632,-27.62669208812946,-12.05281848774307,2026-04-02T14:06:02.814340
2461133.089027778, A.D. 2026-Apr-02 14:08:12.0000,69.185634,-146736403.4423535,-30496532.68765536,-13224143.58607403,6.237229720611273,-27.62658167725044,-12.05276089358989,2026-04-02T14:07:02.814377
2461133.089722222, A.D. 2026-Apr-02 14:09:12.0000,69.185634,-146736029.1945556,-30498190.27605844,-13224866.74861014,6.237720840968956,-27.62647124342645,-12.05270328784001,2026-04-02T14:08:02.814373
2461133.090416667, A.D. 2026-Apr-02 14:10:12.0000,69.185634,-146735654.9172901,-30499847.85783811,-13225589.90769101,6.238211951272683,-27.6263607866591,-12.05264567049439,2026-04-02T14:09:02.814410
2461133.091111111, A.D. 2026-Apr-02 14:11:12.0000,69.185634,-146735280.6105592,-30501505.4329864,-13226313.06331306,6.238703051517502,-27.6262503069504,-12.05258804155422,2026-04-02T14:10:02.814366
2461133.091805555, A.D. 2026-Apr-02 14:12:12.0000,69.185634,-146734906.2743625,-30503163.00150523,-13227036.21547703,6.239194141701391,-27.62613980430172,-12.05253040102036,2026-04-02T14:11:02.814322
2461133.0925, A.D. 2026-Apr-02 14:13:12.0000,69.185634,-146734531.9087001,-30504820.56339652,-13227759.36418367,6.239685221822326,-27.62602927871443,-12.05247274889368,2026-04-02T14:12:02.814359
2461133.093194445, A.D. 2026-Apr-02 14:14:12.0000,69.185634,-146734157.5135732,-30506478.1186556,-13228482.50943084,6.240176291876338,-27.62591873019034,-12.05241508517525,2026-04-02T14:13:02.814436
2461133.093888889, A.D. 2026-Apr-02 14:15:12.0000,69.185634,-146733783.0889817,-30508135.66728438,-13229205.65121927,6.240667351861402,-27.62580815873082,-12.05235740986594,2026-04-02T14:14:02.814392
2461133.094583333, A.D. 2026-Apr-02 14:16:12.0000,69.185634,-146733408.6349277,-30509793.20927491,-13229928.78954542,6.24115840177257,-27.6256975643379,-12.05229972296694,2026-04-02T14:15:02.814348
2461133.095277778, A.D. 2026-Apr-02 14:17:12.0000,69.185634,-146733034.1514103,-30511450.7446324,-13230651.92441144,6.241649441608801,-27.62558694701272,-12.052242024479,2026-04-02T14:16:02.814385
2461133.095972222, A.D. 2026-Apr-02 14:18:12.0000,69.185634,-146732659.638431,-30513108.27335217,-13231375.05581522,6.242140471366119,-27.62547630675712,-12.0521843144032,2026-04-02T14:17:02.814341
2461133.096666667, A.D. 2026-Apr-02 14:19:12.0000,69.185634,-146732285.0959901,-30514765.79543285,-13232098.18375604,6.242631491041531,-27.62536564357266,-12.05212659274052,2026-04-02T14:18:02.814418
2461133.097361111, A.D. 2026-Apr-02 14:20:12.0000,69.185634,-146731910.5240885,-30516423.31087307,-13232821.30823323,6.243122500632041,-27.62525495746095,-12.05206885949192,2026-04-02T14:19:02.814374
2461133.098055555, A.D. 2026-Apr-02 14:21:12.0000,69.185634,-146731535.9227266,-30518080.81967144,-13233544.42924609,6.243613500134657,-27.62514424842356,-12.05201111465838,2026-04-02T14:20:02.814330
2461133.09875, A.D. 2026-Apr-02 14:22:12.0000,69.185634,-146731161.2919044,-30519738.32182989,-13234267.54679534,6.244104489547357,-27.62503351646188,-12.05195335824076,2026-04-02T14:21:02.814367
2461133.099444444, A.D. 2026-Apr-02 14:23:12.0000,69.185634,-146730786.6316232,-30521395.81734374,-13234990.66087887,6.244595468866175,-27.62492276157772,-12.05189559024014,2026-04-02T14:22:02.814323
2461133.100138889, A.D. 2026-Apr-02 14:24:12.0000,69.185634,-146730411.9418836,-30523053.30621163,-13235713.77149599,6.245086438088115,-27.62481198377267,-12.0518378106575,2026-04-02T14:23:02.814400
2461133.100833334, A.D. 2026-Apr-02 14:25:12.0000,69.185634,-146730037.2226854,-30524710.78843546,-13236436.87864742,6.245577397211162,-27.6247011830481,-12.0517800194937,2026-04-02T14:24:02.814437
2461133.101527778, A.D. 2026-Apr-02 14:26:12.0000,69.185634,-146729662.4740308,-30526368.26400729,-13237159.98232961,6.246068346230372,-27.62459035940604,-12.05172221674994,2026-04-02T14:25:02.814393
2461133.102222222, A.D. 2026-Apr-02 14:27:12.0000,69.185634,-146729287.6959189,-30528025.73293232,-13237883.08254472,6.246559285144703,-27.62447951284766,-12.05166440242695,2026-04-02T14:26:02.814349
2461133.102916667, A.D. 2026-Apr-02 14:28:12.0000,69.185634,-146728912.888351,-30529683.19520587,-13238606.17929064,6.247050213950188,-27.62436864337475,-12.05160657652584,2026-04-02T14:27:02.814386
2461133.103611111, A.D. 2026-Apr-02 14:29:12.0000,69.185634,-146728538.051327,-30531340.65082988,-13239329.2725681,6.247541132644812,-27.6242577509887,-12.05154873904746,2026-04-02T14:28:02.814382
2461133.104305556, A.D. 2026-Apr-02 14:30:12.0000,69.185634,-146728163.184849,-30532998.09979638,-13240052.36237353,6.248032041223635,-27.62414683569154,-12.05149088999301,2026-04-02T14:29:02.814419
2461133.105, A.D. 2026-Apr-02 14:31:12.0000,69.185634,-146727788.2889161,-30534655.54211057,-13240775.44870911,6.248522939685614,-27.62403589748443,-12.05143302936323,2026-04-02T14:30:02.814375
2461133.105694444, A.D. 2026-Apr-02 14:32:12.0000,69.185634,-146727413.3635296,-30536312.97776781,-13241498.53157272,6.249013828026786,-27.62392493636918,-12.05137515715922,2026-04-02T14:31:02.814331
2461133.106388889, A.D. 2026-Apr-02 14:33:12.0000,69.185634,-146727038.4086902,-30537970.40676669,-13242221.61096365,6.249504706244164,-27.62381395234738,-12.05131727338195,2026-04-02T14:32:02.814368
2461133.107083333, A.D. 2026-Apr-02 14:34:12.0000,69.185634,-146726663.4243984,-30539627.82910587,-13242944.68688122,6.249995574334754,-27.62370294542064,-12.05125937803239,2026-04-02T14:33:02.814364
2461133.107777778, A.D. 2026-Apr-02 14:35:12.0000,69.185634,-146726288.4106542,-30541285.24478725,-13243667.75932616,6.250486432296546,-27.62359191559032,-12.05120147111141,2026-04-02T14:34:02.814401
2461133.108472222, A.D. 2026-Apr-02 14:36:12.0000,69.185634,-146725913.3674596,-30542942.65380286,-13244390.82829491,6.250977280124599,-27.62348086285846,-12.0511435526202,2026-04-02T14:35:02.814357
2461133.109166667, A.D. 2026-Apr-02 14:37:12.0000,69.185634,-146725538.2948137,-30544600.05615794,-13245113.89378965,6.251468117817878,-27.62336978722622,-12.05108562255952,2026-04-02T14:36:02.814394
2461133.109861111, A.D. 2026-Apr-02 14:38:12.0000,69.185634,-146725163.1927173,-30546257.4518511,-13245836.95580967,6.251958945373396,-27.6232586886952,-12.05102768093033,2026-04-02T14:37:02.814350
2461133.110555556, A.D. 2026-Apr-02 14:39:12.0000,69.185634,-146724788.0611722,-30547914.84087437,-13246560.01435143,6.252449762786213,-27.62314756726743,-12.05096972773385,2026-04-02T14:38:02.814427
2461133.11125, A.D. 2026-Apr-02 14:40:12.0000,69.185634,-146724412.9001777,-30549572.22323298,-13247283.06941709,6.252940570055294,-27.62303642294408,-12.05091176297081,2026-04-02T14:39:02.814383
2461133.111944444, A.D. 2026-Apr-02 14:41:12.0000,69.185634,-146724037.7097352,-30551229.59892225,-13248006.12100452,6.253431367176679,-27.62292525572695,-12.05085378664231,2026-04-02T14:40:02.814339
2461133.112638889, A.D. 2026-Apr-02 14:42:12.0000,69.185634,-146723662.4898452,-30552886.96794082,-13248729.16911303,6.253922154147382,-27.62281406561765,-12.05079579874933,2026-04-02T14:41:02.814376
2461133.113333333, A.D. 2026-Apr-02 14:43:12.0000,69.185634,-146723287.2405083,-30554544.33028731,-13249452.21374193,6.254412930964415,-27.62270285261777,-12.05073779929283,2026-04-02T14:42:02.814332
2461133.114027778, A.D. 2026-Apr-02 14:44:12.0000,69.185634,-146722911.9617252,-30556201.68596034,-13250175.25489052,6.254903697624799,-27.62259161672892,-12.05067978827381,2026-04-02T14:43:02.814409
2461133.114722222, A.D. 2026-Apr-02 14:45:12.0000,69.185634,-146722536.6534957,-30557859.03496184,-13250898.29255955,6.25539445412652,-27.62248035795247,-12.0506217656931,2026-04-02T14:44:02.814365
2461133.115416666, A.D. 2026-Apr-02 14:46:12.0000,69.185634,-146722161.3158211,-30559516.37728714,-13251621.32674688,6.25588520046562,-27.62236907629024,-12.05056373155182,2026-04-02T14:45:02.814321
2461133.116111111, A.D. 2026-Apr-02 14:47:12.0000,69.185634,-146721785.9487022,-30561173.71293486,-13252344.35745182,6.256375936639117,-27.62225777174384,-12.05050568585093,2026-04-02T14:46:02.814358
2461133.116805556, A.D. 2026-Apr-02 14:48:12.0000,69.185634,-146721410.5521387,-30562831.04190693,-13253067.38467512,6.256866662645,-27.62214644431463,-12.05044762859129,2026-04-02T14:47:02.814435
2461133.1175, A.D. 2026-Apr-02 14:49:12.0000,69.185634,-146721035.1261327,-30564488.3641954,-13253790.4084132,6.257357378478339,-27.62203509400467,-12.05038955977412,2026-04-02T14:48:02.814391
2461133.118194445, A.D. 2026-Apr-02 14:50:12.0000,69.185634,-146720659.6706834,-30566145.67980545,-13254513.42866825,6.257848084138101,-27.62192372081511,-12.05033147940015,2026-04-02T14:49:02.814428
2461133.118888889, A.D. 2026-Apr-02 14:51:12.0000,69.185634,-146720284.1857921,-30567802.98873245,-13255236.44543814,6.258338779620329,-27.62181232474778,-12.05027338747049,2026-04-02T14:50:02.814384
2461133.119583333, A.D. 2026-Apr-02 14:52:12.0000,69.185634,-146719908.6714595,-30569460.29097501,-13255959.45872217,6.258829464922041,-27.62170090580427,-12.0502152839861,2026-04-02T14:51:02.814340
2461133.120277778, A.D. 2026-Apr-02 14:53:12.0000,69.185634,-146719533.1276853,-30571117.58653505,-13256682.46852109,6.259320140041232,-27.62158946398596,-12.05015716894786,2026-04-02T14:52:02.814377
2461133.120972222, A.D. 2026-Apr-02 14:54:12.0000,69.185634,-146719157.5544718,-30572774.87540461,-13257405.47483134,6.259810804972971,-27.62147799929491,-12.05009904235696,2026-04-02T14:53:02.814373
2461133.121666667, A.D. 2026-Apr-02 14:55:12.0000,69.185634,-146718781.951818,-30574432.15758892,-13258128.47765508,6.260301459716228,-27.62136651173227,-12.05004090421416,2026-04-02T14:54:02.814410
2461133.122361111, A.D. 2026-Apr-02 14:56:12.0000,69.185634,-146718406.3197252,-30576089.43308329,-13258851.47699019,6.260792104267049,-27.62125500129985,-12.04998275452054,2026-04-02T14:55:02.814366
2461133.123055555, A.D. 2026-Apr-02 14:57:12.0000,69.185634,-146718030.6581935,-30577746.70188966,-13259574.47283742,6.261282738623428,-27.62114346799906,-12.04992459327698,2026-04-02T14:56:02.814322
2461133.12375, A.D. 2026-Apr-02 14:58:12.0000,69.185634,-146717654.9672247,-30579403.96400006,-13260297.4651932,6.261773362780438,-27.62103191183193,-12.04986642048467,2026-04-02T14:57:02.814359
2461133.124444445, A.D. 2026-Apr-02 14:59:12.0000,69.185634,-146717279.2468181,-30581061.21941972,-13261020.45405971,6.262263976737049,-27.62092033279962,-12.04980823614437,2026-04-02T14:58:02.814436
2461133.125138889, A.D. 2026-Apr-02 15:00:12.0000,69.185634,-146716903.496975,-30582718.46814396,-13261743.43943482,6.262754580489308,-27.62080873090395,-12.04975004025717,2026-04-02T14:59:02.814392
2461133.125833333, A.D. 2026-Apr-02 15:01:12.0000,69.185634,-146716527.7176961,-30584375.71017141,-13262466.42131783,6.26324517403424,-27.62069710614654,-12.04969183282405,2026-04-02T15:00:02.814348
2461133.126527778, A.D. 2026-Apr-02 15:02:12.0000,69.185634,-146716151.9089819,-30586032.94550071,-13263189.39970806,6.263735757368865,-27.62058545852897,-12.04963361384599,2026-04-02T15:01:02.814385
2461133.127222222, A.D. 2026-Apr-02 15:03:12.0000,69.185634,-146715776.0708323,-30587690.17413376,-13263912.37460625,6.264226330491181,-27.62047378805265,-12.04957538332384,2026-04-02T15:02:02.814341
2461133.127916667, A.D. 2026-Apr-02 15:04:12.0000,69.185634,-146715400.2032488,-30589347.39606591,-13264635.34601027,6.264716893397239,-27.6203620947194,-12.04951714125872,2026-04-02T15:03:02.814418
2461133.128611111, A.D. 2026-Apr-02 15:05:12.0000,69.185634,-146715024.3062317,-30591004.61129579,-13265358.31391942,6.265207446084063,-27.62025037853082,-12.04945888765159,2026-04-02T15:04:02.814374
2461133.129305555, A.D. 2026-Apr-02 15:06:12.0000,69.185634,-146714648.379782,-30592661.81982204,-13266081.27833302,6.265697988548677,-27.62013863948851,-12.04940062250343,2026-04-02T15:05:02.814330
2461133.13, A.D. 2026-Apr-02 15:07:12.0000,69.185634,-146714272.4239,-30594319.02164325,-13266804.23925036,6.266188520788102,-27.62002687759409,-12.04934234581522,2026-04-02T15:06:02.814367
2461133.130694444, A.D. 2026-Apr-02 15:08:12.0000,69.185634,-146713896.4385857,-30595976.21676138,-13267527.19667221,6.266679042800344,-27.61991509284893,-12.04928405758783,2026-04-02T15:07:02.814323
2461133.131388889, A.D. 2026-Apr-02 15:09:12.0000,69.185634,-146713520.4238404,-30597633.40517175,-13268250.15059642,6.267169554581452,-27.61980328525486,-12.04922575782235,2026-04-02T15:08:02.814400
2461133.132083334, A.D. 2026-Apr-02 15:10:12.0000,69.185634,-146713144.3796648,-30599290.58687299,-13268973.1010223,6.267660056128451,-27.6196914548135,-12.04916744651977,2026-04-02T15:09:02.814437
2461133.132777778, A.D. 2026-Apr-02 15:11:12.0000,69.185634,-146712768.3060594,-30600947.76186373,-13269696.04794917,6.268150547438369,-27.61957960152645,-12.04910912368105,2026-04-02T15:10:02.814393
2461133.133472222, A.D. 2026-Apr-02 15:12:12.0000,69.185634,-146712392.2030243,-30602604.9301459,-13270418.99137777,6.268641028509208,-27.61946772539509,-12.04905078930708,2026-04-02T15:11:02.814349
2461133.134166667, A.D. 2026-Apr-02 15:13:12.0000,69.185634,-146712016.0705606,-30604262.09171483,-13271141.93130596,6.269131499337019,-27.61935582642126,-12.04899244339893,2026-04-02T15:12:02.814386
2461133.134861111, A.D. 2026-Apr-02 15:14:12.0000,69.185634,-146711639.908669,-30605919.24656914,-13271864.86773306,6.269621959918831,-27.61924390460656,-12.0489340859576,2026-04-02T15:13:02.814382
2461133.135555556, A.D. 2026-Apr-02 15:15:12.0000,69.185634,-146711263.7173501,-30607576.39470748,-13272587.80065837,6.270112410251672,-27.6191319599526,-12.04887571698406,2026-04-02T15:14:02.814419
2461133.13625, A.D. 2026-Apr-02 15:16:12.0000,69.185634,-146710887.4966046,-30609233.53612845,-13273310.7300812,6.270602850332572,-27.61901999246099,-12.0488173364793,2026-04-02T15:15:02.814375
2461133.136944444, A.D. 2026-Apr-02 15:17:12.0000,69.185634,-146710511.2464323,-30610890.67083401,-13274033.6560023,6.271093280159533,-27.61890800213312,-12.04875894444418,2026-04-02T15:16:02.814331
2461133.137638889, A.D. 2026-Apr-02 15:18:12.0000,69.185634,-146710134.9668346,-30612547.79881947,-13274756.57841954,6.271583699728613,-27.61879598897083,-12.04870054087979,2026-04-02T15:17:02.814368
2461133.138333333, A.D. 2026-Apr-02 15:19:12.0000,69.185634,-146709758.657812,-30614204.92008347,-13275479.49733223,6.272074109036839,-27.6186839529757,-12.04864212578712,2026-04-02T15:18:02.814364
2461133.139027778, A.D. 2026-Apr-02 15:20:12.0000,69.185634,-146709382.3193653,-30615862.03462463,-13276202.41273968,6.272564508081242,-27.61857189414937,-12.04858369916715,2026-04-02T15:19:02.814401
2461133.139722222, A.D. 2026-Apr-02 15:21:12.0000,69.185634,-146709005.9514942,-30617519.14244489,-13276925.32464262,6.273054896859828,-27.61845981249321,-12.04852526102074,2026-04-02T15:20:02.814357
2461133.140416667, A.D. 2026-Apr-02 15:22:12.0000,69.185634,-146708629.5542009,-30619176.24353629,-13277648.23303749,6.273545275367678,-27.61834770800929,-12.04846681134912,2026-04-02T15:21:02.814394
2461133.141111111, A.D. 2026-Apr-02 15:23:12.0000,69.185634,-146708253.1274846,-30620833.33790403,-13278371.13792649,6.274035643603776,-27.61823558069877,-12.04840835015302,2026-04-02T15:22:02.814350
2461133.141805556, A.D. 2026-Apr-02 15:24:12.0000,69.185634,-146707876.6713465,-30622490.42554346,-13279094.03930747,6.274526001564176,-27.61812343056348,-12.04834987743354,2026-04-02T15:23:02.814427
2461133.1425, A.D. 2026-Apr-02 15:25:12.0000,69.185634,-146707500.1857865,-30624147.50645651,-13279816.93718119,6.275016349246886,-27.61801125760481,-12.04829139319156,2026-04-02T15:24:02.814383
2461133.143194444, A.D. 2026-Apr-02 15:26:12.0000,69.185634,-146707123.6708068,-30625804.58063521,-13280539.83154408,6.275506686646993,-27.61789906182482,-12.04823289742829,2026-04-02T15:25:02.814339
2461133.143888889, A.D. 2026-Apr-02 15:27:12.0000,69.185634,-146706747.1264065,-30627461.64808479,-13281262.72239832,6.275997013763474,-27.61778684322467,-12.04817439014447,2026-04-02T15:26:02.814376
2461133.144583333, A.D. 2026-Apr-02 15:28:12.0000,69.185634,-146706370.5525868,-30629118.70880058,-13281985.60974178,6.276487330592394,-27.6176746018062,-12.0481158713412,2026-04-02T15:27:02.814332
2461133.145277778, A.D. 2026-Apr-02 15:29:12.0000,69.185634,-146705993.9493486,-30630775.76278121,-13282708.49357378,6.276977637130781,-27.61756233757103,-12.04805734101948,2026-04-02T15:28:02.814409
2461133.145972222, A.D. 2026-Apr-02 15:30:12.0000,69.185634,-146705617.3166915,-30632432.81002861,-13283431.37389505,6.277467933376652,-27.61745005052055,-12.04799879918016,2026-04-02T15:29:02.814365
2461133.146666666, A.D. 2026-Apr-02 15:31:12.0000,69.185634,-146705240.6546179,-30634089.85053482,-13284154.25070204,6.277958219325086,-27.6173377406568,-12.04794024582446,2026-04-02T15:30:02.814321
2461133.147361111, A.D. 2026-Apr-02 15:32:12.0000,69.185634,-146704863.9631266,-30635746.88430506,-13284877.12399693,6.278448494975072,-27.61722540798097,-12.04788168095313,2026-04-02T15:31:02.814358
2461133.148055556, A.D. 2026-Apr-02 15:33:12.0000,69.185634,-146704487.2422193,-30637403.91133467,-13285599.99377758,6.278938760322669,-27.61711305249489,-12.04782310456728,2026-04-02T15:32:02.814435
2461133.14875, A.D. 2026-Apr-02 15:34:12.0000,69.185634,-146704110.4918955,-30639060.93162557,-13286322.86004475,6.279429015365888,-27.61700067419994,-12.04776451666776,2026-04-02T15:33:02.814391
2461133.149444445, A.D. 2026-Apr-02 15:35:12.0000,69.185634,-146703733.7121576,-30640717.94516981,-13287045.72279487,6.279919260099819,-27.6168882730982,-12.0477059172558,2026-04-02T15:34:02.814428
2461133.150138889, A.D. 2026-Apr-02 15:36:12.0000,69.185634,-146703356.9030047,-30642374.9519726,-13287768.58203012,6.280409494523447,-27.61677584919083,-12.04764730633214,2026-04-02T15:35:02.814384
2461133.150833333, A.D. 2026-Apr-02 15:37:12.0000,69.185634,-146702980.064438,-30644031.95202929,-13288491.43774838,6.280899718632833,-27.61666340247966,-12.04758868389789,2026-04-02T15:36:02.814340
2461133.151527778, A.D. 2026-Apr-02 15:38:12.0000,69.185634,-146702603.1964583,-30645688.9453385,-13289214.28994896,6.281389932425019,-27.61655093296632,-12.04753004995402,2026-04-02T15:37:02.814377
2461133.152222222, A.D. 2026-Apr-02 15:39:12.0000,69.185634,-146702226.299066,-30647345.93189887,-13289937.13863115,6.28188013589704,-27.61643844065242,-12.04747140450153,2026-04-02T15:38:02.814373
2461133.152916667, A.D. 2026-Apr-02 15:40:12.0000,69.185634,-146701849.3722612,-30649002.91171233,-13290659.98379572,6.282370329046913,-27.61632592553935,-12.04741274754129,2026-04-02T15:39:02.814410
2461133.153611111, A.D. 2026-Apr-02 15:41:12.0000,69.185634,-146701472.4160452,-30650659.8847742,-13291382.82544054,6.282860511870698,-27.61621338762896,-12.04735407907439,2026-04-02T15:40:02.814366
2461133.154305555, A.D. 2026-Apr-02 15:42:12.0000,69.185634,-146701095.4304186,-30652316.85108313,-13292105.6635649,6.283350684365439,-27.61610082692286,-12.04729539910181,2026-04-02T15:41:02.814322
2461133.155, A.D. 2026-Apr-02 15:43:12.0000,69.185634,-146700718.415382,-30653973.81063775,-13292828.49816813,6.283840846528174,-27.61598824342267,-12.04723670762455,2026-04-02T15:42:02.814359
2461133.155694445, A.D. 2026-Apr-02 15:44:12.0000,69.185634,-146700341.370936,-30655630.76343669,-13293551.32924953,6.284330998355947,-27.61587563713,-12.04717800464359,2026-04-02T15:43:02.814436
2461133.156388889, A.D. 2026-Apr-02 15:45:12.0000,69.185634,-146699964.2970805,-30657287.70948186,-13294274.15680985,6.284821139846768,-27.61576300804624,-12.04711929015979,2026-04-02T15:44:02.814392
2461133.157083333, A.D. 2026-Apr-02 15:46:12.0000,69.185634,-146699587.1938169,-30658944.64876862,-13294996.98084697,6.285311270996708,-27.61565035617326,-12.04706056417426,2026-04-02T15:45:02.814348
2461133.157777778, A.D. 2026-Apr-02 15:47:12.0000,69.185634,-146699210.0611458,-30660601.5812956,-13295719.80136018,6.285801391802808,-27.61553768151264,-12.04700182668798,2026-04-02T15:46:02.814385
2461133.158472222, A.D. 2026-Apr-02 15:48:12.0000,69.185634,-146698832.8990678,-30662258.50706143,-13296442.61834881,6.286291502262111,-27.61542498406603,-12.04694307770195,2026-04-02T15:47:02.814341
2461133.159166667, A.D. 2026-Apr-02 15:49:12.0000,69.185634,-146698455.7075828,-30663915.42606803,-13297165.4318136,6.286781602372631,-27.61531226383481,-12.04688431721702,2026-04-02T15:48:02.814418
2461133.159861111, A.D. 2026-Apr-02 15:50:12.0000,69.185634,-146698078.4866922,-30665572.33831075,-13297888.24175242,6.287271692130441,-27.61519952082082,-12.0468255452343,2026-04-02T15:49:02.814374
2461133.160555555, A.D. 2026-Apr-02 15:51:12.0000,69.185634,-146697701.2363966,-30667229.24378822,-13298611.04816458,6.287761771532582,-27.6150867550257,-12.04676676175478,2026-04-02T15:50:02.814330
2461133.16125, A.D. 2026-Apr-02 15:52:12.0000,69.185634,-146697323.9566965,-30668886.14249907,-13299333.85104939,6.288251840576099,-27.61497396645105,-12.04670796677945,2026-04-02T15:51:02.814367
2461133.161944444, A.D. 2026-Apr-02 15:53:12.0000,69.185634,-146696946.6475927,-30670543.03444193,-13300056.65040617,6.288741899258036,-27.6148611550985,-12.04664916030928,2026-04-02T15:52:02.814323
2461133.162638889, A.D. 2026-Apr-02 15:54:12.0000,69.185634,-146696569.3090849,-30672199.91961874,-13300779.44623566,6.289231947576411,-27.61474832096944,-12.04659034234516,2026-04-02T15:53:02.814400
2461133.163333334, A.D. 2026-Apr-02 15:55:12.0000,69.185634,-146696191.9411747,-30673856.79802482,-13301502.23853573,6.289721985527297,-27.61463546406573,-12.04653151288817,2026-04-02T15:54:02.814437
2461133.164027778, A.D. 2026-Apr-02 15:56:12.0000,69.185634,-146695814.5438625,-30675513.66965882,-13302225.0273057,6.290212013107739,-27.61452258438896,-12.04647267193932,2026-04-02T15:55:02.814393
2461133.164722222, A.D. 2026-Apr-02 15:57:12.0000,69.185634,-146695437.117149,-30677170.53451937,-13302947.81254487,6.290702030314785,-27.61440968194079,-12.04641381949959,2026-04-02T15:56:02.814349
2461133.165416667, A.D. 2026-Apr-02 15:58:12.0000,69.185634,-146695059.6610349,-30678827.3926051,-13303670.59425256,6.291192037145478,-27.61429675672281,-12.04635495556995,2026-04-02T15:57:02.814386
2461133.166111111, A.D. 2026-Apr-02 15:59:12.0000,69.185634,-146694682.1755199,-30680484.24391794,-13304393.37242951,6.291682033597842,-27.61418380873645,-12.0462960801513,2026-04-02T15:58:02.814382
2461133.166805556, A.D. 2026-Apr-02 16:00:12.0000,69.185634,-146694304.6606056,-30682141.08845323,-13305116.14707359,6.292172019667949,-27.61407083798352,-12.04623719324472,2026-04-02T15:59:02.814419
2461133.1675, A.D. 2026-Apr-02 16:01:12.0000,69.185634,-146693927.1162925,-30683797.92620961,-13305838.91818413,6.292661995352844,-27.61395784446567,-12.04617829485121,2026-04-02T16:00:02.814375
2461133.168194444, A.D. 2026-Apr-02 16:02:12.0000,69.185634,-146693549.5425811,-30685454.7571857,-13306561.68576042,6.293151960649583,-27.61384482818451,-12.04611938497175,2026-04-02T16:01:02.814331
2461133.168888889, A.D. 2026-Apr-02 16:03:12.0000,69.185634,-146693171.9394715,-30687111.58138344,-13307284.44980321,6.293641915556181,-27.61373178914145,-12.04606046360721,2026-04-02T16:02:02.814368
2461133.169583333, A.D. 2026-Apr-02 16:04:12.0000,69.185634,-146692794.306965,-30688768.39879816,-13308007.21031039,6.294131860068716,-27.61361872733833,-12.04600153075871,2026-04-02T16:03:02.814364
2461133.170277778, A.D. 2026-Apr-02 16:05:12.0000,69.185634,-146692416.6450621,-30690425.20942852,-13308729.96728126,6.29462179418424,-27.61350564277677,-12.04594258642723,2026-04-02T16:04:02.814401
2461133.170972222, A.D. 2026-Apr-02 16:06:12.0000,69.185634,-146692038.9537636,-30692082.01327312,-13309452.72071513,6.295111717899798,-27.61339253545841,-12.04588363061375,2026-04-02T16:05:02.814357
2461133.171666667, A.D. 2026-Apr-02 16:07:12.0000,69.185634,-146691661.23307,-30693738.81033061,-13310175.47061132,6.295601631212444,-27.61327940538486,-12.04582466331926,2026-04-02T16:06:02.814394
2461133.172361111, A.D. 2026-Apr-02 16:08:12.0000,69.185634,-146691283.4829812,-30695395.60060293,-13310898.21697056,6.296091534120201,-27.61316625255753,-12.04576568454465,2026-04-02T16:07:02.814350
2461133.173055556, A.D. 2026-Apr-02 16:09:12.0000,69.185634,-146690905.7034987,-30697052.3840854,-13311620.95979074,6.296581426619148,-27.61305307697825,-12.045706694291,2026-04-02T16:08:02.814427
2461133.17375, A.D. 2026-Apr-02 16:10:12.0000,69.185634,-146690527.8946229,-30698709.16077667,-13312343.69907117,6.297071308706333,-27.61293987864868,-12.04564769255932,2026-04-02T16:09:02.814383
2461133.174444444, A.D. 2026-Apr-02 16:11:12.0000,69.185634,-146690150.0563546,-30700365.93067537,-13313066.43481115,6.297561180378815,-27.61282665757042,-12.04558867935059,2026-04-02T16:10:02.814339
2461133.175138889, A.D. 2026-Apr-02 16:12:12.0000,69.185634,-146689772.1886943,-30702022.69378014,-13313789.16701001,6.29805104163364,-27.6127134137451,-12.0455296546658,2026-04-02T16:11:02.814376
2461133.175833333, A.D. 2026-Apr-02 16:13:12.0000,69.185634,-146689394.291642,-30703679.45009289,-13314511.89566848,6.298540892468837,-27.61260014717413,-12.04547061850581,2026-04-02T16:12:02.814332
2461133.176527778, A.D. 2026-Apr-02 16:14:12.0000,69.185634,-146689016.365199,-30705336.19960899,-13315234.62078445,6.299030732880484,-27.61248685785935,-12.04541157087175,2026-04-02T16:13:02.814409
2461133.177222222, A.D. 2026-Apr-02 16:15:12.0000,69.185634,-146688638.409366,-30706992.94232705,-13315957.34235722,6.299520562865638,-27.6123735458024,-12.0453525117646,2026-04-02T16:14:02.814365
2461133.177916666, A.D. 2026-Apr-02 16:16:12.0000,69.185634,-146688260.4241435,-30708649.67824572,-13316680.06038611,6.300010382421353,-27.6122602110049,-12.04529344118534,2026-04-02T16:15:02.814321
2461133.178611111, A.D. 2026-Apr-02 16:17:12.0000,69.185634,-146687882.4095315,-30710306.40736693,-13317402.77487186,6.300500191545654,-27.61214685346826,-12.04523435913485,2026-04-02T16:16:02.814358
2461133.179305556, A.D. 2026-Apr-02 16:18:12.0000,69.185634,-146687504.3655312,-30711963.12968601,-13318125.48581235,6.300989990234624,-27.61203347319431,-12.04517526561425,2026-04-02T16:17:02.814435
2461133.18, A.D. 2026-Apr-02 16:19:12.0000,69.185634,-146687126.2921435,-30713619.84520161,-13318848.19320689,6.301479778485319,-27.61192007018471,-12.04511616062451,2026-04-02T16:18:02.814391
2461133.180694445, A.D. 2026-Apr-02 16:20:12.0000,69.185634,-146686748.1893688,-30715276.55391236,-13319570.89705479,6.301969556294795,-27.61180664444108,-12.04505704416663,2026-04-02T16:19:02.814428
2461133.181388889, A.D. 2026-Apr-02 16:21:12.0000,69.185634,-146686370.0572078,-30716933.2558169,-13320293.59735537,6.302459323660107,-27.61169319596504,-12.0449979162416,2026-04-02T16:20:02.814384
2461133.182083333, A.D. 2026-Apr-02 16:22:12.0000,69.185634,-146685991.8956604,-30718589.95091714,-13321016.29410937,6.302949080579287,-27.61157972475798,-12.04493877685029,2026-04-02T16:21:02.814340
2461133.182777778, A.D. 2026-Apr-02 16:23:12.0000,69.185634,-146685613.7047279,-30720246.63920845,-13321738.98731467,6.303438827048419,-27.6114662308218,-12.04487962599382,2026-04-02T16:22:02.814377
2461133.183472222, A.D. 2026-Apr-02 16:24:12.0000,69.185634,-146685235.484411,-30721903.32068945,-13322461.67697059,6.303928563064559,-27.61135271415808,-12.04482046367317,2026-04-02T16:23:02.814373
2461133.184166667, A.D. 2026-Apr-02 16:25:12.0000,69.185634,-146684857.2347103,-30723559.99535879,-13323184.36307642,6.304418288624764,-27.61123917476848,-12.04476128988932,2026-04-02T16:24:02.814410
2461133.184861111, A.D. 2026-Apr-02 16:26:12.0000,69.185634,-146684478.9556257,-30725216.66321838,-13323907.04563293,6.304908003727069,-27.6111256126544,-12.04470210464317,2026-04-02T16:25:02.814366
2461133.185555555, A.D. 2026-Apr-02 16:27:12.0000,69.185634,-146684100.6471593,-30726873.32426028,-13324629.72463655,6.305397708366584,-27.61101202781792,-12.04464290793593,2026-04-02T16:26:02.814322
2461133.18625, A.D. 2026-Apr-02 16:28:12.0000,69.185634,-146683722.3093103,-30728529.97848972,-13325352.40008947,6.305887402542316,-27.61089842026022,-12.04458369976836,2026-04-02T16:27:02.814359
2461133.186944445, A.D. 2026-Apr-02 16:29:12.0000,69.185634,-146683343.9420792,-30730186.62590532,-13326075.07199099,6.306377086251323,-27.61078478998293,-12.04452448014145,2026-04-02T16:28:02.814436
2461133.187638889, A.D. 2026-Apr-02 16:30:12.0000,69.185634,-146682965.5454682,-30731843.26649915,-13326797.74033756,6.306866759488721,-27.61067113698813,-12.04446524905644,2026-04-02T16:29:02.814392
2461133.188333333, A.D. 2026-Apr-02 16:31:12.0000,69.185634,-146682587.1194772,-30733499.90027313,-13327520.40512994,6.307356422252544,-27.61055746127724,-12.04440600651418,2026-04-02T16:30:02.814348
2461133.189027778, A.D. 2026-Apr-02 16:32:12.0000,69.185634,-146682208.6641061,-30735156.52722919,-13328243.06636885,6.307846074540822,-27.61044376285165,-12.04434675251556,2026-04-02T16:31:02.814385
2461133.189722222, A.D. 2026-Apr-02 16:33:12.0000,69.185634,-146681830.1793562,-30736813.14736268,-13328965.7240522,6.308335716349648,-27.61033004171323,-12.04428748706169,2026-04-02T16:32:02.814341
2461133.190416667, A.D. 2026-Apr-02 16:34:12.0000,69.185634,-146681451.6652281,-30738469.76067223,-13329688.37817927,6.30882534767608,-27.61021629786361,-12.04422821015357,2026-04-02T16:33:02.814418
2461133.191111111, A.D. 2026-Apr-02 16:35:12.0000,69.185634,-146681073.1217218,-30740126.36715977,-13330411.02875083,6.309314968518156,-27.61010253130419,-12.04416892179205,2026-04-02T16:34:02.814374
2461133.191805555, A.D. 2026-Apr-02 16:36:12.0000,69.185634,-146680694.5488386,-30741782.96682065,-13331133.67576475,6.309804578871967,-27.60998874203684,-12.04410962197827,2026-04-02T16:35:02.814330
2461133.1925, A.D. 2026-Apr-02 16:37:12.0000,69.185634,-146680315.9465799,-30743439.55965021,-13331856.31921891,6.310294178733599,-27.60987493006342,-12.04405031071331,2026-04-02T16:36:02.814367
2461133.193194444, A.D. 2026-Apr-02 16:38:12.0000,69.185634,-146679937.3149448,-30745096.14565368,-13332578.9591155,6.310783768102065,-27.60976109538511,-12.04399098799796,2026-04-02T16:37:02.814323
2461133.193888889, A.D. 2026-Apr-02 16:39:12.0000,69.185634,-146679558.6539339,-30746752.72482969,-13333301.59545382,6.311273346974428,-27.60964723800353,-12.04393165383319,2026-04-02T16:38:02.814400
2461133.194583334, A.D. 2026-Apr-02 16:40:12.0000,69.185634,-146679179.9635495,-30748409.2971703,-13334024.22823032,6.311762915345804,-27.60953335792078,-12.04387230822024,2026-04-02T16:39:02.814437
2461133.195277778, A.D. 2026-Apr-02 16:41:12.0000,69.185634,-146678801.2437906,-30750065.86268073,-13334746.85744718,6.312252473215208,-27.60941945513806,-12.04381295115986,2026-04-02T16:40:02.814393
2461133.195972222, A.D. 2026-Apr-02 16:42:12.0000,69.185634,-146678422.4946586,-30751722.42135632,-13335469.48310228,6.312742020578729,-27.6093055296572,-12.04375358265317,2026-04-02T16:41:02.814349
2461133.196666667, A.D. 2026-Apr-02 16:43:12.0000,69.185634,-146678043.7161541,-30753378.97319571,-13336192.10519492,6.313231557433435,-27.60919158147986,-12.04369420270116,2026-04-02T16:42:02.814386
2461133.197361111, A.D. 2026-Apr-02 16:44:12.0000,69.185634,-146677664.9082777,-30755035.51819754,-13336914.72372445,6.31372108377639,-27.60907761060766,-12.04363481130483,2026-04-02T16:43:02.814382
2461133.198055556, A.D. 2026-Apr-02 16:45:12.0000,69.185634,-146677286.0710295,-30756692.05636375,-13337637.33869158,6.314210599605635,-27.60896361704201,-12.04357540846504,2026-04-02T16:44:02.814419
2461133.19875, A.D. 2026-Apr-02 16:46:12.0000,69.185634,-146676907.2044106,-30758348.58768967,-13338359.9500942,6.314700104917262,-27.60884960078479,-12.04351599418291,2026-04-02T16:45:02.814375
2461133.199444444, A.D. 2026-Apr-02 16:47:12.0000,69.185634,-146676528.3084217,-30760005.11217395,-13339082.55793164,6.315189599708343,-27.60873556183762,-12.04345656845945,2026-04-02T16:46:02.814331
2461133.200138889, A.D. 2026-Apr-02 16:48:12.0000,69.185634,-146676149.3830636,-30761661.62981522,-13339805.16220319,6.315679083975938,-27.60862150020215,-12.04339713129563,2026-04-02T16:47:02.814368
2461133.200833333, A.D. 2026-Apr-02 16:49:12.0000,69.185634,-146675770.428336,-30763318.14061543,-13340527.76290961,6.316168557718097,-27.60850741587978,-12.04333768269234,2026-04-02T16:48:02.814364
2461133.201527778, A.D. 2026-Apr-02 16:50:12.0000,69.185634,-146675391.4442411,-30764974.6445666,-13341250.36004734,6.316658020929937,-27.6083933088726,-12.04327822265081,2026-04-02T16:49:02.814401
2461133.202222222, A.D. 2026-Apr-02 16:51:12.0000,69.185634,-146675012.4307781,-30766631.14167399,-13341972.95361857,6.317147473610474,-27.60827917918181,-12.0432187511718,2026-04-02T16:50:02.814357
2461133.202916667, A.D. 2026-Apr-02 16:52:12.0000,69.185634,-146674633.3879482,-30768287.63193293,-13342695.54362118,6.317636915755807,-27.60816502680927,-12.04315926825642,2026-04-02T16:51:02.814394
2461133.203611111, A.D. 2026-Apr-02 16:53:12.0000,69.185634,-146674254.3157514,-30769944.11534534,-13343418.13005591,6.318126347363975,-27.60805085175637,-12.04309977390555,2026-04-02T16:52:02.814350
2461133.204305556, A.D. 2026-Apr-02 16:54:12.0000,69.185634,-146673875.2141899,-30771600.5919033,-13344140.71291921,6.318615768430106,-27.60793665402524,-12.04304026812041,2026-04-02T16:53:02.814427
2461133.205, A.D. 2026-Apr-02 16:55:12.0000,69.185634,-146673496.0832627,-30773257.06161201,-13344863.29221325,6.319105178953214,-27.60782243361704,-12.04298075090178,2026-04-02T16:54:02.814383
2461133.205694444, A.D. 2026-Apr-02 16:56:12.0000,69.185634,-146673116.9229713,-30774913.52446683,-13345585.86793593,6.319594578929397,-27.60770819053364,-12.04292122225076,2026-04-02T16:55:02.814339
2461133.206388889, A.D. 2026-Apr-02 16:57:12.0000,69.185634,-146672737.7333162,-30776569.9804664,-13346308.44008655,6.32008396835573,-27.60759392477668,-12.04286168216835,2026-04-02T16:56:02.814376
2461133.207083333, A.D. 2026-Apr-02 16:58:12.0000,69.185634,-146672358.5142981,-30778226.42960936,-13347031.00866444,6.320573347229284,-27.6074796363478,-12.04280213065554,2026-04-02T16:57:02.814332
2461133.207777778, A.D. 2026-Apr-02 16:59:12.0000,69.185634,-146671979.2659169,-30779882.87189763,-13347753.57367033,6.321062715548102,-27.60736532524844,-12.04274256771322,2026-04-02T16:58:02.814409
2461133.208472222, A.D. 2026-Apr-02 17:00:12.0000,69.185634,-146671599.9881741,-30781539.30732657,-13348476.1351021,6.321552073308286,-27.60725099148043,-12.0426829933425,2026-04-02T16:59:02.814365
2461133.209166666, A.D. 2026-Apr-02 17:01:12.0000,69.185634,-146671220.6810701,-30783195.73589482,-13349198.69295909,6.322041420506909,-27.60713663504542,-12.04262340754437,2026-04-02T17:00:02.814321
2461133.209861111, A.D. 2026-Apr-02 17:02:12.0000,69.185634,-146670841.3446056,-30784852.15760101,-13349921.24724058,6.322530757141044,-27.60702225594507,-12.04256381031983,2026-04-02T17:01:02.814358
2461133.210555556, A.D. 2026-Apr-02 17:03:12.0000,69.185634,-146670461.9787813,-30786508.5724438,-13350643.79794591,6.323020083207767,-27.606907854181,-12.04250420166988,2026-04-02T17:02:02.814435
2461133.21125, A.D. 2026-Apr-02 17:04:12.0000,69.185634,-146670082.5835971,-30788164.9804251,-13351366.34507581,6.323509398705124,-27.60679342975464,-12.04244458159539,2026-04-02T17:03:02.814391
2461133.211944445, A.D. 2026-Apr-02 17:05:12.0000,69.185634,-146669703.1590542,-30789821.38154026,-13352088.88862818,6.323998703629217,-27.60667898266785,-12.04238495009749,2026-04-02T17:04:02.814428
2461133.212638889, A.D. 2026-Apr-02 17:06:12.0000,69.185634,-146669323.7051535,-30791477.77578793,-13352811.42860232,6.324487997977122,-27.60656451292229,-12.04232530717717,2026-04-02T17:05:02.814384
2461133.213333333, A.D. 2026-Apr-02 17:07:12.0000,69.185634,-146668944.2218955,-30793134.16316676,-13353533.96499754,6.324977281745915,-27.60645002051957,-12.04226565283542,2026-04-02T17:06:02.814340
2461133.214027778, A.D. 2026-Apr-02 17:08:12.0000,69.185634,-146668564.7092801,-30794790.54367866,-13354256.49781461,6.325466554933644,-27.60633550546115,-12.04220598707313,2026-04-02T17:07:02.814377
2461133.214722222, A.D. 2026-Apr-02 17:09:12.0000,69.185634,-146668185.1673087,-30796446.91731899,-13354979.0270514,6.325955817536416,-27.60622096774886,-12.04214630989141,2026-04-02T17:08:02.814373
2461133.215416667, A.D. 2026-Apr-02 17:10:12.0000,69.185634,-146667805.5959819,-30798103.28408639,-13355701.55270722,6.326445069551306,-27.60610640738437,-12.04208662129126,2026-04-02T17:09:02.814410
2461133.216111111, A.D. 2026-Apr-02 17:11:12.0000,69.185634,-146667425.9953003,-30799759.6439795,-13356424.07478138,6.326934310975391,-27.60599182436931,-12.04202692127368,2026-04-02T17:10:02.814366
2461133.216805555, A.D. 2026-Apr-02 17:12:12.0000,69.185634,-146667046.3652646,-30801415.99699697,-13357146.59327321,6.32742354180575,-27.60587721870534,-12.04196720983966,2026-04-02T17:11:02.814322
2461133.2175, A.D. 2026-Apr-02 17:13:12.0000,69.185634,-146666666.7058747,-30803072.34314072,-13357869.10818346,6.327912762040433,-27.60576259039385,-12.04190748699009,2026-04-02T17:12:02.814359
2461133.218194445, A.D. 2026-Apr-02 17:14:12.0000,69.185634,-146666287.0171319,-30804728.6824061,-13358591.61950999,6.328401971675547,-27.60564793943675,-12.04184775272608,2026-04-02T17:13:02.814436
2461133.218888889, A.D. 2026-Apr-02 17:15:12.0000,69.185634,-146665907.2990369,-30806385.01479176,-13359314.12725214,6.328891170708172,-27.60553326583565,-12.04178800704863,2026-04-02T17:14:02.814392
2461133.219583333, A.D. 2026-Apr-02 17:16:12.0000,69.185634,-146665527.5515904,-30808041.34029634,-13360036.63140921,6.329380359135388,-27.60541856959223,-12.04172824995874,2026-04-02T17:15:02.814348
2461133.220277778, A.D. 2026-Apr-02 17:17:12.0000,69.185634,-146665147.774793,-30809697.65891847,-13360759.13198051,6.329869536954273,-27.6053038507081,-12.04166848145741,2026-04-02T17:16:02.814385
2461133.220972222, A.D. 2026-Apr-02 17:18:12.0000,69.185634,-146664767.9686444,-30811353.97066011,-13361481.62896681,6.330358704162882,-27.60518910918471,-12.04160870154552,2026-04-02T17:17:02.814341
2461133.221666667, A.D. 2026-Apr-02 17:19:12.0000,69.185634,-146664388.1331463,-30813010.27551657,-13362204.12236598,6.330847860757324,-27.60507434502392,-12.04154891022418,2026-04-02T17:18:02.814418
2461133.222361111, A.D. 2026-Apr-02 17:20:12.0000,69.185634,-146664008.2682991,-30814666.57348653,-13362926.61217733,6.331337006734678,-27.60495955822737,-12.0414891074944,2026-04-02T17:19:02.814374
2461133.223055555, A.D. 2026-Apr-02 17:21:12.0000,69.185634,-146663628.3741035,-30816322.86456861,-13363649.09840018,6.331826142092027,-27.60484474879673,-12.04142929335717,2026-04-02T17:20:02.814330
2461133.22375, A.D. 2026-Apr-02 17:22:12.0000,69.185634,-146663248.4505593,-30817979.14876474,-13364371.58103529,6.332315266827426,-27.60472991673339,-12.04136946781339,2026-04-02T17:21:02.814367
2461133.224444444, A.D. 2026-Apr-02 17:23:12.0000,69.185634,-146662868.4976681,-30819635.42607029,-13365094.06008052,6.332804380936986,-27.60461506203925,-12.04130963086415,2026-04-02T17:22:02.814323
2461133.225138889, A.D. 2026-Apr-02 17:24:12.0000,69.185634,-146662488.5154305,-30821291.69648389,-13365816.53553521,6.33329348441779,-27.60450018471594,-12.04124978251047,2026-04-02T17:23:02.814400
2461133.225833334, A.D. 2026-Apr-02 17:25:12.0000,69.185634,-146662108.503847,-30822947.96000419,-13366539.00739865,6.333782577266919,-27.60438528476513,-12.04118992275334,2026-04-02T17:24:02.814437
2461133.226527778, A.D. 2026-Apr-02 17:26:12.0000,69.185634,-146661728.4629183,-30824604.21662982,-13367261.47567018,6.334271659481461,-27.60427036218845,-12.04113005159377,2026-04-02T17:25:02.814393
2461133.227222222, A.D. 2026-Apr-02 17:27:12.0000,69.185634,-146661348.3926442,-30826260.46636272,-13367983.94035053,6.334760731059469,-27.60415541698733,-12.04107016903263,2026-04-02T17:26:02.814349
2461133.227916667, A.D. 2026-Apr-02 17:28:12.0000,69.185634,-146660968.2930263,-30827916.70919824,-13368706.4014376,6.335249791997057,-27.60404044916363,-12.04101027507106,2026-04-02T17:27:02.814386
2461133.228611111, A.D. 2026-Apr-02 17:29:12.0000,69.185634,-146660588.1640651,-30829572.94513503,-13369428.85893069,6.335738842291312,-27.60392545871904,-12.04095036971003,2026-04-02T17:28:02.814382
2461133.229305556, A.D. 2026-Apr-02 17:30:12.0000,69.185634,-146660208.0057612,-30831229.17417173,-13370151.31282913,6.336227881939317,-27.60381044565517,-12.04089045295057,2026-04-02T17:29:02.814419
2461133.23, A.D. 2026-Apr-02 17:31:12.0000,69.185634,-146659827.8181145,-30832885.39631026,-13370873.76313366,6.336716910939134,-27.60369540997347,-12.04083052479353,2026-04-02T17:30:02.814375
2461133.230694444, A.D. 2026-Apr-02 17:32:12.0000,69.185634,-146659447.6011273,-30834541.6115427,-13371596.20984073,6.3372059292859,-27.60358035167602,-12.04077058524018,2026-04-02T17:31:02.814331
2461133.231388889, A.D. 2026-Apr-02 17:33:12.0000,69.185634,-146659067.3547986,-30836197.81987427,-13372318.65295253,6.33769493697865,-27.60346527076403,-12.04071063429127,2026-04-02T17:32:02.814368
2461133.232083333, A.D. 2026-Apr-02 17:34:12.0000,69.185634,-146658687.0791298,-30837854.02130032,-13373041.09246694,6.338183934013498,-27.60335016723939,-12.04065067194792,2026-04-02T17:33:02.814364
2461133.232777778, A.D. 2026-Apr-02 17:35:12.0000,69.185634,-146658306.7741207,-30839510.21582277,-13373763.5283847,6.338672920388504,-27.6032350411035,-12.04059069821102,2026-04-02T17:34:02.814401
2461133.233472222, A.D. 2026-Apr-02 17:36:12.0000,69.185634,-146657926.4397736,-30841166.40343371,-13374485.96070228,6.339161896098812,-27.60311989235849,-12.04053071308179,2026-04-02T17:35:02.814357
2461133.234166667, A.D. 2026-Apr-02 17:37:12.0000,69.185634,-146657546.0760877,-30842822.58413834,-13375208.38942184,6.339650861143456,-27.60300472100554,-12.04047071656102,2026-04-02T17:36:02.814394
2461133.234861111, A.D. 2026-Apr-02 17:38:12.0000,69.185634,-146657165.6830641,-30844478.75793203,-13375930.81454127,6.340139815518552,-27.60288952704654,-12.04041070864981,2026-04-02T17:37:02.814350
2461133.235555556, A.D. 2026-Apr-02 17:39:12.0000,69.185634,-146656785.2607037,-30846134.92481341,-13376653.2360599,6.34062875922119,-27.60277431048314,-12.04035068934917,2026-04-02T17:38:02.814427
2461133.23625, A.D. 2026-Apr-02 17:40:12.0000,69.185634,-146656404.8090063,-30847791.08478443,-13377375.65397847,6.34111769224943,-27.60265907131675,-12.04029065865999,2026-04-02T17:39:02.814383
2461133.236944444, A.D. 2026-Apr-02 17:41:12.0000,69.185634,-146656024.327974,-30849447.23783714,-13378098.06829343,6.341606614598421,-27.6025438095495,-12.04023061658349,2026-04-02T17:40:02.814339
2461133.237638889, A.D. 2026-Apr-02 17:42:12.0000,69.185634,-146655643.817606,-30851103.38397677,-13378820.47900696,6.342095526267197,-27.6024285251826,-12.04017056312046,2026-04-02T17:41:02.814376
2461133.238333333, A.D. 2026-Apr-02 17:43:12.0000,69.185634,-146655263.2779037,-30852759.52319867,-13379542.88611695,6.342584427251877,-27.60231321821789,-12.04011049827201,2026-04-02T17:42:02.814332
2461133.239027778, A.D. 2026-Apr-02 17:44:12.0000,69.185634,-146654882.7088677,-30854415.65550149,-13380265.28962272,6.343073317549552,-27.60219788865705,-12.04005042203913,2026-04-02T17:43:02.814409
2461133.239722222, A.D. 2026-Apr-02 17:45:12.0000,69.185634,-146654502.1104979,-30856071.78088716,-13380987.68952501,6.343562197158287,-27.60208253650152,-12.03999033442273,2026-04-02T17:44:02.814365
2461133.240416666, A.D. 2026-Apr-02 17:46:12.0000,69.185634,-146654121.4827957,-30857727.89935104,-13381710.08582171,6.344051066074203,-27.60196716175314,-12.03993023542391,2026-04-02T17:45:02.814321
2461133.241111111, A.D. 2026-Apr-02 17:47:12.0000,69.185634,-146653740.8257617,-30859384.01089177,-13382432.47851213,6.344539924294391,-27.60185176441362,-12.03987012504368,2026-04-02T17:46:02.814358
2461133.241805556, A.D. 2026-Apr-02 17:48:12.0000,69.185634,-146653360.1393966,-30861040.11550799,-13383154.8675956,6.345028771815948,-27.60173634448457,-12.03981000328305,2026-04-02T17:47:02.814435
2461133.2425, A.D. 2026-Apr-02 17:49:12.0000,69.185634,-146652979.423701,-30862696.21319835,-13383877.25307143,6.345517608635964,-27.60162090196767,-12.03974987014302,2026-04-02T17:48:02.814391
2461133.243194445, A.D. 2026-Apr-02 17:50:12.0000,69.185634,-146652598.6786749,-30864352.30396478,-13384599.63494036,6.346006434752507,-27.60150543686434,-12.03968972562447,2026-04-02T17:49:02.814428
2461133.243888889, A.D. 2026-Apr-02 17:51:12.0000,69.185634,-146652217.9043203,-30866008.38779936,-13385322.01319886,6.346495250160729,-27.60138994917668,-12.03962956972864,2026-04-02T17:50:02.814384
2461133.244583333, A.D. 2026-Apr-02 17:52:12.0000,69.185634,-146651837.1006364,-30867664.46470729,-13386044.38784911,6.346984054859665,-27.60127443890593,-12.03956940245631,2026-04-02T17:51:02.814340
2461133.245277778, A.D. 2026-Apr-02 17:53:12.0000,69.185634,-146651456.2676238,-30869320.53468724,-13386766.75889041,6.347472848846412,-27.6011589060537,-12.03950922380847,2026-04-02T17:52:02.814377
2461133.245972222, A.D. 2026-Apr-02 17:54:12.0000,69.185634,-146651075.4052848,-30870976.59773126,-13387489.12631923,6.347961632116125,-27.60104335062213,-12.03944903378637,2026-04-02T17:53:02.814373
2461133.246666667, A.D. 2026-Apr-02 17:55:12.0000,69.185634,-146650694.5136183,-30872632.65384458,-13388211.49013775,6.348450404667842,-27.60092777261242,-12.03938883239076,2026-04-02T17:54:02.814410
2461133.247361111, A.D. 2026-Apr-02 17:56:12.0000,69.185634,-146650313.5926267,-30874288.70301926,-13388933.85034242,6.348939166496717,-27.60081217202668,-12.03932861962291,2026-04-02T17:55:02.814366
2461133.248055555, A.D. 2026-Apr-02 17:57:12.0000,69.185634,-146649932.6423089,-30875944.74526054,-13389656.20693542,6.34942791760179,-27.60069654886611,-12.03926839548357,2026-04-02T17:56:02.814322
2461133.24875, A.D. 2026-Apr-02 17:58:12.0000,69.185634,-146649551.6626657,-30877600.78056705,-13390378.55991607,6.349916657980157,-27.60058090313236,-12.03920815997375,2026-04-02T17:57:02.814359
2461133.249444445, A.D. 2026-Apr-02 17:59:12.0000,69.185634,-146649170.6536992,-30879256.80893086,-13391100.90928082,6.350405387626974,-27.60046523482757,-12.03914791309468,2026-04-02T17:58:02.814436
2461133.250138889, A.D. 2026-Apr-02 18:00:12.0000,69.185634,-146648789.6154085,-30880912.8303572,-13391823.25503186,6.350894106541285,-27.60034954395292,-12.03908765484715,2026-04-02T17:59:02.814392
2461133.250833333, A.D. 2026-Apr-02 18:01:12.0000,69.185634,-146648408.5477951,-30882568.84484142,-13392545.59716707,6.351382814719214,-27.60023383051032,-12.03902738523226,2026-04-02T18:00:02.814348
2461133.251527778, A.D. 2026-Apr-02 18:02:12.0000,69.185634,-146648027.4508596,-30884224.85238218,-13393267.93568577,6.351871512157862,-27.6001180945014,-12.03896710425103,2026-04-02T18:01:02.814385
2461133.252222222, A.D. 2026-Apr-02 18:03:12.0000,69.185634,-146647646.3246026,-30885880.85297811,-13393990.27058728,6.352360198854329,-27.60000233592784,-12.03890681190447,2026-04-02T18:02:02.814341
2461133.252916667, A.D. 2026-Apr-02 18:04:12.0000,69.185634,-146647265.169024,-30887536.84663114,-13394712.60187234,6.352848874806686,-27.59988655479106,-12.03884650819345,2026-04-02T18:03:02.814418
2461133.253611111, A.D. 2026-Apr-02 18:05:12.0000,69.185634,-146646883.9841252,-30889192.83333665,-13395434.92953885,6.353337540011063,-27.59977075109297,-12.03878619311911,2026-04-02T18:04:02.814374
2461133.254305555, A.D. 2026-Apr-02 18:06:12.0000,69.185634,-146646502.7699069,-30890848.81309327,-13396157.25358612,6.35382619446456,-27.5996549248352,-12.03872586668244,2026-04-02T18:05:02.814330
2461133.255, A.D. 2026-Apr-02 18:07:12.0000,69.185634,-146646121.5263697,-30892504.78589965,-13396879.57401347,6.35431483816428,-27.59953907601944,-12.03866552888447,2026-04-02T18:06:02.814367
2461133.255694444, A.D. 2026-Apr-02 18:08:12.0000,69.185634,-146645740.2535143,-30894160.75175444,-13397601.89082022,6.354803471107322,-27.59942320464733,-12.03860517972618,2026-04-02T18:07:02.814323
2461133.256388889, A.D. 2026-Apr-02 18:09:12.0000,69.185634,-146645358.9513405,-30895816.71065957,-13398324.20400712,6.355292093291763,-27.59930731072031,-12.03854481920848,2026-04-02T18:08:02.814400
2461133.257083334, A.D. 2026-Apr-02 18:10:12.0000,69.185634,-146644977.6198497,-30897472.6626104,-13399046.51357205,6.355780704713733,-27.59919139424029,-12.03848444733248,2026-04-02T18:09:02.814437
2461133.257777778, A.D. 2026-Apr-02 18:11:12.0000,69.185634,-146644596.2590427,-30899128.60760558,-13399768.81951434,6.356269305370334,-27.59907545520889,-12.03842406409919,2026-04-02T18:10:02.814393
2461133.258472222, A.D. 2026-Apr-02 18:12:12.0000,69.185634,-146644214.8689199,-30900784.54564376,-13400491.1218333,6.356757895258673,-27.59895949362782,-12.03836366950962,2026-04-02T18:11:02.814349
2461133.259166667, A.D. 2026-Apr-02 18:13:12.0000,69.185634,-146643833.4494815,-30902440.47672686,-13401213.42052968,6.35724647437682,-27.59884350949848,-12.03830326356465,2026-04-02T18:12:02.814386
2461133.259861111, A.D. 2026-Apr-02 18:14:12.0000,69.185634,-146643452.0007293,-30904096.40084696,-13401935.71559994,6.357735042719943,-27.59872750282301,-12.03824284626554,2026-04-02T18:13:02.814382
2461133.260555556, A.D. 2026-Apr-02 18:15:12.0000,69.185634,-146643070.5226627,-30905752.31800929,-13402658.00704626,6.358223600287085,-27.59861147360261,-12.03818241761305,2026-04-02T18:14:02.814419
2461133.26125, A.D. 2026-Apr-02 18:16:12.0000,69.185634,-146642689.0152823,-30907408.22821249,-13403380.29486797,6.358712147075352,-27.59849542183894,-12.03812197760818,2026-04-02T18:15:02.814375
2461133.261944444, A.D. 2026-Apr-02 18:17:12.0000,69.185634,-146642307.4785902,-30909064.13144864,-13404102.5790615,6.35920068307991,-27.59837934753412,-12.0380615262522,2026-04-02T18:16:02.814331
2461133.262638889, A.D. 2026-Apr-02 18:18:12.0000,69.185634,-146641925.9125863,-30910720.02771966,-13404824.85962762,6.359689208298834,-27.5982632506896,-12.03800106354597,2026-04-02T18:17:02.814368
2461133.263333333, A.D. 2026-Apr-02 18:19:12.0000,69.185634,-146641544.3172705,-30912375.9170275,-13405547.13656708,6.360177722730201,-27.5981471313068,-12.0379405894904,2026-04-02T18:18:02.814364
2461133.264027778, A.D. 2026-Apr-02 18:20:12.0000,69.185634,-146641162.6926443,-30914031.79936751,-13406269.40987776,6.360666226370149,-27.59803098938761,-12.0378801040866,2026-04-02T18:19:02.814401
2461133.264722222, A.D. 2026-Apr-02 18:21:12.0000,69.185634,-146640781.0387082,-30915687.67473834,-13406991.67955898,6.361154719215786,-27.59791482493372,-12.03781960733559,2026-04-02T18:20:02.814357
2461133.265416667, A.D. 2026-Apr-02 18:22:12.0000,69.185634,-146640399.3554621,-30917343.54314193,-13407713.9456115,6.361643201265188,-27.59779863794654,-12.03775909923825,2026-04-02T18:21:02.814394
2461133.266111111, A.D. 2026-Apr-02 18:23:12.0000,69.185634,-146640017.6429075,-30918999.40457364,-13408436.2080332,6.362131672514495,-27.59768242842798,-12.03769857979572,2026-04-02T18:22:02.814350
2461133.266805556, A.D. 2026-Apr-02 18:24:12.0000,69.185634,-146639635.9010457,-30920655.25902882,-13409158.46682197,6.362620132959843,-27.59756619637994,-12.03763804900911,2026-04-02T18:23:02.814427
2461133.2675, A.D. 2026-Apr-02 18:25:12.0000,69.185634,-146639254.1298752,-30922311.106516,-13409880.72198142,6.363108582601254,-27.59744994180338,-12.0375775068791,2026-04-02T18:24:02.814383
2461133.268194444, A.D. 2026-Apr-02 18:26:12.0000,69.185634,-146638872.3293988,-30923966.94702395,-13410602.97350658,6.363597021432926,-27.59733366470067,-12.03751695340702,2026-04-02T18:25:02.814339
2461133.268888889, A.D. 2026-Apr-02 18:27:12.0000,69.185634,-146638490.4996165,-30925622.78055461,-13411325.22139819,6.364085449452939,-27.59721736507324,-12.03745638859379,2026-04-02T18:26:02.814376
2461133.269583333, A.D. 2026-Apr-02 18:28:12.0000,69.185634,-146638108.6405282,-30927278.60710993,-13412047.46565702,6.364573866659376,-27.59710104292254,-12.03739581244028,2026-04-02T18:27:02.814332
2461133.270277778, A.D. 2026-Apr-02 18:29:12.0000,69.185634,-146637726.7521351,-30928934.42668524,-13412769.70628094,6.365062273048374,-27.59698469825044,-12.03733522494763,2026-04-02T18:28:02.814409
2461133.270972222, A.D. 2026-Apr-02 18:30:12.0000,69.185634,-146637344.8344381,-30930590.23927922,-13413491.94326929,6.365550668617048,-27.59686833105864,-12.03727462611685,2026-04-02T18:29:02.814365
2461133.271666666, A.D. 2026-Apr-02 18:31:12.0000,69.185634,-146636962.8874377,-30932246.0448905,-13414214.17662136,6.366039053362507,-27.5967519413488,-12.03721401594894,2026-04-02T18:30:02.814321
2461133.272361111, A.D. 2026-Apr-02 18:32:12.0000,69.185634,-146636580.9111339,-30933901.84352102,-13414936.40633793,6.366527427282834,-27.59663552912233,-12.03715339444479,2026-04-02T18:31:02.814358
2461133.273055556, A.D. 2026-Apr-02 18:33:12.0000,69.185634,-146636198.9055279,-30935557.63516615,-13415658.63241688,6.367015790374173,-27.59651909438117,-12.03709276160554,2026-04-02T18:32:02.814435
2461133.27375, A.D. 2026-Apr-02 18:34:12.0000,69.185634,-146635816.8706206,-30937213.41982453,-13416380.85485752,6.367504142633634,-27.59640263712697,-12.0370321174322,2026-04-02T18:33:02.814391
2461133.274444445, A.D. 2026-Apr-02 18:35:12.0000,69.185634,-146635434.8064125,-30938869.19749481,-13417103.07365918,6.367992484058333,-27.59628615736139,-12.03697146192577,2026-04-02T18:34:02.814428
2461133.275138889, A.D. 2026-Apr-02 18:36:12.0000,69.185634,-146635052.7129044,-30940524.96817565,-13417825.28882117,6.368480814645384,-27.59616965508612,-12.03691079508726,2026-04-02T18:35:02.814384
2461133.275833333, A.D. 2026-Apr-02 18:37:12.0000,69.185634,-146634670.5900959,-30942180.73186897,-13418547.50034426,6.368969134392868,-27.59605313030258,-12.03685011691757,2026-04-02T18:36:02.814340
2461133.276527778, A.D. 2026-Apr-02 18:38:12.0000,69.185634,-146634288.4379888,-30943836.48857015,-13419269.70822632,6.369457443296936,-27.59593658301269,-12.03678942741783,2026-04-02T18:37:02.814377
2461133.277222222, A.D. 2026-Apr-02 18:39:12.0000,69.185634,-146633906.2565834,-30945492.23827783,-13419991.91246668,6.369945741354696,-27.59582001321811,-12.03672872658904,2026-04-02T18:38:02.814373
2461133.277916667, A.D. 2026-Apr-02 18:40:12.0000,69.185634,-146633524.0458805,-30947147.98099065,-13420714.11306465,6.370434028563269,-27.59570342092051,-12.03666801443222,2026-04-02T18:39:02.814410
2461133.278611111, A.D. 2026-Apr-02 18:41:12.0000,69.185634,-146633141.80588,-30948803.71671057,-13421436.310021,6.370922304920739,-27.59558680612133,-12.03660729094826,2026-04-02T18:40:02.814366
2461133.279305555, A.D. 2026-Apr-02 18:42:12.0000,69.185634,-146632759.5365834,-30950459.44543293,-13422158.50333361,6.371410570423249,-27.59547016882248,-12.03654655613829,2026-04-02T18:41:02.814322
2461133.28, A.D. 2026-Apr-02 18:43:12.0000,69.185634,-146632377.2379911,-30952115.16715639,-13422880.69300179,6.371898825067922,-27.59535350902561,-12.03648581000331,2026-04-02T18:42:02.814359
2461133.280694445, A.D. 2026-Apr-02 18:44:12.0000,69.185634,-146631994.910104,-30953770.88187961,-13423602.87902487,6.372387068851872,-27.59523682673243,-12.03642505254436,2026-04-02T18:43:02.814436
2461133.281388889, A.D. 2026-Apr-02 18:45:12.0000,69.185634,-146631612.5529225,-30955426.58960123,-13424325.06140218,6.372875301772218,-27.59512012194458,-12.03636428376242,2026-04-02T18:44:02.814392
2461133.282083333, A.D. 2026-Apr-02 18:46:12.0000,69.185634,-146631230.1664468,-30957082.29032318,-13425047.24013445,6.373363523827045,-27.59500339466351,-12.0363035036584,2026-04-02T18:45:02.814348
2461133.282777778, A.D. 2026-Apr-02 18:47:12.0000,69.185634,-146630847.7506789,-30958737.98403754,-13425769.41521816,6.373851735011537,-27.59488664489136,-12.03624271223355,2026-04-02T18:46:02.814385
2461133.283472222, A.D. 2026-Apr-02 18:48:12.0000,69.185634,-146630465.3056179,-30960393.67074955,-13426491.58665548,6.374339935324748,-27.59476987262935,-12.03618190948863,2026-04-02T18:47:02.814341
2461133.284166667, A.D. 2026-Apr-02 18:49:12.0000,69.185634,-146630082.8312645,-30962049.35045785,-13427213.75444573,6.3748281247638,-27.59465307787913,-12.03612109542467,2026-04-02T18:48:02.814418
2461133.284861111, A.D. 2026-Apr-02 18:50:12.0000,69.185634,-146629700.3276209,-30963705.02315452,-13427935.91858537,6.375316303323872,-27.59453626064285,-12.03606027004291,2026-04-02T18:49:02.814374
2461133.285555555, A.D. 2026-Apr-02 18:51:12.0000,69.185634,-146629317.7946862,-30965360.68884477,-13428658.0790766,6.375804471004024,-27.59441942092172,-12.03599943334413,2026-04-02T18:50:02.814330
2461133.28625, A.D. 2026-Apr-02 18:52:12.0000,69.185634,-146628935.2324619,-30967016.34752398,-13429380.23591729,6.376292627800409,-27.59430255871765,-12.03593858532945,2026-04-02T18:51:02.814367
2461133.286944444, A.D. 2026-Apr-02 18:53:12.0000,69.185634,-146628552.6409484,-30968671.9991908,-13430102.38910676,6.376780773710144,-27.59418567403231,-12.03587772599989,2026-04-02T18:52:02.814323
2461133.287638889, A.D. 2026-Apr-02 18:54:12.0000,69.185634,-146628170.0201466,-30970327.64384387,-13430824.53864435,6.377268908730354,-27.59406876686737,-12.03581685535647,2026-04-02T18:53:02.814400
2461133.288333334, A.D. 2026-Apr-02 18:55:12.0000,69.185634,-146627787.3700564,-30971983.28148514,-13431546.68453079,6.37775703285913,-27.59395183722429,-12.03575597340008,2026-04-02T18:54:02.814437
2461133.289027778, A.D. 2026-Apr-02 18:56:12.0000,69.185634,-146627404.6906798,-30973638.91210669,-13432268.82676255,6.378245146091658,-27.59383488510519,-12.03569508013196,2026-04-02T18:55:02.814393
2461133.289722222, A.D. 2026-Apr-02 18:57:12.0000,69.185634,-146627021.9820161,-30975294.53571373,-13432990.96534182,6.378733248426992,-27.59371791051129,-12.0356341755529,2026-04-02T18:56:02.814349
2461133.290416667, A.D. 2026-Apr-02 18:58:12.0000,69.185634,-146626639.2440666,-30976950.15230163,-13433713.10026648,6.379221339861292,-27.5936009134445,-12.03557325966402,2026-04-02T18:57:02.814386
2461133.291111111, A.D. 2026-Apr-02 18:59:12.0000,69.185634,-146626256.4768312,-30978605.76187234,-13434435.23153728,6.379709420392651,-27.59348389390627,-12.03551233246623,2026-04-02T18:58:02.814382
2461133.291805556, A.D. 2026-Apr-02 19:00:12.0000,69.185634,-146625873.6803121,-30980261.36441793,-13435157.35915069,6.380197490016251,-27.59336685189873,-12.03545139396076,2026-04-02T18:59:02.814419
2461133.2925, A.D. 2026-Apr-02 19:01:12.0000,69.185634,-146625490.8545085,-30981916.95994362,-13435879.48310889,6.380685548731161,-27.5932497874231,-12.0353904441484,2026-04-02T19:00:02.814375
2461133.293194444, A.D. 2026-Apr-02 19:02:12.0000,69.185634,-146625107.9994217,-30983572.54844479,-13436601.60340977,6.381173596533531,-27.59313270048127,-12.03532948303029,2026-04-02T19:01:02.814331
2461133.293888889, A.D. 2026-Apr-02 19:03:12.0000,69.185634,-146624725.1150525,-30985228.12992007,-13437323.72005265,6.381661633420487,-27.59301559107495,-12.03526851060743,2026-04-02T19:02:02.814368
2461133.294583333, A.D. 2026-Apr-02 19:04:12.0000,69.185634,-146624342.2014006,-30986883.70437142,-13438045.83303829,6.382149659390128,-27.59289845920557,-12.03520752688071,2026-04-02T19:03:02.814364
2461133.295277778, A.D. 2026-Apr-02 19:05:12.0000,69.185634,-146623959.2584683,-30988539.27179091,-13438767.94236313,6.382637674437638,-27.59278130487527,-12.03514653185141,2026-04-02T19:04:02.814401
2461133.295972222, A.D. 2026-Apr-02 19:06:12.0000,69.185634,-146623576.2862548,-30990194.83218376,-13439490.04802938,6.383125678562085,-27.59266412808526,-12.03508552552027,2026-04-02T19:05:02.814357
2461133.296666667, A.D. 2026-Apr-02 19:07:12.0000,69.185634,-146623193.2847613,-30991850.38554535,-13440212.15003491,6.383613671759625,-27.59254692883747,-12.03502450788846,2026-04-02T19:06:02.814394
2461133.297361111, A.D. 2026-Apr-02 19:08:12.0000,69.185634,-146622810.2539879,-30993505.93187761,-13440934.24838049,6.384101654028356,-27.59242970713332,-12.03496347895685,2026-04-02T19:07:02.814350
2461133.298055556, A.D. 2026-Apr-02 19:09:12.0000,69.185634,-146622427.1939368,-30995161.47117262,-13441656.34306256,6.384589625363467,-27.59231246297498,-12.0349024387267,2026-04-02T19:08:02.814427
2461133.29875, A.D. 2026-Apr-02 19:10:12.0000,69.185634,-146622044.1046069,-30996817.0034356,-13442378.43408333,6.385077585764024,-27.59219519636365,-12.03484138719879,2026-04-02T19:09:02.814383
2461133.299444444, A.D. 2026-Apr-02 19:11:12.0000,69.185634,-146621660.9859998,-30998472.52866194,-13443100.52144066,6.385565535226187,-27.59207790730125,-12.03478032437425,2026-04-02T19:10:02.814339
2461133.300138889, A.D. 2026-Apr-02 19:12:12.0000,69.185634,-146621277.8381161,-31000128.04685026,-13443822.6051339,6.386053473747086,-27.59196059578945,-12.0347192502541,2026-04-02T19:11:02.814376
2461133.300833333, A.D. 2026-Apr-02 19:13:12.0000,69.185634,-146620894.6609565,-31001783.55799923,-13444544.68516236,6.386541401323849,-27.59184326182994,-12.03465816483936,2026-04-02T19:12:02.814332
2461133.301527778, A.D. 2026-Apr-02 19:14:12.0000,69.185634,-146620511.4545209,-31003439.06211079,-13445266.7615268,6.387029317954579,-27.59172590542417,-12.03459706813091,2026-04-02T19:13:02.814409
2461133.302222222, A.D. 2026-Apr-02 19:15:12.0000,69.185634,-146620128.2188106,-31005094.55918031,-13445988.8342251,6.387517223635434,-27.59160852657404,-12.03453596012989,2026-04-02T19:14:02.814365
2461133.302916666, A.D. 2026-Apr-02 19:16:12.0000,69.185634,-146619744.9538264,-31006750.04920644,-13446710.90325659,6.388005118363547,-27.59149112528125,-12.03447484083733,2026-04-02T19:15:02.814321
2461133.303611111, A.D. 2026-Apr-02 19:17:12.0000,69.185634,-146619361.6595689,-31008405.53218783,-13447432.96862058,6.388493002136047,-27.59137370154746,-12.03441371025423,2026-04-02T19:16:02.814358
2461133.304305556, A.D. 2026-Apr-02 19:18:12.0000,69.185634,-146618978.3360387,-31010061.00812313,-13448155.03031642,6.388980874950067,-27.59125625537438,-12.03435256838162,2026-04-02T19:17:02.814435
2461133.305, A.D. 2026-Apr-02 19:19:12.0000,69.185634,-146618594.9832358,-31011716.47701429,-13448877.08834484,6.38946873680371,-27.59113878676343,-12.03429141522039,2026-04-02T19:18:02.814391
2461133.305694445, A.D. 2026-Apr-02 19:20:12.0000,69.185634,-146618211.6011616,-31013371.93885668,-13449599.14270374,6.389956587693138,-27.59102129571654,-12.03423025077167,2026-04-02T19:19:02.814428
2461133.306388889, A.D. 2026-Apr-02 19:21:12.0000,69.185634,-146617828.1898167,-31015027.39364894,-13450321.19339244,6.390444427615486,-27.5909037822354,-12.03416907503648,2026-04-02T19:20:02.814384
2461133.307083333, A.D. 2026-Apr-02 19:22:12.0000,69.185634,-146617444.7492017,-31016682.84138973,-13451043.24041027,6.390932256567884,-27.59078624632168,-12.03410788801584,2026-04-02T19:21:02.814340
2461133.307777778, A.D. 2026-Apr-02 19:23:12.0000,69.185634,-146617061.2793167,-31018338.282081,-13451765.28375797,6.391420074548438,-27.59066868797684,-12.03404668971065,2026-04-02T19:22:02.814377
2461133.308472222, A.D. 2026-Apr-02 19:24:12.0000,69.185634,-146616677.7801629,-31019993.71571811,-13452487.32343345,6.391907881553312,-27.59055110720278,-12.03398548012204,2026-04-02T19:23:02.814373
2461133.309166667, A.D. 2026-Apr-02 19:25:12.0000,69.185634,-146616294.2517419,-31021649.14229641,-13453209.35943458,6.392395677578671,-27.59043350400145,-12.03392425925115,2026-04-02T19:24:02.814410
2461133.309861111, A.D. 2026-Apr-02 19:26:12.0000,69.185634,-146615910.694052,-31023304.56182445,-13453931.391765,6.39288346262456,-27.59031587837381,-12.03386302709864,2026-04-02T19:25:02.814366
2461133.310555555, A.D. 2026-Apr-02 19:27:12.0000,69.185634,-146615527.1070961,-31024959.974291,-13454653.42041972,6.393371236685208,-27.59019823032224,-12.03380178366588,2026-04-02T19:26:02.814322
2461133.31125, A.D. 2026-Apr-02 19:28:12.0000,69.185634,-146615143.4908734,-31026615.37970129,-13455375.44540094,6.393858999759685,-27.59008055984797,-12.03374052895365,2026-04-02T19:27:02.814359
2461133.311944445, A.D. 2026-Apr-02 19:29:12.0000,69.185634,-146614759.845386,-31028270.77804741,-13456097.46670512,6.394346751843192,-27.58996286695315,-12.03367926296322,2026-04-02T19:28:02.814436
2461133.312638889, A.D. 2026-Apr-02 19:30:12.0000,69.185634,-146614376.1706332,-31029926.16933458,-13456819.48433443,6.394834492934804,-27.589845151639,-12.03361798569535,2026-04-02T19:29:02.814392
2461133.313333333, A.D. 2026-Apr-02 19:31:12.0000,69.185634,-146613992.4666154,-31031581.55356146,-13457541.49828821,6.39532222303166,-27.5897274139072,-12.03355669715106,2026-04-02T19:30:02.814348
2461133.314027778, A.D. 2026-Apr-02 19:32:12.0000,69.185634,-146613608.7333351,-31033236.93072013,-13458263.50856292,6.395809942128956,-27.58960965375991,-12.03349539733163,2026-04-02T19:31:02.814385
2461133.314722222, A.D. 2026-Apr-02 19:33:12.0000,69.185634,-146613224.9707912,-31034892.30081582,-13458985.51516073,6.396297650225772,-27.58949187119835,-12.03343408623781,2026-04-02T19:32:02.814341
2461133.315416667, A.D. 2026-Apr-02 19:34:12.0000,69.185634,-146612841.1789852,-31036547.6638439,-13459707.51807955,6.396785347318275,-27.58937406622443,-12.03337276387075,2026-04-02T19:33:02.814418
2461133.316111111, A.D. 2026-Apr-02 19:35:12.0000,69.185634,-146612457.3579178,-31038203.01980301,-13460429.5173187,6.397273033403607,-27.58925623883985,-12.03331143023147,2026-04-02T19:34:02.814374
2461133.316805555, A.D. 2026-Apr-02 19:36:12.0000,69.185634,-146612073.5075895,-31039858.36869184,-13461151.51287749,6.397760708478906,-27.58913838904629,-12.03325008532099,2026-04-02T19:35:02.814330
2461133.3175, A.D. 2026-Apr-02 19:37:12.0000,69.185634,-146611689.6280012,-31041513.710509,-13461873.50475526,6.39824837254131,-27.58902051684543,-12.03318872914033,2026-04-02T19:36:02.814367
2461133.318194444, A.D. 2026-Apr-02 19:38:12.0000,69.185634,-146611305.7191526,-31043169.04525646,-13462595.49295276,6.398736025588931,-27.58890262223874,-12.03312736169038,2026-04-02T19:37:02.814323
2461133.318888889, A.D. 2026-Apr-02 19:39:12.0000,69.185634,-146610921.7810453,-31044824.37292959,-13463317.47746789,6.399223667617941,-27.58878470522813,-12.03306598297228,2026-04-02T19:38:02.814400
2461133.319583334, A.D. 2026-Apr-02 19:40:12.0000,69.185634,-146610537.8136798,-31046479.69352704,-13464039.45829995,6.399711298625479,-27.5886667658153,-12.03300459298706,2026-04-02T19:39:02.814437
2461133.320277778, A.D. 2026-Apr-02 19:41:12.0000,69.185634,-146610153.817056,-31048135.00705076,-13464761.43544973,6.400198918609657,-27.58854880400169,-12.03294319173561,2026-04-02T19:40:02.814393
2461133.320972222, A.D. 2026-Apr-02 19:42:12.0000,69.185634,-146609769.7911762,-31049790.31349281,-13465483.40891366,6.400686527565681,-27.58843081978947,-12.0328817792192,2026-04-02T19:41:02.814349
2461133.321666667, A.D. 2026-Apr-02 19:43:12.0000,69.185634,-146609385.7360395,-31051445.61285844,-13466205.37869394,6.401174125492629,-27.58831281317985,-12.0328203554386,2026-04-02T19:42:02.814386
2461133.322361111, A.D. 2026-Apr-02 19:44:12.0000,69.185634,-146609001.6516473,-31053100.90514303,-13466927.34478847,6.401661712386674,-27.58819478417477,-12.03275892039494,2026-04-02T19:43:02.814382
2461133.323055556, A.D. 2026-Apr-02 19:45:12.0000,69.185634,-146608617.5380003,-31054756.19034521,-13467649.30719656,6.402149288244964,-27.5880767327759,-12.03269747408926,2026-04-02T19:44:02.814419
2461133.32375, A.D. 2026-Apr-02 19:46:12.0000,69.185634,-146608233.3950983,-31056411.46846693,-13468371.26591897,6.402636853065608,-27.58795865898471,-12.03263601652245,2026-04-02T19:45:02.814375
2461133.324444444, A.D. 2026-Apr-02 19:47:12.0000,69.185634,-146607849.2229436,-31058066.73950028,-13469093.22095217,6.403124406843812,-27.58784056280335,-12.03257454769578,2026-04-02T19:46:02.814331
2461133.325138889, A.D. 2026-Apr-02 19:48:12.0000,69.185634,-146607465.0215352,-31059722.00345048,-13469815.17229834,6.403611949578663,-27.58772244423306,-12.03251306761002,2026-04-02T19:47:02.814368
2461133.325833333, A.D. 2026-Apr-02 19:49:12.0000,69.185634,-146607080.7908747,-31061377.26031292,-13470537.11995537,6.404099481266331,-27.58760430327573,-12.03245157626631,2026-04-02T19:48:02.814364
2461133.326527778, A.D. 2026-Apr-02 19:50:12.0000,69.185634,-146606696.5309619,-31063032.51008953,-13471259.06392403,6.404587001904935,-27.58748613993285,-12.03239007366555,2026-04-02T19:49:02.814401
2461133.327222222, A.D. 2026-Apr-02 19:51:12.0000,69.185634,-146606312.2417991,-31064687.75277238,-13471981.00420076,6.405074511489682,-27.58736795420657,-12.03232855980901,2026-04-02T19:50:02.814357
2461133.327916667, A.D. 2026-Apr-02 19:52:12.0000,69.185634,-146605927.9233852,-31066342.98836673,-13472702.94078777,6.405562010019657,-27.58724974609811,-12.03226703469746,2026-04-02T19:51:02.814394
2461133.328611111, A.D. 2026-Apr-02 19:53:12.0000,69.185634,-146605543.5757219,-31067998.21686793,-13473424.87368294,6.406049497491036,-27.5871315156094,-12.03220549833205,2026-04-02T19:52:02.814350
2461133.329305556, A.D. 2026-Apr-02 19:54:12.0000,69.185634,-146605159.1988097,-31069653.43827464,-13474146.80288559,6.406536973900966,-27.58701326274213,-12.0321439507138,2026-04-02T19:53:02.814427
2461133.33, A.D. 2026-Apr-02 19:55:12.0000,69.185634,-146604774.7926492,-31071308.65258552,-13474868.72839506,6.407024439246598,-27.586894987498,-12.03208239184373,2026-04-02T19:54:02.814383
2461133.330694444, A.D. 2026-Apr-02 19:56:12.0000,69.185634,-146604390.3572405,-31072963.85980251,-13475590.6502121,6.407511893526046,-27.58677668987846,-12.03202082172273,2026-04-02T19:55:02.814339
2461133.331388889, A.D. 2026-Apr-02 19:57:12.0000,69.185634,-146604005.8925849,-31074619.059921,-13476312.5683346,6.407999336735491,-27.58665836988543,-12.03195924035196,2026-04-02T19:56:02.814376
2461133.332083333, A.D. 2026-Apr-02 19:58:12.0000,69.185634,-146603621.3986831,-31076274.25293962,-13477034.48276189,6.408486768872081,-27.58654002752062,-12.03189764773243,2026-04-02T19:57:02.814332
2461133.332777778, A.D. 2026-Apr-02 19:59:12.0000,69.185634,-146603236.8755358,-31077929.43885704,-13477756.39349329,6.408974189932966,-27.58642166278572,-12.03183604386517,2026-04-02T19:58:02.814409
2461133.333472222, A.D. 2026-Apr-02 20:00:12.0000,69.185634,-146602852.3231435,-31079584.61767192,-13478478.30052812,6.409461599915298,-27.58630327568243,-12.0317744287512,2026-04-02T19:59:02.814365
2461133.334166666, A.D. 2026-Apr-02 20:01:12.0000,69.185634,-146602467.7415063,-31081239.7893862,-13479200.20386716,6.409948998817192,-27.58618486621219,-12.03171280239141,2026-04-02T20:00:02.814321
2461133.334861111, A.D. 2026-Apr-02 20:02:12.0000,69.185634,-146602083.1306256,-31082894.95399525,-13479922.10350828,6.410436386634833,-27.58606643437694,-12.03165116478696,2026-04-02T20:01:02.814358
2461133.335555556, A.D. 2026-Apr-02 20:03:12.0000,69.185634,-146601698.4905019,-31084550.11149774,-13480643.99945081,6.41092376336537,-27.58594798017837,-12.03158951593886,2026-04-02T20:02:02.814435
2461133.33625, A.D. 2026-Apr-02 20:04:12.0000,69.185634,-146601313.8211361,-31086205.26189232,-13481365.89169408,6.411411129005956,-27.5858295036182,-12.03152785584813,2026-04-02T20:03:02.814391
2461133.336944445, A.D. 2026-Apr-02 20:05:12.0000,69.185634,-146600929.1225279,-31087860.40518093,-13482087.78023885,6.411898483554713,-27.58571100469787,-12.03146618451569,2026-04-02T20:04:02.814428
2461133.337638889, A.D. 2026-Apr-02 20:06:12.0000,69.185634,-146600544.3946796,-31089515.54135567,-13482809.66508158,6.412385827006854,-27.58559248341955,-12.03140450194279,2026-04-02T20:05:02.814384
2461133.338333333, A.D. 2026-Apr-02 20:07:12.0000,69.185634,-146600159.6375903,-31091170.67042175,-13483531.54622445,6.412873159361468,-27.58547393978445,-12.03134280813021,2026-04-02T20:06:02.814340
2461133.339027778, A.D. 2026-Apr-02 20:08:12.0000,69.185634,-146599774.8512615,-31092825.79237456,-13484253.42366537,6.413360480614742,-27.58535537379452,-12.03128110307911,2026-04-02T20:07:02.814377
2461133.339722222, A.D. 2026-Apr-02 20:09:12.0000,69.185634,-146599390.035693,-31094480.90721604,-13484975.29740508,6.413847790764799,-27.58523678545123,-12.03121938679037,2026-04-02T20:08:02.814373
2461133.340416667, A.D. 2026-Apr-02 20:10:12.0000,69.185634,-146599005.190887,-31096136.01493828,-13485697.16744006,6.414335089806852,-27.58511817475672,-12.03115765926527,2026-04-02T20:09:02.814410
2461133.341111111, A.D. 2026-Apr-02 20:11:12.0000,69.185634,-146598620.3168427,-31097791.1155465,-13486419.03377249,6.414822377739998,-27.58499954171224,-12.03109592050459,2026-04-02T20:10:02.814366
2461133.341805555, A.D. 2026-Apr-02 20:12:12.0000,69.185634,-146598235.4135615,-31099446.20903608,-13487140.89640025,6.415309654560419,-27.58488088631971,-12.03103417050947,2026-04-02T20:11:02.814322
2461133.3425, A.D. 2026-Apr-02 20:13:12.0000,69.185634,-146597850.4810441,-31101101.29540568,-13487862.75532269,6.41579692026527,-27.58476220858084,-12.03097240928093,2026-04-02T20:12:02.814359
2461133.343194445, A.D. 2026-Apr-02 20:14:12.0000,69.185634,-146597465.5192904,-31102756.37465725,-13488584.61054056,6.416284174852682,-27.58464350849708,-12.03091063681989,2026-04-02T20:13:02.814436
2461133.343888889, A.D. 2026-Apr-02 20:15:12.0000,69.185634,-146597080.5283026,-31104411.44678286,-13489306.46205032,6.416771418317866,-27.58452478607061,-12.0308488531276,2026-04-02T20:14:02.814392
2461133.344583333, A.D. 2026-Apr-02 20:16:12.0000,69.185634,-146596695.5080797,-31106066.51178776,-13490028.30985416,6.417258650659923,-27.58440604130265,-12.03078705820485,2026-04-02T20:15:02.814348
2461133.345277778, A.D. 2026-Apr-02 20:17:12.0000,69.185634,-146596310.4586233,-31107721.56966732,-13490750.15394997,6.417745871875036,-27.58428727419513,-12.03072525205278,2026-04-02T20:16:02.814385
2461133.345972222, A.D. 2026-Apr-02 20:18:12.0000,69.185634,-146595925.3799341,-31109376.6204202,-13491471.99433709,6.418233081960365,-27.58416848474977,-12.03066343467242,2026-04-02T20:17:02.814341
2461133.346666667, A.D. 2026-Apr-02 20:19:12.0000,69.185634,-146595540.2720118,-31111031.66404833,-13492193.83101626,6.418720280914036,-27.58404967296802,-12.03060160606466,2026-04-02T20:18:02.814418
2461133.347361111, A.D. 2026-Apr-02 20:20:12.0000,69.185634,-146595155.134858,-31112686.7005471,-13492915.66398539,6.419207468732238,-27.58393083885181,-12.03053976623067,2026-04-02T20:19:02.814374
2461133.348055555, A.D. 2026-Apr-02 20:21:12.0000,69.185634,-146594769.9684733,-31114341.72991517,-13493637.4932438,6.419694645412132,-27.58381198240284,-12.03047791517145,2026-04-02T20:20:02.814330
2461133.34875, A.D. 2026-Apr-02 20:22:12.0000,69.185634,-146594384.7728584,-31115996.7521512,-13494359.31879082,6.420181810950877,-27.58369310362282,-12.03041605288805,2026-04-02T20:21:02.814367
2461133.349444444, A.D. 2026-Apr-02 20:23:12.0000,69.185634,-146593999.5480139,-31117651.76725384,-13495081.14062576,6.420668965345634,-27.58357420251346,-12.03035417938147,2026-04-02T20:22:02.814323
2461133.350138889, A.D. 2026-Apr-02 20:24:12.0000,69.185634,-146593614.2939398,-31119306.77522504,-13495802.95874941,6.421156108594526,-27.5834552790762,-12.03029229465263,2026-04-02T20:23:02.814400
2461133.350833334, A.D. 2026-Apr-02 20:25:12.0000,69.185634,-146593229.0106383,-31120961.77605689,-13496524.7731582,6.421643240692782,-27.58333633331324,-12.0302303987028,2026-04-02T20:24:02.814437
2461133.351527778, A.D. 2026-Apr-02 20:26:12.0000,69.185634,-146592843.6981084,-31122616.76975463,-13497246.58385434,6.422130361639499,-27.58321736522579,-12.03016849153275,2026-04-02T20:25:02.814393
2461133.352222222, A.D. 2026-Apr-02 20:27:12.0000,69.185634,-146592458.356351,-31124271.75631691,-13497968.39083715,6.422617471431836,-27.58309837481556,-12.03010657314351,2026-04-02T20:26:02.814349
2461133.352916667, A.D. 2026-Apr-02 20:28:12.0000,69.185634,-146592072.985368,-31125926.73573583,-13498690.1941031,6.423104570065019,-27.5829793620847,-12.03004464353636,2026-04-02T20:27:02.814386
2461133.353611111, A.D. 2026-Apr-02 20:29:12.0000,69.185634,-146591687.5851588,-31127581.70801661,-13499411.99365437,6.423591657538149,-27.58286032703448,-12.02998270271206,2026-04-02T20:28:02.814382
2461133.354305556, A.D. 2026-Apr-02 20:30:12.0000,69.185634,-146591302.1557255,-31129236.67315134,-13500133.78948743,6.424078733846451,-27.58274126966706,-12.02992075067191,2026-04-02T20:29:02.814419
2461133.355, A.D. 2026-Apr-02 20:31:12.0000,69.185634,-146590916.6970665,-31130891.63114855,-13500855.58160591,6.424565798989992,-27.58262218998343,-12.02985878741654,2026-04-02T20:30:02.814375
2461133.355694444, A.D. 2026-Apr-02 20:32:12.0000,69.185634,-146590531.2091846,-31132546.58199704,-13501577.37000483,6.425052852963033,-27.582503087986,-12.02979681294736,2026-04-02T20:31:02.814331
2461133.356388889, A.D. 2026-Apr-02 20:33:12.0000,69.185634,-146590145.69208,-31134201.52569874,-13502299.15468495,6.425539895763705,-27.58238396367625,-12.02973482726528,2026-04-02T20:32:02.814368
2461133.357083333, A.D. 2026-Apr-02 20:34:12.0000,69.185634,-146589760.1457524,-31135856.46225563,-13503020.93564703,6.426026927390139,-27.58226481705563,-12.02967283037118,2026-04-02T20:33:02.814364
2461133.357777778, A.D. 2026-Apr-02 20:35:12.0000,69.185634,-146589374.5702033,-31137511.39166305,-13503742.71288897,6.426513947838532,-27.58214564812609,-12.02961082226624,2026-04-02T20:34:02.814401
2461133.358472222, A.D. 2026-Apr-02 20:36:12.0000,69.185634,-146588988.9654334,-31139166.31391969,-13504464.48641009,6.427000957106054,-27.58202645688934,-12.02954880295146,2026-04-02T20:35:02.814357
2461133.359166667, A.D. 2026-Apr-02 20:37:12.0000,69.185634,-146588603.3314432,-31140821.22902419,-13505186.25620973,6.427487955189865,-27.58190724334708,-12.02948677242789,2026-04-02T20:36:02.814394
2461133.359861111, A.D. 2026-Apr-02 20:38:12.0000,69.185634,-146588217.6682329,-31142476.13697851,-13505908.02228864,6.427974942088102,-27.58178800750076,-12.02942473069641,2026-04-02T20:37:02.814350
2461133.360555556, A.D. 2026-Apr-02 20:39:12.0000,69.185634,-146587831.9758037,-31144131.03777802,-13506629.78464471,6.428461917796965,-27.58166874935235,-12.02936267775819,2026-04-02T20:38:02.814427
2461133.36125, A.D. 2026-Apr-02 20:40:12.0000,69.185634,-146587446.2541563,-31145785.93142139,-13507351.54327728,6.428948882313617,-27.58154946890355,-12.02930061361425,2026-04-02T20:39:02.814383
2461133.361944444, A.D. 2026-Apr-02 20:41:12.0000,69.185634,-146587060.5032915,-31147440.81790728,-13508073.29818567,6.429435835635227,-27.58143016615605,-12.02923853826562,2026-04-02T20:40:02.814339
2461133.362638889, A.D. 2026-Apr-02 20:42:12.0000,69.185634,-146586674.7232098,-31149095.69723434,-13508795.04936921,6.429922777758963,-27.58131084111158,-12.02917645171332,2026-04-02T20:41:02.814376
2461133.363333333, A.D. 2026-Apr-02 20:43:12.0000,69.185634,-146586288.9139112,-31150750.56940453,-13509516.79682866,6.430409708682966,-27.58119149377158,-12.02911435395827,2026-04-02T20:42:02.814332
2461133.364027778, A.D. 2026-Apr-02 20:44:12.0000,69.185634,-146585903.0753972,-31152405.43441324,-13510238.54056191,6.430896628403429,-27.58107212413803,-12.0290522450016,2026-04-02T20:43:02.814409
2461133.364722222, A.D. 2026-Apr-02 20:45:12.0000,69.185634,-146585517.2076684,-31154060.2922591,-13510960.2805683,6.431383536917524,-27.58095273221259,-12.02899012484436,2026-04-02T20:44:02.814365
2461133.365416666, A.D. 2026-Apr-02 20:46:12.0000,69.185634,-146585131.3107254,-31155715.14294079,-13511682.01684715,6.431870434222423,-27.58083331799702,-12.02892799348757,2026-04-02T20:45:02.814321
2461133.366111111, A.D. 2026-Apr-02 20:47:12.0000,69.185634,-146584745.3845682,-31157369.98646026,-13512403.74939923,6.432357320316261,-27.58071388149275,-12.02886585093212,2026-04-02T20:46:02.814358
2461133.366805556, A.D. 2026-Apr-02 20:48:12.0000,69.185634,-146584359.4291991,-31159024.8228096,-13513125.47822098,6.432844195194274,-27.58059442270199,-12.02880369717931,2026-04-02T20:47:02.814435
2461133.3675, A.D. 2026-Apr-02 20:49:12.0000,69.185634,-146583973.444617,-31160679.65199404,-13513847.20331462,6.43333105885557,-27.58047494162595,-12.02874153222991,2026-04-02T20:48:02.814391
2461133.368194445, A.D. 2026-Apr-02 20:50:12.0000,69.185634,-146583587.4308235,-31162334.47400895,-13514568.92467803,6.433817911296351,-27.58035543826659,-12.02867935608507,2026-04-02T20:49:02.814428
2461133.368888889, A.D. 2026-Apr-02 20:51:12.0000,69.185634,-146583201.3878185,-31163989.2888563,-13515290.64231197,6.434304752514755,-27.58023591262538,-12.0286171687457,2026-04-02T20:50:02.814384
2461133.369583333, A.D. 2026-Apr-02 20:52:12.0000,69.185634,-146582815.3156042,-31165644.09652817,-13516012.35621292,6.43479158250602,-27.58011636470449,-12.02855497021308,2026-04-02T20:51:02.814340
2461133.370277778, A.D. 2026-Apr-02 20:53:12.0000,69.185634,-146582429.2141797,-31167298.89702979,-13516734.06638305,6.435278401269255,-27.57999679450517,-12.02849276048798,2026-04-02T20:52:02.814377
2461133.370972222, A.D. 2026-Apr-02 20:54:12.0000,69.185634,-146582043.0835464,-31168953.69035655,-13517455.77282027,6.435765208800665,-27.57987720202937,-12.02843053957156,2026-04-02T20:53:02.814373
2461133.371666667, A.D. 2026-Apr-02 20:55:12.0000,69.185634,-146581656.9237051,-31170608.4765071,-13518177.47552391,6.436252005097422,-27.57975758727879,-12.02836830746485,2026-04-02T20:54:02.814410
2461133.372361111, A.D. 2026-Apr-02 20:56:12.0000,69.185634,-146581270.7346564,-31172263.25548012,-13518899.17449329,6.436738790156701,-27.57963795025514,-12.02830606416888,2026-04-02T20:55:02.814366
2461133.373055555, A.D. 2026-Apr-02 20:57:12.0000,69.185634,-146580884.5164002,-31173918.02727754,-13519620.86972918,6.437225563976642,-27.5795182909599,-12.02824380968455,2026-04-02T20:56:02.814322
2461133.37375, A.D. 2026-Apr-02 20:58:12.0000,69.185634,-146580498.268938,-31175572.79189475,-13520342.56122947,6.437712326553458,-27.57939860939502,-12.02818154401302,2026-04-02T20:57:02.814359
2461133.374444445, A.D. 2026-Apr-02 20:59:12.0000,69.185634,-146580111.9922704,-31177227.54933041,-13521064.24899349,6.438199077884319,-27.5792789055622,-12.02811926715532,2026-04-02T20:58:02.814436
2461133.375138889, A.D. 2026-Apr-02 21:00:12.0000,69.185634,-146579725.6863981,-31178882.29958318,-13521785.93302057,6.438685817966401,-27.57915917946314,-12.02805697911249,2026-04-02T20:59:02.814392
2461133.375833333, A.D. 2026-Apr-02 21:01:12.0000,69.185634,-146579339.3513211,-31180537.04265502,-13522507.61331148,6.439172546797848,-27.57903943109935,-12.02799467988541,2026-04-02T21:00:02.814348
2461133.376527778, A.D. 2026-Apr-02 21:02:12.0000,69.185634,-146578952.9870415,-31182191.77853802,-13523229.28986266,6.439659264373902,-27.578919660473,-12.02793236947538,2026-04-02T21:01:02.814385
2461133.377222222, A.D. 2026-Apr-02 21:03:12.0000,69.185634,-146578566.5935584,-31183846.50723741,-13523950.96267633,6.440145970693676,-27.57879986758531,-12.02787004788318,2026-04-02T21:02:02.814341
2461133.377916667, A.D. 2026-Apr-02 21:04:12.0000,69.185634,-146578180.1708733,-31185501.22874857,-13524672.63175038,6.440632665753379,-27.57868005243825,-12.02780771510995,2026-04-02T21:03:02.814418
2461133.378611111, A.D. 2026-Apr-02 21:05:12.0000,69.185634,-146577793.7189862,-31187155.94307346,-13525394.29708556,6.441119349551153,-27.57856021503329,-12.02774537115661,2026-04-02T21:04:02.814374
2461133.379305555, A.D. 2026-Apr-02 21:06:12.0000,69.185634,-146577407.2378992,-31188810.65020416,-13526115.95867834,6.441606022082246,-27.57844035537262,-12.02768301602445,2026-04-02T21:05:02.814330
2461133.38, A.D. 2026-Apr-02 21:07:12.0000,69.185634,-146577020.7276114,-31190465.35014591,-13526837.61653092,6.442092683345769,-27.57832047345747,-12.02762064971422,2026-04-02T21:06:02.814367
2461133.380694444, A.D. 2026-Apr-02 21:08:12.0000,69.185634,-146576634.1881244,-31192120.04289409,-13527559.27064119,6.442579333337934,-27.5782005692898,-12.02755827222711,2026-04-02T21:07:02.814323
2461133.381388889, A.D. 2026-Apr-02 21:09:12.0000,69.185634,-146576247.6194387,-31193774.72844737,-13528280.92100848,6.443065972055921,-27.57808064287132,-12.02749588356413,2026-04-02T21:08:02.814400
2461133.382083334, A.D. 2026-Apr-02 21:10:12.0000,69.185634,-146575861.0215552,-31195429.40680441,-13529002.56763213,6.443552599496911,-27.57796069420374,-12.02743348372633,2026-04-02T21:09:02.814437
2461133.382777778, A.D. 2026-Apr-02 21:11:12.0000,69.185634,-146575474.3944736,-31197084.07796716,-13529724.21051289,6.444039215659051,-27.57784072328855,-12.02737107271459,2026-04-02T21:10:02.814393
2461133.383472222, A.D. 2026-Apr-02 21:12:12.0000,69.185634,-146575087.7381954,-31198738.741931,-13530445.84964866,6.44452582053855,-27.57772073012769,-12.02730865053009,2026-04-02T21:11:02.814349
2461133.384166667, A.D. 2026-Apr-02 21:13:12.0000,69.185634,-146574701.0527213,-31200393.39869459,-13531167.48503877,6.445012414132596,-27.57760071472288,-12.02724621717385,2026-04-02T21:12:02.814386
2461133.384861111, A.D. 2026-Apr-02 21:14:12.0000,69.185634,-146574314.338052,-31202048.04825661,-13531889.11668255,6.445498996438366,-27.57748067707583,-12.02718377264691,2026-04-02T21:13:02.814382
2461133.385555556, A.D. 2026-Apr-02 21:15:12.0000,69.185634,-146573927.5941881,-31203702.69061571,-13532610.74457933,6.445985567453046,-27.57736061718825,-12.02712131695029,2026-04-02T21:14:02.814419
2461133.38625, A.D. 2026-Apr-02 21:16:12.0000,69.185634,-146573540.8211296,-31205357.32577385,-13533332.36872987,6.446472127174782,-27.57724053506164,-12.02705885008491,2026-04-02T21:15:02.814375
2461133.386944444, A.D. 2026-Apr-02 21:17:12.0000,69.185634,-146573154.0188779,-31207011.95372641,-13534053.98913207,6.44695867559979,-27.57712043069793,-12.02699637205193,2026-04-02T21:16:02.814331
2461133.387638889, A.D. 2026-Apr-02 21:18:12.0000,69.185634,-146572767.1874337,-31208666.57447205,-13534775.60578527,6.447445212725256,-27.57700030409886,-12.02693388285237,2026-04-02T21:17:02.814368
2461133.388333333, A.D. 2026-Apr-02 21:19:12.0000,69.185634,-146572380.3267977,-31210321.18800945,-13535497.21868878,6.447931738548363,-27.57688015526613,-12.02687138248726,2026-04-02T21:18:02.814364
2461133.389027778, A.D. 2026-Apr-02 21:20:12.0000,69.185634,-146571993.4369697,-31211975.79434054,-13536218.82784337,6.448418253067262,-27.57675998420122,-12.02680887095753,2026-04-02T21:19:02.814401
2461133.389722222, A.D. 2026-Apr-02 21:21:12.0000,69.185634,-146571606.5179512,-31213630.39346072,-13536940.43324695,6.448904756278166,-27.5766397909061,-12.02674634826432,2026-04-02T21:20:02.814357
2461133.390416667, A.D. 2026-Apr-02 21:22:12.0000,69.185634,-146571219.569743,-31215284.98536865,-13537662.03489884,6.449391248178267,-27.57651957538246,-12.02668381440866,2026-04-02T21:21:02.814394
2461133.391111111, A.D. 2026-Apr-02 21:23:12.0000,69.185634,-146570832.5923456,-31216939.57006299,-13538383.63279836,6.449877728764747,-27.57639933763204,-12.0266212693916,2026-04-02T21:22:02.814350
2461133.391805556, A.D. 2026-Apr-02 21:24:12.0000,69.185634,-146570445.5857598,-31218594.14754241,-13539105.22694486,6.450364198034796,-27.57627907765654,-12.02655871321415,2026-04-02T21:23:02.814427
2461133.3925, A.D. 2026-Apr-02 21:25:12.0000,69.185634,-146570058.5499854,-31220248.71780887,-13539826.81733909,6.450850655986561,-27.57615879545746,-12.02649614587724,2026-04-02T21:24:02.814383
2461133.393194444, A.D. 2026-Apr-02 21:26:12.0000,69.185634,-146569671.4850239,-31221903.28085773,-13540548.40397895,6.451337102616264,-27.57603849103675,-12.02643356738203,2026-04-02T21:25:02.814339
2461133.393888889, A.D. 2026-Apr-02 21:27:12.0000,69.185634,-146569284.3908761,-31223557.83668768,-13541269.98686378,6.451823537921096,-27.57591816439613,-12.02637097772954,2026-04-02T21:26:02.814376
2461133.394583333, A.D. 2026-Apr-02 21:28:12.0000,69.185634,-146568897.2675425,-31225212.38529738,-13541991.56599289,6.452309961898239,-27.57579781553731,-12.0263083769208,2026-04-02T21:27:02.814332
2461133.395277778, A.D. 2026-Apr-02 21:29:12.0000,69.185634,-146568510.1150239,-31226866.92668549,-13542713.14136563,6.452796374544885,-27.57567744446201,-12.02624576495686,2026-04-02T21:28:02.814409
2461133.395972222, A.D. 2026-Apr-02 21:30:12.0000,69.185634,-146568122.9333201,-31228521.46085397,-13543434.71298276,6.453282775859187,-27.57555705117173,-12.02618314183862,2026-04-02T21:29:02.814365
2461133.396666666, A.D. 2026-Apr-02 21:31:12.0000,69.185634,-146567735.7224326,-31230175.9877982,-13544156.28084218,6.453769165837372,-27.5754366356684,-12.02612050756724,2026-04-02T21:30:02.814321
2461133.397361111, A.D. 2026-Apr-02 21:32:12.0000,69.185634,-146567348.4823622,-31231830.50751684,-13544877.84494321,6.454255544476622,-27.57531619795376,-12.02605786214376,2026-04-02T21:31:02.814358
2461133.398055556, A.D. 2026-Apr-02 21:33:12.0000,69.185634,-146566961.2131093,-31233485.02000858,-13545599.40528518,6.454741911774132,-27.57519573802953,-12.02599520556921,2026-04-02T21:32:02.814435
2461133.39875, A.D. 2026-Apr-02 21:34:12.0000,69.185634,-146566573.9146742,-31235139.52527534,-13546320.96186887,6.455228267728057,-27.57507525589719,-12.0259325378445,2026-04-02T21:33:02.814391
2461133.399444445, A.D. 2026-Apr-02 21:35:12.0000,69.185634,-146566186.5870588,-31236794.02330924,-13547042.51469073,6.455714612333655,-27.57495475155893,-12.02586985897092,2026-04-02T21:34:02.814428
2461133.400138889, A.D. 2026-Apr-02 21:36:12.0000,69.185634,-146565799.2302623,-31238448.51411551,-13547764.06375297,6.456200945590051,-27.574834225016,-12.02580716894924,2026-04-02T21:35:02.814384
2461133.400833333, A.D. 2026-Apr-02 21:37:12.0000,69.185634,-146565411.8442862,-31240102.99768954,-13548485.60905347,6.456687267493469,-27.57471367627037,-12.02574446778064,2026-04-02T21:36:02.814340
2461133.401527778, A.D. 2026-Apr-02 21:38:12.0000,69.185634,-146565024.4291305,-31241757.47403327,-13549207.15059301,6.457173578042065,-27.5745931053235,-12.02568175546601,2026-04-02T21:37:02.814377
2461133.402222222, A.D. 2026-Apr-02 21:39:12.0000,69.185634,-146564636.9847972,-31243411.94313881,-13549928.68836805,6.457659877231102,-27.57447251217761,-12.02561903200665,2026-04-02T21:38:02.814373
2461133.402916667, A.D. 2026-Apr-02 21:40:12.0000,69.185634,-146564249.5112856,-31245066.40501139,-13550650.22238079,6.458146165059708,-27.57435189683394,-12.02555629740335,2026-04-02T21:39:02.814410
2461133.403611111, A.D. 2026-Apr-02 21:41:12.0000,69.185634,-146563862.0085972,-31246720.8596464,-13551371.75262913,6.458632441524104,-27.57423125929444,-12.02549355165725,2026-04-02T21:40:02.814366
2461133.404305555, A.D. 2026-Apr-02 21:42:12.0000,69.185634,-146563474.4767326,-31248375.3070425,-13552093.27911239,6.459118706621486,-27.57411059956086,-12.02543079476941,2026-04-02T21:41:02.814322
2461133.405, A.D. 2026-Apr-02 21:43:12.0000,69.185634,-146563086.9156916,-31250029.74720165,-13552814.80183135,6.459604960350015,-27.57398991763466,-12.02536802674072,2026-04-02T21:42:02.814359
2461133.405694445, A.D. 2026-Apr-02 21:44:12.0000,69.185634,-146562699.3254766,-31251684.18011595,-13553536.32078246,6.460091202704954,-27.57386921351804,-12.02530524757247,2026-04-02T21:43:02.814436
2461133.406388889, A.D. 2026-Apr-02 21:45:12.0000,69.185634,-146562311.7060868,-31253338.60579063,-13554257.83596793,6.460577433685427,-27.57374848721226,-12.02524245726547,2026-04-02T21:44:02.814392
2461133.407083333, A.D. 2026-Apr-02 21:46:12.0000,69.185634,-146561924.0575234,-31254993.02422108,-13554979.34738565,6.461063653287666,-27.57362773871928,-12.02517965582085,2026-04-02T21:45:02.814348
2461133.407777778, A.D. 2026-Apr-02 21:47:12.0000,69.185634,-146561536.3797865,-31256647.43540926,-13555700.85503639,6.461549861509832,-27.57350696804058,-12.02511684323953,2026-04-02T21:46:02.814385
2461133.408472222, A.D. 2026-Apr-02 21:48:12.0000,69.185634,-146561148.6728782,-31258301.83934725,-13556422.35891662,6.462036058347189,-27.57338617517837,-12.02505401952281,2026-04-02T21:47:02.814341
2461133.409166667, A.D. 2026-Apr-02 21:49:12.0000,69.185634,-146560760.9367977,-31259956.23604031,-13557143.85902853,6.462522243798868,-27.57326536013389,-12.02499118467146,2026-04-02T21:48:02.814418
2461133.409861111, A.D. 2026-Apr-02 21:50:12.0000,69.185634,-146560373.1715466,-31261610.62548381,-13557865.35537001,6.463008417861097,-27.5731445229091,-12.02492833868665,2026-04-02T21:49:02.814374
2461133.410555555, A.D. 2026-Apr-02 21:51:12.0000,69.185634,-146559985.3771254,-31263265.00767642,-13558586.84794042,6.463494580531075,-27.57302366350574,-12.02486548156942,2026-04-02T21:50:02.814330
2461133.41125, A.D. 2026-Apr-02 21:52:12.0000,69.185634,-146559597.5535347,-31264919.38261683,-13559308.33673907,6.463980731805999,-27.57290278192553,-12.02480261332081,2026-04-02T21:51:02.814367
2461133.411944444, A.D. 2026-Apr-02 21:53:12.0000,69.185634,-146559209.7007747,-31266573.75030696,-13560029.82176673,6.464466871684035,-27.57278187816995,-12.02473973394171,2026-04-02T21:52:02.814323
2461133.412638889, A.D. 2026-Apr-02 21:54:12.0000,69.185634,-146558821.8188466,-31268228.11074223,-13560751.3030213,6.464953000161416,-27.57266095224097,-12.02467684343331,2026-04-02T21:53:02.814400
2461133.413333334, A.D. 2026-Apr-02 21:55:12.0000,69.185634,-146558433.907752,-31269882.46391799,-13561472.78050067,6.465439117234372,-27.57254000414057,-12.02461394179676,2026-04-02T21:54:02.814437
2461133.414027778, A.D. 2026-Apr-02 21:56:12.0000,69.185634,-146558045.9674893,-31271536.80984279,-13562194.25420849,6.465925222903006,-27.57241903386973,-12.02455102903272,2026-04-02T21:55:02.814393
2461133.414722222, A.D. 2026-Apr-02 21:57:12.0000,69.185634,-146557657.9980613,-31273191.14850543,-13562915.72413979,6.466411317161614,-27.57229804143091,-12.0244881051426,2026-04-02T21:56:02.814349
2461133.415416667, A.D. 2026-Apr-02 21:58:12.0000,69.185634,-146557269.9994673,-31274845.47991116,-13563637.19029675,6.466897400009335,-27.57217702682538,-12.0244251701272,2026-04-02T21:57:02.814386
2461133.416111111, A.D. 2026-Apr-02 21:59:12.0000,69.185634,-146556881.9717087,-31276499.80405537,-13564358.65267729,6.467383471442398,-27.57205599005507,-12.02436222398768,2026-04-02T21:58:02.814382
2461133.416805556, A.D. 2026-Apr-02 22:00:12.0000,69.185634,-146556493.9147863,-31278154.12093671,-13565080.11128073,6.467869531458009,-27.57193493112172,-12.02429926672507,2026-04-02T21:59:02.814419
2461133.4175, A.D. 2026-Apr-02 22:01:12.0000,69.185634,-146556105.8287006,-31279808.43055386,-13565801.56610641,6.468355580053367,-27.57181385002707,-12.02423629834042,2026-04-02T22:00:02.814375
2461133.418194444, A.D. 2026-Apr-02 22:02:12.0000,69.185634,-146555717.7134525,-31281462.7329055,-13566523.01715366,6.468841617225676,-27.57169274677285,-12.02417331883475,2026-04-02T22:01:02.814331
2461133.418888889, A.D. 2026-Apr-02 22:03:12.0000,69.185634,-146555329.5690416,-31283117.02799358,-13567244.46442325,6.469327642973104,-27.57157162136053,-12.024110328209,2026-04-02T22:02:02.814368
2461133.419583333, A.D. 2026-Apr-02 22:04:12.0000,69.185634,-146554941.3954697,-31284771.31581349,-13567965.90791307,6.469813657291887,-27.57145047379209,-12.02404732646431,2026-04-02T22:03:02.814364
2461133.420277778, A.D. 2026-Apr-02 22:05:12.0000,69.185634,-146554553.1927373,-31286425.59636388,-13568687.34762246,6.47029966017923,-27.57132930406926,-12.02398431360173,2026-04-02T22:04:02.814401
2461133.420972222, A.D. 2026-Apr-02 22:06:12.0000,69.185634,-146554164.9608451,-31288079.86964343,-13569408.78355075,6.470785651632339,-27.57120811219377,-12.0239212896223,2026-04-02T22:05:02.814357
2461133.421666667, A.D. 2026-Apr-02 22:07:12.0000,69.185634,-146553776.699793,-31289734.13565411,-13570130.2156987,6.471271631649379,-27.5710868981671,-12.02385825452692,2026-04-02T22:06:02.814394
2461133.422361111, A.D. 2026-Apr-02 22:08:12.0000,69.185634,-146553388.4095826,-31291388.3943913,-13570851.64406423,6.471757600226592,-27.57096566199124,-12.02379520831678,2026-04-02T22:07:02.814350
2461133.423055556, A.D. 2026-Apr-02 22:09:12.0000,69.185634,-146553000.0902144,-31293042.64585367,-13571573.06864665,6.472243557361186,-27.5708444036679,-12.0237321509929,2026-04-02T22:08:02.814427
2461133.42375, A.D. 2026-Apr-02 22:10:12.0000,69.185634,-146552611.7416891,-31294696.89003988,-13572294.48944531,6.472729503050363,-27.57072312319883,-12.02366908255632,2026-04-02T22:09:02.814383
2461133.424444444, A.D. 2026-Apr-02 22:11:12.0000,69.185634,-146552223.3640076,-31296351.12694862,-13573015.90645954,6.473215437291332,-27.57060182058575,-12.02360600300809,2026-04-02T22:10:02.814339
2461133.425138889, A.D. 2026-Apr-02 22:12:12.0000,69.185634,-146551834.9571696,-31298005.35658183,-13573737.3196901,6.473701360082262,-27.57048049583014,-12.02354291234911,2026-04-02T22:11:02.814376
2461133.425833333, A.D. 2026-Apr-02 22:13:12.0000,69.185634,-146551446.5211766,-31299659.5789349,-13574458.72913489,6.474187271419396,-27.57035914893398,-12.02347981058056,2026-04-02T22:12:02.814332
2461133.426527778, A.D. 2026-Apr-02 22:14:12.0000,69.185634,-146551058.0560293,-31301313.79400651,-13575180.13479325,6.474673171299941,-27.57023777989903,-12.02341669770348,2026-04-02T22:13:02.814409
2461133.427222222, A.D. 2026-Apr-02 22:15:12.0000,69.185634,-146550669.5617284,-31302968.00179533,-13575901.53666451,6.475159059721107,-27.57011638872698,-12.02335357371889,2026-04-02T22:14:02.814365
2461133.427916666, A.D. 2026-Apr-02 22:16:12.0000,69.185634,-146550281.0382747,-31304622.20230002,-13576622.93474801,6.4756449366801,-27.56999497541959,-12.02329043862786,2026-04-02T22:15:02.814321
2461133.428611111, A.D. 2026-Apr-02 22:17:12.0000,69.185634,-146549892.4856679,-31306276.39552255,-13577344.3290445,6.476130802175095,-27.56987353997833,-12.02322729243127,2026-04-02T22:16:02.814358
2461133.429305556, A.D. 2026-Apr-02 22:18:12.0000,69.185634,-146549503.9039096,-31307930.5814583,-13578065.7195519,6.476616656202336,-27.5697520824052,-12.02316413513032,2026-04-02T22:17:02.814435
2461133.43, A.D. 2026-Apr-02 22:19:12.0000,69.185634,-146549115.2930004,-31309584.76010595,-13578787.10626954,6.477102498759033,-27.56963060270191,-12.02310096672603,2026-04-02T22:18:02.814391
2461133.430694445, A.D. 2026-Apr-02 22:20:12.0000,69.185634,-146548726.6529412,-31311238.93146416,-13579508.48919674,6.477588329842392,-27.5695091008702,-12.02303778721945,2026-04-02T22:19:02.814428
2461133.431388889, A.D. 2026-Apr-02 22:21:12.0000,69.185634,-146548337.9837316,-31312893.0955349,-13580229.86833428,6.478074149450594,-27.56938757691158,-12.02297459661149,2026-04-02T22:20:02.814384
2461133.432083333, A.D. 2026-Apr-02 22:22:12.0000,69.185634,-146547949.2853732,-31314547.25231354,-13580951.24368005,6.478559957579885,-27.569266030828,-12.02291139490332,2026-04-02T22:21:02.814340
2461133.432777778, A.D. 2026-Apr-02 22:23:12.0000,69.185634,-146547560.5578676,-31316201.40179549,-13581672.61523196,6.479045754226505,-27.56914446262144,-12.0228481820961,2026-04-02T22:22:02.814377
2461133.433472222, A.D. 2026-Apr-02 22:24:12.0000,69.185634,-146547171.801213,-31317855.54398927,-13582393.98299365,6.479531539390567,-27.56902287229293,-12.02278495819051,2026-04-02T22:23:02.814373
2461133.434166667, A.D. 2026-Apr-02 22:25:12.0000,69.185634,-146546783.0154124,-31319509.67888369,-13583115.34696014,6.480017313066386,-27.56890125984491,-12.02272172318795,2026-04-02T22:24:02.814410
2461133.434861111, A.D. 2026-Apr-02 22:26:12.0000,69.185634,-146546394.2004651,-31321163.80648399,-13583836.70713364,6.480503075253105,-27.56877962527864,-12.02265847708922,2026-04-02T22:25:02.814366
2461133.435555555, A.D. 2026-Apr-02 22:27:12.0000,69.185634,-146546005.3563732,-31322817.92678229,-13584558.06351061,6.480988825946007,-27.56865796859633,-12.02259521989561,2026-04-02T22:26:02.814322
2461133.43625, A.D. 2026-Apr-02 22:28:12.0000,69.185634,-146545616.4831358,-31324472.03978382,-13585279.41609326,6.481474565144236,-27.56853628979925,-12.02253195160792,2026-04-02T22:27:02.814359
2461133.436944445, A.D. 2026-Apr-02 22:29:12.0000,69.185634,-146545227.5807538,-31326126.14548726,-13586000.76488092,6.481960292845002,-27.56841458888912,-12.02246867222718,2026-04-02T22:28:02.814436
2461133.437638889, A.D. 2026-Apr-02 22:30:12.0000,69.185634,-146544838.6492292,-31327780.2438847,-13586722.10987005,6.482446009043596,-27.56829286586816,-12.02240538175469,2026-04-02T22:29:02.814392
2461133.438333333, A.D. 2026-Apr-02 22:31:12.0000,69.185634,-146544449.6885613,-31329434.3349814,-13587443.45106287,6.482931713739156,-27.56817112073763,-12.02234208019123,2026-04-02T22:30:02.814348
2461133.439027778, A.D. 2026-Apr-02 22:32:12.0000,69.185634,-146544060.6987515,-31331088.41877274,-13588164.78845726,6.483417406927938,-27.56804935349952,-12.02227876753799,2026-04-02T22:31:02.814385
2461133.439722222, A.D. 2026-Apr-02 22:33:12.0000,69.185634,-146543671.6798005,-31332742.4952574,-13588886.12205257,6.483903088607156,-27.56792756415554,-12.02221544379598,2026-04-02T22:32:02.814341
2461133.440416667, A.D. 2026-Apr-02 22:34:12.0000,69.185634,-146543282.631709,-31334396.56443405,-13589607.45184813,6.484388758774021,-27.56780575270744,-12.02215210896628,2026-04-02T22:33:02.814418
2461133.441111111, A.D. 2026-Apr-02 22:35:12.0000,69.185634,-146542893.5544777,-31336050.62630135,-13590328.77784327,6.484874417425758,-27.56768391915696,-12.02208876304991,2026-04-02T22:34:02.814374
2461133.441805555, A.D. 2026-Apr-02 22:36:12.0000,69.185634,-146542504.4481065,-31337704.68086129,-13591050.10003876,6.485360064560544,-27.56756206350559,-12.02202540604779,2026-04-02T22:35:02.814330
2461133.4425, A.D. 2026-Apr-02 22:37:12.0000,69.185634,-146542115.3125968,-31339358.72810923,-13591771.41843251,6.485845700174631,-27.56744018575533,-12.02196203796109,2026-04-02T22:36:02.814367
2461133.443194444, A.D. 2026-Apr-02 22:38:12.0000,69.185634,-146541726.1479495,-31341012.76804385,-13592492.73302384,6.486331324265239,-27.56731828590788,-12.02189865879085,2026-04-02T22:37:02.814323
2461133.443888889, A.D. 2026-Apr-02 22:39:12.0000,69.185634,-146541336.9541643,-31342666.80066712,-13593214.04381353,6.48681693683055,-27.56719636396478,-12.021835268538,2026-04-02T22:38:02.814400
2461133.444583334, A.D. 2026-Apr-02 22:40:12.0000,69.185634,-146540947.7312435,-31344320.82597114,-13593935.35079805,6.487302537865851,-27.56707441992823,-12.02177186720382,2026-04-02T22:39:02.814437
2461133.445277778, A.D. 2026-Apr-02 22:41:12.0000,69.185634,-146540558.4791862,-31345974.84396115,-13594656.6539796,6.487788127370295,-27.56695245379948,-12.02170845478911,2026-04-02T22:40:02.814393
2461133.445972222, A.D. 2026-Apr-02 22:42:12.0000,69.185634,-146540169.197994,-31347628.85463255,-13595377.95335607,6.488273705340133,-27.56683046558052,-12.02164503129504,2026-04-02T22:41:02.814349
2461133.446666667, A.D. 2026-Apr-02 22:43:12.0000,69.185634,-146539779.8876675,-31349282.857984,-13596099.24892681,6.488759271772587,-27.56670845527308,-12.02158159672265,2026-04-02T22:42:02.814386
2461133.447361111, A.D. 2026-Apr-02 22:44:12.0000,69.185634,-146539390.5482075,-31350936.85401418,-13596820.54069115,6.489244826664875,-27.56658642287893,-12.02151815107298,2026-04-02T22:43:02.814382
2461133.448055556, A.D. 2026-Apr-02 22:45:12.0000,69.185634,-146539001.1796137,-31352590.84272505,-13597541.82864986,6.489730370015187,-27.56646436839953,-12.02145469434696,2026-04-02T22:44:02.814419
2461133.44875, A.D. 2026-Apr-02 22:46:12.0000,69.185634,-146538611.7818877,-31354244.824112,-13598263.11280084,6.490215901819777,-27.56634229183689,-12.02139122654575,2026-04-02T22:45:02.814375
2461133.449444444, A.D. 2026-Apr-02 22:47:12.0000,69.185634,-146538222.3550303,-31355898.79817371,-13598984.39314342,6.490701422075865,-27.56622019319274,-12.0213277476704,2026-04-02T22:46:02.814331
2461133.450138889, A.D. 2026-Apr-02 22:48:12.0000,69.185634,-146537832.899042,-31357552.76490886,-13599705.66967695,6.491186930780676,-27.56609807246882,-12.02126425772195,2026-04-02T22:47:02.814368
2461133.450833333, A.D. 2026-Apr-02 22:49:12.0000,69.185634,-146537443.4139228,-31359206.72431939,-13600426.94240219,6.491672427932395,-27.56597592966663,-12.02120075670133,2026-04-02T22:48:02.814364
2461133.451527778, A.D. 2026-Apr-02 22:50:12.0000,69.185634,-146537053.899675,-31360860.67639743,-13601148.2113156,6.492157913526316,-27.5658537647884,-12.02113724460982,2026-04-02T22:49:02.814401
2461133.452222222, A.D. 2026-Apr-02 22:51:12.0000,69.185634,-146536664.3562976,-31362514.6211482,-13601869.4764194,6.492643387561593,-27.56573157783539,-12.02107372144822,2026-04-02T22:50:02.814357
2461133.452916667, A.D. 2026-Apr-02 22:52:12.0000,69.185634,-146536274.7837922,-31364168.55856711,-13602590.73771149,6.493128850034483,-27.56560936880957,-12.0210101872177,2026-04-02T22:51:02.814394
2461133.453611111, A.D. 2026-Apr-02 22:53:12.0000,69.185634,-146535885.1821586,-31365822.48865611,-13603311.99519262,6.493614300943179,-27.56548713771245,-12.02094664191919,2026-04-02T22:52:02.814350
2461133.454305556, A.D. 2026-Apr-02 22:54:12.0000,69.185634,-146535495.5513992,-31367476.41140731,-13604033.24885928,6.494099740282972,-27.56536488454626,-12.02088308555397,2026-04-02T22:53:02.814427
2461133.455, A.D. 2026-Apr-02 22:55:12.0000,69.185634,-146535105.8915131,-31369130.32682596,-13604754.49871367,6.494585168053018,-27.56524260931226,-12.02081951812284,2026-04-02T22:54:02.814383
2461133.455694444, A.D. 2026-Apr-02 22:56:12.0000,69.185634,-146534716.2025017,-31370784.23490744,-13605475.74475368,6.495070584249579,-27.56512031201243,-12.02075593962698,2026-04-02T22:55:02.814339
2461133.456388889, A.D. 2026-Apr-02 22:57:12.0000,69.185634,-146534326.4843657,-31372438.13565044,-13606196.98697866,6.49555598886988,-27.56499799264851,-12.02069235006743,2026-04-02T22:56:02.814376
2461133.457083333, A.D. 2026-Apr-02 22:58:12.0000,69.185634,-146533936.737105,-31374092.02905691,-13606918.22538938,6.496041381912111,-27.56487565122201,-12.0206287494451,2026-04-02T22:57:02.814332
2461133.457777778, A.D. 2026-Apr-02 22:59:12.0000,69.185634,-146533546.960722,-31375745.91511897,-13607639.45998229,6.496526763371572,-27.56475328773515,-12.0205651377613,2026-04-02T22:58:02.814409
2461133.458472222, A.D. 2026-Apr-02 23:00:12.0000,69.185634,-146533157.1552156,-31377399.79384184,-13608360.69075962,6.497012133247416,-27.5646309021892,-12.02050151501682,2026-04-02T22:59:02.814365
2461133.459166666, A.D. 2026-Apr-02 23:01:12.0000,69.185634,-146532767.3205875,-31379053.66522094,-13609081.91771925,6.49749749153591,-27.56450849458614,-12.02043788121283,2026-04-02T23:00:02.814321
2461133.459861111, A.D. 2026-Apr-02 23:02:12.0000,69.185634,-146532377.4568383,-31380707.52925493,-13609803.14086053,6.497982838234283,-27.56438606492772,-12.02037423635038,2026-04-02T23:01:02.814358
2461133.460555556, A.D. 2026-Apr-02 23:03:12.0000,69.185634,-146531987.5639679,-31382361.38594577,-13610524.36018423,6.498468173340722,-27.56426361321543,-12.02031058043039,2026-04-02T23:02:02.814435
2461133.46125, A.D. 2026-Apr-02 23:04:12.0000,69.185634,-146531597.6419785,-31384015.23528558,-13611245.57568681,6.498953496850532,-27.56414113945152,-12.02024691345416,2026-04-02T23:03:02.814391
2461133.461944445, A.D. 2026-Apr-02 23:05:12.0000,69.185634,-146531207.6908694,-31385669.0772796,-13611966.78737049,6.499438808762871,-27.56401864363724,-12.02018323542248,2026-04-02T23:04:02.814428
2461133.462638889, A.D. 2026-Apr-02 23:06:12.0000,69.185634,-146530817.710642,-31387322.91192323,-13612687.99523315,6.499924109074003,-27.56389612577457,-12.02011954633652,2026-04-02T23:05:02.814384
2461133.463333333, A.D. 2026-Apr-02 23:07:12.0000,69.185634,-146530427.7012961,-31388976.73921841,-13613409.19927558,6.500409397782121,-27.56377358586504,-12.02005584619721,2026-04-02T23:06:02.814340
2461133.464027778, A.D. 2026-Apr-02 23:08:12.0000,69.185634,-146530037.6628341,-31390630.55915727,-13614130.39949424,6.500894674882533,-27.56365102391085,-12.01999213500584,2026-04-02T23:07:02.814377
2461133.464722222, A.D. 2026-Apr-02 23:09:12.0000,69.185634,-146529647.5952552,-31392284.37174505,-13614851.59589134,6.501379940374392,-27.56352843991328,-12.01992841276322,2026-04-02T23:08:02.814373
2461133.465416667, A.D. 2026-Apr-02 23:10:12.0000,69.185634,-146529257.4985606,-31393938.17697714,-13615572.78846478,6.501865194253969,-27.56340583387432,-12.01986467947051,2026-04-02T23:09:02.814410
2461133.466111111, A.D. 2026-Apr-02 23:11:12.0000,69.185634,-146528867.3727513,-31395591.97485222,-13616293.97721389,6.502350436518496,-27.5632832057957,-12.01980093512876,2026-04-02T23:10:02.814366
2461133.466805555, A.D. 2026-Apr-02 23:12:12.0000,69.185634,-146528477.2178278,-31397245.76536896,-13617015.16213802,6.502835667165205,-27.5631605556792,-12.01973717973901,2026-04-02T23:11:02.814322
2461133.4675, A.D. 2026-Apr-02 23:13:12.0000,69.185634,-146528087.03379,-31398899.54852934,-13617736.34323794,6.503320886192292,-27.5630378835263,-12.0196734133022,2026-04-02T23:12:02.814359
2461133.468194445, A.D. 2026-Apr-02 23:14:12.0000,69.185634,-146527696.8206396,-31400553.32432874,-13618457.52051155,6.503806093596027,-27.56291518933899,-12.01960963581949,2026-04-02T23:13:02.814436
2461133.468888889, A.D. 2026-Apr-02 23:15:12.0000,69.185634,-146527306.5783771,-31402207.09276584,-13619178.69395817,6.504291289373643,-27.56279247311904,-12.01954584729193,2026-04-02T23:14:02.814392
2461133.469583333, A.D. 2026-Apr-02 23:16:12.0000,69.185634,-146526916.3070032,-31403860.85383932,-13619899.86357717,6.504776473522377,-27.56266973486818,-12.01948204772057,2026-04-02T23:15:02.814348
2461133.470277778, A.D. 2026-Apr-02 23:17:12.0000,69.185634,-146526526.0065187,-31405514.60754785,-13620621.02936786,6.50526164603946,-27.56254697458815,-12.01941823710647,2026-04-02T23:16:02.814385
2461133.470972222, A.D. 2026-Apr-02 23:18:12.0000,69.185634,-146526135.6769235,-31407168.3538934,-13621342.19133103,6.505746806923092,-27.56242419228048,-12.01935441545052,2026-04-02T23:17:02.814341
2461133.471666667, A.D. 2026-Apr-02 23:19:12.0000,69.185634,-146525745.318219,-31408822.09287136,-13622063.34946457,6.506231956169549,-27.56230138794715,-12.01929058275393,2026-04-02T23:18:02.814418
2461133.472361111, A.D. 2026-Apr-02 23:20:12.0000,69.185634,-146525354.9304059,-31410475.82448043,-13622784.50376782,6.506717093776061,-27.56217856158991,-12.01922673901772,2026-04-02T23:19:02.814374
2461133.473055555, A.D. 2026-Apr-02 23:21:12.0000,69.185634,-146524964.513485,-31412129.54871926,-13623505.65424013,6.507202219739866,-27.56205571321052,-12.01916288424297,2026-04-02T23:20:02.814330
2461133.47375, A.D. 2026-Apr-02 23:22:12.0000,69.185634,-146524574.0674562,-31413783.26558981,-13624226.80088226,6.507687334059165,-27.56193284281047,-12.01909901843057,2026-04-02T23:21:02.814367
2461133.474444444, A.D. 2026-Apr-02 23:23:12.0000,69.185634,-146524183.5923217,-31415436.97508422,-13624947.94369068,6.508172436729266,-27.56180995039201,-12.01903514158184,2026-04-02T23:22:02.814323
2461133.475138889, A.D. 2026-Apr-02 23:24:12.0000,69.185634,-146523793.0880806,-31417090.67720772,-13625669.0826676,6.508657527749341,-27.56168703595641,-12.01897125369758,2026-04-02T23:23:02.814400
2461133.475833334, A.D. 2026-Apr-02 23:25:12.0000,69.185634,-146523402.5547345,-31418744.3719557,-13626390.21781092,6.509142607115654,-27.56156409950565,-12.01890735477895,2026-04-02T23:24:02.814437
2461133.476527778, A.D. 2026-Apr-02 23:26:12.0000,69.185634,-146523011.9922833,-31420398.05933014,-13627111.34912141,6.509627674826415,-27.56144114104124,-12.01884344482688,2026-04-02T23:25:02.814393
2461133.477222222, A.D. 2026-Apr-02 23:27:12.0000,69.185634,-146522621.4007291,-31422051.73932313,-13627832.47659555,6.510112730876934,-27.56131816056542,-12.01877952384268,2026-04-02T23:26:02.814349
2461133.477916667, A.D. 2026-Apr-02 23:28:12.0000,69.185634,-146522230.7800712,-31423705.41193993,-13628553.60023554,6.510597775266373,-27.56119515807945,-12.01871559182713,2026-04-02T23:27:02.814386
2461133.478611111, A.D. 2026-Apr-02 23:29:12.0000,69.185634,-146521840.130311,-31425359.07717594,-13629274.72003929,6.511082807991014,-27.56107213358534,-12.01865164878143,2026-04-02T23:28:02.814382
2461133.479305556, A.D. 2026-Apr-02 23:30:12.0000,69.185634,-146521449.4514493,-31427012.73502983,-13629995.83600612,6.511567829048097,-27.56094908708484,-12.01858769470661,2026-04-02T23:29:02.814419
2461133.48, A.D. 2026-Apr-02 23:31:12.0000,69.185634,-146521058.743486,-31428666.38550356,-13630716.94813682,6.512052838435822,-27.56082601857945,-12.01852372960359,2026-04-02T23:30:02.814375
2461133.480694444, A.D. 2026-Apr-02 23:32:12.0000,69.185634,-146520668.0064232,-31430320.02858925,-13631438.05642786,6.512537836149503,-27.56070292807141,-12.0184597534737,2026-04-02T23:31:02.814331
2461133.481388889, A.D. 2026-Apr-02 23:33:12.0000,69.185634,-146520277.2402602,-31431973.66429215,-13632159.16088144,6.513022822188313,-27.56057981556201,-12.01839576631771,2026-04-02T23:32:02.814368
2461133.482083333, A.D. 2026-Apr-02 23:34:12.0000,69.185634,-146519886.4449985,-31433627.29260765,-13632880.26149546,6.51350779654853,-27.56045668105321,-12.01833176813681,2026-04-02T23:33:02.814364
2461133.482777778, A.D. 2026-Apr-02 23:35:12.0000,69.185634,-146519495.6206387,-31435280.91353444,-13633601.35826927,6.513992759227394,-27.56033352454678,-12.01826775893204,2026-04-02T23:34:02.814401
2461133.483472222, A.D. 2026-Apr-02 23:36:12.0000,69.185634,-146519104.7671807,-31436934.52707446,-13634322.45120364,6.514477710223112,-27.56021034604424,-12.01820373870434,2026-04-02T23:35:02.814357
2461133.484166667, A.D. 2026-Apr-02 23:37:12.0000,69.185634,-146518713.8846261,-31438588.13322314,-13635043.54029646,6.514962649531961,-27.56008714554757,-12.01813970745487,2026-04-02T23:36:02.814394
2461133.484861111, A.D. 2026-Apr-02 23:38:12.0000,69.185634,-146518322.9729763,-31440241.73197585,-13635764.62554566,6.515447577150226,-27.55996392305879,-12.01807566518483,2026-04-02T23:37:02.814350
2461133.485555556, A.D. 2026-Apr-02 23:39:12.0000,69.185634,-146517932.0322297,-31441895.32334113,-13636485.70695486,6.51593249307804,-27.55984067857891,-12.01801161189486,2026-04-02T23:38:02.814427
2461133.48625, A.D. 2026-Apr-02 23:40:12.0000,69.185634,-146517541.0623893,-31443548.90730781,-13637206.78451911,6.516417397309756,-27.55971741211041,-12.01794754758642,2026-04-02T23:39:02.814383
2461133.486944444, A.D. 2026-Apr-02 23:41:12.0000,69.185634,-146517150.0634551,-31445202.48387786,-13637927.85823917,6.516902289843583,-27.55959412365482,-12.01788347226042,2026-04-02T23:40:02.814339
2461133.487638889, A.D. 2026-Apr-02 23:42:12.0000,69.185634,-146516759.0354269,-31446856.05305324,-13638648.92811582,6.517387170677731,-27.55947081321363,-12.01781938591779,2026-04-02T23:41:02.814376
2461133.488333333, A.D. 2026-Apr-02 23:43:12.0000,69.185634,-146516367.9783063,-31448509.61482935,-13639369.99414697,6.517872039808481,-27.55934748078886,-12.01775528855971,2026-04-02T23:42:02.814332
2461133.489027778, A.D. 2026-Apr-02 23:44:12.0000,69.185634,-146515976.892094,-31450163.16920486,-13640091.05633195,6.518356897233077,-27.55922412638227,-12.01769118018722,2026-04-02T23:43:02.814409
2461133.489722222, A.D. 2026-Apr-02 23:45:12.0000,69.185634,-146515585.7767898,-31451816.71618175,-13640812.11467154,6.518841742949736,-27.55910074999534,-12.01762706080125,2026-04-02T23:44:02.814365
2461133.490416666, A.D. 2026-Apr-02 23:46:12.0000,69.185634,-146515194.632396,-31453470.25575212,-13641533.16916221,6.519326576953772,-27.55897735163034,-12.01756293040312,2026-04-02T23:45:02.814321
2461133.491111111, A.D. 2026-Apr-02 23:47:12.0000,69.185634,-146514803.4589118,-31455123.78792123,-13642254.21980616,6.519811399244361,-27.55885393128854,-12.0174987889936,2026-04-02T23:46:02.814358
2461133.491805556, A.D. 2026-Apr-02 23:48:12.0000,69.185634,-146514412.2563387,-31456777.31268447,-13642975.26660131,6.520296209817788,-27.55873048897193,-12.0174346365739,2026-04-02T23:47:02.814435
2461133.4925, A.D. 2026-Apr-02 23:49:12.0000,69.185634,-146514021.0246774,-31458430.83004051,-13643696.30954699,6.520781008671301,-27.55860702468228,-12.01737047314505,2026-04-02T23:48:02.814391
2461133.493194445, A.D. 2026-Apr-02 23:50:12.0000,69.185634,-146513629.7639277,-31460084.33999135,-13644417.34864397,6.521265795803112,-27.55848353842108,-12.01730629870798,2026-04-02T23:49:02.814428
2461133.493888889, A.D. 2026-Apr-02 23:51:12.0000,69.185634,-146513238.474092,-31461737.84252908,-13645138.38388872,6.521750571208548,-27.55836003019061,-12.01724211326401,2026-04-02T23:50:02.814384
2461133.494583333, A.D. 2026-Apr-02 23:52:12.0000,69.185634,-146512847.1551694,-31463391.33765896,-13645859.41528346,6.52223533488678,-27.55823649999212,-12.01717791681392,2026-04-02T23:51:02.814340
2461133.495277778, A.D. 2026-Apr-02 23:53:12.0000,69.185634,-146512455.8071614,-31465044.82537637,-13646580.44282609,6.522720086834094,-27.55811294782761,-12.0171137093589,2026-04-02T23:52:02.814377
2461133.495972222, A.D. 2026-Apr-02 23:54:12.0000,69.185634,-146512064.4300679,-31466698.30568329,-13647301.46651738,6.523204827048709,-27.5579893736986,-12.01704949089987,2026-04-02T23:53:02.814373
2461133.496666667, A.D. 2026-Apr-02 23:55:12.0000,69.185634,-146511673.0238911,-31468351.77857184,-13648022.48635381,6.523689555525944,-27.55786577760735,-12.01698526143815,2026-04-02T23:54:02.814410
2461133.497361111, A.D. 2026-Apr-02 23:56:12.0000,69.185634,-146511281.5886303,-31470005.24404725,-13648743.50233757,6.524174272264983,-27.55774215955511,-12.01692102097452,2026-04-02T23:55:02.814366
2461133.498055555, A.D. 2026-Apr-02 23:57:12.0000,69.185634,-146510890.1242869,-31471658.70210494,-13649464.51446659,6.524658977262109,-27.55761851954389,-12.01685676951018,2026-04-02T23:56:02.814322
2461133.49875, A.D. 2026-Apr-02 23:58:12.0000,69.185634,-146510498.6308615,-31473312.15274358,-13650185.5227402,6.525143670514581,-27.55749485757547,-12.01679250704617,2026-04-02T23:57:02.814359
2461133.499444445, A.D. 2026-Apr-02 23:59:12.0000,69.185634,-146510107.108355,-31474965.59596185,-13650906.52715773,6.525628352019644,-27.55737117365158,-12.01672823358355,2026-04-02T23:58:02.814436
2461133.500138889, A.D. 2026-Apr-03 00:00:12.0000,69.185634,-146509715.5567672,-31476619.03176174,-13651627.52771997,6.526113021775519,-27.55724746777375,-12.01666394912323,2026-04-02T23:59:02.814392
2461133.500833333, A.D. 2026-Apr-03 00:01:12.0000,69.185634,-146509323.9761004,-31478272.46013533,-13652348.52442338,6.526597679777531,-27.55712373994423,-12.01659965366655,2026-04-03T00:00:02.814348
2461133.501527778, A.D. 2026-Apr-03 00:02:12.0000,69.185634,-146508932.3663537,-31479925.88108789,-13653069.51727017,6.527082326024861,-27.55699999016429,-12.01653534721428,2026-04-03T00:01:02.814385
2461133.502222222, A.D. 2026-Apr-03 00:03:12.0000,69.185634,-146508540.7275279,-31481579.29461811,-13653790.50625968,6.527566960514766,-27.55687621843569,-12.01647102976749,2026-04-03T00:02:02.814341
2461133.502916667, A.D. 2026-Apr-03 00:04:12.0000,69.185634,-146508149.0596252,-31483232.70071809,-13654511.49138839,6.528051583242572,-27.55675242476069,-12.01640670132748,2026-04-03T00:03:02.814418
2461133.503611111, A.D. 2026-Apr-03 00:05:12.0000,69.185634,-146507757.3626448,-31484886.09939309,-13655232.47265851,6.528536194207462,-27.55662860914056,-12.01634236189506,2026-04-03T00:04:02.814374
2461133.504305555, A.D. 2026-Apr-03 00:06:12.0000,69.185634,-146507365.636588,-31486539.49063851,-13655953.45006794,6.529020793405727,-27.55650477157728,-12.0162780114714,2026-04-03T00:05:02.814330
2461133.505, A.D. 2026-Apr-03 00:07:12.0000,69.185634,-146506973.8814558,-31488192.87445303,-13656674.42361601,6.529505380834623,-27.55638091207265,-12.01621365005756,2026-04-03T00:06:02.814367
2461133.505694444, A.D. 2026-Apr-03 00:08:12.0000,69.185634,-146506582.0972487,-31489846.25083533,-13657395.39330208,6.529989956491409,-27.55625703062842,-12.0161492776546,2026-04-03T00:07:02.814323
2461133.506388889, A.D. 2026-Apr-03 00:09:12.0000,69.185634,-146506190.2839675,-31491499.6197841,-13658116.35912548,6.530474520373341,-27.55613312724635,-12.01608489426356,2026-04-03T00:08:02.814400
2461133.507083334, A.D. 2026-Apr-03 00:10:12.0000,69.185634,-146505798.441612,-31493152.9813013,-13658837.32108699,6.530959072478638,-27.55600920192796,-12.01602049988539,2026-04-03T00:09:02.814437
2461133.507777778, A.D. 2026-Apr-03 00:11:12.0000,69.185634,-146505406.5701839,-31494806.33538234,-13659558.27918451,6.531443612803598,-27.55588525467525,-12.01595609452125,2026-04-03T00:10:02.814393
2461133.508472222, A.D. 2026-Apr-03 00:12:12.0000,69.185634,-146505014.6696837,-31496459.6820259,-13660279.23341739,6.531928141345476,-27.55576128548999,-12.01589167817221,2026-04-03T00:11:02.814349
2461133.509166667, A.D. 2026-Apr-03 00:13:12.0000,69.185634,-146504622.7401122,-31498113.02123067,-13661000.18378496,6.532412658101535,-27.55563729437395,-12.01582725083931,2026-04-03T00:12:02.814386
2461133.509861111, A.D. 2026-Apr-03 00:14:12.0000,69.185634,-146504230.7814693,-31499766.3529986,-13661721.130288,6.532897163069991,-27.55551328132863,-12.0157628125235,2026-04-03T00:13:02.814382
2461133.510555556, A.D. 2026-Apr-03 00:15:12.0000,69.185634,-146503838.7937565,-31501419.67732511,-13662442.07292442,6.533381656247146,-27.55538924635607,-12.01569836322594,2026-04-03T00:14:02.814419
2461133.51125, A.D. 2026-Apr-03 00:16:12.0000,69.185634,-146503446.7769754,-31503072.99420559,-13663163.01169213,6.533866137629297,-27.55526518945825,-12.01563390294783,2026-04-03T00:15:02.814375
2461133.511944444, A.D. 2026-Apr-03 00:17:12.0000,69.185634,-146503054.7311241,-31504726.30364858,-13663883.94659476,6.53435060721659,-27.55514111063622,-12.01556943168984,2026-04-03T00:16:02.814331
2461133.512638889, A.D. 2026-Apr-03 00:18:12.0000,69.185634,-146502662.6562059,-31506379.60564291,-13664604.87762736,6.534835065003398,-27.55501700989247,-12.0155049494534,2026-04-03T00:17:02.814368
2461133.513333333, A.D. 2026-Apr-03 00:19:12.0000,69.185634,-146502270.5522199,-31508032.90019383,-13665325.80479214,6.535319510988911,-27.55489288722828,-12.01544045623932,2026-04-03T00:18:02.814364
2461133.514027778, A.D. 2026-Apr-03 00:20:12.0000,69.185634,-146501878.4191682,-31509686.18729347,-13666046.72808556,6.535803945168462,-27.5547687426459,-12.01537595204891,2026-04-03T00:19:02.814401
2461133.514722222, A.D. 2026-Apr-03 00:21:12.0000,69.185634,-146501486.2570502,-31511339.46694707,-13666767.64750985,6.536288367541241,-27.55464457614662,-12.01531143688296,2026-04-03T00:20:02.814357
2461133.515416667, A.D. 2026-Apr-03 00:22:12.0000,69.185634,-146501094.0658664,-31512992.73915332,-13667488.56306433,6.53677277810451,-27.55452038773219,-12.01524691074254,2026-04-03T00:21:02.814394
2461133.516111111, A.D. 2026-Apr-03 00:23:12.0000,69.185634,-146500701.8456191,-31514646.00390434,-13668209.4747455,6.537257176853606,-27.55439617740488,-12.01518237362896,2026-04-03T00:22:02.814350
2461133.516805556, A.D. 2026-Apr-03 00:24:12.0000,69.185634,-146500309.5963076,-31516299.26120537,-13668930.38255554,6.537741563787717,-27.55427194516595,-12.01511782554302,2026-04-03T00:23:02.814427
2461133.5175, A.D. 2026-Apr-03 00:25:12.0000,69.185634,-146499917.3179333,-31517952.51105182,-13669651.28649238,6.538225938903147,-27.55414769101742,-12.0150532664859,2026-04-03T00:24:02.814383
2461133.518194444, A.D. 2026-Apr-03 00:26:12.0000,69.185634,-146499525.0104968,-31519605.75344239,-13670372.18655535,6.538710302197159,-27.55402341496106,-12.01498869645866,2026-04-03T00:25:02.814339
2461133.518888889, A.D. 2026-Apr-03 00:27:12.0000,69.185634,-146499132.6739989,-31521258.98837574,-13671093.0827438,6.539194653667018,-27.55389911699864,-12.01492411546235,2026-04-03T00:26:02.814376
2461133.519583333, A.D. 2026-Apr-03 00:28:12.0000,69.185634,-146498740.3084404,-31522912.21585057,-13671813.97505706,6.539678993309991,-27.55377479713194,-12.01485952349805,2026-04-03T00:27:02.814332
2461133.520277778, A.D. 2026-Apr-03 00:29:12.0000,69.185634,-146498347.9138211,-31524565.43586885,-13672534.86349592,6.540163321124302,-27.55365045536244,-12.01479492056666,2026-04-03T00:28:02.814409
2461133.520972222, A.D. 2026-Apr-03 00:30:12.0000,69.185634,-146497955.4901426,-31526218.64842598,-13673255.74805828,6.540647637106259,-27.55352609169219,-12.01473030666938,2026-04-03T00:29:02.814365
2461133.521666666, A.D. 2026-Apr-03 00:31:12.0000,69.185634,-146497563.0374054,-31527871.85352064,-13673976.62874348,6.541131941253125,-27.55340170612297,-12.01466568180727,2026-04-03T00:30:02.814321
2461133.522361111, A.D. 2026-Apr-03 00:32:12.0000,69.185634,-146497170.5556097,-31529525.05115481,-13674697.5055523,6.54161623356313,-27.55327729865626,-12.01460104598126,2026-04-03T00:31:02.814358
2461133.523055556, A.D. 2026-Apr-03 00:33:12.0000,69.185634,-146496778.0447576,-31531178.24132061,-13675418.37848121,6.54210051403162,-27.55315286929436,-12.01453639919266,2026-04-03T00:32:02.814435
2461133.52375, A.D. 2026-Apr-03 00:34:12.0000,69.185634,-146496385.5048483,-31532831.42402327,-13676139.24753243,6.542584782657785,-27.55302841803852,-12.01447174144226,2026-04-03T00:33:02.814391
2461133.524444445, A.D. 2026-Apr-03 00:35:12.0000,69.185634,-146495992.9358833,-31534484.59925823,-13676860.11270386,6.543069039437931,-27.55290394489077,-12.01440707273127,2026-04-03T00:34:02.814428
2461133.525138889, A.D. 2026-Apr-03 00:36:12.0000,69.185634,-146495600.3378633,-31536137.76702414,-13677580.97399484,6.543553284369327,-27.55277944985287,-12.01434239306073,2026-04-03T00:35:02.814384
2461133.525833333, A.D. 2026-Apr-03 00:37:12.0000,69.185634,-146495207.710789,-31537790.92731971,-13678301.83140473,6.544037517449242,-27.5526549329266,-12.01427770243171,2026-04-03T00:36:02.814340
2461133.526527778, A.D. 2026-Apr-03 00:38:12.0000,69.185634,-146494815.0546603,-31539444.08014691,-13679022.68493428,6.544521738675908,-27.5525303941135,-12.01421300084513,2026-04-03T00:37:02.814377
2461133.527222222, A.D. 2026-Apr-03 00:39:12.0000,69.185634,-146494422.3694788,-31541097.22550113,-13679743.53458142,6.545005948045635,-27.55240583341554,-12.01414828830218,2026-04-03T00:38:02.814373
2461133.527916667, A.D. 2026-Apr-03 00:40:12.0000,69.185634,-146494029.6552451,-31542750.36338107,-13680464.38034548,6.545490145555688,-27.55228125083455,-12.01408356480392,2026-04-03T00:39:02.814410
2461133.528611111, A.D. 2026-Apr-03 00:41:12.0000,69.185634,-146493636.9119599,-31544403.49378541,-13681185.22222581,6.545974331203345,-27.55215664637226,-12.01401883035141,2026-04-03T00:40:02.814366
2461133.529305555, A.D. 2026-Apr-03 00:42:12.0000,69.185634,-146493244.1396233,-31546056.61671612,-13681906.06022318,6.546458504986831,-27.5520320200302,-12.01395408494557,2026-04-03T00:41:02.814322
2461133.53, A.D. 2026-Apr-03 00:43:12.0000,69.185634,-146492851.3382374,-31547709.73216532,-13682626.89433408,6.546942666901503,-27.55190737181065,-12.01388932858774,2026-04-03T00:42:02.814359
2461133.530694445, A.D. 2026-Apr-03 00:44:12.0000,69.185634,-146492458.5078014,-31549362.84013827,-13683347.7245607,6.547426816946549,-27.55178270171487,-12.0138245612787,2026-04-03T00:43:02.814436
2461133.531388889, A.D. 2026-Apr-03 00:45:12.0000,69.185634,-146492065.6483168,-31551015.94063037,-13684068.55090096,6.547910955118284,-27.55165800974489,-12.01375978301965,2026-04-03T00:44:02.814392
2461133.532083333, A.D. 2026-Apr-03 00:46:12.0000,69.185634,-146491672.7597836,-31552669.03364359,-13684789.37335564,6.548395081414943,-27.55153329590224,-12.01369499381151,2026-04-03T00:45:02.814348
2461133.532777778, A.D. 2026-Apr-03 00:47:12.0000,69.185634,-146491279.8422039,-31554322.11917005,-13685510.19192121,6.548879195831875,-27.55140856018918,-12.0136301936556,2026-04-03T00:46:02.814385
2461133.533472222, A.D. 2026-Apr-03 00:48:12.0000,69.185634,-146490886.895577,-31555975.19721501,-13686231.00659988,6.549363298368275,-27.55128380260699,-12.01356538255273,2026-04-03T00:47:02.814341
2461133.534166667, A.D. 2026-Apr-03 00:49:12.0000,69.185634,-146490493.9199044,-31557628.26777387,-13686951.81738956,6.54984738902046,-27.55115902315769,-12.01350056050408,2026-04-03T00:48:02.814418
2461133.534861111, A.D. 2026-Apr-03 00:50:12.0000,69.185634,-146490100.9151867,-31559281.33084533,-13687672.6242896,6.550331467785703,-27.55103422184306,-12.01343572751072,2026-04-03T00:49:02.814374
2461133.535555555, A.D. 2026-Apr-03 00:51:12.0000,69.185634,-146489707.8814247,-31560934.38642805,-13688393.42729934,6.55081553466128,-27.55090939866486,-12.01337088357369,2026-04-03T00:50:02.814330
2461133.53625, A.D. 2026-Apr-03 00:52:12.0000,69.185634,-146489314.8186183,-31562587.43452403,-13689114.22641955,6.551299589645423,-27.55078455362463,-12.01330602869395,2026-04-03T00:51:02.814367
2461133.536944444, A.D. 2026-Apr-03 00:53:12.0000,69.185634,-146488921.726769,-31564240.47512867,-13689835.02164815,6.551783632734454,-27.55065968672439,-12.01324116287267,2026-04-03T00:52:02.814323
2461133.537638889, A.D. 2026-Apr-03 00:54:12.0000,69.185634,-146488528.6058776,-31565893.50824064,-13690555.81298447,6.552267663925646,-27.5505347979659,-12.01317628611091,2026-04-03T00:53:02.814400
2461133.538333334, A.D. 2026-Apr-03 00:55:12.0000,69.185634,-146488135.4559447,-31567546.53385865,-13691276.60042787,6.552751683216276,-27.55040988735096,-12.01311139840973,2026-04-03T00:54:02.814437
2461133.539027778, A.D. 2026-Apr-03 00:56:12.0000,69.185634,-146487742.276971,-31569199.55198138,-13691997.38397768,6.553235690603621,-27.55028495488133,-12.0130464997702,2026-04-03T00:55:02.814393
2461133.539722222, A.D. 2026-Apr-03 00:57:12.0000,69.185634,-146487349.0689565,-31570852.5626108,-13692718.16363469,6.553719686085923,-27.55016000055853,-12.01298159019325,2026-04-03T00:56:02.814349
2461133.540416667, A.D. 2026-Apr-03 00:58:12.0000,69.185634,-146486955.8319027,-31572505.56574232,-13693438.9393968,6.554203669659494,-27.5500350243846,-12.01291666968006,2026-04-03T00:57:02.814386
2461133.541111111, A.D. 2026-Apr-03 00:59:12.0000,69.185634,-146486562.5658102,-31574158.56137462,-13694159.71126335,6.554687641321616,-27.54991002636131,-12.0128517382317,2026-04-03T00:58:02.814382
2461133.541805556, A.D. 2026-Apr-03 01:00:12.0000,69.185634,-146486169.2706799,-31575811.5495064,-13694880.4792337,6.555171601069569,-27.54978500649043,-12.01278679584923,2026-04-03T00:59:02.814419
2461133.5425, A.D. 2026-Apr-03 01:01:12.0000,69.185634,-146485775.9465116,-31577464.53013963,-13695601.24330862,6.55565554890159,-27.5496599647735,-12.01272184253359,2026-04-03T01:00:02.814375
2461133.543194444, A.D. 2026-Apr-03 01:02:12.0000,69.185634,-146485382.5933076,-31579117.50326642,-13696322.00348458,6.556139484813039,-27.54953490121278,-12.01265687828608,2026-04-03T01:01:02.814331
2461133.543888889, A.D. 2026-Apr-03 01:03:12.0000,69.185634,-146484989.2110672,-31580770.46889205,-13697042.7597638,6.55662340880312,-27.54940981580956,-12.01259190310751,2026-04-03T01:02:02.814368
2461133.544583333, A.D. 2026-Apr-03 01:04:12.0000,69.185634,-146484595.7997916,-31582423.42701191,-13697763.51214419,6.557107320868151,-27.54928470856586,-12.01252691699908,2026-04-03T01:03:02.814364
2461133.545277778, A.D. 2026-Apr-03 01:05:12.0000,69.185634,-146484202.359481,-31584076.37762797,-13698484.26062652,6.557591221006375,-27.54915957948322,-12.01246191996172,2026-04-03T01:04:02.814401
2461133.545972222, A.D. 2026-Apr-03 01:06:12.0000,69.185634,-146483808.8901376,-31585729.32073237,-13699205.00520727,6.55807510921315,-27.5490344285639,-12.01239691199674,2026-04-03T01:05:02.814357
2461133.546666667, A.D. 2026-Apr-03 01:07:12.0000,69.185634,-146483415.3917604,-31587382.25633034,-13699925.74588866,6.558558985487681,-27.54890925580919,-12.01233189310496,2026-04-03T01:06:02.814394
2461133.547361111, A.D. 2026-Apr-03 01:08:12.0000,69.185634,-146483021.8643511,-31589035.18441731,-13700646.48266859,6.559042849826291,-27.54878406122112,-12.01226686328756,2026-04-03T01:07:02.814350
2461133.548055556, A.D. 2026-Apr-03 01:09:12.0000,69.185634,-146482628.3079104,-31590688.10499197,-13701367.21554642,6.559526702226263,-27.54865884480146,-12.0122018225456,2026-04-03T01:08:02.814427
2461133.54875, A.D. 2026-Apr-03 01:10:12.0000,69.185634,-146482234.7224389,-31592341.018053,-13702087.94452147,6.560010542684876,-27.54853360655198,-12.01213677088015,2026-04-03T01:09:02.814383
2461133.549444444, A.D. 2026-Apr-03 01:11:12.0000,69.185634,-146481841.1079366,-31593993.92360237,-13702808.66959454,6.560494371200381,-27.54840834647424,-12.01207170829214,2026-04-03T01:10:02.814339
2461133.550138889, A.D. 2026-Apr-03 01:12:12.0000,69.185634,-146481447.464405,-31595646.82163549,-13703529.39076353,6.560978187769098,-27.54828306457024,-12.01200663478276,2026-04-03T01:11:02.814376
2461133.550833333, A.D. 2026-Apr-03 01:13:12.0000,69.185634,-146481053.7918448,-31597299.71215106,-13704250.10802779,6.561461992388311,-27.54815776084177,-12.01194155035307,2026-04-03T01:12:02.814332
2461133.551527778, A.D. 2026-Apr-03 01:14:12.0000,69.185634,-146480660.0902568,-31598952.59514776,-13704970.82138666,6.561945785055308,-27.54803243529061,-12.01187645500415,2026-04-03T01:13:02.814409
2461133.552222222, A.D. 2026-Apr-03 01:15:12.0000,69.185634,-146480266.3596407,-31600605.47062757,-13705691.53084092,6.562429565768332,-27.5479070879183,-12.01181134873691,2026-04-03T01:14:02.814365
2461133.552916666, A.D. 2026-Apr-03 01:16:12.0000,69.185634,-146479872.5999991,-31602258.33858262,-13706412.23638706,6.562913334522751,-27.5477817187271,-12.01174623155268,2026-04-03T01:15:02.814321
2461133.553611111, A.D. 2026-Apr-03 01:17:12.0000,69.185634,-146479478.811331,-31603911.19901815,-13707132.93802727,6.563397091317769,-27.5476563277183,-12.01168110345228,2026-04-03T01:16:02.814358
2461133.554305556, A.D. 2026-Apr-03 01:18:12.0000,69.185634,-146479084.9936378,-31605564.05192958,-13707853.63575947,6.563880836149717,-27.54753091489394,-12.01161596443688,2026-04-03T01:17:02.814435
2461133.555, A.D. 2026-Apr-03 01:19:12.0000,69.185634,-146478691.1469204,-31607216.8973156,-13708574.32958302,6.564364569015878,-27.54740548025579,-12.01155081450756,2026-04-03T01:18:02.814391
2461133.555694445, A.D. 2026-Apr-03 01:20:12.0000,69.185634,-146478297.2711786,-31608869.73517818,-13709295.01949868,6.564848289914502,-27.54728002380538,-12.01148565366524,2026-04-03T01:19:02.814428
2461133.556388889, A.D. 2026-Apr-03 01:21:12.0000,69.185634,-146477903.366414,-31610522.56551273,-13710015.70550436,6.565331998841917,-27.54715454554475,-12.01142048191113,2026-04-03T01:20:02.814384
2461133.557083333, A.D. 2026-Apr-03 01:22:12.0000,69.185634,-146477509.4326272,-31612175.38831795,-13710736.38759942,6.565815695795412,-27.54702904547568,-12.01135529924627,2026-04-03T01:21:02.814340
2461133.557777778, A.D. 2026-Apr-03 01:23:12.0000,69.185634,-146477115.4698191,-31613828.20359251,-13711457.0657832,6.566299380772276,-27.54690352359995,-12.01129010567175,2026-04-03T01:22:02.814377
2461133.558472222, A.D. 2026-Apr-03 01:24:12.0000,69.185634,-146476721.4779902,-31615481.01133513,-13712177.74005505,6.566783053769795,-27.54677797991934,-12.01122490118862,2026-04-03T01:23:02.814373
2461133.559166667, A.D. 2026-Apr-03 01:25:12.0000,69.185634,-146476327.4571406,-31617133.81154777,-13712898.41041574,6.567266714786225,-27.54665241443538,-12.01115968579782,2026-04-03T01:24:02.814410
2461133.559861111, A.D. 2026-Apr-03 01:26:12.0000,69.185634,-146475933.4072725,-31618786.60422255,-13713619.07686175,6.56775036381693,-27.54652682715037,-12.01109445950067,2026-04-03T01:25:02.814366
2461133.560555555, A.D. 2026-Apr-03 01:27:12.0000,69.185634,-146475539.3283851,-31620439.38936473,-13714339.73939529,6.568234000861125,-27.54640121806558,-12.01102922229797,2026-04-03T01:26:02.814322
2461133.56125, A.D. 2026-Apr-03 01:28:12.0000,69.185634,-146475145.2204791,-31622092.16697302,-13715060.39801572,6.568717625916102,-27.54627558718279,-12.01096397419079,2026-04-03T01:27:02.814359
2461133.561944445, A.D. 2026-Apr-03 01:29:12.0000,69.185634,-146474751.0835568,-31623744.93703952,-13715781.0527195,6.569201238977231,-27.54614993450429,-12.01089871518046,2026-04-03T01:28:02.814436
2461133.562638889, A.D. 2026-Apr-03 01:30:12.0000,69.185634,-146474356.9176173,-31625397.69956951,-13716501.70350885,6.569684840043722,-27.54602426003137,-12.01083344526778,2026-04-03T01:29:02.814392
2461133.563333333, A.D. 2026-Apr-03 01:31:12.0000,69.185634,-146473962.722663,-31627050.4545551,-13717222.35038026,6.570168429110949,-27.5458985637663,-12.01076816445407,2026-04-03T01:30:02.814348
2461133.564027778, A.D. 2026-Apr-03 01:32:12.0000,69.185634,-146473568.4986929,-31628703.20200156,-13717942.99333593,6.570652006178127,-27.54577284571037,-12.01070287274014,2026-04-03T01:31:02.814385
2461133.564722222, A.D. 2026-Apr-03 01:33:12.0000,69.185634,-146473174.2457078,-31630355.94190758,-13718663.63237521,6.571135571242547,-27.54564710586537,-12.01063757012705,2026-04-03T01:32:02.814341
2461133.565416667, A.D. 2026-Apr-03 01:34:12.0000,69.185634,-146472779.9637101,-31632008.67426529,-13719384.26749458,6.571619124299584,-27.54552134423357,-12.01057225661614,2026-04-03T01:33:02.814418
2461133.566111111, A.D. 2026-Apr-03 01:35:12.0000,69.185634,-146472385.6526987,-31633661.39907993,-13720104.89869625,6.572102665348452,-27.54539556081628,-12.0105069322082,2026-04-03T01:34:02.814374
2461133.566805555, A.D. 2026-Apr-03 01:36:12.0000,69.185634,-146471991.3126753,-31635314.11634693,-13720825.52597813,6.572586194385486,-27.54526975561552,-12.01044159690443,2026-04-03T01:35:02.814330
2461133.5675, A.D. 2026-Apr-03 01:37:12.0000,69.185634,-146471596.9436406,-31636966.82606498,-13721546.14933958,6.573069711407977,-27.54514392863307,-12.01037625070589,2026-04-03T01:36:02.814367
2461133.568194444, A.D. 2026-Apr-03 01:38:12.0000,69.185634,-146471202.5455953,-31638619.52823277,-13722266.76877993,6.573553216413227,-27.54501807987074,-12.01031089361366,2026-04-03T01:37:02.814323
2461133.568888889, A.D. 2026-Apr-03 01:39:12.0000,69.185634,-146470808.1185392,-31640272.22285227,-13722987.38429997,6.574036709399489,-27.54489220933004,-12.01024552562867,2026-04-03T01:38:02.814400
2461133.569583334, A.D. 2026-Apr-03 01:40:12.0000,69.185634,-146470413.6624748,-31641924.90991562,-13723707.99589618,6.574520190362137,-27.54476631701326,-12.01018014675224,2026-04-03T01:39:02.814437
2461133.570277778, A.D. 2026-Apr-03 01:41:12.0000,69.185634,-146470019.1774012,-31643577.58942807,-13724428.60357077,6.575003659300394,-27.5446404029217,-12.01011475698518,2026-04-03T01:40:02.814393
2461133.570972222, A.D. 2026-Apr-03 01:42:12.0000,69.185634,-146469624.6633198,-31645230.26138504,-13725149.20732165,6.575487116210591,-27.54451446705739,-12.01004935632868,2026-04-03T01:41:02.814349
2461133.571666667, A.D. 2026-Apr-03 01:43:12.0000,69.185634,-146469230.1202306,-31646882.92578849,-13725869.8071496,6.57597056109099,-27.54438850942187,-12.00998394478369,2026-04-03T01:42:02.814386
2461133.572361111, A.D. 2026-Apr-03 01:44:12.0000,69.185634,-146468835.548136,-31648535.58263056,-13726590.40305111,6.576453993936964,-27.54426253001742,-12.00991852235153,2026-04-03T01:43:02.814382
2461133.573055556, A.D. 2026-Apr-03 01:45:12.0000,69.185634,-146468440.947035,-31650188.23191652,-13727310.99502838,6.576937414747738,-27.54413652884534,-12.009853089033,2026-04-03T01:44:02.814419
2461133.57375, A.D. 2026-Apr-03 01:46:12.0000,69.185634,-146468046.3169292,-31651840.87364176,-13728031.58307933,6.577420823519647,-27.54401050590765,-12.00978764482931,2026-04-03T01:45:02.814375
2461133.574444444, A.D. 2026-Apr-03 01:47:12.0000,69.185634,-146467651.6578192,-31653493.50780498,-13728752.16720332,6.57790422024999,-27.54388446120616,-12.00972218974151,2026-04-03T01:46:02.814331
2461133.575138889, A.D. 2026-Apr-03 01:48:12.0000,69.185634,-146467256.969705,-31655146.13440817,-13729472.74740111,6.578387604937031,-27.5437583947424,-12.00965672377055,2026-04-03T01:47:02.814368
2461133.575833333, A.D. 2026-Apr-03 01:49:12.0000,69.185634,-146466862.252589,-31656798.75344344,-13730193.32366918,6.578870977576146,-27.54363230651865,-12.00959124691776,2026-04-03T01:48:02.814364
2461133.576527778, A.D. 2026-Apr-03 01:50:12.0000,69.185634,-146466467.5064702,-31658451.36491606,-13730913.89600976,6.579354338166557,-27.54350619653621,-12.00952575918393,2026-04-03T01:49:02.814401
2461133.577222222, A.D. 2026-Apr-03 01:51:12.0000,69.185634,-146466072.7313502,-31660103.96882144,-13731634.46442076,6.579837686704606,-27.54338006479711,-12.00946026057027,2026-04-03T01:50:02.814357
2461133.577916667, A.D. 2026-Apr-03 01:52:12.0000,69.185634,-146465677.927229,-31661756.56516157,-13732355.02890295,6.580321023188554,-27.5432539113029,-12.00939475107771,2026-04-03T01:51:02.814394
2461133.578611111, A.D. 2026-Apr-03 01:53:12.0000,69.185634,-146465283.0941087,-31663409.15392856,-13733075.58945281,6.580804347613782,-27.54312773605587,-12.00932923070759,2026-04-03T01:52:02.814350
2461133.579305556, A.D. 2026-Apr-03 01:54:12.0000,69.185634,-146464888.2319885,-31665061.73512767,-13733796.14607257,6.581287659979514,-27.5430015390573,-12.00926369946071,2026-04-03T01:53:02.814427
2461133.58, A.D. 2026-Apr-03 01:55:12.0000,69.185634,-146464493.3408701,-31666714.30875433,-13734516.69876013,6.581770960282091,-27.54287532030923,-12.00919815733827,2026-04-03T01:54:02.814383
2461133.580694444, A.D. 2026-Apr-03 01:56:12.0000,69.185634,-146464098.420754,-31668366.87480722,-13735237.24751485,6.582254248518821,-27.54274907981346,-12.00913260434134,2026-04-03T01:55:02.814339
2461133.581388889, A.D. 2026-Apr-03 01:57:12.0000,69.185634,-146463703.4716411,-31670019.43328504,-13735957.79233607,6.582737524687003,-27.54262281757178,-12.00906704047097,2026-04-03T01:56:02.814376
2461133.582083333, A.D. 2026-Apr-03 01:58:12.0000,69.185634,-146463308.4935312,-31671671.98418977,-13736678.33322456,6.583220788784902,-27.54249653358573,-12.00900146572812,2026-04-03T01:57:02.814332
2461133.582777778, A.D. 2026-Apr-03 01:59:12.0000,69.185634,-146462913.4864267,-31673324.52751354,-13737398.87017682,6.583704040807903,-27.54237022785759,-12.00893588011411,2026-04-03T01:58:02.814409
2461133.583472222, A.D. 2026-Apr-03 02:00:12.0000,69.185634,-146462518.4503266,-31674977.06326161,-13738119.40319506,6.584187280755231,-27.54224390038866,-12.00887028362975,2026-04-03T01:59:02.814365
2461133.584166666, A.D. 2026-Apr-03 02:01:12.0000,69.185634,-146462123.3852326,-31676629.59142939,-13738839.93227718,6.584670508623232,-27.54211755118099,-12.00880467627624,2026-04-03T02:00:02.814321
2461133.584861111, A.D. 2026-Apr-03 02:02:12.0000,69.185634,-146461728.2911445,-31678282.11201886,-13739560.45742398,6.585153724410174,-27.54199118023612,-12.00873905805451,2026-04-03T02:01:02.814358
2461133.585555556, A.D. 2026-Apr-03 02:03:12.0000,69.185634,-146461333.1680647,-31679934.62502215,-13740280.97863193,6.585636928111439,-27.54186478755633,-12.0086734289659,2026-04-03T02:02:02.814435
2461133.58625, A.D. 2026-Apr-03 02:04:12.0000,69.185634,-146460938.0159923,-31681587.13044452,-13741001.49590325,6.586120119726255,-27.54173837314292,-12.00860778901121,2026-04-03T02:03:02.814391
2461133.586944445, A.D. 2026-Apr-03 02:05:12.0000,69.185634,-146460542.8349288,-31683239.62828139,-13741722.00923585,6.58660329925097,-27.54161193699793,-12.00854213819165,2026-04-03T02:04:02.814428
2461133.587638889, A.D. 2026-Apr-03 02:06:12.0000,69.185634,-146460147.6248749,-31684892.11853145,-13742442.51862909,6.587086466682893,-27.54148547912316,-12.00847647650827,2026-04-03T02:05:02.814384
2461133.588333333, A.D. 2026-Apr-03 02:07:12.0000,69.185634,-146459752.3858306,-31686544.60119668,-13743163.02408373,6.587569622020292,-27.54135899952015,-12.00841080396203,2026-04-03T02:06:02.814340
2461133.589027778, A.D. 2026-Apr-03 02:08:12.0000,69.185634,-146459357.1177974,-31688197.0762725,-13743883.5255977,6.588052765259512,-27.54123249819094,-12.00834512055411,2026-04-03T02:07:02.814377
2461133.589722222, A.D. 2026-Apr-03 02:09:12.0000,69.185634,-146458961.8207768,-31689849.54375431,-13744604.02316892,6.588535896396905,-27.54110597513759,-12.00827942628573,2026-04-03T02:08:02.814373
2461133.590416667, A.D. 2026-Apr-03 02:10:12.0000,69.185634,-146458566.4947679,-31691502.00364738,-13745324.51679959,6.589019015431699,-27.54097943036137,-12.00821372115769,2026-04-03T02:09:02.814410
2461133.591111111, A.D. 2026-Apr-03 02:11:12.0000,69.185634,-146458171.1397716,-31693154.45595042,-13746045.00648907,6.589502122361203,-27.54085286386409,-12.00814800517105,2026-04-03T02:10:02.814366
2461133.591805555, A.D. 2026-Apr-03 02:12:12.0000,69.185634,-146457775.75579,-31694806.90065553,-13746765.49223384,6.589985217180812,-27.54072627564803,-12.00808227832716,2026-04-03T02:11:02.814322
2461133.5925, A.D. 2026-Apr-03 02:13:12.0000,69.185634,-146457380.3428223,-31696459.337768,-13747485.9740361,6.590468299889753,-27.54059966571451,-12.00801654062681,2026-04-03T02:12:02.814359
2461133.593194445, A.D. 2026-Apr-03 02:14:12.0000,69.185634,-146456984.9008701,-31698111.76728324,-13748206.45189379,6.590951370484376,-27.54047303406556,-12.00795079207121,2026-04-03T02:13:02.814436
2461133.593888889, A.D. 2026-Apr-03 02:15:12.0000,69.185634,-146456589.4299341,-31699764.18919994,-13748926.92580624,6.591434428961993,-27.54034638070297,-12.00788503266143,2026-04-03T02:14:02.814392
2461133.594583333, A.D. 2026-Apr-03 02:16:12.0000,69.185634,-146456193.930015,-31701416.60351679,-13749647.39577282,6.591917475319919,-27.54021970562854,-12.00781926239855,2026-04-03T02:15:02.814348
2461133.595277778, A.D. 2026-Apr-03 02:17:12.0000,69.185634,-146455798.4011127,-31703069.01023579,-13750367.86179428,6.592400509556424,-27.54009300884382,-12.00775348128349,2026-04-03T02:16:02.814385
2461133.595972222, A.D. 2026-Apr-03 02:18:12.0000,69.185634,-146455402.8432287,-31704721.40935234,-13751088.32386856,6.59288353166786,-27.53996629035085,-12.00768768931746,2026-04-03T02:17:02.814341
2461133.596666667, A.D. 2026-Apr-03 02:19:12.0000,69.185634,-146455007.2563639,-31706373.80086514,-13751808.78199501,6.593366541651542,-27.53983955015144,-12.00762188650153,2026-04-03T02:18:02.814418
2461133.597361111, A.D. 2026-Apr-03 02:20:12.0000,69.185634,-146454611.6405189,-31708026.18477289,-13752529.23617296,6.593849539504784,-27.53971278824737,-12.00755607283678,2026-04-03T02:19:02.814374
2461133.598055555, A.D. 2026-Apr-03 02:21:12.0000,69.185634,-146454215.9956944,-31709678.56107428,-13753249.68640178,6.594332525224899,-27.53958600464045,-12.00749024832427,2026-04-03T02:20:02.814330
2461133.59875, A.D. 2026-Apr-03 02:22:12.0000,69.185634,-146453820.3218904,-31711330.92977131,-13753970.13268224,6.594815498810162,-27.53945919933222,-12.00742441296494,2026-04-03T02:21:02.814367
2461133.599444444, A.D. 2026-Apr-03 02:23:12.0000,69.185634,-146453424.6191091,-31712983.29085609,-13754690.57501082,6.595298460255968,-27.53933237232498,-12.00735856676013,2026-04-03T02:22:02.814323
2461133.600138889, A.D. 2026-Apr-03 02:24:12.0000,69.185634,-146453028.8873498,-31714635.6443339,-13755411.01338975,6.595781409561551,-27.53920552362002,-12.00729270971064,2026-04-03T02:23:02.814400
2461133.600833334, A.D. 2026-Apr-03 02:25:12.0000,69.185634,-146452633.1266132,-31716287.99020343,-13756131.44781837,6.596264346724229,-27.53907865321915,-12.00722684181755,2026-04-03T02:24:02.814437
2461133.601527778, A.D. 2026-Apr-03 02:26:12.0000,69.185634,-146452237.3369015,-31717940.32845681,-13756851.87829316,6.596747271739398,-27.53895176112465,-12.00716096308219,2026-04-03T02:25:02.814393
2461133.602222222, A.D. 2026-Apr-03 02:27:12.0000,69.185634,-146451841.518214,-31719592.65909932,-13757572.30481634,6.597230184606294,-27.53882484733785,-12.00709507350537,2026-04-03T02:26:02.814349
2461133.602916667, A.D. 2026-Apr-03 02:28:12.0000,69.185634,-146451445.6705521,-31721244.98212636,-13758292.72738583,6.597713085321275,-27.53869791186077,-12.00702917308829,2026-04-03T02:27:02.814386
2461133.603611111, A.D. 2026-Apr-03 02:29:12.0000,69.185634,-146451049.7939166,-31722897.29753663,-13759013.14600097,6.598195973881656,-27.53857095469522,-12.00696326183203,2026-04-03T02:28:02.814382
2461133.604305556, A.D. 2026-Apr-03 02:30:12.0000,69.185634,-146450653.8883081,-31724549.60532883,-13759733.56066112,6.598678850284759,-27.53844397584301,-12.00689733973766,2026-04-03T02:29:02.814419
2461133.605, A.D. 2026-Apr-03 02:31:12.0000,69.185634,-146450257.9537268,-31726201.90550495,-13760453.97136706,6.59916171452886,-27.53831697530566,-12.00683140680611,2026-04-03T02:30:02.814375
2461133.605694444, A.D. 2026-Apr-03 02:32:12.0000,69.185634,-146449861.9901747,-31727854.19805711,-13761174.37811527,6.599644566609359,-27.5381899530855,-12.00676546303872,2026-04-03T02:31:02.814331
2461133.606388889, A.D. 2026-Apr-03 02:33:12.0000,69.185634,-146449465.9976512,-31729506.48299058,-13761894.78090796,6.600127406525493,-27.5380629091838,-12.00669950843631,2026-04-03T02:32:02.814368
2461133.607083333, A.D. 2026-Apr-03 02:34:12.0000,69.185634,-146449069.9761576,-31731158.76030078,-13762615.17974307,6.600610234273625,-27.53793584360264,-12.00663354300007,2026-04-03T02:33:02.814364
2461133.607777778, A.D. 2026-Apr-03 02:35:12.0000,69.185634,-146448673.9256941,-31732811.02998969,-13763335.57462136,6.601093049852033,-27.53780875634355,-12.00656756673095,2026-04-03T02:34:02.814401
2461133.608472222, A.D. 2026-Apr-03 02:36:12.0000,69.185634,-146448277.8462628,-31734463.29204945,-13764055.96553932,6.601575853256119,-27.53768164740886,-12.00650157963028,2026-04-03T02:35:02.814357
2461133.609166667, A.D. 2026-Apr-03 02:37:12.0000,69.185634,-146447881.7378629,-31736115.54648531,-13764776.35249917,6.602058644485123,-27.53755451679983,-12.00643558169887,2026-04-03T02:36:02.814394
2461133.609861111, A.D. 2026-Apr-03 02:38:12.0000,69.185634,-146447485.6004959,-31737767.7932927,-13765496.73549882,6.602541423535407,-27.53742736451853,-12.00636957293793,2026-04-03T02:37:02.814350
2461133.610555556, A.D. 2026-Apr-03 02:39:12.0000,69.185634,-146447089.4341627,-31739420.03247032,-13766217.11453763,6.603024190404292,-27.53730019056677,-12.00630355334853,2026-04-03T02:38:02.814427
2461133.61125, A.D. 2026-Apr-03 02:40:12.0000,69.185634,-146446693.2388638,-31741072.26401686,-13766937.48961495,6.603506945089102,-27.53717299494634,-12.00623752293175,2026-04-03T02:39:02.814383
2461133.611944444, A.D. 2026-Apr-03 02:41:12.0000,69.185634,-146446297.0145992,-31742724.4879343,-13767657.86073155,6.603989687588119,-27.5370457776588,-12.00617148168852,2026-04-03T02:40:02.814339
2461133.612638889, A.D. 2026-Apr-03 02:42:12.0000,69.185634,-146445900.7613706,-31744376.70421807,-13768378.22788536,6.604472417897706,-27.5369185387062,-12.00610542962004,2026-04-03T02:41:02.814376
2461133.613333333, A.D. 2026-Apr-03 02:43:12.0000,69.185634,-146445504.4791785,-31746028.91286687,-13769098.59107573,6.604955136015187,-27.53679127809034,-12.0060393667274,2026-04-03T02:42:02.814332
2461133.614027778, A.D. 2026-Apr-03 02:44:12.0000,69.185634,-146445108.1680237,-31747681.1138794,-13769818.95030201,6.605437841937887,-27.53666399581302,-12.00597329301167,2026-04-03T02:43:02.814409
2461133.614722222, A.D. 2026-Apr-03 02:45:12.0000,69.185634,-146444711.8279063,-31749333.30725762,-13770539.30556498,6.605920535664088,-27.5365366918758,-12.00590720847379,2026-04-03T02:44:02.814365
2461133.615416666, A.D. 2026-Apr-03 02:46:12.0000,69.185634,-146444315.4588283,-31750985.4929937,-13771259.65686112,6.606403217189197,-27.53640936628097,-12.00584111311509,2026-04-03T02:45:02.814321
2461133.616111111, A.D. 2026-Apr-03 02:47:12.0000,69.185634,-146443919.0607892,-31752637.67109289,-13771980.00419266,6.606885886512457,-27.53628201902986,-12.00577500693639,2026-04-03T02:46:02.814358
2461133.616805556, A.D. 2026-Apr-03 02:48:12.0000,69.185634,-146443522.6337902,-31754289.8415506,-13772700.34755751,6.60736854363024,-27.5361546501245,-12.00570888993889,2026-04-03T02:47:02.814435
2461133.6175, A.D. 2026-Apr-03 02:49:12.0000,69.185634,-146443126.1778323,-31755942.00436553,-13773420.68695501,6.607851188539864,-27.5360272595667,-12.00564276212367,2026-04-03T02:48:02.814391
2461133.618194445, A.D. 2026-Apr-03 02:50:12.0000,69.185634,-146442729.6929153,-31757594.15953968,-13774141.02238597,6.608333821239621,-27.53589984735801,-12.00557662349166,2026-04-03T02:49:02.814428
2461133.618888889, A.D. 2026-Apr-03 02:51:12.0000,69.185634,-146442333.1790407,-31759246.30706847,-13774861.35384829,6.608816441725875,-27.5357724135005,-12.00551047404409,2026-04-03T02:50:02.814384
2461133.619583333, A.D. 2026-Apr-03 02:52:12.0000,69.185634,-146441936.6362094,-31760898.44695058,-13775581.68134132,6.609299049995958,-27.53564495799596,-12.00544431378201,2026-04-03T02:51:02.814340
2461133.620277778, A.D. 2026-Apr-03 02:53:12.0000,69.185634,-146441540.0644219,-31762550.57918473,-13776302.00486442,6.609781646047195,-27.5355174808462,-12.00537814270651,2026-04-03T02:52:02.814377
2461133.620972222, A.D. 2026-Apr-03 02:54:12.0000,69.185634,-146441143.4636791,-31764202.70376961,-13777022.32441693,6.610264229876913,-27.53538998205303,-12.00531196081865,2026-04-03T02:53:02.814373
2461133.621666667, A.D. 2026-Apr-03 02:55:12.0000,69.185634,-146440746.8339809,-31765854.82070721,-13777742.63999965,6.610746801483402,-27.53526246161799,-12.00524576811939,2026-04-03T02:54:02.814410
2461133.622361111, A.D. 2026-Apr-03 02:56:12.0000,69.185634,-146440350.1753296,-31767506.92998966,-13778462.95160905,6.611229360862075,-27.5351349195434,-12.00517956461007,2026-04-03T02:55:02.814366
2461133.623055555, A.D. 2026-Apr-03 02:57:12.0000,69.185634,-146439953.4877244,-31769159.03162223,-13779183.25924736,6.611711908012177,-27.53500735583056,-12.00511335029148,2026-04-03T02:56:02.814322
2461133.62375, A.D. 2026-Apr-03 02:58:12.0000,69.185634,-146439556.7711659,-31770811.12560362,-13779903.56291392,6.612194442931039,-27.53487977048128,-12.00504712516471,2026-04-03T02:57:02.814359
2461133.624444445, A.D. 2026-Apr-03 02:59:12.0000,69.185634,-146439160.0256566,-31772463.21192598,-13780623.86260523,6.612676965614074,-27.53475216349787,-12.0049808892311,2026-04-03T02:58:02.814436
2461133.625138889, A.D. 2026-Apr-03 03:00:12.0000,69.185634,-146438763.2511955,-31774115.29059456,-13781344.15832349,6.613159476060529,-27.53462453488162,-12.00491464249146,2026-04-03T02:59:02.814392
2461133.625833333, A.D. 2026-Apr-03 03:01:12.0000,69.185634,-146438366.447785,-31775767.36160151,-13782064.4500652,6.613641974265821,-27.53449688463486,-12.00484838494713,2026-04-03T03:00:02.814348
2461133.626527778, A.D. 2026-Apr-03 03:02:12.0000,69.185634,-146437969.6154242,-31777419.42495209,-13782784.73783257,6.614124460229196,-27.53436921275888,-12.00478211659891,2026-04-03T03:01:02.814385
2461133.627222222, A.D. 2026-Apr-03 03:03:12.0000,69.185634,-146437572.7541139,-31779071.480645,-13783505.02162495,6.614606933947989,-27.5342415192555,-12.0047158374479,2026-04-03T03:02:02.814341
2461133.627916667, A.D. 2026-Apr-03 03:04:12.0000,69.185634,-146437175.8638564,-31780723.52867238,-13784225.30143884,6.615089395417614,-27.53411380412701,-12.00464954749541,2026-04-03T03:03:02.814418
2461133.628611111, A.D. 2026-Apr-03 03:05:12.0000,69.185634,-146436778.9446508,-31782375.5690395,-13784945.57727644,6.615571844637323,-27.53398606737474,-12.00458324674228,2026-04-03T03:04:02.814374
2461133.629305555, A.D. 2026-Apr-03 03:06:12.0000,69.185634,-146436381.9964987,-31784027.60174177,-13785665.84913567,6.616054281603487,-27.53385830900072,-12.00451693518971,2026-04-03T03:05:02.814330
2461133.63, A.D. 2026-Apr-03 03:07:12.0000,69.185634,-146435985.0194007,-31785679.62677791,-13786386.1170159,6.616536706313445,-27.53373052900679,-12.00445061283876,2026-04-03T03:06:02.814367
2461133.630694444, A.D. 2026-Apr-03 03:08:12.0000,69.185634,-146435588.0133577,-31787331.64414661,-13787106.38091647,6.617019118764528,-27.53360272739474,-12.00438427969053,2026-04-03T03:07:02.814323
2461133.631388889, A.D. 2026-Apr-03 03:09:12.0000,69.185634,-146435190.9783696,-31788983.65384987,-13787826.64083816,6.617501518955033,-27.53347490416613,-12.00431793574595,2026-04-03T03:08:02.814400
2461133.632083334, A.D. 2026-Apr-03 03:10:12.0000,69.185634,-146434793.9144387,-31790635.65587981,-13788546.89677747,6.617983906880372,-27.53334705932329,-12.00425158100636,2026-04-03T03:09:02.814437
2461133.632777778, A.D. 2026-Apr-03 03:11:12.0000,69.185634,-146434396.8215641,-31792287.6502417,-13789267.14873661,6.618466282539808,-27.5332191928675,-12.00418521547258,2026-04-03T03:10:02.814393
2461133.633472222, A.D. 2026-Apr-03 03:12:12.0000,69.185634,-146433999.6997474,-31793939.63693098,-13789987.3967135,6.618948645929708,-27.53309130480083,-12.00411883914582,2026-04-03T03:11:02.814349
2461133.634166667, A.D. 2026-Apr-03 03:13:12.0000,69.185634,-146433602.5489885,-31795591.6159496,-13790707.64070892,6.619430997048373,-27.53296339512484,-12.00405245202701,2026-04-03T03:12:02.814386
2461133.634861111, A.D. 2026-Apr-03 03:14:12.0000,69.185634,-146433205.3692898,-31797243.58728974,-13791427.88071936,6.619913335891222,-27.53283546384185,-12.00398605411752,2026-04-03T03:13:02.814382
2461133.635555556, A.D. 2026-Apr-03 03:15:12.0000,69.185634,-146432808.1606503,-31798895.55095665,-13792148.11674705,6.62039566245751,-27.53270751095316,-12.00391964541813,2026-04-03T03:14:02.814419
2461133.63625, A.D. 2026-Apr-03 03:16:12.0000,69.185634,-146432410.9230717,-31800547.50694574,-13792868.34878989,6.620877976743615,-27.53257953646082,-12.00385322593007,2026-04-03T03:15:02.814375
2461133.636944444, A.D. 2026-Apr-03 03:17:12.0000,69.185634,-146432013.6565546,-31802199.45525573,-13793588.57684725,6.621360278746876,-27.53245154036667,-12.00378679565441,2026-04-03T03:16:02.814331
2461133.637638889, A.D. 2026-Apr-03 03:18:12.0000,69.185634,-146431616.361099,-31803851.3958886,-13794308.80091991,6.62184256846559,-27.53232352267225,-12.0037203545921,2026-04-03T03:17:02.814368
2461133.638333333, A.D. 2026-Apr-03 03:19:12.0000,69.185634,-146431219.0367073,-31805503.3288365,-13795029.02100435,6.622324845895181,-27.53219548337988,-12.00365390274448,2026-04-03T03:18:02.814364
2461133.639027778, A.D. 2026-Apr-03 03:20:12.0000,69.185634,-146430821.6833785,-31807155.25410468,-13795749.2371028,6.622807111034906,-27.53206742249086,-12.00358744011237,2026-04-03T03:19:02.814401
2461133.639722222, A.D. 2026-Apr-03 03:21:12.0000,69.185634,-146430424.3011142,-31808807.17168856,-13796469.44921317,6.623289363881141,-27.53193934000725,-12.00352096669696,2026-04-03T03:20:02.814357
2461133.640416667, A.D. 2026-Apr-03 03:22:12.0000,69.185634,-146430026.8899152,-31810459.08158687,-13797189.65733482,6.623771604431233,-27.5318112359309,-12.00345448249935,2026-04-03T03:21:02.814394
2461133.641111111, A.D. 2026-Apr-03 03:23:12.0000,69.185634,-146429629.4497814,-31812110.98380158,-13797909.86146853,6.624253832683479,-27.53168311026332,-12.00338798752048,2026-04-03T03:22:02.814350
2461133.641805556, A.D. 2026-Apr-03 03:24:12.0000,69.185634,-146429231.9807151,-31813762.87832483,-13798630.0616108,6.624736048633302,-27.53155496300686,-12.00332148176168,2026-04-03T03:23:02.814427
2461133.6425, A.D. 2026-Apr-03 03:25:12.0000,69.185634,-146428834.4827154,-31815414.76516189,-13799350.25776383,6.625218252279964,-27.53142679416282,-12.00325496522379,2026-04-03T03:24:02.814383
2461133.643194444, A.D. 2026-Apr-03 03:26:12.0000,69.185634,-146428436.955784,-31817066.64430819,-13800070.44992556,6.625700443619846,-27.53129860373327,-12.00318843790799,2026-04-03T03:25:02.814339
2461133.643888889, A.D. 2026-Apr-03 03:27:12.0000,69.185634,-146428039.3999206,-31818718.5157657,-13800790.63809675,6.626182622651251,-27.53117039171975,-12.00312189981525,2026-04-03T03:26:02.814376
2461133.644583333, A.D. 2026-Apr-03 03:28:12.0000,69.185634,-146427641.8151278,-31820370.37952658,-13801510.82227392,6.626664789369606,-27.53104215812461,-12.0030553509469,2026-04-03T03:27:02.814332
2461133.645277778, A.D. 2026-Apr-03 03:29:12.0000,69.185634,-146427244.2014046,-31822022.23559609,-13802231.00245927,6.627146943774168,-27.53091390294912,-12.00298879130376,2026-04-03T03:28:02.814409
2461133.645972222, A.D. 2026-Apr-03 03:30:12.0000,69.185634,-146426846.5587525,-31823674.08396965,-13802951.17865072,6.627629085861323,-27.53078562619539,-12.00292222088704,2026-04-03T03:29:02.814365
2461133.646666666, A.D. 2026-Apr-03 03:31:12.0000,69.185634,-146426448.8871723,-31825325.92464598,-13803671.35084763,6.62811121562842,-27.53065732786521,-12.00285563969782,2026-04-03T03:30:02.814321
2461133.647361111, A.D. 2026-Apr-03 03:32:12.0000,69.185634,-146426051.1866648,-31826977.75762377,-13804391.51904935,6.6285933330728,-27.53052900796039,-12.00278904773718,2026-04-03T03:31:02.814358
2461133.648055556, A.D. 2026-Apr-03 03:33:12.0000,69.185634,-146425653.4572298,-31828629.58290501,-13805111.68325667,6.629075438192768,-27.53040066648251,-12.00272244500606,2026-04-03T03:32:02.814435
2461133.64875, A.D. 2026-Apr-03 03:34:12.0000,69.185634,-146425255.6988689,-31830281.40048512,-13805831.84346751,6.629557530984708,-27.53027230343362,-12.00265583150568,2026-04-03T03:33:02.814391
2461133.649444445, A.D. 2026-Apr-03 03:35:12.0000,69.185634,-146424857.9115837,-31831933.21035954,-13806551.99967979,6.630039611445014,-27.53014391881581,-12.00258920723725,2026-04-03T03:34:02.814428
2461133.650138889, A.D. 2026-Apr-03 03:36:12.0000,69.185634,-146424460.0953725,-31833585.01253681,-13807272.15189716,6.630521679573903,-27.5300155126301,-12.00252257220146,2026-04-03T03:35:02.814384
2461133.650833333, A.D. 2026-Apr-03 03:37:12.0000,69.185634,-146424062.2502384,-31835236.80700579,-13807992.30011468,6.63100373536585,-27.52988708487911,-12.00245592639977,2026-04-03T03:36:02.814340
2461133.651527778, A.D. 2026-Apr-03 03:38:12.0000,69.185634,-146423664.3761806,-31836888.59377176,-13808712.44433456,6.631485778820113,-27.52975863556412,-12.002389269833,2026-04-03T03:37:02.814377
2461133.652222222, A.D. 2026-Apr-03 03:39:12.0000,69.185634,-146423266.4732013,-31838540.37282684,-13809432.58455331,6.631967809932133,-27.52963016468746,-12.00232260250251,2026-04-03T03:38:02.814373
2461133.652916667, A.D. 2026-Apr-03 03:40:12.0000,69.185634,-146422868.5412991,-31840192.1441796,-13810152.72077456,6.632449828702127,-27.52950167225019,-12.00225592440897,2026-04-03T03:39:02.814410
2461133.653611111, A.D. 2026-Apr-03 03:41:12.0000,69.185634,-146422470.5804769,-31841843.90781891,-13810872.85299337,6.632931835124568,-27.52937315825489,-12.00218923555385,2026-04-03T03:40:02.814366
2461133.654305555, A.D. 2026-Apr-03 03:42:12.0000,69.185634,-146422072.5907347,-31843495.66374673,-13811592.98121054,6.633413829197766,-27.52924462270311,-12.00212253593812,2026-04-03T03:41:02.814322
2461133.655, A.D. 2026-Apr-03 03:43:12.0000,69.185634,-146421674.5720726,-31845147.41196508,-13812313.10542685,6.633895810920029,-27.52911606559643,-12.0020558255627,2026-04-03T03:42:02.814359
2461133.655694445, A.D. 2026-Apr-03 03:44:12.0000,69.185634,-146421276.5244919,-31846799.15246936,-13813033.22564021,6.634377780287748,-27.52898748693691,-12.00198910442883,2026-04-03T03:43:02.814436
2461133.656388889, A.D. 2026-Apr-03 03:45:12.0000,69.185634,-146420878.4479935,-31848450.88525828,-13813753.34185,6.634859737298273,-27.52885888672637,-12.00192237253758,2026-04-03T03:44:02.814392
2461133.657083333, A.D. 2026-Apr-03 03:46:12.0000,69.185634,-146420480.3425781,-31850102.61033057,-13814473.45405555,6.635341681948955,-27.52873026496663,-12.00185562989002,2026-04-03T03:45:02.814348
2461133.657777778, A.D. 2026-Apr-03 03:47:12.0000,69.185634,-146420082.2082456,-31851754.32768819,-13815193.56225765,6.635823614238104,-27.52860162165925,-12.00178887648712,2026-04-03T03:46:02.814385
2461133.658472222, A.D. 2026-Apr-03 03:48:12.0000,69.185634,-146419684.0449985,-31853406.0373233,-13815913.66645281,6.636305534161158,-27.52847295680657,-12.0017221123302,2026-04-03T03:47:02.814341
2461133.659166667, A.D. 2026-Apr-03 03:49:12.0000,69.185634,-146419285.8528357,-31855057.73924116,-13816633.76664323,6.636787441717382,-27.52834427040989,-12.0016553374201,2026-04-03T03:48:02.814418
2461133.659861111, A.D. 2026-Apr-03 03:50:12.0000,69.185634,-146418887.6317589,-31856709.43343721,-13817353.86282684,6.637269336903173,-27.52821556247127,-12.00158855175803,2026-04-03T03:49:02.814374
2461133.660555555, A.D. 2026-Apr-03 03:51:12.0000,69.185634,-146418489.381768,-31858361.11991342,-13818073.95500443,6.637751219716838,-27.5280868329923,-12.00152175534492,2026-04-03T03:50:02.814330
2461133.66125, A.D. 2026-Apr-03 03:52:12.0000,69.185634,-146418091.1028654,-31860012.79866195,-13818794.04317249,6.638233090153819,-27.5279580819753,-12.00145494818214,2026-04-03T03:51:02.814367
2461133.661944444, A.D. 2026-Apr-03 03:53:12.0000,69.185634,-146417692.7950502,-31861664.46968807,-13819514.12733322,6.638714948213384,-27.52782930942158,-12.00138813027049,2026-04-03T03:52:02.814323
2461133.662638889, A.D. 2026-Apr-03 03:54:12.0000,69.185634,-146417294.4583238,-31863316.13298721,-13820234.20748457,6.639196793891931,-27.5277005153332,-12.00132130161119,2026-04-03T03:53:02.814400
2461133.663333334, A.D. 2026-Apr-03 03:55:12.0000,69.185634,-146416896.0926872,-31864967.78855806,-13820954.28362588,6.639678627186809,-27.52757169971201,-12.00125446220533,2026-04-03T03:54:02.814437
2461133.664027778, A.D. 2026-Apr-03 03:56:12.0000,69.185634,-146416497.6981402,-31866619.43640262,-13821674.35575795,6.64016044809634,-27.52744286255955,-12.00118761205385,2026-04-03T03:55:02.814393
2461133.664722222, A.D. 2026-Apr-03 03:57:12.0000,69.185634,-146416099.2746851,-31868271.07651304,-13822394.42387725,6.640642256615959,-27.52731400387816,-12.0011207511581,2026-04-03T03:56:02.814349
2461133.665416667, A.D. 2026-Apr-03 03:58:12.0000,69.185634,-146415700.8223212,-31869922.70889458,-13823114.48798602,6.641124052744939,-27.52718512366915,-12.00105387951889,2026-04-03T03:57:02.814386
2461133.666111111, A.D. 2026-Apr-03 03:59:12.0000,69.185634,-146415302.3410499,-31871574.33354269,-13823834.54808217,6.641605836479677,-27.52705622193459,-12.00098699713744,2026-04-03T03:58:02.814382
2461133.666805556, A.D. 2026-Apr-03 04:00:12.0000,69.185634,-146414903.830872,-31873225.95045605,-13824554.60416507,6.64208760781753,-27.52692729867633,-12.00092010401484,2026-04-03T03:59:02.814419
2461133.6675, A.D. 2026-Apr-03 04:01:12.0000,69.185634,-146414505.2917875,-31874877.55963666,-13825274.65623549,6.642569366756816,-27.5267983538959,-12.00085320015203,2026-04-03T04:00:02.814375
2461133.668194444, A.D. 2026-Apr-03 04:02:12.0000,69.185634,-146414106.7237986,-31876529.16107667,-13825994.70428993,6.643051113292977,-27.52666938759565,-12.00078628555037,2026-04-03T04:01:02.814331
2461133.668888889, A.D. 2026-Apr-03 04:03:12.0000,69.185634,-146413708.1269046,-31878180.75478136,-13826714.74833062,6.643532847425285,-27.52654039977688,-12.00071936021066,2026-04-03T04:02:02.814368
2461133.669583333, A.D. 2026-Apr-03 04:04:12.0000,69.185634,-146413309.5011069,-31879832.34074614,-13827434.78835546,6.64401456915014,-27.52641139044169,-12.00065242413413,2026-04-03T04:03:02.814364
2461133.670277778, A.D. 2026-Apr-03 04:05:12.0000,69.185634,-146412910.8464064,-31881483.91896973,-13828154.82436383,6.644496278464904,-27.52628235959189,-12.00058547732185,2026-04-03T04:04:02.814401
2461133.670972222, A.D. 2026-Apr-03 04:06:12.0000,69.185634,-146412512.1628029,-31883135.48945411,-13828874.8563565,6.644977975367891,-27.52615330722904,-12.00051851977478,2026-04-03T04:05:02.814357
2461133.671666667, A.D. 2026-Apr-03 04:07:12.0000,69.185634,-146412113.450298,-31884787.05219472,-13829594.8843314,6.645459659855508,-27.52602423335522,-12.00045155149414,2026-04-03T04:06:02.814394
2461133.672361111, A.D. 2026-Apr-03 04:08:12.0000,69.185634,-146411714.7088924,-31886438.60719026,-13830314.90828789,6.645941331925111,-27.52589513797228,-12.00038457248101,2026-04-03T04:07:02.814350
2461133.673055556, A.D. 2026-Apr-03 04:09:12.0000,69.185634,-146411315.938587,-31888090.15443945,-13831034.92822533,6.646422991574065,-27.525766021082,-12.00031758273646,2026-04-03T04:08:02.814427
2461133.67375, A.D. 2026-Apr-03 04:10:12.0000,69.185634,-146410917.1393824,-31889741.69394099,-13831754.94414306,6.646904638799727,-27.52563688268624,-12.00025058226159,2026-04-03T04:09:02.814383
2461133.674444444, A.D. 2026-Apr-03 04:11:12.0000,69.185634,-146410518.3112786,-31891393.22569688,-13832474.95604188,6.647386273600419,-27.52550772278656,-12.00018357105734,2026-04-03T04:10:02.814339
2461133.675138889, A.D. 2026-Apr-03 04:12:12.0000,69.185634,-146410119.4542779,-31893044.74969926,-13833194.96391828,6.647867895971587,-27.52537854138529,-12.00011654912507,2026-04-03T04:11:02.814376
2461133.675833333, A.D. 2026-Apr-03 04:13:12.0000,69.185634,-146409720.5683795,-31894696.2659534,-13833914.96777448,6.648349505912509,-27.52524933848373,-12.00004951646559,2026-04-03T04:12:02.814332
2461133.676527778, A.D. 2026-Apr-03 04:14:12.0000,69.185634,-146409321.6535849,-31896347.77445473,-13834634.96760841,6.648831103419592,-27.52512011408398,-11.99998247308013,2026-04-03T04:13:02.814409
2461133.677222222, A.D. 2026-Apr-03 04:15:12.0000,69.185634,-146408922.7098941,-31897999.27520525,-13835354.96342085,6.649312688491155,-27.52499086818761,-11.99991541896961,2026-04-03T04:14:02.814365
2461133.677916666, A.D. 2026-Apr-03 04:16:12.0000,69.185634,-146408523.7373094,-31899650.7681971,-13836074.95520829,6.649794261122649,-27.52486160079696,-11.99984835413542,2026-04-03T04:15:02.814321
2461133.678611111, A.D. 2026-Apr-03 04:17:12.0000,69.185634,-146408124.7358299,-31901302.25343556,-13836794.94297296,6.65027582131335,-27.52473231191332,-11.99978127857835,2026-04-03T04:16:02.814358
2461133.679305556, A.D. 2026-Apr-03 04:18:12.0000,69.185634,-146407725.7054573,-31902953.73091605,-13837514.92671278,6.650757369059668,-27.52460300153879,-11.99971419229963,2026-04-03T04:17:02.814435
2461133.68, A.D. 2026-Apr-03 04:19:12.0000,69.185634,-146407326.6461922,-31904605.20063728,-13838234.90642711,6.651238904358969,-27.5244736696752,-11.99964709530035,2026-04-03T04:18:02.814391
2461133.680694445, A.D. 2026-Apr-03 04:20:12.0000,69.185634,-146406927.5580347,-31906256.66260126,-13838954.88211674,6.651720427209571,-27.5243443163241,-11.99957998758144,2026-04-03T04:19:02.814428
2461133.681388889, A.D. 2026-Apr-03 04:21:12.0000,69.185634,-146406528.4409861,-31907908.1168034,-13839674.85377959,6.652201937607889,-27.52421494148761,-11.99951286914414,2026-04-03T04:20:02.814384
2461133.682083333, A.D. 2026-Apr-03 04:22:12.0000,69.185634,-146406129.2950482,-31909559.56323913,-13840394.82141358,6.652683435550331,-27.52408554516776,-11.99944573998965,2026-04-03T04:21:02.814340
2461133.682777778, A.D. 2026-Apr-03 04:23:12.0000,69.185634,-146405730.12022,-31911211.00191374,-13841114.78502094,6.653164921036175,-27.52395612736592,-11.99937860011881,2026-04-03T04:22:02.814377
2461133.683472222, A.D. 2026-Apr-03 04:24:12.0000,69.185634,-146405330.9165023,-31912862.43282592,-13841834.74460102,6.653646394062789,-27.52382668808388,-11.99931144953268,2026-04-03T04:23:02.814373
2461133.684166667, A.D. 2026-Apr-03 04:25:12.0000,69.185634,-146404931.6838975,-31914513.85596784,-13842554.70015033,6.65412785462563,-27.52369722732399,-11.99924428823264,2026-04-03T04:24:02.814410
2461133.684861111, A.D. 2026-Apr-03 04:26:12.0000,69.185634,-146404532.4224046,-31916165.27134475,-13843274.65167107,6.654609302723976,-27.52356774508757,-11.99917711621948,2026-04-03T04:25:02.814366
2461133.685555555, A.D. 2026-Apr-03 04:27:12.0000,69.185634,-146404133.1320253,-31917816.67895211,-13843994.59916117,6.655090738354244,-27.5234382413767,-11.99910993349444,2026-04-03T04:26:02.814322
2461133.68625, A.D. 2026-Apr-03 04:28:12.0000,69.185634,-146403733.8127602,-31919468.07878861,-13844714.54261999,6.655572161513798,-27.52330871619321,-11.9990427400586,2026-04-03T04:27:02.814359
2461133.686944445, A.D. 2026-Apr-03 04:29:12.0000,69.185634,-146403334.4646102,-31921119.47085296,-13845434.4820469,6.656053572200013,-27.52317916953893,-11.99897553591303,2026-04-03T04:28:02.814436
2461133.687638889, A.D. 2026-Apr-03 04:30:12.0000,69.185634,-146402935.0875752,-31922770.85514716,-13846154.41744267,6.656534970411208,-27.52304960141542,-11.99890832105871,2026-04-03T04:29:02.814392
2461133.688333333, A.D. 2026-Apr-03 04:31:12.0000,69.185634,-146402535.6816567,-31924422.23166665,-13846874.34880524,6.657016356143804,-27.52292001182478,-11.99884109549684,2026-04-03T04:30:02.814348
2461133.689027778, A.D. 2026-Apr-03 04:32:12.0000,69.185634,-146402136.2468562,-31926073.60040685,-13847594.27613252,6.657497729394213,-27.5227904007691,-11.99877385922865,2026-04-03T04:31:02.814385
2461133.689722222, A.D. 2026-Apr-03 04:33:12.0000,69.185634,-146401736.7831722,-31927724.96137631,-13848314.19942817,6.657979090162674,-27.52266076824942,-11.99870661225482,2026-04-03T04:32:02.814341
2461133.690416667, A.D. 2026-Apr-03 04:34:12.0000,69.185634,-146401337.2906078,-31929376.31456392,-13849034.11868727,6.658460438443692,-27.52253111426835,-11.99863935457684,2026-04-03T04:33:02.814418
2461133.691111111, A.D. 2026-Apr-03 04:35:12.0000,69.185634,-146400937.7691621,-31931027.65997492,-13849754.03391202,6.658941774236548,-27.52240143882722,-11.99857208619552,2026-04-03T04:34:02.814374
2461133.691805555, A.D. 2026-Apr-03 04:36:12.0000,69.185634,-146400538.2188374,-31932678.99760149,-13850473.94509891,6.659423097536708,-27.52227174192835,-11.99850480711222,2026-04-03T04:35:02.814330
2461133.6925, A.D. 2026-Apr-03 04:37:12.0000,69.185634,-146400138.639633,-31934330.3274489,-13851193.85225018,6.659904408343452,-27.52214202357307,-11.99843751732777,2026-04-03T04:36:02.814367
2461133.693194444, A.D. 2026-Apr-03 04:38:12.0000,69.185634,-146399739.0315496,-31935981.64951585,-13851913.75536518,6.660385706654156,-27.52201228376321,-11.99837021684324,2026-04-03T04:37:02.814323
2461133.693888889, A.D. 2026-Apr-03 04:39:12.0000,69.185634,-146399339.3945895,-31937632.96379451,-13852633.6544404,6.660866992464279,-27.52188252250112,-11.99830290565999,2026-04-03T04:38:02.814400
2461133.694583334, A.D. 2026-Apr-03 04:40:12.0000,69.185634,-146398939.7287518,-31939284.27029013,-13853353.54947807,6.661348265773113,-27.5217527397881,-11.99823558377884,2026-04-03T04:39:02.814437
2461133.695277778, A.D. 2026-Apr-03 04:41:12.0000,69.185634,-146398540.034039,-31940935.56899489,-13854073.44047468,6.661829526576116,-27.52162293562651,-11.99816825120115,2026-04-03T04:40:02.814393
2461133.695972222, A.D. 2026-Apr-03 04:42:12.0000,69.185634,-146398140.3104501,-31942586.85991404,-13854793.32743245,6.662310774872577,-27.52149311001766,-11.99810090792773,2026-04-03T04:41:02.814349
2461133.696666667, A.D. 2026-Apr-03 04:43:12.0000,69.185634,-146397740.557986,-31944238.1430463,-13855513.21035075,6.662792010659872,-27.52136326296339,-11.99803355395968,2026-04-03T04:42:02.814386
2461133.697361111, A.D. 2026-Apr-03 04:44:12.0000,69.185634,-146397340.776649,-31945889.41838383,-13856233.08922605,6.663273233933462,-27.52123339446604,-11.99796618929834,2026-04-03T04:43:02.814382
2461133.698055556, A.D. 2026-Apr-03 04:45:12.0000,69.185634,-146396940.9664381,-31947540.6859319,-13856952.9640606,6.663754444692638,-27.52110350452693,-11.99789881394454,2026-04-03T04:44:02.814419
2461133.69875, A.D. 2026-Apr-03 04:46:12.0000,69.185634,-146396541.1273551,-31949191.94568594,-13857672.8348523,6.664235642933823,-27.52097359314814,-11.9978314278995,2026-04-03T04:45:02.814375
2461133.699444444, A.D. 2026-Apr-03 04:47:12.0000,69.185634,-146396141.2594006,-31950843.19764467,-13858392.70160054,6.66471682865439,-27.52084366033152,-11.99776403116431,2026-04-03T04:46:02.814331
2461133.700138889, A.D. 2026-Apr-03 04:48:12.0000,69.185634,-146395741.3625753,-31952494.4418068,-13859112.56430465,6.665198001851719,-27.5207137060789,-11.99769662374005,2026-04-03T04:47:02.814368
2461133.700833333, A.D. 2026-Apr-03 04:49:12.0000,69.185634,-146395341.4368793,-31954145.67817432,-13859832.42296543,6.665679162524145,-27.52058373039185,-11.99762920562767,2026-04-03T04:48:02.814364
2461133.701527778, A.D. 2026-Apr-03 04:50:12.0000,69.185634,-146394941.4823149,-31955796.90673939,-13860552.27757938,6.666160310667134,-27.52045373327271,-11.99756177682854,2026-04-03T04:49:02.814401
2461133.702222222, A.D. 2026-Apr-03 04:51:12.0000,69.185634,-146394541.4988812,-31957448.12750728,-13861272.12814872,6.666641446279976,-27.52032371472282,-11.99749433734348,2026-04-03T04:50:02.814357
2461133.702916667, A.D. 2026-Apr-03 04:52:12.0000,69.185634,-146394141.4865789,-31959099.34047671,-13861991.97467281,6.66712256936005,-27.520193674744,-11.99742688717356,2026-04-03T04:51:02.814394
2461133.703611111, A.D. 2026-Apr-03 04:53:12.0000,69.185634,-146393741.4454105,-31960750.54563983,-13862711.81714814,6.667603679902827,-27.5200636133386,-11.99735942632016,2026-04-03T04:52:02.814350
2461133.704305556, A.D. 2026-Apr-03 04:54:12.0000,69.185634,-146393341.375376,-31962401.74299864,-13863431.65557551,6.668084777906641,-27.5199335305082,-11.99729195478422,2026-04-03T04:53:02.814427
2461133.705, A.D. 2026-Apr-03 04:55:12.0000,69.185634,-146392941.2764751,-31964052.93255512,-13864151.4899557,6.668565863369828,-27.51980342625438,-11.9972244725667,2026-04-03T04:54:02.814383
2461133.705694444, A.D. 2026-Apr-03 04:56:12.0000,69.185634,-146392541.1487096,-31965704.11430472,-13864871.32028664,6.669046936288815,-27.51967330057923,-11.99715697966882,2026-04-03T04:55:02.814339
2461133.706388889, A.D. 2026-Apr-03 04:57:12.0000,69.185634,-146392140.99208,-31967355.28824615,-13865591.1465677,6.669527996660985,-27.51954315348457,-11.99708947609167,2026-04-03T04:56:02.814376
2461133.707083333, A.D. 2026-Apr-03 04:58:12.0000,69.185634,-146391740.8065865,-31969006.4543814,-13866310.96879965,6.670009044484674,-27.51941298497201,-11.99702196183621,2026-04-03T04:57:02.814332
2461133.707777778, A.D. 2026-Apr-03 04:59:12.0000,69.185634,-146391340.5922314,-31970657.61270263,-13867030.78697901,6.670490079755353,-27.51928279504387,-11.99695443690378,2026-04-03T04:58:02.814409
2461133.708472222, A.D. 2026-Apr-03 05:00:12.0000,69.185634,-146390940.3490137,-31972308.76321512,-13867750.60110799,6.670971102472317,-27.51915258370148,-11.99688690129523,2026-04-03T04:59:02.814365
2461133.709166666, A.D. 2026-Apr-03 05:01:12.0000,69.185634,-146390540.0769351,-31973959.90591429,-13868470.41118451,6.671452112631993,-27.51902235094695,-11.99681935501175,2026-04-03T05:00:02.814321
2461133.709861111, A.D. 2026-Apr-03 05:02:12.0000,69.185634,-146390139.7759964,-31975611.04079887,-13869190.21720795,6.671933110231764,-27.5188920967821,-11.99675179805446,2026-04-03T05:01:02.814358
2461133.710555556, A.D. 2026-Apr-03 05:03:12.0000,69.185634,-146389739.4461974,-31977262.16787085,-13869910.01917909,6.672414095269973,-27.5187618212085,-11.99668423042429,2026-04-03T05:02:02.814435
2461133.71125, A.D. 2026-Apr-03 05:04:12.0000,69.185634,-146389339.0875397,-31978913.28712566,-13870629.81709585,6.672895067743047,-27.51863152422827,-11.99661665212248,2026-04-03T05:03:02.814391
2461133.711944445, A.D. 2026-Apr-03 05:05:12.0000,69.185634,-146388938.7000248,-31980564.39855875,-13871349.61095617,6.673376027647416,-27.5185012058435,-11.99654906315025,2026-04-03T05:04:02.814428
2461133.712638889, A.D. 2026-Apr-03 05:06:12.0000,69.185634,-146388538.2836513,-31982215.50217866,-13872069.4007637,6.673856974983334,-27.51837086605523,-11.99648146350828,2026-04-03T05:05:02.814384
2461133.713333333, A.D. 2026-Apr-03 05:07:12.0000,69.185634,-146388137.838422,-31983866.59797427,-13872789.1865135,6.674337909745315,-27.51824050486609,-11.99641385319807,2026-04-03T05:06:02.814340
2461133.714027778, A.D. 2026-Apr-03 05:08:12.0000,69.185634,-146387737.3643372,-31985517.68594759,-13873508.96820638,6.674818831931708,-27.51811012227766,-11.99634623222058,2026-04-03T05:07:02.814377
2461133.714722222, A.D. 2026-Apr-03 05:09:12.0000,69.185634,-146387336.8613966,-31987168.7661006,-13874228.74584311,6.675299741540849,-27.51797971829152,-11.99627860057676,2026-04-03T05:08:02.814373
2461133.715416667, A.D. 2026-Apr-03 05:10:12.0000,69.185634,-146386936.3296019,-31988819.83842874,-13874948.51942163,6.675780638569174,-27.51784929290977,-11.99621095826783,2026-04-03T05:09:02.814410
2461133.716111111, A.D. 2026-Apr-03 05:11:12.0000,69.185634,-146386535.7689537,-31990470.90293073,-13875668.2889413,6.67626152301407,-27.51771884613422,-11.9961433052949,2026-04-03T05:10:02.814366
2461133.716805555, A.D. 2026-Apr-03 05:12:12.0000,69.185634,-146386135.179453,-31992121.95960528,-13876388.05440147,6.676742394872924,-27.51758837796675,-11.99607564165903,2026-04-03T05:11:02.814322
2461133.7175, A.D. 2026-Apr-03 05:13:12.0000,69.185634,-146385734.5610995,-31993773.00845439,-13877107.81580294,6.677223254144081,-27.51745788840891,-11.9960079673612,2026-04-03T05:12:02.814359
2461133.718194445, A.D. 2026-Apr-03 05:14:12.0000,69.185634,-146385333.9138949,-31995424.0494735,-13877827.57314365,6.677704100823974,-27.51732737746282,-11.99594028240263,2026-04-03T05:13:02.814436
2461133.718888889, A.D. 2026-Apr-03 05:15:12.0000,69.185634,-146384933.2378399,-31997075.08266132,-13878547.32642293,6.678184934909993,-27.51719684513031,-11.9958725867844,2026-04-03T05:14:02.814392
2461133.719583333, A.D. 2026-Apr-03 05:16:12.0000,69.185634,-146384532.5329353,-31998726.10801657,-13879267.07564018,6.678665756399528,-27.5170662914132,-11.99580488050762,2026-04-03T05:15:02.814348
2461133.720277778, A.D. 2026-Apr-03 05:17:12.0000,69.185634,-146384131.7991818,-32000377.12553797,-13879986.82079473,6.679146565289969,-27.51693571631337,-11.99573716357336,2026-04-03T05:16:02.814385
2461133.720972222, A.D. 2026-Apr-03 05:18:12.0000,69.185634,-146383731.0365795,-32002028.13522752,-13880706.56188738,6.67962736157966,-27.51680511983237,-11.9956694359826,2026-04-03T05:17:02.814341
2461133.721666667, A.D. 2026-Apr-03 05:19:12.0000,69.185634,-146383330.2451298,-32003679.13708064,-13881426.29891606,6.680108145265042,-27.51667450197232,-11.99560169773654,2026-04-03T05:18:02.814418
2461133.722361111, A.D. 2026-Apr-03 05:20:12.0000,69.185634,-146382929.4248334,-32005330.13109607,-13882146.03188013,6.680588916343503,-27.51654386273504,-11.99553394883629,2026-04-03T05:19:02.814374
2461133.723055555, A.D. 2026-Apr-03 05:21:12.0000,69.185634,-146382528.5756913,-32006981.11727251,-13882865.76077896,6.681069674812436,-27.51641320212238,-11.99546618928293,2026-04-03T05:20:02.814330
2461133.72375, A.D. 2026-Apr-03 05:22:12.0000,69.185634,-146382127.697704,-32008632.09560869,-13883585.4856119,6.681550420669233,-27.51628252013618,-11.99539841907757,2026-04-03T05:21:02.814367
2461133.724444444, A.D. 2026-Apr-03 05:23:12.0000,69.185634,-146381726.7908716,-32010283.0661066,-13884305.20637974,6.682031153912243,-27.51615181677803,-11.99533063822115,2026-04-03T05:22:02.814323
2461133.725138889, A.D. 2026-Apr-03 05:24:12.0000,69.185634,-146381325.8551957,-32011934.02876167,-13885024.92308042,6.682511874537904,-27.51602109205002,-11.9952628467149,2026-04-03T05:23:02.814400
2461133.725833334, A.D. 2026-Apr-03 05:25:12.0000,69.185634,-146380924.8906769,-32013584.98357264,-13885744.6357133,6.682992582543609,-27.51589034595401,-11.99519504455991,2026-04-03T05:24:02.814437
2461133.726527778, A.D. 2026-Apr-03 05:26:12.0000,69.185634,-146380523.8973161,-32015235.93053821,-13886464.34427773,6.683473277926752,-27.51575957849181,-11.99512723175728,2026-04-03T05:25:02.814393
2461133.727222222, A.D. 2026-Apr-03 05:27:12.0000,69.185634,-146380122.8751132,-32016886.86966039,-13887184.04877451,6.683953960685685,-27.51562878966504,-11.99505940830796,2026-04-03T05:26:02.814349
2461133.727916667, A.D. 2026-Apr-03 05:28:12.0000,69.185634,-146379721.8240705,-32018537.80093132,-13887903.74920014,6.684434630815891,-27.51549797947603,-11.99499157421331,2026-04-03T05:27:02.814386
2461133.728611111, A.D. 2026-Apr-03 05:29:12.0000,69.185634,-146379320.7441873,-32020188.7243563,-13888623.44555685,6.684915288316675,-27.51536714792612,-11.99492372947416,2026-04-03T05:28:02.814382
2461133.729305556, A.D. 2026-Apr-03 05:30:12.0000,69.185634,-146378919.635465,-32021839.63993075,-13889343.13784255,6.68539593318448,-27.51523629501742,-11.99485587409174,2026-04-03T05:29:02.814419
2461133.73, A.D. 2026-Apr-03 05:31:12.0000,69.185634,-146378518.4979037,-32023490.54765669,-13890062.82605805,6.685876565417655,-27.51510542075149,-11.994788008067,2026-04-03T05:30:02.814375
2461133.730694444, A.D. 2026-Apr-03 05:32:12.0000,69.185634,-146378117.3315056,-32025141.44752625,-13890782.51019985,6.68635718501169,-27.51497452513072,-11.9947201314013,2026-04-03T05:31:02.814331
2461133.731388889, A.D. 2026-Apr-03 05:33:12.0000,69.185634,-146377716.13627,-32026792.33954473,-13891502.19027016,6.686837791965891,-27.51484360815641,-11.99465224409548,2026-04-03T05:32:02.814368
2461133.732083333, A.D. 2026-Apr-03 05:34:12.0000,69.185634,-146377314.9121984,-32028443.22370756,-13892221.86626692,6.687318386276699,-27.51471266983068,-11.99458434615075,2026-04-03T05:33:02.814364
2461133.732777778, A.D. 2026-Apr-03 05:35:12.0000,69.185634,-146376913.6592916,-32030094.10001346,-13892941.53818949,6.687798967941514,-27.51458171015536,-11.9945164375682,2026-04-03T05:34:02.814401
2461133.733472222, A.D. 2026-Apr-03 05:36:12.0000,69.185634,-146376512.3775503,-32031744.96846116,-13893661.20603723,6.688279536957735,-27.51445072913232,-11.99444851834894,2026-04-03T05:35:02.814357
2461133.734166667, A.D. 2026-Apr-03 05:37:12.0000,69.185634,-146376111.0669745,-32033395.82905265,-13894380.86981094,6.688760093323713,-27.51431972676311,-11.99438058849392,2026-04-03T05:36:02.814394
2461133.734861111, A.D. 2026-Apr-03 05:38:12.0000,69.185634,-146375709.7275657,-32035046.68178336,-13895100.52950854,6.689240637035896,-27.51418870304986,-11.99431264800437,2026-04-03T05:37:02.814350
2461133.735555556, A.D. 2026-Apr-03 05:39:12.0000,69.185634,-146375308.3593247,-32036697.52665203,-13895820.1851294,6.689721168091681,-27.51405765799442,-11.99424469688138,2026-04-03T05:38:02.814427
2461133.73625, A.D. 2026-Apr-03 05:40:12.0000,69.185634,-146374906.9622523,-32038348.36365736,-13896539.83667288,6.69020168648847,-27.51392659159861,-11.99417673512605,2026-04-03T05:39:02.814383
2461133.736944444, A.D. 2026-Apr-03 05:41:12.0000,69.185634,-146374505.5363492,-32039999.19279808,-13897259.48413835,6.690682192223664,-27.51379550386429,-11.99410876273947,2026-04-03T05:40:02.814339
2461133.737638889, A.D. 2026-Apr-03 05:42:12.0000,69.185634,-146374104.0816154,-32041650.01407619,-13897979.12752658,6.69116268529562,-27.51366439479305,-11.99404077972259,2026-04-03T05:41:02.814376
2461133.738333333, A.D. 2026-Apr-03 05:43:12.0000,69.185634,-146373702.5980524,-32043300.82748713,-13898698.76683553,6.691643165700781,-27.51353326438698,-11.99397278607665,2026-04-03T05:42:02.814332
2461133.739027778, A.D. 2026-Apr-03 05:44:12.0000,69.185634,-146373301.085661,-32044951.63302961,-13899418.40206454,6.692123633436552,-27.51340211264795,-11.99390478180275,2026-04-03T05:43:02.814409
2461133.739722222, A.D. 2026-Apr-03 05:45:12.0000,69.185634,-146372899.544442,-32046602.43070237,-13900138.03321298,6.692604088500334,-27.51327093957779,-11.99383676690196,2026-04-03T05:44:02.814365
2461133.740416666, A.D. 2026-Apr-03 05:46:12.0000,69.185634,-146372497.9743961,-32048253.22050411,-13900857.66028022,6.693084530889532,-27.51313974517835,-11.9937687413754,2026-04-03T05:45:02.814321
2461133.741111111, A.D. 2026-Apr-03 05:47:12.0000,69.185634,-146372096.3755233,-32049904.00243683,-13901577.28326704,6.693564960602501,-27.51300852945122,-11.99370070522402,2026-04-03T05:46:02.814358
2461133.741805556, A.D. 2026-Apr-03 05:48:12.0000,69.185634,-146371694.7478251,-32051554.77649599,-13902296.90217138,6.694045377635693,-27.51287729239849,-11.99363265844905,2026-04-03T05:47:02.814435
2461133.7425, A.D. 2026-Apr-03 05:49:12.0000,69.185634,-146371293.0913023,-32053205.5426803,-13903016.5169926,6.694525781986511,-27.51274603402204,-11.99356460105158,2026-04-03T05:48:02.814391
2461133.743194445, A.D. 2026-Apr-03 05:50:12.0000,69.185634,-146370891.4059557,-32054856.30098847,-13903736.12773007,6.695006173652359,-27.5126147543237,-11.9934965330327,2026-04-03T05:49:02.814428
2461133.743888889, A.D. 2026-Apr-03 05:51:12.0000,69.185634,-146370489.6917852,-32056507.05142252,-13904455.73438457,6.695486552631599,-27.51248345330505,-11.99342845439339,2026-04-03T05:50:02.814384
2461133.744583333, A.D. 2026-Apr-03 05:52:12.0000,69.185634,-146370087.9487925,-32058157.79397788,-13905175.33695404,6.695966918920677,-27.51235213096821,-11.99336036513486,2026-04-03T05:51:02.814340
2461133.745277778, A.D. 2026-Apr-03 05:53:12.0000,69.185634,-146369686.1769789,-32059808.52864999,-13905894.93543641,6.69644727251605,-27.51222078731529,-11.99329226525835,2026-04-03T05:52:02.814377
2461133.745972222, A.D. 2026-Apr-03 05:54:12.0000,69.185634,-146369284.376343,-32061459.25544741,-13906614.52983534,6.696927613417985,-27.51208942234734,-11.99322415476455,2026-04-03T05:53:02.814373
2461133.746666667, A.D. 2026-Apr-03 05:55:12.0000,69.185634,-146368882.5468878,-32063109.97435903,-13907334.12014589,6.697407941621026,-27.51195803606701,-11.99315603365495,2026-04-03T05:54:02.814410
2461133.747361111, A.D. 2026-Apr-03 05:56:12.0000,69.185634,-146368480.6886134,-32064760.68538684,-13908053.70636887,6.697888257123534,-27.51182662847588,-11.99308790193053,2026-04-03T05:55:02.814366
2461133.748055555, A.D. 2026-Apr-03 05:57:12.0000,69.185634,-146368078.8015196,-32066411.38853285,-13908773.28850506,6.698368559923871,-27.51169519957554,-11.99301975959223,2026-04-03T05:56:02.814322
2461133.74875, A.D. 2026-Apr-03 05:58:12.0000,69.185634,-146367676.8856081,-32068062.0837925,-13909492.8665524,6.698848850018494,-27.51156374936811,-11.99295160664129,2026-04-03T05:57:02.814359
2461133.749444445, A.D. 2026-Apr-03 05:59:12.0000,69.185634,-146367274.9408797,-32069712.77116451,-13910212.44051025,6.699329127404806,-27.51143227785542,-11.99288344307881,2026-04-03T05:58:02.814436
2461133.750138889, A.D. 2026-Apr-03 06:00:12.0000,69.185634,-146366872.9673342,-32071363.45065088,-13910932.0103794,6.699809392081175,-27.51130078503908,-11.99281526890575,2026-04-03T05:59:02.814392
2461133.750833333, A.D. 2026-Apr-03 06:01:12.0000,69.185634,-146366470.9649741,-32073014.12224377,-13911651.57615636,6.700289644043099,-27.51116927092144,-11.99274708412346,2026-04-03T06:00:02.814348
2461133.751527778, A.D. 2026-Apr-03 06:02:12.0000,69.185634,-146366068.9337985,-32074664.78594847,-13912371.13784335,6.700769883289898,-27.51103773550384,-11.99267888873278,2026-04-03T06:01:02.814385
2461133.752222222, A.D. 2026-Apr-03 06:03:12.0000,69.185634,-146365666.8738089,-32076315.44176042,-13913090.69543831,6.701250109818027,-27.5109061787884,-11.99261068273494,2026-04-03T06:02:02.814341
2461133.752916667, A.D. 2026-Apr-03 06:04:12.0000,69.185634,-146365264.7850062,-32077966.08967834,-13913810.24894059,6.701730323624898,-27.51077460077696,-11.99254246613104,2026-04-03T06:03:02.814418
2461133.753611111, A.D. 2026-Apr-03 06:05:12.0000,69.185634,-146364862.6673902,-32079616.72970423,-13914529.798351,6.702210524708875,-27.51064300147111,-11.99247423892203,2026-04-03T06:04:02.814374
2461133.754305555, A.D. 2026-Apr-03 06:06:12.0000,69.185634,-146364460.5209635,-32081267.36183026,-13915249.34366603,6.702690713065463,-27.51051138087323,-11.99240600110929,2026-04-03T06:05:02.814330
2461133.755, A.D. 2026-Apr-03 06:07:12.0000,69.185634,-146364058.345725,-32082917.9860617,-13915968.88488791,6.703170888693978,-27.51037973898465,-11.99233775269363,2026-04-03T06:06:02.814367
2461133.755694444, A.D. 2026-Apr-03 06:08:12.0000,69.185634,-146363656.1416765,-32084568.602394,-13916688.42201458,6.703651051590883,-27.51024807580747,-11.99226949367629,2026-04-03T06:07:02.814323
2461133.756388889, A.D. 2026-Apr-03 06:09:12.0000,69.185634,-146363253.9088178,-32086219.21082917,-13917407.95504682,6.704131201754543,-27.51011639134331,-11.99220122405825,2026-04-03T06:08:02.814400
2461133.757083334, A.D. 2026-Apr-03 06:10:12.0000,69.185634,-146362851.6471513,-32087869.81135936,-13918127.48398114,6.704611339180463,-27.50998468559451,-11.99213294384084,2026-04-03T06:09:02.814437
2461133.757777778, A.D. 2026-Apr-03 06:11:12.0000,69.185634,-146362449.3566762,-32089520.40398986,-13918847.00881976,6.705091463867965,-27.50985295856241,-11.99206465302492,2026-04-03T06:10:02.814393
2461133.758472222, A.D. 2026-Apr-03 06:12:12.0000,69.185634,-146362047.037394,-32091170.98871611,-13919566.52956063,6.70557157581351,-27.50972121024914,-11.9919963516117,2026-04-03T06:11:02.814349
2461133.759166667, A.D. 2026-Apr-03 06:13:12.0000,69.185634,-146361644.6893056,-32092821.56553684,-13920286.0462031,6.706051675014512,-27.50958944065654,-11.99192803960229,2026-04-03T06:12:02.814386
2461133.759861111, A.D. 2026-Apr-03 06:14:12.0000,69.185634,-146361242.3124116,-32094472.13445076,-13921005.55874654,6.706531761468385,-27.50945764978646,-11.99185971699778,2026-04-03T06:13:02.814382
2461133.760555556, A.D. 2026-Apr-03 06:15:12.0000,69.185634,-146360839.9067121,-32096122.69545989,-13921725.06719174,6.7070118351735,-27.50932583764051,-11.99179138379914,2026-04-03T06:14:02.814419
2461133.76125, A.D. 2026-Apr-03 06:16:12.0000,69.185634,-146360437.4722093,-32097773.24855638,-13922444.57153521,6.707491896125366,-27.50919400422104,-11.99172304000773,2026-04-03T06:15:02.814375
2461133.761944444, A.D. 2026-Apr-03 06:17:12.0000,69.185634,-146360035.0089026,-32099423.79374552,-13923164.07177916,6.707971944323302,-27.50906214952941,-11.99165468562438,2026-04-03T06:16:02.814331
2461133.762638889, A.D. 2026-Apr-03 06:18:12.0000,69.185634,-146359632.5167934,-32101074.33102275,-13923883.56792154,6.708451979763779,-27.50893027356772,-11.99158632065032,2026-04-03T06:17:02.814368
2461133.763333333, A.D. 2026-Apr-03 06:19:12.0000,69.185634,-146359229.9958816,-32102724.86039007,-13924603.05996314,6.70893200244516,-27.50879837633756,-11.99151794508652,2026-04-03T06:18:02.814364
2461133.764027778, A.D. 2026-Apr-03 06:20:12.0000,69.185634,-146358827.4461698,-32104375.38183966,-13925322.54790047,6.709412012362958,-27.5086664578413,-11.99144955893435,2026-04-03T06:19:02.814401
2461133.764722222, A.D. 2026-Apr-03 06:21:12.0000,69.185634,-146358424.8676569,-32106025.89537679,-13926042.03173575,6.709892009516501,-27.5085345180803,-11.99138116219462,2026-04-03T06:20:02.814357
2461133.765416667, A.D. 2026-Apr-03 06:22:12.0000,69.185634,-146358022.2603447,-32107676.40099691,-13926761.51146691,6.710371993902251,-27.50840255705666,-11.99131275486859,2026-04-03T06:21:02.814394
2461133.766111111, A.D. 2026-Apr-03 06:23:12.0000,69.185634,-146357619.6242338,-32109326.89869874,-13927480.98709332,6.710851965517628,-27.50827057477223,-11.99124433695733,2026-04-03T06:22:02.814350
2461133.766805556, A.D. 2026-Apr-03 06:24:12.0000,69.185634,-146357216.9593243,-32110977.38848429,-13928200.45861577,6.711331924361007,-27.50813857122861,-11.99117590846182,2026-04-03T06:23:02.814427
2461133.7675, A.D. 2026-Apr-03 06:25:12.0000,69.185634,-146356814.2656184,-32112627.87034572,-13928919.92603077,6.711811870427895,-27.50800654642819,-11.99110746938343,2026-04-03T06:24:02.814383
2461133.768194444, A.D. 2026-Apr-03 06:26:12.0000,69.185634,-146356411.5431154,-32114278.34428832,-13929639.38934055,6.712291803717625,-27.50787450037228,-11.99103901972298,2026-04-03T06:25:02.814339
2461133.768888889, A.D. 2026-Apr-03 06:27:12.0000,69.185634,-146356008.7918169,-32115928.81030752,-13930358.84854303,6.712771724226661,-27.50774243306301,-11.99097055948171,2026-04-03T06:26:02.814376
2461133.769583333, A.D. 2026-Apr-03 06:28:12.0000,69.185634,-146355606.0117235,-32117579.26840207,-13931078.30363759,6.713251631952426,-27.50761034450224,-11.99090208866072,2026-04-03T06:27:02.814332
2461133.770277778, A.D. 2026-Apr-03 06:29:12.0000,69.185634,-146355203.2028354,-32119229.71857395,-13931797.75462502,6.71373152689329,-27.50747823469157,-11.99083360726096,2026-04-03T06:28:02.814409
2461133.770972222, A.D. 2026-Apr-03 06:30:12.0000,69.185634,-146354800.3651547,-32120880.16081534,-13932517.20150182,6.714211409044776,-27.50734610363336,-11.99076511528382,2026-04-03T06:29:02.814365
2461133.771666666, A.D. 2026-Apr-03 06:31:12.0000,69.185634,-146354397.4986807,-32122530.59513152,-13933236.64427023,6.714691278406209,-27.50721395132896,-11.99069661273011,2026-04-03T06:30:02.814321
2461133.772361111, A.D. 2026-Apr-03 06:32:12.0000,69.185634,-146353994.603415,-32124181.02151793,-13933956.08292817,6.715171134974057,-27.50708177778049,-11.99062809960108,2026-04-03T06:31:02.814358
2461133.773055556, A.D. 2026-Apr-03 06:33:12.0000,69.185634,-146353591.6793576,-32125831.43997659,-13934675.51747644,6.7156509787467,-27.50694958298953,-11.99055957589768,2026-04-03T06:32:02.814435
2461133.77375, A.D. 2026-Apr-03 06:34:12.0000,69.185634,-146353188.7265107,-32127481.85049966,-13935394.94791154,6.716130809719652,-27.50681736695848,-11.99049104162129,2026-04-03T06:33:02.814391
2461133.774444445, A.D. 2026-Apr-03 06:35:12.0000,69.185634,-146352785.7448736,-32129132.25309242,-13936114.37423571,6.716610627892245,-27.50668512968867,-11.99042249677273,2026-04-03T06:34:02.814428
2461133.775138889, A.D. 2026-Apr-03 06:36:12.0000,69.185634,-146352382.7344478,-32130782.64775031,-13936833.79644688,6.717090433260952,-27.5065528711822,-11.99035394135325,2026-04-03T06:35:02.814384
2461133.775833333, A.D. 2026-Apr-03 06:37:12.0000,69.185634,-146351979.6952342,-32132433.03447207,-13937553.21454441,6.717570225823196,-27.50642059144097,-11.99028537536394,2026-04-03T06:36:02.814340
2461133.776527778, A.D. 2026-Apr-03 06:38:12.0000,69.185634,-146351576.6272334,-32134083.41325642,-13938272.62852767,6.7180500055764,-27.5062882904668,-11.99021679880589,2026-04-03T06:37:02.814377
2461133.777222222, A.D. 2026-Apr-03 06:39:12.0000,69.185634,-146351173.5304455,-32135733.78410537,-13938992.03839745,6.718529772518949,-27.50615596826131,-11.99014821168008,2026-04-03T06:38:02.814373
2461133.777916667, A.D. 2026-Apr-03 06:40:12.0000,69.185634,-146350770.4048727,-32137384.14701107,-13939711.44415027,6.71900952664636,-27.50602362482686,-11.99007961398788,2026-04-03T06:39:02.814410
2461133.778611111, A.D. 2026-Apr-03 06:41:12.0000,69.185634,-146350367.2505144,-32139034.50197883,-13940430.84578835,6.719489267957964,-27.50589126016481,-11.99001100573012,2026-04-03T06:40:02.814366
2461133.779305555, A.D. 2026-Apr-03 06:42:12.0000,69.185634,-146349964.067372,-32140684.84900409,-13941150.24330962,6.719968996450236,-27.50575887427727,-11.98994238690802,2026-04-03T06:41:02.814322
2461133.78, A.D. 2026-Apr-03 06:43:12.0000,69.185634,-146349560.8554455,-32142335.18808884,-13941869.63671487,6.720448712121559,-27.50562646716585,-11.98987375752256,2026-04-03T06:42:02.814359
2461133.780694445, A.D. 2026-Apr-03 06:44:12.0000,69.185634,-146349157.6147373,-32143985.51922527,-13942589.02600063,6.720928414967453,-27.50549403883292,-11.98980511757511,2026-04-03T06:43:02.814436
2461133.781388889, A.D. 2026-Apr-03 06:45:12.0000,69.185634,-146348754.3452466,-32145635.84241864,-13943308.4111691,6.721408104987252,-27.50536158927982,-11.98973646706649,2026-04-03T06:44:02.814392
2461133.782083333, A.D. 2026-Apr-03 06:46:12.0000,69.185634,-146348351.0469749,-32147286.15766442,-13944027.79221824,6.721887782177435,-27.50522911850867,-11.98966780599794,2026-04-03T06:45:02.814348
2461133.782777778, A.D. 2026-Apr-03 06:47:12.0000,69.185634,-146347947.719923,-32148936.46496133,-13944747.1691474,6.722367446535429,-27.50509662652134,-11.98959913437058,2026-04-03T06:46:02.814385
2461133.783472222, A.D. 2026-Apr-03 06:48:12.0000,69.185634,-146347544.3640908,-32150586.76431138,-13945466.54195738,6.722847098059615,-27.50496411331942,-11.98953045218535,2026-04-03T06:47:02.814341
2461133.784166667, A.D. 2026-Apr-03 06:49:12.0000,69.185634,-146347140.9794808,-32152237.05570672,-13946185.91064469,6.72332673674552,-27.5048315789053,-11.98946175944363,2026-04-03T06:48:02.814418
2461133.784861111, A.D. 2026-Apr-03 06:50:12.0000,69.185634,-146346737.5660921,-32153887.33915266,-13946905.27521156,6.723806362592479,-27.50469902328032,-11.98939305614625,2026-04-03T06:49:02.814374
2461133.785555555, A.D. 2026-Apr-03 06:51:12.0000,69.185634,-146346334.1239263,-32155537.61464464,-13947624.63565591,6.724285975596971,-27.5045664464466,-11.98932434229445,2026-04-03T06:50:02.814330
2461133.78625, A.D. 2026-Apr-03 06:52:12.0000,69.185634,-146345930.6529841,-32157187.88218139,-13948343.99197713,6.724765575756427,-27.504433848406,-11.98925561788933,2026-04-03T06:51:02.814367
2461133.786944444, A.D. 2026-Apr-03 06:53:12.0000,69.185634,-146345527.1532655,-32158838.1417649,-13949063.344176,6.725245163069234,-27.50430122916012,-11.98918688293185,2026-04-03T06:52:02.814323
2461133.787638889, A.D. 2026-Apr-03 06:54:12.0000,69.185634,-146345123.6247729,-32160488.39338735,-13949782.69224903,6.725724737530916,-27.50416858871136,-11.9891181374234,2026-04-03T06:53:02.814400
2461133.788333334, A.D. 2026-Apr-03 06:55:12.0000,69.185634,-146344720.0675055,-32162138.63705404,-13950502.03619845,6.726204299140811,-27.50403592706104,-11.98904938136479,2026-04-03T06:54:02.814437
2461133.789027778, A.D. 2026-Apr-03 06:56:12.0000,69.185634,-146344316.4814649,-32163788.8727604,-13951221.3760222,6.7266838478954,-27.50390324421129,-11.98898061475727,2026-04-03T06:55:02.814393
2461133.789722222, A.D. 2026-Apr-03 06:57:12.0000,69.185634,-146343912.8666509,-32165439.10050845,-13951940.71172107,6.72716338379307,-27.50377054016371,-11.9889118376018,2026-04-03T06:56:02.814349
2461133.790416667, A.D. 2026-Apr-03 06:58:12.0000,69.185634,-146343509.223066,-32167089.32029035,-13952660.04329157,6.727642906829351,-27.5036378149207,-11.98884304989976,2026-04-03T06:57:02.814386
2461133.791111111, A.D. 2026-Apr-03 06:59:12.0000,69.185634,-146343105.5507093,-32168739.53211138,-13953379.37073593,6.728122417003579,-27.50350506848359,-11.98877425165197,2026-04-03T06:58:02.814382
2461133.791805556, A.D. 2026-Apr-03 07:00:12.0000,69.185634,-146342701.8495825,-32170389.73596702,-13954098.69405208,6.72860191431224,-27.5033723008545,-11.98870544285968,2026-04-03T06:59:02.814419
2461133.7925, A.D. 2026-Apr-03 07:01:12.0000,69.185634,-146342298.1196862,-32172039.93185597,-13954818.0132394,6.729081398752768,-27.50323951203532,-11.98863662352398,2026-04-03T07:00:02.814375
2461133.793194444, A.D. 2026-Apr-03 07:02:12.0000,69.185634,-146341894.3610213,-32173690.11977696,-13955537.32829724,6.729560870322601,-27.50310670202787,-11.98856779364598,2026-04-03T07:01:02.814331
2461133.793888889, A.D. 2026-Apr-03 07:03:12.0000,69.185634,-146341490.5735878,-32175340.29973201,-13956256.63922641,6.730040329020124,-27.5029738708338,-11.98849895322665,2026-04-03T07:02:02.814368
2461133.794583333, A.D. 2026-Apr-03 07:04:12.0000,69.185634,-146341086.7573871,-32176990.47171656,-13956975.94602485,6.730519774841824,-27.5028410184552,-11.98843010226722,2026-04-03T07:03:02.814364
2461133.795277778, A.D. 2026-Apr-03 07:05:12.0000,69.185634,-146340682.912421,-32178640.63572608,-13957695.24869049,6.730999207784183,-27.50270814489423,-11.98836124076893,2026-04-03T07:04:02.814401
2461133.795972222, A.D. 2026-Apr-03 07:06:12.0000,69.185634,-146340279.0386877,-32180290.7917691,-13958414.54722699,6.731478627847499,-27.50257525015193,-11.98829236873249,2026-04-03T07:05:02.814357
2461133.796666667, A.D. 2026-Apr-03 07:07:12.0000,69.185634,-146339875.1361904,-32181940.93983455,-13959133.84162942,6.731958035026349,-27.50244233423098,-11.98822348615939,2026-04-03T07:06:02.814394
2461133.797361111, A.D. 2026-Apr-03 07:08:12.0000,69.185634,-146339471.2049283,-32183591.07992769,-13959853.13190002,6.732437429320081,-27.50230939713272,-11.98815459305047,2026-04-03T07:07:02.814350
2461133.798055556, A.D. 2026-Apr-03 07:09:12.0000,69.185634,-146339067.2449038,-32185241.2120407,-13960572.4180353,6.732916810724223,-27.50217643885953,-11.9880856894071,2026-04-03T07:08:02.814427
2461133.79875, A.D. 2026-Apr-03 07:10:12.0000,69.185634,-146338663.256116,-32186891.33617888,-13961291.70003748,6.733396179238125,-27.50204345941276,-11.98801677523012,2026-04-03T07:09:02.814383
2461133.799444444, A.D. 2026-Apr-03 07:11:12.0000,69.185634,-146338259.2385658,-32188541.45234094,-13962010.97790592,6.733875534859222,-27.50191045879426,-11.98794785052063,2026-04-03T07:10:02.814339
2461133.800138889, A.D. 2026-Apr-03 07:12:12.0000,69.185634,-146337855.1922554,-32190191.56051906,-13962730.25163715,6.734354877583054,-27.50177743700646,-11.98787891528001,2026-04-03T07:11:02.814376
2461133.800833333, A.D. 2026-Apr-03 07:13:12.0000,69.185634,-146337451.1171841,-32191841.66071853,-13963449.52123337,6.734834207408963,-27.50164439405064,-11.98780996950908,2026-04-03T07:12:02.814332
2461133.801527778, A.D. 2026-Apr-03 07:14:12.0000,69.185634,-146337047.0133542,-32193491.75293152,-13964168.78669112,6.735313524332486,-27.50151132992925,-11.98774101320922,2026-04-03T07:13:02.814409
2461133.802222222, A.D. 2026-Apr-03 07:15:12.0000,69.185634,-146336642.880765,-32195141.83716333,-13964888.0480126,6.735792828352968,-27.50137824464361,-11.98767204638127,2026-04-03T07:14:02.814365
2461133.802916666, A.D. 2026-Apr-03 07:16:12.0000,69.185634,-146336238.7194172,-32196791.91341266,-13965607.3051972,6.736272119467854,-27.50124513819557,-11.98760306902632,2026-04-03T07:15:02.814321
2461133.803611111, A.D. 2026-Apr-03 07:17:12.0000,69.185634,-146335834.5293131,-32198441.98167172,-13966326.55824141,6.73675139767268,-27.50111201058757,-11.98753408114576,2026-04-03T07:16:02.814358
2461133.804305556, A.D. 2026-Apr-03 07:18:12.0000,69.185634,-146335430.3104519,-32200092.04194577,-13967045.80714747,6.737230662966792,-27.5009788618209,-11.98746508274041,2026-04-03T07:17:02.814435
2461133.805, A.D. 2026-Apr-03 07:19:12.0000,69.185634,-146335026.0628352,-32201742.09423027,-13967765.05191332,6.737709915346683,-27.50084569189772,-11.98739607381152,2026-04-03T07:18:02.814391
2461133.805694445, A.D. 2026-Apr-03 07:20:12.0000,69.185634,-146334621.7864639,-32203392.13852395,-13968484.29253832,6.738189154809795,-27.50071250081989,-11.98732705436019,2026-04-03T07:19:02.814428
2461133.806388889, A.D. 2026-Apr-03 07:21:12.0000,69.185634,-146334217.4813386,-32205042.17482555,-13969203.52902185,6.738668381353573,-27.50057928858929,-11.98725802438753,2026-04-03T07:20:02.814384
2461133.807083333, A.D. 2026-Apr-03 07:22:12.0000,69.185634,-146333813.1474602,-32206692.20313379,-13969922.76136327,6.739147594975462,-27.50044605520776,-11.98718898389463,2026-04-03T07:21:02.814340
2461133.807777778, A.D. 2026-Apr-03 07:23:12.0000,69.185634,-146333408.7848285,-32208342.22345068,-13970641.98956338,6.739626795673856,-27.50031280067694,-11.98711993288247,2026-04-03T07:22:02.814377
2461133.808472222, A.D. 2026-Apr-03 07:24:12.0000,69.185634,-146333004.3934453,-32209992.23577167,-13971361.21362011,6.740105983445252,-27.50017952499895,-11.98705087135229,2026-04-03T07:23:02.814373
2461133.809166667, A.D. 2026-Apr-03 07:25:12.0000,69.185634,-146332599.9733112,-32211642.24009551,-13972080.43353285,6.740585158287095,-27.50004622817565,-11.98698179930519,2026-04-03T07:24:02.814410
2461133.809861111, A.D. 2026-Apr-03 07:26:12.0000,69.185634,-146332195.5244262,-32213292.23642419,-13972799.64930238,6.741064320197783,-27.49991291020865,-11.98691271674215,2026-04-03T07:25:02.814366
2461133.810555555, A.D. 2026-Apr-03 07:27:12.0000,69.185634,-146331791.0467928,-32214942.22474989,-13973518.86092522,6.741543469172854,-27.49977957110036,-11.98684362366453,2026-04-03T07:26:02.814322
2461133.81125, A.D. 2026-Apr-03 07:28:12.0000,69.185634,-146331386.54041,-32216592.2050779,-13974238.0684036,6.742022605211666,-27.49964621085212,-11.98677452007318,2026-04-03T07:27:02.814359
2461133.811944445, A.D. 2026-Apr-03 07:29:12.0000,69.185634,-146330982.0052795,-32218242.17740367,-13974957.27173545,6.742501728310711,-27.49951282946605,-11.98670540596933,2026-04-03T07:28:02.814436
2461133.812638889, A.D. 2026-Apr-03 07:30:12.0000,69.185634,-146330577.4414021,-32219892.14172594,-13975676.47092015,6.742980838467439,-27.49937942694403,-11.98663628135409,2026-04-03T07:29:02.814392
2461133.813333333, A.D. 2026-Apr-03 07:31:12.0000,69.185634,-146330172.8487785,-32221542.09804344,-13976395.66595706,6.743459935679295,-27.49924600328792,-11.98656714622856,2026-04-03T07:30:02.814348
2461133.814027778, A.D. 2026-Apr-03 07:32:12.0000,69.185634,-146329768.2274087,-32223192.04635817,-13977114.85684698,6.743939019944684,-27.49911255849934,-11.98649800059371,2026-04-03T07:31:02.814385
2461133.814722222, A.D. 2026-Apr-03 07:33:12.0000,69.185634,-146329363.5772942,-32224841.98666559,-13977834.04358786,6.7444180912601,-27.49897909258043,-11.9864288444508,2026-04-03T07:32:02.814341
2461133.815416667, A.D. 2026-Apr-03 07:34:12.0000,69.185634,-146328958.898436,-32226491.91896444,-13978553.22617905,6.744897149622993,-27.49884560553306,-11.98635967780091,2026-04-03T07:33:02.814418
2461133.816111111, A.D. 2026-Apr-03 07:35:12.0000,69.185634,-146328554.1908346,-32228141.84325344,-13979272.40461994,6.745376195030814,-27.49871209735908,-11.98629050064516,2026-04-03T07:34:02.814374
2461133.816805555, A.D. 2026-Apr-03 07:36:12.0000,69.185634,-146328149.4544909,-32229791.75953133,-13979991.57890989,6.745855227481013,-27.49857856806038,-11.98622131298465,2026-04-03T07:35:02.814330
2461133.8175, A.D. 2026-Apr-03 07:37:12.0000,69.185634,-146327744.6894049,-32231441.66780011,-13980710.7490497,6.746334246971994,-27.49844501763858,-11.98615211482036,2026-04-03T07:36:02.814367
2461133.818194444, A.D. 2026-Apr-03 07:38:12.0000,69.185634,-146327339.8955782,-32233091.56805525,-13981429.91503732,6.746813253500255,-27.49831144609578,-11.98608290615352,2026-04-03T07:37:02.814323
2461133.818888889, A.D. 2026-Apr-03 07:39:12.0000,69.185634,-146326935.0730115,-32234741.46029548,-13982149.0768721,6.74729224706325,-27.49817785343389,-11.98601368698524,2026-04-03T07:38:02.814400
2461133.819583334, A.D. 2026-Apr-03 07:40:12.0000,69.185634,-146326530.2217057,-32236391.34451953,-13982868.23455342,6.747771227658427,-27.49804423965477,-11.98594445731663,2026-04-03T07:39:02.814437
2461133.820277778, A.D. 2026-Apr-03 07:41:12.0000,69.185634,-146326125.3416614,-32238041.22072612,-13983587.38808066,6.748250195283244,-27.49791060476028,-11.9858752171488,2026-04-03T07:40:02.814393
2461133.820972222, A.D. 2026-Apr-03 07:42:12.0000,69.185634,-146325720.4328788,-32239691.08891727,-13984306.53745461,6.748729149936102,-27.49777694875204,-11.98580596648271,2026-04-03T07:41:02.814349
2461133.821666667, A.D. 2026-Apr-03 07:43:12.0000,69.185634,-146325315.4953592,-32241340.94908845,-13985025.6826732,6.749208091613506,-27.49764327163219,-11.98573670531961,2026-04-03T07:42:02.814386
2461133.822361111, A.D. 2026-Apr-03 07:44:12.0000,69.185634,-146324910.5291036,-32242990.80123838,-13985744.82373582,6.749687020312905,-27.4975095734026,-11.9856674336606,2026-04-03T07:43:02.814382
2461133.823055556, A.D. 2026-Apr-03 07:45:12.0000,69.185634,-146324505.5341127,-32244640.64536579,-13986463.96064183,6.750165936031759,-27.49737585406516,-11.98559815150679,2026-04-03T07:44:02.814419
2461133.82375, A.D. 2026-Apr-03 07:46:12.0000,69.185634,-146324100.5103865,-32246290.4814727,-13987183.09339203,6.750644838768471,-27.49724211362145,-11.98552885885916,2026-04-03T07:45:02.814375
2461133.824444444, A.D. 2026-Apr-03 07:47:12.0000,69.185634,-146323695.4579273,-32247940.30955128,-13987902.22198294,6.751123728518594,-27.49710835207389,-11.98545955571907,2026-04-03T07:46:02.814331
2461133.825138889, A.D. 2026-Apr-03 07:48:12.0000,69.185634,-146323290.3767344,-32249590.12960683,-13988621.34641677,6.751602605281489,-27.49697456942383,-11.98539024208738,2026-04-03T07:47:02.814368
2461133.825833333, A.D. 2026-Apr-03 07:49:12.0000,69.185634,-146322885.2668094,-32251239.9416348,-13989340.46669148,6.752081469053656,-27.4968407656734,-11.98532091796531,2026-04-03T07:48:02.814364
2461133.826527778, A.D. 2026-Apr-03 07:50:12.0000,69.185634,-146322480.1281521,-32252889.74563719,-13990059.58280786,6.752560319833507,-27.49670694082421,-11.98525158335385,2026-04-03T07:49:02.814401
2461133.827222222, A.D. 2026-Apr-03 07:51:12.0000,69.185634,-146322074.960765,-32254539.5416062,-13990778.69476243,6.753039157616596,-27.49657309487867,-11.98518223825436,2026-04-03T07:50:02.814357
2461133.827916667, A.D. 2026-Apr-03 07:52:12.0000,69.185634,-146321669.7646473,-32256189.32954711,-13991497.80255741,6.753517982402281,-27.49643922783813,-11.98511288266769,2026-04-03T07:51:02.814394
2461133.828611111, A.D. 2026-Apr-03 07:53:12.0000,69.185634,-146321264.5398005,-32257839.10945538,-13992216.90619075,6.753996794187069,-27.49630533970473,-11.98504351659509,2026-04-03T07:52:02.814350
2461133.829305556, A.D. 2026-Apr-03 07:54:12.0000,69.185634,-146320859.2862255,-32259488.88132973,-13992936.00566182,6.754475592968419,-27.49617143048033,-11.98497414003765,2026-04-03T07:53:02.814427
2461133.83, A.D. 2026-Apr-03 07:55:12.0000,69.185634,-146320454.0039221,-32261138.64517219,-13993655.10097141,6.754954378744741,-27.49603750016656,-11.98490475299634,2026-04-03T07:54:02.814383
2461133.830694444, A.D. 2026-Apr-03 07:56:12.0000,69.185634,-146320048.6928928,-32262788.40097493,-13994374.19211605,6.755433151511594,-27.49590354876581,-11.98483535547257,2026-04-03T07:55:02.814339
2461133.831388889, A.D. 2026-Apr-03 07:57:12.0000,69.185634,-146319643.3531369,-32264438.14874325,-13995093.27909795,6.755911911268336,-27.49576957627945,-11.98476594746714,2026-04-03T07:56:02.814376
2461133.832083333, A.D. 2026-Apr-03 07:58:12.0000,69.185634,-146319237.9846557,-32266087.88847259,-13995812.36191507,6.756390658011477,-27.4956355827096,-11.98469652898132,2026-04-03T07:57:02.814332
2461133.832777778, A.D. 2026-Apr-03 07:59:12.0000,69.185634,-146318832.5874502,-32267737.6201617,-13996531.44056676,6.756869391738478,-27.49550156805815,-11.9846271000162,2026-04-03T07:58:02.814409
2461133.833472222, A.D. 2026-Apr-03 08:00:12.0000,69.185634,-146318427.1615211,-32269387.34380931,-13997250.51505242,6.757348112446801,-27.49536753232697,-11.98455766057291,2026-04-03T07:59:02.814365
2461133.834166666, A.D. 2026-Apr-03 08:01:12.0000,69.185634,-146318021.7068684,-32271037.05941743,-13997969.58537282,6.757826820134857,-27.49523347551768,-11.9844882106524,2026-04-03T08:00:02.814321
2461133.834861111, A.D. 2026-Apr-03 08:02:12.0000,69.185634,-146317616.2234936,-32272686.76698153,-13998688.65152592,6.758305514799158,-27.49509939763241,-11.98441875025592,2026-04-03T08:01:02.814358
2461133.835555556, A.D. 2026-Apr-03 08:03:12.0000,69.185634,-146317210.7113976,-32274336.46650033,-13999407.71351109,6.758784196437165,-27.49496529867305,-11.98434927938459,2026-04-03T08:02:02.814435
2461133.83625, A.D. 2026-Apr-03 08:04:12.0000,69.185634,-146316805.1705811,-32275986.15797258,-14000126.7713277,6.759262865046341,-27.49483117864147,-11.98427979803951,2026-04-03T08:03:02.814391
2461133.836944445, A.D. 2026-Apr-03 08:05:12.0000,69.185634,-146316399.6010441,-32277635.84140027,-14000845.82497655,6.759741520625098,-27.49469703753929,-11.98421030622165,2026-04-03T08:04:02.814428
2461133.837638889, A.D. 2026-Apr-03 08:06:12.0000,69.185634,-146315994.0027891,-32279285.51677561,-14001564.87445415,6.760220163169003,-27.49456287536892,-11.98414080393241,2026-04-03T08:05:02.814384
2461133.838333333, A.D. 2026-Apr-03 08:07:12.0000,69.185634,-146315588.3758152,-32280935.18410387,-14002283.91976273,6.760698792677417,-27.4944286921317,-11.9840712911726,2026-04-03T08:06:02.814340
2461133.839027778, A.D. 2026-Apr-03 08:08:12.0000,69.185634,-146315182.7201238,-32282584.84338053,-14003002.96090025,6.761177409146856,-27.49429448782978,-11.98400176794348,2026-04-03T08:07:02.814377
2461133.839722222, A.D. 2026-Apr-03 08:09:12.0000,69.185634,-146314777.035716,-32284234.49460429,-14003721.99786606,6.761656012574782,-27.49416026246504,-11.98393223424616,2026-04-03T08:08:02.814373
2461133.840416667, A.D. 2026-Apr-03 08:10:12.0000,69.185634,-146314371.3225915,-32285884.1377772,-14004441.03066097,6.762134602959613,-27.49402601603909,-11.98386269008161,2026-04-03T08:09:02.814410
2461133.841111111, A.D. 2026-Apr-03 08:11:12.0000,69.185634,-146313965.580752,-32287533.77289469,-14005160.05928292,6.762613180297865,-27.49389174855408,-11.98379313545107,2026-04-03T08:10:02.814366
2461133.841805555, A.D. 2026-Apr-03 08:12:12.0000,69.185634,-146313559.8101992,-32289183.39995224,-14005879.08372986,6.76309174458605,-27.49375746001215,-11.9837235703558,2026-04-03T08:11:02.814322
2461133.8425, A.D. 2026-Apr-03 08:13:12.0000,69.185634,-146313154.0109313,-32290833.01895842,-14006598.10400544,6.763570295824493,-27.49362315041439,-11.98365399479649,2026-04-03T08:12:02.814359
2461133.843194445, A.D. 2026-Apr-03 08:14:12.0000,69.185634,-146312748.1829516,-32292482.62990213,-14007317.12010475,6.764048834007801,-27.49348881976348,-11.98358440877467,2026-04-03T08:13:02.814436
2461133.843888889, A.D. 2026-Apr-03 08:15:12.0000,69.185634,-146312342.3262601,-32294132.23278537,-14008036.13202859,6.764527359134395,-27.49335446806102,-11.9835148122913,2026-04-03T08:14:02.814392
2461133.844583333, A.D. 2026-Apr-03 08:16:12.0000,69.185634,-146311936.4408566,-32295781.82761017,-14008755.13977777,6.765005871202698,-27.49322009530864,-11.98344520534736,2026-04-03T08:15:02.814348
2461133.845277778, A.D. 2026-Apr-03 08:17:12.0000,69.185634,-146311530.5267429,-32297431.41437198,-14009474.14335022,6.76548437020922,-27.49308570150848,-11.9833755879441,2026-04-03T08:16:02.814385
2461133.845972222, A.D. 2026-Apr-03 08:18:12.0000,69.185634,-146311124.5839196,-32299080.99306955,-14010193.14274532,6.765962856151436,-27.49295128666243,-11.98330596008262,2026-04-03T08:17:02.814341
2461133.846666667, A.D. 2026-Apr-03 08:19:12.0000,69.185634,-146310718.6123869,-32300730.56370489,-14010912.13796387,6.766441329027764,-27.49281685077209,-11.9832363217639,2026-04-03T08:18:02.814418
2461133.847361111, A.D. 2026-Apr-03 08:20:12.0000,69.185634,-146310312.6121469,-32302380.12627017,-14011631.12900238,6.76691978883377,-27.49268239383988,-11.98316667298933,2026-04-03T08:19:02.814374
2461133.848055555, A.D. 2026-Apr-03 08:21:12.0000,69.185634,-146309906.5831991,-32304029.6807707,-14012350.11586309,6.767398235568827,-27.49254791586716,-11.98309701375974,2026-04-03T08:20:02.814330
2461133.84875, A.D. 2026-Apr-03 08:22:12.0000,69.185634,-146309500.5255449,-32305679.22720192,-14013069.09854393,6.767876669229456,-27.49241341685606,-11.98302734407637,2026-04-03T08:21:02.814367
2461133.849444444, A.D. 2026-Apr-03 08:23:12.0000,69.185634,-146309094.439185,-32307328.76556259,-14013788.07704429,6.768355089813125,-27.49227889680848,-11.98295766394035,2026-04-03T08:22:02.814323
2461133.850138889, A.D. 2026-Apr-03 08:24:12.0000,69.185634,-146308688.3241204,-32308978.29585144,-14014507.05136353,6.768833497317306,-27.4921443557263,-11.98288797335278,2026-04-03T08:23:02.814400
2461133.850833334, A.D. 2026-Apr-03 08:25:12.0000,69.185634,-146308282.180351,-32310627.81807048,-14015226.02150246,6.769311891740426,-27.49200979361112,-11.98281827231463,2026-04-03T08:24:02.814437
2461133.851527778, A.D. 2026-Apr-03 08:26:12.0000,69.185634,-146307876.0078783,-32312277.33221517,-14015944.98745902,6.769790273078999,-27.49187521046511,-11.98274856082715,2026-04-03T08:25:02.814393
2461133.852222222, A.D. 2026-Apr-03 08:27:12.0000,69.185634,-146307469.8067032,-32313926.83828425,-14016663.94923257,6.770268641330505,-27.49174060629014,-11.98267883889145,2026-04-03T08:26:02.814349
2461133.852916667, A.D. 2026-Apr-03 08:28:12.0000,69.185634,-146307063.5768264,-32315576.33627646,-14017382.90682251,6.770746996492411,-27.49160598108811,-11.98260910650866,2026-04-03T08:27:02.814386
2461133.853611111, A.D. 2026-Apr-03 08:29:12.0000,69.185634,-146306657.3182487,-32317225.82619055,-14018101.8602282,6.771225338562192,-27.49147133486088,-11.98253936367987,2026-04-03T08:28:02.814382
2461133.854305556, A.D. 2026-Apr-03 08:30:12.0000,69.185634,-146306251.0309702,-32318875.30802852,-14018820.80945044,6.771703667538277,-27.49133666761009,-11.98246961040605,2026-04-03T08:29:02.814419
2461133.855, A.D. 2026-Apr-03 08:31:12.0000,69.185634,-146305844.7149923,-32320524.78178583,-14019539.75448717,6.772181983417184,-27.49120197933787,-11.98239984668847,2026-04-03T08:30:02.814375
2461133.855694444, A.D. 2026-Apr-03 08:32:12.0000,69.185634,-146305438.3703159,-32322174.24746124,-14020258.69533778,6.772660286196388,-27.49106727004612,-11.98233007252823,2026-04-03T08:31:02.814331
2461133.856388889, A.D. 2026-Apr-03 08:33:12.0000,69.185634,-146305031.9969418,-32323823.70505346,-14020977.63200163,6.77313857587337,-27.49093253973671,-11.98226028792644,2026-04-03T08:32:02.814368
2461133.857083333, A.D. 2026-Apr-03 08:34:12.0000,69.185634,-146304625.59487,-32325473.15456452,-14021696.56447952,6.773616852446549,-27.49079778841128,-11.98219049288408,2026-04-03T08:33:02.814364
2461133.857777778, A.D. 2026-Apr-03 08:35:12.0000,69.185634,-146304219.1641027,-32327122.59598661,-14022415.49276797,6.774095115911504,-27.49066301607224,-11.98212068740253,2026-04-03T08:34:02.814401
2461133.858472222, A.D. 2026-Apr-03 08:36:12.0000,69.185634,-146303812.7046393,-32328772.02932502,-14023134.41686922,6.774573366267613,-27.49052822272092,-11.98205087148264,2026-04-03T08:35:02.814357
2461133.859166667, A.D. 2026-Apr-03 08:37:12.0000,69.185634,-146303406.2164814,-32330421.45457521,-14023853.33678121,6.775051603511399,-27.4903934083595,-11.98198104512564,2026-04-03T08:36:02.814394
2461133.859861111, A.D. 2026-Apr-03 08:38:12.0000,69.185634,-146302999.6996288,-32332070.87173919,-14024572.25250473,6.775529827641295,-27.49025857298959,-11.98191120833252,2026-04-03T08:37:02.814350
2461133.860555556, A.D. 2026-Apr-03 08:39:12.0000,69.185634,-146302593.154084,-32333720.28080916,-14025291.16403631,6.776008038652872,-27.49012371661361,-11.98184136110467,2026-04-03T08:38:02.814427
2461133.86125, A.D. 2026-Apr-03 08:40:12.0000,69.185634,-146302186.5798461,-32335369.6817904,-14026010.07137819,6.776486236545514,-27.48998883923291,-11.98177150344292,2026-04-03T08:39:02.814383
2461133.861944444, A.D. 2026-Apr-03 08:41:12.0000,69.185634,-146301779.9769169,-32337019.07467838,-14026728.97452829,6.776964421315745,-27.48985394084964,-11.98170163534851,2026-04-03T08:40:02.814339
2461133.862638889, A.D. 2026-Apr-03 08:42:12.0000,69.185634,-146301373.345297,-32338668.45947184,-14027447.873486,6.777442592961049,-27.4897190214657,-11.98163175682257,2026-04-03T08:41:02.814376
2461133.863333333, A.D. 2026-Apr-03 08:43:12.0000,69.185634,-146300966.6849872,-32340317.83616952,-14028166.76825069,6.777920751478901,-27.48958408108296,-11.98156186786621,2026-04-03T08:42:02.814332
2461133.864027778, A.D. 2026-Apr-03 08:44:12.0000,69.185634,-146300559.9959875,-32341967.20477343,-14028885.65882317,6.778398896867733,-27.48944911970305,-11.9814919684804,2026-04-03T08:43:02.814409
2461133.864722222, A.D. 2026-Apr-03 08:45:12.0000,69.185634,-146300153.2783004,-32343616.56527577,-14029604.54519995,6.778877029123126,-27.48931413732839,-11.98142205866653,2026-04-03T08:44:02.814365
2461133.865416666, A.D. 2026-Apr-03 08:46:12.0000,69.185634,-146299746.5319249,-32345265.91768182,-14030323.42738326,6.779355148244459,-27.48917913396033,-11.98135213842544,2026-04-03T08:45:02.814321
2461133.866111111, A.D. 2026-Apr-03 08:47:12.0000,69.185634,-146299339.756862,-32346915.26199033,-14031042.30537248,6.779833254229215,-27.48904410960075,-11.98128220775823,2026-04-03T08:46:02.814358
2461133.866805556, A.D. 2026-Apr-03 08:48:12.0000,69.185634,-146298932.9531139,-32348564.59819349,-14031761.17916412,6.780311347072975,-27.4889090642521,-11.98121226666631,2026-04-03T08:47:02.814435
2461133.8675, A.D. 2026-Apr-03 08:49:12.0000,69.185634,-146298526.1206799,-32350213.92629658,-14032480.04876042,6.780789426775121,-27.48877399791571,-11.9811423151505,2026-04-03T08:48:02.814391
2461133.868194445, A.D. 2026-Apr-03 08:50:12.0000,69.185634,-146298119.2595623,-32351863.24629179,-14033198.91415789,6.781267493331236,-27.48863891059402,-11.98107235321221,2026-04-03T08:49:02.814428
2461133.868888889, A.D. 2026-Apr-03 08:51:12.0000,69.185634,-146297712.3697604,-32353512.55818443,-14033917.77535877,6.781745546740702,-27.48850380228835,-11.98100238085225,2026-04-03T08:50:02.814384
2461133.869583333, A.D. 2026-Apr-03 08:52:12.0000,69.185634,-146297305.4512757,-32355161.86196995,-14034636.632361,6.782223587000053,-27.4883686730009,-11.98093239807189,2026-04-03T08:51:02.814340
2461133.870277778, A.D. 2026-Apr-03 08:53:12.0000,69.185634,-146296898.5041082,-32356811.15765037,-14035355.48516539,6.782701614107723,-27.48823352273326,-11.98086240487211,2026-04-03T08:52:02.814377
2461133.870972222, A.D. 2026-Apr-03 08:54:12.0000,69.185634,-146296491.5282595,-32358460.44522116,-14036074.33376988,6.783179628060245,-27.4880983514876,-11.98079240125415,2026-04-03T08:53:02.814373
2461133.871666667, A.D. 2026-Apr-03 08:55:12.0000,69.185634,-146296084.5237312,-32360109.72467778,-14036793.17817241,6.783657628854157,-27.48796315926607,-11.98072238721926,2026-04-03T08:54:02.814410
2461133.872361111, A.D. 2026-Apr-03 08:56:12.0000,69.185634,-146295677.4905225,-32361758.99602553,-14037512.01837523,6.784135616488841,-27.48782794607003,-11.98065236276829,2026-04-03T08:55:02.814366
2461133.873055555, A.D. 2026-Apr-03 08:57:12.0000,69.185634,-146295270.4286342,-32363408.25926314,-14038230.8543777,6.784613590961783,-27.48769271190137,-11.98058232790235,2026-04-03T08:56:02.814322
2461133.87375, A.D. 2026-Apr-03 08:58:12.0000,69.185634,-146294863.3380687,-32365057.51438281,-14038949.68617634,6.785091552268572,-27.48755745676252,-11.98051228262282,2026-04-03T08:57:02.814359
2461133.874444445, A.D. 2026-Apr-03 08:59:12.0000,69.185634,-146294456.2188251,-32366706.76138983,-14039668.51377339,6.785569500408588,-27.48742218065482,-11.98044222693055,2026-04-03T08:58:02.814436
2461133.875138889, A.D. 2026-Apr-03 09:00:12.0000,69.185634,-146294049.070905,-32368356.00027966,-14040387.33716679,6.786047435378374,-27.48728688358044,-11.9803721608268,2026-04-03T08:59:02.814392
2461133.875833333, A.D. 2026-Apr-03 09:01:12.0000,69.185634,-146293641.8943093,-32370005.23105106,-14041106.15635592,6.786525357175415,-27.48715156554128,-11.98030208431266,2026-04-03T09:00:02.814348
2461133.876527778, A.D. 2026-Apr-03 09:02:12.0000,69.185634,-146293234.6890388,-32371654.45370275,-14041824.97134015,6.787003265797199,-27.4870162265392,-11.98023199738927,2026-04-03T09:01:02.814385
2461133.877222222, A.D. 2026-Apr-03 09:03:12.0000,69.185634,-146292827.4550941,-32373303.66823349,-14042543.78211886,6.787481161241213,-27.48688086657612,-11.98016190005773,2026-04-03T09:02:02.814341
2461133.877916667, A.D. 2026-Apr-03 09:04:12.0000,69.185634,-146292420.1924753,-32374952.87464529,-14043262.58869285,6.787959043505897,-27.48674548565365,-11.98009179231902,2026-04-03T09:03:02.814418
2461133.878611111, A.D. 2026-Apr-03 09:05:12.0000,69.185634,-146292012.9011841,-32376602.07293361,-14043981.39106008,6.788436912587792,-27.48661008377396,-11.98002167417439,2026-04-03T09:04:02.814374
2461133.879305555, A.D. 2026-Apr-03 09:06:12.0000,69.185634,-146291605.5812211,-32378251.26309722,-14044700.1892199,6.788914768484382,-27.48647466093893,-11.97995154562496,2026-04-03T09:05:02.814330
2461133.88, A.D. 2026-Apr-03 09:07:12.0000,69.185634,-146291198.2325872,-32379900.44513482,-14045418.98317171,6.789392611193162,-27.48633921715046,-11.97988140667185,2026-04-03T09:06:02.814367
2461133.880694444, A.D. 2026-Apr-03 09:08:12.0000,69.185634,-146290790.8552824,-32381549.61904847,-14046137.7729163,6.789870440712567,-27.48620375241017,-11.97981125731602,2026-04-03T09:07:02.814323
2461133.881388889, A.D. 2026-Apr-03 09:09:12.0000,69.185634,-146290383.4493083,-32383198.78483361,-14046856.55845163,6.790348257039145,-27.48606826672022,-11.97974109755874,2026-04-03T09:08:02.814400
2461133.882083334, A.D. 2026-Apr-03 09:10:12.0000,69.185634,-146289976.0146655,-32384847.94248899,-14047575.33977706,6.790826060170382,-27.4859327600825,-11.97967092740113,2026-04-03T09:09:02.814437
2461133.882777778, A.D. 2026-Apr-03 09:11:12.0000,69.185634,-146289568.5513551,-32386497.09201336,-14048294.11689198,6.791303850103771,-27.48579723249892,-11.97960074684428,2026-04-03T09:10:02.814393
2461133.883472222, A.D. 2026-Apr-03 09:12:12.0000,69.185634,-146289161.0593777,-32388146.23340546,-14049012.88979576,6.791781626836803,-27.48566168397135,-11.97953055588933,2026-04-03T09:11:02.814349
2461133.884166667, A.D. 2026-Apr-03 09:13:12.0000,69.185634,-146288753.5387333,-32389795.3666673,-14049731.6584892,6.792259390367922,-27.48552611450142,-11.97946035453725,2026-04-03T09:12:02.814386
2461133.884861111, A.D. 2026-Apr-03 09:14:12.0000,69.185634,-146288345.9894244,-32391444.49179109,-14050450.42296883,6.792737140692721,-27.48539052409159,-11.97939014278943,2026-04-03T09:13:02.814382
2461133.885555556, A.D. 2026-Apr-03 09:15:12.0000,69.185634,-146287938.4114501,-32393093.60878211,-14051169.18323688,6.793214877810593,-27.48525491274317,-11.97931992064671,2026-04-03T09:14:02.814419
2461133.88625, A.D. 2026-Apr-03 09:16:12.0000,69.185634,-146287530.8048119,-32394742.71763583,-14051887.93929129,6.793692601718082,-27.48511928045836,-11.97924968811034,2026-04-03T09:15:02.814375
2461133.886944444, A.D. 2026-Apr-03 09:17:12.0000,69.185634,-146287123.16951,-32396391.81835427,-14052606.69113287,6.794170312413629,-27.48498362723875,-11.97917944518131,2026-04-03T09:16:02.814331
2461133.887638889, A.D. 2026-Apr-03 09:18:12.0000,69.185634,-146286715.5055467,-32398040.91092963,-14053325.43875815,6.794648009892832,-27.48484795308681,-11.979109191861,2026-04-03T09:17:02.814368
2461133.888333333, A.D. 2026-Apr-03 09:19:12.0000,69.185634,-146286307.8129211,-32399689.9953672,-14054044.18216934,6.795125694155087,-27.48471225800387,-11.97903892815027,2026-04-03T09:18:02.814364
2461133.889027778, A.D. 2026-Apr-03 09:20:12.0000,69.185634,-146285900.091635,-32401339.07166245,-14054762.92136441,6.795603365196937,-27.48457654199211,-11.97896865405035,2026-04-03T09:19:02.814401
2461133.889722222, A.D. 2026-Apr-03 09:21:12.0000,69.185634,-146285492.341689,-32402988.13981412,-14055481.65634273,6.79608102301588,-27.48444080505342,-11.97889836956236,2026-04-03T09:20:02.814357
2461133.890416667, A.D. 2026-Apr-03 09:22:12.0000,69.185634,-146285084.5630831,-32404637.19982424,-14056200.3871051,6.796558667610361,-27.48430504718942,-11.9788280746873,2026-04-03T09:21:02.814394
2461133.891111111, A.D. 2026-Apr-03 09:23:12.0000,69.185634,-146284676.7558199,-32406286.25168499,-14056919.11364804,6.797036298975976,-27.48416926840255,-11.97875776942654,2026-04-03T09:22:02.814350
2461133.891805556, A.D. 2026-Apr-03 09:24:12.0000,69.185634,-146284268.9198984,-32407935.29540168,-14057637.83597379,6.797513917112123,-27.48403346869417,-11.97868745378093,2026-04-03T09:23:02.814427
2461133.8925, A.D. 2026-Apr-03 09:25:12.0000,69.185634,-146283861.0553202,-32409584.33096977,-14058356.5540803,6.797991522015352,-27.48389764806643,-11.97861712775173,2026-04-03T09:24:02.814383
2461133.893194444, A.D. 2026-Apr-03 09:26:12.0000,69.185634,-146283453.1620854,-32411233.35839128,-14059075.26796836,6.798469113684106,-27.48376180652098,-11.97854679133991,2026-04-03T09:25:02.814339
2461133.893888889, A.D. 2026-Apr-03 09:27:12.0000,69.185634,-146283045.2401963,-32412882.3776584,-14059793.97763451,6.798946692113989,-27.48362594406024,-11.97847644454687,2026-04-03T09:26:02.814376
2461133.894583333, A.D. 2026-Apr-03 09:28:12.0000,69.185634,-146282637.2896521,-32414531.38877644,-14060512.68308097,6.799424257304397,-27.48349006068556,-11.97840608737344,2026-04-03T09:27:02.814332
2461133.895277778, A.D. 2026-Apr-03 09:29:12.0000,69.185634,-146282229.3104545,-32416180.39174085,-14061231.3843057,6.79990180925188,-27.48335415639913,-11.97833571982089,2026-04-03T09:28:02.814409
2461133.895972222, A.D. 2026-Apr-03 09:30:12.0000,69.185634,-146281821.3026042,-32417829.3865504,-14061950.08130807,6.800379347953938,-27.48321823120282,-11.97826534189032,2026-04-03T09:29:02.814365
2461133.896666666, A.D. 2026-Apr-03 09:31:12.0000,69.185634,-146281413.266102,-32419478.37320383,-14062668.77408746,6.800856873408073,-27.48308228509856,-11.97819495358287,2026-04-03T09:30:02.814321
2461133.897361111, A.D. 2026-Apr-03 09:32:12.0000,69.185634,-146281005.2009487,-32421127.35169986,-14063387.46264325,6.801334385611782,-27.48294631808821,-11.97812455489965,2026-04-03T09:31:02.814358
2461133.898055556, A.D. 2026-Apr-03 09:33:12.0000,69.185634,-146280597.1071443,-32422776.32204054,-14064106.14697623,6.801811884563517,-27.48281033017343,-11.97805414584163,2026-04-03T09:32:02.814435
2461133.89875, A.D. 2026-Apr-03 09:34:12.0000,69.185634,-146280188.9846905,-32424425.28422133,-14064824.82708437,6.802289370259832,-27.48267432135636,-11.97798372641007,2026-04-03T09:33:02.814391
2461133.899444445, A.D. 2026-Apr-03 09:35:12.0000,69.185634,-146279780.8335878,-32426074.23824097,-14065543.50296704,6.802766842698228,-27.48253829163892,-11.97791329660609,2026-04-03T09:34:02.814428
2461133.900138889, A.D. 2026-Apr-03 09:36:12.0000,69.185634,-146279372.6538373,-32427723.18409822,-14066262.17462361,6.803244301876204,-27.482402241023,-11.97784285643081,2026-04-03T09:35:02.814384
2461133.900833333, A.D. 2026-Apr-03 09:37:12.0000,69.185634,-146278964.445439,-32429372.12179509,-14066980.8420549,6.80372174779222,-27.48226616951023,-11.97777240588521,2026-04-03T09:36:02.814340
2461133.901527778, A.D. 2026-Apr-03 09:38:12.0000,69.185634,-146278556.2083942,-32431021.05132705,-14067699.50525884,6.804199180442822,-27.48213007710277,-11.97770194497054,2026-04-03T09:37:02.814377
2461133.902222222, A.D. 2026-Apr-03 09:39:12.0000,69.185634,-146278147.9427039,-32432669.97269285,-14068418.16423483,6.804676599825517,-27.48199396380253,-11.97763147368792,2026-04-03T09:38:02.814373
2461133.902916667, A.D. 2026-Apr-03 09:40:12.0000,69.185634,-146277739.648369,-32434318.88589124,-14069136.81898224,6.80515400593781,-27.48185782961141,-11.97756099203848,2026-04-03T09:39:02.814410
2461133.903611111, A.D. 2026-Apr-03 09:41:12.0000,69.185634,-146277331.32539,-32435967.79092097,-14069855.46950044,6.805631398777206,-27.4817216745313,-11.97749050002332,2026-04-03T09:40:02.814366
2461133.904305555, A.D. 2026-Apr-03 09:42:12.0000,69.185634,-146276922.9737672,-32437616.68778405,-14070574.11579024,6.806108778342154,-27.48158549856384,-11.97741999764344,2026-04-03T09:41:02.814322
2461133.905, A.D. 2026-Apr-03 09:43:12.0000,69.185634,-146276514.5935028,-32439265.57647268,-14071292.75784817,6.806586144628269,-27.48144930171146,-11.97734948490022,2026-04-03T09:42:02.814359
2461133.905694445, A.D. 2026-Apr-03 09:44:12.0000,69.185634,-146276106.1845961,-32440914.45699216,-14072011.39567646,6.807063497634951,-27.48131308397552,-11.97727896179451,2026-04-03T09:43:02.814436
2461133.906388889, A.D. 2026-Apr-03 09:45:12.0000,69.185634,-146275697.7470478,-32442563.32934124,-14072730.02927448,6.807540837359704,-27.48117684535794,-11.97720842832743,2026-04-03T09:44:02.814392
2461133.907083333, A.D. 2026-Apr-03 09:46:12.0000,69.185634,-146275289.2808604,-32444212.19351211,-14073448.65863877,6.80801816379814,-27.48104058586113,-11.97713788450036,2026-04-03T09:45:02.814348
2461133.907777778, A.D. 2026-Apr-03 09:47:12.0000,69.185634,-146274880.7860331,-32445861.04951007,-14074167.28377154,6.808495476949664,-27.48090430548647,-11.97706733031417,2026-04-03T09:46:02.814385
2461133.908472222, A.D. 2026-Apr-03 09:48:12.0000,69.185634,-146274472.2625681,-32447509.89732732,-14074885.90466934,6.808972776809885,-27.48076800423639,-11.97699676577023,2026-04-03T09:47:02.814341
2461133.909166667, A.D. 2026-Apr-03 09:49:12.0000,69.185634,-146274063.7104649,-32449158.73696916,-14075604.52133438,6.809450063378211,-27.48063168211227,-11.9769261908694,2026-04-03T09:48:02.814418
2461133.909861111, A.D. 2026-Apr-03 09:50:12.0000,69.185634,-146273655.1297241,-32450807.56843432,-14076323.13376605,6.809927336652145,-27.48049533911598,-11.97685560561279,2026-04-03T09:49:02.814374
2461133.910555555, A.D. 2026-Apr-03 09:51:12.0000,69.185634,-146273246.5203481,-32452456.39171502,-14077041.74196088,6.810404596627301,-27.48035897524999,-11.9767850100018,2026-04-03T09:50:02.814330
2461133.91125, A.D. 2026-Apr-03 09:52:12.0000,69.185634,-146272837.8823361,-32454105.20681655,-14077760.34592109,6.81088184330309,-27.48022259051565,-11.97671440403727,2026-04-03T09:51:02.814367
2461133.911944444, A.D. 2026-Apr-03 09:53:12.0000,69.185634,-146272429.2156906,-32455754.0137311,-14078478.94564321,6.811359076675121,-27.48008618491541,-11.9766437877206,2026-04-03T09:52:02.814323
2461133.912638889, A.D. 2026-Apr-03 09:54:12.0000,69.185634,-146272020.5204107,-32457402.81246398,-14079197.54112948,6.811836296742799,-27.47994975845062,-11.97657316105263,2026-04-03T09:53:02.814400
2461133.913333334, A.D. 2026-Apr-03 09:55:12.0000,69.185634,-146271611.7964973,-32459051.60301394,-14079916.13237926,6.812313503503638,-27.47981331112319,-11.97650252403448,2026-04-03T09:54:02.814437
2461133.914027778, A.D. 2026-Apr-03 09:56:12.0000,69.185634,-146271203.0439527,-32460700.38537316,-14080634.7193891,6.812790696953251,-27.47967684293556,-11.97643187666755,2026-04-03T09:55:02.814393
2461133.914722222, A.D. 2026-Apr-03 09:57:12.0000,69.185634,-146270794.2627761,-32462349.15954696,-14081353.30216121,6.813267877091046,-27.47954035388908,-11.97636121895268,2026-04-03T09:56:02.814349
2461133.915416667, A.D. 2026-Apr-03 09:58:12.0000,69.185634,-146270385.4529692,-32463997.9255308,-14082071.88069356,6.813745043913586,-27.47940384398596,-11.97629055089114,2026-04-03T09:57:02.814386
2461133.916111111, A.D. 2026-Apr-03 09:59:12.0000,69.185634,-146269976.6145326,-32465646.68332343,-14082790.45498553,6.814222197418387,-27.47926731322807,-11.97621987248403,2026-04-03T09:58:02.814382
2461133.916805556, A.D. 2026-Apr-03 10:00:12.0000,69.185634,-146269567.7474674,-32467295.43292359,-14083509.02503648,6.814699337602958,-27.47913076161731,-11.97614918373248,2026-04-03T09:59:02.814419
2461133.9175, A.D. 2026-Apr-03 10:01:12.0000,69.185634,-146269158.8517733,-32468944.17433333,-14084227.59084723,6.81517646446576,-27.47899418915534,-11.97607848463748,2026-04-03T10:00:02.814375
2461133.918194444, A.D. 2026-Apr-03 10:02:12.0000,69.185634,-146268749.9274528,-32470592.90754483,-14084946.1524143,6.815653578002415,-27.47885759584459,-11.97600777520042,2026-04-03T10:01:02.814331
2461133.918888889, A.D. 2026-Apr-03 10:03:12.0000,69.185634,-146268340.9745052,-32472241.63256339,-14085664.70973993,6.816130678212328,-27.47872098168642,-11.97593705542214,2026-04-03T10:02:02.814368
2461133.919583333, A.D. 2026-Apr-03 10:04:12.0000,69.185634,-146267931.992932,-32473890.34938449,-14086383.26282207,6.81660776509207,-27.47858434668301,-11.97586632530391,2026-04-03T10:03:02.814364
2461133.920277778, A.D. 2026-Apr-03 10:05:12.0000,69.185634,-146267522.9827333,-32475539.05801015,-14087101.81166153,6.8170848386401,-27.47844769083598,-11.9757955848467,2026-04-03T10:04:02.814401
2461133.920972222, A.D. 2026-Apr-03 10:06:12.0000,69.185634,-146267113.9439113,-32477187.75843256,-14087820.35625482,6.817561898852039,-27.4783110141478,-11.97572483405192,2026-04-03T10:05:02.814357
2461133.921666667, A.D. 2026-Apr-03 10:07:12.0000,69.185634,-146266704.8764654,-32478836.45065704,-14088538.8966042,6.8180389457273,-27.47817431661983,-11.9756540729204,2026-04-03T10:06:02.814394
2461133.922361111, A.D. 2026-Apr-03 10:08:12.0000,69.185634,-146266295.7803971,-32480485.13467906,-14089257.4327076,6.818515979262448,-27.47803759825422,-11.97558330145341,2026-04-03T10:07:02.814350
2461133.923055556, A.D. 2026-Apr-03 10:09:12.0000,69.185634,-146265886.6557073,-32482133.81049736,-14089975.96456441,6.818992999455005,-27.47790085905291,-11.97551251965207,2026-04-03T10:08:02.814427
2461133.92375, A.D. 2026-Apr-03 10:10:12.0000,69.185634,-146265477.5023966,-32483782.4781107,-14090694.492174,6.819470006302482,-27.47776409901778,-11.9754417275175,2026-04-03T10:09:02.814383
2461133.924444444, A.D. 2026-Apr-03 10:11:12.0000,69.185634,-146265068.3204652,-32485431.13752109,-14091413.01553719,6.819946999803349,-27.47762731815047,-11.97537092505069,2026-04-03T10:10:02.814339
2461133.925138889, A.D. 2026-Apr-03 10:12:12.0000,69.185634,-146264659.1099146,-32487079.78872402,-14092131.53465194,6.820423979954174,-27.47749051645316,-11.97530011225288,2026-04-03T10:11:02.814376
2461133.925833333, A.D. 2026-Apr-03 10:13:12.0000,69.185634,-146264249.8707457,-32488728.43171823,-14092850.0495176,6.820900946752475,-27.47735369392776,-11.97522928912522,2026-04-03T10:12:02.814332
2461133.926527778, A.D. 2026-Apr-03 10:14:12.0000,69.185634,-146263840.6029592,-32490377.06650248,-14093568.56013358,6.821377900195774,-27.47721685057617,-11.97515845566881,2026-04-03T10:13:02.814409
2461133.927222222, A.D. 2026-Apr-03 10:15:12.0000,69.185634,-146263431.3065559,-32492025.69307552,-14094287.06649924,6.821854840281586,-27.4770799864003,-11.97508761188478,2026-04-03T10:14:02.814365
2461133.927916666, A.D. 2026-Apr-03 10:16:12.0000,69.185634,-146263021.9815359,-32493674.31143937,-14095005.5686154,6.822331767008381,-27.47694310140179,-11.97501675777411,2026-04-03T10:15:02.814321
2461133.928611111, A.D. 2026-Apr-03 10:17:12.0000,69.185634,-146262612.6279014,-32495322.92158622,-14095724.06647859,6.822808680371784,-27.47680619558308,-11.9749458933382,2026-04-03T10:16:02.814358
2461133.929305556, A.D. 2026-Apr-03 10:18:12.0000,69.185634,-146262203.2456519,-32496971.5235214,-14096442.56009103,6.823285580371209,-27.47666926894552,-11.9748750185779,2026-04-03T10:17:02.814435
2461133.93, A.D. 2026-Apr-03 10:19:12.0000,69.185634,-146261793.8347879,-32498620.11724363,-14097161.04945211,6.823762467004179,-27.47653232149106,-11.97480413349433,2026-04-03T10:18:02.814391
2461133.930694445, A.D. 2026-Apr-03 10:20:12.0000,69.185634,-146261384.395312,-32500268.70274513,-14097879.53455836,6.824239340266319,-27.47639535322212,-11.97473323808888,2026-04-03T10:19:02.814428
2461133.931388889, A.D. 2026-Apr-03 10:21:12.0000,69.185634,-146260974.9272234,-32501917.2800312,-14098598.015412,6.824716200157047,-27.47625836414007,-11.97466233236241,2026-04-03T10:20:02.814384
2461133.932083333, A.D. 2026-Apr-03 10:22:12.0000,69.185634,-146260565.4305235,-32503565.84909731,-14099316.492011,6.825193046672936,-27.47612135424708,-11.97459141631618,2026-04-03T10:21:02.814340
2461133.932777778, A.D. 2026-Apr-03 10:23:12.0000,69.185634,-146260155.9052134,-32505214.40994221,-14100034.96435473,6.825669879811511,-27.47598432354509,-11.9745204899513,2026-04-03T10:22:02.814377
2461133.933472222, A.D. 2026-Apr-03 10:24:12.0000,69.185634,-146259746.3512936,-32506862.96256467,-14100753.43244257,6.826146699570292,-27.47584727203598,-11.9744495532689,2026-04-03T10:23:02.814373
2461133.934166667, A.D. 2026-Apr-03 10:25:12.0000,69.185634,-146259336.7687652,-32508511.50696341,-14101471.89627391,6.826623505946809,-27.47571019972165,-11.9743786062701,2026-04-03T10:24:02.814410
2461133.934861111, A.D. 2026-Apr-03 10:26:12.0000,69.185634,-146258927.157628,-32510160.04314047,-14102190.35584955,6.827100298939524,-27.47557310660377,-11.97430764895589,2026-04-03T10:25:02.814366
2461133.935555555, A.D. 2026-Apr-03 10:27:12.0000,69.185634,-146258517.5178836,-32511808.57109135,-14102908.81116746,6.827577078545022,-27.47543599268451,-11.97423668132753,2026-04-03T10:26:02.814322
2461133.93625, A.D. 2026-Apr-03 10:28:12.0000,69.185634,-146258107.8495329,-32513457.09081477,-14103627.262227,6.828053844760823,-27.47529885796576,-11.97416570338614,2026-04-03T10:27:02.814359
2461133.936944445, A.D. 2026-Apr-03 10:29:12.0000,69.185634,-146257698.1525767,-32515105.60230949,-14104345.70902756,6.828530597584455,-27.47516170244944,-11.97409471513285,2026-04-03T10:28:02.814436
2461133.937638889, A.D. 2026-Apr-03 10:30:12.0000,69.185634,-146257288.4270149,-32516754.10557755,-14105064.15156995,6.829007337014392,-27.47502452613719,-11.97402371656863,2026-04-03T10:29:02.814392
2461133.938333333, A.D. 2026-Apr-03 10:31:12.0000,69.185634,-146256878.6728501,-32518402.60061115,-14105782.58985069,6.829484063046262,-27.47488732903147,-11.9739527076949,2026-04-03T10:30:02.814348
2461133.939027778, A.D. 2026-Apr-03 10:32:12.0000,69.185634,-146256468.8900813,-32520051.08741558,-14106501.02387203,6.829960775679489,-27.47475011113366,-11.97388168851249,2026-04-03T10:31:02.814385
2461133.939722222, A.D. 2026-Apr-03 10:33:12.0000,69.185634,-146256059.0787102,-32521699.56598632,-14107219.45363192,6.830437474910653,-27.47461287244589,-11.97381065902268,2026-04-03T10:32:02.814341
2461133.940416667, A.D. 2026-Apr-03 10:34:12.0000,69.185634,-146255649.2387367,-32523348.03632541,-14107937.87913115,6.830914160738226,-27.47447561296984,-11.97373961922643,2026-04-03T10:33:02.814418
2461133.941111111, A.D. 2026-Apr-03 10:35:12.0000,69.185634,-146255239.3701634,-32524996.49842503,-14108656.30036627,6.831390833157844,-27.47433833270797,-11.97366856912516,2026-04-03T10:34:02.814374
2461133.941805555, A.D. 2026-Apr-03 10:36:12.0000,69.185634,-146254829.4729894,-32526644.95229051,-14109374.71733951,6.83186749216893,-27.47420103166162,-11.97359750871971,2026-04-03T10:35:02.814330
2461133.9425, A.D. 2026-Apr-03 10:37:12.0000,69.185634,-146254419.5472162,-32528293.39791732,-14110093.13004882,6.832344137768061,-27.474063709833,-11.97352643801135,2026-04-03T10:36:02.814367
2461133.943194444, A.D. 2026-Apr-03 10:38:12.0000,69.185634,-146254009.5928448,-32529941.8353042,-14110811.53849358,6.832820769952772,-27.473926367224,-11.97345535700119,2026-04-03T10:37:02.814323
2461133.943888889, A.D. 2026-Apr-03 10:39:12.0000,69.185634,-146253599.6098758,-32531590.26444991,-14111529.94267319,6.833297388720589,-27.47378900383653,-11.97338426569037,2026-04-03T10:38:02.814400
2461133.944583334, A.D. 2026-Apr-03 10:40:12.0000,69.185634,-146253189.5983094,-32533238.68535648,-14112248.34258843,6.833773994069991,-27.47365161967224,-11.97331316407986,2026-04-03T10:39:02.814437
2461133.945277778, A.D. 2026-Apr-03 10:41:12.0000,69.185634,-146252779.5581479,-32534887.09801612,-14112966.73823585,6.834250585996613,-27.47351421473359,-11.97324205217108,2026-04-03T10:40:02.814393
2461133.945972222, A.D. 2026-Apr-03 10:42:12.0000,69.185634,-146252369.4893906,-32536535.50243412,-14113685.12961768,6.834727164499882,-27.47337678902194,-11.97317092996486,2026-04-03T10:41:02.814349
2461133.946666667, A.D. 2026-Apr-03 10:43:12.0000,69.185634,-146251959.3920381,-32538183.89860924,-14114403.5167333,6.835203729577328,-27.47323934253921,-11.97309979746233,2026-04-03T10:42:02.814386
2461133.947361111, A.D. 2026-Apr-03 10:44:12.0000,69.185634,-146251549.266093,-32539832.28653369,-14115121.89957924,6.835680281224588,-27.47310187528786,-11.97302865466489,2026-04-03T10:43:02.814382
2461133.948055556, A.D. 2026-Apr-03 10:45:12.0000,69.185634,-146251139.1115544,-32541480.66621277,-14115840.27815774,6.836156819441092,-27.47296438726924,-11.9729575015734,2026-04-03T10:44:02.814419
2461133.94875, A.D. 2026-Apr-03 10:46:12.0000,69.185634,-146250728.9284248,-32543129.03763868,-14116558.65246532,6.836633344222474,-27.47282687848581,-11.97288633818925,2026-04-03T10:45:02.814375
2461133.949444444, A.D. 2026-Apr-03 10:47:12.0000,69.185634,-146250318.7167033,-32544777.40081672,-14117277.02250423,6.837109855568162,-27.47268934893896,-11.97281516451328,2026-04-03T10:46:02.814331
2461133.950138889, A.D. 2026-Apr-03 10:48:12.0000,69.185634,-146249908.4763916,-32546425.75574238,-14117995.3882724,6.837586353474744,-27.47255179863086,-11.97274398054678,2026-04-03T10:47:02.814368
2461133.950833333, A.D. 2026-Apr-03 10:49:12.0000,69.185634,-146249498.2074896,-32548074.10241769,-14118713.74977067,6.838062837940702,-27.47241422756316,-11.97267278629071,2026-04-03T10:48:02.814364
2461133.951527778, A.D. 2026-Apr-03 10:50:12.0000,69.185634,-146249087.9099991,-32549722.44083812,-14119432.10699698,6.83853930896262,-27.47227663573803,-11.97260158174634,2026-04-03T10:49:02.814401
2461133.952222222, A.D. 2026-Apr-03 10:51:12.0000,69.185634,-146248677.5839215,-32551370.77099916,-14120150.45994929,6.839015766537088,-27.47213902315767,-11.97253036691495,2026-04-03T10:50:02.814357
2461133.952916667, A.D. 2026-Apr-03 10:52:12.0000,69.185634,-146248267.2292561,-32553019.0929061,-14120868.80862983,6.839492210663533,-27.47200138982344,-11.97245914179737,2026-04-03T10:51:02.814394
2461133.953611111, A.D. 2026-Apr-03 10:53:12.0000,69.185634,-146247856.8460037,-32554667.40655771,-14121587.15303799,6.839968641339496,-27.47186373573727,-11.97238790639474,2026-04-03T10:52:02.814350
2461133.954305556, A.D. 2026-Apr-03 10:54:12.0000,69.185634,-146247446.4341666,-32556315.71194619,-14122305.49317029,6.840445058560613,-27.47172606090161,-11.97231666070845,2026-04-03T10:53:02.814427
2461133.955, A.D. 2026-Apr-03 10:55:12.0000,69.185634,-146247035.9937442,-32557964.00907684,-14123023.82902898,6.840921462326318,-27.47158836531782,-11.97224540473935,2026-04-03T10:54:02.814383
2461133.955694444, A.D. 2026-Apr-03 10:56:12.0000,69.185634,-146246625.5247388,-32559612.29794187,-14123742.16061058,6.841397852632253,-27.47145064898838,-11.97217413848885,2026-04-03T10:55:02.814339
2461133.956388889, A.D. 2026-Apr-03 10:57:12.0000,69.185634,-146246215.0271488,-32561260.57854987,-14124460.48791876,6.841874229478798,-27.47131291191437,-11.97210286195765,2026-04-03T10:56:02.814376
2461133.957083333, A.D. 2026-Apr-03 10:58:12.0000,69.185634,-146245804.5009775,-32562908.85088974,-14125178.81094861,6.842350592860645,-27.47117515409854,-11.9720315751473,2026-04-03T10:57:02.814332
2461133.957777778, A.D. 2026-Apr-03 10:59:12.0000,69.185634,-146245393.9462248,-32564557.11496354,-14125897.12970096,6.842826942776286,-27.47103737554252,-11.97196027805879,2026-04-03T10:58:02.814409
2461133.958472222, A.D. 2026-Apr-03 11:00:12.0000,69.185634,-146244983.3628907,-32566205.37077329,-14126615.4441766,6.8433032792242,-27.47089957624796,-11.9718889706931,2026-04-03T10:59:02.814365
2461133.959166666, A.D. 2026-Apr-03 11:01:12.0000,69.185634,-146244572.7509769,-32567853.61831448,-14127333.7543735,6.843779602200984,-27.47076175621703,-11.9718176530515,2026-04-03T11:00:02.814321
2461133.959861111, A.D. 2026-Apr-03 11:02:12.0000,69.185634,-146244162.1104842,-32569501.85758585,-14128052.06029104,6.844255911704177,-27.47062391545168,-11.97174632513511,2026-04-03T11:01:02.814358
2461133.960555556, A.D. 2026-Apr-03 11:03:12.0000,69.185634,-146243751.4414133,-32571150.08858617,-14128770.36192861,6.844732207731319,-27.47048605395381,-11.97167498694507,2026-04-03T11:02:02.814435
2461133.96125, A.D. 2026-Apr-03 11:04:12.0000,69.185634,-146243340.7437643,-32572798.31131746,-14129488.659287,6.845208490280894,-27.47034817172505,-11.97160363848235,2026-04-03T11:03:02.814391
2461133.961944445, A.D. 2026-Apr-03 11:05:12.0000,69.185634,-146242930.0175396,-32574446.52577192,-14130206.95236276,6.845684759348551,-27.47021026876789,-11.97153227974836,2026-04-03T11:04:02.814428
2461133.962638889, A.D. 2026-Apr-03 11:06:12.0000,69.185634,-146242519.2627384,-32576094.73195488,-14130925.24115812,6.846161014933728,-27.47007234508368,-11.97146091074396,2026-04-03T11:05:02.814384
2461133.963333333, A.D. 2026-Apr-03 11:07:12.0000,69.185634,-146242108.4793623,-32577742.92986181,-14131643.52567104,6.846637257033017,-27.46993440067461,-11.9713895314704,2026-04-03T11:06:02.814340
2461133.964027778, A.D. 2026-Apr-03 11:08:12.0000,69.185634,-146241697.6674113,-32579391.11949474,-14132361.80590232,6.847113485644905,-27.46979643554235,-11.97131814192868,2026-04-03T11:07:02.814377
2461133.964722222, A.D. 2026-Apr-03 11:09:12.0000,69.185634,-146241286.8268878,-32581039.30084587,-14133080.08184851,6.847589700765044,-27.46965844968933,-11.9712467421202,2026-04-03T11:08:02.814373
2461133.965416667, A.D. 2026-Apr-03 11:10:12.0000,69.185634,-146240875.9577911,-32582687.47392051,-14133798.35351183,6.84806590239287,-27.46952044311695,-11.97117533204581,2026-04-03T11:09:02.814410
2461133.966111111, A.D. 2026-Apr-03 11:11:12.0000,69.185634,-146240465.0601227,-32584335.63871416,-14134516.62089024,6.848542090524978,-27.46938241582738,-11.97110391170678,2026-04-03T11:10:02.814366
2461133.966805555, A.D. 2026-Apr-03 11:12:12.0000,69.185634,-146240054.1338835,-32585983.79522555,-14135234.88398313,6.849018265158916,-27.46924436782255,-11.97103248110422,2026-04-03T11:11:02.814322
2461133.9675, A.D. 2026-Apr-03 11:13:12.0000,69.185634,-146239643.1790742,-32587631.94345345,-14135953.14278989,6.849494426292225,-27.46910629910437,-11.97096104023928,2026-04-03T11:12:02.814359
2461133.968194445, A.D. 2026-Apr-03 11:14:12.0000,69.185634,-146239232.1956949,-32589280.0833999,-14136671.39731131,6.849970573923397,-27.4689682096745,-11.97088958911293,2026-04-03T11:13:02.814436
2461133.968888889, A.D. 2026-Apr-03 11:15:12.0000,69.185634,-146238821.1837472,-32590928.21506038,-14137389.64754537,6.850446708049031,-27.46883009953513,-11.97081812772645,2026-04-03T11:14:02.814392
2461133.969583333, A.D. 2026-Apr-03 11:16:12.0000,69.185634,-146238410.1432319,-32592576.33843362,-14138107.89349144,6.850922828666671,-27.46869196868816,-11.97074665608097,2026-04-03T11:15:02.814348
2461133.970277778, A.D. 2026-Apr-03 11:17:12.0000,69.185634,-146237999.0741498,-32594224.45351842,-14138826.13514892,6.851398935773863,-27.46855381713553,-11.9706751741776,2026-04-03T11:16:02.814385
2461133.970972222, A.D. 2026-Apr-03 11:18:12.0000,69.185634,-146237587.9765017,-32595872.56031351,-14139544.37251717,6.851875029368157,-27.46841564487914,-11.97060368201748,2026-04-03T11:17:02.814341
2461133.971666667, A.D. 2026-Apr-03 11:19:12.0000,69.185634,-146237176.8502876,-32597520.65882093,-14140262.60559702,6.852351109448045,-27.46827745192066,-11.9705321796016,2026-04-03T11:18:02.814418
2461133.972361111, A.D. 2026-Apr-03 11:20:12.0000,69.185634,-146236765.6955091,-32599168.74903616,-14140980.83438643,6.852827176010124,-27.46813923826227,-11.97046066693123,2026-04-03T11:19:02.814374
2461133.973055555, A.D. 2026-Apr-03 11:21:12.0000,69.185634,-146236354.5121672,-32600816.83095796,-14141699.05888477,6.853303229051946,-27.46800100390589,-11.97038914400749,2026-04-03T11:20:02.814330
2461133.97375, A.D. 2026-Apr-03 11:22:12.0000,69.185634,-146235943.3002624,-32602464.9045851,-14142417.27909144,6.853779268571058,-27.46786274885345,-11.97031761083151,2026-04-03T11:21:02.814367
2461133.974444444, A.D. 2026-Apr-03 11:23:12.0000,69.185634,-146235532.0597958,-32604112.96991631,-14143135.49500581,6.854255294565008,-27.46772447310685,-11.97024606740441,2026-04-03T11:22:02.814323
2461133.975138889, A.D. 2026-Apr-03 11:24:12.0000,69.185634,-146235120.7907672,-32605761.02695365,-14143853.70662871,6.854731307032293,-27.46758617666776,-11.9701745137272,2026-04-03T11:23:02.814400
2461133.975833334, A.D. 2026-Apr-03 11:25:12.0000,69.185634,-146234709.4931783,-32607409.0756926,-14144571.91395808,6.855207305969514,-27.46744785953837,-11.97010294980113,2026-04-03T11:24:02.814437
2461133.976527778, A.D. 2026-Apr-03 11:26:12.0000,69.185634,-146234298.1670299,-32609057.11613191,-14145290.11699331,6.855683291374225,-27.46730952172059,-11.97003137562733,2026-04-03T11:25:02.814393
2461133.977222222, A.D. 2026-Apr-03 11:27:12.0000,69.185634,-146233886.8123229,-32610705.14827034,-14146008.3157338,6.856159263243968,-27.46717116321635,-11.96995979120695,2026-04-03T11:26:02.814349
2461133.977916667, A.D. 2026-Apr-03 11:28:12.0000,69.185634,-146233475.429058,-32612353.17210664,-14146726.51017891,6.856635221576302,-27.46703278402757,-11.96988819654109,2026-04-03T11:27:02.814386
2461133.978611111, A.D. 2026-Apr-03 11:29:12.0000,69.185634,-146233064.0172352,-32614001.18764286,-14147444.70032947,6.857111166369721,-27.46689438415589,-11.96981659163075,2026-04-03T11:28:02.814382
2461133.979305556, A.D. 2026-Apr-03 11:30:12.0000,69.185634,-146232652.5768561,-32615649.19487449,-14148162.88618344,6.857587097620832,-27.46675596360352,-11.9697449764772,2026-04-03T11:29:02.814419
2461133.98, A.D. 2026-Apr-03 11:31:12.0000,69.185634,-146232241.1079217,-32617297.19380027,-14148881.06774019,6.858063015327184,-27.46661752237238,-11.96967335108158,2026-04-03T11:30:02.814375
2461133.980694444, A.D. 2026-Apr-03 11:32:12.0000,69.185634,-146231829.6104326,-32618945.18441897,-14149599.24499912,6.858538919486334,-27.46647906046439,-11.969601715445,2026-04-03T11:31:02.814331
2461133.981388889, A.D. 2026-Apr-03 11:33:12.0000,69.185634,-146231418.0843889,-32620593.16673262,-14150317.41796104,6.859014810096778,-27.46634057788118,-11.96953006956845,2026-04-03T11:32:02.814368
2461133.982083333, A.D. 2026-Apr-03 11:34:12.0000,69.185634,-146231006.529793,-32622241.14073343,-14151035.58662248,6.859490687154176,-27.46620207462525,-11.96945841345336,2026-04-03T11:33:02.814364
2461133.982777778, A.D. 2026-Apr-03 11:35:12.0000,69.185634,-146230594.9466442,-32623889.10642672,-14151753.75098567,6.859966550657977,-27.46606355069797,-11.96938674710056,2026-04-03T11:34:02.814401
2461133.983472222, A.D. 2026-Apr-03 11:36:12.0000,69.185634,-146230183.3349439,-32625537.06380795,-14152471.91104859,6.860442400604787,-27.46592500610152,-11.96931507051133,2026-04-03T11:35:02.814357
2461133.984166667, A.D. 2026-Apr-03 11:37:12.0000,69.185634,-146229771.6946931,-32627185.01287591,-14153190.06681061,6.860918236992163,-27.46578644083784,-11.96924338368679,2026-04-03T11:36:02.814394
2461133.984861111, A.D. 2026-Apr-03 11:38:12.0000,69.185634,-146229360.0258918,-32628832.9536326,-14153908.21827254,6.861394059818601,-27.46564785490858,-11.96917168662794,2026-04-03T11:37:02.814350
2461133.985555556, A.D. 2026-Apr-03 11:39:12.0000,69.185634,-146228948.3285415,-32630480.88607354,-14154626.36543235,6.861869869080717,-27.46550924831591,-11.96909997933604,2026-04-03T11:38:02.814427
2461133.98625, A.D. 2026-Apr-03 11:40:12.0000,69.185634,-146228536.6026431,-32632128.81019748,-14155344.50828942,6.862345664776063,-27.46537062106179,-11.96902826181222,2026-04-03T11:39:02.814383
2461133.986944444, A.D. 2026-Apr-03 11:41:12.0000,69.185634,-146228124.8481975,-32633776.72600317,-14156062.64684314,6.862821446902198,-27.46523197314813,-11.96895653405763,2026-04-03T11:40:02.814339
2461133.987638889, A.D. 2026-Apr-03 11:42:12.0000,69.185634,-146227713.0652053,-32635424.63348938,-14156780.78109289,6.863297215456676,-27.46509330457685,-11.96888479607337,2026-04-03T11:41:02.814376
2461133.988333333, A.D. 2026-Apr-03 11:43:12.0000,69.185634,-146227301.2536675,-32637072.53265486,-14157498.91103806,6.863772970437055,-27.46495461534989,-11.96881304786059,2026-04-03T11:42:02.814332
2461133.989027778, A.D. 2026-Apr-03 11:44:12.0000,69.185634,-146226889.413584,-32638720.42350166,-14158217.03667946,6.86424871184184,-27.46481590546888,-11.96874128942028,2026-04-03T11:43:02.814409
2461133.989722222, A.D. 2026-Apr-03 11:45:12.0000,69.185634,-146226477.5449565,-32640368.30602526,-14158935.15801506,6.864724439667642,-27.46467717493604,-11.9686695207537,2026-04-03T11:44:02.814365
2461133.990416666, A.D. 2026-Apr-03 11:46:12.0000,69.185634,-146226065.6477857,-32642016.18022441,-14159653.27504424,6.86520015391202,-27.46453842375328,-11.96859774186199,2026-04-03T11:45:02.814321
2461133.991111111, A.D. 2026-Apr-03 11:47:12.0000,69.185634,-146225653.7220718,-32643664.04610116,-14160371.3877678,6.865675854573476,-27.46439965192224,-11.96852595274613,2026-04-03T11:46:02.814358
2461133.991805556, A.D. 2026-Apr-03 11:48:12.0000,69.185634,-146225241.767817,-32645311.90364772,-14161089.4961823,6.866151541647683,-27.46426085944543,-11.96845415340755,2026-04-03T11:47:02.814435
2461133.9925, A.D. 2026-Apr-03 11:49:12.0000,69.185634,-146224829.7850207,-32646959.7528694,-14161807.60028996,6.866627215134089,-27.46412204632421,-11.96838234384707,2026-04-03T11:48:02.814391
2461133.993194445, A.D. 2026-Apr-03 11:50:12.0000,69.185634,-146224417.7736844,-32648607.59376169,-14162525.70008874,6.867102875029309,-27.46398321256076,-11.96831052406599,2026-04-03T11:49:02.814428
2461133.993888889, A.D. 2026-Apr-03 11:51:12.0000,69.185634,-146224005.7338089,-32650255.42632333,-14163243.79557804,6.867578521330906,-27.46384435815704,-11.96823869406543,2026-04-03T11:50:02.814384
2461133.994583333, A.D. 2026-Apr-03 11:52:12.0000,69.185634,-146223593.6653951,-32651903.25055311,-14163961.88675724,6.868054154036436,-27.46370548311495,-11.96816685384652,2026-04-03T11:51:02.814340
2461133.995277778, A.D. 2026-Apr-03 11:53:12.0000,69.185634,-146223181.568443,-32653551.06645305,-14164679.97362715,6.86852977314441,-27.46356658743617,-11.96809500341024,2026-04-03T11:52:02.814377
2461133.995972222, A.D. 2026-Apr-03 11:54:12.0000,69.185634,-146222769.4429542,-32655198.87401864,-14165398.05618573,6.869005378651442,-27.46342767112287,-11.96802314275789,2026-04-03T11:53:02.814373
2461133.996666667, A.D. 2026-Apr-03 11:55:12.0000,69.185634,-146222357.2889295,-32656846.67324865,-14166116.13443238,6.869480970555101,-27.463288734177,-11.96795127189057,2026-04-03T11:54:02.814410
2461133.997361111, A.D. 2026-Apr-03 11:56:12.0000,69.185634,-146221945.1063697,-32658494.46414183,-14166834.20836647,6.86995654885294,-27.46314977660047,-11.96787939080944,2026-04-03T11:55:02.814366
2461133.998055555, A.D. 2026-Apr-03 11:57:12.0000,69.185634,-146221532.8952757,-32660142.24669695,-14167552.2779874,6.870432113542529,-27.46301079839523,-11.96780749951561,2026-04-03T11:56:02.814322
2461133.99875, A.D. 2026-Apr-03 11:58:12.0000,69.185634,-146221120.6556475,-32661790.02091604,-14168270.34329597,6.870907664622374,-27.46287179956291,-11.96773559801007,2026-04-03T11:57:02.814359
2461133.999444445, A.D. 2026-Apr-03 11:59:12.0000,69.185634,-146220708.3874866,-32663437.7867946,-14168988.40429015,6.871383202089095,-27.46273278010572,-11.96766368629411,2026-04-03T11:58:02.814436
2461134.000138889, A.D. 2026-Apr-03 12:00:12.0000,69.185634,-146220296.0907939,-32665085.54433138,-14169706.46096934,6.871858725940259,-27.4625937400256,-11.96759176436885,2026-04-03T11:59:02.814392
2461134.000833333, A.D. 2026-Apr-03 12:01:12.0000,69.185634,-146219883.7655702,-32666733.29352516,-14170424.5133329,6.872334236173429,-27.46245467932446,-11.96751983223542,2026-04-03T12:00:02.814348
2461134.001527778, A.D. 2026-Apr-03 12:02:12.0000,69.185634,-146219471.4118164,-32668381.03437467,-14171142.56138024,6.872809732786166,-27.46231559800425,-11.96744788989496,2026-04-03T12:01:02.814385
2461134.002222222, A.D. 2026-Apr-03 12:03:12.0000,69.185634,-146219059.0295323,-32670028.76688198,-14171860.60511216,6.873285215776988,-27.46217649606661,-11.96737593734846,2026-04-03T12:02:02.814341
2461134.002916667, A.D. 2026-Apr-03 12:04:12.0000,69.185634,-146218646.6187198,-32671676.49104257,-14172578.64452663,6.873760685142512,-27.46203737351373,-11.96730397459718,2026-04-03T12:03:02.814418
2461134.003611111, A.D. 2026-Apr-03 12:05:12.0000,69.185634,-146218234.1793796,-32673324.20685519,-14173296.67962303,6.874236140880305,-27.46189823034757,-11.96723200164227,2026-04-03T12:04:02.814374
2461134.004305555, A.D. 2026-Apr-03 12:06:12.0000,69.185634,-146217821.7115124,-32674971.91431862,-14174014.71040076,6.874711582987938,-27.46175906657004,-11.96716001848485,2026-04-03T12:05:02.814330
2461134.005, A.D. 2026-Apr-03 12:07:12.0000,69.185634,-146217409.2151184,-32676619.61343489,-14174732.73686062,6.875187011463917,-27.4616198821828,-11.96708802512591,2026-04-03T12:06:02.814367
2461134.005694444, A.D. 2026-Apr-03 12:08:12.0000,69.185634,-146216996.6901999,-32678267.30419622,-14175450.75899916,6.875662426303927,-27.46148067718833,-11.96701602156688,2026-04-03T12:07:02.814323
2461134.006388889, A.D. 2026-Apr-03 12:09:12.0000,69.185634,-146216584.1367562,-32679914.9866079,-14176168.77681861,6.876137827507421,-27.461341451588,-11.9669440078086,2026-04-03T12:08:02.814400
2461134.007083334, A.D. 2026-Apr-03 12:10:12.0000,69.185634,-146216171.5547888,-32681562.66066545,-14176886.79031693,6.876613215071024,-27.46120220538403,-11.96687198385234,2026-04-03T12:09:02.814437
2461134.007777778, A.D. 2026-Apr-03 12:11:12.0000,69.185634,-146215758.9442978,-32683210.32637089,-14177604.79949494,6.877088588993252,-27.46106293857807,-11.9667999496991,2026-04-03T12:10:02.814393
2461134.008472222, A.D. 2026-Apr-03 12:12:12.0000,69.185634,-146215346.3052856,-32684857.98371645,-14178322.80434918,6.877563949269784,-27.4609236511726,-11.96672790535029,2026-04-03T12:11:02.814349
2461134.009166667, A.D. 2026-Apr-03 12:13:12.0000,69.185634,-146214933.6377515,-32686505.63270743,-14179040.80488188,6.878039295900082,-27.460784343169,-11.96665585080676,2026-04-03T12:12:02.814386
2461134.009861111, A.D. 2026-Apr-03 12:14:12.0000,69.185634,-146214520.941697,-32688153.27333932,-14179758.80109101,6.878514628880767,-27.46064501456947,-11.96658378606979,2026-04-03T12:13:02.814382
2461134.010555556, A.D. 2026-Apr-03 12:15:12.0000,69.185634,-146214108.2171229,-32689800.90561089,-14180476.79297596,6.878989948209415,-27.46050566537595,-11.9665117111405,2026-04-03T12:14:02.814419
2461134.01125, A.D. 2026-Apr-03 12:16:12.0000,69.185634,-146213695.4640302,-32691448.5295209,-14181194.78053611,6.879465253883594,-27.46036629559037,-11.96643962602004,2026-04-03T12:15:02.814375
2461134.011944444, A.D. 2026-Apr-03 12:17:12.0000,69.185634,-146213282.6824187,-32693096.14507139,-14181912.76377228,6.879940545901822,-27.46022690521439,-11.96636753070939,2026-04-03T12:16:02.814331
2461134.012638889, A.D. 2026-Apr-03 12:18:12.0000,69.185634,-146212869.872291,-32694743.75225458,-14182630.742681,6.880415824259781,-27.46008749425048,-11.96629542520997,2026-04-03T12:17:02.814368
2461134.013333333, A.D. 2026-Apr-03 12:19:12.0000,69.185634,-146212457.0336463,-32696391.35107578,-14183348.71726452,6.880891088956935,-27.45994806270003,-11.96622330952263,2026-04-03T12:18:02.814364
2461134.014027778, A.D. 2026-Apr-03 12:20:12.0000,69.185634,-146212044.166486,-32698038.94153047,-14184066.6875208,6.881366339989911,-27.45980861056525,-11.96615118364865,2026-04-03T12:19:02.814401
2461134.014722222, A.D. 2026-Apr-03 12:21:12.0000,69.185634,-146211631.2708104,-32699686.52362071,-14184784.65345066,6.881841577357227,-27.4596691378478,-11.96607904758901,2026-04-03T12:20:02.814357
2461134.015416667, A.D. 2026-Apr-03 12:22:12.0000,69.185634,-146211218.3466218,-32701334.09733871,-14185502.61505062,6.882316801054571,-27.45952964455014,-11.96600690134514,2026-04-03T12:21:02.814394
2461134.016111111, A.D. 2026-Apr-03 12:23:12.0000,69.185634,-146210805.3939193,-32702981.66268977,-14186220.57232294,6.882792011081401,-27.45939013067369,-11.96593474491789,2026-04-03T12:22:02.814350
2461134.016805556, A.D. 2026-Apr-03 12:24:12.0000,69.185634,-146210392.4127048,-32704629.2196694,-14186938.52526557,6.883267207434351,-27.45925059622062,-11.96586257830852,2026-04-03T12:23:02.814427
2461134.0175, A.D. 2026-Apr-03 12:25:12.0000,69.185634,-146209979.4029789,-32706276.76827635,-14187656.47387791,6.883742390110998,-27.45911104119288,-11.96579040151819,2026-04-03T12:24:02.814383
2461134.018194444, A.D. 2026-Apr-03 12:26:12.0000,69.185634,-146209566.3647425,-32707924.3085094,-14188374.41815934,6.884217559108913,-27.45897146559242,-11.96571821454801,2026-04-03T12:25:02.814339
2461134.018888889, A.D. 2026-Apr-03 12:27:12.0000,69.185634,-146209153.2979955,-32709571.84037057,-14189092.35811067,6.884692714426621,-27.45883186942087,-11.96564601739898,2026-04-03T12:26:02.814376
2461134.019583333, A.D. 2026-Apr-03 12:28:12.0000,69.185634,-146208740.2027397,-32711219.36385538,-14189810.29372988,6.88516785606075,-27.45869225268044,-11.96557381007238,2026-04-03T12:27:02.814332
2461134.020277778, A.D. 2026-Apr-03 12:29:12.0000,69.185634,-146208327.0789759,-32712866.87896257,-14190528.22501635,6.88564298400888,-27.45855261537309,-11.96550159256934,2026-04-03T12:28:02.814409
2461134.020972222, A.D. 2026-Apr-03 12:30:12.0000,69.185634,-146207913.9267049,-32714514.38569092,-14191246.15196947,6.88611809826859,-27.45841295750074,-11.96542936489099,2026-04-03T12:29:02.814365
2461134.021666666, A.D. 2026-Apr-03 12:31:12.0000,69.185634,-146207500.7459274,-32716161.88403919,-14191964.07458864,6.886593198837454,-27.45827327906532,-11.96535712703848,2026-04-03T12:30:02.814321
2461134.022361111, A.D. 2026-Apr-03 12:32:12.0000,69.185634,-146207087.5366435,-32717809.37400942,-14192681.99287465,6.887068285713998,-27.45813358006849,-11.96528487901279,2026-04-03T12:31:02.814358
2461134.023055556, A.D. 2026-Apr-03 12:33:12.0000,69.185634,-146206674.2988548,-32719456.85559711,-14193399.90682549,6.887543358894852,-27.45799386051247,-11.9652126208152,2026-04-03T12:32:02.814435
2461134.02375, A.D. 2026-Apr-03 12:34:12.0000,69.185634,-146206261.0325623,-32721104.32880101,-14194117.81644053,6.888018418377598,-27.45785412039918,-11.96514035244685,2026-04-03T12:33:02.814391
2461134.024444445, A.D. 2026-Apr-03 12:35:12.0000,69.185634,-146205847.7377666,-32722751.79361991,-14194835.72171918,6.888493464159819,-27.45771435973057,-11.96506807390887,2026-04-03T12:34:02.814428
2461134.025138889, A.D. 2026-Apr-03 12:36:12.0000,69.185634,-146205434.4144685,-32724399.25005256,-14195553.62266081,6.888968496239091,-27.45757457850856,-11.96499578520239,2026-04-03T12:35:02.814384
2461134.025833333, A.D. 2026-Apr-03 12:37:12.0000,69.185634,-146205021.0626682,-32726046.698101,-14196271.51926624,6.889443514613936,-27.45743477673483,-11.96492348632841,2026-04-03T12:36:02.814340
2461134.026527778, A.D. 2026-Apr-03 12:38:12.0000,69.185634,-146204607.6823673,-32727694.13776073,-14196989.41153345,6.889918519280998,-27.45729495441157,-11.9648511772882,2026-04-03T12:37:02.814377
2461134.027222222, A.D. 2026-Apr-03 12:39:12.0000,69.185634,-146204194.2735665,-32729341.56903052,-14197707.29946182,6.890393510237855,-27.45715511154073,-11.96477885808291,2026-04-03T12:38:02.814373
2461134.027916667, A.D. 2026-Apr-03 12:40:12.0000,69.185634,-146203780.8362668,-32730988.99190914,-14198425.18305073,6.890868487482087,-27.45701524812424,-11.96470652871366,2026-04-03T12:39:02.814410
2461134.028611111, A.D. 2026-Apr-03 12:41:12.0000,69.185634,-146203367.3704688,-32732636.40639533,-14199143.06229958,6.891343451011278,-27.45687536416404,-11.96463418918159,2026-04-03T12:40:02.814366
2461134.029305555, A.D. 2026-Apr-03 12:42:12.0000,69.185634,-146202953.8761726,-32734283.81249117,-14199860.93720918,6.891818400823953,-27.45673545966179,-11.9645618394877,2026-04-03T12:41:02.814322
2461134.03, A.D. 2026-Apr-03 12:43:12.0000,69.185634,-146202540.3533799,-32735931.21019212,-14200578.80777751,6.892293336916754,-27.45659553461969,-11.96448947963326,2026-04-03T12:42:02.814359
2461134.030694445, A.D. 2026-Apr-03 12:44:12.0000,69.185634,-146202126.8020915,-32737578.59949698,-14201296.67400395,6.892768259287262,-27.45645558903971,-11.9644171096194,2026-04-03T12:43:02.814436
2461134.031388889, A.D. 2026-Apr-03 12:45:12.0000,69.185634,-146201713.2223082,-32739225.98040449,-14202014.53588788,6.893243167933063,-27.45631562292375,-11.96434472944727,2026-04-03T12:44:02.814392
2461134.032083333, A.D. 2026-Apr-03 12:46:12.0000,69.185634,-146201299.61403,-32740873.3529167,-14202732.39343013,6.893718062852683,-27.45617563627349,-11.96427233911786,2026-04-03T12:45:02.814348
2461134.032777778, A.D. 2026-Apr-03 12:47:12.0000,69.185634,-146200885.9772594,-32742520.71702584,-14203450.24662724,6.89419294404182,-27.45603562909142,-11.96419993863259,2026-04-03T12:46:02.814385
2461134.033472222, A.D. 2026-Apr-03 12:48:12.0000,69.185634,-146200472.3119956,-32744168.07273721,-14204168.09548145,6.894667811499948,-27.45589560137892,-11.96412752799231,2026-04-03T12:47:02.814341
2461134.034166667, A.D. 2026-Apr-03 12:49:12.0000,69.185634,-146200058.6182401,-32745815.42004631,-14204885.93999072,6.895142665223708,-27.4557555531382,-11.96405510719829,2026-04-03T12:48:02.814418
2461134.034861111, A.D. 2026-Apr-03 12:50:12.0000,69.185634,-146199644.8959931,-32747462.75895519,-14205603.78015587,6.89561750521163,-27.45561548437094,-11.96398267625153,2026-04-03T12:49:02.814374
2461134.035555555, A.D. 2026-Apr-03 12:51:12.0000,69.185634,-146199231.1452569,-32749110.08945607,-14206321.61597344,6.89609233145941,-27.45547539507962,-11.96391023515346,2026-04-03T12:50:02.814330
2461134.03625, A.D. 2026-Apr-03 12:52:12.0000,69.185634,-146198817.3660308,-32750757.41155425,-14207039.44744567,6.896567143966528,-27.45533528526561,-11.96383778390493,2026-04-03T12:51:02.814367
2461134.036944444, A.D. 2026-Apr-03 12:53:12.0000,69.185634,-146198403.5583163,-32752404.72524525,-14207757.27457052,6.897041942729624,-27.45519515493115,-11.9637653225072,2026-04-03T12:52:02.814323
2461134.037638889, A.D. 2026-Apr-03 12:54:12.0000,69.185634,-146197989.7221144,-32754052.03052782,-14208475.09734739,6.897516727746287,-27.45505500407817,-11.96369285096143,2026-04-03T12:53:02.814400
2461134.038333334, A.D. 2026-Apr-03 12:55:12.0000,69.185634,-146197575.8574259,-32755699.32740073,-14209192.91577568,6.897991499014103,-27.45491483270861,-11.96362036926874,2026-04-03T12:54:02.814437
2461134.039027778, A.D. 2026-Apr-03 12:56:12.0000,69.185634,-146197161.9642507,-32757346.61586604,-14209910.72985619,6.898466256531608,-27.45477464082412,-11.96354787743014,2026-04-03T12:55:02.814393
2461134.039722222, A.D. 2026-Apr-03 12:57:12.0000,69.185634,-146196748.0425913,-32758993.89591594,-14210628.53958546,6.898941000294502,-27.45463442842721,-11.96347537544704,2026-04-03T12:56:02.814349
2461134.040416667, A.D. 2026-Apr-03 12:58:12.0000,69.185634,-146196334.092447,-32760641.16755578,-14211346.34496574,6.899415730302263,-27.45449419551926,-11.96340286332029,2026-04-03T12:57:02.814386
2461134.041111111, A.D. 2026-Apr-03 12:59:12.0000,69.185634,-146195920.1138192,-32762288.43078103,-14212064.14599499,6.899890446551534,-27.45435394210249,-11.96333034105118,2026-04-03T12:58:02.814382
2461134.041805556, A.D. 2026-Apr-03 13:00:12.0000,69.185634,-146195506.1067082,-32763935.68559376,-14212781.94267404,6.900365149040852,-27.45421366817855,-11.96325780864069,2026-04-03T12:59:02.814419
2461134.0425, A.D. 2026-Apr-03 13:01:12.0000,69.185634,-146195092.0711162,-32765582.93198617,-14213499.73499942,6.90083983776592,-27.45407337374996,-11.96318526609026,2026-04-03T13:00:02.814375
2461134.043194444, A.D. 2026-Apr-03 13:02:12.0000,69.185634,-146194678.0070426,-32767230.16996358,-14214217.52297338,6.901314512726215,-27.45393305881808,-11.96311271340073,2026-04-03T13:01:02.814331
2461134.043888889, A.D. 2026-Apr-03 13:03:12.0000,69.185634,-146194263.9144889,-32768877.39952149,-14214935.30659387,6.901789173918388,-27.45379272338514,-11.96304015057339,2026-04-03T13:02:02.814368
2461134.044583333, A.D. 2026-Apr-03 13:04:12.0000,69.185634,-146193849.793456,-32770524.62065868,-14215653.0858603,6.902263821340028,-27.45365236745308,-11.96296757760937,2026-04-03T13:03:02.814364
2461134.045277778, A.D. 2026-Apr-03 13:05:12.0000,69.185634,-146193435.6439447,-32772171.8333739,-14216370.86077205,6.902738454988731,-27.45351199102384,-11.9628949945098,2026-04-03T13:04:02.814401
2461134.045972222, A.D. 2026-Apr-03 13:06:12.0000,69.185634,-146193021.465955,-32773819.03766921,-14217088.63132994,6.90321307486303,-27.45337159409908,-11.96282240127569,2026-04-03T13:05:02.814357
2461134.046666667, A.D. 2026-Apr-03 13:07:12.0000,69.185634,-146192607.2594886,-32775466.2335401,-14217806.39753193,6.903687680959578,-27.45323117668102,-11.96274979790831,2026-04-03T13:06:02.814394
2461134.047361111, A.D. 2026-Apr-03 13:08:12.0000,69.185634,-146192193.0245463,-32777113.42098534,-14218524.15937743,6.904162273275965,-27.45309073877161,-11.96267718440881,2026-04-03T13:07:02.814350
2461134.048055556, A.D. 2026-Apr-03 13:09:12.0000,69.185634,-146191778.7611288,-32778760.6000037,-14219241.91686582,6.904636851809788,-27.45295028037279,-11.96260456077831,2026-04-03T13:08:02.814427
2461134.04875, A.D. 2026-Apr-03 13:10:12.0000,69.185634,-146191364.4692371,-32780407.77059396,-14219959.6699965,6.905111416558642,-27.45280980148649,-11.96253192701796,2026-04-03T13:09:02.814383
2461134.049444444, A.D. 2026-Apr-03 13:11:12.0000,69.185634,-146190950.1488712,-32782054.93275814,-14220677.41877028,6.905585967521064,-27.45266930211439,-11.96245928312876,2026-04-03T13:10:02.814339
2461134.050138889, A.D. 2026-Apr-03 13:12:12.0000,69.185634,-146190535.8000327,-32783702.08649177,-14221395.16318512,6.906060504693707,-27.4525287822587,-11.96238662911198,2026-04-03T13:11:02.814376
2461134.050833333, A.D. 2026-Apr-03 13:13:12.0000,69.185634,-146190121.4227223,-32785349.2317936,-14222112.90324043,6.906535028074168,-27.45238824192137,-11.96231396496876,2026-04-03T13:12:02.814332
2461134.051527778, A.D. 2026-Apr-03 13:14:12.0000,69.185634,-146189707.016941,-32786996.36866241,-14222830.63893559,6.90700953766004,-27.45224768110434,-11.96224129070025,2026-04-03T13:13:02.814409
2461134.052222222, A.D. 2026-Apr-03 13:15:12.0000,69.185634,-146189292.5826896,-32788643.49709696,-14223548.37027,6.907484033448924,-27.45210709980955,-11.96216860630757,2026-04-03T13:14:02.814365
2461134.052916666, A.D. 2026-Apr-03 13:16:12.0000,69.185634,-146188878.1199681,-32790290.61709931,-14224266.09724447,6.907958515439358,-27.45196649803867,-11.96209591179173,2026-04-03T13:15:02.814321
2461134.053611111, A.D. 2026-Apr-03 13:17:12.0000,69.185634,-146188463.6287782,-32791937.72866495,-14224983.81985697,6.908432983627995,-27.45182587579391,-11.962023207154,2026-04-03T13:16:02.814358
2461134.054305556, A.D. 2026-Apr-03 13:18:12.0000,69.185634,-146188049.1091205,-32793584.83179265,-14225701.5381069,6.908907438012439,-27.45168523307722,-11.96195049239553,2026-04-03T13:17:02.814435
2461134.055, A.D. 2026-Apr-03 13:19:12.0000,69.185634,-146187634.5609961,-32795231.92648118,-14226419.25199364,6.909381878590282,-27.45154456989056,-11.96187776751746,2026-04-03T13:18:02.814391
2461134.055694445, A.D. 2026-Apr-03 13:20:12.0000,69.185634,-146187219.9844056,-32796879.01272932,-14227136.9615166,6.909856305359126,-27.45140388623586,-11.96180503252091,2026-04-03T13:19:02.814428
2461134.056388889, A.D. 2026-Apr-03 13:21:12.0000,69.185634,-146186805.3793493,-32798526.09053912,-14227854.66667658,6.910330718317515,-27.45126318211477,-11.9617322874069,2026-04-03T13:20:02.814384
2461134.057083333, A.D. 2026-Apr-03 13:22:12.0000,69.185634,-146186390.7458285,-32800173.15990606,-14228572.36747156,6.910805117462102,-27.45112245752954,-11.96165953217669,2026-04-03T13:21:02.814340
2461134.057777778, A.D. 2026-Apr-03 13:23:12.0000,69.185634,-146185976.0838443,-32801820.22082892,-14229290.06390092,6.911279502790491,-27.45098171248209,-11.96158676683145,2026-04-03T13:22:02.814377
2461134.058472222, A.D. 2026-Apr-03 13:24:12.0000,69.185634,-146185561.3933975,-32803467.27330648,-14230007.75596407,6.91175387430028,-27.4508409469744,-11.96151399137228,2026-04-03T13:23:02.814373
2461134.059166667, A.D. 2026-Apr-03 13:25:12.0000,69.185634,-146185146.6744879,-32805114.31734078,-14230725.44366181,6.912228231990015,-27.4507001610081,-11.9614412058002,2026-04-03T13:24:02.814410
2461134.059861111, A.D. 2026-Apr-03 13:26:12.0000,69.185634,-146184731.9271182,-32806761.35292405,-14231443.12699071,6.912702575855411,-27.45055935458572,-11.96136841011664,2026-04-03T13:25:02.814366
2461134.060555555, A.D. 2026-Apr-03 13:27:12.0000,69.185634,-146184317.1512874,-32808408.38006159,-14232160.80595298,6.913176905895955,-27.45041852770862,-11.96129560432244,2026-04-03T13:26:02.814322
2461134.06125, A.D. 2026-Apr-03 13:28:12.0000,69.185634,-146183902.3469974,-32810055.39874893,-14232878.48054662,6.913651222108307,-27.45027768037905,-11.96122278841888,2026-04-03T13:27:02.814359
2461134.061944445, A.D. 2026-Apr-03 13:29:12.0000,69.185634,-146183487.5142487,-32811702.40898482,-14233596.150771,6.914125524490069,-27.45013681259893,-11.96114996240712,2026-04-03T13:28:02.814436
2461134.062638889, A.D. 2026-Apr-03 13:30:12.0000,69.185634,-146183072.6530416,-32813349.41077131,-14234313.81662695,6.914599813039789,-27.44999592436995,-11.96107712628814,2026-04-03T13:29:02.814392
2461134.063333333, A.D. 2026-Apr-03 13:31:12.0000,69.185634,-146182657.7633776,-32814996.40410392,-14235031.47811243,6.915074087754127,-27.44985501569434,-11.96100428006322,2026-04-03T13:30:02.814348
2461134.064027778, A.D. 2026-Apr-03 13:32:12.0000,69.185634,-146182242.8452584,-32816643.38897812,-14235749.13522542,6.915548348629747,-27.4497140865743,-11.96093142373365,2026-04-03T13:31:02.814385
2461134.064722222, A.D. 2026-Apr-03 13:33:12.0000,69.185634,-146181827.8986832,-32818290.36539925,-14236466.78796815,6.916022595666134,-27.44957313701123,-11.96085855730029,2026-04-03T13:32:02.814341
2461134.065416667, A.D. 2026-Apr-03 13:34:12.0000,69.185634,-146181412.9236528,-32819937.33336608,-14237184.43634003,6.916496828860896,-27.44943216700708,-11.96078568076427,2026-04-03T13:33:02.814418
2461134.066111111, A.D. 2026-Apr-03 13:35:12.0000,69.185634,-146180997.9201697,-32821584.29287083,-14237902.0803376,6.916971048209755,-27.44929117656435,-11.96071279412703,2026-04-03T13:34:02.814374
2461134.066805555, A.D. 2026-Apr-03 13:36:12.0000,69.185634,-146180582.8882331,-32823231.24391882,-14238619.71996309,6.917445253712195,-27.44915016568444,-11.9606398973894,2026-04-03T13:35:02.814330
2461134.0675, A.D. 2026-Apr-03 13:37:12.0000,69.185634,-146180167.8278446,-32824878.18650556,-14239337.35521448,6.917919445364888,-27.44900913436956,-11.96056699055269,2026-04-03T13:36:02.814367
2461134.068194444, A.D. 2026-Apr-03 13:38:12.0000,69.185634,-146179752.739005,-32826525.12062982,-14240054.98609117,6.918393623165436,-27.44886808262167,-11.96049407361802,2026-04-03T13:37:02.814323
2461134.068888889, A.D. 2026-Apr-03 13:39:12.0000,69.185634,-146179337.6217152,-32828172.04629037,-14240772.61259254,6.918867787111446,-27.44872701044271,-11.96042114658654,2026-04-03T13:38:02.814400
2461134.069583334, A.D. 2026-Apr-03 13:40:12.0000,69.185634,-146178922.4759752,-32829818.96348926,-14241490.23471942,6.919341937201472,-27.44858591783435,-11.96034820945925,2026-04-03T13:39:02.814437
2461134.070277778, A.D. 2026-Apr-03 13:41:12.0000,69.185634,-146178507.3017867,-32831465.872222,-14242207.85246977,6.919816073432176,-27.44844480479883,-11.96027526223743,2026-04-03T13:40:02.814393
2461134.070972222, A.D. 2026-Apr-03 13:42:12.0000,69.185634,-146178092.0991512,-32833112.77248408,-14242925.46584157,6.920290195800224,-27.44830367133836,-11.96020230492236,2026-04-03T13:41:02.814349
2461134.071666667, A.D. 2026-Apr-03 13:43:12.0000,69.185634,-146177676.8680672,-32834759.66428409,-14243643.07483849,6.920764304306054,-27.44816251745405,-11.96012933751476,2026-04-03T13:42:02.814386
2461134.072361111, A.D. 2026-Apr-03 13:44:12.0000,69.185634,-146177261.608538,-32836406.547611,-14244360.67945563,6.921238398944447,-27.44802134314871,-11.96005636001619,2026-04-03T13:43:02.814382
2461134.073055556, A.D. 2026-Apr-03 13:45:12.0000,69.185634,-146176846.3205636,-32838053.42246684,-14245078.27969383,6.921712479713956,-27.44788014842398,-11.95998337242766,2026-04-03T13:44:02.814419
2461134.07375, A.D. 2026-Apr-03 13:46:12.0000,69.185634,-146176431.004144,-32839700.28885368,-14245795.87555391,6.922186546613132,-27.44773893328155,-11.95991037475016,2026-04-03T13:45:02.814375
2461134.074444444, A.D. 2026-Apr-03 13:47:12.0000,69.185634,-146176015.6592807,-32841347.146767,-14246513.46703382,6.922660599638642,-27.44759769772364,-11.95983736698498,2026-04-03T13:46:02.814331
2461134.075138889, A.D. 2026-Apr-03 13:48:12.0000,69.185634,-146175600.2859748,-32842993.99620559,-14247231.05413298,6.923134638788102,-27.44745644175219,-11.95976434913326,2026-04-03T13:47:02.814368
2461134.075833333, A.D. 2026-Apr-03 13:49:12.0000,69.185634,-146175184.8842261,-32844640.83717149,-14247948.63685219,6.923608664060064,-27.44731516536891,-11.95969132119599,2026-04-03T13:48:02.814364
2461134.076527778, A.D. 2026-Apr-03 13:50:12.0000,69.185634,-146174769.4540372,-32846287.66965694,-14248666.215188,6.924082675450252,-27.44717386857626,-11.9596182831746,2026-04-03T13:49:02.814401
2461134.077222222, A.D. 2026-Apr-03 13:51:12.0000,69.185634,-146174353.9954073,-32847934.49366725,-14249383.78914266,6.924556672958164,-27.44703255137565,-11.95954523506996,2026-04-03T13:50:02.814357
2461134.077916667, A.D. 2026-Apr-03 13:52:12.0000,69.185634,-146173938.5083379,-32849581.30919793,-14250101.35871414,6.925030656580473,-27.44689121376932,-11.95947217688334,2026-04-03T13:51:02.814394
2461134.078611111, A.D. 2026-Apr-03 13:53:12.0000,69.185634,-146173522.99283,-32851228.11624775,-14250818.92390183,6.92550462631479,-27.44674985575921,-11.95939910861588,2026-04-03T13:52:02.814350
2461134.079305556, A.D. 2026-Apr-03 13:54:12.0000,69.185634,-146173107.4488836,-32852874.91481876,-14251536.48470655,6.925978582159672,-27.44660847734698,-11.95932603026859,2026-04-03T13:53:02.814427
2461134.08, A.D. 2026-Apr-03 13:55:12.0000,69.185634,-146172691.8765011,-32854521.70490319,-14252254.04112485,6.926452524110848,-27.44646707853517,-11.95925294184289,2026-04-03T13:54:02.814383
2461134.080694444, A.D. 2026-Apr-03 13:56:12.0000,69.185634,-146172276.2756816,-32856168.48650637,-14252971.59315897,6.926926452167818,-27.44632565932514,-11.95917984333965,2026-04-03T13:55:02.814339
2461134.081388889, A.D. 2026-Apr-03 13:57:12.0000,69.185634,-146171860.6464269,-32857815.25962379,-14253689.14080689,6.927400366327252,-27.44618421971914,-11.95910673476013,2026-04-03T13:56:02.814376
2461134.082083333, A.D. 2026-Apr-03 13:58:12.0000,69.185634,-146171444.9887379,-32859462.02425424,-14254406.68406799,6.927874266586767,-27.44604275971912,-11.95903361610549,2026-04-03T13:57:02.814332
2461134.082777778, A.D. 2026-Apr-03 13:59:12.0000,69.185634,-146171029.3026145,-32861108.78039975,-14255124.22294311,6.928348152944922,-27.44590127932674,-11.95896048737673,2026-04-03T13:58:02.814409
2461134.083472222, A.D. 2026-Apr-03 14:00:12.0000,69.185634,-146170613.5880591,-32862755.52805257,-14255841.75742878,6.928822025397446,-27.44575977854452,-11.95888734857527,2026-04-03T13:59:02.814365
2461134.084166666, A.D. 2026-Apr-03 14:01:12.0000,69.185634,-146170197.8450711,-32864402.26721802,-14256559.28752725,6.929295883943844,-27.44561825737386,-11.95881419970197,2026-04-03T14:00:02.814321
2461134.084861111, A.D. 2026-Apr-03 14:02:12.0000,69.185634,-146169782.073652,-32866048.99789159,-14257276.81323649,6.929769728580786,-27.44547671581699,-11.95874104075812,2026-04-03T14:01:02.814358
2461134.085555556, A.D. 2026-Apr-03 14:03:12.0000,69.185634,-146169366.2738026,-32867695.72007208,-14257994.3345559,6.930243559305893,-27.44533515387584,-11.95866787174485,2026-04-03T14:02:02.814435
2461134.08625, A.D. 2026-Apr-03 14:04:12.0000,69.185634,-146168950.4455231,-32869342.43376151,-14258711.8514863,6.930717376117724,-27.4451935715521,-11.95859469266317,2026-04-03T14:03:02.814391
2461134.086944445, A.D. 2026-Apr-03 14:05:12.0000,69.185634,-146168534.5888158,-32870989.13895214,-14259429.36402423,6.931191179012015,-27.44505196884829,-11.95852150351451,2026-04-03T14:04:02.814428
2461134.087638889, A.D. 2026-Apr-03 14:06:12.0000,69.185634,-146168118.70368,-32872635.83564927,-14260146.87217194,6.931664967988263,-27.44491034576579,-11.95844830429973,2026-04-03T14:05:02.814384
2461134.088333333, A.D. 2026-Apr-03 14:07:12.0000,69.185634,-146167702.7901173,-32874282.52384842,-14260864.3759274,6.932138743043152,-27.44476870230683,-11.9583750950201,2026-04-03T14:06:02.814340
2461134.089027778, A.D. 2026-Apr-03 14:08:12.0000,69.185634,-146167286.8481285,-32875929.20354836,-14261581.87529001,6.932612504174297,-27.44462703847337,-11.95830187567678,2026-04-03T14:07:02.814377
2461134.089722222, A.D. 2026-Apr-03 14:09:12.0000,69.185634,-146166870.8777137,-32877575.87475114,-14262299.37026059,6.933086251380264,-27.4444853542671,-11.95822864627076,2026-04-03T14:08:02.814373
2461134.090416667, A.D. 2026-Apr-03 14:10:12.0000,69.185634,-146166454.8788754,-32879222.537449,-14263016.86083568,6.933559984656784,-27.4443436496905,-11.95815540680348,2026-04-03T14:09:02.814410
2461134.091111111, A.D. 2026-Apr-03 14:11:12.0000,69.185634,-146166038.8516127,-32880869.19164726,-14263734.34701753,6.934033704003368,-27.44420192474499,-11.95808215727578,2026-04-03T14:10:02.814366
2461134.091805555, A.D. 2026-Apr-03 14:12:12.0000,69.185634,-146165622.7959273,-32882515.83734142,-14264451.82880412,6.934507409416691,-27.4440601794328,-11.95800889768896,2026-04-03T14:11:02.814322
2461134.0925, A.D. 2026-Apr-03 14:13:12.0000,69.185634,-146165206.7118191,-32884162.47453352,-14265169.30619626,6.934981100895317,-27.44391841375559,-11.95793562804401,2026-04-03T14:12:02.814359
2461134.093194445, A.D. 2026-Apr-03 14:14:12.0000,69.185634,-146164790.5992908,-32885809.10321583,-14265886.7791905,6.935454778434989,-27.44377662771589,-11.95786234834237,2026-04-03T14:13:02.814436
2461134.093888889, A.D. 2026-Apr-03 14:15:12.0000,69.185634,-146164374.4583415,-32887455.72339363,-14266604.24778909,6.935928442035208,-27.44363482131508,-11.9577890585849,2026-04-03T14:14:02.814392
2461134.094583333, A.D. 2026-Apr-03 14:16:12.0000,69.185634,-146163958.2889728,-32889102.33506246,-14267321.71199,6.936402091692655,-27.44349299455541,-11.95771575877288,2026-04-03T14:15:02.814348
2461134.095277778, A.D. 2026-Apr-03 14:17:12.0000,69.185634,-146163542.0911855,-32890748.93822108,-14268039.17179262,6.936875727404958,-27.44335114743882,-11.95764244890744,2026-04-03T14:16:02.814385
2461134.095972222, A.D. 2026-Apr-03 14:18:12.0000,69.185634,-146163125.8649806,-32892395.53286828,-14268756.62719635,6.937349349169739,-27.44320927996728,-11.95756912898976,2026-04-03T14:17:02.814341
2461134.096666667, A.D. 2026-Apr-03 14:19:12.0000,69.185634,-146162709.6103589,-32894042.11900283,-14269474.0782006,6.93782295698462,-27.44306739214274,-11.95749579902095,2026-04-03T14:18:02.814418
2461134.097361111, A.D. 2026-Apr-03 14:20:12.0000,69.185634,-146162293.3273203,-32895688.69662677,-14270191.52480617,6.938296550848171,-27.44292548396687,-11.95742245900202,2026-04-03T14:19:02.814374
2461134.098055555, A.D. 2026-Apr-03 14:21:12.0000,69.185634,-146161877.0158665,-32897335.26573564,-14270908.96701105,6.938770130757071,-27.44278355544192,-11.95734910893427,2026-04-03T14:20:02.814330
2461134.09875, A.D. 2026-Apr-03 14:22:12.0000,69.185634,-146161460.6759984,-32898981.82632819,-14271626.40481463,6.93924369670895,-27.44264160656982,-11.95727574881883,2026-04-03T14:21:02.814367
2461134.099444444, A.D. 2026-Apr-03 14:23:12.0000,69.185634,-146161044.3077168,-32900628.37840321,-14272343.8382163,6.939717248701434,-27.44249963735255,-11.95720237865685,2026-04-03T14:22:02.814323
2461134.100138889, A.D. 2026-Apr-03 14:24:12.0000,69.185634,-146160627.9110216,-32902274.92196274,-14273061.2672169,6.940190786733088,-27.44235764779178,-11.95712899844933,2026-04-03T14:23:02.814400
2461134.100833334, A.D. 2026-Apr-03 14:25:12.0000,69.185634,-146160211.4859147,-32903921.4570023,-14273778.69181439,6.940664310800597,-27.44221563788975,-11.95705560819756,2026-04-03T14:24:02.814437
2461134.101527778, A.D. 2026-Apr-03 14:26:12.0000,69.185634,-146159795.0323968,-32905567.98352068,-14274496.11200816,6.94113782090159,-27.4420736076484,-11.95698220790268,2026-04-03T14:25:02.814393
2461134.102222222, A.D. 2026-Apr-03 14:27:12.0000,69.185634,-146159378.5504687,-32907214.50151664,-14275213.52779763,6.941611317033698,-27.4419315570697,-11.95690879756584,2026-04-03T14:26:02.814349
2461134.102916667, A.D. 2026-Apr-03 14:28:12.0000,69.185634,-146158962.0401313,-32908861.01098896,-14275930.93918218,6.942084799194544,-27.44178948615562,-11.95683537718819,2026-04-03T14:27:02.814386
2461134.103611111, A.D. 2026-Apr-03 14:29:12.0000,69.185634,-146158545.5013846,-32910507.5119397,-14276648.34616264,6.942558267382701,-27.4416473949078,-11.95676194677071,2026-04-03T14:28:02.814382
2461134.104305556, A.D. 2026-Apr-03 14:30:12.0000,69.185634,-146158128.9342311,-32912154.0043611,-14277365.74873554,6.943031721593914,-27.4415052833288,-11.95668850631486,2026-04-03T14:29:02.814419
2461134.105, A.D. 2026-Apr-03 14:31:12.0000,69.185634,-146157712.33867,-32913800.48825847,-14278083.14690316,6.943505161827696,-27.44136315141998,-11.95661505582147,2026-04-03T14:30:02.814375
2461134.105694444, A.D. 2026-Apr-03 14:32:12.0000,69.185634,-146157295.7147029,-32915446.96362733,-14278800.54066344,6.943978588080735,-27.44122099918361,-11.95654159529185,2026-04-03T14:31:02.814331
2461134.106388889, A.D. 2026-Apr-03 14:33:12.0000,69.185634,-146156879.0623299,-32917093.43046974,-14279517.93001723,6.944452000351602,-27.44107882662135,-11.95646812472699,2026-04-03T14:32:02.814368
2461134.107083333, A.D. 2026-Apr-03 14:34:12.0000,69.185634,-146156462.3815534,-32918739.88877791,-14280235.31496106,6.944925398636046,-27.44093663373572,-11.95639464412833,2026-04-03T14:33:02.814364
2461134.107777778, A.D. 2026-Apr-03 14:35:12.0000,69.185634,-146156045.6723727,-32920386.33855718,-14280952.69549718,6.945398782933583,-27.44079442052811,-11.95632115349673,2026-04-03T14:34:02.814401
2461134.108472222, A.D. 2026-Apr-03 14:36:12.0000,69.185634,-146155628.9347894,-32922032.77980307,-14281670.07162358,6.945872153240897,-27.44065218700078,-11.95624765283347,2026-04-03T14:35:02.814357
2461134.109166667, A.D. 2026-Apr-03 14:37:12.0000,69.185634,-146155212.1688043,-32923679.21251435,-14282387.44333964,6.946345509555627,-27.44050993315568,-11.95617414213969,2026-04-03T14:36:02.814394
2461134.109861111, A.D. 2026-Apr-03 14:38:12.0000,69.185634,-146154795.3744183,-32925325.63668979,-14283104.81064476,6.946818851875402,-27.44036765899476,-11.95610062141656,2026-04-03T14:37:02.814350
2461134.110555556, A.D. 2026-Apr-03 14:39:12.0000,69.185634,-146154378.5516313,-32926972.05233146,-14283822.17353977,6.947292180198796,-27.4402253645197,-11.95602709066506,2026-04-03T14:38:02.814427
2461134.11125, A.D. 2026-Apr-03 14:40:12.0000,69.185634,-146153961.7004451,-32928618.45943486,-14284539.53202263,6.947765494522502,-27.44008304973276,-11.95595354988648,2026-04-03T14:39:02.814383
2461134.111944444, A.D. 2026-Apr-03 14:41:12.0000,69.185634,-146153544.8208605,-32930264.85799878,-14285256.88609276,6.948238794844154,-27.43994071463587,-11.95587999908198,2026-04-03T14:40:02.814339
2461134.112638889, A.D. 2026-Apr-03 14:42:12.0000,69.185634,-146153127.9128784,-32931911.24802199,-14285974.23574954,6.948712081161386,-27.43979835923102,-11.9558064382527,2026-04-03T14:41:02.814376
2461134.113333333, A.D. 2026-Apr-03 14:43:12.0000,69.185634,-146152710.9764996,-32933557.62950328,-14286691.58099238,6.949185353471833,-27.43965598352014,-11.95573286739978,2026-04-03T14:42:02.814332
2461134.114027778, A.D. 2026-Apr-03 14:44:12.0000,69.185634,-146152294.011724,-32935204.0024447,-14287408.9218221,6.949658611774068,-27.43951358750493,-11.95565928652423,2026-04-03T14:43:02.814409
2461134.114722222, A.D. 2026-Apr-03 14:45:12.0000,69.185634,-146151877.0185533,-32936850.36684177,-14288126.25823667,6.95013185606479,-27.43937117118762,-11.95558569562733,2026-04-03T14:44:02.814365
2461134.115416666, A.D. 2026-Apr-03 14:46:12.0000,69.185634,-146151459.9969885,-32938496.72269325,-14288843.59023548,6.950605086341634,-27.43922873457018,-11.95551209471024,2026-04-03T14:45:02.814321
2461134.116111111, A.D. 2026-Apr-03 14:47:12.0000,69.185634,-146151042.9470304,-32940143.06999794,-14289560.91781796,6.951078302602233,-27.43908627765455,-11.9554384837741,2026-04-03T14:46:02.814358
2461134.116805556, A.D. 2026-Apr-03 14:48:12.0000,69.185634,-146150625.8686797,-32941789.40875462,-14290278.24098348,6.951551504844227,-27.43894380044272,-11.95536486282005,2026-04-03T14:47:02.814435
2461134.1175, A.D. 2026-Apr-03 14:49:12.0000,69.185634,-146150208.7619365,-32943435.73896534,-14290995.55973287,6.952024693066192,-27.43880130293637,-11.9552912318491,2026-04-03T14:48:02.814391
2461134.118194445, A.D. 2026-Apr-03 14:50:12.0000,69.185634,-146149791.6268024,-32945082.06062561,-14291712.87406411,6.952497867264825,-27.4386587851377,-11.95521759086254,2026-04-03T14:49:02.814428
2461134.118888889, A.D. 2026-Apr-03 14:51:12.0000,69.185634,-146149374.4632784,-32946728.37373422,-14292430.1839766,6.952971027437766,-27.43851624704871,-11.95514393986152,2026-04-03T14:50:02.814384
2461134.119583333, A.D. 2026-Apr-03 14:52:12.0000,69.185634,-146148957.2713652,-32948374.67828994,-14293147.48946973,6.953444173582652,-27.43837368867136,-11.95507027884718,2026-04-03T14:51:02.814340
2461134.120277778, A.D. 2026-Apr-03 14:53:12.0000,69.185634,-146148540.0510637,-32950020.97429156,-14293864.7905429,6.953917305697124,-27.4382311100076,-11.95499660782067,2026-04-03T14:52:02.814377
2461134.120972222, A.D. 2026-Apr-03 14:54:12.0000,69.185634,-146148122.8023739,-32951667.26174114,-14294582.08719695,6.95439042377976,-27.43808851105911,-11.954922926783,2026-04-03T14:53:02.814373
2461134.121666667, A.D. 2026-Apr-03 14:55:12.0000,69.185634,-146147705.5252976,-32953313.54063418,-14295299.37942984,6.954863527827257,-27.43794589182814,-11.95484923573544,2026-04-03T14:54:02.814410
2461134.122361111, A.D. 2026-Apr-03 14:56:12.0000,69.185634,-146147288.2198353,-32954959.81096947,-14296016.66724097,6.95533661783726,-27.43780325231665,-11.95477553467916,2026-04-03T14:55:02.814366
2461134.123055555, A.D. 2026-Apr-03 14:57:12.0000,69.185634,-146146870.8859882,-32956606.07274579,-14296733.95062974,6.955809693807406,-27.43766059252659,-11.9547018236153,2026-04-03T14:56:02.814322
2461134.12375, A.D. 2026-Apr-03 14:58:12.0000,69.185634,-146146453.523757,-32958252.32596193,-14297451.22959556,6.956282755735338,-27.43751791245995,-11.954628102545,2026-04-03T14:57:02.814359
2461134.124444445, A.D. 2026-Apr-03 14:59:12.0000,69.185634,-146146036.1331416,-32959898.57061993,-14298168.50413924,6.956755803619636,-27.43737521211839,-11.95455437146926,2026-04-03T14:58:02.814436
2461134.125138889, A.D. 2026-Apr-03 15:00:12.0000,69.185634,-146145618.7141439,-32961544.80671532,-14298885.77425876,6.957228837457005,-27.43723249150416,-11.95448063038939,2026-04-03T14:59:02.814392
2461134.125833333, A.D. 2026-Apr-03 15:01:12.0000,69.185634,-146145201.2667646,-32963191.03424688,-14299603.03995352,6.95770185724508,-27.43708975061923,-11.95440687930653,2026-04-03T15:00:02.814348
2461134.126527778, A.D. 2026-Apr-03 15:02:12.0000,69.185634,-146144783.7910045,-32964837.25321338,-14300320.30122293,6.958174862981513,-27.43694698946556,-11.95433311822182,2026-04-03T15:01:02.814385
2461134.127222222, A.D. 2026-Apr-03 15:03:12.0000,69.185634,-146144366.2868638,-32966483.4636169,-14301037.5580678,6.958647854664884,-27.43680420804482,-11.95425934713627,2026-04-03T15:02:02.814341
2461134.127916667, A.D. 2026-Apr-03 15:04:12.0000,69.185634,-146143948.7543448,-32968129.66544965,-14301754.81048468,6.959120832290953,-27.43666140635955,-11.95418556605132,2026-04-03T15:03:02.814418
2461134.128611111, A.D. 2026-Apr-03 15:05:12.0000,69.185634,-146143531.1934468,-32969775.85871698,-14302472.05847583,6.959593795859248,-27.43651858441115,-11.95411177496782,2026-04-03T15:04:02.814374
2461134.129305555, A.D. 2026-Apr-03 15:06:12.0000,69.185634,-146143113.6041714,-32971422.0434144,-14303189.30203922,6.960066745366471,-27.43637574220186,-11.95403797388707,2026-04-03T15:05:02.814330
2461134.13, A.D. 2026-Apr-03 15:07:12.0000,69.185634,-146142695.9865187,-32973068.21954396,-14303906.54117568,6.96053968081121,-27.43623287973336,-11.95396416281007,2026-04-03T15:06:02.814367
2461134.130694444, A.D. 2026-Apr-03 15:08:12.0000,69.185634,-146142278.3404912,-32974714.3870979,-14304623.77588176,6.961012602189225,-27.4360899970082,-11.95389034173825,2026-04-03T15:07:02.814323
2461134.131388889, A.D. 2026-Apr-03 15:09:12.0000,69.185634,-146141860.666088,-32976360.54608155,-14305341.0061597,6.961485509500048,-27.43594709402775,-11.95381651067248,2026-04-03T15:08:02.814400
2461134.132083334, A.D. 2026-Apr-03 15:10:12.0000,69.185634,-146141442.9633108,-32978006.69649043,-14306058.23200748,6.961958402740382,-27.43580417079427,-11.95374266961405,2026-04-03T15:09:02.814437
2461134.132777778, A.D. 2026-Apr-03 15:11:12.0000,69.185634,-146141025.2321605,-32979652.83832332,-14306775.4534245,6.962431281907873,-27.43566122730974,-11.95366881856412,2026-04-03T15:10:02.814393
2461134.133472222, A.D. 2026-Apr-03 15:12:12.0000,69.185634,-146140607.472638,-32981298.971579,-14307492.67041017,6.962904147000169,-27.43551826357611,-11.95359495752381,2026-04-03T15:11:02.814349
2461134.134166667, A.D. 2026-Apr-03 15:13:12.0000,69.185634,-146140189.6847439,-32982945.09625627,-14308209.88296388,6.963376998014918,-27.43537527959534,-11.9535210864943,2026-04-03T15:12:02.814386
2461134.134861111, A.D. 2026-Apr-03 15:14:12.0000,69.185634,-146139771.8684784,-32984591.21235716,-14308927.09108647,6.963849834950707,-27.43523227536912,-11.95344720547657,2026-04-03T15:13:02.814382
2461134.135555556, A.D. 2026-Apr-03 15:15:12.0000,69.185634,-146139354.0238432,-32986237.31987721,-14309644.29477589,6.964322657804247,-27.43508925089971,-11.95337331447192,2026-04-03T15:14:02.814419
2461134.13625, A.D. 2026-Apr-03 15:16:12.0000,69.185634,-146138936.150839,-32987883.41881519,-14310361.49403156,6.964795466573181,-27.43494620618905,-11.95329941348151,2026-04-03T15:15:02.814375
2461134.136944444, A.D. 2026-Apr-03 15:17:12.0000,69.185634,-146138518.2494668,-32989529.5091699,-14311078.68885288,6.965268261255164,-27.43480314123914,-11.95322550250647,2026-04-03T15:16:02.814331
2461134.137638889, A.D. 2026-Apr-03 15:18:12.0000,69.185634,-146138100.3197265,-32991175.59094338,-14311795.87924067,6.965741041848781,-27.43466005605163,-11.95315158154782,2026-04-03T15:17:02.814368
2461134.138333333, A.D. 2026-Apr-03 15:19:12.0000,69.185634,-146137682.3616199,-32992821.66413115,-14312513.06519291,6.966213808350747,-27.43451695062879,-11.95307765060685,2026-04-03T15:18:02.814364
2461134.139027778, A.D. 2026-Apr-03 15:20:12.0000,69.185634,-146137264.3751477,-32994467.728732,-14313230.246709,6.966686560758709,-27.43437382497259,-11.9530037096847,2026-04-03T15:19:02.814401
2461134.139722222, A.D. 2026-Apr-03 15:21:12.0000,69.185634,-146136846.3603109,-32996113.78474472,-14313947.42378834,6.967159299070319,-27.43423067908497,-11.95292975878253,2026-04-03T15:20:02.814357
2461134.140416667, A.D. 2026-Apr-03 15:22:12.0000,69.185634,-146136428.3171102,-32997759.83216809,-14314664.59643034,6.967632023283227,-27.43408751296793,-11.95285579790149,2026-04-03T15:21:02.814394
2461134.141111111, A.D. 2026-Apr-03 15:23:12.0000,69.185634,-146136010.2455457,-32999405.87100417,-14315381.76463581,6.968104733396025,-27.43394432662314,-11.95278182704258,2026-04-03T15:22:02.814350
2461134.141805556, A.D. 2026-Apr-03 15:24:12.0000,69.185634,-146135592.1456198,-33001051.9012452,-14316098.92840131,6.968577429404488,-27.43380112005313,-11.95270784620724,2026-04-03T15:23:02.814427
2461134.1425, A.D. 2026-Apr-03 15:25:12.0000,69.185634,-146135174.0173319,-33002697.92289651,-14316816.08772909,6.969050111308146,-27.4336578932593,-11.95263385539632,2026-04-03T15:24:02.814383
2461134.143194444, A.D. 2026-Apr-03 15:26:12.0000,69.185634,-146134755.8606834,-33004343.93595362,-14317533.24261713,6.969522779103712,-27.43351464624391,-11.95255985461113,2026-04-03T15:25:02.814339
2461134.143888889, A.D. 2026-Apr-03 15:27:12.0000,69.185634,-146134337.6756746,-33005989.94041858,-14318250.39306626,6.969995432789778,-27.43337137900864,-11.95248584385267,2026-04-03T15:26:02.814376
2461134.144583333, A.D. 2026-Apr-03 15:28:12.0000,69.185634,-146133919.4623078,-33007635.93628364,-14318967.53907302,6.970468072362123,-27.43322809155602,-11.95241182312238,2026-04-03T15:27:02.814332
2461134.145277778, A.D. 2026-Apr-03 15:29:12.0000,69.185634,-146133501.2205822,-33009281.92355413,-14319684.68063967,6.970940697820278,-27.43308478388746,-11.95233779242112,2026-04-03T15:28:02.814409
2461134.145972222, A.D. 2026-Apr-03 15:30:12.0000,69.185634,-146133082.9504996,-33010927.90222556,-14320401.81776418,6.971413309160957,-27.43294145600522,-11.95226375175018,2026-04-03T15:29:02.814365
2461134.146666666, A.D. 2026-Apr-03 15:31:12.0000,69.185634,-146132664.6520608,-33012573.87229673,-14321118.95044596,6.971885906381816,-27.43279810791125,-11.95218970111071,2026-04-03T15:30:02.814321
2461134.147361111, A.D. 2026-Apr-03 15:32:12.0000,69.185634,-146132246.3252666,-33014219.83376641,-14321836.0786844,6.972358489480512,-27.43265473960752,-11.95211564050386,2026-04-03T15:31:02.814358
2461134.148055556, A.D. 2026-Apr-03 15:33:12.0000,69.185634,-146131827.9701171,-33015865.78663667,-14322553.20248035,6.97283105845564,-27.43251135109574,-11.95204156993065,2026-04-03T15:32:02.814435
2461134.14875, A.D. 2026-Apr-03 15:34:12.0000,69.185634,-146131409.5866138,-33017511.73090303,-14323270.32183176,6.973303613303916,-27.43236794237814,-11.95196748939236,2026-04-03T15:33:02.814391
2461134.149444445, A.D. 2026-Apr-03 15:35:12.0000,69.185634,-146130991.1747578,-33019157.66656426,-14323987.43673805,6.973776154022994,-27.43222451345668,-11.95189339889014,2026-04-03T15:34:02.814428
2461134.150138889, A.D. 2026-Apr-03 15:36:12.0000,69.185634,-146130572.7345497,-33020803.59361917,-14324704.54719862,6.974248680610538,-27.43208106433337,-11.95181929842515,2026-04-03T15:35:02.814384
2461134.150833333, A.D. 2026-Apr-03 15:37:12.0000,69.185634,-146130154.2659905,-33022449.51206653,-14325421.65321287,6.974721193064203,-27.43193759501014,-11.95174518799853,2026-04-03T15:36:02.814340
2461134.151527778, A.D. 2026-Apr-03 15:38:12.0000,69.185634,-146129735.7690802,-33024095.42190841,-14326138.75478162,6.975193691382585,-27.43179410548868,-11.9516710676113,2026-04-03T15:37:02.814377
2461134.152222222, A.D. 2026-Apr-03 15:39:12.0000,69.185634,-146129317.2438205,-33025741.32314033,-14326855.85190285,6.975666175562403,-27.43165059577127,-11.95159693726473,2026-04-03T15:38:02.814373
2461134.152916667, A.D. 2026-Apr-03 15:40:12.0000,69.185634,-146128898.6902122,-33027387.21576106,-14327572.94457597,6.976138645601317,-27.43150706585986,-11.95152279696,2026-04-03T15:39:02.814410
2461134.153611111, A.D. 2026-Apr-03 15:41:12.0000,69.185634,-146128480.1082561,-33029033.09976941,-14328290.03280038,6.976611101496989,-27.43136351575643,-11.95144864669825,2026-04-03T15:40:02.814366
2461134.154305555, A.D. 2026-Apr-03 15:42:12.0000,69.185634,-146128061.4979531,-33030678.97516416,-14329007.11657548,6.977083543247076,-27.43121994546296,-11.95137448648062,2026-04-03T15:41:02.814322
2461134.155, A.D. 2026-Apr-03 15:43:12.0000,69.185634,-146127642.8593033,-33032324.84194735,-14329724.19590211,6.977555970850176,-27.4310763549811,-11.95130031630814,2026-04-03T15:42:02.814359
2461134.155694445, A.D. 2026-Apr-03 15:44:12.0000,69.185634,-146127224.1923091,-33033970.70011127,-14330441.2707768,6.978028384302076,-27.43093274431343,-11.95122613618222,2026-04-03T15:43:02.814436
2461134.156388889, A.D. 2026-Apr-03 15:45:12.0000,69.185634,-146126805.4969697,-33035616.54966121,-14331158.34120181,6.978500783602312,-27.43078911346133,-11.95115194610375,2026-04-03T15:44:02.814392
2461134.157083333, A.D. 2026-Apr-03 15:46:12.0000,69.185634,-146126386.773286,-33037262.39059598,-14331875.40717656,6.978973168748546,-27.43064546242677,-11.95107774607386,2026-04-03T15:45:02.814348
2461134.157777778, A.D. 2026-Apr-03 15:47:12.0000,69.185634,-146125968.0212605,-33038908.22290783,-14332592.46869758,6.979445539736563,-27.43050179121231,-11.951003536094,2026-04-03T15:46:02.814385
2461134.158472222, A.D. 2026-Apr-03 15:48:12.0000,69.185634,-146125549.2408923,-33040554.04660207,-14333309.52576714,6.979917896565902,-27.43035809981935,-11.95092931616504,2026-04-03T15:47:02.814341
2461134.159166667, A.D. 2026-Apr-03 15:49:12.0000,69.185634,-146125130.4321841,-33042199.86167097,-14334026.57838178,6.980390239232351,-27.43021438825041,-11.95085508628841,2026-04-03T15:48:02.814418
2461134.159861111, A.D. 2026-Apr-03 15:50:12.0000,69.185634,-146124711.595134,-33043845.66812312,-14334743.62654519,6.980862567736386,-27.43007065650662,-11.95078084646482,2026-04-03T15:49:02.814374
2461134.160555555, A.D. 2026-Apr-03 15:51:12.0000,69.185634,-146124292.7297456,-33045491.4659475,-14335460.67025249,6.981334882072857,-27.42992690459081,-11.95070659669588,2026-04-03T15:50:02.814330
2461134.16125, A.D. 2026-Apr-03 15:52:12.0000,69.185634,-146123873.8360187,-33047137.25514618,-14336177.70950451,6.981807182240364,-27.42978313250467,-11.95063233698258,2026-04-03T15:51:02.814367
2461134.161944444, A.D. 2026-Apr-03 15:53:12.0000,69.185634,-146123454.9139535,-33048783.0357212,-14336894.74430208,6.982279468237513,-27.42963934024987,-11.95055806732592,2026-04-03T15:52:02.814323
2461134.162638889, A.D. 2026-Apr-03 15:54:12.0000,69.185634,-146123035.9635516,-33050428.80766809,-14337611.77464318,6.982751740061032,-27.42949552782869,-11.95048378772722,2026-04-03T15:53:02.814400
2461134.163333334, A.D. 2026-Apr-03 15:55:12.0000,69.185634,-146122616.9848137,-33052074.57098565,-14338328.80052722,6.983223997708582,-27.4293516952431,-11.95040949818761,2026-04-03T15:54:02.814437
2461134.164027778, A.D. 2026-Apr-03 15:56:12.0000,69.185634,-146122197.977741,-33053720.32567265,-14339045.82195358,6.983696241177833,-27.42920784249506,-11.95033519870825,2026-04-03T15:55:02.814393
2461134.164722222, A.D. 2026-Apr-03 15:57:12.0000,69.185634,-146121778.9423341,-33055366.07172789,-14339762.83892168,6.984168470466447,-27.42906396958656,-11.9502608892903,2026-04-03T15:56:02.814349
2461134.165416667, A.D. 2026-Apr-03 15:58:12.0000,69.185634,-146121359.878593,-33057011.80915344,-14340479.85143236,6.984640685573034,-27.42892007651927,-11.95018656993476,2026-04-03T15:57:02.814386
2461134.166111111, A.D. 2026-Apr-03 15:59:12.0000,69.185634,-146120940.7865195,-33058657.53794482,-14341196.85948358,6.985112886494319,-27.42877616329547,-11.95011224064292,2026-04-03T15:58:02.814382
2461134.166805556, A.D. 2026-Apr-03 16:00:12.0000,69.185634,-146120521.6661144,-33060303.2581008,-14341913.86307475,6.985585073227969,-27.42863222991711,-11.95003790141595,2026-04-03T15:59:02.814419
2461134.1675, A.D. 2026-Apr-03 16:01:12.0000,69.185634,-146120102.5173786,-33061948.96962019,-14342630.86220527,6.986057245771656,-27.42848827638619,-11.94996355225499,2026-04-03T16:00:02.814375
2461134.168194444, A.D. 2026-Apr-03 16:02:12.0000,69.185634,-146119683.3403129,-33063594.67250177,-14343347.85687455,6.986529404123045,-27.42834430270467,-11.94988919316119,2026-04-03T16:01:02.814331
2461134.168888889, A.D. 2026-Apr-03 16:03:12.0000,69.185634,-146119264.1349173,-33065240.36674761,-14344064.84708342,6.987001548280745,-27.42820030887423,-11.94981482413557,2026-04-03T16:02:02.814368
2461134.169583333, A.D. 2026-Apr-03 16:04:12.0000,69.185634,-146118844.9011935,-33066886.05235322,-14344781.83282985,6.987473678241487,-27.42805629489716,-11.94974044517941,2026-04-03T16:03:02.814364
2461134.170277778, A.D. 2026-Apr-03 16:05:12.0000,69.185634,-146118425.6391424,-33068531.7293174,-14345498.81411325,6.987945794002938,-27.4279122607754,-11.94966605629388,2026-04-03T16:04:02.814401
2461134.170972222, A.D. 2026-Apr-03 16:06:12.0000,69.185634,-146118006.3487648,-33070177.39763894,-14346215.79093303,6.988417895562772,-27.42776820651095,-11.94959165748013,2026-04-03T16:05:02.814357
2461134.171666667, A.D. 2026-Apr-03 16:07:12.0000,69.185634,-146117587.0300607,-33071823.0573199,-14346932.76329001,6.988889982919597,-27.42762413210549,-11.94951724873916,2026-04-03T16:06:02.814394
2461134.172361111, A.D. 2026-Apr-03 16:08:12.0000,69.185634,-146117167.6830327,-33073468.70835254,-14347649.73118076,6.989362056069205,-27.42748003756157,-11.94944283007242,2026-04-03T16:07:02.814350
2461134.173055556, A.D. 2026-Apr-03 16:09:12.0000,69.185634,-146116748.3076799,-33075114.35074218,-14348366.69460751,6.989834115011146,-27.42733592288059,-11.94936840148076,2026-04-03T16:08:02.814427
2461134.17375, A.D. 2026-Apr-03 16:10:12.0000,69.185634,-146116328.9040041,-33076759.98448434,-14349083.65356825,6.990306159742153,-27.42719178806482,-11.9492939629655,2026-04-03T16:09:02.814383
2461134.174444444, A.D. 2026-Apr-03 16:11:12.0000,69.185634,-146115909.4720052,-33078405.60958109,-14349800.60806382,6.990778190260838,-27.42704763311594,-11.94921951452763,2026-04-03T16:10:02.814339
2461134.175138889, A.D. 2026-Apr-03 16:12:12.0000,69.185634,-146115490.0116857,-33080051.22602469,-14350517.55809077,6.991250206562994,-27.4269034580365,-11.94914505616861,2026-04-03T16:11:02.814376
2461134.175833333, A.D. 2026-Apr-03 16:13:12.0000,69.185634,-146115070.5230449,-33081696.83382045,-14351234.50365134,6.991722208648176,-27.42675926282791,-11.94907058788928,2026-04-03T16:12:02.814332
2461134.176527778, A.D. 2026-Apr-03 16:14:12.0000,69.185634,-146114651.0060845,-33083342.43296391,-14351951.44474353,6.992194196513113,-27.42661504749244,-11.94899610969096,2026-04-03T16:13:02.814409
2461134.177222222, A.D. 2026-Apr-03 16:15:12.0000,69.185634,-146114231.4608053,-33084988.02345385,-14352668.38136673,6.992666170155481,-27.42647081203204,-11.9489216215748,2026-04-03T16:14:02.814365
2461134.177916666, A.D. 2026-Apr-03 16:16:12.0000,69.185634,-146113811.887208,-33086633.60528908,-14353385.31352036,6.993138129572957,-27.42632655644871,-11.94884712354195,2026-04-03T16:15:02.814321
2461134.178611111, A.D. 2026-Apr-03 16:17:12.0000,69.185634,-146113392.2852929,-33088279.17847165,-14354102.24120523,6.993610074764151,-27.42618228074413,-11.94877261559341,2026-04-03T16:16:02.814358
2461134.179305556, A.D. 2026-Apr-03 16:18:12.0000,69.185634,-146112972.6550623,-33089924.74299381,-14354819.16441791,6.994082005724865,-27.42603798492086,-11.94869809773064,2026-04-03T16:17:02.814435
2461134.18, A.D. 2026-Apr-03 16:19:12.0000,69.185634,-146112552.9965155,-33091570.2988609,-14355536.08316066,6.994553922454648,-27.42589366898031,-11.94862356995449,2026-04-03T16:18:02.814391
2461134.180694445, A.D. 2026-Apr-03 16:20:12.0000,69.185634,-146112133.3096542,-33093215.84606844,-14356252.99743144,6.99502582495024,-27.42574933292472,-11.94854903226627,2026-04-03T16:19:02.814428
2461134.181388889, A.D. 2026-Apr-03 16:21:12.0000,69.185634,-146111713.5944791,-33094861.38461523,-14356969.90722967,6.995497713209316,-27.42560497675608,-11.94847448466713,2026-04-03T16:20:02.814384
2461134.182083333, A.D. 2026-Apr-03 16:22:12.0000,69.185634,-146111293.8509905,-33096506.91450332,-14357686.81255618,6.995969587230493,-27.42546060047609,-11.94839992715807,2026-04-03T16:21:02.814340
2461134.182777778, A.D. 2026-Apr-03 16:23:12.0000,69.185634,-146110874.0791898,-33098152.43572825,-14358403.71340895,6.996441447010509,-27.425316204087,-11.9483253597404,2026-04-03T16:22:02.814377
2461134.183472222, A.D. 2026-Apr-03 16:24:12.0000,69.185634,-146110454.279078,-33099797.94828879,-14359120.60978737,6.99691329254704,-27.42517178759079,-11.94825078241527,2026-04-03T16:23:02.814373
2461134.184166667, A.D. 2026-Apr-03 16:25:12.0000,69.185634,-146110034.450656,-33101443.45218376,-14359837.50169087,6.997385123837769,-27.42502735098947,-11.94817619518385,2026-04-03T16:24:02.814410
2461134.184861111, A.D. 2026-Apr-03 16:26:12.0000,69.185634,-146109614.5939245,-33103088.94741194,-14360554.38911885,6.997856940880371,-27.42488289428498,-11.94810159804727,2026-04-03T16:25:02.814366
2461134.185555555, A.D. 2026-Apr-03 16:27:12.0000,69.185634,-146109194.7088836,-33104734.43397539,-14361271.27207213,6.998328743673463,-27.42473841747902,-11.94802699100655,2026-04-03T16:26:02.814322
2461134.18625, A.D. 2026-Apr-03 16:28:12.0000,69.185634,-146108774.7955359,-33106379.91186637,-14361988.15054726,6.998800532212852,-27.42459392057416,-11.94795237406314,2026-04-03T16:27:02.814359
2461134.186944445, A.D. 2026-Apr-03 16:29:12.0000,69.185634,-146108354.8538805,-33108025.38109022,-14362705.02454652,6.999272306498091,-27.42444940357178,-11.9478777472179,2026-04-03T16:28:02.814436
2461134.187638889, A.D. 2026-Apr-03 16:30:12.0000,69.185634,-146107934.8839191,-33109670.84164245,-14363421.89406788,6.999744066525922,-27.42430486647417,-11.94780311047213,2026-04-03T16:29:02.814392
2461134.188333333, A.D. 2026-Apr-03 16:31:12.0000,69.185634,-146107514.8856517,-33111316.29352514,-14364138.75911216,7.000215812294964,-27.42416030928302,-11.94772846382683,2026-04-03T16:30:02.814348
2461134.189027778, A.D. 2026-Apr-03 16:32:12.0000,69.185634,-146107094.8590808,-33112961.73673054,-14364855.61967592,7.000687543801026,-27.42401573200086,-11.94765380728346,2026-04-03T16:31:02.814385
2461134.189722222, A.D. 2026-Apr-03 16:33:12.0000,69.185634,-146106674.8042057,-33114607.17126396,-14365572.47576143,7.001159261043661,-27.42387113462912,-11.94757914084288,2026-04-03T16:32:02.814341
2461134.190416667, A.D. 2026-Apr-03 16:34:12.0000,69.185634,-146106254.7210281,-33116252.59712097,-14366289.32736666,7.001630964019614,-27.42372651717007,-11.9475044645064,2026-04-03T16:33:02.814418
2461134.191111111, A.D. 2026-Apr-03 16:35:12.0000,69.185634,-146105834.6095487,-33117898.01430033,-14367006.17449102,7.00210265272657,-27.42358187962567,-11.94742977827515,2026-04-03T16:34:02.814374
2461134.191805555, A.D. 2026-Apr-03 16:36:12.0000,69.185634,-146105414.4697685,-33119543.42280085,-14367723.01713391,7.002574327162211,-27.42343722199792,-11.94735508215031,2026-04-03T16:35:02.814330
2461134.1925, A.D. 2026-Apr-03 16:37:12.0000,69.185634,-146104994.3016874,-33121188.82262458,-14368439.85529618,7.003045987325155,-27.4232925442885,-11.94728037613288,2026-04-03T16:36:02.814367
2461134.193194444, A.D. 2026-Apr-03 16:38:12.0000,69.185634,-146104574.1053072,-33122834.21376706,-14369156.68897578,7.003517633212153,-27.42314784649968,-11.94720566022415,2026-04-03T16:37:02.814323
2461134.193888889, A.D. 2026-Apr-03 16:39:12.0000,69.185634,-146104153.8806286,-33124479.59622709,-14369873.51817214,7.003989264820888,-27.42300312863344,-11.9471309344253,2026-04-03T16:38:02.814400
2461134.194583334, A.D. 2026-Apr-03 16:40:12.0000,69.185634,-146103733.6276527,-33126124.97000345,-14370590.34288467,7.00446088214904,-27.42285839069178,-11.94705619873747,2026-04-03T16:39:02.814437
2461134.195277778, A.D. 2026-Apr-03 16:41:12.0000,69.185634,-146103313.3463802,-33127770.33509494,-14371307.16311276,7.0049324851943,-27.42271363267665,-11.94698145316181,2026-04-03T16:40:02.814393
2461134.195972222, A.D. 2026-Apr-03 16:42:12.0000,69.185634,-146102893.0368111,-33129415.69150363,-14372023.97885725,7.005404073955289,-27.42256885458977,-11.94690669769934,2026-04-03T16:41:02.814349
2461134.196666667, A.D. 2026-Apr-03 16:43:12.0000,69.185634,-146102472.698948,-33131061.03922177,-14372740.7901147,7.005875648427818,-27.42242405643369,-11.94683193235151,2026-04-03T16:42:02.814386
2461134.197361111, A.D. 2026-Apr-03 16:44:12.0000,69.185634,-146102052.33279,-33132706.3782547,-14373457.59688735,7.006347208611445,-27.42227923820982,-11.94675715711918,2026-04-03T16:43:02.814382
2461134.198055556, A.D. 2026-Apr-03 16:45:12.0000,69.185634,-146101631.938339,-33134351.70859795,-14374174.39917321,7.006818754502927,-27.42213439992042,-11.94668237200365,2026-04-03T16:44:02.814419
2461134.19875, A.D. 2026-Apr-03 16:46:12.0000,69.185634,-146101211.5155948,-33135997.03025358,-14374891.19697309,7.00729028610088,-27.42198954156718,-11.94660757700593,2026-04-03T16:45:02.814375
2461134.199444444, A.D. 2026-Apr-03 16:47:12.0000,69.185634,-146100791.0645599,-33137642.34321385,-14375607.99028355,7.007761803401122,-27.42184466315268,-11.94653277212748,2026-04-03T16:46:02.814331
2461134.200138889, A.D. 2026-Apr-03 16:48:12.0000,69.185634,-146100370.5852337,-33139287.64748408,-14376324.77910686,7.008233306403215,-27.42169976467831,-11.94645795736914,2026-04-03T16:47:02.814368
2461134.200833333, A.D. 2026-Apr-03 16:49:12.0000,69.185634,-146099950.0776178,-33140932.94305983,-14377041.56344099,7.008704795103911,-27.42155484614634,-11.94638313273223,2026-04-03T16:48:02.814364
2461134.201527778, A.D. 2026-Apr-03 16:50:12.0000,69.185634,-146099529.541713,-33142578.22993986,-14377758.34328535,7.009176269500896,-27.42140990755876,-11.94630829821791,2026-04-03T16:49:02.814401
2461134.202222222, A.D. 2026-Apr-03 16:51:12.0000,69.185634,-146099108.9775194,-33144223.50812627,-14378475.11864077,7.009647729592798,-27.42126494891728,-11.94623345382718,2026-04-03T16:50:02.814357
2461134.202916667, A.D. 2026-Apr-03 16:52:12.0000,69.185634,-146098688.3850394,-33145868.77761129,-14379191.88950382,7.010119175375435,-27.42111997022442,-11.94615859956149,2026-04-03T16:51:02.814394
2461134.203611111, A.D. 2026-Apr-03 16:53:12.0000,69.185634,-146098267.7642724,-33147514.03840027,-14379908.65587674,7.010590606848369,-27.42097497148162,-11.94608373542171,2026-04-03T16:52:02.814350
2461134.204305556, A.D. 2026-Apr-03 16:54:12.0000,69.185634,-146097847.1152199,-33149159.29048873,-14380625.41775753,7.011062024008352,-27.42082995269114,-11.94600886140913,2026-04-03T16:53:02.814427
2461134.205, A.D. 2026-Apr-03 16:55:12.0000,69.185634,-146097426.4378829,-33150804.53387548,-14381342.17514558,7.011533426853079,-27.42068491385497,-11.94593397752493,2026-04-03T16:54:02.814383
2461134.205694444, A.D. 2026-Apr-03 16:56:12.0000,69.185634,-146097005.7322613,-33152449.76856258,-14382058.92804173,7.012004815381174,-27.4205398549748,-11.9458590837701,2026-04-03T16:55:02.814339
2461134.206388889, A.D. 2026-Apr-03 16:57:12.0000,69.185634,-146096584.9983577,-33154094.99454228,-14382775.67644255,7.01247618958846,-27.4203947760532,-11.94578418014609,2026-04-03T16:56:02.814376
2461134.207083333, A.D. 2026-Apr-03 16:58:12.0000,69.185634,-146096164.2361713,-33155740.21181993,-14383492.42035028,7.012947549474499,-27.42024967709157,-11.94570926665378,2026-04-03T16:57:02.814332
2461134.207777778, A.D. 2026-Apr-03 16:59:12.0000,69.185634,-146095743.4457038,-33157385.42039105,-14384209.15976291,7.013418895036049,-27.42010455809217,-11.94563434329446,2026-04-03T16:58:02.814409
2461134.208472222, A.D. 2026-Apr-03 17:00:12.0000,69.185634,-146095322.626956,-33159030.62025443,-14384925.89467984,7.013890226270804,-27.41995941905702,-11.94555941006929,2026-04-03T16:59:02.814365
2461134.209166666, A.D. 2026-Apr-03 17:01:12.0000,69.185634,-146094901.7799279,-33160675.81141216,-14385642.62510192,7.014361543177391,-27.41981425998777,-11.94548446697928,2026-04-03T17:00:02.814321
2461134.209861111, A.D. 2026-Apr-03 17:02:12.0000,69.185634,-146094480.9046221,-33162320.99385648,-14386359.3510257,7.014832845751633,-27.41966908088703,-11.94540951402589,2026-04-03T17:01:02.814358
2461134.210555556, A.D. 2026-Apr-03 17:03:12.0000,69.185634,-146094060.0010378,-33163966.16759274,-14387076.07245343,7.015304133993099,-27.41952388175617,-11.94533455120997,2026-04-03T17:02:02.814435
2461134.21125, A.D. 2026-Apr-03 17:04:12.0000,69.185634,-146093639.0691767,-33165611.33261645,-14387792.78938311,7.015775407898544,-27.41937866259749,-11.94525957853283,2026-04-03T17:03:02.814391
2461134.211944445, A.D. 2026-Apr-03 17:05:12.0000,69.185634,-146093218.1090397,-33167256.48892643,-14388509.50181413,7.016246667465667,-27.41923342341296,-11.94518459599564,2026-04-03T17:04:02.814428
2461134.212638889, A.D. 2026-Apr-03 17:06:12.0000,69.185634,-146092797.1206266,-33168901.63652473,-14389226.20974734,7.016717912693098,-27.41908816420429,-11.94510960359938,2026-04-03T17:05:02.814384
2461134.213333333, A.D. 2026-Apr-03 17:07:12.0000,69.185634,-146092376.1039402,-33170546.77540363,-14389942.91317929,7.01718914357666,-27.41894288497403,-11.94503460134554,2026-04-03T17:06:02.814340
2461134.214027778, A.D. 2026-Apr-03 17:08:12.0000,69.185634,-146091955.0589795,-33172191.90556845,-14390659.61211224,7.017660360115925,-27.4187975857236,-11.94495958923495,2026-04-03T17:07:02.814377
2461134.214722222, A.D. 2026-Apr-03 17:09:12.0000,69.185634,-146091533.9857463,-33173837.02701472,-14391376.30654417,7.018131562307649,-27.41865226645526,-11.94488456726894,2026-04-03T17:08:02.814373
2461134.215416667, A.D. 2026-Apr-03 17:10:12.0000,69.185634,-146091112.8842414,-33175482.13974125,-14392092.99647449,7.018602750149533,-27.41850692717102,-11.94480953544865,2026-04-03T17:09:02.814410
2461134.216111111, A.D. 2026-Apr-03 17:11:12.0000,69.185634,-146090691.7544649,-33177127.2437501,-14392809.68190404,7.019073923640211,-27.41836156787256,-11.9447344937751,2026-04-03T17:10:02.814366
2461134.216805555, A.D. 2026-Apr-03 17:12:12.0000,69.185634,-146090270.5964193,-33178772.33903353,-14393526.36282937,7.019545082775508,-27.41821618856245,-11.94465944224975,2026-04-03T17:11:02.814322
2461134.2175, A.D. 2026-Apr-03 17:13:12.0000,69.185634,-146089849.4101038,-33180417.42559689,-14394243.03925274,7.020016227554997,-27.4180707892421,-11.94458438087344,2026-04-03T17:12:02.814359
2461134.218194445, A.D. 2026-Apr-03 17:14:12.0000,69.185634,-146089428.19552,-33182062.50343569,-14394959.71117215,7.020487357975436,-27.41792536991378,-11.9445093096475,2026-04-03T17:13:02.814436
2461134.218888889, A.D. 2026-Apr-03 17:15:12.0000,69.185634,-146089006.9526689,-33183707.57254875,-14395676.37858699,7.02095847403453,-27.41777993057949,-11.94443422857308,2026-04-03T17:14:02.814392
2461134.219583333, A.D. 2026-Apr-03 17:16:12.0000,69.185634,-146088585.6815505,-33185352.63293812,-14396393.0414981,7.021429575730914,-27.41763447124092,-11.94435913765118,2026-04-03T17:15:02.814348
2461134.220277778, A.D. 2026-Apr-03 17:17:12.0000,69.185634,-146088164.3821664,-33186997.68459935,-14397109.69990346,7.02190066306135,-27.41748899190034,-11.94428403688312,2026-04-03T17:16:02.814385
2461134.220972222, A.D. 2026-Apr-03 17:18:12.0000,69.185634,-146087743.0545184,-33188642.72752796,-14397826.35380107,7.022371736022606,-27.41734349256004,-11.94420892627021,2026-04-03T17:17:02.814341
2461134.221666667, A.D. 2026-Apr-03 17:19:12.0000,69.185634,-146087321.6986056,-33190287.76172929,-14398543.00319317,7.022842794614251,-27.41719797322142,-11.9441338058133,2026-04-03T17:18:02.814418
2461134.222361111, A.D. 2026-Apr-03 17:20:12.0000,69.185634,-146086900.314429,-33191932.78720213,-14399259.64807918,7.023313838833992,-27.41705243388649,-11.94405867551355,2026-04-03T17:19:02.814374
2461134.223055555, A.D. 2026-Apr-03 17:21:12.0000,69.185634,-146086478.901991,-33193577.80393876,-14399976.28845565,7.023784868677656,-27.41690687455779,-11.94398353537242,2026-04-03T17:20:02.814330
2461134.22375, A.D. 2026-Apr-03 17:22:12.0000,69.185634,-146086057.4612908,-33195222.81194451,-14400692.92432485,7.024255884144816,-27.41676129523674,-11.94390838539077,2026-04-03T17:21:02.814367
2461134.224444444, A.D. 2026-Apr-03 17:23:12.0000,69.185634,-146085635.9923302,-33196867.81121492,-14401409.55568477,7.024726885232244,-27.41661569592562,-11.9438332255699,2026-04-03T17:22:02.814323
2461134.225138889, A.D. 2026-Apr-03 17:24:12.0000,69.185634,-146085214.4951099,-33198512.80174877,-14402126.1825348,7.025197871937641,-27.41647007662642,-11.94375805591099,2026-04-03T17:23:02.814400
2461134.225833334, A.D. 2026-Apr-03 17:25:12.0000,69.185634,-146084792.969631,-33200157.78354488,-14402842.80487437,7.025668844258707,-27.41632443734112,-11.94368287641519,2026-04-03T17:24:02.814437
2461134.226527778, A.D. 2026-Apr-03 17:26:12.0000,69.185634,-146084371.4158942,-33201802.75660203,-14403559.42270288,7.026139802193152,-27.41617877807172,-11.94360768708365,2026-04-03T17:25:02.814393
2461134.227222222, A.D. 2026-Apr-03 17:27:12.0000,69.185634,-146083949.8338995,-33203447.72092232,-14404276.03602116,7.026610745739611,-27.41603309881992,-11.94353248791738,2026-04-03T17:26:02.814349
2461134.227916667, A.D. 2026-Apr-03 17:28:12.0000,69.185634,-146083528.2236486,-33205092.67650126,-14404992.6448272,7.027081674894863,-27.41588739958799,-11.9434572789177,2026-04-03T17:27:02.814386
2461134.228611111, A.D. 2026-Apr-03 17:29:12.0000,69.185634,-146083106.5851425,-33206737.62333766,-14405709.24912041,7.027552589656601,-27.41574168037793,-11.94338206008576,2026-04-03T17:28:02.814382
2461134.229305556, A.D. 2026-Apr-03 17:30:12.0000,69.185634,-146082684.918382,-33208382.56143032,-14406425.84890021,7.02802349002254,-27.41559594119172,-11.94330683142273,2026-04-03T17:29:02.814419
2461134.23, A.D. 2026-Apr-03 17:31:12.0000,69.185634,-146082263.2233671,-33210027.4907813,-14407142.44416741,7.028494375991319,-27.41545018203108,-11.94323159292961,2026-04-03T17:30:02.814375
2461134.230694444, A.D. 2026-Apr-03 17:32:12.0000,69.185634,-146081841.5001003,-33211672.41138288,-14407859.0349186,7.028965247558776,-27.41530440289856,-11.94315634460787,2026-04-03T17:31:02.814331
2461134.231388889, A.D. 2026-Apr-03 17:33:12.0000,69.185634,-146081419.7485809,-33213317.32324039,-14408575.62115602,7.029436104724483,-27.41515860379558,-11.94308108645835,2026-04-03T17:32:02.814368
2461134.232083333, A.D. 2026-Apr-03 17:34:12.0000,69.185634,-146080997.9688105,-33214962.22634937,-14409292.20287766,7.029906947485217,-27.41501278472441,-11.94300581848238,2026-04-03T17:33:02.814364
2461134.232777778, A.D. 2026-Apr-03 17:35:12.0000,69.185634,-146080576.1607891,-33216607.12071187,-14410008.78008436,7.030377775839622,-27.41486694568676,-11.94293054068096,2026-04-03T17:34:02.814401
2461134.233472222, A.D. 2026-Apr-03 17:36:12.0000,69.185634,-146080154.3245194,-33218252.00632019,-14410725.35277268,7.030848589783536,-27.4147210866852,-11.94285525305556,2026-04-03T17:35:02.814357
2461134.234166667, A.D. 2026-Apr-03 17:37:12.0000,69.185634,-146079732.4600005,-33219896.88317965,-14411441.92094488,7.031319389316537,-27.41457520772115,-11.94277995560702,2026-04-03T17:36:02.814394
2461134.234861111, A.D. 2026-Apr-03 17:38:12.0000,69.185634,-146079310.567234,-33221541.75128578,-14412158.48459893,7.031790174435398,-27.41442930879688,-11.94270464833667,2026-04-03T17:37:02.814350
2461134.235555556, A.D. 2026-Apr-03 17:39:12.0000,69.185634,-146078888.6462209,-33223186.61063738,-14412875.04373427,7.03226094513783,-27.41428338991437,-11.94262933124566,2026-04-03T17:38:02.814427
2461134.23625, A.D. 2026-Apr-03 17:40:12.0000,69.185634,-146078466.6969621,-33224831.46123326,-14413591.59835028,7.032731701421545,-27.41413745107564,-11.94255400433515,2026-04-03T17:39:02.814383
2461134.236944444, A.D. 2026-Apr-03 17:41:12.0000,69.185634,-146078044.7194583,-33226476.30307223,-14414308.1484464,7.03320244328425,-27.41399149228268,-11.94247866760631,2026-04-03T17:40:02.814339
2461134.237638889, A.D. 2026-Apr-03 17:42:12.0000,69.185634,-146077622.7137097,-33228121.13615635,-14415024.69402344,7.033673170724597,-27.41384551353717,-11.94240332106014,2026-04-03T17:41:02.814376
2461134.238333333, A.D. 2026-Apr-03 17:43:12.0000,69.185634,-146077200.6797178,-33229765.96048116,-14415741.23507941,7.034143883739355,-27.4136995148414,-11.94232796469796,2026-04-03T17:42:02.814332
2461134.239027778, A.D. 2026-Apr-03 17:44:12.0000,69.185634,-146076778.6174837,-33231410.77604545,-14416457.7716137,7.034614582326242,-27.41355349619736,-11.94225259852092,2026-04-03T17:43:02.814409
2461134.239722222, A.D. 2026-Apr-03 17:45:12.0000,69.185634,-146076356.5270081,-33233055.58284804,-14417174.30362574,7.035085266482968,-27.41340745760706,-11.94217722253018,2026-04-03T17:44:02.814365
2461134.240416666, A.D. 2026-Apr-03 17:46:12.0000,69.185634,-146075934.4082911,-33234700.380891,-14417890.83111635,7.035555936208181,-27.41326139907219,-11.94210183672677,2026-04-03T17:45:02.814321
2461134.241111111, A.D. 2026-Apr-03 17:47:12.0000,69.185634,-146075512.2613343,-33236345.17016985,-14418607.35408352,7.036026591498658,-27.41311532059503,-11.94202644111198,2026-04-03T17:46:02.814358
2461134.241805556, A.D. 2026-Apr-03 17:48:12.0000,69.185634,-146075090.0861396,-33237989.95068014,-14419323.87252524,7.036497232351179,-27.41296922217786,-11.94195103568712,2026-04-03T17:47:02.814435
2461134.2425, A.D. 2026-Apr-03 17:49:12.0000,69.185634,-146074667.882706,-33239634.72242721,-14420040.38644378,7.036967858765329,-27.41282310382211,-11.94187562045307,2026-04-03T17:48:02.814391
2461134.243194445, A.D. 2026-Apr-03 17:50:12.0000,69.185634,-146074245.6510345,-33241279.48540985,-14420756.89583853,7.03743847073882,-27.41267696552977,-11.94180019541098,2026-04-03T17:49:02.814428
2461134.243888889, A.D. 2026-Apr-03 17:51:12.0000,69.185634,-146073823.3911276,-33242924.23962035,-14421473.40070607,7.037909068267499,-27.4125308073034,-11.9417247605623,2026-04-03T17:50:02.814384
2461134.244583333, A.D. 2026-Apr-03 17:52:12.0000,69.185634,-146073401.1029844,-33244568.98506403,-14422189.90104865,7.038379651350952,-27.41238462914443,-11.94164931590791,2026-04-03T17:51:02.814340
2461134.245277778, A.D. 2026-Apr-03 17:53:12.0000,69.185634,-146072978.7866068,-33246213.72173643,-14422906.39686427,7.038850219985958,-27.41223843105512,-11.94157386144911,2026-04-03T17:52:02.814377
2461134.245972222, A.D. 2026-Apr-03 17:54:12.0000,69.185634,-146072556.4419955,-33247858.44963637,-14423622.88815233,7.03932077417023,-27.4120922130375,-11.94149839718707,2026-04-03T17:53:02.814373
2461134.246666667, A.D. 2026-Apr-03 17:55:12.0000,69.185634,-146072134.0691513,-33249503.16876262,-14424339.37491224,7.039791313901492,-27.41194597509353,-11.94142292312295,2026-04-03T17:54:02.814410
2461134.247361111, A.D. 2026-Apr-03 17:56:12.0000,69.185634,-146071711.6680745,-33251147.8791173,-14425055.85714485,7.040261839178393,-27.41179971722493,-11.94134743925775,2026-04-03T17:55:02.814366
2461134.248055555, A.D. 2026-Apr-03 17:57:12.0000,69.185634,-146071289.2387666,-33252792.5806959,-14425772.33484813,7.040732349997711,-27.411653439434,-11.94127194559279,2026-04-03T17:56:02.814322
2461134.24875, A.D. 2026-Apr-03 17:58:12.0000,69.185634,-146070866.7812293,-33254437.27349399,-14426488.80802009,7.041202846356235,-27.411507141723,-11.94119644212938,2026-04-03T17:57:02.814359
2461134.249444445, A.D. 2026-Apr-03 17:59:12.0000,69.185634,-146070444.2954611,-33256081.95752016,-14427205.27666439,7.041673328254484,-27.41136082409306,-11.94112092886824,2026-04-03T17:58:02.814436
2461134.250138889, A.D. 2026-Apr-03 18:00:12.0000,69.185634,-146070021.7814653,-33257726.63276343,-14427921.74077619,7.042143795687377,-27.41121448654705,-11.94104540581097,2026-04-03T17:59:02.814392
2461134.250833333, A.D. 2026-Apr-03 18:01:12.0000,69.185634,-146069599.2392418,-33259371.29922584,-14428638.20035632,7.042614248653561,-27.41106812908668,-11.94096987295858,2026-04-03T18:00:02.814348
2461134.251527778, A.D. 2026-Apr-03 18:02:12.0000,69.185634,-146069176.6687909,-33261015.9569095,-14429354.6554056,7.043084687151699,-27.41092175171364,-11.9408943303121,2026-04-03T18:01:02.814385
2461134.252222222, A.D. 2026-Apr-03 18:03:12.0000,69.185634,-146068754.070114,-33262660.60580992,-14430071.10592205,7.04355511117857,-27.41077535443023,-11.94081877787282,2026-04-03T18:02:02.814341
2461134.252916667, A.D. 2026-Apr-03 18:04:12.0000,69.185634,-146068331.4432123,-33264305.24592593,-14430787.55190506,7.044025520731894,-27.41062893723846,-11.94074321564192,2026-04-03T18:03:02.814418
2461134.253611111, A.D. 2026-Apr-03 18:05:12.0000,69.185634,-146067908.7880864,-33265949.87725631,-14431503.99335404,7.044495915809396,-27.41048250014029,-11.94066764362056,2026-04-03T18:04:02.814374
2461134.254305555, A.D. 2026-Apr-03 18:06:12.0000,69.185634,-146067486.1047364,-33267594.49980315,-14432220.43026984,7.044966296409729,-27.41033604313746,-11.94059206180973,2026-04-03T18:05:02.814330
2461134.255, A.D. 2026-Apr-03 18:07:12.0000,69.185634,-146067063.3931641,-33269239.11356198,-14432936.86265044,7.04543666252968,-27.41018956623222,-11.94051647021077,2026-04-03T18:06:02.814367
2461134.255694444, A.D. 2026-Apr-03 18:08:12.0000,69.185634,-146066640.6533703,-33270883.71853161,-14433653.29049526,7.045907014166976,-27.4100430694266,-11.94044086882483,2026-04-03T18:07:02.814323
2461134.256388889, A.D. 2026-Apr-03 18:09:12.0000,69.185634,-146066217.8853558,-33272528.31471085,-14434369.71380371,7.046377351319332,-27.40989655272258,-11.94036525765308,2026-04-03T18:08:02.814400
2461134.257083334, A.D. 2026-Apr-03 18:10:12.0000,69.185634,-146065795.0891216,-33274172.9020985,-14435086.1325752,7.046847673984476,-27.40975001612217,-11.94028963669667,2026-04-03T18:09:02.814437
2461134.257777778, A.D. 2026-Apr-03 18:11:12.0000,69.185634,-146065372.2646676,-33275817.48069663,-14435802.54681057,7.047317982161065,-27.40960345962707,-11.94021400595662,2026-04-03T18:10:02.814393
2461134.258472222, A.D. 2026-Apr-03 18:12:12.0000,69.185634,-146064949.4119965,-33277462.05049752,-14436518.95650638,7.047788275844952,-27.40945688323985,-11.9401383654344,2026-04-03T18:11:02.814349
2461134.259166667, A.D. 2026-Apr-03 18:13:12.0000,69.185634,-146064526.5311074,-33279106.61150651,-14437235.36166489,7.048258555035734,-27.40931028696194,-11.94006271513085,2026-04-03T18:12:02.814386
2461134.259861111, A.D. 2026-Apr-03 18:14:12.0000,69.185634,-146064103.622002,-33280751.16371914,-14437951.76228411,7.048728819730195,-27.40916367079561,-11.93998705504731,2026-04-03T18:13:02.814382
2461134.260555556, A.D. 2026-Apr-03 18:15:12.0000,69.185634,-146063680.6846803,-33282395.70713747,-14438668.15836485,7.049199069927004,-27.40901703474259,-11.93991138518478,2026-04-03T18:14:02.814419
2461134.26125, A.D. 2026-Apr-03 18:16:12.0000,69.185634,-146063257.719145,-33284040.2417538,-14439384.54990368,7.04966930562201,-27.40887037880544,-11.93983570554472,2026-04-03T18:15:02.814375
2461134.261944444, A.D. 2026-Apr-03 18:17:12.0000,69.185634,-146062834.7253951,-33285684.76757344,-14440100.93690288,7.050139526814809,-27.40872370298559,-11.93976001612799,2026-04-03T18:16:02.814331
2461134.262638889, A.D. 2026-Apr-03 18:18:12.0000,69.185634,-146062411.7034324,-33287329.28459196,-14440817.31936042,7.050609733502196,-27.40857700728533,-11.93968431693592,2026-04-03T18:17:02.814368
2461134.263333333, A.D. 2026-Apr-03 18:19:12.0000,69.185634,-146061988.6532578,-33288973.79280815,-14441533.69727573,7.051079925681894,-27.40843029170665,-11.93960860796966,2026-04-03T18:18:02.814364
2461134.264027778, A.D. 2026-Apr-03 18:20:12.0000,69.185634,-146061565.5748721,-33290618.2922208,-14442250.0706482,7.051550103351634,-27.40828355625154,-11.93953288923038,2026-04-03T18:19:02.814401
2461134.264722222, A.D. 2026-Apr-03 18:21:12.0000,69.185634,-146061142.4682755,-33292262.78283203,-14442966.43947869,7.052020266510075,-27.40813680092173,-11.93945716071909,2026-04-03T18:20:02.814357
2461134.265416667, A.D. 2026-Apr-03 18:22:12.0000,69.185634,-146060719.3334695,-33293907.26463734,-14443682.80376518,7.052490415154014,-27.4079900257195,-11.9393814224371,2026-04-03T18:21:02.814394
2461134.266111111, A.D. 2026-Apr-03 18:23:12.0000,69.185634,-146060296.170455,-33295551.73763555,-14444399.16350709,7.052960549281175,-27.40784323064684,-11.93930567438557,2026-04-03T18:22:02.814350
2461134.266805556, A.D. 2026-Apr-03 18:24:12.0000,69.185634,-146059872.9792329,-33297196.20182548,-14445115.51870382,7.053430668889291,-27.40769641570577,-11.93922991656568,2026-04-03T18:23:02.814427
2461134.2675, A.D. 2026-Apr-03 18:25:12.0000,69.185634,-146059449.7598042,-33298840.65720593,-14445831.8693548,7.053900773976087,-27.40754958089826,-11.93915414897858,2026-04-03T18:24:02.814383
2461134.268194444, A.D. 2026-Apr-03 18:26:12.0000,69.185634,-146059026.5121688,-33300485.10377896,-14446548.21546086,7.054370864540235,-27.40740272622605,-11.93907837162529,2026-04-03T18:25:02.814339
2461134.268888889, A.D. 2026-Apr-03 18:27:12.0000,69.185634,-146058603.2363284,-33302129.54154014,-14447264.55701999,7.054840940578521,-27.40725585169141,-11.93900258450712,2026-04-03T18:26:02.814376
2461134.269583333, A.D. 2026-Apr-03 18:28:12.0000,69.185634,-146058179.9322847,-33303773.97048498,-14447980.89403018,7.055311002087748,-27.40710895729664,-11.93892678762539,2026-04-03T18:27:02.814332
2461134.270277778, A.D. 2026-Apr-03 18:29:12.0000,69.185634,-146057756.6000362,-33305418.39062212,-14448697.22649512,7.055781049068449,-27.40696204304287,-11.93885098098081,2026-04-03T18:28:02.814409
2461134.270972222, A.D. 2026-Apr-03 18:30:12.0000,69.185634,-146057333.2395861,-33307062.80194055,-14449413.55440995,7.056251081515553,-27.40681510893297,-11.93877516457499,2026-04-03T18:29:02.814365
2461134.271666666, A.D. 2026-Apr-03 18:31:12.0000,69.185634,-146056909.8509338,-33308707.2044456,-14450129.87777693,7.056721099428657,-27.40666815496835,-11.9386993384088,2026-04-03T18:30:02.814321
2461134.272361111, A.D. 2026-Apr-03 18:32:12.0000,69.185634,-146056486.4340816,-33310351.59812958,-14450846.19659263,7.057191102803627,-27.40652118115161,-11.93862350248369,2026-04-03T18:31:02.814358
2461134.273055556, A.D. 2026-Apr-03 18:33:12.0000,69.185634,-146056062.9890289,-33311995.9829978,-14451562.51085931,7.057661091640066,-27.40637418748415,-11.93854765680055,2026-04-03T18:32:02.814435
2461134.27375, A.D. 2026-Apr-03 18:34:12.0000,69.185634,-146055639.5157773,-33313640.35904583,-14452278.82057497,7.058131065934772,-27.40622717396828,-11.93847180136068,2026-04-03T18:33:02.814391
2461134.274444445, A.D. 2026-Apr-03 18:35:12.0000,69.185634,-146055216.014327,-33315284.72627572,-14452995.12574043,7.05860102568641,-27.40608014060569,-11.93839593616509,2026-04-03T18:34:02.814428
2461134.275138889, A.D. 2026-Apr-03 18:36:12.0000,69.185634,-146054792.4846803,-33316929.08467976,-14453711.42635227,7.059070970890848,-27.40593308739898,-11.93832006121525,2026-04-03T18:35:02.814384
2461134.275833333, A.D. 2026-Apr-03 18:37:12.0000,69.185634,-146054368.9268366,-33318573.43426329,-14454427.72241275,7.059540901547691,-27.40578601434957,-11.93824417651203,2026-04-03T18:36:02.814340
2461134.276527778, A.D. 2026-Apr-03 18:38:12.0000,69.185634,-146053945.3407974,-33320217.77502185,-14455144.01391986,7.060010817653737,-27.40563892145974,-11.93816828205673,2026-04-03T18:37:02.814377
2461134.277222222, A.D. 2026-Apr-03 18:39:12.0000,69.185634,-146053521.7265638,-33321862.10695425,-14455860.30087302,7.06048071920672,-27.4054918087315,-11.93809237785053,2026-04-03T18:38:02.814373
2461134.277916667, A.D. 2026-Apr-03 18:40:12.0000,69.185634,-146053098.0841357,-33323506.43006257,-14456576.58327306,7.060950606205311,-27.40534467616656,-11.93801646389444,2026-04-03T18:39:02.814410
2461134.278611111, A.D. 2026-Apr-03 18:41:12.0000,69.185634,-146052674.4135157,-33325150.74433909,-14457292.86111655,7.061420478645379,-27.40519752376751,-11.93794054018992,2026-04-03T18:40:02.814366
2461134.279305555, A.D. 2026-Apr-03 18:42:12.0000,69.185634,-146052250.714703,-33326795.04978914,-14458009.13440576,7.06189033652653,-27.40505035153576,-11.93786460673784,2026-04-03T18:41:02.814322
2461134.28, A.D. 2026-Apr-03 18:43:12.0000,69.185634,-146051826.9876993,-33328439.34640829,-14458725.40313867,7.062360179845565,-27.40490315947361,-11.93778866353951,2026-04-03T18:42:02.814359
2461134.280694445, A.D. 2026-Apr-03 18:44:12.0000,69.185634,-146051403.2325055,-33330083.63419531,-14459441.6673147,7.062830008600223,-27.40475594758306,-11.9377127105961,2026-04-03T18:43:02.814436
2461134.281388889, A.D. 2026-Apr-03 18:45:12.0000,69.185634,-146050979.4491216,-33331727.91315231,-14460157.92693469,7.063299822789173,-27.40460871586582,-11.93763674790862,2026-04-03T18:44:02.814392
2461134.282083333, A.D. 2026-Apr-03 18:46:12.0000,69.185634,-146050555.6375501,-33333372.18327155,-14460874.18199521,7.063769622408286,-27.40446146432448,-11.93756077547854,2026-04-03T18:45:02.814348
2461134.282777778, A.D. 2026-Apr-03 18:47:12.0000,69.185634,-146050131.7977903,-33335016.44455839,-14461590.43249853,7.064239407457171,-27.40431419296046,-11.93748479330673,2026-04-03T18:46:02.814385
2461134.283472222, A.D. 2026-Apr-03 18:48:12.0000,69.185634,-146049707.9298438,-33336660.69700836,-14462306.67844263,7.064709177932631,-27.40416690177605,-11.93740880139449,2026-04-03T18:47:02.814341
2461134.284166667, A.D. 2026-Apr-03 18:49:12.0000,69.185634,-146049284.0337116,-33338304.94062027,-14463022.91982692,7.065178933832407,-27.40401959077327,-11.93733279974301,2026-04-03T18:48:02.814418
2461134.284861111, A.D. 2026-Apr-03 18:50:12.0000,69.185634,-146048860.1093945,-33339949.17539294,-14463739.15665083,7.06564867515424,-27.4038722599541,-11.93725678835343,2026-04-03T18:49:02.814374
2461134.285555555, A.D. 2026-Apr-03 18:51:12.0000,69.185634,-146048436.1568926,-33341593.40132844,-14464455.38891519,7.066118401896801,-27.40372490932027,-11.93718076722677,2026-04-03T18:50:02.814330
2461134.28625, A.D. 2026-Apr-03 18:52:12.0000,69.185634,-146048012.1762075,-33343237.61842233,-14465171.616618,7.066588114056898,-27.40357753887406,-11.93710473636436,2026-04-03T18:51:02.814367
2461134.286944444, A.D. 2026-Apr-03 18:53:12.0000,69.185634,-146047588.1673402,-33344881.8266734,-14465887.83975866,7.067057811632274,-27.4034301486175,-11.93702869576735,2026-04-03T18:52:02.814323
2461134.287638889, A.D. 2026-Apr-03 18:54:12.0000,69.185634,-146047164.1302915,-33346526.02608047,-14466604.05833661,7.067527494620669,-27.40328273855257,-11.93695264543693,2026-04-03T18:53:02.814400
2461134.288333334, A.D. 2026-Apr-03 18:55:12.0000,69.185634,-146046740.0650623,-33348170.21664236,-14467320.27235125,7.067997163019825,-27.40313530868129,-11.93687658537423,2026-04-03T18:54:02.814437
2461134.289027778, A.D. 2026-Apr-03 18:56:12.0000,69.185634,-146046315.9716525,-33349814.39836113,-14468036.48180342,7.068466816828421,-27.40298785900535,-11.9368005155803,2026-04-03T18:55:02.814393
2461134.289722222, A.D. 2026-Apr-03 18:57:12.0000,69.185634,-146045891.8500641,-33351458.57123235,-14468752.68669112,7.068936456043264,-27.40284038952707,-11.93672443605643,2026-04-03T18:56:02.814349
2461134.290416667, A.D. 2026-Apr-03 18:58:12.0000,69.185634,-146045467.7002977,-33353102.73525481,-14469468.88701377,7.069406080662096,-27.40269290024846,-11.9366483468038,2026-04-03T18:57:02.814386
2461134.291111111, A.D. 2026-Apr-03 18:59:12.0000,69.185634,-146045043.5223544,-33354746.89042733,-14470185.08277076,7.069875690682664,-27.40254539117149,-11.93657224782358,2026-04-03T18:58:02.814382
2461134.291805556, A.D. 2026-Apr-03 19:00:12.0000,69.185634,-146044619.3162349,-33356391.03674872,-14470901.27396154,7.070345286102711,-27.4023978622982,-11.93649613911692,2026-04-03T18:59:02.814419
2461134.2925, A.D. 2026-Apr-03 19:01:12.0000,69.185634,-146044195.0819394,-33358035.17422106,-14471617.46058693,7.070814866920914,-27.4022503136303,-11.93642002068485,2026-04-03T19:00:02.814375
2461134.293194444, A.D. 2026-Apr-03 19:02:12.0000,69.185634,-146043770.8194695,-33359679.30283991,-14472333.64264493,7.071284433134085,-27.40210274517007,-11.93634389252869,2026-04-03T19:01:02.814331
2461134.293888889, A.D. 2026-Apr-03 19:03:12.0000,69.185634,-146043346.528826,-33361323.42260405,-14473049.82013495,7.071753984739972,-27.40195515691953,-11.93626775464959,2026-04-03T19:02:02.814368
2461134.294583333, A.D. 2026-Apr-03 19:04:12.0000,69.185634,-146042922.2100099,-33362967.53351232,-14473765.99305641,7.072223521736317,-27.40180754888068,-11.93619160704873,2026-04-03T19:03:02.814364
2461134.295277778, A.D. 2026-Apr-03 19:05:12.0000,69.185634,-146042497.8630221,-33364611.63556353,-14474482.16140873,7.072693044120869,-27.40165992105553,-11.93611544972727,2026-04-03T19:04:02.814401
2461134.295972222, A.D. 2026-Apr-03 19:06:12.0000,69.185634,-146042073.4878626,-33366255.72875975,-14475198.32519275,7.073162551892307,-27.40151227344579,-11.93603928268623,2026-04-03T19:05:02.814357
2461134.296666667, A.D. 2026-Apr-03 19:07:12.0000,69.185634,-146041649.0845331,-33367899.81309653,-14475914.48440645,7.073632045047445,-27.40136460605376,-11.93596310592693,2026-04-03T19:06:02.814394
2461134.297361111, A.D. 2026-Apr-03 19:08:12.0000,69.185634,-146041224.6530344,-33369543.88857269,-14476630.63904927,7.074101523584032,-27.40121691888145,-11.93588691945052,2026-04-03T19:07:02.814350
2461134.298055556, A.D. 2026-Apr-03 19:09:12.0000,69.185634,-146040800.1933675,-33371187.95518703,-14477346.78912062,7.074570987499813,-27.40106921193086,-11.93581072325819,2026-04-03T19:08:02.814427
2461134.29875, A.D. 2026-Apr-03 19:10:12.0000,69.185634,-146040375.7055333,-33372832.01293837,-14478062.9346199,7.075040436792541,-27.40092148520401,-11.9357345173511,2026-04-03T19:09:02.814383
2461134.299444444, A.D. 2026-Apr-03 19:11:12.0000,69.185634,-146039951.1895317,-33374476.06182879,-14478779.07554797,7.075509871460894,-27.40077373870261,-11.93565830173026,2026-04-03T19:10:02.814339
2461134.300138889, A.D. 2026-Apr-03 19:12:12.0000,69.185634,-146039526.6453646,-33376120.10185384,-14479495.21190281,7.07597929150169,-27.40062597242896,-11.93558207639698,2026-04-03T19:11:02.814376
2461134.300833333, A.D. 2026-Apr-03 19:13:12.0000,69.185634,-146039102.0730327,-33377764.13301233,-14480211.34368385,7.076448696912678,-27.40047818638505,-11.93550584135245,2026-04-03T19:12:02.814332
2461134.301527778, A.D. 2026-Apr-03 19:14:12.0000,69.185634,-146038677.4725369,-33379408.15530308,-14480927.4708905,7.07691808769161,-27.40033038057291,-11.93542959659782,2026-04-03T19:13:02.814409
2461134.302222222, A.D. 2026-Apr-03 19:15:12.0000,69.185634,-146038252.8438782,-33381052.16872489,-14481643.59352218,7.077387463836233,-27.40018255499454,-11.93535334213427,2026-04-03T19:14:02.814365
2461134.302916666, A.D. 2026-Apr-03 19:16:12.0000,69.185634,-146037828.1870565,-33382696.17327986,-14482359.71157973,7.077856825345233,-27.40003470965165,-11.9352770779628,2026-04-03T19:15:02.814321
2461134.303611111, A.D. 2026-Apr-03 19:17:12.0000,69.185634,-146037403.5020736,-33384340.16896352,-14483075.82506114,7.078326172215433,-27.39988684454655,-11.93520080408474,2026-04-03T19:16:02.814358
2461134.304305556, A.D. 2026-Apr-03 19:18:12.0000,69.185634,-146036978.7889304,-33385984.15577468,-14483791.93396584,7.078795504444577,-27.39973895968125,-11.93512452050126,2026-04-03T19:17:02.814435
2461134.305, A.D. 2026-Apr-03 19:19:12.0000,69.185634,-146036554.0476277,-33387628.13371219,-14484508.03829323,7.079264822030421,-27.39959105505775,-11.93504822721352,2026-04-03T19:18:02.814391
2461134.305694445, A.D. 2026-Apr-03 19:20:12.0000,69.185634,-146036129.2781664,-33389272.10277482,-14485224.13804274,7.07973412497072,-27.39944313067807,-11.93497192422269,2026-04-03T19:19:02.814428
2461134.306388889, A.D. 2026-Apr-03 19:21:12.0000,69.185634,-146035704.4805466,-33390916.06296469,-14485940.23321521,7.080203413264154,-27.39929518654391,-11.93489561152979,2026-04-03T19:20:02.814384
2461134.307083333, A.D. 2026-Apr-03 19:22:12.0000,69.185634,-146035279.6547699,-33392560.01427731,-14486656.32380863,7.080672686907548,-27.39914722265759,-11.93481928913613,2026-04-03T19:21:02.814340
2461134.307777778, A.D. 2026-Apr-03 19:23:12.0000,69.185634,-146034854.8008374,-33394203.95671153,-14487372.40982242,7.081141945898657,-27.3989992390211,-11.93474295704289,2026-04-03T19:22:02.814377
2461134.308472222, A.D. 2026-Apr-03 19:24:12.0000,69.185634,-146034429.9187497,-33395847.89026614,-14488088.491256,7.081611190235233,-27.39885123563646,-11.93466661525124,2026-04-03T19:23:02.814373
2461134.309166667, A.D. 2026-Apr-03 19:25:12.0000,69.185634,-146034005.0085078,-33397491.81493998,-14488804.56810879,7.082080419915033,-27.39870321250568,-11.93459026376233,2026-04-03T19:24:02.814410
2461134.309861111, A.D. 2026-Apr-03 19:26:12.0000,69.185634,-146033580.0701118,-33399135.7307351,-14489520.64038162,7.082549634936741,-27.39855516963047,-11.93451390257719,2026-04-03T19:25:02.814366
2461134.310555555, A.D. 2026-Apr-03 19:27:12.0000,69.185634,-146033155.1035634,-33400779.63764707,-14490236.7080725,7.083018835297183,-27.39840710701315,-11.93443753169714,2026-04-03T19:26:02.814322
2461134.31125, A.D. 2026-Apr-03 19:28:12.0000,69.185634,-146032730.1088634,-33402423.5356747,-14490952.77118085,7.083488020994117,-27.39825902465571,-11.93436115112334,2026-04-03T19:27:02.814359
2461134.311944445, A.D. 2026-Apr-03 19:29:12.0000,69.185634,-146032305.0860128,-33404067.42481681,-14491668.82970607,7.083957192025294,-27.39811092256017,-11.93428476085696,2026-04-03T19:28:02.814436
2461134.312638889, A.D. 2026-Apr-03 19:30:12.0000,69.185634,-146031880.0350124,-33405711.30507221,-14492384.88364759,7.084426348388474,-27.39796280072855,-11.93420836089918,2026-04-03T19:29:02.814392
2461134.313333333, A.D. 2026-Apr-03 19:31:12.0000,69.185634,-146031454.9558622,-33407355.176443,-14493100.93300625,7.084895490082349,-27.39781465916255,-11.93413195125101,2026-04-03T19:30:02.814348
2461134.314027778, A.D. 2026-Apr-03 19:32:12.0000,69.185634,-146031029.848564,-33408999.0389247,-14493816.97778004,7.08536461710374,-27.39766649786448,-11.93405553191376,2026-04-03T19:31:02.814385
2461134.314722222, A.D. 2026-Apr-03 19:33:12.0000,69.185634,-146030604.7131186,-33410642.89251614,-14494533.01796839,7.08583372945041,-27.39751831683635,-11.93397910288862,2026-04-03T19:32:02.814341
2461134.315416667, A.D. 2026-Apr-03 19:34:12.0000,69.185634,-146030179.549527,-33412286.73721614,-14495249.05357072,7.086302827120115,-27.39737011608018,-11.93390266417674,2026-04-03T19:33:02.814418
2461134.316111111, A.D. 2026-Apr-03 19:35:12.0000,69.185634,-146029754.35779,-33413930.57302351,-14495965.08458643,7.086771910110611,-27.39722189559797,-11.93382621577929,2026-04-03T19:34:02.814374
2461134.316805555, A.D. 2026-Apr-03 19:36:12.0000,69.185634,-146029329.1379076,-33415574.39994035,-14496681.11101638,7.087240978420596,-27.39707365539144,-11.9337497576973,2026-04-03T19:35:02.814330
2461134.3175, A.D. 2026-Apr-03 19:37:12.0000,69.185634,-146028903.8898816,-33417218.21796218,-14497397.13285856,7.087710032046893,-27.3969253954629,-11.93367328993208,2026-04-03T19:36:02.814367
2461134.318194444, A.D. 2026-Apr-03 19:38:12.0000,69.185634,-146028478.6137129,-33418862.02708784,-14498113.15011239,7.088179070987265,-27.39677711581435,-11.9335968124848,2026-04-03T19:37:02.814323
2461134.318888889, A.D. 2026-Apr-03 19:39:12.0000,69.185634,-146028053.3094023,-33420505.82731614,-14498829.16277729,7.08864809523947,-27.39662881644782,-11.93352032535664,2026-04-03T19:38:02.814400
2461134.319583334, A.D. 2026-Apr-03 19:40:12.0000,69.185634,-146027627.9769507,-33422149.6186459,-14499545.17085267,7.089117104801273,-27.39648049736531,-11.93344382854876,2026-04-03T19:39:02.814437
2461134.320277778, A.D. 2026-Apr-03 19:41:12.0000,69.185634,-146027202.6163583,-33423793.40107919,-14500261.17433938,7.089586099671364,-27.39633215856854,-11.93336732206217,2026-04-03T19:40:02.814393
2461134.320972222, A.D. 2026-Apr-03 19:42:12.0000,69.185634,-146026777.2276265,-33425437.17461158,-14500977.17323542,7.090055079846574,-27.39618380005982,-11.9332908058982,2026-04-03T19:41:02.814349
2461134.321666667, A.D. 2026-Apr-03 19:43:12.0000,69.185634,-146026351.8107564,-33427080.93924187,-14501693.16754021,7.090524045324669,-27.39603542184116,-11.93321428005803,2026-04-03T19:42:02.814386
2461134.322361111, A.D. 2026-Apr-03 19:44:12.0000,69.185634,-146025926.3657489,-33428724.6949689,-14502409.15725316,7.090992996103407,-27.39588702391457,-11.93313774454281,2026-04-03T19:43:02.814382
2461134.323055556, A.D. 2026-Apr-03 19:45:12.0000,69.185634,-146025500.8926039,-33430368.44179473,-14503125.14237511,7.091461932181485,-27.39573860628177,-11.93306119935356,2026-04-03T19:44:02.814419
2461134.32375, A.D. 2026-Apr-03 19:46:12.0000,69.185634,-146025075.3913242,-33432012.17971166,-14503841.12290265,7.091930853554802,-27.39559016894536,-11.93298464449176,2026-04-03T19:45:02.814375
2461134.324444444, A.D. 2026-Apr-03 19:47:12.0000,69.185634,-146024649.8619087,-33433655.90872503,-14504557.09883804,7.092399760222989,-27.39544171190678,-11.93290807995828,2026-04-03T19:46:02.814331
2461134.325138889, A.D. 2026-Apr-03 19:48:12.0000,69.185634,-146024224.3043593,-33435299.6288304,-14505273.07017926,7.092868652182875,-27.39529323516832,-11.93283150575444,2026-04-03T19:47:02.814368
2461134.325833333, A.D. 2026-Apr-03 19:49:12.0000,69.185634,-146023798.7186769,-33436943.34002659,-14505989.03692575,7.093337529432228,-27.39514473873199,-11.9327549218814,2026-04-03T19:48:02.814364
2461134.326527778, A.D. 2026-Apr-03 19:50:12.0000,69.185634,-146023373.1048615,-33438587.04231567,-14506704.99907834,7.093806391969742,-27.39499622259954,-11.93267832834019,2026-04-03T19:49:02.814401
2461134.327222222, A.D. 2026-Apr-03 19:51:12.0000,69.185634,-146022947.4629157,-33440230.73568995,-14507420.95663362,7.094275239791322,-27.39484768677354,-11.93260172513227,2026-04-03T19:50:02.814357
2461134.327916667, A.D. 2026-Apr-03 19:52:12.0000,69.185634,-146022521.7928386,-33441874.42015475,-14508136.90959384,7.094744072896597,-27.39469913125541,-11.93252511225852,2026-04-03T19:51:02.814394
2461134.328611111, A.D. 2026-Apr-03 19:53:12.0000,69.185634,-146022096.094632,-33443518.09570565,-14508852.85795701,7.095212891282404,-27.39455055604749,-11.93244848972025,2026-04-03T19:52:02.814350
2461134.329305556, A.D. 2026-Apr-03 19:54:12.0000,69.185634,-146021670.3682967,-33445161.76234145,-14509568.80172254,7.095681694946504,-27.39440196115178,-11.93237185751865,2026-04-03T19:53:02.814427
2461134.33, A.D. 2026-Apr-03 19:55:12.0000,69.185634,-146021244.6138329,-33446805.42006424,-14510284.74089127,7.096150483887602,-27.39425334656999,-11.93229521565471,2026-04-03T19:54:02.814383
2461134.330694444, A.D. 2026-Apr-03 19:56:12.0000,69.185634,-146020818.8312431,-33448449.06886632,-14511000.67545979,7.096619258101602,-27.39410471230474,-11.93221856412992,2026-04-03T19:55:02.814339
2461134.331388889, A.D. 2026-Apr-03 19:57:12.0000,69.185634,-146020393.0205264,-33450092.70875302,-14511716.60543035,7.097088017588132,-27.39395605835745,-11.93214190294515,2026-04-03T19:56:02.814376
2461134.332083333, A.D. 2026-Apr-03 19:58:12.0000,69.185634,-146019967.1816847,-33451736.33971991,-14512432.53080095,7.097556762344033,-27.39380738473043,-11.93206523210172,2026-04-03T19:57:02.814332
2461134.332777778, A.D. 2026-Apr-03 19:59:12.0000,69.185634,-146019541.3147187,-33453379.9617658,-14513148.45157102,7.098025492367073,-27.39365869142568,-11.9319885516008,2026-04-03T19:58:02.814409
2461134.333472222, A.D. 2026-Apr-03 20:00:12.0000,69.185634,-146019115.4196286,-33455023.57489277,-14513864.3677414,7.098494207655954,-27.39350997844494,-11.9319118614434,2026-04-03T19:59:02.814365
2461134.334166666, A.D. 2026-Apr-03 20:01:12.0000,69.185634,-146018689.496416,-33456667.1790964,-14514580.27931009,7.09896290820751,-27.39336124579052,-11.93183516163086,2026-04-03T20:00:02.814321
2461134.334861111, A.D. 2026-Apr-03 20:02:12.0000,69.185634,-146018263.5450827,-33458310.77437221,-14515296.18627508,7.099431594018586,-27.39321249346472,-11.93175845216448,2026-04-03T20:01:02.814358
2461134.335555556, A.D. 2026-Apr-03 20:03:12.0000,69.185634,-146017837.5656279,-33459954.36072557,-14516012.08863864,7.099900265088812,-27.39306372146897,-11.93168173304514,2026-04-03T20:02:02.814435
2461134.33625, A.D. 2026-Apr-03 20:04:12.0000,69.185634,-146017411.5580525,-33461597.9381553,-14516727.98640019,7.100368921415962,-27.39291492980529,-11.93160500427402,2026-04-03T20:03:02.814391
2461134.336944445, A.D. 2026-Apr-03 20:05:12.0000,69.185634,-146016985.522359,-33463241.50665368,-14517443.87955631,7.100837562995945,-27.39276611847628,-11.93152826585258,2026-04-03T20:04:02.814428
2461134.337638889, A.D. 2026-Apr-03 20:06:12.0000,69.185634,-146016559.4585466,-33464885.06622607,-14518159.76810926,7.101306189828393,-27.39261728748337,-11.93145151778169,2026-04-03T20:05:02.814384
2461134.338333333, A.D. 2026-Apr-03 20:07:12.0000,69.185634,-146016133.3666179,-33466528.61686475,-14518875.65205562,7.101774801909218,-27.39246843682916,-11.93137476006283,2026-04-03T20:06:02.814340
2461134.339027778, A.D. 2026-Apr-03 20:08:12.0000,69.185634,-146015707.2465722,-33468172.15857508,-14519591.53139766,7.102243399238055,-27.39231956651509,-11.93129799269686,2026-04-03T20:07:02.814377
2461134.339722222, A.D. 2026-Apr-03 20:09:12.0000,69.185634,-146015281.0984102,-33469815.69135588,-14520307.40613479,7.102711981812677,-27.39217067654317,-11.93122121568495,2026-04-03T20:08:02.814373
2461134.340416667, A.D. 2026-Apr-03 20:10:12.0000,69.185634,-146014854.9221346,-33471459.21519944,-14521023.2762636,7.103180549628996,-27.392021766916,-11.93114442902859,2026-04-03T20:09:02.814410
2461134.341111111, A.D. 2026-Apr-03 20:11:12.0000,69.185634,-146014428.7177446,-33473102.7301111,-14521739.14178634,7.103649102686648,-27.391872837635,-11.93106763272863,2026-04-03T20:10:02.814366
2461134.341805555, A.D. 2026-Apr-03 20:12:12.0000,69.185634,-146014002.4852418,-33474746.23608642,-14522455.00270103,7.104117640982478,-27.39172388870251,-11.93099082678641,2026-04-03T20:11:02.814322
2461134.3425, A.D. 2026-Apr-03 20:13:12.0000,69.185634,-146013576.2246273,-33476389.73312424,-14523170.85900707,7.104586164514261,-27.39157492012054,-11.93091401120309,2026-04-03T20:12:02.814359
2461134.343194445, A.D. 2026-Apr-03 20:14:12.0000,69.185634,-146013149.9359018,-33478033.22122336,-14523886.71070389,7.105054673279772,-27.39142593189109,-11.93083718597985,2026-04-03T20:13:02.814436
2461134.343888889, A.D. 2026-Apr-03 20:15:12.0000,69.185634,-146012723.6190662,-33479676.7003826,-14524602.55779092,7.105523167276785,-27.39127692401619,-11.93076035111785,2026-04-03T20:14:02.814392
2461134.344583333, A.D. 2026-Apr-03 20:16:12.0000,69.185634,-146012297.2741207,-33481320.17060407,-14525318.40026899,7.105991646504011,-27.39112789649756,-11.93068350661811,2026-04-03T20:15:02.814348
2461134.345277778, A.D. 2026-Apr-03 20:17:12.0000,69.185634,-146011870.9010668,-33482963.63188329,-14526034.23813611,7.106460110958294,-27.39097884933751,-11.93060665248197,2026-04-03T20:16:02.814385
2461134.345972222, A.D. 2026-Apr-03 20:18:12.0000,69.185634,-146011444.4999056,-33484607.08421912,-14526750.0713917,7.10692856063741,-27.39082978253807,-11.93052978871059,2026-04-03T20:17:02.814341
2461134.346666667, A.D. 2026-Apr-03 20:19:12.0000,69.185634,-146011018.0706379,-33486250.52761035,-14527465.90003517,7.10739699553914,-27.39068069610125,-11.93045291530514,2026-04-03T20:18:02.814418
2461134.347361111, A.D. 2026-Apr-03 20:20:12.0000,69.185634,-146010591.6132645,-33487893.96205582,-14528181.72406597,7.10786541566126,-27.39053159002907,-11.93037603226679,2026-04-03T20:19:02.814374
2461134.348055555, A.D. 2026-Apr-03 20:21:12.0000,69.185634,-146010165.1277856,-33489537.38755761,-14528897.54348491,7.108333821002478,-27.39038246432324,-11.93029913959658,2026-04-03T20:20:02.814330
2461134.34875, A.D. 2026-Apr-03 20:22:12.0000,69.185634,-146009738.6142028,-33491180.80411129,-14529613.35829001,7.108802211559643,-27.3902333189861,-11.93022223729581,2026-04-03T20:21:02.814367
2461134.349444444, A.D. 2026-Apr-03 20:23:12.0000,69.185634,-146009312.0725171,-33492824.21171566,-14530329.1684807,7.109270587330538,-27.39008415401965,-11.93014532536566,2026-04-03T20:22:02.814323
2461134.350138889, A.D. 2026-Apr-03 20:24:12.0000,69.185634,-146008885.5027293,-33494467.61036956,-14531044.97405638,7.109738948312939,-27.38993496942592,-11.93006840380731,2026-04-03T20:23:02.814400
2461134.350833334, A.D. 2026-Apr-03 20:25:12.0000,69.185634,-146008458.9048394,-33496111.00007506,-14531760.7750179,7.110207294505557,-27.38978576520662,-11.92999147262177,2026-04-03T20:24:02.814437
2461134.351527778, A.D. 2026-Apr-03 20:26:12.0000,69.185634,-146008032.2788501,-33497754.38082448,-14532476.57136185,7.110675625904312,-27.38963654136437,-11.92991453181053,2026-04-03T20:25:02.814393
2461134.352222222, A.D. 2026-Apr-03 20:27:12.0000,69.185634,-146007605.6247606,-33499397.75262314,-14533192.3630905,7.111143942508846,-27.3894872979006,-11.92983758137444,2026-04-03T20:26:02.814349
2461134.352916667, A.D. 2026-Apr-03 20:28:12.0000,69.185634,-146007178.9425726,-33501041.11546663,-14533908.15020183,7.111612244316011,-27.38933803481763,-11.92976062131484,2026-04-03T20:27:02.814386
2461134.353611111, A.D. 2026-Apr-03 20:29:12.0000,69.185634,-146006752.2322869,-33502684.46935375,-14534623.93269527,7.112080531323588,-27.38918875211747,-11.92968365163289,2026-04-03T20:28:02.814382
2461134.354305556, A.D. 2026-Apr-03 20:30:12.0000,69.185634,-146006325.4939036,-33504327.81428659,-14535339.71057167,7.112548803530289,-27.38903944980185,-11.92960667232962,2026-04-03T20:29:02.814419
2461134.355, A.D. 2026-Apr-03 20:31:12.0000,69.185634,-146005898.7274253,-33505971.15025745,-14536055.48382761,7.113017060932036,-27.38889012787337,-11.9295296834065,2026-04-03T20:30:02.814375
2461134.355694444, A.D. 2026-Apr-03 20:32:12.0000,69.185634,-146005471.9328512,-33507614.47727169,-14536771.25246535,7.113485303528476,-27.38874078633348,-11.92945268486441,2026-04-03T20:31:02.814331
2461134.356388889, A.D. 2026-Apr-03 20:33:12.0000,69.185634,-146005045.110183,-33509257.79532485,-14537487.0164829,7.113953531316459,-27.38859142518448,-11.92937567670466,2026-04-03T20:32:02.814368
2461134.357083333, A.D. 2026-Apr-03 20:34:12.0000,69.185634,-146004618.2594216,-33510901.10441576,-14538202.77587967,7.11442174429377,-27.38844204442839,-11.92929865892844,2026-04-03T20:33:02.814364
2461134.357777778, A.D. 2026-Apr-03 20:35:12.0000,69.185634,-146004191.3805671,-33512544.40454653,-14538918.53065652,7.114889942459122,-27.38829264406695,-11.92922163153676,2026-04-03T20:34:02.814401
2461134.358472222, A.D. 2026-Apr-03 20:36:12.0000,69.185634,-146003764.4736221,-33514187.69570942,-14539634.28081002,7.115358125808442,-27.38814322410276,-11.92914459453109,2026-04-03T20:35:02.814357
2461134.359166667, A.D. 2026-Apr-03 20:37:12.0000,69.185634,-146003337.5385856,-33515830.9779098,-14540350.02634243,7.115826294341376,-27.38799378453725,-11.92906754791232,2026-04-03T20:36:02.814394
2461134.359861111, A.D. 2026-Apr-03 20:38:12.0000,69.185634,-146002910.5754595,-33517474.25114324,-14541065.76725177,7.116294448054777,-27.38784432537274,-11.92899049168175,2026-04-03T20:37:02.814350
2461134.360555556, A.D. 2026-Apr-03 20:39:12.0000,69.185634,-146002483.5842447,-33519117.51540854,-14541781.50353745,7.116762586946433,-27.38769484661126,-11.92891342584058,2026-04-03T20:38:02.814427
2461134.36125, A.D. 2026-Apr-03 20:40:12.0000,69.185634,-146002056.5649411,-33520760.77070781,-14542497.23520032,7.11723071101506,-27.38754534825452,-11.9288363503898,2026-04-03T20:39:02.814383
2461134.361944444, A.D. 2026-Apr-03 20:41:12.0000,69.185634,-146001629.5175515,-33522404.01703333,-14543212.96223695,7.117698820256584,-27.38739583030515,-11.92875926533092,2026-04-03T20:40:02.814339
2461134.362638889, A.D. 2026-Apr-03 20:42:12.0000,69.185634,-146001202.4420749,-33524047.25439047,-14543928.68464962,7.118166914670653,-27.38724629276457,-11.9286821706648,2026-04-03T20:41:02.814376
2461134.363333333, A.D. 2026-Apr-03 20:43:12.0000,69.185634,-146000775.3385131,-33525690.48277476,-14544644.40243633,7.118634994254125,-27.3870967356351,-11.92860506639275,2026-04-03T20:42:02.814332
2461134.364027778, A.D. 2026-Apr-03 20:44:12.0000,69.185634,-146000348.2068662,-33527333.70218833,-14545360.11559792,7.11910305900572,-27.38694715891846,-11.9285279525158,2026-04-03T20:43:02.814409
2461134.364722222, A.D. 2026-Apr-03 20:45:12.0000,69.185634,-145999921.0471367,-33528976.91262345,-14546075.82413098,7.119571108921364,-27.38679756261728,-11.92845082903544,2026-04-03T20:44:02.814365
2461134.365416666, A.D. 2026-Apr-03 20:46:12.0000,69.185634,-145999493.8593239,-33530620.11408548,-14546791.52803776,7.120039144000707,-27.38664794673297,-11.92837369595252,2026-04-03T20:45:02.814321
2461134.366111111, A.D. 2026-Apr-03 20:47:12.0000,69.185634,-145999066.6434303,-33532263.30656671,-14547507.22731486,7.120507164239676,-27.38649831126817,-11.92829655326853,2026-04-03T20:46:02.814358
2461134.366805556, A.D. 2026-Apr-03 20:48:12.0000,69.185634,-145998639.3994551,-33533906.4900725,-14548222.92196453,7.120975169637926,-27.38634865622429,-11.92821940098434,2026-04-03T20:47:02.814435
2461134.3675, A.D. 2026-Apr-03 20:49:12.0000,69.185634,-145998212.1273991,-33535549.66460168,-14548938.6119862,7.121443160193244,-27.38619898160335,-11.92814223910112,2026-04-03T20:48:02.814391
2461134.368194445, A.D. 2026-Apr-03 20:50:12.0000,69.185634,-145997784.8272651,-33537192.83014654,-14549654.29737646,7.121911135901561,-27.386049287408,-11.92806506762035,2026-04-03T20:49:02.814428
2461134.368888889, A.D. 2026-Apr-03 20:51:12.0000,69.185634,-145997357.4990522,-33538835.98671244,-14550369.97813757,7.122379096762529,-27.38589957363964,-11.9279878865429,2026-04-03T20:50:02.814384
2461134.369583333, A.D. 2026-Apr-03 20:52:12.0000,69.185634,-145996930.142763,-33540479.13429166,-14551085.65426611,7.122847042772078,-27.38574984030089,-11.92791069587025,2026-04-03T20:51:02.814340
2461134.370277778, A.D. 2026-Apr-03 20:53:12.0000,69.185634,-145996502.7583958,-33542122.27289284,-14551801.32576577,7.123314973930793,-27.38560008739288,-11.92783349560311,2026-04-03T20:52:02.814377
2461134.370972222, A.D. 2026-Apr-03 20:54:12.0000,69.185634,-145996075.345954,-33543765.40250501,-14552516.99263171,7.123782890233673,-27.38545031491854,-11.92775628574312,2026-04-03T20:53:02.814373
2461134.371666667, A.D. 2026-Apr-03 20:55:12.0000,69.185634,-145995647.9054377,-33545408.52313025,-14553232.65486478,7.124250791679445,-27.38530052287959,-11.9276790662913,2026-04-03T20:54:02.814410
2461134.372361111, A.D. 2026-Apr-03 20:56:12.0000,69.185634,-145995220.436847,-33547051.63477065,-14553948.31246582,7.124718678266827,-27.38515071127775,-11.92760183724867,2026-04-03T20:55:02.814366
2461134.373055555, A.D. 2026-Apr-03 20:57:12.0000,69.185634,-145994792.9401836,-33548694.73742179,-14554663.96543283,7.125186549992687,-27.38500088011535,-11.92752459861656,2026-04-03T20:56:02.814322
2461134.37375, A.D. 2026-Apr-03 20:58:12.0000,69.185634,-145994365.4154483,-33550337.83108248,-14555379.61376524,7.125654406854817,-27.38485102939443,-11.92744735039614,2026-04-03T20:57:02.814359
2461134.374444445, A.D. 2026-Apr-03 20:59:12.0000,69.185634,-145993937.8626421,-33551980.91575154,-14556095.25746248,7.126122248851012,-27.38470115911698,-11.92737009258859,2026-04-03T20:58:02.814436
2461134.375138889, A.D. 2026-Apr-03 21:00:12.0000,69.185634,-145993510.2817658,-33553623.99142782,-14556810.89652397,7.126590075979069,-27.38455126928504,-11.92729282519508,2026-04-03T20:59:02.814392
2461134.375833333, A.D. 2026-Apr-03 21:01:12.0000,69.185634,-145993082.6728196,-33555267.05811339,-14557526.53095056,7.127057888237708,-27.38440135990036,-11.92721554821663,2026-04-03T21:00:02.814348
2461134.376527778, A.D. 2026-Apr-03 21:02:12.0000,69.185634,-145992655.0358051,-33556910.11580382,-14558242.16074024,7.127525685623802,-27.38425143096522,-11.92713826165458,2026-04-03T21:01:02.814385
2461134.377222222, A.D. 2026-Apr-03 21:03:12.0000,69.185634,-145992227.3707232,-33558553.16449794,-14558957.78589244,7.127993468135142,-27.38410148248168,-11.92706096551009,2026-04-03T21:02:02.814341
2461134.377916667, A.D. 2026-Apr-03 21:04:12.0000,69.185634,-145991799.6775749,-33560196.20419458,-14559673.4064066,7.128461235769526,-27.38395151445176,-11.92698365978435,2026-04-03T21:03:02.814418
2461134.378611111, A.D. 2026-Apr-03 21:05:12.0000,69.185634,-145991371.956361,-33561839.23489255,-14560389.02228213,7.128928988524752,-27.38380152687746,-11.92690634447852,2026-04-03T21:04:02.814374
2461134.379305555, A.D. 2026-Apr-03 21:06:12.0000,69.185634,-145990944.2070815,-33563482.25659396,-14561104.63351988,7.129396726399545,-27.38365151976054,-11.92682901959363,2026-04-03T21:05:02.814330
2461134.38, A.D. 2026-Apr-03 21:07:12.0000,69.185634,-145990516.4297383,-33565125.26929438,-14561820.24011786,7.129864449390776,-27.38350149310331,-11.92675168513101,2026-04-03T21:06:02.814367
2461134.380694444, A.D. 2026-Apr-03 21:08:12.0000,69.185634,-145990088.6243321,-33566768.27299261,-14562535.84207548,7.130332157496242,-27.3833514469078,-11.92667434109184,2026-04-03T21:07:02.814323
2461134.381388889, A.D. 2026-Apr-03 21:09:12.0000,69.185634,-145989660.790864,-33568411.2676875,-14563251.43939219,7.130799850713741,-27.38320138117604,-11.92659698747728,2026-04-03T21:08:02.814400
2461134.382083334, A.D. 2026-Apr-03 21:10:12.0000,69.185634,-145989232.9293347,-33570054.25337786,-14563967.03206739,7.131267529041076,-27.38305129591004,-11.92651962428851,2026-04-03T21:09:02.814437
2461134.382777778, A.D. 2026-Apr-03 21:11:12.0000,69.185634,-145988805.0397444,-33571697.23006581,-14564682.62010194,7.131735192476971,-27.38290119111154,-11.92644225152656,2026-04-03T21:10:02.814393
2461134.383472222, A.D. 2026-Apr-03 21:12:12.0000,69.185634,-145988377.1220947,-33573340.19774688,-14565398.20349385,7.132202841018298,-27.38275106678287,-11.92636486919275,2026-04-03T21:11:02.814349
2461134.384166667, A.D. 2026-Apr-03 21:13:12.0000,69.185634,-145987949.1763866,-33574983.15641993,-14566113.78224253,7.132670474662859,-27.38260092292604,-11.92628747728827,2026-04-03T21:12:02.814386
2461134.384861111, A.D. 2026-Apr-03 21:14:12.0000,69.185634,-145987521.202621,-33576626.10608376,-14566829.35634742,7.133138093408454,-27.38245075954309,-11.92621007581428,2026-04-03T21:13:02.814382
2461134.385555556, A.D. 2026-Apr-03 21:15:12.0000,69.185634,-145987093.2007987,-33578269.04673722,-14567544.92580794,7.133605697252884,-27.38230057663606,-11.92613266477196,2026-04-03T21:14:02.814419
2461134.38625, A.D. 2026-Apr-03 21:16:12.0000,69.185634,-145986665.1709198,-33579911.97838239,-14568260.49062493,7.134073286194881,-27.38215037420665,-11.92605524416234,2026-04-03T21:15:02.814375
2461134.386944444, A.D. 2026-Apr-03 21:17:12.0000,69.185634,-145986237.1129861,-33581554.90101483,-14568976.0507964,7.134540860231319,-27.3820001522572,-11.92597781398674,2026-04-03T21:16:02.814331
2461134.387638889, A.D. 2026-Apr-03 21:18:12.0000,69.185634,-145985809.0269983,-33583197.81463339,-14569691.60632179,7.135008419359997,-27.38184991078975,-11.92590037424634,2026-04-03T21:17:02.814368
2461134.388333333, A.D. 2026-Apr-03 21:19:12.0000,69.185634,-145985380.9129576,-33584840.71923689,-14570407.15720051,7.135475963578719,-27.38169964980631,-11.92582292494231,2026-04-03T21:18:02.814364
2461134.389027778, A.D. 2026-Apr-03 21:20:12.0000,69.185634,-145984952.7708646,-33586483.61482415,-14571122.70343198,7.135943492885288,-27.38154936930891,-11.92574546607584,2026-04-03T21:19:02.814401
2461134.389722222, A.D. 2026-Apr-03 21:21:12.0000,69.185634,-145984524.6007196,-33588126.50139727,-14571838.24501707,7.136411007278441,-27.38139906929928,-11.92566799764794,2026-04-03T21:20:02.814357
2461134.390416667, A.D. 2026-Apr-03 21:22:12.0000,69.185634,-145984096.4025241,-33589769.37895181,-14572553.78195377,7.136878506755048,-27.38124874977976,-11.92559051965995,2026-04-03T21:21:02.814394
2461134.391111111, A.D. 2026-Apr-03 21:23:12.0000,69.185634,-145983668.1762792,-33591412.24748661,-14573269.31424151,7.137345991312916,-27.38109841075237,-11.92551303211303,2026-04-03T21:22:02.814350
2461134.391805556, A.D. 2026-Apr-03 21:24:12.0000,69.185634,-145983239.9219856,-33593055.10700049,-14573984.84187971,7.137813460949851,-27.38094805221913,-11.92543553500838,2026-04-03T21:23:02.814427
2461134.3925, A.D. 2026-Apr-03 21:25:12.0000,69.185634,-145982811.6396444,-33594697.95749228,-14574700.36486781,7.138280915663657,-27.38079767418208,-11.92535802834715,2026-04-03T21:24:02.814383
2461134.393194444, A.D. 2026-Apr-03 21:26:12.0000,69.185634,-145982383.3292555,-33596340.79896408,-14575415.88320665,7.13874835545307,-27.38064727664295,-11.92528051213039,2026-04-03T21:25:02.814339
2461134.393888889, A.D. 2026-Apr-03 21:27:12.0000,69.185634,-145981954.9908207,-33597983.63141146,-14576131.39689423,7.139215780314967,-27.38049685960407,-11.92520298635941,2026-04-03T21:26:02.814376
2461134.394583333, A.D. 2026-Apr-03 21:28:12.0000,69.185634,-145981526.6243408,-33599626.45483323,-14576846.90592998,7.139683190247153,-27.38034642306745,-11.92512545103539,2026-04-03T21:27:02.814332
2461134.395277778, A.D. 2026-Apr-03 21:29:12.0000,69.185634,-145981098.2298169,-33601269.26922825,-14577562.41031334,7.140150585247437,-27.38019596703514,-11.92504790615951,2026-04-03T21:28:02.814409
2461134.395972222, A.D. 2026-Apr-03 21:30:12.0000,69.185634,-145980669.8072498,-33602912.07459532,-14578277.91004372,7.140617965313627,-27.38004549150916,-11.92497035173295,2026-04-03T21:29:02.814365
2461134.396666666, A.D. 2026-Apr-03 21:31:12.0000,69.185634,-145980241.3566394,-33604554.87093655,-14578993.40512197,7.141085330444456,-27.37989499649125,-11.92489278775673,2026-04-03T21:30:02.814321
2461134.397361111, A.D. 2026-Apr-03 21:32:12.0000,69.185634,-145979812.8779877,-33606197.65824751,-14579708.89554611,7.141552680636812,-27.37974448198373,-11.92481521423218,2026-04-03T21:31:02.814358
2461134.398055556, A.D. 2026-Apr-03 21:33:12.0000,69.185634,-145979384.3712954,-33607840.43652702,-14580424.38131555,7.142020015888494,-27.37959394798863,-11.92473763116047,2026-04-03T21:32:02.814435
2461134.39875, A.D. 2026-Apr-03 21:34:12.0000,69.185634,-145978955.8365635,-33609483.20577392,-14581139.86242973,7.142487336197319,-27.37944339450799,-11.92466003854279,2026-04-03T21:33:02.814391
2461134.399444445, A.D. 2026-Apr-03 21:35:12.0000,69.185634,-145978527.2737928,-33611125.96598703,-14581855.33888807,7.142954641561092,-27.37929282154383,-11.92458243638031,2026-04-03T21:34:02.814428
2461134.400138889, A.D. 2026-Apr-03 21:36:12.0000,69.185634,-145978098.6829835,-33612768.71716846,-14582570.81069142,7.143421931978553,-27.37914222909789,-11.92450482467406,2026-04-03T21:35:02.814384
2461134.400833333, A.D. 2026-Apr-03 21:37:12.0000,69.185634,-145977670.0641372,-33614411.45931377,-14583286.27783779,7.143889207446586,-27.37899161717249,-11.92442720342537,2026-04-03T21:36:02.814340
2461134.401527778, A.D. 2026-Apr-03 21:38:12.0000,69.185634,-145977241.4172548,-33616054.19242179,-14584001.7403266,7.144356467963001,-27.37884098576966,-11.9243495726354,2026-04-03T21:37:02.814377
2461134.402222222, A.D. 2026-Apr-03 21:39:12.0000,69.185634,-145976812.7423373,-33617696.91649134,-14584717.19815728,7.144823713525605,-27.37869033489145,-11.92427193230535,2026-04-03T21:38:02.814373
2461134.402916667, A.D. 2026-Apr-03 21:40:12.0000,69.185634,-145976384.0393856,-33619339.63152127,-14585432.65132927,7.145290944132216,-27.37853966453986,-11.92419428243638,2026-04-03T21:39:02.814410
2461134.403611111, A.D. 2026-Apr-03 21:41:12.0000,69.185634,-145975955.3083996,-33620982.33751367,-14586148.0998434,7.145758159781572,-27.37838897471666,-11.92411662302953,2026-04-03T21:40:02.814366
2461134.404305555, A.D. 2026-Apr-03 21:42:12.0000,69.185634,-145975526.5493812,-33622625.03446411,-14586863.54369768,7.146225360470556,-27.37823826542415,-11.92403895408612,2026-04-03T21:41:02.814322
2461134.405, A.D. 2026-Apr-03 21:43:12.0000,69.185634,-145975097.7623312,-33624267.72237141,-14587578.98289155,7.146692546196984,-27.37808753666437,-11.92396127560733,2026-04-03T21:42:02.814359
2461134.405694445, A.D. 2026-Apr-03 21:44:12.0000,69.185634,-145974668.9472506,-33625910.40123442,-14588294.41742443,7.147159716958668,-27.37793678843936,-11.92388358759434,2026-04-03T21:43:02.814436
2461134.406388889, A.D. 2026-Apr-03 21:45:12.0000,69.185634,-145974240.1041402,-33627553.07105196,-14589009.84729574,7.14762687275342,-27.37778602075115,-11.92380589004833,2026-04-03T21:44:02.814392
2461134.407083333, A.D. 2026-Apr-03 21:46:12.0000,69.185634,-145973811.2330001,-33629195.73182613,-14589725.27250635,7.148094013579986,-27.37763523360146,-11.92372818297032,2026-04-03T21:45:02.814348
2461134.407777778, A.D. 2026-Apr-03 21:47:12.0000,69.185634,-145973382.3338328,-33630838.38354923,-14590440.69305283,7.148561139434324,-27.37748442699294,-11.92365046636179,2026-04-03T21:46:02.814385
2461134.408472222, A.D. 2026-Apr-03 21:48:12.0000,69.185634,-145972953.4066377,-33632481.02622662,-14591156.10893745,7.149028250316101,-27.377333600927,-11.92357274022362,2026-04-03T21:47:02.814341
2461134.409166667, A.D. 2026-Apr-03 21:49:12.0000,69.185634,-145972524.4514155,-33634123.65985715,-14591871.52015965,7.149495346223137,-27.37718275540569,-11.92349500455698,2026-04-03T21:48:02.814418
2461134.409861111, A.D. 2026-Apr-03 21:50:12.0000,69.185634,-145972095.4681689,-33635766.2844331,-14592586.926716,7.149962427151392,-27.37703189043164,-11.92341725936336,2026-04-03T21:49:02.814374
2461134.410555555, A.D. 2026-Apr-03 21:51:12.0000,69.185634,-145971666.4568971,-33637408.89995985,-14593302.32860878,7.150429493100537,-27.37688100600628,-11.92333950464364,2026-04-03T21:50:02.814330
2461134.41125, A.D. 2026-Apr-03 21:52:12.0000,69.185634,-145971237.4176026,-33639051.50642969,-14594017.72583458,7.150896544066532,-27.37673010213225,-11.92326174039929,2026-04-03T21:51:02.814367
2461134.411944444, A.D. 2026-Apr-03 21:53:12.0000,69.185634,-145970808.3502847,-33640694.103848,-14594733.11839567,7.15136358004905,-27.37657917881097,-11.92318396663119,2026-04-03T21:52:02.814323
2461134.412638889, A.D. 2026-Apr-03 21:54:12.0000,69.185634,-145970379.2549452,-33642336.69221032,-14595448.50629004,7.151830601044985,-27.37642823604478,-11.92310618334066,2026-04-03T21:53:02.814400
2461134.413333334, A.D. 2026-Apr-03 21:55:12.0000,69.185634,-145969950.131584,-33643979.27151877,-14596163.88951856,7.15229760705308,-27.37627727383542,-11.92302839052874,2026-04-03T21:54:02.814437
2461134.414027778, A.D. 2026-Apr-03 21:56:12.0000,69.185634,-145969520.9802037,-33645621.84176565,-14596879.26807781,7.152764598069296,-27.37612629218551,-11.92295058819692,2026-04-03T21:55:02.814393
2461134.414722222, A.D. 2026-Apr-03 21:57:12.0000,69.185634,-145969091.8008037,-33647264.40295633,-14597594.64197007,7.15323157409331,-27.3759752910965,-11.92287277634605,2026-04-03T21:56:02.814349
2461134.415416667, A.D. 2026-Apr-03 21:58:12.0000,69.185634,-145968662.5933855,-33648906.95508637,-14598310.01119333,7.153698535122013,-27.37582427057071,-11.92279495497748,2026-04-03T21:57:02.814386
2461134.416111111, A.D. 2026-Apr-03 21:59:12.0000,69.185634,-145968233.3579503,-33650549.4981546,-14599025.37574703,7.154165481153226,-27.37567323061018,-11.92271712409237,2026-04-03T21:58:02.814382
2461134.416805556, A.D. 2026-Apr-03 22:00:12.0000,69.185634,-145967804.0944978,-33652192.03216313,-14599740.73563201,7.154632412185692,-27.37552217121664,-11.92263928369177,2026-04-03T21:59:02.814419
2461134.4175, A.D. 2026-Apr-03 22:01:12.0000,69.185634,-145967374.8030308,-33653834.55710425,-14600456.09084487,7.155099328215384,-27.37537109239273,-11.92256143377715,2026-04-03T22:00:02.814375
2461134.418194444, A.D. 2026-Apr-03 22:02:12.0000,69.185634,-145966945.4835485,-33655477.07298334,-14601171.44138788,7.155566229241972,-27.37521999413988,-11.92248357434939,2026-04-03T22:01:02.814331
2461134.418888889, A.D. 2026-Apr-03 22:03:12.0000,69.185634,-145966516.1360526,-33657119.57979596,-14601886.78725904,7.156033115262355,-27.37506887646044,-11.92240570540981,2026-04-03T22:02:02.814368
2461134.419583333, A.D. 2026-Apr-03 22:04:12.0000,69.185634,-145966086.7605441,-33658762.07754095,-14602602.12845778,7.156499986274349,-27.37491773935642,-11.9223278269596,2026-04-03T22:03:02.814364
2461134.420277778, A.D. 2026-Apr-03 22:05:12.0000,69.185634,-145965657.3570237,-33660404.56621714,-14603317.46498354,7.15696684227578,-27.37476658282987,-11.92224993899994,2026-04-03T22:04:02.814401
2461134.420972222, A.D. 2026-Apr-03 22:06:12.0000,69.185634,-145965227.9254917,-33662047.04582663,-14604032.79683716,7.157433683265399,-27.37461540688252,-11.92217204153184,2026-04-03T22:05:02.814357
2461134.421666667, A.D. 2026-Apr-03 22:07:12.0000,69.185634,-145964798.4659496,-33663689.51636498,-14604748.12401666,7.157900509240098,-27.37446421151672,-11.92209413455666,2026-04-03T22:06:02.814394
2461134.422361111, A.D. 2026-Apr-03 22:08:12.0000,69.185634,-145964368.9783985,-33665331.97783105,-14605463.44652145,7.158367320197707,-27.37431299673448,-11.92201621807555,2026-04-03T22:07:02.814350
2461134.423055556, A.D. 2026-Apr-03 22:09:12.0000,69.185634,-145963939.4628392,-33666974.43022365,-14606178.76435098,7.158834116136042,-27.37416176253785,-11.92193829208971,2026-04-03T22:08:02.814427
2461134.42375, A.D. 2026-Apr-03 22:10:12.0000,69.185634,-145963509.9192726,-33668616.87354163,-14606894.07750467,7.159300897052932,-27.37401050892887,-11.92186035660031,2026-04-03T22:09:02.814383
2461134.424444444, A.D. 2026-Apr-03 22:11:12.0000,69.185634,-145963080.3476988,-33670259.30778709,-14607609.38598336,7.159767662947131,-27.37385923590926,-11.92178241160838,2026-04-03T22:10:02.814339
2461134.425138889, A.D. 2026-Apr-03 22:12:12.0000,69.185634,-145962650.7481195,-33671901.73295559,-14608324.68978508,7.160234413815531,-27.37370794348137,-11.92170445711525,2026-04-03T22:11:02.814376
