Az,El,Delta,Deldot,Calendar Date (UTC)
250.464874,47.389285,5.10044830202918,28.0620273,2026-04-02T20:45:28
250.710478,47.22927,5.10045955726888,28.0629538,2026-04-02T20:46:28
250.955001,47.069015,5.10047081287941,28.0638764,2026-04-02T20:47:28
251.198456,46.908525,5.1004820688592,28.0647952,2026-04-02T20:48:28
251.440855,46.747803,5.1004933252067,28.06571,2026-04-02T20:49:28
251.682209,46.586853,5.10050458192035,28.0666209,2026-04-02T20:50:28
251.922531,46.425679,5.10051583899855,28.0675279,2026-04-02T20:51:28
252.161831,46.264284,5.10052709643973,28.0684309,2026-04-02T20:52:28
252.400121,46.102673,5.1005383542423,28.06933,2026-04-02T20:53:28
252.637412,45.940849,5.10054961240465,28.070225,2026-04-02T20:54:28
252.873716,45.778816,5.1005608709252,28.0711161,2026-04-02T20:55:28
253.109044,45.616577,5.10057212980232,28.0720031,2026-04-02T20:56:28
253.343406,45.454136,5.10058338903439,28.0728861,2026-04-02T20:57:28
253.576814,45.291497,5.1005946486198,28.0737651,2026-04-02T20:58:28
253.809278,45.128662,5.10060590855692,28.0746399,2026-04-02T20:59:28
254.04081,44.965636,5.1006171688441,28.0755107,2026-04-02T21:00:28
254.271419,44.802422,5.1006284294797,28.0763773,2026-04-02T21:01:28
254.501116,44.639023,5.10063969046208,28.0772399,2026-04-02T21:02:28
254.729911,44.475443,5.10065095178956,28.0780983,2026-04-02T21:03:28
254.957816,44.311685,5.1006622134605,28.0789525,2026-04-02T21:04:28
255.184839,44.147752,5.10067347547322,28.0798026,2026-04-02T21:05:28
255.410992,43.983647,5.10068473782605,28.0806484,2026-04-02T21:06:28
255.636284,43.819374,5.10069600051729,28.0814901,2026-04-02T21:07:28
255.860725,43.654936,5.10070726354526,28.0823276,2026-04-02T21:08:28
256.084325,43.490336,5.10071852690827,28.0831608,2026-04-02T21:09:28
256.307094,43.325577,5.10072979060462,28.0839898,2026-04-02T21:10:28
256.529041,43.160662,5.10074105463259,28.0848145,2026-04-02T21:11:28
256.750176,42.995594,5.10075231899047,28.0856349,2026-04-02T21:12:28
256.970508,42.830377,5.10076358367654,28.086451,2026-04-02T21:13:28
257.190047,42.665012,5.10077484868907,28.0872628,2026-04-02T21:14:28
257.408801,42.499504,5.10078611402633,28.0880703,2026-04-02T21:15:28
257.626781,42.333855,5.10079737968659,28.0888734,2026-04-02T21:16:28
257.843996,42.168068,5.10080864566809,28.0896722,2026-04-02T21:17:28
258.060453,42.002145,5.10081991196908,28.0904666,2026-04-02T21:18:28
258.276163,41.83609,5.1008311785878,28.0912566,2026-04-02T21:19:28
258.491133,41.669906,5.1008424455225,28.0920422,2026-04-02T21:20:28
258.705374,41.503595,5.10085371277141,28.0928234,2026-04-02T21:21:28
258.918893,41.33716,5.10086498033274,28.0936001,2026-04-02T21:22:28
259.131699,41.170603,5.10087624820472,28.0943724,2026-04-02T21:23:28
259.3438,41.003928,5.10088751638556,28.0951403,2026-04-02T21:24:28
259.555206,40.837137,5.10089878487346,28.0959037,2026-04-02T21:25:28
259.765923,40.670233,5.10091005366664,28.0966625,2026-04-02T21:26:28
259.975962,40.503218,5.10092132276327,28.0974169,2026-04-02T21:27:28
260.185329,40.336095,5.10093259216156,28.0981667,2026-04-02T21:28:28
260.394033,40.168866,5.10094386185969,28.098912,2026-04-02T21:29:28
260.602082,40.001534,5.10095513185584,28.0996528,2026-04-02T21:30:28
260.809483,39.834102,5.10096640214817,28.100389,2026-04-02T21:31:28
261.016246,39.666573,5.10097767273486,28.1011206,2026-04-02T21:32:28
261.222377,39.498947,5.10098894361407,28.1018477,2026-04-02T21:33:28
261.427884,39.331229,5.10100021478395,28.1025701,2026-04-02T21:34:28
261.632776,39.16342,5.10101148624266,28.1032879,2026-04-02T21:35:28
261.837058,38.995523,5.10102275798834,28.1040011,2026-04-02T21:36:28
262.04074,38.82754,5.10103403001913,28.1047096,2026-04-02T21:37:28
262.243828,38.659474,5.10104530233317,28.1054135,2026-04-02T21:38:28
262.446331,38.491327,5.10105657492858,28.1061127,2026-04-02T21:39:28
262.648254,38.323101,5.10106784780349,28.1068073,2026-04-02T21:40:28
262.849605,38.154798,5.10107912095602,28.1074971,2026-04-02T21:41:28
263.050393,37.986422,5.10109039438428,28.1081822,2026-04-02T21:42:28
263.250622,37.817973,5.10110166808638,28.1088626,2026-04-02T21:43:28
263.450302,37.649456,5.10111294206042,28.1095383,2026-04-02T21:44:28
263.649438,37.48087,5.10112421630451,28.1102092,2026-04-02T21:45:28
263.848038,37.31222,5.10113549081672,28.1108753,2026-04-02T21:46:28
264.046108,37.143507,5.10114676559516,28.1115367,2026-04-02T21:47:28
264.243655,36.974733,5.1011580406379,28.1121933,2026-04-02T21:48:28
264.440686,36.8059,5.10116931594303,28.1128451,2026-04-02T21:49:28
264.637208,36.637011,5.10118059150861,28.1134921,2026-04-02T21:50:28
264.833226,36.468068,5.10119186733271,28.1141342,2026-04-02T21:51:28
265.028749,36.299072,5.10120314341341,28.1147716,2026-04-02T21:52:28
265.223781,36.130026,5.10121441974874,28.115404,2026-04-02T21:53:28
265.41833,35.960933,5.10122569633678,28.1160317,2026-04-02T21:54:28
265.612402,35.791793,5.10123697317557,28.1166544,2026-04-02T21:55:28
265.806002,35.622609,5.10124825026315,28.1172723,2026-04-02T21:56:28
265.999139,35.453384,5.10125952759756,28.1178852,2026-04-02T21:57:28
266.191817,35.284119,5.10127080517684,28.1184933,2026-04-02T21:58:28
266.384042,35.114816,5.10128208299901,28.1190965,2026-04-02T21:59:28
266.575821,34.945477,5.10129336106211,28.1196947,2026-04-02T22:00:28
266.76716,34.776104,5.10130463936416,28.120288,2026-04-02T22:01:28
266.958065,34.606699,5.10131591790316,28.1208763,2026-04-02T22:02:28
267.148542,34.437264,5.10132719667714,28.1214597,2026-04-02T22:03:28
267.338595,34.267802,5.1013384756841,28.1220381,2026-04-02T22:04:28
267.528233,34.098313,5.10134975492205,28.1226115,2026-04-02T22:05:28
267.717459,33.9288,5.10136103438898,28.1231799,2026-04-02T22:06:28
267.90628,33.759264,5.10137231408289,28.1237434,2026-04-02T22:07:28
268.094701,33.589709,5.10138359400177,28.1243018,2026-04-02T22:08:28
268.282728,33.420134,5.10139487414361,28.1248551,2026-04-02T22:09:28
268.470367,33.250543,5.10140615450639,28.1254035,2026-04-02T22:10:28
268.657623,33.080938,5.10141743508808,28.1259468,2026-04-02T22:11:28
268.844502,32.911319,5.10142871588667,28.126485,2026-04-02T22:12:28
269.031008,32.741689,5.10143999690011,28.1270182,2026-04-02T22:13:28
269.217148,32.57205,5.10145127812639,28.1275463,2026-04-02T22:14:28
269.402926,32.402403,5.10146255956345,28.1280693,2026-04-02T22:15:28
269.588348,32.232751,5.10147384120926,28.1285872,2026-04-02T22:16:28
269.77342,32.063094,5.10148512306178,28.1291,2026-04-02T22:17:28
269.958145,31.893436,5.10149640511894,28.1296077,2026-04-02T22:18:28
270.14253,31.723777,5.1015076873787,28.1301103,2026-04-02T22:19:28
270.32658,31.554119,5.10151896983901,28.1306077,2026-04-02T22:20:28
270.510299,31.384465,5.10153025249779,28.1311,2026-04-02T22:21:28
270.693692,31.214815,5.10154153535299,28.1315872,2026-04-02T22:22:28
270.876766,31.045172,5.10155281840254,28.1320692,2026-04-02T22:23:28
271.059523,30.875538,5.10156410164436,28.132546,2026-04-02T22:24:28
271.241971,30.705913,5.10157538507638,28.1330176,2026-04-02T22:25:28
271.424112,30.5363,5.10158666869652,28.133484,2026-04-02T22:26:28
271.605952,30.3667,5.10159795250269,28.1339453,2026-04-02T22:27:28
271.787496,30.197116,5.10160923649282,28.1344013,2026-04-02T22:28:28
271.968749,30.027548,5.10162052066481,28.1348521,2026-04-02T22:29:28
272.149715,29.857998,5.10163180501657,28.1352977,2026-04-02T22:30:28
272.330399,29.688469,5.101643089546,28.1357381,2026-04-02T22:31:28
272.510805,29.518962,5.101654374251,28.1361732,2026-04-02T22:32:28
272.690939,29.349477,5.10166565912948,28.1366031,2026-04-02T22:33:28
272.870804,29.180018,5.10167694417931,28.1370278,2026-04-02T22:34:28
273.050405,29.010586,5.1016882293984,28.1374471,2026-04-02T22:35:28
273.229747,28.841182,5.10169951478463,28.1378612,2026-04-02T22:36:28
273.408834,28.671807,5.10171080033589,28.13827,2026-04-02T22:37:28
273.58767,28.502464,5.10172208605005,28.1386736,2026-04-02T22:38:28
273.76626,28.333155,5.101733371925,28.1390718,2026-04-02T22:39:28
273.944609,28.16388,5.10174465795861,28.1394647,2026-04-02T22:40:28
274.12272,27.994641,5.10175594414875,28.1398524,2026-04-02T22:41:28
274.300597,27.82544,5.1017672304933,28.1402347,2026-04-02T22:42:28
274.478246,27.656279,5.10177851699011,28.1406117,2026-04-02T22:43:28
274.65567,27.487159,5.10178980363706,28.1409833,2026-04-02T22:44:28
274.832873,27.318081,5.101801090432,28.1413496,2026-04-02T22:45:28
275.00986,27.149048,5.1018123773728,28.1417106,2026-04-02T22:46:28
275.186634,26.98006,5.1018236644573,28.1420662,2026-04-02T22:47:28
275.3632,26.81112,5.10183495168336,28.1424165,2026-04-02T22:48:28
275.539562,26.642228,5.10184623904883,28.1427614,2026-04-02T22:49:28
275.715724,26.473387,5.10185752655156,28.143101,2026-04-02T22:50:28
275.891689,26.304598,5.1018688141894,28.1434351,2026-04-02T22:51:28
276.067463,26.135862,5.10188010196018,28.1437639,2026-04-02T22:52:28
276.243047,25.967181,5.10189138986175,28.1440873,2026-04-02T22:53:28
276.418448,25.798557,5.10190267789194,28.1444053,2026-04-02T22:54:28
276.593668,25.629991,5.10191396604859,28.1447179,2026-04-02T22:55:28
276.768711,25.461484,5.10192525432954,28.1450251,2026-04-02T22:56:28
276.943582,25.293038,5.10193654273261,28.1453269,2026-04-02T22:57:28
277.118284,25.124655,5.10194783125563,28.1456232,2026-04-02T22:58:28
277.29282,24.956336,5.10195911989643,28.1459142,2026-04-02T22:59:28
277.467195,24.788083,5.10197040865283,28.1461997,2026-04-02T23:00:28
277.641412,24.619896,5.10198169752265,28.1464798,2026-04-02T23:01:28
277.815475,24.451778,5.10199298650373,28.1467544,2026-04-02T23:02:28
277.989387,24.283731,5.10200427559386,28.1470236,2026-04-02T23:03:28
278.163153,24.115754,5.10201556479087,28.1472874,2026-04-02T23:04:28
278.336776,23.947851,5.10202685409258,28.1475457,2026-04-02T23:05:28
278.510259,23.780023,5.10203814349679,28.1477985,2026-04-02T23:06:28
278.683606,23.61227,5.10204943300131,28.1480459,2026-04-02T23:07:28
278.85682,23.444595,5.10206072260396,28.1482878,2026-04-02T23:08:28
279.029906,23.276999,5.10207201230253,28.1485243,2026-04-02T23:09:28
279.202867,23.109483,5.10208330209485,28.1487552,2026-04-02T23:10:28
279.375705,22.942049,5.1020945919787,28.1489807,2026-04-02T23:11:28
279.548425,22.774698,5.10210588195188,28.1492007,2026-04-02T23:12:28
279.72103,22.607432,5.10211717201221,28.1494152,2026-04-02T23:13:28
279.893524,22.440253,5.10212846215748,28.1496243,2026-04-02T23:14:28
280.065909,22.273161,5.10213975238547,28.1498278,2026-04-02T23:15:28
280.238189,22.106158,5.102151042694,28.1500258,2026-04-02T23:16:28
280.410368,21.939246,5.10216233308085,28.1502184,2026-04-02T23:17:28
280.582449,21.772427,5.10217362354382,28.1504054,2026-04-02T23:18:28
280.754435,21.6057,5.10218491408069,28.1505869,2026-04-02T23:19:28
280.92633,21.439069,5.10219620468926,28.1507629,2026-04-02T23:20:28
281.098136,21.272534,5.10220749536731,28.1509334,2026-04-02T23:21:28
281.269857,21.106097,5.10221878611264,28.1510983,2026-04-02T23:22:28
281.441496,20.93976,5.10223007692302,28.1512578,2026-04-02T23:23:28
281.613057,20.773523,5.10224136779624,28.1514117,2026-04-02T23:24:28
281.784542,20.607388,5.10225265873009,28.1515601,2026-04-02T23:25:28
281.955955,20.441357,5.10226394972235,28.151703,2026-04-02T23:26:28
282.127299,20.275432,5.1022752407708,28.1518403,2026-04-02T23:27:28
282.298577,20.109612,5.10228653187322,28.1519721,2026-04-02T23:28:28
282.469792,19.943901,5.10229782302739,28.1520984,2026-04-02T23:29:28
282.640948,19.778299,5.10230911423109,28.1522191,2026-04-02T23:30:28
282.812047,19.612809,5.10232040548209,28.1523343,2026-04-02T23:31:28
282.983092,19.44743,5.10233169677818,28.1524439,2026-04-02T23:32:28
283.154087,19.282165,5.10234298811713,28.152548,2026-04-02T23:33:28
283.325034,19.117016,5.10235427949672,28.1526465,2026-04-02T23:34:28
283.495936,18.951983,5.10236557091472,28.1527395,2026-04-02T23:35:28
283.666798,18.787068,5.1023768623689,28.152827,2026-04-02T23:36:28
283.83762,18.622273,5.10238815385704,28.1529089,2026-04-02T23:37:28
284.008407,18.457599,5.10239944537692,28.1529852,2026-04-02T23:38:28
284.179162,18.293047,5.10241073692629,28.153056,2026-04-02T23:39:28
284.349887,18.128619,5.10242202850295,28.1531212,2026-04-02T23:40:28
284.520585,17.964316,5.10243332010465,28.1531809,2026-04-02T23:41:28
284.691259,17.80014,5.10244461172918,28.153235,2026-04-02T23:42:28
284.861912,17.636092,5.10245590337429,28.1532836,2026-04-02T23:43:28
285.032547,17.472174,5.10246719503776,28.1533266,2026-04-02T23:44:28
285.203166,17.308386,5.10247848671737,28.153364,2026-04-02T23:45:28
285.373774,17.144732,5.10248977841087,28.1533959,2026-04-02T23:46:28
285.544371,16.981211,5.10250107011605,28.1534222,2026-04-02T23:47:28
285.714962,16.817825,5.10251236183067,28.153443,2026-04-02T23:48:28
285.885549,16.654577,5.1025236535525,28.1534582,2026-04-02T23:49:28
286.056134,16.491466,5.10253494527931,28.1534678,2026-04-02T23:50:28
286.226721,16.328495,5.10254623700887,28.1534719,2026-04-02T23:51:28
286.397313,16.165666,5.10255752873895,28.1534704,2026-04-02T23:52:28
286.567911,16.002979,5.10256882046732,28.1534633,2026-04-02T23:53:28
286.738519,15.840436,5.10258011219175,28.1534507,2026-04-02T23:54:28
286.90914,15.678039,5.10259140391001,28.1534326,2026-04-02T23:55:28
287.079775,15.515788,5.10260269561987,28.1534088,2026-04-02T23:56:28
287.250429,15.353686,5.1026139873191,28.1533796,2026-04-02T23:57:28
287.421103,15.191734,5.10262527900548,28.1533447,2026-04-02T23:58:28
287.5918,15.029933,5.10263657067676,28.1533043,2026-04-02T23:59:28
287.762523,14.868285,5.10264786233073,28.1532584,2026-04-03T00:00:28
287.933274,14.706791,5.10265915396515,28.1532069,2026-04-03T00:01:28
288.104057,14.545453,5.1026704455778,28.1531498,2026-04-03T00:02:28
288.274873,14.384272,5.10268173716646,28.1530872,2026-04-03T00:03:28
288.445725,14.22325,5.10269302872889,28.153019,2026-04-03T00:04:28
288.616616,14.062387,5.10270432026286,28.1529453,2026-04-03T00:05:28
288.787548,13.901686,5.10271561176616,28.1528661,2026-04-03T00:06:28
288.958525,13.741149,5.10272690323656,28.1527813,2026-04-03T00:07:28
289.129547,13.580776,5.10273819467184,28.1526909,2026-04-03T00:08:28
289.300619,13.420568,5.10274948606976,28.152595,2026-04-03T00:09:28
289.471743,13.260529,5.10276077742812,28.1524936,2026-04-03T00:10:28
289.64292,13.100658,5.10277206874468,28.1523866,2026-04-03T00:11:28
289.814154,12.940957,5.10278336001723,28.1522741,2026-04-03T00:12:28
289.985447,12.781429,5.10279465124355,28.1521561,2026-04-03T00:13:28
290.156802,12.622074,5.10280594242142,28.1520325,2026-04-03T00:14:28
290.32822,12.462893,5.10281723354862,28.1519034,2026-04-03T00:15:28
290.499705,12.303889,5.10282852462293,28.1517688,2026-04-03T00:16:28
290.671259,12.145063,5.10283981564214,28.1516286,2026-04-03T00:17:28
290.842884,11.986417,5.10285110660403,28.151483,2026-04-03T00:18:28
291.014583,11.827951,5.1028623975064,28.1513318,2026-04-03T00:19:28
291.186358,11.669667,5.10287368834703,28.1511751,2026-04-03T00:20:28
291.358212,11.511568,5.1028849791237,28.1510129,2026-04-03T00:21:28
291.530146,11.353653,5.10289626983422,28.1508452,2026-04-03T00:22:28
291.702164,11.195926,5.10290756047636,28.150672,2026-04-03T00:23:28
291.874268,11.038387,5.10291885104793,28.1504933,2026-04-03T00:24:28
292.046459,10.881038,5.10293014154672,28.1503091,2026-04-03T00:25:28
292.218741,10.72388,5.10294143197053,28.1501194,2026-04-03T00:26:28
292.391115,10.566916,5.10295272231714,28.1499242,2026-04-03T00:27:28
292.563585,10.410145,5.10296401258437,28.1497235,2026-04-03T00:28:28
292.736152,10.253571,5.10297530277002,28.1495173,2026-04-03T00:29:28
292.908819,10.097194,5.10298659287188,28.1493057,2026-04-03T00:30:28
293.081587,9.941017,5.10299788288776,28.1490886,2026-04-03T00:31:28
293.25446,9.78504,5.10300917281546,28.148866,2026-04-03T00:32:28
293.427439,9.629265,5.10302046265281,28.148638,2026-04-03T00:33:28
293.600527,9.473694,5.10303175239759,28.1484045,2026-04-03T00:34:28
293.773726,9.318328,5.10304304204763,28.1481655,2026-04-03T00:35:28
293.947039,9.163169,5.10305433160074,28.1479211,2026-04-03T00:36:28
294.120467,9.008219,5.10306562105474,28.1476713,2026-04-03T00:37:28
294.294012,8.853478,5.10307691040743,28.147416,2026-04-03T00:38:28
294.467678,8.698949,5.10308819965665,28.1471553,2026-04-03T00:39:28
294.641466,8.544632,5.10309948880021,28.1468891,2026-04-03T00:40:28
294.815378,8.390531,5.10311077783593,28.1466175,2026-04-03T00:41:28
294.989417,8.236646,5.10312206676165,28.1463405,2026-04-03T00:42:28
295.163584,8.082978,5.10313335557518,28.1460581,2026-04-03T00:43:28
295.337883,7.92953,5.10314464427437,28.1457703,2026-04-03T00:44:28
295.512314,7.776303,5.10315593285703,28.1454771,2026-04-03T00:45:28
295.686881,7.623298,5.10316722132102,28.1451785,2026-04-03T00:46:28
295.861585,7.470517,5.10317850966415,28.1448745,2026-04-03T00:47:28
296.036429,7.317962,5.10318979788428,28.1445651,2026-04-03T00:48:28
296.211414,7.165635,5.10320108597925,28.1442504,2026-04-03T00:49:28
296.386543,7.013536,5.10321237394689,28.1439302,2026-04-03T00:50:28
296.561818,6.861669,5.10322366178506,28.1436047,2026-04-03T00:51:28
296.737241,6.710033,5.1032349494916,28.1432739,2026-04-03T00:52:28
296.912814,6.558631,5.10324623706438,28.1429377,2026-04-03T00:53:28
297.088539,6.407464,5.10325752450123,28.1425961,2026-04-03T00:54:28
297.264418,6.256535,5.10326881180003,28.1422492,2026-04-03T00:55:28
297.440454,6.105844,5.10328009895862,28.141897,2026-04-03T00:56:28
297.616648,5.955393,5.10329138597488,28.1415395,2026-04-03T00:57:28
297.793002,5.805184,5.10330267284667,28.1411766,2026-04-03T00:58:28
297.969518,5.655219,5.10331395957185,28.1408084,2026-04-03T00:59:28
298.146199,5.5055,5.10332524614831,28.1404349,2026-04-03T01:00:28
298.323046,5.356027,5.1033365325739,28.1400562,2026-04-03T01:01:28
298.500062,5.206802,5.10334781884652,28.1396721,2026-04-03T01:02:28
298.677248,5.057828,5.10335910496404,28.1392827,2026-04-03T01:03:28
298.854607,4.909106,5.10337039092434,28.1388881,2026-04-03T01:04:28
299.03214,4.760638,5.10338167672531,28.1384882,2026-04-03T01:05:28
299.209849,4.612424,5.10339296236484,28.1380831,2026-04-03T01:06:28
299.387737,4.464468,5.10340424784083,28.1376727,2026-04-03T01:07:28
299.565804,4.31677,5.10341553315117,28.1372571,2026-04-03T01:08:28
299.744054,4.169332,5.10342681829375,28.1368362,2026-04-03T01:09:28
299.922489,4.022157,5.10343810326649,28.1364101,2026-04-03T01:10:28
300.101109,3.875245,5.10344938806728,28.1359788,2026-04-03T01:11:28
300.279917,3.728598,5.10346067269404,28.1355423,2026-04-03T01:12:28
300.458915,3.582219,5.10347195714468,28.1351006,2026-04-03T01:13:28
300.638105,3.436108,5.10348324141711,28.1346537,2026-04-03T01:14:28
300.817488,3.290268,5.10349452550927,28.1342016,2026-04-03T01:15:28
300.997067,3.1447,5.10350580941906,28.1337443,2026-04-03T01:16:28
301.176843,2.999407,5.10351709314441,28.1332819,2026-04-03T01:17:28
301.356819,2.854389,5.10352837668326,28.1328143,2026-04-03T01:18:28
301.536996,2.709648,5.10353966003354,28.1323416,2026-04-03T01:19:28
301.717375,2.565187,5.10355094319319,28.1318637,2026-04-03T01:20:28
301.89796,2.421006,5.10356222616015,28.1313807,2026-04-03T01:21:28
302.07875,2.277109,5.10357350893237,28.1308926,2026-04-03T01:22:28
302.25975,2.133495,5.10358479150779,28.1303994,2026-04-03T01:23:28
302.440959,1.990168,5.10359607388436,28.129901,2026-04-03T01:24:28
302.622381,1.847129,5.10360735606005,28.1293976,2026-04-03T01:25:28
302.804016,1.70438,5.10361863803282,28.1288891,2026-04-03T01:26:28
302.985866,1.561922,5.10362991980062,28.1283756,2026-04-03T01:27:28
303.167934,1.419758,5.10364120136143,28.127857,2026-04-03T01:28:28
303.350221,1.277889,5.10365248271322,28.1273333,2026-04-03T01:29:28
303.532729,1.136316,5.10366376385397,28.1268046,2026-04-03T01:30:28
303.715459,0.995043,5.10367504478166,28.1262709,2026-04-03T01:31:28
303.898413,0.854069,5.10368632549428,28.1257321,2026-04-03T01:32:28
304.081594,0.713399,5.10369760598981,28.1251883,2026-04-03T01:33:28
304.265002,0.573032,5.10370888626624,28.1246396,2026-04-03T01:34:28
304.448639,0.432971,5.10372016632158,28.1240858,2026-04-03T01:35:28
304.632507,0.293218,5.10373144615383,28.1235271,2026-04-03T01:36:28
304.816608,0.153775,5.10374272576099,28.1229634,2026-04-03T01:37:28
305.000943,0.014643,5.10375400514108,28.1223948,2026-04-03T01:38:28
305.185514,-0.124176,5.10376528429211,28.1218212,2026-04-03T01:39:28
305.370322,-0.262679,5.1037765632121,28.1212427,2026-04-03T01:40:28
305.55537,-0.400866,5.10378784189907,28.1206593,2026-04-03T01:41:28
305.740658,-0.538733,5.10379912035106,28.1200709,2026-04-03T01:42:28
305.926189,-0.67628,5.1038103985661,28.1194777,2026-04-03T01:43:28
306.111964,-0.813505,5.10382167654222,28.1188796,2026-04-03T01:44:28
306.297984,-0.950405,5.10383295427747,28.1182766,2026-04-03T01:45:28
306.484252,-1.086979,5.1038442317699,28.1176687,2026-04-03T01:46:28
306.670768,-1.223224,5.10385550901755,28.117056,2026-04-03T01:47:28
306.857534,-1.35914,5.1038667860185,28.1164385,2026-04-03T01:48:28
307.044553,-1.494724,5.10387806277078,28.1158161,2026-04-03T01:49:28
307.231824,-1.629973,5.10388933927249,28.1151889,2026-04-03T01:50:28
307.41935,-1.764887,5.10390061552167,28.1145569,2026-04-03T01:51:28
307.607133,-1.899464,5.10391189151642,28.1139201,2026-04-03T01:52:28
307.795173,-2.033701,5.10392316725482,28.1132786,2026-04-03T01:53:28
307.983472,-2.167596,5.10393444273494,28.1126323,2026-04-03T01:54:28
308.172032,-2.301148,5.10394571795489,28.1119812,2026-04-03T01:55:28
308.360855,-2.434355,5.10395699291275,28.1113254,2026-04-03T01:56:28
308.549941,-2.567215,5.10396826760663,28.1106648,2026-04-03T01:57:28
308.739291,-2.699725,5.10397954203464,28.1099996,2026-04-03T01:58:28
308.928909,-2.831884,5.10399081619489,28.1093296,2026-04-03T01:59:28
309.118794,-2.96369,5.1040020900855,28.108655,2026-04-03T02:00:28
309.308948,-3.095142,5.10401336370458,28.1079757,2026-04-03T02:01:28
309.499372,-3.226236,5.10402463705026,28.1072917,2026-04-03T02:02:28
309.690069,-3.356971,5.10403591012069,28.1066031,2026-04-03T02:03:28
309.881039,-3.487346,5.104047182914,28.1059098,2026-04-03T02:04:28
310.072283,-3.617358,5.10405845542832,28.1052119,2026-04-03T02:05:28
310.263804,-3.747004,5.10406972766182,28.1045094,2026-04-03T02:06:28
310.455601,-3.876285,5.10408099961264,28.1038023,2026-04-03T02:07:28
310.647677,-4.005196,5.10409227127894,28.1030907,2026-04-03T02:08:28
310.840033,-4.133736,5.1041035426589,28.1023744,2026-04-03T02:09:28
311.032669,-4.261904,5.10411481375068,28.1016537,2026-04-03T02:10:28
311.225588,-4.389697,5.10412608455245,28.1009283,2026-04-03T02:11:28
311.418791,-4.517114,5.10413735506241,28.1001985,2026-04-03T02:12:28
311.612278,-4.644151,5.10414862527874,28.0994641,2026-04-03T02:13:28
311.806051,-4.770808,5.10415989519963,28.0987253,2026-04-03T02:14:28
312.000111,-4.897083,5.10417116482328,28.0979819,2026-04-03T02:15:28
312.194459,-5.022972,5.1041824341479,28.0972341,2026-04-03T02:16:28
312.389097,-5.148474,5.1041937031717,28.0964819,2026-04-03T02:17:28
312.584025,-5.273588,5.1042049718929,28.0957252,2026-04-03T02:18:28
312.779245,-5.398311,5.10421624030972,28.0949641,2026-04-03T02:19:28
312.974758,-5.522641,5.10422750842038,28.0941985,2026-04-03T02:20:28
313.170565,-5.646576,5.10423877622314,28.0934286,2026-04-03T02:21:28
313.366667,-5.770114,5.10425004371621,28.0926543,2026-04-03T02:22:28
313.563064,-5.893253,5.10426131089785,28.0918757,2026-04-03T02:23:28
313.759759,-6.015991,5.10427257776632,28.0910926,2026-04-03T02:24:28
313.956752,-6.138326,5.10428384431987,28.0903053,2026-04-03T02:25:28
314.154044,-6.260256,5.10429511055676,28.0895136,2026-04-03T02:26:28
314.351636,-6.381778,5.10430637647528,28.0887177,2026-04-03T02:27:28
314.549529,-6.502891,5.10431764207369,28.0879174,2026-04-03T02:28:28
314.747724,-6.623593,5.10432890735028,28.0871129,2026-04-03T02:29:28
314.946223,-6.743882,5.10434017230334,28.0863041,2026-04-03T02:30:28
315.145025,-6.863754,5.10435143693116,28.0854911,2026-04-03T02:31:28
315.344132,-6.983209,5.10436270123205,28.0846738,2026-04-03T02:32:28
315.543545,-7.102245,5.10437396520432,28.0838524,2026-04-03T02:33:28
315.743264,-7.220859,5.10438522884628,28.0830267,2026-04-03T02:34:28
315.943291,-7.339048,5.10439649215625,28.0821969,2026-04-03T02:35:28
316.143626,-7.456812,5.10440775513257,28.0813629,2026-04-03T02:36:28
316.34427,-7.574148,5.10441901777356,28.0805248,2026-04-03T02:37:28
316.545224,-7.691054,5.10443028007756,28.0796825,2026-04-03T02:38:28
316.746489,-7.807527,5.10444154204293,28.0788362,2026-04-03T02:39:28
316.948065,-7.923566,5.10445280366802,28.0779857,2026-04-03T02:40:28
317.149954,-8.039168,5.10446406495119,28.0771312,2026-04-03T02:41:28
317.352156,-8.154332,5.1044753258908,28.0762726,2026-04-03T02:42:28
317.554671,-8.269055,5.10448658648523,28.0754099,2026-04-03T02:43:28
317.7575,-8.383336,5.10449784673286,28.0745432,2026-04-03T02:44:28
317.960645,-8.497171,5.10450910663208,28.0736725,2026-04-03T02:45:28
318.164105,-8.610559,5.10452036618128,28.0727978,2026-04-03T02:46:28
318.367881,-8.723498,5.10453162537888,28.0719192,2026-04-03T02:47:28
318.571974,-8.835986,5.10454288422326,28.0710365,2026-04-03T02:48:28
318.776385,-8.94802,5.10455414271283,28.07015,2026-04-03T02:49:28
318.981114,-9.059599,5.10456540084604,28.0692594,2026-04-03T02:50:28
319.186161,-9.17072,5.1045766586213,28.068365,2026-04-03T02:51:28
319.391528,-9.281381,5.10458791603704,28.0674667,2026-04-03T02:52:28
319.597214,-9.39158,5.10459917309172,28.0665645,2026-04-03T02:53:28
319.80322,-9.501315,5.10461042978378,28.0656585,2026-04-03T02:54:28
320.009547,-9.610583,5.10462168611168,28.0647486,2026-04-03T02:55:28
320.216195,-9.719383,5.10463294207388,28.0638349,2026-04-03T02:56:28
320.423164,-9.827713,5.10464419766885,28.0629174,2026-04-03T02:57:28
320.630455,-9.93557,5.10465545289507,28.0619961,2026-04-03T02:58:28
320.838068,-10.042952,5.10466670775102,28.0610711,2026-04-03T02:59:28
321.046003,-10.149857,5.1046779622352,28.0601423,2026-04-03T03:00:28
321.254262,-10.256283,5.1046892163461,28.0592097,2026-04-03T03:01:28
321.462843,-10.362227,5.10470047008223,28.0582734,2026-04-03T03:02:28
321.671748,-10.467688,5.10471172344211,28.0573335,2026-04-03T03:03:28
321.880977,-10.572664,5.10472297642425,28.0563898,2026-04-03T03:04:28
322.09053,-10.677151,5.10473422902718,28.0554425,2026-04-03T03:05:28
322.300406,-10.781149,5.10474548124945,28.0544916,2026-04-03T03:06:28
322.510607,-10.884655,5.10475673308958,28.053537,2026-04-03T03:07:28
322.721133,-10.987666,5.10476798454613,28.0525789,2026-04-03T03:08:28
322.931983,-11.090181,5.10477923561767,28.0516171,2026-04-03T03:09:28
323.143158,-11.192197,5.10479048630274,28.0506518,2026-04-03T03:10:28
323.354657,-11.293713,5.10480173659994,28.0496829,2026-04-03T03:11:28
323.566482,-11.394726,5.10481298650782,28.0487105,2026-04-03T03:12:28
323.778631,-11.495234,5.104824236025,28.0477346,2026-04-03T03:13:28
323.991106,-11.595235,5.10483548515005,28.0467552,2026-04-03T03:14:28
324.203905,-11.694726,5.10484673388159,28.0457723,2026-04-03T03:15:28
324.41703,-11.793706,5.10485798221822,28.0447859,2026-04-03T03:16:28
324.630479,-11.892172,5.10486923015856,28.0437962,2026-04-03T03:17:28
324.844252,-11.990123,5.10488047770124,28.042803,2026-04-03T03:18:28
325.058351,-12.087555,5.10489172484488,28.0418064,2026-04-03T03:19:28
325.272774,-12.184468,5.10490297158814,28.0408064,2026-04-03T03:20:28
325.487521,-12.280858,5.10491421792966,28.0398031,2026-04-03T03:21:28
325.702593,-12.376724,5.10492546386809,28.0387964,2026-04-03T03:22:28
325.917988,-12.472064,5.10493670940211,28.0377864,2026-04-03T03:23:28
326.133707,-12.566875,5.10494795453038,28.0367731,2026-04-03T03:24:28
326.34975,-12.661155,5.10495919925158,28.0357566,2026-04-03T03:25:28
326.566115,-12.754902,5.10497044356441,28.0347367,2026-04-03T03:26:28
326.782804,-12.848114,5.10498168746755,28.0337136,2026-04-03T03:27:28
326.999815,-12.940789,5.10499293095971,28.0326874,2026-04-03T03:28:28
327.217147,-13.032925,5.10500417403961,28.0316579,2026-04-03T03:29:28
327.434802,-13.124519,5.10501541670596,28.0306252,2026-04-03T03:30:28
327.652778,-13.21557,5.10502665895749,28.0295893,2026-04-03T03:31:28
327.871074,-13.306075,5.10503790079294,28.0285504,2026-04-03T03:32:28
328.089691,-13.396032,5.10504914221104,28.0275082,2026-04-03T03:33:28
328.308628,-13.48544,5.10506038321057,28.026463,2026-04-03T03:34:28
328.527884,-13.574295,5.10507162379025,28.0254148,2026-04-03T03:35:28
328.747458,-13.662596,5.10508286394889,28.0243634,2026-04-03T03:36:28
328.967351,-13.750341,5.10509410368524,28.023309,2026-04-03T03:37:28
329.187561,-13.837528,5.10510534299809,28.0222516,2026-04-03T03:38:28
329.408088,-13.924154,5.10511658188623,28.0211912,2026-04-03T03:39:28
329.62893,-14.010218,5.10512782034847,28.0201278,2026-04-03T03:40:28
329.850089,-14.095717,5.10513905838362,28.0190615,2026-04-03T03:41:28
330.071561,-14.18065,5.10515029599048,28.0179922,2026-04-03T03:42:28
330.293348,-14.265013,5.10516153316789,28.01692,2026-04-03T03:43:28
330.515447,-14.348806,5.10517276991468,28.0158449,2026-04-03T03:44:28
330.737859,-14.432027,5.1051840062297,28.0147669,2026-04-03T03:45:28
330.960582,-14.514672,5.10519524211179,28.013686,2026-04-03T03:46:28
331.183616,-14.59674,5.10520647755981,28.0126024,2026-04-03T03:47:28
331.406959,-14.678229,5.10521771257263,28.0115159,2026-04-03T03:48:28
331.630611,-14.759137,5.10522894714912,28.0104266,2026-04-03T03:49:28
331.85457,-14.839462,5.10524018128818,28.0093346,2026-04-03T03:50:28
332.078835,-14.919202,5.10525141498869,28.0082398,2026-04-03T03:51:28
332.303407,-14.998355,5.10526264824956,28.0071423,2026-04-03T03:52:28
332.528283,-15.076919,5.10527388106968,28.006042,2026-04-03T03:53:28
332.753462,-15.154891,5.10528511344799,28.0049391,2026-04-03T03:54:28
332.978943,-15.23227,5.10529634538341,28.0038335,2026-04-03T03:55:28
333.204725,-15.309054,5.10530757687487,28.0027253,2026-04-03T03:56:28
333.430808,-15.385241,5.10531880792132,28.0016144,2026-04-03T03:57:28
333.657188,-15.460829,5.10533003852171,28.000501,2026-04-03T03:58:28
333.883867,-15.535816,5.105341268675,27.999385,2026-04-03T03:59:28
334.110841,-15.6102,5.10535249838017,27.9982664,2026-04-03T04:00:28
334.33811,-15.683978,5.10536372763618,27.9971452,2026-04-03T04:01:28
334.565673,-15.75715,5.10537495644203,27.9960216,2026-04-03T04:02:28
334.793528,-15.829713,5.10538618479671,27.9948955,2026-04-03T04:03:28
335.021673,-15.901665,5.10539741269922,27.9937669,2026-04-03T04:04:28
335.250108,-15.973004,5.10540864014859,27.9926358,2026-04-03T04:05:28
335.47883,-16.043728,5.10541986714383,27.9915023,2026-04-03T04:06:28
335.707839,-16.113836,5.10543109368398,27.9903664,2026-04-03T04:07:28
335.937132,-16.183326,5.10544231976806,27.9892282,2026-04-03T04:08:28
336.166709,-16.252195,5.10545354539514,27.9880875,2026-04-03T04:09:28
336.396567,-16.320442,5.10546477056426,27.9869446,2026-04-03T04:10:28
336.626705,-16.388065,5.1054759952745,27.9857993,2026-04-03T04:11:28
336.857122,-16.455062,5.10548721952493,27.9846517,2026-04-03T04:12:28
337.087815,-16.521432,5.10549844331463,27.9835018,2026-04-03T04:13:28
337.318783,-16.587171,5.1055096666427,27.9823497,2026-04-03T04:14:28
337.550024,-16.65228,5.10552088950823,27.9811954,2026-04-03T04:15:28
337.781537,-16.716755,5.10553211191034,27.9800388,2026-04-03T04:16:28
338.01332,-16.780595,5.10554333384815,27.9788801,2026-04-03T04:17:28
338.24537,-16.843799,5.10555455532079,27.9777192,2026-04-03T04:18:28
338.477686,-16.906364,5.10556577632739,27.9765562,2026-04-03T04:19:28
338.710266,-16.968288,5.1055769968671,27.9753911,2026-04-03T04:20:28
338.943109,-17.029571,5.10558821693907,27.9742238,2026-04-03T04:21:28
339.176211,-17.09021,5.10559943654248,27.9730545,2026-04-03T04:22:28
339.409572,-17.150203,5.10561065567649,27.9718831,2026-04-03T04:23:28
339.643189,-17.20955,5.10562187434029,27.9707098,2026-04-03T04:24:28
339.87706,-17.268247,5.10563309253306,27.9695344,2026-04-03T04:25:28
340.111183,-17.326294,5.10564431025401,27.968357,2026-04-03T04:26:28
340.345556,-17.383688,5.10565552750236,27.9671777,2026-04-03T04:27:28
340.580177,-17.440429,5.10566674427731,27.9659964,2026-04-03T04:28:28
340.815044,-17.496514,5.1056779605781,27.9648132,2026-04-03T04:29:28
341.050154,-17.551942,5.10568917640396,27.9636282,2026-04-03T04:30:28
341.285506,-17.606711,5.10570039175414,27.9624412,2026-04-03T04:31:28
341.521096,-17.66082,5.1057116066279,27.9612524,2026-04-03T04:32:28
341.756924,-17.714266,5.1057228210245,27.9600618,2026-04-03T04:33:28
341.992985,-17.76705,5.10573403494322,27.9588694,2026-04-03T04:34:28
342.229279,-17.819168,5.10574524838334,27.9576753,2026-04-03T04:35:28
342.465803,-17.87062,5.10575646134414,27.9564794,2026-04-03T04:36:28
342.702554,-17.921403,5.10576767382495,27.9552817,2026-04-03T04:37:28
342.939531,-17.971517,5.10577888582505,27.9540823,2026-04-03T04:38:28
343.176729,-18.02096,5.10579009734378,27.9528813,2026-04-03T04:39:28
343.414148,-18.06973,5.10580130838047,27.9516786,2026-04-03T04:40:28
343.651784,-18.117826,5.10581251893446,27.9504743,2026-04-03T04:41:28
343.889636,-18.165246,5.10582372900508,27.9492683,2026-04-03T04:42:28
344.1277,-18.21199,5.1058349385917,27.9480608,2026-04-03T04:43:28
344.365974,-18.258055,5.1058461476937,27.9468517,2026-04-03T04:44:28
344.604455,-18.303441,5.10585735631044,27.945641,2026-04-03T04:45:28
344.843141,-18.348146,5.10586856444131,27.9444288,2026-04-03T04:46:28
345.082029,-18.392168,5.1058797720857,27.9432152,2026-04-03T04:47:28
345.321116,-18.435506,5.10589097924302,27.942,2026-04-03T04:48:28
345.5604,-18.478159,5.10590218591269,27.9407835,2026-04-03T04:49:28
345.799879,-18.520126,5.10591339209413,27.9395654,2026-04-03T04:50:28
346.039548,-18.561405,5.10592459778677,27.938346,2026-04-03T04:51:28
346.279405,-18.601995,5.10593580299005,27.9371252,2026-04-03T04:52:28
346.519449,-18.641895,5.10594700770342,27.9359031,2026-04-03T04:53:28
346.759675,-18.681103,5.10595821192635,27.9346796,2026-04-03T04:54:28
347.000081,-18.719619,5.10596941565831,27.9334548,2026-04-03T04:55:28
347.240664,-18.757441,5.10598061889877,27.9322288,2026-04-03T04:56:28
347.481421,-18.794568,5.10599182164723,27.9310014,2026-04-03T04:57:28
347.722349,-18.830998,5.10600302390319,27.9297729,2026-04-03T04:58:28
347.963446,-18.866732,5.10601422566615,27.9285431,2026-04-03T04:59:28
348.204708,-18.901766,5.10602542693563,27.9273121,2026-04-03T05:00:28
348.446133,-18.936102,5.10603662771117,27.92608,2026-04-03T05:01:28
348.687716,-18.969737,5.10604782799229,27.9248467,2026-04-03T05:02:28
348.929456,-19.00267,5.10605902777855,27.9236123,2026-04-03T05:03:28
349.17135,-19.0349,5.1060702270695,27.9223768,2026-04-03T05:04:28
349.413393,-19.066427,5.1060814258647,27.9211402,2026-04-03T05:05:28
349.655584,-19.097249,5.10609262416374,27.9199026,2026-04-03T05:06:28
349.897919,-19.127365,5.1061038219662,27.918664,2026-04-03T05:07:28
350.140394,-19.156775,5.10611501927166,27.9174244,2026-04-03T05:08:28
350.383008,-19.185477,5.10612621607975,27.9161838,2026-04-03T05:09:28
350.625755,-19.213471,5.10613741239007,27.9149422,2026-04-03T05:10:28
350.868635,-19.240755,5.10614860820224,27.9136997,2026-04-03T05:11:28
351.111642,-19.267329,5.10615980351589,27.9124564,2026-04-03T05:12:28
351.354775,-19.293192,5.10617099833068,27.9112121,2026-04-03T05:13:28
351.598029,-19.318343,5.10618219264625,27.909967,2026-04-03T05:14:28
351.841401,-19.342781,5.10619338646227,27.908721,2026-04-03T05:15:28
352.084889,-19.366506,5.1062045797784,27.9074743,2026-04-03T05:16:28
352.328489,-19.389516,5.10621577259433,27.9062267,2026-04-03T05:17:28
352.572197,-19.411812,5.10622696490975,27.9049785,2026-04-03T05:18:28
352.816011,-19.433392,5.10623815672435,27.9037294,2026-04-03T05:19:28
353.059926,-19.454255,5.10624934803786,27.9024797,2026-04-03T05:20:28
353.30394,-19.474401,5.10626053884999,27.9012293,2026-04-03T05:21:28
353.54805,-19.49383,5.10627172916047,27.8999782,2026-04-03T05:22:28
353.792251,-19.51254,5.10628291896903,27.8987265,2026-04-03T05:23:28
354.036541,-19.530531,5.10629410827544,27.8974741,2026-04-03T05:24:28
354.280916,-19.547803,5.10630529707943,27.8962212,2026-04-03T05:25:28
354.525373,-19.564355,5.1063164853808,27.8949677,2026-04-03T05:26:28
354.769908,-19.580186,5.10632767317931,27.8937137,2026-04-03T05:27:28
355.014518,-19.595295,5.10633886047475,27.8924591,2026-04-03T05:28:28
355.2592,-19.609683,5.10635004726692,27.8912041,2026-04-03T05:29:28
355.503949,-19.623349,5.10636123355563,27.8899486,2026-04-03T05:30:28
355.748763,-19.636293,5.10637241934069,27.8886926,2026-04-03T05:31:28
355.993638,-19.648513,5.10638360462192,27.8874362,2026-04-03T05:32:28
356.238571,-19.66001,5.10639478939918,27.8861795,2026-04-03T05:33:28
356.483558,-19.670783,5.1064059736723,27.8849223,2026-04-03T05:34:28
356.728595,-19.680832,5.10641715744113,27.8836648,2026-04-03T05:35:28
356.97368,-19.690157,5.10642834070556,27.882407,2026-04-03T05:36:28
357.218808,-19.698757,5.10643952346544,27.8811489,2026-04-03T05:37:28
357.463976,-19.706632,5.10645070572066,27.8798905,2026-04-03T05:38:28
357.709181,-19.713781,5.10646188747113,27.8786319,2026-04-03T05:39:28
357.954419,-19.720206,5.10647306871674,27.8773731,2026-04-03T05:40:28
358.199686,-19.725904,5.10648424945741,27.876114,2026-04-03T05:41:28
358.44498,-19.730876,5.10649542969306,27.8748548,2026-04-03T05:42:28
358.690296,-19.735123,5.10650660942363,27.8735954,2026-04-03T05:43:28
358.93563,-19.738643,5.10651778864907,27.8723359,2026-04-03T05:44:28
359.180981,-19.741437,5.10652896736931,27.8710762,2026-04-03T05:45:28
359.426343,-19.743504,5.10654014558433,27.8698165,2026-04-03T05:46:28
359.671714,-19.744845,5.10655132329411,27.8685568,2026-04-03T05:47:28
359.917089,-19.745459,5.10656250049861,27.867297,2026-04-03T05:48:28
0.162465,-19.745347,5.10657367719785,27.8660372,2026-04-03T05:49:28
0.40784,-19.744508,5.1065848533918,27.8647774,2026-04-03T05:50:28
0.653208,-19.742943,5.1065960290805,27.8635177,2026-04-03T05:51:28
0.898567,-19.740651,5.10660720426396,27.862258,2026-04-03T05:52:28
1.143913,-19.737633,5.10661837894222,27.8609984,2026-04-03T05:53:28
1.389242,-19.733888,5.1066295531153,27.859739,2026-04-03T05:54:28
1.634552,-19.729417,5.10664072678328,27.8584797,2026-04-03T05:55:28
1.879838,-19.724221,5.1066518999462,27.8572205,2026-04-03T05:56:28
2.125097,-19.718298,5.10666307260413,27.8559615,2026-04-03T05:57:28
2.370325,-19.71165,5.10667424475716,27.8547028,2026-04-03T05:58:28
2.615519,-19.704276,5.10668541640538,27.8534442,2026-04-03T05:59:28
2.860675,-19.696177,5.10669658754888,27.852186,2026-04-03T06:00:28
3.10579,-19.687353,5.10670775818778,27.850928,2026-04-03T06:01:28
3.350861,-19.677805,5.10671892832219,27.8496703,2026-04-03T06:02:28
3.595883,-19.667532,5.10673009795225,27.848413,2026-04-03T06:03:28
3.840854,-19.656535,5.1067412670781,27.847156,2026-04-03T06:04:28
4.085769,-19.644814,5.10675243569987,27.8458994,2026-04-03T06:05:28
4.330626,-19.632371,5.10676360381773,27.8446432,2026-04-03T06:06:28
4.575421,-19.619204,5.10677477143184,27.8433875,2026-04-03T06:07:28
4.82015,-19.605315,5.1067859385424,27.8421322,2026-04-03T06:08:28
5.06481,-19.590704,5.10679710514957,27.8408774,2026-04-03T06:09:28
5.309398,-19.575371,5.10680827125356,27.8396231,2026-04-03T06:10:28
5.553909,-19.559318,5.10681943685458,27.8383693,2026-04-03T06:11:28
5.798341,-19.542544,5.10683060195284,27.837116,2026-04-03T06:12:28
6.042691,-19.525049,5.10684176654857,27.8358634,2026-04-03T06:13:28
6.286954,-19.506836,5.106852930642,27.8346113,2026-04-03T06:14:28
6.531128,-19.487904,5.10686409423339,27.8333599,2026-04-03T06:15:28
6.775209,-19.468254,5.10687525732298,27.8321091,2026-04-03T06:16:28
7.019193,-19.447886,5.10688641991104,27.8308589,2026-04-03T06:17:28
7.263078,-19.426801,5.10689758199784,27.8296095,2026-04-03T06:18:28
7.50686,-19.405,5.10690874358367,27.8283608,2026-04-03T06:19:28
7.750536,-19.382483,5.10691990466883,27.8271129,2026-04-03T06:20:28
7.994102,-19.359252,5.10693106525361,27.8258657,2026-04-03T06:21:28
8.237555,-19.335307,5.10694222533834,27.8246193,2026-04-03T06:22:28
8.480891,-19.310648,5.10695338492332,27.8233737,2026-04-03T06:23:28
8.724109,-19.285277,5.10696454400891,27.822129,2026-04-03T06:24:28
8.967203,-19.259195,5.10697570259543,27.8208851,2026-04-03T06:25:28
9.210172,-19.232401,5.10698686068324,27.8196421,2026-04-03T06:26:28
9.453012,-19.204898,5.1069980182727,27.8184001,2026-04-03T06:27:28
9.695719,-19.176685,5.10700917536419,27.817159,2026-04-03T06:28:28
9.938291,-19.147764,5.10702033195808,27.8159188,2026-04-03T06:29:28
10.180724,-19.118136,5.10703148805476,27.8146796,2026-04-03T06:30:28
10.423015,-19.087802,5.10704264365464,27.8134414,2026-04-03T06:31:28
10.665161,-19.056762,5.10705379875812,27.8122043,2026-04-03T06:32:28
10.907159,-19.025018,5.10706495336562,27.8109682,2026-04-03T06:33:28
11.149006,-18.99257,5.10707610747758,27.8097332,2026-04-03T06:34:28
11.390699,-18.95942,5.10708726109443,27.8084993,2026-04-03T06:35:28
11.632235,-18.925569,5.10709841421661,27.8072666,2026-04-03T06:36:28
11.87361,-18.891017,5.10710956684459,27.8060349,2026-04-03T06:37:28
12.114822,-18.855767,5.10712071897883,27.8048045,2026-04-03T06:38:28
12.355868,-18.819818,5.10713187061981,27.8035753,2026-04-03T06:39:28
12.596744,-18.783172,5.10714302176802,27.8023473,2026-04-03T06:40:28
12.837449,-18.74583,5.10715417242395,27.8011205,2026-04-03T06:41:28
13.077978,-18.707794,5.1071653225881,27.799895,2026-04-03T06:42:28
13.31833,-18.669064,5.10717647226099,27.7986708,2026-04-03T06:43:28
13.558501,-18.629642,5.10718762144315,27.7974479,2026-04-03T06:44:28
13.798488,-18.589529,5.1071987701351,27.7962264,2026-04-03T06:45:28
14.038288,-18.548726,5.1072099183374,27.7950062,2026-04-03T06:46:28
14.2779,-18.507235,5.10722106605059,27.7937874,2026-04-03T06:47:28
14.517319,-18.465056,5.10723221327523,27.79257,2026-04-03T06:48:28
14.756543,-18.422191,5.1072433600119,27.7913541,2026-04-03T06:49:28
14.99557,-18.378642,5.10725450626118,27.7901396,2026-04-03T06:50:28
15.234397,-18.334409,5.10726565202366,27.7889266,2026-04-03T06:51:28
15.473021,-18.289494,5.10727679729993,27.7877152,2026-04-03T06:52:28
15.71144,-18.243898,5.10728794209061,27.7865052,2026-04-03T06:53:28
15.94965,-18.197623,5.10729908639632,27.7852968,2026-04-03T06:54:28
16.18765,-18.15067,5.10731023021767,27.78409,2026-04-03T06:55:28
16.425436,-18.103041,5.10732137355532,27.7828847,2026-04-03T06:56:28
16.663006,-18.054737,5.1073325164099,27.7816811,2026-04-03T06:57:28
16.900359,-18.005759,5.10734365878207,27.7804792,2026-04-03T06:58:28
17.13749,-17.956109,5.1073548006725,27.7792789,2026-04-03T06:59:28
17.374398,-17.905788,5.10736594208186,27.7780803,2026-04-03T07:00:28
17.61108,-17.854798,5.10737708301084,27.7768834,2026-04-03T07:01:28
17.847534,-17.803141,5.10738822346012,27.7756883,2026-04-03T07:02:28
18.083758,-17.750817,5.10739936343042,27.7744949,2026-04-03T07:03:28
18.319749,-17.697829,5.10741050292243,27.7733033,2026-04-03T07:04:28
18.555504,-17.644177,5.10742164193689,27.7721136,2026-04-03T07:05:28
18.791023,-17.589865,5.10743278047452,27.7709256,2026-04-03T07:06:28
19.026301,-17.534892,5.10744391853606,27.7697395,2026-04-03T07:07:28
19.261337,-17.479261,5.10745505612226,27.7685553,2026-04-03T07:08:28
19.49613,-17.422973,5.10746619323388,27.767373,2026-04-03T07:09:28
19.730676,-17.366031,5.10747732987167,27.7661926,2026-04-03T07:10:28
19.964973,-17.308435,5.10748846603644,27.7650141,2026-04-03T07:11:28
20.19902,-17.250187,5.10749960172894,27.7638377,2026-04-03T07:12:28
20.432814,-17.19129,5.10751073694998,27.7626632,2026-04-03T07:13:28
20.666353,-17.131743,5.10752187170037,27.7614907,2026-04-03T07:14:28
20.899636,-17.071551,5.10753300598091,27.7603203,2026-04-03T07:15:28
21.13266,-17.010713,5.10754413979243,27.7591519,2026-04-03T07:16:28
21.365423,-16.949232,5.10755527313575,27.7579856,2026-04-03T07:17:28
21.597923,-16.88711,5.10756640601172,27.7568214,2026-04-03T07:18:28
21.830159,-16.824348,5.10757753842118,27.7556593,2026-04-03T07:19:28
22.062128,-16.760947,5.107588670365,27.7544994,2026-04-03T07:20:28
22.293829,-16.696911,5.10759980184403,27.7533417,2026-04-03T07:21:28
22.525259,-16.63224,5.10761093285916,27.7521861,2026-04-03T07:22:28
22.756418,-16.566937,5.10762206341126,27.7510328,2026-04-03T07:23:28
22.987303,-16.501003,5.10763319350124,27.7498817,2026-04-03T07:24:28
23.217912,-16.43444,5.10764432312999,27.7487329,2026-04-03T07:25:28
23.448245,-16.367249,5.10765545229843,27.7475863,2026-04-03T07:26:28
23.678298,-16.299434,5.10766658100747,27.7464421,2026-04-03T07:27:28
23.908071,-16.230994,5.10767770925805,27.7453001,2026-04-03T07:28:28
24.137562,-16.161934,5.1076888370511,27.7441606,2026-04-03T07:29:28
24.366769,-16.092253,5.10769996438757,27.7430234,2026-04-03T07:30:28
24.595691,-16.021955,5.10771109126842,27.7418886,2026-04-03T07:31:28
24.824327,-15.951041,5.1077222176946,27.7407562,2026-04-03T07:32:28
25.052674,-15.879512,5.1077333436671,27.7396262,2026-04-03T07:33:28
25.280731,-15.807372,5.10774446918689,27.7384987,2026-04-03T07:34:28
25.508498,-15.734621,5.10775559425497,27.7373737,2026-04-03T07:35:28
25.735972,-15.661262,5.10776671887233,27.7362512,2026-04-03T07:36:28
25.963152,-15.587297,5.10777784303998,27.7351312,2026-04-03T07:37:28
26.190037,-15.512727,5.10778896675895,27.7340138,2026-04-03T07:38:28
26.416625,-15.437555,5.10780009003025,27.7328989,2026-04-03T07:39:28
26.642916,-15.361782,5.10781121285492,27.7317867,2026-04-03T07:40:28
26.868907,-15.285411,5.107822335234,27.730677,2026-04-03T07:41:28
27.094599,-15.208443,5.10783345716855,27.7295699,2026-04-03T07:42:28
27.319989,-15.130881,5.10784457865962,27.7284656,2026-04-03T07:43:28
27.545076,-15.052726,5.10785569970828,27.7273639,2026-04-03T07:44:28
27.76986,-14.973981,5.10786682031561,27.7262648,2026-04-03T07:45:28
27.994339,-14.894647,5.1078779404827,27.7251686,2026-04-03T07:46:28
28.218512,-14.814726,5.10788906021064,27.724075,2026-04-03T07:47:28
28.442378,-14.734222,5.10790017950052,27.7229842,2026-04-03T07:48:28
28.665937,-14.653134,5.10791129835348,27.7218962,2026-04-03T07:49:28
28.889186,-14.571466,5.10792241677061,27.720811,2026-04-03T07:50:28
29.112126,-14.48922,5.10793353475305,27.7197286,2026-04-03T07:51:28
29.334755,-14.406398,5.10794465230195,27.718649,2026-04-03T07:52:28
29.557073,-14.323001,5.10795576941843,27.7175724,2026-04-03T07:53:28
29.779078,-14.239032,5.10796688610366,27.7164986,2026-04-03T07:54:28
30.00077,-14.154493,5.1079780023588,27.7154277,2026-04-03T07:55:28
30.222148,-14.069385,5.10798911818501,27.7143597,2026-04-03T07:56:28
30.443211,-13.983712,5.10800023358347,27.7132947,2026-04-03T07:57:28
30.663958,-13.897475,5.10801134855538,27.7122326,2026-04-03T07:58:28
30.88439,-13.810676,5.10802246310193,27.7111736,2026-04-03T07:59:28
31.104504,-13.723317,5.10803357722431,27.7101175,2026-04-03T08:00:28
31.324301,-13.635401,5.10804469092374,27.7090645,2026-04-03T08:01:28
31.543779,-13.546929,5.10805580420144,27.7080146,2026-04-03T08:02:28
31.762939,-13.457903,5.10806691705864,27.7069677,2026-04-03T08:03:28
31.981779,-13.368326,5.10807802949656,27.7059238,2026-04-03T08:04:28
32.200299,-13.2782,5.10808914151647,27.7048832,2026-04-03T08:05:28
32.418499,-13.187527,5.1081002531196,27.7038456,2026-04-03T08:06:28
32.636379,-13.096309,5.10811136430722,27.7028112,2026-04-03T08:07:28
32.853936,-13.004548,5.10812247508059,27.7017799,2026-04-03T08:08:28
33.071172,-12.912246,5.10813358544099,27.7007519,2026-04-03T08:09:28
33.288086,-12.819405,5.10814469538971,27.699727,2026-04-03T08:10:28
33.504677,-12.726028,5.10815580492803,27.6987054,2026-04-03T08:11:28
33.720946,-12.632117,5.10816691405727,27.6976871,2026-04-03T08:12:28
33.936891,-12.537673,5.10817802277871,27.696672,2026-04-03T08:13:28
34.152513,-12.4427,5.10818913109368,27.6956602,2026-04-03T08:14:28
34.367811,-12.347198,5.10820023900351,27.6946517,2026-04-03T08:15:28
34.582785,-12.25117,5.10821134650952,27.6936465,2026-04-03T08:16:28
34.797435,-12.154619,5.10822245361306,27.6926447,2026-04-03T08:17:28
35.01176,-12.057547,5.10823356031546,27.6916463,2026-04-03T08:18:28
35.225761,-11.959955,5.10824466661809,27.6906512,2026-04-03T08:19:28
35.439437,-11.861845,5.1082557725223,27.6896596,2026-04-03T08:20:28
35.652789,-11.763221,5.10826687802948,27.6886713,2026-04-03T08:21:28
35.865816,-11.664083,5.10827798314098,27.6876866,2026-04-03T08:22:28
36.078517,-11.564435,5.10828908785821,27.6867052,2026-04-03T08:23:28
36.290894,-11.464278,5.10830019218255,27.6857274,2026-04-03T08:24:28
36.502946,-11.363615,5.10831129611541,27.6847531,2026-04-03T08:25:28
36.714674,-11.262447,5.10832239965819,27.6837823,2026-04-03T08:26:28
36.926076,-11.160778,5.1083335028123,27.682815,2026-04-03T08:27:28
37.137153,-11.058608,5.10834460557918,27.6818513,2026-04-03T08:28:28
37.347906,-10.95594,5.10835570796025,27.6808911,2026-04-03T08:29:28
37.558334,-10.852777,5.10836680995695,27.6799346,2026-04-03T08:30:28
37.768438,-10.74912,5.10837791157072,27.6789817,2026-04-03T08:31:28
37.978218,-10.644971,5.10838901280303,27.6780324,2026-04-03T08:32:28
38.187674,-10.540334,5.10840011365532,27.6770867,2026-04-03T08:33:28
38.396805,-10.435209,5.10841121412908,27.6761447,2026-04-03T08:34:28
38.605614,-10.329599,5.10842231422577,27.6752065,2026-04-03T08:35:28
38.814099,-10.223507,5.10843341394687,27.6742719,2026-04-03T08:36:28
39.02226,-10.116934,5.10844451329387,27.673341,2026-04-03T08:37:28
39.2301,-10.009882,5.10845561226828,27.6724139,2026-04-03T08:38:28
39.437616,-9.902354,5.1084667108716,27.6714905,2026-04-03T08:39:28
39.644811,-9.794352,5.10847780910534,27.6705709,2026-04-03T08:40:28
39.851684,-9.685878,5.10848890697101,27.6696552,2026-04-03T08:41:28
40.058236,-9.576934,5.10850000447014,27.6687432,2026-04-03T08:42:28
40.264467,-9.467522,5.10851110160427,27.667835,2026-04-03T08:43:28
40.470378,-9.357644,5.10852219837493,27.6669307,2026-04-03T08:44:28
40.675969,-9.247303,5.10853329478368,27.6660303,2026-04-03T08:45:28
40.88124,-9.136501,5.10854439083206,27.6651338,2026-04-03T08:46:28
41.086192,-9.025239,5.10855548652164,27.6642411,2026-04-03T08:47:28
41.290826,-8.913521,5.10856658185399,27.6633524,2026-04-03T08:48:28
41.495143,-8.801347,5.10857767683067,27.6624676,2026-04-03T08:49:28
41.699142,-8.688721,5.10858877145328,27.6615868,2026-04-03T08:50:28
41.902824,-8.575644,5.1085998657234,27.6607099,2026-04-03T08:51:28
42.10619,-8.462119,5.10861095964262,27.659837,2026-04-03T08:52:28
42.309241,-8.348147,5.10862205321255,27.6589681,2026-04-03T08:53:28
42.511977,-8.233731,5.1086331464348,27.6581033,2026-04-03T08:54:28
42.714399,-8.118872,5.10864423931097,27.6572424,2026-04-03T08:55:28
42.916507,-8.003574,5.10865533184271,27.6563857,2026-04-03T08:56:28
43.118303,-7.887838,5.10866642403163,27.655533,2026-04-03T08:57:28
43.319787,-7.771665,5.10867751587937,27.6546844,2026-04-03T08:58:28
43.52096,-7.655059,5.10868860738757,27.6538399,2026-04-03T08:59:28
43.721822,-7.538022,5.10869969855788,27.6529995,2026-04-03T09:00:28
43.922374,-7.420555,5.10871078939196,27.6521632,2026-04-03T09:01:28
44.122618,-7.302661,5.10872187989147,27.6513311,2026-04-03T09:02:28
44.322554,-7.184341,5.10873297005808,27.6505032,2026-04-03T09:03:28
44.522182,-7.065598,5.10874405989345,27.6496794,2026-04-03T09:04:28
44.721505,-6.946434,5.10875514939929,27.6488599,2026-04-03T09:05:28
44.920522,-6.826851,5.10876623857726,27.6480445,2026-04-03T09:06:28
45.119234,-6.706851,5.10877732742907,27.6472334,2026-04-03T09:07:28
45.317642,-6.586436,5.10878841595642,27.6464266,2026-04-03T09:08:28
45.515749,-6.465608,5.108799504161,27.645624,2026-04-03T09:09:28
45.713553,-6.344369,5.10881059204455,27.6448257,2026-04-03T09:10:28
45.911056,-6.222722,5.10882167960877,27.6440317,2026-04-03T09:11:28
46.10826,-6.100669,5.10883276685539,27.643242,2026-04-03T09:12:28
46.305165,-5.97821,5.10884385378615,27.6424566,2026-04-03T09:13:28
46.501772,-5.85535,5.10885494040277,27.6416755,2026-04-03T09:14:28
46.698083,-5.732088,5.10886602670701,27.6408988,2026-04-03T09:15:28
46.894098,-5.608429,5.10887711270062,27.6401265,2026-04-03T09:16:28
47.089818,-5.484373,5.10888819838534,27.6393586,2026-04-03T09:17:28
47.285244,-5.359923,5.10889928376295,27.6385951,2026-04-03T09:18:28
47.480379,-5.235081,5.1089103688352,27.6378359,2026-04-03T09:19:28
47.675222,-5.109848,5.10892145360389,27.6370813,2026-04-03T09:20:28
47.869775,-4.984227,5.10893253807077,27.636331,2026-04-03T09:21:28
48.064038,-4.85822,5.10894362223765,27.6355852,2026-04-03T09:22:28
48.258014,-4.731829,5.1089547061063,27.6348439,2026-04-03T09:23:28
48.451704,-4.605056,5.10896578967854,27.6341071,2026-04-03T09:24:28
48.645107,-4.477903,5.10897687295615,27.6333748,2026-04-03T09:25:28
48.838227,-4.350371,5.10898795594096,27.632647,2026-04-03T09:26:28
49.031063,-4.222464,5.10899903863477,27.6319237,2026-04-03T09:27:28
49.223618,-4.094182,5.1090101210394,27.631205,2026-04-03T09:28:28
49.415892,-3.965528,5.10902120315669,27.6304909,2026-04-03T09:29:28
49.607886,-3.836504,5.10903228498845,27.6297813,2026-04-03T09:30:28
49.799603,-3.707112,5.10904336653654,27.6290763,2026-04-03T09:31:28
49.991043,-3.577354,5.10905444780279,27.6283759,2026-04-03T09:32:28
50.182207,-3.447232,5.10906552878904,27.6276801,2026-04-03T09:33:28
50.373097,-3.316747,5.10907660949716,27.6269889,2026-04-03T09:34:28
50.563715,-3.185902,5.109087689929,27.6263024,2026-04-03T09:35:28
50.754061,-3.054699,5.10909877008642,27.6256205,2026-04-03T09:36:28
50.944137,-2.92314,5.10910984997129,27.6249433,2026-04-03T09:37:28
51.133944,-2.791226,5.1091209295855,27.6242708,2026-04-03T09:38:28
51.323484,-2.65896,5.10913200893092,27.623603,2026-04-03T09:39:28
51.512758,-2.526343,5.10914308800943,27.6229399,2026-04-03T09:40:28
51.701768,-2.393378,5.10915416682292,27.6222815,2026-04-03T09:41:28
51.890514,-2.260066,5.10916524537329,27.6216278,2026-04-03T09:42:28
52.078999,-2.126409,5.10917632366245,27.6209789,2026-04-03T09:43:28
52.267224,-1.99241,5.10918740169229,27.6203347,2026-04-03T09:44:28
52.45519,-1.85807,5.10919847946473,27.6196953,2026-04-03T09:45:28
52.642898,-1.723391,5.10920955698168,27.6190607,2026-04-03T09:46:28
52.830351,-1.588375,5.10922063424507,27.6184309,2026-04-03T09:47:28
53.01755,-1.453023,5.10923171125681,27.6178059,2026-04-03T09:48:28
53.204495,-1.317339,5.10924278801885,27.6171857,2026-04-03T09:49:28
53.39119,-1.181323,5.10925386453311,27.6165704,2026-04-03T09:50:28
53.577635,-1.044978,5.10926494080154,27.6159599,2026-04-03T09:51:28
53.763831,-0.908305,5.10927601682608,27.6153542,2026-04-03T09:52:28
53.949782,-0.771306,5.10928709260869,27.6147534,2026-04-03T09:53:28
54.135487,-0.633984,5.10929816815131,27.6141575,2026-04-03T09:54:28
54.320948,-0.49634,5.1093092434559,27.6135665,2026-04-03T09:55:28
54.506168,-0.358375,5.10932031852444,27.6129804,2026-04-03T09:56:28
54.691147,-0.220092,5.10933139335888,27.6123992,2026-04-03T09:57:28
54.875888,-0.081493,5.1093424679612,27.6118229,2026-04-03T09:58:28
55.060392,0.05742,5.10935354233338,27.6112516,2026-04-03T09:59:28
55.244661,0.196646,5.10936461647741,27.6106852,2026-04-03T10:00:28
55.428695,0.336184,5.10937569039526,27.6101237,2026-04-03T10:01:28
55.612498,0.47603,5.10938676408893,27.6095673,2026-04-03T10:02:28
55.79607,0.616183,5.10939783756041,27.6090158,2026-04-03T10:03:28
55.979414,0.756642,5.10940891081171,27.6084693,2026-04-03T10:04:28
56.16253,0.897404,5.10941998384482,27.6079278,2026-04-03T10:05:28
56.345422,1.038468,5.10943105666176,27.6073913,2026-04-03T10:06:28
56.528089,1.179832,5.10944212926454,27.6068599,2026-04-03T10:07:28
56.710535,1.321494,5.10945320165518,27.6063335,2026-04-03T10:08:28
56.89276,1.463453,5.10946427383569,27.6058121,2026-04-03T10:09:28
57.074767,1.605706,5.1094753458081,27.6052958,2026-04-03T10:10:28
57.256558,1.748251,5.10948641757444,27.6047845,2026-04-03T10:11:28
57.438133,1.891088,5.10949748913675,27.6042783,2026-04-03T10:12:28
57.619495,2.034214,5.10950856049705,27.6037772,2026-04-03T10:13:28
57.800646,2.177627,5.1095196316574,27.6032812,2026-04-03T10:14:28
57.981588,2.321326,5.10953070261983,27.6027903,2026-04-03T10:15:28
58.162321,2.465309,5.1095417733864,27.6023045,2026-04-03T10:16:28
58.342849,2.609574,5.10955284395916,27.6018239,2026-04-03T10:17:28
58.523172,2.75412,5.10956391434015,27.6013483,2026-04-03T10:18:28
58.703293,2.898944,5.10957498453146,27.6008779,2026-04-03T10:19:28
58.883214,3.044045,5.10958605453513,27.6004127,2026-04-03T10:20:28
59.062936,3.189421,5.10959712435324,27.5999526,2026-04-03T10:21:28
59.242461,3.335071,5.10960819398785,27.5994977,2026-04-03T10:22:28
59.421792,3.480992,5.10961926344104,27.599048,2026-04-03T10:23:28
59.600929,3.627184,5.1096303327149,27.5986034,2026-04-03T10:24:28
59.779876,3.773643,5.1096414018115,27.5981641,2026-04-03T10:25:28
59.958633,3.920369,5.10965247073292,27.5977299,2026-04-03T10:26:28
60.137202,4.06736,5.10966353948126,27.597301,2026-04-03T10:27:28
60.315587,4.214615,5.10967460805861,27.5968772,2026-04-03T10:28:28
60.493787,4.36213,5.10968567646707,27.5964588,2026-04-03T10:29:28
60.671807,4.509906,5.10969674470872,27.5960455,2026-04-03T10:30:28
60.849646,4.657939,5.10970781278568,27.5956375,2026-04-03T10:31:28
61.027308,4.806229,5.10971888070005,27.5952347,2026-04-03T10:32:28
61.204795,4.954774,5.10972994845394,27.5948372,2026-04-03T10:33:28
61.382107,5.103571,5.10974101604947,27.594445,2026-04-03T10:34:28
61.559248,5.25262,5.10975208348873,27.5940581,2026-04-03T10:35:28
61.736219,5.401919,5.10976315077386,27.5936764,2026-04-03T10:36:28
61.913022,5.551465,5.10977421790698,27.5933,2026-04-03T10:37:28
62.08966,5.701258,5.1097852848902,27.592929,2026-04-03T10:38:28
62.266134,5.851296,5.10979635172566,27.5925632,2026-04-03T10:39:28
62.442446,6.001577,5.10980741841549,27.5922028,2026-04-03T10:40:28
62.618598,6.152099,5.10981848496181,27.5918476,2026-04-03T10:41:28
62.794593,6.302861,5.10982955136677,27.5914978,2026-04-03T10:42:28
62.970433,6.453861,5.1098406176325,27.5911534,2026-04-03T10:43:28
63.146118,6.605098,5.10985168376114,27.5908142,2026-04-03T10:44:28
63.321653,6.756569,5.10986274975484,27.5904805,2026-04-03T10:45:28
63.497038,6.908274,5.10987381561574,27.590152,2026-04-03T10:46:28
63.672276,7.060211,5.109884881346,27.589829,2026-04-03T10:47:28
63.847368,7.212377,5.10989594694776,27.5895113,2026-04-03T10:48:28
64.022318,7.364772,5.10990701242318,27.589199,2026-04-03T10:49:28
64.197127,7.517394,5.10991807777441,27.588892,2026-04-03T10:50:28
64.371796,7.670241,5.10992914300362,27.5885905,2026-04-03T10:51:28
64.54633,7.823311,5.10994020811297,27.5882943,2026-04-03T10:52:28
64.720728,7.976604,5.10995127310461,27.5880036,2026-04-03T10:53:28
64.894995,8.130117,5.10996233798073,27.5877182,2026-04-03T10:54:28
65.069131,8.283849,5.10997340274348,27.5874383,2026-04-03T10:55:28
65.243139,8.437798,5.10998446739503,27.5871637,2026-04-03T10:56:28
65.417021,8.591963,5.10999553193757,27.5868946,2026-04-03T10:57:28
65.59078,8.746342,5.11000659637326,27.586631,2026-04-03T10:58:28
65.764417,8.900934,5.11001766070428,27.5863727,2026-04-03T10:59:28
65.937935,9.055736,5.11002872493282,27.5861199,2026-04-03T11:00:28
66.111336,9.210748,5.11003978906105,27.5858725,2026-04-03T11:01:28
66.284622,9.365968,5.11005085309116,27.5856306,2026-04-03T11:02:28
66.457795,9.521394,5.11006191702532,27.5853941,2026-04-03T11:03:28
66.630859,9.677025,5.11007298086574,27.5851631,2026-04-03T11:04:28
66.803814,9.832859,5.1100840446146,27.5849376,2026-04-03T11:05:28
66.976663,9.988895,5.11009510827409,27.5847175,2026-04-03T11:06:28
67.149409,10.145131,5.1101061718464,27.5845028,2026-04-03T11:07:28
67.322054,10.301566,5.11011723533374,27.5842937,2026-04-03T11:08:28
67.4946,10.458197,5.11012829873828,27.58409,2026-04-03T11:09:28
67.66705,10.615024,5.11013936206224,27.5838918,2026-04-03T11:10:28
67.839405,10.772045,5.11015042530782,27.5836992,2026-04-03T11:11:28
68.011668,10.929259,5.11016148847721,27.5835119,2026-04-03T11:12:28
68.183842,11.086663,5.11017255157261,27.5833302,2026-04-03T11:13:28
68.355928,11.244257,5.11018361459624,27.583154,2026-04-03T11:14:28
68.527929,11.402039,5.11019467755029,27.5829833,2026-04-03T11:15:28
68.699848,11.560007,5.11020574043698,27.5828181,2026-04-03T11:16:28
68.871687,11.71816,5.11021680325852,27.5826584,2026-04-03T11:17:28
69.043448,11.876496,5.11022786601711,27.5825042,2026-04-03T11:18:28
69.215134,12.035015,5.11023892871496,27.5823555,2026-04-03T11:19:28
69.386747,12.193713,5.11024999135429,27.5822124,2026-04-03T11:20:28
69.558289,12.352591,5.11026105393731,27.5820748,2026-04-03T11:21:28
69.729764,12.511646,5.11027211646624,27.5819426,2026-04-03T11:22:28
69.901172,12.670876,5.11028317894329,27.5818161,2026-04-03T11:23:28
70.072518,12.830281,5.11029424137068,27.581695,2026-04-03T11:24:28
70.243803,12.989859,5.11030530375063,27.5815795,2026-04-03T11:25:28
70.41503,13.149609,5.11031636608535,27.5814695,2026-04-03T11:26:28
70.586201,13.309528,5.11032742837707,27.5813651,2026-04-03T11:27:28
70.757318,13.469616,5.11033849062801,27.5812661,2026-04-03T11:28:28
70.928385,13.629871,5.11034955284039,27.5811728,2026-04-03T11:29:28
71.099404,13.790291,5.11036061501644,27.5810849,2026-04-03T11:30:28
71.270377,13.950875,5.11037167715836,27.5810027,2026-04-03T11:31:28
71.441308,14.111622,5.1103827392684,27.5809259,2026-04-03T11:32:28
71.612197,14.27253,5.11039380134878,27.5808547,2026-04-03T11:33:28
71.783049,14.433598,5.11040486340171,27.5807891,2026-04-03T11:34:28
71.953865,14.594823,5.11041592542943,27.580729,2026-04-03T11:35:28
72.124649,14.756206,5.11042698743417,27.5806745,2026-04-03T11:36:28
72.295402,14.917743,5.11043804941814,27.5806255,2026-04-03T11:37:28
72.466128,15.079435,5.11044911138359,27.5805821,2026-04-03T11:38:28
72.636829,15.241278,5.11046017333273,27.5805442,2026-04-03T11:39:28
72.807507,15.403273,5.1104712352678,27.5805119,2026-04-03T11:40:28
72.978166,15.565417,5.11048229719103,27.5804851,2026-04-03T11:41:28
73.148809,15.727708,5.11049335910463,27.5804639,2026-04-03T11:42:28
73.319437,15.890146,5.11050442101086,27.5804483,2026-04-03T11:43:28
73.490053,16.05273,5.11051548291192,27.5804382,2026-04-03T11:44:28
73.66066,16.215457,5.11052654481006,27.5804337,2026-04-03T11:45:28
73.831262,16.378325,5.11053760670751,27.5804348,2026-04-03T11:46:28
74.00186,16.541335,5.11054866860648,27.5804414,2026-04-03T11:47:28
74.172457,16.704484,5.11055973050922,27.5804535,2026-04-03T11:48:28
74.343057,16.867771,5.11057079241796,27.5804713,2026-04-03T11:49:28
74.513662,17.031193,5.11058185433492,27.5804945,2026-04-03T11:50:28
74.684274,17.194751,5.11059291626234,27.5805234,2026-04-03T11:51:28
74.854897,17.358443,5.11060397820244,27.5805578,2026-04-03T11:52:28
75.025533,17.522266,5.11061504015746,27.5805978,2026-04-03T11:53:28
75.196186,17.68622,5.11062610212962,27.5806433,2026-04-03T11:54:28
75.366858,17.850303,5.11063716412115,27.5806944,2026-04-03T11:55:28
75.537551,18.014513,5.1106482261343,27.580751,2026-04-03T11:56:28
75.70827,18.17885,5.11065928817127,27.5808132,2026-04-03T11:57:28
75.879016,18.343312,5.1106703502343,27.580881,2026-04-03T11:58:28
76.049793,18.507897,5.11068141232562,27.5809543,2026-04-03T11:59:28
76.220603,18.672604,5.11069247444746,27.5810331,2026-04-03T12:00:28
76.39145,18.837432,5.11070353660205,27.5811176,2026-04-03T12:01:28
76.562337,19.002378,5.11071459879161,27.5812075,2026-04-03T12:02:28
76.733266,19.167442,5.11072566101836,27.581303,2026-04-03T12:03:28
76.904241,19.332623,5.11073672328453,27.5814041,2026-04-03T12:04:28
77.075264,19.497918,5.11074778559235,27.5815107,2026-04-03T12:05:28
77.246339,19.663326,5.11075884794405,27.5816229,2026-04-03T12:06:28
77.417468,19.828846,5.11076991034183,27.5817406,2026-04-03T12:07:28
77.588655,19.994477,5.11078097278794,27.5818638,2026-04-03T12:08:28
77.759903,20.160216,5.11079203528458,27.5819926,2026-04-03T12:09:28
77.931214,20.326063,5.11080309783398,27.5821269,2026-04-03T12:10:28
78.102593,20.492017,5.11081416043836,27.5822667,2026-04-03T12:11:28
78.274041,20.658074,5.11082522309994,27.5824121,2026-04-03T12:12:28
78.445564,20.824235,5.11083628582094,27.582563,2026-04-03T12:13:28
78.617162,20.990498,5.11084734860357,27.5827195,2026-04-03T12:14:28
78.78884,21.156861,5.11085841145005,27.5828814,2026-04-03T12:15:28
78.960601,21.323323,5.11086947436259,27.5830489,2026-04-03T12:16:28
79.132448,21.489883,5.11088053734341,27.5832219,2026-04-03T12:17:28
79.304385,21.656538,5.11089160039471,27.5834004,2026-04-03T12:18:28
79.476414,21.823288,5.11090266351872,27.5835844,2026-04-03T12:19:28
79.648539,21.990131,5.11091372671763,27.5837739,2026-04-03T12:20:28
79.820764,22.157065,5.11092478999367,27.583969,2026-04-03T12:21:28
79.993091,22.32409,5.11093585334903,27.5841695,2026-04-03T12:22:28
80.165524,22.491203,5.11094691678592,27.5843755,2026-04-03T12:23:28
80.338066,22.658404,5.11095798030655,27.584587,2026-04-03T12:24:28
80.510721,22.82569,5.11096904391311,27.584804,2026-04-03T12:25:28
80.683492,22.993061,5.11098010760781,27.5850265,2026-04-03T12:26:28
80.856383,23.160515,5.11099117139285,27.5852545,2026-04-03T12:27:28
81.029397,23.32805,5.11100223527042,27.585488,2026-04-03T12:28:28
81.202537,23.495664,5.11101329924272,27.5857269,2026-04-03T12:29:28
81.375808,23.663358,5.11102436331195,27.5859713,2026-04-03T12:30:28
81.549212,23.831128,5.1110354274803,27.5862212,2026-04-03T12:31:28
81.722753,23.998974,5.11104649174996,27.5864765,2026-04-03T12:32:28
81.896435,24.166894,5.11105755612311,27.5867373,2026-04-03T12:33:28
82.070261,24.334886,5.11106862060195,27.5870035,2026-04-03T12:34:28
82.244236,24.502949,5.11107968518865,27.5872752,2026-04-03T12:35:28
82.418362,24.671082,5.11109074988542,27.5875523,2026-04-03T12:36:28
82.592643,24.839283,5.11110181469441,27.5878348,2026-04-03T12:37:28
82.767083,25.007551,5.11111287961782,27.5881228,2026-04-03T12:38:28
82.941686,25.175883,5.11112394465782,27.5884162,2026-04-03T12:39:28
83.116456,25.344279,5.11113500981658,27.588715,2026-04-03T12:40:28
83.291396,25.512738,5.11114607509628,27.5890193,2026-04-03T12:41:28
83.46651,25.681256,5.11115714049908,27.5893289,2026-04-03T12:42:28
83.641802,25.849834,5.11116820602717,27.589644,2026-04-03T12:43:28
83.817275,26.01847,5.1111792716827,27.5899644,2026-04-03T12:44:28
83.992935,26.187161,5.11119033746784,27.5902902,2026-04-03T12:45:28
84.168784,26.355907,5.11120140338474,27.5906215,2026-04-03T12:46:28
84.344826,26.524705,5.11121246943557,27.5909581,2026-04-03T12:47:28
84.521066,26.693555,5.11122353562248,27.5913001,2026-04-03T12:48:28
84.697508,26.862455,5.11123460194763,27.5916474,2026-04-03T12:49:28
84.874155,27.031404,5.11124566841317,27.5920001,2026-04-03T12:50:28
85.051012,27.200399,5.11125673502123,27.5923582,2026-04-03T12:51:28
85.228083,27.369439,5.11126780177398,27.5927216,2026-04-03T12:52:28
85.405371,27.538523,5.11127886867355,27.5930903,2026-04-03T12:53:28
85.582882,27.707649,5.11128993572209,27.5934644,2026-04-03T12:54:28
85.760618,27.876815,5.11130100292173,27.5938438,2026-04-03T12:55:28
85.938585,28.046021,5.11131207027461,27.5942285,2026-04-03T12:56:28
86.116787,28.215264,5.11132313778285,27.5946185,2026-04-03T12:57:28
86.295228,28.384542,5.11133420544859,27.5950139,2026-04-03T12:58:28
86.473912,28.553855,5.11134527327395,27.5954145,2026-04-03T12:59:28
86.652843,28.7232,5.11135634126106,27.5958204,2026-04-03T13:00:28
86.832027,28.892576,5.11136740941204,27.5962316,2026-04-03T13:01:28
87.011467,29.061982,5.11137847772899,27.5966481,2026-04-03T13:02:28
87.191167,29.231415,5.11138954621405,27.5970699,2026-04-03T13:03:28
87.371134,29.400875,5.11140061486932,27.5974969,2026-04-03T13:04:28
87.55137,29.570358,5.1114116836969,27.5979291,2026-04-03T13:05:28
87.73188,29.739865,5.1114227526989,27.5983666,2026-04-03T13:06:28
87.91267,29.909393,5.11143382187742,27.5988094,2026-04-03T13:07:28
88.093743,30.07894,5.11144489123456,27.5992573,2026-04-03T13:08:28
88.275104,30.248506,5.11145596077242,27.5997105,2026-04-03T13:09:28
88.456759,30.418087,5.11146703049308,27.6001689,2026-04-03T13:10:28
88.638711,30.587683,5.11147810039863,27.6006325,2026-04-03T13:11:28
88.820966,30.757292,5.11148917049116,27.6011013,2026-04-03T13:12:28
89.003528,30.926911,5.11150024077276,27.6015752,2026-04-03T13:13:28
89.186402,31.096541,5.11151131124548,27.6020544,2026-04-03T13:14:28
89.369594,31.266178,5.11152238191142,27.6025387,2026-04-03T13:15:28
89.553108,31.43582,5.11153345277263,27.6030281,2026-04-03T13:16:28
89.736949,31.605468,5.1115445238312,27.6035228,2026-04-03T13:17:28
89.921121,31.775117,5.11155559508917,27.6040225,2026-04-03T13:18:28
90.105631,31.944768,5.11156666654861,27.6045274,2026-04-03T13:19:28
90.290484,32.114417,5.11157773821157,27.6050374,2026-04-03T13:20:28
90.475683,32.284064,5.11158881008011,27.6055525,2026-04-03T13:21:28
90.661236,32.453706,5.11159988215627,27.6060727,2026-04-03T13:22:28
90.847146,32.623342,5.1116109544421,27.606598,2026-04-03T13:23:28
91.033419,32.792969,5.11162202693963,27.6071284,2026-04-03T13:24:28
91.220061,32.962587,5.11163309965091,27.6076638,2026-04-03T13:25:28
91.407077,33.132193,5.11164417257796,27.6082044,2026-04-03T13:26:28
91.594472,33.301785,5.11165524572281,27.6087499,2026-04-03T13:27:28
91.782252,33.471362,5.11166631908749,27.6093005,2026-04-03T13:28:28
91.970422,33.640921,5.11167739267401,27.6098562,2026-04-03T13:29:28
92.158988,33.810462,5.1116884664844,27.6104168,2026-04-03T13:30:28
92.347955,33.979981,5.11169954052066,27.6109825,2026-04-03T13:31:28
92.537329,34.149477,5.11171061478479,27.6115532,2026-04-03T13:32:28
92.727117,34.318949,5.11172168927881,27.6121288,2026-04-03T13:33:28
92.917323,34.488393,5.11173276400471,27.6127095,2026-04-03T13:34:28
93.107953,34.657809,5.11174383896449,27.6132951,2026-04-03T13:35:28
93.299014,34.827195,5.11175491416013,27.6138856,2026-04-03T13:36:28
93.490511,34.996547,5.11176598959362,27.6144811,2026-04-03T13:37:28
93.68245,35.165866,5.11177706526694,27.6150815,2026-04-03T13:38:28
93.874838,35.335147,5.11178814118207,27.6156869,2026-04-03T13:39:28
94.067679,35.50439,5.11179921734098,27.6162972,2026-04-03T13:40:28
94.260982,35.673593,5.11181029374564,27.6169123,2026-04-03T13:41:28
94.45475,35.842753,5.111821370398,27.6175324,2026-04-03T13:42:28
94.648992,36.011868,5.11183244730003,27.6181573,2026-04-03T13:43:28
94.843713,36.180937,5.11184352445369,27.6187871,2026-04-03T13:44:28
95.03892,36.349957,5.11185460186091,27.6194217,2026-04-03T13:45:28
95.234619,36.518926,5.11186567952364,27.6200612,2026-04-03T13:46:28
95.430816,36.687842,5.11187675744383,27.6207055,2026-04-03T13:47:28
95.627518,36.856703,5.1118878356234,27.6213547,2026-04-03T13:48:28
95.824732,37.025507,5.11189891406429,27.6220086,2026-04-03T13:49:28
96.022464,37.194252,5.11190999276841,27.6226673,2026-04-03T13:50:28
96.220721,37.362935,5.1119210717377,27.6233308,2026-04-03T13:51:28
96.419511,37.531554,5.11193215097406,27.6239991,2026-04-03T13:52:28
96.618839,37.700108,5.1119432304794,27.6246721,2026-04-03T13:53:28
96.818712,37.868593,5.11195431025563,27.6253499,2026-04-03T13:54:28
97.019138,38.037008,5.11196539030465,27.6260324,2026-04-03T13:55:28
97.220124,38.205351,5.11197647062835,27.6267196,2026-04-03T13:56:28
97.421677,38.373618,5.11198755122861,27.6274115,2026-04-03T13:57:28
97.623803,38.541809,5.11199863210734,27.6281081,2026-04-03T13:58:28
97.826511,38.709919,5.11200971326639,27.6288094,2026-04-03T13:59:28
98.029808,38.877948,5.11202079470765,27.6295154,2026-04-03T14:00:28
98.2337,39.045893,5.11203187643298,27.630226,2026-04-03T14:01:28
98.438196,39.213751,5.11204295844425,27.6309412,2026-04-03T14:02:28
98.643303,39.38152,5.11205404074331,27.6316611,2026-04-03T14:03:28
98.849028,39.549198,5.11206512333201,27.6323855,2026-04-03T14:04:28
99.055379,39.716782,5.11207620621221,27.6331146,2026-04-03T14:05:28
99.262365,39.884269,5.11208728938573,27.6338482,2026-04-03T14:06:28
99.469992,40.051658,5.11209837285443,27.6345865,2026-04-03T14:07:28
99.678269,40.218946,5.11210945662012,27.6353292,2026-04-03T14:08:28
99.887204,40.386129,5.11212054068463,27.6360766,2026-04-03T14:09:28
100.096805,40.553206,5.11213162504979,27.6368284,2026-04-03T14:10:28
100.307079,40.720175,5.11214270971739,27.6375848,2026-04-03T14:11:28
100.518036,40.887031,5.11215379468925,27.6383456,2026-04-03T14:12:28
100.729683,41.053774,5.11216487996718,27.6391109,2026-04-03T14:13:28
100.942028,41.220399,5.11217596555296,27.6398807,2026-04-03T14:14:28
101.155081,41.386905,5.11218705144839,27.640655,2026-04-03T14:15:28
101.36885,41.553289,5.11219813765525,27.6414337,2026-04-03T14:16:28
101.583343,41.719548,5.11220922417531,27.6422168,2026-04-03T14:17:28
101.798569,41.885679,5.11222031101036,27.6430044,2026-04-03T14:18:28
102.014536,42.051679,5.11223139816215,27.6437963,2026-04-03T14:19:28
102.231255,42.217546,5.11224248563246,27.6445926,2026-04-03T14:20:28
102.448733,42.383277,5.11225357342302,27.6453933,2026-04-03T14:21:28
102.66698,42.548869,5.11226466153559,27.6461984,2026-04-03T14:22:28
102.886005,42.714319,5.11227574997192,27.6470077,2026-04-03T14:23:28
103.105816,42.879624,5.11228683873373,27.6478214,2026-04-03T14:24:28
103.326425,43.044781,5.11229792782277,27.6486394,2026-04-03T14:25:28
103.547838,43.209787,5.11230901724074,27.6494617,2026-04-03T14:26:28
103.770067,43.37464,5.11232010698937,27.6502883,2026-04-03T14:27:28
103.993121,43.539335,5.11233119707037,27.6511191,2026-04-03T14:28:28
104.217009,43.703871,5.11234228748545,27.6519542,2026-04-03T14:29:28
104.441742,43.868243,5.11235337823631,27.6527935,2026-04-03T14:30:28
104.667328,44.032449,5.11236446932462,27.653637,2026-04-03T14:31:28
104.893779,44.196486,5.1123755607521,27.6544847,2026-04-03T14:32:28
105.121103,44.36035,5.1123866525204,27.6553365,2026-04-03T14:33:28
105.349312,44.524038,5.11239774463121,27.6561926,2026-04-03T14:34:28
105.578415,44.687547,5.11240883708619,27.6570528,2026-04-03T14:35:28
105.808423,44.850873,5.11241992988701,27.6579171,2026-04-03T14:36:28
106.039346,45.014013,5.11243102303531,27.6587855,2026-04-03T14:37:28
106.271195,45.176965,5.11244211653274,27.6596581,2026-04-03T14:38:28
106.50398,45.339723,5.11245321038095,27.6605347,2026-04-03T14:39:28
106.737713,45.502285,5.11246430458157,27.6614154,2026-04-03T14:40:28
106.972403,45.664647,5.11247539913622,27.6623001,2026-04-03T14:41:28
107.208062,45.826806,5.11248649404653,27.6631889,2026-04-03T14:42:28
107.444701,45.988759,5.1124975893141,27.6640816,2026-04-03T14:43:28
107.682331,46.1505,5.11250868494055,27.6649784,2026-04-03T14:44:28
107.920963,46.312028,5.11251978092748,27.6658792,2026-04-03T14:45:28
108.160609,46.473338,5.11253087727647,27.6667839,2026-04-03T14:46:28
108.40128,46.634426,5.11254197398913,27.6676926,2026-04-03T14:47:28
108.642987,46.795288,5.11255307106702,27.6686052,2026-04-03T14:48:28
108.885743,46.955921,5.11256416851172,27.6695217,2026-04-03T14:49:28
109.129558,47.116322,5.11257526632479,27.6704421,2026-04-03T14:50:28
109.374446,47.276485,5.1125863645078,27.6713664,2026-04-03T14:51:28
109.620418,47.436406,5.1125974630623,27.6722945,2026-04-03T14:52:28
109.867485,47.596083,5.11260856198982,27.6732265,2026-04-03T14:53:28
110.115661,47.755511,5.11261966129192,27.6741623,2026-04-03T14:54:28
110.364957,47.914685,5.11263076097011,27.675102,2026-04-03T14:55:28
110.615386,48.073602,5.11264186102593,27.6760454,2026-04-03T14:56:28
110.86696,48.232257,5.11265296146089,27.6769926,2026-04-03T14:57:28
111.119692,48.390646,5.1126640622765,27.6779435,2026-04-03T14:58:28
111.373595,48.548765,5.11267516347426,27.6788982,2026-04-03T14:59:28
111.628682,48.706609,5.11268626505567,27.6798566,2026-04-03T15:00:28
111.884965,48.864175,5.11269736702221,27.6808187,2026-04-03T15:01:28
112.142458,49.021456,5.11270846937536,27.6817845,2026-04-03T15:02:28
112.401174,49.17845,5.11271957211661,27.6827539,2026-04-03T15:03:28
112.661125,49.335151,5.1127306752474,27.683727,2026-04-03T15:04:28
112.922326,49.491555,5.11274177876921,27.6847037,2026-04-03T15:05:28
113.18479,49.647656,5.11275288268348,27.685684,2026-04-03T15:06:28
113.448531,49.803451,5.11276398699166,27.6866679,2026-04-03T15:07:28
113.713562,49.958935,5.11277509169518,27.6876554,2026-04-03T15:08:28
113.979896,50.114102,5.11278619679548,27.6886465,2026-04-03T15:09:28
114.247549,50.268948,5.11279730229396,27.689641,2026-04-03T15:10:28
114.516534,50.423467,5.11280840819205,27.6906391,2026-04-03T15:11:28
114.786865,50.577655,5.11281951449116,27.6916407,2026-04-03T15:12:28
115.058556,50.731507,5.11283062119267,27.6926458,2026-04-03T15:13:28
115.331622,50.885017,5.11284172829799,27.6936543,2026-04-03T15:14:28
115.606077,51.03818,5.11285283580848,27.6946662,2026-04-03T15:15:28
115.881936,51.190991,5.11286394372555,27.6956816,2026-04-03T15:16:28
116.159214,51.343445,5.11287505205054,27.6967004,2026-04-03T15:17:28
116.437924,51.495536,5.11288616078481,27.6977226,2026-04-03T15:18:28
116.718082,51.647258,5.11289726992973,27.6987481,2026-04-03T15:19:28
116.999704,51.798607,5.11290837948663,27.699777,2026-04-03T15:20:28
117.282803,51.949575,5.11291948945686,27.7008091,2026-04-03T15:21:28
117.567395,52.100159,5.11293059984173,27.7018446,2026-04-03T15:22:28
117.853495,52.250351,5.11294171064258,27.7028834,2026-04-03T15:23:28
118.141119,52.400147,5.11295282186071,27.7039255,2026-04-03T15:24:28
118.430283,52.54954,5.11296393349744,27.7049707,2026-04-03T15:25:28
118.721,52.698524,5.11297504555405,27.7060192,2026-04-03T15:26:28
119.013288,52.847094,5.11298615803184,27.707071,2026-04-03T15:27:28
119.307161,52.995242,5.11299727093209,27.7081259,2026-04-03T15:28:28
119.602636,53.142963,5.11300838425607,27.7091839,2026-04-03T15:29:28
119.899727,53.290251,5.11301949800505,27.7102451,2026-04-03T15:30:28
120.198452,53.4371,5.11303061218029,27.7113095,2026-04-03T15:31:28
120.498826,53.583502,5.11304172678303,27.7123769,2026-04-03T15:32:28
120.800866,53.729451,5.11305284181451,27.7134474,2026-04-03T15:33:28
121.104586,53.874941,5.11306395727598,27.714521,2026-04-03T15:34:28
121.410003,54.019966,5.11307507316865,27.7155977,2026-04-03T15:35:28
121.717134,54.164517,5.11308618949374,27.7166773,2026-04-03T15:36:28
122.025994,54.308589,5.11309730625246,27.71776,2026-04-03T15:37:28
122.336601,54.452175,5.11310842344602,27.7188456,2026-04-03T15:38:28
122.648969,54.595268,5.11311954107559,27.7199342,2026-04-03T15:39:28
122.963117,54.73786,5.11313065914237,27.7210258,2026-04-03T15:40:28
123.279059,54.879944,5.11314177764754,27.7221203,2026-04-03T15:41:28
123.596813,55.021514,5.11315289659225,27.7232176,2026-04-03T15:42:28
123.916394,55.162561,5.11316401597767,27.7243179,2026-04-03T15:43:28
124.23782,55.303079,5.11317513580495,27.725421,2026-04-03T15:44:28
124.561107,55.44306,5.11318625607523,27.7265269,2026-04-03T15:45:28
124.886271,55.582496,5.11319737678965,27.7276357,2026-04-03T15:46:28
125.213329,55.72138,5.11320849794933,27.7287472,2026-04-03T15:47:28
125.542297,55.859704,5.11321961955538,27.7298616,2026-04-03T15:48:28
125.873192,55.99746,5.11323074160893,27.7309787,2026-04-03T15:49:28
126.20603,56.13464,5.11324186411106,27.7320985,2026-04-03T15:50:28
126.540827,56.271237,5.11325298706286,27.733221,2026-04-03T15:51:28
126.8776,56.407241,5.11326411046543,27.7343462,2026-04-03T15:52:28
127.216366,56.542645,5.11327523431984,27.7354741,2026-04-03T15:53:28
127.55714,56.677441,5.11328635862715,27.7366047,2026-04-03T15:54:28
127.899938,56.811619,5.11329748338842,27.7377378,2026-04-03T15:55:28
128.244777,56.945173,5.11330860860469,27.7388736,2026-04-03T15:56:28
128.591674,57.078092,5.11331973427702,27.7400119,2026-04-03T15:57:28
128.940642,57.210369,5.11333086040642,27.7411528,2026-04-03T15:58:28
129.2917,57.341994,5.11334198699393,27.7422963,2026-04-03T15:59:28
129.644862,57.472959,5.11335311404056,27.7434423,2026-04-03T16:00:28
130.000144,57.603255,5.11336424154731,27.7445907,2026-04-03T16:01:28
130.357561,57.732872,5.11337536951517,27.7457416,2026-04-03T16:02:28
130.717129,57.861802,5.11338649794515,27.746895,2026-04-03T16:03:28
131.078863,57.990036,5.11339762683821,27.7480509,2026-04-03T16:04:28
131.442778,58.117563,5.11340875619533,27.7492091,2026-04-03T16:05:28
131.80889,58.244376,5.11341988601747,27.7503697,2026-04-03T16:06:28
132.177211,58.370463,5.11343101630559,27.7515327,2026-04-03T16:07:28
132.547758,58.495816,5.11344214706061,27.752698,2026-04-03T16:08:28
132.920544,58.620424,5.11345327828349,27.7538657,2026-04-03T16:09:28
133.295583,58.744279,5.11346440997515,27.7550356,2026-04-03T16:10:28
133.672889,58.86737,5.1134755421365,27.7562078,2026-04-03T16:11:28
134.052475,58.989687,5.11348667476846,27.7573823,2026-04-03T16:12:28
134.434355,59.11122,5.11349780787192,27.758559,2026-04-03T16:13:28
134.818542,59.231959,5.11350894144778,27.7597379,2026-04-03T16:14:28
135.205048,59.351893,5.11352007549691,27.760919,2026-04-03T16:15:28
135.593885,59.471014,5.11353121002019,27.7621023,2026-04-03T16:16:28
135.985066,59.589309,5.11354234501848,27.7632877,2026-04-03T16:17:28
136.378601,59.706768,5.11355348049264,27.7644752,2026-04-03T16:18:28
136.774503,59.823382,5.11356461644352,27.7656648,2026-04-03T16:19:28
137.172782,59.939139,5.11357575287194,27.7668566,2026-04-03T16:20:28
137.573448,60.054028,5.11358688977874,27.7680503,2026-04-03T16:21:28
137.976511,60.168039,5.11359802716474,27.7692461,2026-04-03T16:22:28
138.381981,60.28116,5.11360916503074,27.7704439,2026-04-03T16:23:28
138.789867,60.393381,5.11362030337755,27.7716437,2026-04-03T16:24:28
139.200178,60.504691,5.11363144220596,27.7728454,2026-04-03T16:25:28
139.612921,60.615079,5.11364258151675,27.7740491,2026-04-03T16:26:28
140.028104,60.724533,5.11365372131069,27.7752547,2026-04-03T16:27:28
140.445734,60.833042,5.11366486158855,27.7764622,2026-04-03T16:28:28
140.865818,60.940595,5.11367600235107,27.7776715,2026-04-03T16:29:28
141.288361,61.04718,5.11368714359902,27.7788827,2026-04-03T16:30:28
141.713368,61.152785,5.11369828533311,27.7800957,2026-04-03T16:31:28
142.140844,61.257401,5.11370942755409,27.7813106,2026-04-03T16:32:28
142.570794,61.361014,5.11372057026267,27.7825272,2026-04-03T16:33:28
143.003219,61.463613,5.11373171345955,27.7837455,2026-04-03T16:34:28
143.438124,61.565186,5.11374285714544,27.7849656,2026-04-03T16:35:28
143.875509,61.665722,5.11375400132103,27.7861874,2026-04-03T16:36:28
144.315376,61.765209,5.11376514598699,27.7874109,2026-04-03T16:37:28
144.757725,61.863635,5.113776291144,27.7886361,2026-04-03T16:38:28
145.202556,61.960989,5.11378743679272,27.7898629,2026-04-03T16:39:28
145.649868,62.057258,5.1137985829338,27.7910913,2026-04-03T16:40:28
146.099658,62.15243,5.11380972956789,27.7923213,2026-04-03T16:41:28
146.551923,62.246493,5.11382087669563,27.7935528,2026-04-03T16:42:28
147.00666,62.339437,5.11383202431762,27.794786,2026-04-03T16:43:28
147.463865,62.431247,5.1138431724345,27.7960206,2026-04-03T16:44:28
147.923531,62.521914,5.11385432104687,27.7972567,2026-04-03T16:45:28
148.385652,62.611424,5.11386547015532,27.7984943,2026-04-03T16:46:28
148.850221,62.699765,5.11387661976044,27.7997334,2026-04-03T16:47:28
149.317229,62.786927,5.11388776986281,27.8009739,2026-04-03T16:48:28
149.786667,62.872896,5.113898920463,27.8022158,2026-04-03T16:49:28
150.258524,62.95766,5.11391007156156,27.8034591,2026-04-03T16:50:28
150.73279,63.041208,5.11392122315905,27.8047037,2026-04-03T16:51:28
151.20945,63.123529,5.11393237525601,27.8059497,2026-04-03T16:52:28
151.688493,63.204609,5.11394352785296,27.807197,2026-04-03T16:53:28
152.169903,63.284437,5.11395468095042,27.8084456,2026-04-03T16:54:28
152.653664,63.363002,5.11396583454892,27.8096954,2026-04-03T16:55:28
153.13976,63.440291,5.11397698864895,27.8109465,2026-04-03T16:56:28
153.628172,63.516293,5.113988143251,27.8121988,2026-04-03T16:57:28
154.118882,63.590996,5.11399929835556,27.8134522,2026-04-03T16:58:28
154.611869,63.664389,5.11401045396309,27.8147069,2026-04-03T16:59:28
155.107112,63.73646,5.11402161007407,27.8159627,2026-04-03T17:00:28
155.604588,63.807198,5.11403276668895,27.8172196,2026-04-03T17:01:28
156.104274,63.876591,5.11404392380818,27.8184776,2026-04-03T17:02:28
156.606143,63.944629,5.11405508143218,27.8197367,2026-04-03T17:03:28
157.110171,64.0113,5.11406623956138,27.8209969,2026-04-03T17:04:28
157.616329,64.076593,5.11407739819621,27.822258,2026-04-03T17:05:28
158.124589,64.140497,5.11408855733706,27.8235202,2026-04-03T17:06:28
158.634921,64.203002,5.11409971698433,27.8247833,2026-04-03T17:07:28
159.147294,64.264096,5.11411087713842,27.8260474,2026-04-03T17:08:28
159.661675,64.32377,5.11412203779969,27.8273125,2026-04-03T17:09:28
160.178032,64.382014,5.11413319896852,27.8285784,2026-04-03T17:10:28
160.696329,64.438816,5.11414436064527,27.8298452,2026-04-03T17:11:28
161.21653,64.494167,5.11415552283028,27.8311129,2026-04-03T17:12:28
161.738598,64.548057,5.11416668552389,27.8323814,2026-04-03T17:13:28
162.262495,64.600477,5.11417784872644,27.8336507,2026-04-03T17:14:28
162.788181,64.651416,5.11418901243823,27.8349208,2026-04-03T17:15:28
163.315616,64.700866,5.11420017665959,27.8361917,2026-04-03T17:16:28
163.844757,64.748818,5.11421134139082,27.8374633,2026-04-03T17:17:28
164.375561,64.795262,5.11422250663219,27.8387356,2026-04-03T17:18:28
164.907984,64.840191,5.114233672384,27.8400086,2026-04-03T17:19:28
165.44198,64.883595,5.11424483864652,27.8412822,2026-04-03T17:20:28
165.977504,64.925466,5.11425600542001,27.8425565,2026-04-03T17:21:28
166.514508,64.965797,5.11426717270472,27.8438315,2026-04-03T17:22:28
167.052942,65.00458,5.11427834050089,27.845107,2026-04-03T17:23:28
167.592758,65.041806,5.11428950880875,27.8463831,2026-04-03T17:24:28
168.133904,65.07747,5.11430067762853,27.8476597,2026-04-03T17:25:28
168.676329,65.111564,5.11431184696045,27.8489368,2026-04-03T17:26:28
169.219981,65.144081,5.1143230168047,27.8502145,2026-04-03T17:27:28
169.764805,65.175015,5.11433418716148,27.8514926,2026-04-03T17:28:28
170.310748,65.20436,5.11434535803097,27.8527712,2026-04-03T17:29:28
170.857754,65.23211,5.11435652941335,27.8540501,2026-04-03T17:30:28
171.405767,65.258259,5.11436770130879,27.8553295,2026-04-03T17:31:28
171.95473,65.282802,5.11437887371743,27.8566093,2026-04-03T17:32:28
172.504586,65.305734,5.11439004663942,27.8578894,2026-04-03T17:33:28
173.055276,65.327051,5.1144012200749,27.8591698,2026-04-03T17:34:28
173.606741,65.346749,5.114412394024,27.8604505,2026-04-03T17:35:28
174.158922,65.364822,5.1144235684868,27.8617315,2026-04-03T17:36:28
174.711759,65.381268,5.11443474346346,27.8630128,2026-04-03T17:37:28
175.26519,65.396083,5.11444591895405,27.8642943,2026-04-03T17:38:28
175.819155,65.409264,5.11445709495865,27.865576,2026-04-03T17:39:28
176.373593,65.420808,5.11446827147736,27.8668579,2026-04-03T17:40:28
176.92844,65.430714,5.11447944851023,27.8681399,2026-04-03T17:41:28
177.483636,65.438978,5.11449062605732,27.8694221,2026-04-03T17:42:28
178.039116,65.4456,5.11450180411868,27.8707043,2026-04-03T17:43:28
178.594819,65.450577,5.11451298269434,27.8719867,2026-04-03T17:44:28
179.150682,65.453909,5.11452416178434,27.8732691,2026-04-03T17:45:28
179.706641,65.455596,5.11453534138868,27.8745515,2026-04-03T17:46:28
180.262633,65.455636,5.11454652150739,27.875834,2026-04-03T17:47:28
180.818595,65.454029,5.11455770214046,27.8771164,2026-04-03T17:48:28
181.374464,65.450777,5.11456888328788,27.8783988,2026-04-03T17:49:28
181.930176,65.44588,5.11458006494963,27.8796811,2026-04-03T17:50:28
182.48567,65.439338,5.11459124712567,27.8809634,2026-04-03T17:51:28
183.04088,65.431154,5.11460242981598,27.8822455,2026-04-03T17:52:28
183.595747,65.421328,5.11461361302049,27.8835275,2026-04-03T17:53:28
184.150205,65.409863,5.11462479673915,27.8848093,2026-04-03T17:54:28
184.704195,65.396762,5.11463598097189,27.886091,2026-04-03T17:55:28
185.257655,65.382026,5.11464716571863,27.8873724,2026-04-03T17:56:28
185.810522,65.365659,5.11465835097927,27.8886536,2026-04-03T17:57:28
186.362737,65.347665,5.11466953675373,27.8899346,2026-04-03T17:58:28
186.914239,65.328047,5.1146807230419,27.8912152,2026-04-03T17:59:28
187.464968,65.306808,5.11469190984365,27.8924956,2026-04-03T18:00:28
188.014866,65.283954,5.11470309715885,27.8937756,2026-04-03T18:01:28
188.563875,65.259489,5.11471428498738,27.8950553,2026-04-03T18:02:28
189.111936,65.233418,5.11472547332907,27.8963346,2026-04-03T18:03:28
189.658993,65.205746,5.11473666218379,27.8976135,2026-04-03T18:04:28
190.20499,65.176478,5.11474785155135,27.8988919,2026-04-03T18:05:28
190.749871,65.145621,5.11475904143158,27.9001699,2026-04-03T18:06:28
191.293581,65.113181,5.1147702318243,27.9014475,2026-04-03T18:07:28
191.836068,65.079164,5.1147814227293,27.9027245,2026-04-03T18:08:28
192.377279,65.043576,5.11479261414639,27.904001,2026-04-03T18:09:28
192.917161,65.006425,5.11480380607535,27.905277,2026-04-03T18:10:28
193.455665,64.967718,5.11481499851595,27.9065523,2026-04-03T18:11:28
193.99274,64.927462,5.11482619146796,27.9078271,2026-04-03T18:12:28
194.528338,64.885665,5.11483738493113,27.9091013,2026-04-03T18:13:28
195.062411,64.842335,5.1148485789052,27.9103748,2026-04-03T18:14:28
195.594913,64.79748,5.11485977338993,27.9116476,2026-04-03T18:15:28
196.125798,64.751109,5.11487096838502,27.9129198,2026-04-03T18:16:28
196.655022,64.70323,5.1148821638902,27.9141912,2026-04-03T18:17:28
197.182541,64.653852,5.11489335990517,27.9154619,2026-04-03T18:18:28
197.708314,64.602985,5.11490455642964,27.9167318,2026-04-03T18:19:28
198.2323,64.550637,5.11491575346328,27.9180009,2026-04-03T18:20:28
198.75446,64.496818,5.11492695100579,27.9192693,2026-04-03T18:21:28
199.274754,64.441537,5.11493814905681,27.9205367,2026-04-03T18:22:28
199.793145,64.384805,5.11494934761602,27.9218033,2026-04-03T18:23:28
200.309598,64.326631,5.11496054668306,27.9230691,2026-04-03T18:24:28
200.824078,64.267026,5.11497174625758,27.9243339,2026-04-03T18:25:28
201.336551,64.206,5.11498294633919,27.9255978,2026-04-03T18:26:28
201.846984,64.143563,5.11499414692753,27.9268607,2026-04-03T18:27:28
202.355347,64.079726,5.1150053480222,27.9281226,2026-04-03T18:28:28
202.861609,64.0145,5.1150165496228,27.9293835,2026-04-03T18:29:28
203.365743,63.947895,5.11502775172892,27.9306434,2026-04-03T18:30:28
203.867719,63.879923,5.11503895434016,27.9319023,2026-04-03T18:31:28
204.367513,63.810595,5.11505015745606,27.93316,2026-04-03T18:32:28
204.865098,63.739921,5.11506136107621,27.9344167,2026-04-03T18:33:28
205.360451,63.667914,5.11507256520015,27.9356722,2026-04-03T18:34:28
205.85355,63.594585,5.11508376982743,27.9369266,2026-04-03T18:35:28
206.344373,63.519944,5.11509497495758,27.9381798,2026-04-03T18:36:28
206.832899,63.444005,5.11510618059012,27.9394318,2026-04-03T18:37:28
207.319109,63.366777,5.11511738672457,27.9406826,2026-04-03T18:38:28
207.802986,63.288274,5.11512859336044,27.9419322,2026-04-03T18:39:28
208.284512,63.208506,5.11513980049722,27.9431804,2026-04-03T18:40:28
208.763671,63.127486,5.11515100813439,27.9444274,2026-04-03T18:41:28
209.24045,63.045225,5.11516221627143,27.9456731,2026-04-03T18:42:28
209.714833,62.961735,5.11517342490782,27.9469174,2026-04-03T18:43:28
210.186809,62.877028,5.115184634043,27.9481604,2026-04-03T18:44:28
210.656367,62.791117,5.11519584367643,27.9494019,2026-04-03T18:45:28
211.123494,62.704013,5.11520705380754,27.9506421,2026-04-03T18:46:28
211.588184,62.615727,5.11521826443577,27.9518808,2026-04-03T18:47:28
212.050425,62.526273,5.11522947556053,27.9531181,2026-04-03T18:48:28
212.510212,62.435661,5.11524068718124,27.9543539,2026-04-03T18:49:28
212.967538,62.343905,5.11525189929729,27.9555882,2026-04-03T18:50:28
213.422397,62.251016,5.11526311190808,27.9568209,2026-04-03T18:51:28
213.874784,62.157005,5.11527432501299,27.9580521,2026-04-03T18:52:28
214.324696,62.061885,5.11528553861139,27.9592817,2026-04-03T18:53:28
214.77213,61.965669,5.11529675270265,27.9605098,2026-04-03T18:54:28
215.217083,61.868367,5.11530796728611,27.9617362,2026-04-03T18:55:28
215.659554,61.769991,5.11531918236114,27.9629609,2026-04-03T18:56:28
216.099543,61.670554,5.11533039792705,27.964184,2026-04-03T18:57:28
216.53705,61.570068,5.11534161398319,27.9654054,2026-04-03T18:58:28
216.972077,61.468543,5.11535283052885,27.9666251,2026-04-03T18:59:28
217.404624,61.365992,5.11536404756336,27.9678431,2026-04-03T19:00:28
217.834695,61.262427,5.11537526508601,27.9690593,2026-04-03T19:01:28
218.262293,61.157859,5.11538648309608,27.9702737,2026-04-03T19:02:28
218.687421,61.0523,5.11539770159287,27.9714863,2026-04-03T19:03:28
219.110085,60.945761,5.11540892057563,27.972697,2026-04-03T19:04:28
219.53029,60.838254,5.11542014004364,27.9739059,2026-04-03T19:05:28
219.94804,60.729789,5.11543135999614,27.975113,2026-04-03T19:06:28
220.363343,60.62038,5.11544258043238,27.9763181,2026-04-03T19:07:28
220.776206,60.510036,5.11545380135158,27.9775213,2026-04-03T19:08:28
221.186636,60.398769,5.11546502275298,27.9787226,2026-04-03T19:09:28
221.594641,60.28659,5.11547624463579,27.9799219,2026-04-03T19:10:28
222.000229,60.17351,5.11548746699922,27.9811192,2026-04-03T19:11:28
222.40341,60.059541,5.11549868984247,27.9823145,2026-04-03T19:12:28
222.804194,59.944693,5.11550991316471,27.9835078,2026-04-03T19:13:28
223.20259,59.828976,5.11552113696514,27.984699,2026-04-03T19:14:28
223.598608,59.712402,5.11553236124292,27.9858882,2026-04-03T19:15:28
223.992259,59.594982,5.1155435859972,27.9870752,2026-04-03T19:16:28
224.383555,59.476726,5.11555481122716,27.9882601,2026-04-03T19:17:28
224.772507,59.357644,5.11556603693192,27.9894428,2026-04-03T19:18:28
225.159127,59.237746,5.11557726311062,27.9906234,2026-04-03T19:19:28
225.543427,59.117044,5.11558848976239,27.9918018,2026-04-03T19:20:28
225.92542,58.995548,5.11559971688635,27.992978,2026-04-03T19:21:28
226.305118,58.873267,5.11561094448158,27.9941519,2026-04-03T19:22:28
226.682536,58.750212,5.11562217254721,27.9953236,2026-04-03T19:23:28
227.057686,58.626392,5.11563340108232,27.996493,2026-04-03T19:24:28
227.430582,58.501818,5.11564463008598,27.9976601,2026-04-03T19:25:28
227.801238,58.376499,5.11565585955726,27.9988248,2026-04-03T19:26:28
228.169668,58.250445,5.11566708949524,27.9999873,2026-04-03T19:27:28
228.535887,58.123666,5.11567831989896,28.0011473,2026-04-03T19:28:28
228.899909,57.996171,5.11568955076747,28.0023049,2026-04-03T19:29:28
229.26175,57.867969,5.11570078209981,28.0034602,2026-04-03T19:30:28
229.621424,57.739071,5.11571201389499,28.004613,2026-04-03T19:31:28
229.978946,57.609484,5.11572324615205,28.0057633,2026-04-03T19:32:28
230.334332,57.479219,5.11573447886999,28.0069112,2026-04-03T19:33:28
230.687597,57.348284,5.11574571204781,28.0080565,2026-04-03T19:34:28
231.038757,57.216688,5.1157569456845,28.0091994,2026-04-03T19:35:28
231.387828,57.084441,5.11576817977904,28.0103397,2026-04-03T19:36:28
231.734825,56.95155,5.11577941433042,28.0114774,2026-04-03T19:37:28
232.079764,56.818025,5.11579064933759,28.0126125,2026-04-03T19:38:28
232.422662,56.683874,5.11580188479952,28.0137451,2026-04-03T19:39:28
232.763534,56.549106,5.11581312071516,28.0148749,2026-04-03T19:40:28
233.102397,56.413729,5.11582435708343,28.0160022,2026-04-03T19:41:28
233.439268,56.277751,5.11583559390329,28.0171268,2026-04-03T19:42:28
233.774161,56.141181,5.11584683117364,28.0182486,2026-04-03T19:43:28
234.107094,56.004027,5.1158580688934,28.0193678,2026-04-03T19:44:28
234.438083,55.866296,5.11586930706148,28.0204842,2026-04-03T19:45:28
234.767145,55.727997,5.11588054567678,28.0215979,2026-04-03T19:46:28
235.094296,55.589137,5.11589178473819,28.0227087,2026-04-03T19:47:28
235.419552,55.449725,5.11590302424458,28.0238168,2026-04-03T19:48:28
235.74293,55.309768,5.11591426419483,28.0249221,2026-04-03T19:49:28
236.064446,55.169273,5.11592550458781,28.0260245,2026-04-03T19:50:28
236.384117,55.028248,5.11593674542236,28.027124,2026-04-03T19:51:28
236.701959,54.886701,5.11594798669733,28.0282207,2026-04-03T19:52:28
237.017989,54.744639,5.11595922841157,28.0293144,2026-04-03T19:53:28
237.332224,54.602068,5.1159704705639,28.0304052,2026-04-03T19:54:28
237.644678,54.458997,5.11598171315315,28.0314931,2026-04-03T19:55:28
237.95537,54.315432,5.11599295617813,28.032578,2026-04-03T19:56:28
238.264315,54.171381,5.11600419963764,28.03366,2026-04-03T19:57:28
238.57153,54.026849,5.11601544353049,28.0347389,2026-04-03T19:58:28
238.87703,53.881845,5.11602668785545,28.0358148,2026-04-03T19:59:28
239.180832,53.736374,5.11603793261132,28.0368876,2026-04-03T20:00:28
239.482953,53.590444,5.11604917779687,28.0379573,2026-04-03T20:01:28
239.783407,53.44406,5.11606042341085,28.039024,2026-04-03T20:02:28
240.082212,53.297231,5.11607166945203,28.0400876,2026-04-03T20:03:28
240.379382,53.149961,5.11608291591915,28.041148,2026-04-03T20:04:28
240.674935,53.002257,5.11609416281095,28.0422053,2026-04-03T20:05:28
240.968886,52.854126,5.11610541012617,28.0432594,2026-04-03T20:06:28
241.26125,52.705574,5.11611665786354,28.0443103,2026-04-03T20:07:28
241.552043,52.556606,5.11612790602176,28.045358,2026-04-03T20:08:28
241.841281,52.40723,5.11613915459954,28.0464025,2026-04-03T20:09:28
242.128979,52.25745,5.11615040359559,28.0474437,2026-04-03T20:10:28
242.415153,52.107274,5.11616165300859,28.0484817,2026-04-03T20:11:28
242.699818,51.956706,5.11617290283724,28.0495164,2026-04-03T20:12:28
242.982989,51.805752,5.11618415308021,28.0505477,2026-04-03T20:13:28
243.264681,51.654418,5.11619540373616,28.0515757,2026-04-03T20:14:28
243.54491,51.502711,5.11620665480376,28.0526004,2026-04-03T20:15:28
243.82369,51.350634,5.11621790628166,28.0536217,2026-04-03T20:16:28
244.101036,51.198195,5.11622915816851,28.0546396,2026-04-03T20:17:28
244.376963,51.045397,5.11624041046294,28.0556542,2026-04-03T20:18:28
244.651485,50.892247,5.11625166316358,28.0566653,2026-04-03T20:19:28
244.924618,50.73875,5.11626291626906,28.0576729,2026-04-03T20:20:28
245.196375,50.584911,5.116274169778,28.0586771,2026-04-03T20:21:28
245.466771,50.430736,5.11628542368898,28.0596778,2026-04-03T20:22:28
245.735821,50.276229,5.11629667800062,28.060675,2026-04-03T20:23:28
246.003537,50.121395,5.11630793271152,28.0616686,2026-04-03T20:24:28
246.269935,49.96624,5.11631918782024,28.0626588,2026-04-03T20:25:28
246.535028,49.810768,5.11633044332537,28.0636454,2026-04-03T20:26:28
246.79883,49.654984,5.11634169922547,28.0646284,2026-04-03T20:27:28
247.061355,49.498893,5.11635295551912,28.0656078,2026-04-03T20:28:28
247.322617,49.3425,5.11636421220486,28.0665835,2026-04-03T20:29:28
247.582628,49.185809,5.11637546928124,28.0675557,2026-04-03T20:30:28
247.841402,49.028826,5.11638672674679,28.0685242,2026-04-03T20:31:28
248.098953,48.871554,5.11639798460006,28.069489,2026-04-03T20:32:28
248.355294,48.713999,5.11640924283956,28.0704502,2026-04-03T20:33:28
248.610438,48.556164,5.11642050146381,28.0714076,2026-04-03T20:34:28
248.864397,48.398054,5.11643176047133,28.0723613,2026-04-03T20:35:28
249.117185,48.239674,5.11644301986061,28.0733113,2026-04-03T20:36:28
249.368815,48.081027,5.11645427963015,28.0742575,2026-04-03T20:37:28
249.619298,47.922119,5.11646553977844,28.0752,2026-04-03T20:38:28
249.868648,47.762953,5.11647680030396,28.0761386,2026-04-03T20:39:28
250.116877,47.603533,5.11648806120518,28.0770734,2026-04-03T20:40:28
250.363997,47.443864,5.11649932248057,28.0780044,2026-04-03T20:41:28
250.61002,47.28395,5.11651058412859,28.0789316,2026-04-03T20:42:28
250.854959,47.123794,5.11652184614769,28.0798549,2026-04-03T20:43:28
251.098825,46.963401,5.11653310853633,28.0807743,2026-04-03T20:44:28
251.341631,46.802775,5.11654437129292,28.0816897,2026-04-03T20:45:28
251.583388,46.641919,5.11655563441592,28.0826013,2026-04-03T20:46:28
251.824108,46.480837,5.11656689790374,28.083509,2026-04-03T20:47:28
252.063802,46.319534,5.1165781617548,28.0844126,2026-04-03T20:48:28
252.302482,46.158012,5.11658942596752,28.0853124,2026-04-03T20:49:28
252.540159,45.996277,5.11660069054029,28.0862081,2026-04-03T20:50:28
252.776845,45.83433,5.11661195547151,28.0870998,2026-04-03T20:51:28
253.01255,45.672176,5.11662322075958,28.0879875,2026-04-03T20:52:28
253.247286,45.509819,5.11663448640287,28.0888712,2026-04-03T20:53:28
253.481063,45.347262,5.11664575239977,28.0897508,2026-04-03T20:54:28
253.713892,45.184508,5.11665701874865,28.0906263,2026-04-03T20:55:28
253.945785,45.021562,5.11666828544786,28.0914978,2026-04-03T20:56:28
254.176752,44.858426,5.11667955249577,28.0923651,2026-04-03T20:57:28
254.406802,44.695104,5.11669081989073,28.0932283,2026-04-03T20:58:28
254.635948,44.531599,5.11670208763108,28.0940874,2026-04-03T20:59:28
254.864198,44.367915,5.11671335571515,28.0949423,2026-04-03T21:00:28
255.091564,44.204054,5.11672462414129,28.0957931,2026-04-03T21:01:28
255.318055,44.040021,5.11673589290781,28.0966397,2026-04-03T21:02:28
255.543682,43.875818,5.11674716201303,28.0974821,2026-04-03T21:03:28
255.768454,43.711449,5.11675843145526,28.0983202,2026-04-03T21:04:28
255.992382,43.546916,5.11676970123281,28.0991541,2026-04-03T21:05:28
256.215474,43.382223,5.11678097134397,28.0999838,2026-04-03T21:06:28
256.437741,43.217373,5.11679224178705,28.1008092,2026-04-03T21:07:28
256.659193,43.052369,5.11680351256032,28.1016304,2026-04-03T21:08:28
256.879838,42.887214,5.11681478366207,28.1024472,2026-04-03T21:09:28
257.099687,42.721911,5.11682605509057,28.1032597,2026-04-03T21:10:28
257.318748,42.556463,5.11683732684408,28.1040679,2026-04-03T21:11:28
257.537031,42.390873,5.11684859892087,28.1048718,2026-04-03T21:12:28
257.754544,42.225144,5.1168598713192,28.1056713,2026-04-03T21:13:28
257.971298,42.059278,5.11687114403731,28.1064664,2026-04-03T21:14:28
258.1873,41.893278,5.11688241707345,28.1072571,2026-04-03T21:15:28
258.40256,41.727148,5.11689369042585,28.1080434,2026-04-03T21:16:28
258.617087,41.56089,5.11690496409274,28.1088254,2026-04-03T21:17:28
258.830888,41.394507,5.11691623807236,28.1096028,2026-04-03T21:18:28
259.043974,41.228002,5.11692751236291,28.1103759,2026-04-03T21:19:28
259.256352,41.061376,5.11693878696262,28.1111445,2026-04-03T21:20:28
259.468031,40.894634,5.1169500618697,28.1119086,2026-04-03T21:21:28
259.679019,40.727777,5.11696133708233,28.1126682,2026-04-03T21:22:28
259.889324,40.560809,5.11697261259872,28.1134233,2026-04-03T21:23:28
260.098955,40.393731,5.11698388841707,28.1141739,2026-04-03T21:24:28
260.30792,40.226547,5.11699516453555,28.1149199,2026-04-03T21:25:28
260.516227,40.059259,5.11700644095234,28.1156614,2026-04-03T21:26:28
260.723884,39.89187,5.11701771766562,28.1163984,2026-04-03T21:27:28
260.930899,39.724381,5.11702899467355,28.1171307,2026-04-03T21:28:28
261.137279,39.556796,5.1170402719743,28.1178585,2026-04-03T21:29:28
261.343032,39.389117,5.11705154956602,28.1185817,2026-04-03T21:30:28
261.548167,39.221346,5.11706282744687,28.1193002,2026-04-03T21:31:28
261.75269,39.053487,5.11707410561499,28.1200142,2026-04-03T21:32:28
261.95661,38.88554,5.11708538406852,28.1207235,2026-04-03T21:33:28
262.159933,38.717509,5.1170966628056,28.1214281,2026-04-03T21:34:28
262.362667,38.549397,5.11710794182435,28.1221281,2026-04-03T21:35:28
262.564819,38.381204,5.1171192211229,28.1228233,2026-04-03T21:36:28
262.766398,38.212934,5.11713050069937,28.1235139,2026-04-03T21:37:28
262.967409,38.04459,5.11714178055187,28.1241998,2026-04-03T21:38:28
263.16786,37.876172,5.11715306067852,28.1248809,2026-04-03T21:39:28
263.367758,37.707684,5.11716434107741,28.1255573,2026-04-03T21:40:28
263.56711,37.539127,5.11717562174664,28.126229,2026-04-03T21:41:28
263.765923,37.370505,5.11718690268431,28.1268959,2026-04-03T21:42:28
263.964203,37.201819,5.1171981838885,28.127558,2026-04-03T21:43:28
264.161959,37.033071,5.11720946535729,28.1282154,2026-04-03T21:44:28
264.359195,36.864263,5.11722074708878,28.1288679,2026-04-03T21:45:28
264.55592,36.695399,5.11723202908102,28.1295157,2026-04-03T21:46:28
264.752139,36.526479,5.11724331133209,28.1301586,2026-04-03T21:47:28
264.947859,36.357506,5.11725459384005,28.1307967,2026-04-03T21:48:28
265.143088,36.188482,5.11726587660295,28.1314299,2026-04-03T21:49:28
265.33783,36.019409,5.11727715961886,28.1320583,2026-04-03T21:50:28
265.532092,35.850289,5.11728844288582,28.1326818,2026-04-03T21:51:28
265.725881,35.681125,5.11729972640188,28.1333004,2026-04-03T21:52:28
265.919204,35.511918,5.11731101016506,28.1339141,2026-04-03T21:53:28
266.112065,35.34267,5.11732229417342,28.134523,2026-04-03T21:54:28
266.304472,35.173384,5.11733357842498,28.1351269,2026-04-03T21:55:28
266.496431,35.00406,5.11734486291776,28.1357258,2026-04-03T21:56:28
266.687946,34.834703,5.11735614764979,28.1363199,2026-04-03T21:57:28
266.879026,34.665312,5.11736743261909,28.136909,2026-04-03T21:58:28
267.069674,34.495891,5.11737871782365,28.1374931,2026-04-03T21:59:28
267.259898,34.326441,5.11739000326151,28.1380722,2026-04-03T22:00:28
267.449703,34.156964,5.11740128893064,28.1386464,2026-04-03T22:01:28
267.639095,33.987462,5.11741257482906,28.1392156,2026-04-03T22:02:28
267.82808,33.817936,5.11742386095477,28.1397798,2026-04-03T22:03:28
268.016662,33.64839,5.11743514730574,28.1403389,2026-04-03T22:04:28
268.204849,33.478825,5.11744643387996,28.140893,2026-04-03T22:05:28
268.392645,33.309242,5.11745772067543,28.1414421,2026-04-03T22:06:28
268.580056,33.139643,5.11746900769011,28.1419862,2026-04-03T22:07:28
268.767087,32.970031,5.11748029492198,28.1425252,2026-04-03T22:08:28
268.953744,32.800407,5.11749158236901,28.1430591,2026-04-03T22:09:28
269.140033,32.630772,5.11750287002917,28.1435879,2026-04-03T22:10:28
269.325958,32.46113,5.11751415790041,28.1441117,2026-04-03T22:11:28
269.511525,32.291481,5.11752544598069,28.1446303,2026-04-03T22:12:28
269.696739,32.121827,5.11753673426798,28.1451439,2026-04-03T22:13:28
269.881605,31.95217,5.11754802276021,28.1456523,2026-04-03T22:14:28
270.066129,31.782513,5.11755931145533,28.1461556,2026-04-03T22:15:28
270.250315,31.612856,5.11757060035129,28.1466538,2026-04-03T22:16:28
270.434169,31.443201,5.11758188944602,28.1471468,2026-04-03T22:17:28
270.617696,31.27355,5.11759317873746,28.1476347,2026-04-03T22:18:28
270.8009,31.103905,5.11760446822353,28.1481174,2026-04-03T22:19:28
270.983787,30.934268,5.11761575790218,28.1485949,2026-04-03T22:20:28
271.166361,30.76464,5.11762704777131,28.1490673,2026-04-03T22:21:28
271.348628,30.595024,5.11763833782885,28.1495344,2026-04-03T22:22:28
271.530592,30.425419,5.11764962807272,28.1499964,2026-04-03T22:23:28
271.712258,30.25583,5.11766091850083,28.1504531,2026-04-03T22:24:28
271.893631,30.086256,5.11767220911109,28.1509047,2026-04-03T22:25:28
272.074715,29.9167,5.1176834999014,28.151351,2026-04-03T22:26:28
272.255515,29.747163,5.11769479086967,28.1517921,2026-04-03T22:27:28
272.436036,29.577648,5.1177060820138,28.1522279,2026-04-03T22:28:28
272.616282,29.408155,5.11771737333168,28.1526585,2026-04-03T22:29:28
272.796259,29.238687,5.11772866482121,28.1530839,2026-04-03T22:30:28
272.975969,29.069244,5.11773995648028,28.1535039,2026-04-03T22:31:28
273.155419,28.899829,5.11775124830676,28.1539187,2026-04-03T22:32:28
273.334612,28.730444,5.11776254029855,28.1543282,2026-04-03T22:33:28
273.513552,28.561089,5.11777383245353,28.1547325,2026-04-03T22:34:28
273.692245,28.391766,5.11778512476958,28.1551314,2026-04-03T22:35:28
273.870695,28.222478,5.11779641724456,28.155525,2026-04-03T22:36:28
274.048905,28.053225,5.11780770987634,28.1559133,2026-04-03T22:37:28
274.22688,27.88401,5.11781900266281,28.1562963,2026-04-03T22:38:28
274.404625,27.714833,5.11783029560182,28.156674,2026-04-03T22:39:28
274.582143,27.545697,5.11784158869124,28.1570463,2026-04-03T22:40:28
274.759439,27.376603,5.11785288192892,28.1574133,2026-04-03T22:41:28
274.936517,27.207552,5.11786417531272,28.157775,2026-04-03T22:42:28
275.113381,27.038547,5.1178754688405,28.1581313,2026-04-03T22:43:28
275.290035,26.869588,5.11788676251011,28.1584822,2026-04-03T22:44:28
275.466483,26.700677,5.11789805631939,28.1588278,2026-04-03T22:45:28
275.64273,26.531816,5.1179093502662,28.159168,2026-04-03T22:46:28
275.818779,26.363006,5.11792064434838,28.1595028,2026-04-03T22:47:28
275.994634,26.194249,5.11793193856377,28.1598322,2026-04-03T22:48:28
276.170299,26.025547,5.1179432329102,28.1601563,2026-04-03T22:49:28
276.345779,25.8569,5.11795452738552,28.1604749,2026-04-03T22:50:28
276.521076,25.688311,5.11796582198756,28.1607882,2026-04-03T22:51:28
276.696196,25.51978,5.11797711671414,28.161096,2026-04-03T22:52:28
276.871141,25.35131,5.1179884115631,28.1613984,2026-04-03T22:53:28
277.045915,25.182902,5.11799970653228,28.1616954,2026-04-03T22:54:28
277.220523,25.014558,5.11801100161948,28.161987,2026-04-03T22:55:28
277.394968,24.846278,5.11802229682254,28.1622731,2026-04-03T22:56:28
277.569253,24.678065,5.11803359213926,28.1625538,2026-04-03T22:57:28
277.743384,24.50992,5.11804488756749,28.1628291,2026-04-03T22:58:28
277.917362,24.341844,5.11805618310502,28.1630989,2026-04-03T22:59:28
278.091192,24.17384,5.11806747874967,28.1633633,2026-04-03T23:00:28
278.264878,24.005907,5.11807877449927,28.1636222,2026-04-03T23:01:28
278.438422,23.838049,5.1180900703516,28.1638756,2026-04-03T23:02:28
278.61183,23.670266,5.11810136630449,28.1641236,2026-04-03T23:03:28
278.785103,23.502559,5.11811266235575,28.1643661,2026-04-03T23:04:28
278.958247,23.334932,5.11812395850317,28.1646031,2026-04-03T23:05:28
279.131263,23.167383,5.11813525474455,28.1648347,2026-04-03T23:06:28
279.304157,22.999917,5.11814655107771,28.1650607,2026-04-03T23:07:28
279.47693,22.832533,5.11815784750044,28.1652813,2026-04-03T23:08:28
279.649587,22.665233,5.11816914401054,28.1654964,2026-04-03T23:09:28
279.822132,22.498018,5.1181804406058,28.165706,2026-04-03T23:10:28
279.994567,22.330891,5.11819173728402,28.1659101,2026-04-03T23:11:28
280.166895,22.163853,5.118203034043,28.1661087,2026-04-03T23:12:28
280.339121,21.996904,5.11821433088052,28.1663018,2026-04-03T23:13:28
280.511248,21.830047,5.11822562779437,28.1664893,2026-04-03T23:14:28
280.683278,21.663283,5.11823692478235,28.1666714,2026-04-03T23:15:28
280.855215,21.496614,5.11824822184224,28.1668479,2026-04-03T23:16:28
281.027063,21.33004,5.11825951897183,28.1670189,2026-04-03T23:17:28
281.198825,21.163564,5.1182708161689,28.1671844,2026-04-03T23:18:28
281.370504,20.997186,5.11828211343124,28.1673444,2026-04-03T23:19:28
281.542103,20.830909,5.11829341075663,28.1674988,2026-04-03T23:20:28
281.713625,20.664733,5.11830470814286,28.1676477,2026-04-03T23:21:28
281.885074,20.49866,5.11831600558769,28.1677911,2026-04-03T23:22:28
282.056452,20.332692,5.11832730308892,28.1679289,2026-04-03T23:23:28
282.227763,20.16683,5.11833860064431,28.1680612,2026-04-03T23:24:28
282.399011,20.001075,5.11834989825166,28.168188,2026-04-03T23:25:28
282.570197,19.835429,5.11836119590873,28.1683092,2026-04-03T23:26:28
282.741326,19.669893,5.1183724936133,28.1684248,2026-04-03T23:27:28
282.912399,19.504469,5.11838379136314,28.1685349,2026-04-03T23:28:28
283.083421,19.339159,5.11839508915603,28.1686395,2026-04-03T23:29:28
283.254395,19.173962,5.11840638698975,28.1687385,2026-04-03T23:30:28
283.425323,19.008882,5.11841768486206,28.168832,2026-04-03T23:31:28
283.596208,18.84392,5.11842898277073,28.1689198,2026-04-03T23:32:28
283.767053,18.679076,5.11844028071355,28.1690022,2026-04-03T23:33:28
283.937862,18.514353,5.11845157868827,28.169079,2026-04-03T23:34:28
284.108637,18.349751,5.11846287669267,28.1691502,2026-04-03T23:35:28
284.279381,18.185273,5.11847417472452,28.1692158,2026-04-03T23:36:28
284.450097,18.02092,5.11848547278159,28.1692759,2026-04-03T23:37:28
284.620788,17.856692,5.11849677086164,28.1693305,2026-04-03T23:38:28
284.791457,17.692593,5.11850806896245,28.1693794,2026-04-03T23:39:28
284.962107,17.528622,5.11851936708178,28.1694228,2026-04-03T23:40:28
285.132741,17.364781,5.1185306652174,28.1694607,2026-04-03T23:41:28
285.303361,17.201073,5.11854196336709,28.1694929,2026-04-03T23:42:28
285.47397,17.037498,5.11855326152859,28.1695196,2026-04-03T23:43:28
285.644571,16.874058,5.11856455969969,28.1695408,2026-04-03T23:44:28
285.815167,16.710753,5.11857585787815,28.1695563,2026-04-03T23:45:28
285.985761,16.547587,5.11858715606174,28.1695663,2026-04-03T23:46:28
286.156356,16.38456,5.11859845424822,28.1695708,2026-04-03T23:47:28
286.326953,16.221673,5.11860975243536,28.1695696,2026-04-03T23:48:28
286.497557,16.058928,5.11862105062093,28.1695629,2026-04-03T23:49:28
286.668169,15.896327,5.1186323488027,28.1695507,2026-04-03T23:50:28
286.838793,15.73387,5.11864364697842,28.1695328,2026-04-03T23:51:28
287.009431,15.57156,5.11865494514588,28.1695094,2026-04-03T23:52:28
287.180085,15.409398,5.11866624330284,28.1694804,2026-04-03T23:53:28
287.350759,15.247385,5.11867754144706,28.1694459,2026-04-03T23:54:28
287.521456,15.085523,5.11868883957632,28.1694058,2026-04-03T23:55:28
287.692177,14.923813,5.11870013768837,28.1693602,2026-04-03T23:56:28
287.862925,14.762257,5.118711435781,28.1693089,2026-04-03T23:57:28
288.033703,14.600855,5.11872273385198,28.1692522,2026-04-03T23:58:28
288.204514,14.43961,5.11873403189906,28.1691898,2026-04-03T23:59:28
288.375361,14.278524,5.11874532992003,28.1691219,2026-04-04T00:00:28
288.546245,14.117596,5.11875662791264,28.1690485,2026-04-04T00:01:28
288.717169,13.95683,5.11876792587469,28.1689695,2026-04-04T00:02:28
288.888137,13.796226,5.11877922380392,28.1688849,2026-04-04T00:03:28
289.05915,13.635786,5.11879052169814,28.1687948,2026-04-04T00:04:28
289.230211,13.475512,5.11880181955509,28.1686991,2026-04-04T00:05:28
289.401323,13.315404,5.11881311737256,28.1685979,2026-04-04T00:06:28
289.572487,13.155465,5.11882441514832,28.1684911,2026-04-04T00:07:28
289.743708,12.995695,5.11883571288016,28.1683788,2026-04-04T00:08:28
289.914986,12.836097,5.11884701056584,28.168261,2026-04-04T00:09:28
290.086325,12.676671,5.11885830820315,28.1681376,2026-04-04T00:10:28
290.257727,12.51742,5.11886960578986,28.1680087,2026-04-04T00:11:28
290.429195,12.358345,5.11888090332376,28.1678742,2026-04-04T00:12:28
290.60073,12.199446,5.11889220080262,28.1677343,2026-04-04T00:13:28
290.772336,12.040727,5.11890349822423,28.1675888,2026-04-04T00:14:28
290.944015,11.882188,5.11891479558637,28.1674377,2026-04-04T00:15:28
291.115768,11.72383,5.11892609288683,28.1672812,2026-04-04T00:16:28
291.2876,11.565656,5.11893739012339,28.1671191,2026-04-04T00:17:28
291.459511,11.407666,5.11894868729384,28.1669515,2026-04-04T00:18:28
291.631505,11.249863,5.11895998439597,28.1667784,2026-04-04T00:19:28
291.803584,11.092248,5.11897128142757,28.1665998,2026-04-04T00:20:28
291.97575,10.934822,5.11898257838642,28.1664157,2026-04-04T00:21:28
292.148005,10.777586,5.11899387527033,28.1662261,2026-04-04T00:22:28
292.320352,10.620543,5.11900517207708,28.1660309,2026-04-04T00:23:28
292.492793,10.463694,5.11901646880448,28.1658303,2026-04-04T00:24:28
292.665331,10.307041,5.11902776545032,28.1656242,2026-04-04T00:25:28
292.837968,10.150584,5.11903906201239,28.1654127,2026-04-04T00:26:28
293.010705,9.994326,5.11905035848851,28.1651956,2026-04-04T00:27:28
293.183546,9.838267,5.11906165487647,28.1649731,2026-04-04T00:28:28
293.356493,9.68241,5.11907295117407,28.164745,2026-04-04T00:29:28
293.529547,9.526757,5.11908424737912,28.1645116,2026-04-04T00:30:28
293.702712,9.371308,5.11909554348944,28.1642726,2026-04-04T00:31:28
293.875989,9.216065,5.11910683950283,28.1640282,2026-04-04T00:32:28
294.049381,9.06103,5.1191181354171,28.1637784,2026-04-04T00:33:28
294.22289,8.906204,5.11912943123006,28.1635231,2026-04-04T00:34:28
294.396518,8.751589,5.11914072693954,28.1632623,2026-04-04T00:35:28
294.570267,8.597186,5.11915202254334,28.1629961,2026-04-04T00:36:28
294.74414,8.442998,5.11916331803929,28.1627245,2026-04-04T00:37:28
294.918138,8.289025,5.11917461342522,28.1624474,2026-04-04T00:38:28
295.092265,8.135269,5.11918590869893,28.162165,2026-04-04T00:39:28
295.266522,7.981732,5.11919720385827,28.1618771,2026-04-04T00:40:28
295.44091,7.828415,5.11920849890106,28.1615838,2026-04-04T00:41:28
295.615434,7.67532,5.11921979382512,28.1612851,2026-04-04T00:42:28
295.790094,7.522449,5.1192310886283,28.160981,2026-04-04T00:43:28
295.964892,7.369803,5.11924238330844,28.1606715,2026-04-04T00:44:28
296.139831,7.217383,5.11925367786335,28.1603566,2026-04-04T00:45:28
296.314914,7.065192,5.1192649722909,28.1600363,2026-04-04T00:46:28
296.490141,6.91323,5.11927626658891,28.1597107,2026-04-04T00:47:28
296.665516,6.761501,5.11928756075524,28.1593797,2026-04-04T00:48:28
296.84104,6.610004,5.11929885478773,28.1590433,2026-04-04T00:49:28
297.016715,6.458742,5.11931014868424,28.1587016,2026-04-04T00:50:28
297.192544,6.307716,5.11932144244262,28.1583545,2026-04-04T00:51:28
297.368528,6.156929,5.11933273606072,28.1580021,2026-04-04T00:52:28
297.544669,6.006381,5.1193440295364,28.1576443,2026-04-04T00:53:28
297.720971,5.856074,5.11935532286753,28.1572813,2026-04-04T00:54:28
297.897433,5.706011,5.11936661605197,28.1569129,2026-04-04T00:55:28
298.07406,5.556192,5.11937790908758,28.1565391,2026-04-04T00:56:28
298.250852,5.406619,5.11938920197224,28.1561601,2026-04-04T00:57:28
298.427812,5.257294,5.11940049470382,28.1557758,2026-04-04T00:58:28
298.604941,5.108219,5.1194117872802,28.1553862,2026-04-04T00:59:28
298.782242,4.959395,5.11942307969925,28.1549913,2026-04-04T01:00:28
298.959717,4.810823,5.11943437195885,28.1545911,2026-04-04T01:01:28
299.137368,4.662507,5.11944566405691,28.1541857,2026-04-04T01:02:28
299.315196,4.514446,5.11945695599129,28.153775,2026-04-04T01:03:28
299.493203,4.366644,5.1194682477599,28.153359,2026-04-04T01:04:28
299.671392,4.219101,5.11947953936062,28.1529378,2026-04-04T01:05:28
299.849765,4.071819,5.11949083079136,28.1525114,2026-04-04T01:06:28
300.028322,3.924801,5.11950212205002,28.1520797,2026-04-04T01:07:28
300.207067,3.778047,5.1195134131345,28.1516428,2026-04-04T01:08:28
300.386002,3.63156,5.11952470404272,28.1512007,2026-04-04T01:09:28
300.565127,3.485341,5.11953599477258,28.1507535,2026-04-04T01:10:28
300.744445,3.339391,5.11954728532199,28.150301,2026-04-04T01:11:28
300.923958,3.193713,5.11955857568889,28.1498433,2026-04-04T01:12:28
301.103668,3.048309,5.11956986587118,28.1493805,2026-04-04T01:13:28
301.283576,2.90318,5.1195811558668,28.1489124,2026-04-04T01:14:28
301.463685,2.758327,5.11959244567368,28.1484393,2026-04-04T01:15:28
301.643996,2.613753,5.11960373528974,28.1479609,2026-04-04T01:16:28
301.824511,2.469459,5.11961502471293,28.1474775,2026-04-04T01:17:28
302.005231,2.325447,5.11962631394119,28.1469889,2026-04-04T01:18:28
302.18616,2.181719,5.11963760297246,28.1464952,2026-04-04T01:19:28
302.367298,2.038276,5.11964889180468,28.1459964,2026-04-04T01:20:28
302.548648,1.895121,5.11966018043582,28.1454925,2026-04-04T01:21:28
302.73021,1.752255,5.11967146886383,28.1449834,2026-04-04T01:22:28
302.911988,1.609679,5.11968275708667,28.1444693,2026-04-04T01:23:28
303.093982,1.467397,5.11969404510229,28.1439502,2026-04-04T01:24:28
303.276194,1.325408,5.11970533290868,28.143426,2026-04-04T01:25:28
303.458627,1.183716,5.1197166205038,28.1428967,2026-04-04T01:26:28
303.641281,1.042322,5.11972790788563,28.1423624,2026-04-04T01:27:28
303.824159,0.901228,5.11973919505215,28.141823,2026-04-04T01:28:28
304.007262,0.760435,5.11975048200134,28.1412787,2026-04-04T01:29:28
304.190592,0.619946,5.11976176873119,28.1407293,2026-04-04T01:30:28
304.374151,0.479762,5.1197730552397,28.1401749,2026-04-04T01:31:28
304.557941,0.339885,5.11978434152487,28.1396156,2026-04-04T01:32:28
304.741962,0.200317,5.11979562758469,28.1390512,2026-04-04T01:33:28
304.926217,0.061059,5.11980691341717,28.1384819,2026-04-04T01:34:28
305.110707,-0.077885,5.11981819902032,28.1379077,2026-04-04T01:35:28
305.295434,-0.216516,5.11982948439216,28.1373285,2026-04-04T01:36:28
305.4804,-0.35483,5.11984076953071,28.1367443,2026-04-04T01:37:28
305.665606,-0.492826,5.11985205443398,28.1361553,2026-04-04T01:38:28
305.851054,-0.630502,5.11986333910002,28.1355613,2026-04-04T01:39:28
306.036746,-0.767857,5.11987462352685,28.1349625,2026-04-04T01:40:28
306.222682,-0.904887,5.11988590771251,28.1343587,2026-04-04T01:41:28
306.408865,-1.041592,5.11989719165504,28.1337501,2026-04-04T01:42:28
306.595296,-1.17797,5.11990847535249,28.1331366,2026-04-04T01:43:28
306.781977,-1.314018,5.11991975880291,28.1325183,2026-04-04T01:44:28
306.968908,-1.449736,5.11993104200436,28.1318951,2026-04-04T01:45:28
307.156093,-1.58512,5.1199423249549,28.1312671,2026-04-04T01:46:28
307.343532,-1.720169,5.1199536076526,28.1306343,2026-04-04T01:47:28
307.531227,-1.854881,5.11996489009553,28.1299967,2026-04-04T01:48:28
307.719178,-1.989254,5.11997617228176,28.1293543,2026-04-04T01:49:28
307.907389,-2.123287,5.11998745420938,28.1287071,2026-04-04T01:50:28
308.09586,-2.256977,5.11999873587647,28.1280551,2026-04-04T01:51:28
308.284592,-2.390323,5.12001001728112,28.1273984,2026-04-04T01:52:28
308.473587,-2.523322,5.12002129842143,28.126737,2026-04-04T01:53:28
308.662847,-2.655972,5.1200325792955,28.1260708,2026-04-04T01:54:28
308.852373,-2.788273,5.12004385990145,28.1253999,2026-04-04T01:55:28
309.042166,-2.920221,5.12005514023737,28.1247243,2026-04-04T01:56:28
309.232228,-3.051814,5.12006642030139,28.1240441,2026-04-04T01:57:28
309.42256,-3.183052,5.12007770009163,28.1233591,2026-04-04T01:58:28
309.613163,-3.313931,5.12008897960621,28.1226695,2026-04-04T01:59:28
309.804039,-3.444451,5.12010025884328,28.1219752,2026-04-04T02:00:28
309.995189,-3.574608,5.12011153780097,28.1212764,2026-04-04T02:01:28
310.186615,-3.704401,5.12012281647742,28.1205728,2026-04-04T02:02:28
310.378317,-3.833828,5.12013409487078,28.1198647,2026-04-04T02:03:28
310.570297,-3.962888,5.12014537297921,28.119152,2026-04-04T02:04:28
310.762557,-4.091577,5.12015665080086,28.1184347,2026-04-04T02:05:28
310.955097,-4.219894,5.12016792833391,28.1177128,2026-04-04T02:06:28
311.147919,-4.347838,5.12017920557652,28.1169864,2026-04-04T02:07:28
311.341025,-4.475405,5.12019048252688,28.1162555,2026-04-04T02:08:28
311.534414,-4.602594,5.12020175918315,28.11552,2026-04-04T02:09:28
311.728089,-4.729404,5.12021303554355,28.11478,2026-04-04T02:10:28
311.922051,-4.855831,5.12022431160624,28.1140355,2026-04-04T02:11:28
312.1163,-4.981875,5.12023558736944,28.1132866,2026-04-04T02:12:28
312.310839,-5.107532,5.12024686283136,28.1125332,2026-04-04T02:13:28
312.505667,-5.232802,5.1202581379902,28.1117753,2026-04-04T02:14:28
312.700787,-5.357681,5.12026941284418,28.111013,2026-04-04T02:15:28
312.8962,-5.482168,5.12028068739153,28.1102462,2026-04-04T02:16:28
313.091906,-5.606261,5.12029196163046,28.1094751,2026-04-04T02:17:28
313.287906,-5.729958,5.12030323555923,28.1086995,2026-04-04T02:18:28
313.484202,-5.853257,5.12031450917607,28.1079196,2026-04-04T02:19:28
313.680795,-5.976155,5.12032578247922,28.1071353,2026-04-04T02:20:28
313.877686,-6.098651,5.12033705546694,28.1063467,2026-04-04T02:21:28
314.074876,-6.220743,5.12034832813749,28.1055537,2026-04-04T02:22:28
314.272365,-6.342428,5.12035960048914,28.1047565,2026-04-04T02:23:28
314.470155,-6.463705,5.12037087252015,28.1039549,2026-04-04T02:24:28
314.668247,-6.584571,5.12038214422881,28.103149,2026-04-04T02:25:28
314.866642,-6.705024,5.1203934156134,28.1023389,2026-04-04T02:26:28
315.06534,-6.825063,5.1204046866722,28.1015245,2026-04-04T02:27:28
315.264342,-6.944685,5.12041595740352,28.1007059,2026-04-04T02:28:28
315.463651,-7.063888,5.12042722780566,28.099883,2026-04-04T02:29:28
315.663265,-7.18267,5.12043849787693,28.0990559,2026-04-04T02:30:28
315.863187,-7.301029,5.12044976761564,28.0982247,2026-04-04T02:31:28
316.063417,-7.418963,5.12046103702011,28.0973893,2026-04-04T02:32:28
316.263955,-7.53647,5.12047230608868,28.0965497,2026-04-04T02:33:28
316.464804,-7.653547,5.12048357481968,28.0957059,2026-04-04T02:34:28
316.665963,-7.770192,5.12049484321145,28.0948581,2026-04-04T02:35:28
316.867433,-7.886405,5.12050611126234,28.0940061,2026-04-04T02:36:28
317.069215,-8.002181,5.1205173789707,28.0931501,2026-04-04T02:37:28
317.27131,-8.11752,5.12052864633489,28.0922899,2026-04-04T02:38:28
317.473718,-8.232419,5.12053991335329,28.0914257,2026-04-04T02:39:28
317.67644,-8.346875,5.12055118002427,28.0905575,2026-04-04T02:40:28
317.879478,-8.460888,5.1205624463462,28.0896852,2026-04-04T02:41:28
318.08283,-8.574454,5.12057371231749,28.0888089,2026-04-04T02:42:28
318.286499,-8.687572,5.12058497793651,28.0879287,2026-04-04T02:43:28
318.490485,-8.800239,5.12059624320168,28.0870444,2026-04-04T02:44:28
318.694787,-8.912454,5.1206075081114,28.0861562,2026-04-04T02:45:28
318.899408,-9.024214,5.12061877266409,28.085264,2026-04-04T02:46:28
319.104347,-9.135517,5.12063003685816,28.084368,2026-04-04T02:47:28
319.309606,-9.246361,5.12064130069206,28.083468,2026-04-04T02:48:28
319.515183,-9.356744,5.12065256416421,28.0825641,2026-04-04T02:49:28
319.721081,-9.466664,5.12066382727306,28.0816564,2026-04-04T02:50:28
319.927299,-9.576118,5.12067509001706,28.0807448,2026-04-04T02:51:28
320.133838,-9.685104,5.12068635239466,28.0798293,2026-04-04T02:52:28
320.340698,-9.793621,5.12069761440434,28.07891,2026-04-04T02:53:28
320.54788,-9.901665,5.12070887604455,28.077987,2026-04-04T02:54:28
320.755384,-10.009236,5.12072013731379,28.0770601,2026-04-04T02:55:28
320.963211,-10.11633,5.12073139821053,28.0761295,2026-04-04T02:56:28
321.17136,-10.222946,5.12074265873327,28.0751952,2026-04-04T02:57:28
321.379833,-10.329082,5.1207539188805,28.0742571,2026-04-04T02:58:28
321.588628,-10.434735,5.12076517865074,28.0733152,2026-04-04T02:59:28
321.797748,-10.539903,5.12077643804251,28.0723697,2026-04-04T03:00:28
322.007191,-10.644584,5.12078769705431,28.0714206,2026-04-04T03:01:28
322.216959,-10.748776,5.12079895568469,28.0704677,2026-04-04T03:02:28
322.427051,-10.852477,5.12081021393217,28.0695113,2026-04-04T03:03:28
322.637467,-10.955684,5.12082147179531,28.0685512,2026-04-04T03:04:28
322.848208,-11.058396,5.12083272927265,28.0675875,2026-04-04T03:05:28
323.059274,-11.16061,5.12084398636275,28.0666202,2026-04-04T03:06:28
323.270665,-11.262324,5.12085524306419,28.0656493,2026-04-04T03:07:28
323.48238,-11.363537,5.12086649937552,28.0646749,2026-04-04T03:08:28
323.694421,-11.464244,5.12087775529534,28.063697,2026-04-04T03:09:28
323.906786,-11.564446,5.12088901082222,28.0627156,2026-04-04T03:10:28
324.119477,-11.664139,5.12090026595478,28.0617306,2026-04-04T03:11:28
324.332493,-11.763321,5.12091152069161,28.0607423,2026-04-04T03:12:28
324.545833,-11.861991,5.12092277503133,28.0597504,2026-04-04T03:13:28
324.759498,-11.960146,5.12093402897255,28.0587551,2026-04-04T03:14:28
324.973489,-12.057783,5.1209452825139,28.0577564,2026-04-04T03:15:28
325.187803,-12.154902,5.12095653565401,28.0567544,2026-04-04T03:16:28
325.402443,-12.251498,5.12096778839154,28.0557489,2026-04-04T03:17:28
325.617406,-12.347572,5.12097904072512,28.0547401,2026-04-04T03:18:28
325.832694,-12.443119,5.12099029265342,28.0537279,2026-04-04T03:19:28
326.048305,-12.538139,5.1210015441751,28.0527125,2026-04-04T03:20:28
326.264241,-12.632629,5.12101279528884,28.0516937,2026-04-04T03:21:28
326.480499,-12.726587,5.12102404599331,28.0506716,2026-04-04T03:22:28
326.697081,-12.82001,5.12103529628721,28.0496463,2026-04-04T03:23:28
326.913985,-12.912897,5.12104654616924,28.0486178,2026-04-04T03:24:28
327.131211,-13.005246,5.1210577956381,28.047586,2026-04-04T03:25:28
327.34876,-13.097054,5.1210690446925,28.0465511,2026-04-04T03:26:28
327.566629,-13.188319,5.12108029333116,28.045513,2026-04-04T03:27:28
327.78482,-13.279039,5.12109154155282,28.0444717,2026-04-04T03:28:28
328.003332,-13.369213,5.1211027893562,28.0434272,2026-04-04T03:29:28
328.222163,-13.458837,5.12111403674007,28.0423797,2026-04-04T03:30:28
328.441314,-13.54791,5.12112528370316,28.041329,2026-04-04T03:31:28
328.660784,-13.636429,5.12113653024424,28.0402753,2026-04-04T03:32:28
328.880572,-13.724394,5.12114777636209,28.0392185,2026-04-04T03:33:28
329.100678,-13.8118,5.12115902205547,28.0381587,2026-04-04T03:34:28
329.321102,-13.898647,5.12117026732318,28.0370959,2026-04-04T03:35:28
329.541841,-13.984933,5.12118151216401,28.03603,2026-04-04T03:36:28
329.762896,-14.070654,5.12119275657676,28.0349612,2026-04-04T03:37:28
329.984267,-14.15581,5.12120400056024,28.0338895,2026-04-04T03:38:28
330.205951,-14.240397,5.12121524411327,28.0328148,2026-04-04T03:39:28
330.427949,-14.324415,5.12122648723468,28.0317372,2026-04-04T03:40:28
330.650259,-14.40786,5.12123772992331,28.0306567,2026-04-04T03:41:28
330.872881,-14.490732,5.12124897217799,28.0295733,2026-04-04T03:42:28
331.095815,-14.573027,5.12126021399758,28.0284871,2026-04-04T03:43:28
331.319058,-14.654744,5.12127145538095,28.027398,2026-04-04T03:44:28
331.54261,-14.73588,5.12128269632695,28.0263061,2026-04-04T03:45:28
331.76647,-14.816434,5.12129393683447,28.0252115,2026-04-04T03:46:28
331.990637,-14.896404,5.1213051769024,28.0241141,2026-04-04T03:47:28
332.21511,-14.975788,5.12131641652962,28.0230139,2026-04-04T03:48:28
332.439888,-15.054583,5.12132765571505,28.021911,2026-04-04T03:49:28
332.66497,-15.132787,5.12133889445759,28.0208054,2026-04-04T03:50:28
332.890354,-15.210399,5.12135013275616,28.0196971,2026-04-04T03:51:28
333.116041,-15.287417,5.12136137060969,28.0185862,2026-04-04T03:52:28
333.342027,-15.363838,5.12137260801712,28.0174726,2026-04-04T03:53:28
333.568313,-15.439661,5.12138384497739,28.0163564,2026-04-04T03:54:28
333.794897,-15.514883,5.12139508148946,28.0152377,2026-04-04T03:55:28
334.021778,-15.589503,5.12140631755229,28.0141163,2026-04-04T03:56:28
334.248953,-15.663519,5.12141755316486,28.0129924,2026-04-04T03:57:28
334.476423,-15.736929,5.12142878832614,28.0118659,2026-04-04T03:58:28
334.704186,-15.80973,5.12144002303512,28.010737,2026-04-04T03:59:28
334.93224,-15.881921,5.1214512572908,28.0096055,2026-04-04T04:00:28
335.160584,-15.9535,5.12146249109218,28.0084716,2026-04-04T04:01:28
335.389216,-16.024465,5.12147372443829,28.0073352,2026-04-04T04:02:28
335.618135,-16.094815,5.12148495732814,28.0061965,2026-04-04T04:03:28
335.84734,-16.164546,5.12149618976077,28.0050553,2026-04-04T04:04:28
336.076828,-16.233658,5.12150742173522,28.0039117,2026-04-04T04:05:28
336.306599,-16.302149,5.12151865325054,28.0027658,2026-04-04T04:06:28
336.53665,-16.370016,5.12152988430579,28.0016175,2026-04-04T04:07:28
336.766981,-16.437258,5.12154111490003,28.000467,2026-04-04T04:08:28
336.997589,-16.503872,5.12155234503235,27.9993141,2026-04-04T04:09:28
337.228472,-16.569858,5.12156357470183,27.998159,2026-04-04T04:10:28
337.45963,-16.635213,5.12157480390757,27.9970016,2026-04-04T04:11:28
337.691059,-16.699936,5.12158603264866,27.995842,2026-04-04T04:12:28
337.922759,-16.764024,5.12159726092422,27.9946802,2026-04-04T04:13:28
338.154728,-16.827476,5.12160848873338,27.9935163,2026-04-04T04:14:28
338.386964,-16.89029,5.12161971607526,27.9923501,2026-04-04T04:15:28
338.619464,-16.952465,5.121630942949,27.9911819,2026-04-04T04:16:28
338.852227,-17.013998,5.12164216935375,27.9900115,2026-04-04T04:17:28
339.085251,-17.074888,5.12165339528867,27.988839,2026-04-04T04:18:28
339.318534,-17.135133,5.12166462075293,27.9876645,2026-04-04T04:19:28
339.552075,-17.194732,5.1216758457457,27.9864879,2026-04-04T04:20:28
339.78587,-17.253682,5.12168707026617,27.9853093,2026-04-04T04:21:28
340.019918,-17.311982,5.12169829431352,27.9841287,2026-04-04T04:22:28
340.254218,-17.369631,5.12170951788697,27.9829462,2026-04-04T04:23:28
340.488765,-17.426626,5.12172074098572,27.9817616,2026-04-04T04:24:28
340.72356,-17.482966,5.121731963609,27.9805752,2026-04-04T04:25:28
340.958599,-17.53865,5.12174318575604,27.9793868,2026-04-04T04:26:28
341.19388,-17.593676,5.12175440742607,27.9781966,2026-04-04T04:27:28
341.429401,-17.648041,5.12176562861835,27.9770045,2026-04-04T04:28:28
341.66516,-17.701746,5.12177684933213,27.9758105,2026-04-04T04:29:28
341.901154,-17.754787,5.12178806956669,27.9746148,2026-04-04T04:30:28
342.137381,-17.807164,5.12179928932129,27.9734172,2026-04-04T04:31:28
342.37384,-17.858875,5.12181050859522,27.9722179,2026-04-04T04:32:28
342.610526,-17.909918,5.12182172738778,27.9710168,2026-04-04T04:33:28
342.847439,-17.960292,5.12183294569827,27.969814,2026-04-04T04:34:28
343.084575,-18.009995,5.12184416352601,27.9686095,2026-04-04T04:35:28
343.321932,-18.059027,5.12185538087031,27.9674034,2026-04-04T04:36:28
343.559508,-18.107385,5.12186659773052,27.9661956,2026-04-04T04:37:28
343.797299,-18.155067,5.12187781410596,27.9649861,2026-04-04T04:38:28
344.035305,-18.202074,5.121889029996,27.963775,2026-04-04T04:39:28
344.273521,-18.248402,5.12190024539999,27.9625624,2026-04-04T04:40:28
344.511946,-18.294052,5.1219114603173,27.9613482,2026-04-04T04:41:28
344.750577,-18.33902,5.12192267474732,27.9601325,2026-04-04T04:42:28
344.98941,-18.383307,5.12193388868942,27.9589152,2026-04-04T04:43:28
345.228445,-18.42691,5.12194510214301,27.9576965,2026-04-04T04:44:28
345.467677,-18.469829,5.12195631510749,27.9564762,2026-04-04T04:45:28
345.707104,-18.512062,5.12196752758228,27.9552546,2026-04-04T04:46:28
345.946723,-18.553607,5.12197873956681,27.9540315,2026-04-04T04:47:28
346.186532,-18.594464,5.1219899510605,27.952807,2026-04-04T04:48:28
346.426528,-18.634631,5.12200116206281,27.9515812,2026-04-04T04:49:28
346.666707,-18.674107,5.1220123725732,27.950354,2026-04-04T04:50:28
346.907068,-18.712891,5.12202358259111,27.9491255,2026-04-04T04:51:28
347.147607,-18.750981,5.12203479211603,27.9478957,2026-04-04T04:52:28
347.388321,-18.788377,5.12204600114744,27.9466646,2026-04-04T04:53:28
347.629207,-18.825077,5.12205720968483,27.9454322,2026-04-04T04:54:28
347.870263,-18.861079,5.12206841772771,27.9441986,2026-04-04T04:55:28
348.111486,-18.896384,5.12207962527557,27.9429638,2026-04-04T04:56:28
348.352872,-18.93099,5.12209083232793,27.9417278,2026-04-04T04:57:28
348.594419,-18.964895,5.12210203888436,27.9404907,2026-04-04T04:58:28
348.836123,-18.9981,5.12211324494437,27.9392524,2026-04-04T04:59:28
349.077982,-19.030601,5.12212445050751,27.9380131,2026-04-04T05:00:28
349.319992,-19.0624,5.12213565557335,27.9367726,2026-04-04T05:01:28
349.562151,-19.093494,5.12214686014144,27.935531,2026-04-04T05:02:28
349.804454,-19.123882,5.12215806421138,27.9342885,2026-04-04T05:03:28
350.0469,-19.153564,5.12216926778274,27.9330449,2026-04-04T05:04:28
350.289485,-19.182539,5.12218047085512,27.9318003,2026-04-04T05:05:28
350.532206,-19.210806,5.12219167342814,27.9305547,2026-04-04T05:06:28
350.775059,-19.238364,5.1222028755014,27.9293083,2026-04-04T05:07:28
351.018042,-19.265212,5.12221407707453,27.9280608,2026-04-04T05:08:28
351.261151,-19.291349,5.12222527814718,27.9268125,2026-04-04T05:09:28
351.504382,-19.316774,5.12223647871897,27.9255633,2026-04-04T05:10:28
351.747734,-19.341486,5.12224767878958,27.9243133,2026-04-04T05:11:28
351.991202,-19.365486,5.12225887835866,27.9230624,2026-04-04T05:12:28
352.234784,-19.388771,5.12227007742588,27.9218108,2026-04-04T05:13:28
352.478475,-19.411342,5.12228127599094,27.9205583,2026-04-04T05:14:28
352.722273,-19.433197,5.12229247405352,27.9193052,2026-04-04T05:15:28
352.966174,-19.454336,5.12230367161332,27.9180512,2026-04-04T05:16:28
353.210175,-19.474758,5.12231486867007,27.9167966,2026-04-04T05:17:28
353.454273,-19.494463,5.12232606522349,27.9155413,2026-04-04T05:18:28
353.698464,-19.513449,5.12233726127329,27.9142854,2026-04-04T05:19:28
353.942745,-19.531716,5.12234845681924,27.9130288,2026-04-04T05:20:28
354.187112,-19.549264,5.12235965186107,27.9117716,2026-04-04T05:21:28
354.431563,-19.566092,5.12237084639856,27.9105138,2026-04-04T05:22:28
354.676093,-19.5822,5.12238204043146,27.9092555,2026-04-04T05:23:28
354.920699,-19.597587,5.12239323395957,27.9079966,2026-04-04T05:24:28
355.165378,-19.612252,5.12240442698267,27.9067372,2026-04-04T05:25:28
355.410126,-19.626195,5.12241561950056,27.9054774,2026-04-04T05:26:28
355.65494,-19.639415,5.12242681151306,27.904217,2026-04-04T05:27:28
355.899817,-19.651913,5.12243800301997,27.9029563,2026-04-04T05:28:28
356.144753,-19.663687,5.12244919402114,27.9016951,2026-04-04T05:29:28
356.389744,-19.674738,5.1224603845164,27.9004335,2026-04-04T05:30:28
356.634787,-19.685064,5.1224715745056,27.8991716,2026-04-04T05:31:28
356.879878,-19.694666,5.1224827639886,27.8979093,2026-04-04T05:32:28
357.125015,-19.703544,5.12249395296526,27.8966467,2026-04-04T05:33:28
357.370193,-19.711696,5.12250514143547,27.8953839,2026-04-04T05:34:28
357.615408,-19.719124,5.1225163293991,27.8941207,2026-04-04T05:35:28
357.860659,-19.725825,5.12252751685607,27.8928573,2026-04-04T05:36:28
358.10594,-19.731801,5.12253870380628,27.8915937,2026-04-04T05:37:28
358.351249,-19.737051,5.12254989024964,27.8903299,2026-04-04T05:38:28
358.596581,-19.741575,5.12256107618607,27.8890659,2026-04-04T05:39:28
358.841934,-19.745373,5.12257226161553,27.8878018,2026-04-04T05:40:28
359.087303,-19.748444,5.12258344653795,27.8865375,2026-04-04T05:41:28
359.332686,-19.750789,5.12259463095329,27.8852732,2026-04-04T05:42:28
359.578078,-19.752408,5.12260581486151,27.8840088,2026-04-04T05:43:28
359.823477,-19.753299,5.1226169982626,27.8827443,2026-04-04T05:44:28
0.068878,-19.753465,5.12262818115653,27.8814798,2026-04-04T05:45:28
0.314278,-19.752903,5.1226393635433,27.8802153,2026-04-04T05:46:28
0.559674,-19.751615,5.12265054542292,27.8789509,2026-04-04T05:47:28
0.805061,-19.7496,5.1226617267954,27.8776865,2026-04-04T05:48:28
1.050437,-19.746859,5.12267290766076,27.8764221,2026-04-04T05:49:28
1.295798,-19.743392,5.12268408801904,27.8751579,2026-04-04T05:50:28
1.541141,-19.739198,5.12269526787029,27.8738938,2026-04-04T05:51:28
1.786461,-19.734278,5.12270644721455,27.8726298,2026-04-04T05:52:28
2.031755,-19.728632,5.12271762605189,27.871366,2026-04-04T05:53:28
2.27702,-19.72226,5.12272880438238,27.8701024,2026-04-04T05:54:28
2.522252,-19.715163,5.12273998220611,27.868839,2026-04-04T05:55:28
2.767448,-19.70734,5.12275115952317,27.8675758,2026-04-04T05:56:28
3.012604,-19.698792,5.12276233633365,27.8663129,2026-04-04T05:57:28
3.257716,-19.689519,5.12277351263769,27.8650503,2026-04-04T05:58:28
3.502782,-19.679522,5.12278468843538,27.863788,2026-04-04T05:59:28
3.747797,-19.6688,5.12279586372687,27.8625261,2026-04-04T06:00:28
3.992759,-19.657355,5.1228070385123,27.8612645,2026-04-04T06:01:28
4.237663,-19.645186,5.12281821279182,27.8600034,2026-04-04T06:02:28
4.482506,-19.632294,5.12282938656559,27.8587426,2026-04-04T06:03:28
4.727285,-19.61868,5.12284055983377,27.8574823,2026-04-04T06:04:28
4.971996,-19.604343,5.12285173259656,27.8562224,2026-04-04T06:05:28
5.216636,-19.589284,5.12286290485413,27.854963,2026-04-04T06:06:28
5.461202,-19.573505,5.1228740766067,27.8537041,2026-04-04T06:07:28
5.705689,-19.557004,5.12288524785447,27.8524458,2026-04-04T06:08:28
5.950095,-19.539783,5.12289641859765,27.851188,2026-04-04T06:09:28
6.194416,-19.521843,5.12290758883648,27.8499308,2026-04-04T06:10:28
6.438649,-19.503183,5.1229187585712,27.8486742,2026-04-04T06:11:28
6.68279,-19.483805,5.12292992780205,27.8474182,2026-04-04T06:12:28
6.926835,-19.463709,5.12294109652929,27.8461629,2026-04-04T06:13:28
7.170783,-19.442896,5.12295226475319,27.8449083,2026-04-04T06:14:28
7.414629,-19.421367,5.12296343247403,27.8436544,2026-04-04T06:15:28
7.658369,-19.399121,5.12297459969209,27.8424012,2026-04-04T06:16:28
7.902002,-19.376161,5.12298576640768,27.8411487,2026-04-04T06:17:28
8.145522,-19.352486,5.12299693262109,27.8398971,2026-04-04T06:18:28
8.388928,-19.328097,5.12300809833264,27.8386462,2026-04-04T06:19:28
8.632215,-19.302996,5.12301926354266,27.8373961,2026-04-04T06:20:28
8.875381,-19.277182,5.12303042825148,27.8361469,2026-04-04T06:21:28
9.118422,-19.250658,5.12304159245946,27.8348986,2026-04-04T06:22:28
9.361335,-19.223423,5.12305275616693,27.8336512,2026-04-04T06:23:28
9.604117,-19.195478,5.12306391937428,27.8324047,2026-04-04T06:24:28
9.846765,-19.166825,5.12307508208186,27.8311591,2026-04-04T06:25:28
10.089275,-19.137464,5.12308624429007,27.8299145,2026-04-04T06:26:28
10.331644,-19.107397,5.1230974059993,27.8286709,2026-04-04T06:27:28
10.57387,-19.076623,5.12310856720994,27.8274283,2026-04-04T06:28:28
10.815949,-19.045145,5.12311972792242,27.8261868,2026-04-04T06:29:28
11.057877,-19.012963,5.12313088813716,27.8249463,2026-04-04T06:30:28
11.299653,-18.980078,5.12314204785457,27.8237069,2026-04-04T06:31:28
11.541272,-18.946492,5.12315320707512,27.8224686,2026-04-04T06:32:28
11.782732,-18.912204,5.12316436579924,27.8212314,2026-04-04T06:33:28
12.024031,-18.877217,5.1231755240274,27.8199954,2026-04-04T06:34:28
12.265164,-18.841532,5.12318668176007,27.8187606,2026-04-04T06:35:28
12.506128,-18.805149,5.12319783899772,27.817527,2026-04-04T06:36:28
12.746922,-18.768069,5.12320899574085,27.8162946,2026-04-04T06:37:28
12.987542,-18.730295,5.12322015198994,27.8150635,2026-04-04T06:38:28
13.227985,-18.691826,5.12323130774552,27.8138337,2026-04-04T06:39:28
13.468248,-18.652665,5.1232424630081,27.8126051,2026-04-04T06:40:28
13.708328,-18.612812,5.1232536177782,27.8113779,2026-04-04T06:41:28
13.948224,-18.572268,5.12326477205637,27.8101521,2026-04-04T06:42:28
14.18793,-18.531036,5.12327592584313,27.8089276,2026-04-04T06:43:28
14.427446,-18.489116,5.12328707913906,27.8077045,2026-04-04T06:44:28
14.666768,-18.446509,5.12329823194472,27.8064828,2026-04-04T06:45:28
14.905894,-18.403217,5.12330938426067,27.8052625,2026-04-04T06:46:28
15.14482,-18.359241,5.1233205360875,27.8040438,2026-04-04T06:47:28
15.383544,-18.314582,5.12333168742582,27.8028265,2026-04-04T06:48:28
15.622064,-18.269242,5.12334283827621,27.8016107,2026-04-04T06:49:28
15.860376,-18.223223,5.12335398863928,27.8003965,2026-04-04T06:50:28
16.098479,-18.176524,5.12336513851567,27.7991838,2026-04-04T06:51:28
16.336369,-18.129149,5.123376287906,27.7979727,2026-04-04T06:52:28
16.574045,-18.081098,5.12338743681091,27.7967632,2026-04-04T06:53:28
16.811503,-18.032373,5.12339858523105,27.7955554,2026-04-04T06:54:28
17.048741,-17.982975,5.12340973316707,27.7943492,2026-04-04T06:55:28
17.285757,-17.932906,5.12342088061965,27.7931447,2026-04-04T06:56:28
17.522547,-17.882167,5.12343202758947,27.7919418,2026-04-04T06:57:28
17.759111,-17.83076,5.1234431740772,27.7907407,2026-04-04T06:58:28
17.995445,-17.778686,5.12345432008354,27.7895414,2026-04-04T06:59:28
18.231546,-17.725946,5.1234654656092,27.7883438,2026-04-04T07:00:28
18.467414,-17.672543,5.12347661065489,27.787148,2026-04-04T07:01:28
18.703044,-17.618478,5.12348775522134,27.785954,2026-04-04T07:02:28
18.938436,-17.563753,5.12349889930928,27.7847618,2026-04-04T07:03:28
19.173587,-17.508368,5.12351004291945,27.7835716,2026-04-04T07:04:28
19.408494,-17.452326,5.12352118605259,27.7823832,2026-04-04T07:05:28
19.643156,-17.395629,5.12353232870948,27.7811967,2026-04-04T07:06:28
19.87757,-17.338277,5.12354347089088,27.7800121,2026-04-04T07:07:28
20.111733,-17.280273,5.12355461259756,27.7788295,2026-04-04T07:08:28
20.345645,-17.221619,5.12356575383032,27.7776488,2026-04-04T07:09:28
20.579303,-17.162315,5.12357689458995,27.7764702,2026-04-04T07:10:28
20.812705,-17.102364,5.12358803487727,27.7752936,2026-04-04T07:11:28
21.045849,-17.041767,5.12359917469307,27.774119,2026-04-04T07:12:28
21.278733,-16.980527,5.12361031403819,27.7729465,2026-04-04T07:13:28
21.511354,-16.918644,5.12362145291345,27.7717761,2026-04-04T07:14:28
21.743712,-16.85612,5.12363259131971,27.7706078,2026-04-04T07:15:28
21.975803,-16.792958,5.12364372925781,27.7694416,2026-04-04T07:16:28
22.207627,-16.729159,5.12365486672861,27.7682775,2026-04-04T07:17:28
22.439182,-16.664725,5.12366600373299,27.7671157,2026-04-04T07:18:28
22.670465,-16.599658,5.12367714027181,27.765956,2026-04-04T07:19:28
22.901475,-16.533959,5.12368827634597,27.7647986,2026-04-04T07:20:28
23.13221,-16.46763,5.12369941195636,27.7636434,2026-04-04T07:21:28
23.362668,-16.400674,5.12371054710388,27.7624905,2026-04-04T07:22:28
23.592849,-16.333091,5.12372168178946,27.7613399,2026-04-04T07:23:28
23.822749,-16.264884,5.12373281601401,27.7601916,2026-04-04T07:24:28
24.052368,-16.196055,5.12374394977846,27.7590456,2026-04-04T07:25:28
24.281703,-16.126605,5.12375508308376,27.757902,2026-04-04T07:26:28
24.510754,-16.056537,5.12376621593085,27.7567607,2026-04-04T07:27:28
24.739519,-15.985852,5.12377734832069,27.7556219,2026-04-04T07:28:28
24.967996,-15.914552,5.12378848025425,27.7544855,2026-04-04T07:29:28
25.196183,-15.842639,5.12379961173251,27.7533515,2026-04-04T07:30:28
25.42408,-15.770115,5.12381074275644,27.75222,2026-04-04T07:31:28
25.651685,-15.696982,5.12382187332704,27.7510909,2026-04-04T07:32:28
25.878997,-15.623242,5.12383300344532,27.7499644,2026-04-04T07:33:28
26.106014,-15.548897,5.12384413311228,27.7488404,2026-04-04T07:34:28
26.332735,-15.473949,5.12385526232894,27.747719,2026-04-04T07:35:28
26.559158,-15.398399,5.12386639109633,27.7466001,2026-04-04T07:36:28
26.785283,-15.32225,5.12387751941549,27.7454838,2026-04-04T07:37:28
27.011108,-15.245504,5.12388864728746,27.7443702,2026-04-04T07:38:28
27.236632,-15.168162,5.12389977471329,27.7432591,2026-04-04T07:39:28
27.461854,-15.090227,5.12391090169405,27.7421508,2026-04-04T07:40:28
27.686772,-15.011701,5.12392202823081,27.7410451,2026-04-04T07:41:28
27.911386,-14.932585,5.12393315432465,27.7399421,2026-04-04T07:42:28
28.135695,-14.852882,5.12394427997666,27.7388419,2026-04-04T07:43:28
28.359697,-14.772594,5.12395540518792,27.7377444,2026-04-04T07:44:28
28.583391,-14.691723,5.12396652995955,27.7366496,2026-04-04T07:45:28
28.806777,-14.61027,5.12397765429267,27.7355577,2026-04-04T07:46:28
29.029853,-14.528238,5.12398877818838,27.7344685,2026-04-04T07:47:28
29.252619,-14.445629,5.12399990164783,27.7333822,2026-04-04T07:48:28
29.475074,-14.362445,5.12401102467215,27.7322987,2026-04-04T07:49:28
29.697216,-14.278688,5.12402214726248,27.7312181,2026-04-04T07:50:28
29.919045,-14.194359,5.12403326941999,27.7301404,2026-04-04T07:51:28
30.140561,-14.109462,5.12404439114584,27.7290656,2026-04-04T07:52:28
30.361762,-14.023998,5.12405551244119,27.7279937,2026-04-04T07:53:28
30.582647,-13.93797,5.12406663330723,27.7269248,2026-04-04T07:54:28
30.803217,-13.851378,5.12407775374516,27.7258589,2026-04-04T07:55:28
31.023469,-13.764227,5.12408887375615,27.7247959,2026-04-04T07:56:28
31.243405,-13.676516,5.12409999334142,27.723736,2026-04-04T07:57:28
31.463022,-13.588249,5.12411111250219,27.7226791,2026-04-04T07:58:28
31.682321,-13.499428,5.12412223123967,27.7216252,2026-04-04T07:59:28
31.9013,-13.410055,5.12413334955509,27.7205745,2026-04-04T08:00:28
32.119959,-13.320132,5.1241444674497,27.7195268,2026-04-04T08:01:28
32.338299,-13.229661,5.12415558492473,27.7184822,2026-04-04T08:02:28
32.556317,-13.138644,5.12416670198144,27.7174408,2026-04-04T08:03:28
32.774014,-13.047083,5.12417781862109,27.7164026,2026-04-04T08:04:28
32.99139,-12.954981,5.12418893484496,27.7153675,2026-04-04T08:05:28
33.208443,-12.862339,5.12420005065431,27.7143356,2026-04-04T08:06:28
33.425174,-12.76916,5.12421116605044,27.7133069,2026-04-04T08:07:28
33.641582,-12.675445,5.12422228103464,27.7122815,2026-04-04T08:08:28
33.857667,-12.581198,5.12423339560821,27.7112593,2026-04-04T08:09:28
34.073429,-12.486419,5.12424450977246,27.7102404,2026-04-04T08:10:28
34.288866,-12.391112,5.12425562352871,27.7092248,2026-04-04T08:11:28
34.50398,-12.295278,5.12426673687829,27.7082125,2026-04-04T08:12:28
34.71877,-12.19892,5.12427784982252,27.7072035,2026-04-04T08:13:28
34.933235,-12.102039,5.12428896236275,27.7061979,2026-04-04T08:14:28
35.147376,-12.004638,5.12430007450032,27.7051956,2026-04-04T08:15:28
35.361192,-11.906719,5.1243111862366,27.7041968,2026-04-04T08:16:28
35.574683,-11.808284,5.12432229757295,27.7032014,2026-04-04T08:17:28
35.787849,-11.709336,5.12433340851073,27.7022093,2026-04-04T08:18:28
36.000691,-11.609875,5.12434451905134,27.7012208,2026-04-04T08:19:28
36.213207,-11.509906,5.12435562919615,27.7002357,2026-04-04T08:20:28
36.425398,-11.409428,5.12436673894656,27.6992541,2026-04-04T08:21:28
36.637265,-11.308446,5.12437784830398,27.698276,2026-04-04T08:22:28
36.848806,-11.206961,5.12438895726981,27.6973014,2026-04-04T08:23:28
37.060023,-11.104975,5.12440006584547,27.6963304,2026-04-04T08:24:28
37.270915,-11.00249,5.12441117403239,27.6953629,2026-04-04T08:25:28
37.481482,-10.899508,5.124422281832,27.6943991,2026-04-04T08:26:28
37.691725,-10.796033,5.12443338924574,27.6934388,2026-04-04T08:27:28
37.901643,-10.692065,5.12444449627505,27.6924821,2026-04-04T08:28:28
38.111237,-10.587606,5.12445560292139,27.6915291,2026-04-04T08:29:28
38.320507,-10.48266,5.12446670918624,27.6905797,2026-04-04T08:30:28
38.529453,-10.377229,5.12447781507104,27.689634,2026-04-04T08:31:28
38.738076,-10.271313,5.12448892057728,27.688692,2026-04-04T08:32:28
38.946376,-10.164916,5.12450002570645,27.6877537,2026-04-04T08:33:28
39.154352,-10.05804,5.12451113046004,27.6868191,2026-04-04T08:34:28
39.362007,-9.950686,5.12452223483954,27.6858883,2026-04-04T08:35:28
39.569338,-9.842858,5.12453333884646,27.6849612,2026-04-04T08:36:28
39.776348,-9.734557,5.12454444248231,27.684038,2026-04-04T08:37:28
39.983037,-9.625785,5.12455554574862,27.6831185,2026-04-04T08:38:28
40.189405,-9.516544,5.12456664864691,27.6822028,2026-04-04T08:39:28
40.395451,-9.406837,5.12457775117872,27.681291,2026-04-04T08:40:28
40.601178,-9.296666,5.12458885334558,27.680383,2026-04-04T08:41:28
40.806585,-9.186032,5.12459995514905,27.6794789,2026-04-04T08:42:28
41.011673,-9.074939,5.12461105659069,27.6785787,2026-04-04T08:43:28
41.216442,-8.963387,5.12462215767204,27.6776824,2026-04-04T08:44:28
41.420893,-8.85138,5.12463325839469,27.67679,2026-04-04T08:45:28
