JDTDB,Calendar Date (TDB),delta-T,X,Y,Z,VX,VY,VZ,Calendar Date (UTC)
2461132.925034722, A.D. 2026-Apr-02 10:12:03.0000,69.185634,-146822703.6598951,-30103620.02078153,-13053482.40174183,6.447144036256596,-27.73651818178597,-10.44710373261685,2026-04-02T10:10:53.814344
2461132.925729167, A.D. 2026-Apr-02 10:13:03.0000,69.185634,-146822318.6901799,-30105286.12697427,-13054108.96210422,6.385013375080361,-27.80035943677431,-10.43905790774171,2026-04-02T10:11:53.814421
2461132.926423611, A.D. 2026-Apr-02 10:14:03.0000,69.185634,-146821937.4779368,-30106956.05540167,-13054735.18475095,6.321932160409473,-27.86390648440402,-10.43586394579447,2026-04-02T10:12:53.814377
2461132.927118056, A.D. 2026-Apr-02 10:15:03.0000,69.185634,-146821560.0736949,-30108629.78217172,-13055361.3626316,6.258122344535989,-27.9269484690784,-10.43757582586167,2026-04-02T10:13:53.814414
2461132.9278125, A.D. 2026-Apr-02 10:16:03.0000,69.185634,-146821186.5140792,-30110307.27055061,-13055987.79039233,6.193818555872729,-27.98927460005323,-10.44419481631695,2026-04-02T10:14:53.814370
2461132.928506944, A.D. 2026-Apr-02 10:17:03.0000,69.185634,-146820816.8224044,-30111988.47177036,-13056614.76163433,6.129224350948891,-28.05069243181448,-10.45569229336447,2026-04-02T10:15:53.814326
2461132.929201389, A.D. 2026-Apr-02 10:18:03.0000,69.185634,-146820451.0107407,-30113673.32548612,-13057242.5682685,6.064518475766368,-28.11100544630601,-10.47204274557265,2026-04-02T10:16:53.814403
2461132.929895833, A.D. 2026-Apr-02 10:19:03.0000,69.185634,-146820089.0799395,-30115361.75938796,-13057871.5005048,5.999899278203975,-28.17001510449288,-10.49320873087366,2026-04-02T10:17:53.814359
2461132.930590278, A.D. 2026-Apr-02 10:20:03.0000,69.185634,-146819731.018763,-30117053.68976445,-13058501.84554842,5.935566654789173,-28.22753959049422,-10.51913165676734,2026-04-02T10:18:53.814396
2461132.931284722, A.D. 2026-Apr-02 10:21:03.0000,69.185634,-146819376.804083,-30118749.02220191,-13059133.88691366,5.871719115612865,-28.28340273987966,-10.54974748024778,2026-04-02T10:19:53.814352
2461132.931979167, A.D. 2026-Apr-02 10:22:03.0000,69.185634,-146819026.400581,-30120447.65166451,-13059767.904024,5.808565397246851,-28.33742473805382,-10.58497975347331,2026-04-02T10:20:53.814389
2461132.932673611, A.D. 2026-Apr-02 10:23:03.0000,69.185634,-146818679.7604136,-30122149.46237989,-13060404.17079507,5.746308867967175,-28.38943117999709,-10.62472325185534,2026-04-02T10:21:53.814385
2461132.933368056, A.D. 2026-Apr-02 10:24:03.0000,69.185634,-146818336.8241745,-30123854.32831701,-13061042.95470496,5.685136708024467,-28.43924920816904,-10.66887233697177,2026-04-02T10:22:53.814422
2461132.9340625, A.D. 2026-Apr-02 10:25:03.0000,69.185634,-146817997.5204676,-30125562.11268943,-13061684.51627573,5.625262962715819,-28.48669929299605,-10.71729013669476,2026-04-02T10:23:53.814378
2461132.934756944, A.D. 2026-Apr-02 10:26:03.0000,69.185634,-146817661.7651214,-30127272.66888504,-13062329.10656463,5.566890746909076,-28.53163559978177,-10.76980666943104,2026-04-02T10:24:53.814334
2461132.935451389, A.D. 2026-Apr-02 10:27:03.0000,69.185634,-146817329.4628704,-30128985.84219039,-13062976.96673123,5.510190436516836,-28.57392650493952,-10.82626726621571,2026-04-02T10:25:53.814371
2461132.936145833, A.D. 2026-Apr-02 10:28:03.0000,69.185634,-146817000.5080985,-30130701.46960256,-13063628.32868132,5.45533986872121,-28.61342966467191,-10.88650821651974,2026-04-02T10:26:53.814367
2461132.936840278, A.D. 2026-Apr-02 10:29:03.0000,69.185634,-146816674.7845199,-30132419.3798767,-13064283.41371819,5.402515248869894,-28.65001407091935,-10.95034327186066,2026-04-02T10:27:53.814404
2461132.937534722, A.D. 2026-Apr-02 10:30:03.0000,69.185634,-146816352.1653379,-30134139.3943229,-13064942.4315438,5.351890109095505,-28.68356244147131,-11.01757171351661,2026-04-02T10:28:53.814360
2461132.938229166, A.D. 2026-Apr-02 10:31:03.0000,69.185634,-146816032.5135491,-30135861.32749344,-13065605.57934104,5.30363103596152,-28.713966221127,-11.08797647061806,2026-04-02T10:29:53.814316
2461132.938923611, A.D. 2026-Apr-02 10:32:03.0000,69.185634,-146815715.6823792,-30137584.98780707,-13066273.04075171,5.257896323342259,-28.74113180934929,-11.16132451498627,2026-04-02T10:30:53.814353
2461132.939618056, A.D. 2026-Apr-02 10:33:03.0000,69.185634,-146815401.5159517,-30139310.17862077,-13066944.9853584,5.214831438819288,-28.76498035980013,-11.23738180276483,2026-04-02T10:31:53.814430
2461132.9403125, A.D. 2026-Apr-02 10:34:03.0000,69.185634,-146815089.8499739,-30141036.69861241,-13067621.56838156,5.174569806977159,-28.7854366814181,-11.31590122524852,2026-04-02T10:32:53.814386
2461132.941006945, A.D. 2026-Apr-02 10:35:03.0000,69.185634,-146814780.5125866,-30142764.34241907,-13068302.93000349,5.137233042637195,-28.80244245845215,-11.39663129089114,2026-04-02T10:33:53.814423
2461132.941701389, A.D. 2026-Apr-02 10:36:03.0000,69.185634,-146814473.3246732,-30144492.9014996,-13068989.19535944,5.102942150775233,-28.81594522770876,-11.47931936853413,2026-04-02T10:34:53.814379
2461132.942395833, A.D. 2026-Apr-02 10:37:03.0000,69.185634,-146814168.1001059,-30146222.16419799,-13069680.47369551,5.071804188367071,-28.8258993507526,-11.5636875749783,2026-04-02T10:35:53.814335
2461132.943090278, A.D. 2026-Apr-02 10:38:03.0000,69.185634,-146813864.6472145,-30147951.91698713,-13070376.8575063,5.04389990798962,-28.83228815828998,-11.64946228167907,2026-04-02T10:36:53.814412
2461132.943784722, A.D. 2026-Apr-02 10:39:03.0000,69.185634,-146813562.7696116,-30149681.9457587,-13071078.4234336,5.019309525782185,-28.83510338854844,-11.73638424007633,2026-04-02T10:37:53.814368
2461132.944479167, A.D. 2026-Apr-02 10:40:03.0000,69.185634,-146813262.2660179,-30151412.03593473,-13071785.2320286,4.998111580149787,-28.83434286158583,-11.82417349382629,2026-04-02T10:38:53.814405
2461132.945173611, A.D. 2026-Apr-02 10:41:03.0000,69.185634,-146812962.9310751,-30153141.97350115,-13072497.32686442,4.98036331205252,-28.83002512221471,-11.91255007743609,2026-04-02T10:39:53.814361
2461132.945868055, A.D. 2026-Apr-02 10:42:03.0000,69.185634,-146812664.556361,-30154871.54567509,-13073214.73507879,4.96611263909316,-28.82217073551965,-12.00124272255395,2026-04-02T10:40:53.814317
2461132.9465625, A.D. 2026-Apr-02 10:43:03.0000,69.185634,-146812366.9307705,-30156600.5411946,-13073937.46712869,4.955396841016767,-28.8108148289541,-12.08996753963991,2026-04-02T10:41:53.814394
2461132.947256945, A.D. 2026-Apr-02 10:44:03.0000,69.185634,-146812069.8416405,-30158328.75140599,-13074665.51676262,4.948232910783079,-28.79600411968607,-12.17845282792699,2026-04-02T10:42:53.814431
2461132.947951389, A.D. 2026-Apr-02 10:45:03.0000,69.185634,-146811773.0755118,-30160055.97052409,-13075398.86149383,4.944632380088294,-28.77778975872869,-12.26642597439131,2026-04-02T10:43:53.814387
2461132.948645833, A.D. 2026-Apr-02 10:46:03.0000,69.185634,-146811476.4184767,-30161781.99650872,-13076137.4621728,4.944593958150313,-28.75624846339261,-12.35360859581473,2026-04-02T10:44:53.814343
2461132.949340278, A.D. 2026-Apr-02 10:47:03.0000,69.185634,-146811179.6573379,-30163506.63223794,-13076881.26361646,4.948099346538597,-28.73146111937691,-12.43974312491873,2026-04-02T10:45:53.814380
2461132.950034722, A.D. 2026-Apr-02 10:48:03.0000,69.185634,-146810882.5801429,-30165229.68544674,-13077630.1952061,4.955124575851707,-28.70351181976755,-12.52457121874072,2026-04-02T10:46:53.814376
2461132.950729167, A.D. 2026-Apr-02 10:49:03.0000,69.185634,-146810584.97668,-30166950.96934549,-13078384.1707206,4.965633653970644,-28.67250141341381,-12.60783129391872,2026-04-02T10:47:53.814413
2461132.951423611, A.D. 2026-Apr-02 10:50:03.0000,69.185634,-146810286.6393751,-30168670.30395431,-13079143.08862924,4.979577305158106,-28.63855490111011,-12.68927988660282,2026-04-02T10:48:53.814369
2461132.952118055, A.D. 2026-Apr-02 10:51:03.0000,69.185634,-146809987.3638412,-30170387.51684453,-13079906.83372704,4.996897585713243,-28.60179079242373,-12.76870299917257,2026-04-02T10:49:53.814325
2461132.9528125, A.D. 2026-Apr-02 10:52:03.0000,69.185634,-146809686.9493206,-30172102.44189336,-13080675.27795176,5.0175319444198,-28.56230736368294,-12.84587717364934,2026-04-02T10:50:53.814362
2461132.953506944, A.D. 2026-Apr-02 10:53:03.0000,69.185634,-146809385.1991144,-30173814.91966153,-13081448.27926674,5.041406095705581,-28.52023428649168,-12.92056814011706,2026-04-02T10:51:53.814318
2461132.954201389, A.D. 2026-Apr-02 10:54:03.0000,69.185634,-146809081.9213551,-30175524.79908416,-13082225.68236685,5.068435492073852,-28.47571316896185,-12.99256754514984,2026-04-02T10:52:53.814395
2461132.954895834, A.D. 2026-Apr-02 10:55:03.0000,69.185634,-146808776.9295365,-30177231.93761145,-13083007.31956453,5.09852283224358,-28.42889014733889,-13.06167101397149,2026-04-02T10:53:53.814432
2461132.955590278, A.D. 2026-Apr-02 10:56:03.0000,69.185634,-146808470.0433428,-30178936.20155455,-13083793.01168558,5.131564001859518,-28.37990935819383,-13.12770034730608,2026-04-02T10:54:53.814388
2461132.956284722, A.D. 2026-Apr-02 10:57:03.0000,69.185634,-146808161.0885903,-30180637.46579143,-13084582.56885496,5.167454974531054,-28.32892044382265,-13.19047246602033,2026-04-02T10:55:53.814344
2461132.956979167, A.D. 2026-Apr-02 10:58:03.0000,69.185634,-146807849.8979513,-30182335.61517477,-13085375.79043289,5.206070904344562,-28.27610224314187,-13.2498205628868,2026-04-02T10:56:53.814421
2461132.957673611, A.D. 2026-Apr-02 10:59:03.0000,69.185634,-146807536.3116438,-30184030.54492533,-13086172.46689434,5.247290399010284,-28.22161408851491,-13.30560835549247,2026-04-02T10:57:53.814377
2461132.958368056, A.D. 2026-Apr-02 11:00:03.0000,69.185634,-146807220.1770622,-30185722.15925879,-13086972.38011302,5.290989354043382,-28.1656061820751,-13.35768354685491,2026-04-02T10:58:53.814414
2461132.9590625, A.D. 2026-Apr-02 11:01:03.0000,69.185634,-146806901.3496253,-30187410.3720447,-13087775.30315583,5.337027818842508,-28.10824719923097,-13.40591183752841,2026-04-02T10:59:53.814370
2461132.959756944, A.D. 2026-Apr-02 11:02:03.0000,69.185634,-146806579.6931486,-30189095.10732308,-13088581.00171034,5.385265600017045,-28.04970701912593,-13.45017812115335,2026-04-02T11:00:53.814326
2461132.960451389, A.D. 2026-Apr-02 11:03:03.0000,69.185634,-146806255.0799872,-30190776.29933103,-13089389.23487616,5.435558041344946,-27.99015557030597,-13.49037770587691,2026-04-02T11:01:53.814403
2461132.961145833, A.D. 2026-Apr-02 11:04:03.0000,69.185634,-146805927.391251,-30192453.89254769,-13090199.75579035,5.487758432300564,-27.92976453090221,-13.52641640223974,2026-04-02T11:02:53.814359
2461132.961840278, A.D. 2026-Apr-02 11:05:03.0000,69.185634,-146805596.5170322,-30194127.84181758,-13091012.3121916,5.541712582157147,-27.8687081814384,-13.55820953513692,2026-04-02T11:03:53.814396
2461132.962534722, A.D. 2026-Apr-02 11:06:03.0000,69.185634,-146805262.3568351,-30195798.11245082,-13091826.64727903,5.597263386566465,-27.80715912563219,-13.58569031288928,2026-04-02T11:04:53.814352
2461132.963229167, A.D. 2026-Apr-02 11:07:03.0000,69.185634,-146804924.8195296,-30197464.67996237,-13092642.50051668,5.654254298521075,-27.74528702596539,-13.60879945836192,2026-04-02T11:05:53.814389
2461132.963923611, A.D. 2026-Apr-02 11:08:03.0000,69.185634,-146804583.8236172,-30199127.53020694,-13093459.60805214,5.712520281083784,-27.68326649072523,-13.62748782279442,2026-04-02T11:06:53.814385
2461132.964618056, A.D. 2026-Apr-02 11:09:03.0000,69.185634,-146804239.2975506,-30200786.65944822,-13094277.7035943,5.771896786733743,-27.62126885152646,-13.64172139419397,2026-04-02T11:07:53.814422
2461132.9653125, A.D. 2026-Apr-02 11:10:03.0000,69.185634,-146803891.1797503,-30202442.07427789,-13095096.51891838,5.832212690187099,-27.55946989914916,-13.65147166353232,2026-04-02T11:08:53.814378
2461132.966006944, A.D. 2026-Apr-02 11:11:03.0000,69.185634,-146803539.4191242,-30204093.79200816,-13095915.78499741,5.89329514026358,-27.49804632640248,-13.65674351067688,2026-04-02T11:09:53.814334
2461132.966701389, A.D. 2026-Apr-02 11:12:03.0000,69.185634,-146803183.9743014,-30205741.83990072,-13096735.2335985,5.954991480684557,-27.43715360995765,-13.65754958181107,2026-04-02T11:10:53.814371
2461132.967395833, A.D. 2026-Apr-02 11:13:03.0000,69.185634,-146802824.8132811,-30207386.25440283,-13097554.59672589,6.01713585060454,-27.37694647241772,-13.6538878131172,2026-04-02T11:11:53.814367
2461132.968090278, A.D. 2026-Apr-02 11:14:03.0000,69.185634,-146802461.9146741,-30209027.0815998,-13098373.6066545,6.079545078037405,-27.31759137282242,-13.64577543236827,2026-04-02T11:12:53.814404
2461132.968784722, A.D. 2026-Apr-02 11:15:03.0000,69.185634,-146802095.2677984,-30210664.37757734,-13099191.99762121,6.142048662440766,-27.25925120144347,-13.63325763323503,2026-04-02T11:13:53.814360
2461132.969479166, A.D. 2026-Apr-02 11:16:03.0000,69.185634,-146801724.8717038,-30212298.20772509,-13100009.50681831,6.204490594722835,-27.20207449434285,-13.61638407229382,2026-04-02T11:14:53.814316
2461132.970173611, A.D. 2026-Apr-02 11:17:03.0000,69.185634,-146801350.7348585,-30213928.64636251,-13100825.87432246,6.266709147285832,-27.14621370905323,-13.59520414900219,2026-04-02T11:15:53.814353
2461132.970868056, A.D. 2026-Apr-02 11:18:03.0000,69.185634,-146800972.8758564,-30215555.77710024,-13101640.84379278,6.328530800492948,-27.09182158528642,-13.56979013494899,2026-04-02T11:16:53.814430
2461132.9715625, A.D. 2026-Apr-02 11:19:03.0000,69.185634,-146800591.3235905,-30217179.69216395,-13102454.16370788,6.38978796288933,-27.03903305376497,-13.54022602244604,2026-04-02T11:17:53.814386
2461132.972256945, A.D. 2026-Apr-02 11:20:03.0000,69.185634,-146800206.1167695,-30218800.49176741,-13103265.58754681,6.450319708514892,-26.9879828383764,-13.50659573508214,2026-04-02T11:18:53.814423
2461132.972951389, A.D. 2026-Apr-02 11:21:03.0000,69.185634,-146799817.3037025,-30220418.28436572,-13104074.87418738,6.509966823912026,-26.93880893885863,-13.4689975988313,2026-04-02T11:19:53.814379
2461132.973645833, A.D. 2026-Apr-02 11:22:03.0000,69.185634,-146799424.9421727,-30222033.18639076,-13104881.78892715,6.568573287607553,-26.89163745052851,-13.42754560275173,2026-04-02T11:20:53.814335
2461132.974340278, A.D. 2026-Apr-02 11:23:03.0000,69.185634,-146799029.0991439,-30223645.32146266,-13105686.1040693,6.625989576369817,-26.84658367299415,-13.38235783922231,2026-04-02T11:21:53.814412
2461132.975034722, A.D. 2026-Apr-02 11:24:03.0000,69.185634,-146798629.85034,-30225254.82006958,-13106487.59905004,6.682072424359229,-26.8037623894099,-13.33355465938525,2026-04-02T11:22:53.814368
2461132.975729167, A.D. 2026-Apr-02 11:25:03.0000,69.185634,-146798227.280082,-30226861.81962076,-13107286.06073832,6.736677347787079,-26.76328900665003,-13.28126478302319,2026-04-02T11:23:53.814405
2461132.976423611, A.D. 2026-Apr-02 11:26:03.0000,69.185634,-146797821.4814079,-30228466.4643818,-13108081.28419045,6.789659762742192,-26.72527599787836,-13.22563351480931,2026-04-02T11:24:53.814361
2461132.977118055, A.D. 2026-Apr-02 11:27:03.0000,69.185634,-146797412.5558454,-30230068.90508346,-13108873.07371738,6.840881736561278,-26.68982426776071,-13.16682299991545,2026-04-02T11:25:53.814317
2461132.9778125, A.D. 2026-Apr-02 11:28:03.0000,69.185634,-146797000.6129709,-30231669.29786434,-13109661.24352593,6.890212929628845,-26.65701295770744,-13.1049975225897,2026-04-02T11:26:53.814394
2461132.978506945, A.D. 2026-Apr-02 11:29:03.0000,69.185634,-146796585.7699326,-30233267.80324312,-13110445.61739668,6.937531477235039,-26.62691275189787,-13.0403121078561,2026-04-02T11:27:53.814431
2461132.979201389, A.D. 2026-Apr-02 11:30:03.0000,69.185634,-146796168.1510057,-30234864.58614352,-13111226.02833414,6.982720086502135,-26.59959996395869,-12.97292141658671,2026-04-02T11:28:53.814387
2461132.979895833, A.D. 2026-Apr-02 11:31:03.0000,69.185634,-146795747.8876199,-30236459.81608541,-13112002.31890744,7.025656677673322,-26.57515020215571,-12.90299106666666,2026-04-02T11:29:53.814343
2461132.980590278, A.D. 2026-Apr-02 11:32:03.0000,69.185634,-146795325.1186121,-30238053.66698344,-13112774.34212934,7.066218707270053,-26.55363392481547,-12.8307041235168,2026-04-02T11:30:53.814380
2461132.981284722, A.D. 2026-Apr-02 11:33:03.0000,69.185634,-146794899.9898109,-30239646.31674216,-13113541.96245762,7.104297333136325,-26.53511325356998,-12.75625720864511,2026-04-02T11:31:53.814376
2461132.981979167, A.D. 2026-Apr-02 11:34:03.0000,69.185634,-146794472.6531378,-30241237.94667847,-13114305.05622242,7.139796696732505,-26.51963965416437,-12.67984765198216,2026-04-02T11:32:53.814413
2461132.982673611, A.D. 2026-Apr-02 11:35:03.0000,69.185634,-146794043.2661186,-30242828.74096372,-13115063.51153996,7.172624733672087,-26.50725758889961,-12.60167203093765,2026-04-02T11:33:53.814369
2461132.983368055, A.D. 2026-Apr-02 11:36:03.0000,69.185634,-146793611.9917771,-30244418.88622057,-13115817.22846853,7.202690812590057,-26.4980038587581,-12.52193279447129,2026-04-02T11:34:53.814325
2461132.9840625, A.D. 2026-Apr-02 11:37:03.0000,69.185634,-146793178.9983507,-30246008.57100895,-13116566.11940921,7.22991303113873,-26.49190629118182,-12.44083762241153,2026-04-02T11:35:53.814362
2461132.984756944, A.D. 2026-Apr-02 11:38:03.0000,69.185634,-146792744.4586932,-30247597.98538708,-13117310.10920746,7.254218139015861,-26.48898804753089,-12.35859360787153,2026-04-02T11:36:53.814318
2461132.985451389, A.D. 2026-Apr-02 11:39:03.0000,69.185634,-146792308.5500063,-30249187.32066277,-13118049.13520164,7.275533880241214,-26.48926646151805,-12.27541103248835,2026-04-02T11:37:53.814395
2461132.986145834, A.D. 2026-Apr-02 11:40:03.0000,69.185634,-146791871.4537446,-30250776.76893518,-13118783.14754472,7.293791834345981,-26.49275124211482,-12.19150702695965,2026-04-02T11:38:53.814432
2461132.986840278, A.D. 2026-Apr-02 11:41:03.0000,69.185634,-146791433.3552238,-30252366.52272605,-13119512.10967713,7.308932511830071,-26.49944640371502,-12.10710789720199,2026-04-02T11:39:53.814388
2461132.987534722, A.D. 2026-Apr-02 11:42:03.0000,69.185634,-146790994.4429323,-30253956.77443776,-13120235.99883214,7.320909692063493,-26.509341938907,-12.0224442555826,2026-04-02T11:40:53.814344
2461132.988229167, A.D. 2026-Apr-02 11:43:03.0000,69.185634,-146790554.9079556,-30255547.71542432,-13120954.80574721,7.329680164829111,-26.52241619281154,-11.93773567379743,2026-04-02T11:41:53.814421
2461132.988923611, A.D. 2026-Apr-02 11:44:03.0000,69.185634,-146790114.9440483,-30257139.5357468,-13121668.53450615,7.335200836741452,-26.53864614059369,-11.85321180683029,2026-04-02T11:42:53.814377
2461132.989618056, A.D. 2026-Apr-02 11:45:03.0000,69.185634,-146789674.7470255,-30258732.42362021,-13122377.20330172,7.337448171751424,-26.5579921965972,-11.76910756991918,2026-04-02T11:43:53.814414
2461132.9903125, A.D. 2026-Apr-02 11:46:03.0000,69.185634,-146789234.5136373,-30260326.56474807,-13123080.84388663,7.336410853673401,-26.58041534103284,-11.68564146877147,2026-04-02T11:44:53.814370
2461132.991006944, A.D. 2026-Apr-02 11:47:03.0000,69.185634,-146788794.4413112,-30261922.14275877,-13123779.50133879,7.33207798556024,-26.6058811675444,-11.603043458548,2026-04-02T11:45:53.814326
2461132.991701389, A.D. 2026-Apr-02 11:48:03.0000,69.185634,-146788354.7279837,-30263519.33863344,-13124473.23494782,7.324444799550976,-26.63433323001889,-11.52155395649145,2026-04-02T11:46:53.814403
2461132.992395833, A.D. 2026-Apr-02 11:49:03.0000,69.185634,-146787915.571493,-30265118.32934556,-13125162.11815818,7.313518909254918,-26.66569829905901,-11.44140111371684,2026-04-02T11:47:53.814359
2461132.993090278, A.D. 2026-Apr-02 11:50:03.0000,69.185634,-146787477.1690591,-30266719.2875399,-13125846.237824,7.299313128208853,-26.69990625897051,-11.36280896696043,2026-04-02T11:48:53.814396
2461132.993784722, A.D. 2026-Apr-02 11:51:03.0000,69.185634,-146787039.7168135,-30268322.38148935,-13126525.69460491,7.281852352487864,-26.73687792032456,-11.28601265513235,2026-04-02T11:49:53.814352
2461132.994479167, A.D. 2026-Apr-02 11:52:03.0000,69.185634,-146786603.4089353,-30269927.7741579,-13127200.6032065,7.261175954094672,-26.77651687122206,-11.21124173957161,2026-04-02T11:50:53.814389
2461132.995173611, A.D. 2026-Apr-02 11:53:03.0000,69.185634,-146786168.4370012,-30271535.6225915,-13127871.09170917,7.237330524280844,-26.81872465615796,-11.13871480344238,2026-04-02T11:51:53.814385
2461132.995868056, A.D. 2026-Apr-02 11:54:03.0000,69.185634,-146785734.9895121,-30273146.07786723,-13128537.30132483,7.210372823394303,-26.86339792585095,-11.06865031110331,2026-04-02T11:52:53.814422
2461132.9965625, A.D. 2026-Apr-02 11:55:03.0000,69.185634,-146785303.2513306,-30274759.28445131,-13129199.38616862,7.180366270712406,-26.91041991697057,-11.00125974260394,2026-04-02T11:53:53.814378
2461132.997256944, A.D. 2026-Apr-02 11:56:03.0000,69.185634,-146784873.4033196,-30276375.37948984,-13129857.51284707,7.147381711099408,-26.95966429968616,-10.93674792575883,2026-04-02T11:54:53.814334
2461132.997951389, A.D. 2026-Apr-02 11:57:03.0000,69.185634,-146784445.6217406,-30277994.49239479,-13130511.86004496,7.111501718589762,-27.01099996620807,-10.87531214503533,2026-04-02T11:55:53.814371
2461132.998645833, A.D. 2026-Apr-02 11:58:03.0000,69.185634,-146784020.0776788,-30279616.74457439,-13131162.61800723,7.072814957617393,-27.06429098525218,-10.81714122470595,2026-04-02T11:56:53.814367
2461132.999340278, A.D. 2026-Apr-02 11:59:03.0000,69.185634,-146783596.9367317,-30281242.24906067,-13131809.98823839,7.031417380539363,-27.11939333551864,-10.76242193746451,2026-04-02T11:57:53.814404
2461133.000034722, A.D. 2026-Apr-02 12:00:03.0000,69.185634,-146783176.3583594,-30282871.10995518,-13132454.18319358,6.987416586991793,-27.17615413530147,-10.71133052953635,2026-04-02T11:58:53.814360
2461133.000729166, A.D. 2026-Apr-02 12:01:03.0000,69.185634,-146782758.4954192,-30284503.42208935,-13133095.42556511,6.94092481107996,-27.2344173876736,-10.66403405148285,2026-04-02T11:59:53.814316
2461133.001423611, A.D. 2026-Apr-02 12:02:03.0000,69.185634,-146782343.4937211,-30286139.27071783,-13133733.94801185,6.892066911200223,-27.29401894583764,-10.62069703008194,2026-04-02T12:00:53.814353
2461133.002118056, A.D. 2026-Apr-02 12:03:03.0000,69.185634,-146781931.4910869,-30287778.73101228,-13134369.9926948,6.840982639314386,-27.35478793221369,-10.58146974163402,2026-04-02T12:01:53.814430
2461133.0028125, A.D. 2026-Apr-02 12:04:03.0000,69.185634,-146781522.6167912,-30289421.8678409,-13135003.81031098,6.78781565380881,-27.41655213204393,-10.54648783200777,2026-04-02T12:02:53.814386
2461133.003506945, A.D. 2026-Apr-02 12:05:03.0000,69.185634,-146781116.9913883,-30291068.73549532,-13135635.65948236,6.732715216604793,-27.47912842962656,-10.51587862979025,2026-04-02T12:03:53.814423
2461133.004201389, A.D. 2026-Apr-02 12:06:03.0000,69.185634,-146780714.7262395,-30292719.37717618,-13136265.80586181,6.67583588993598,-27.54233586931785,-10.48975149480826,2026-04-02T12:04:53.814379
2461133.004895833, A.D. 2026-Apr-02 12:07:03.0000,69.185634,-146780315.9231614,-30294373.82534107,-13136894.52177436,6.6173456314369,-27.60599173797052,-10.46821861785364,2026-04-02T12:05:53.814335
2461133.005590278, A.D. 2026-Apr-02 12:08:03.0000,69.185634,-146779920.6733886,-30296032.10086643,-13137522.08574278,6.557425964889138,-27.66989141137036,-10.45136929443161,2026-04-02T12:06:53.814412
2461133.006284722, A.D. 2026-Apr-02 12:09:03.0000,69.185634,-146779529.0574897,-30297694.21210619,-13138148.78037035,6.496245188701436,-27.73382986593733,-10.43925278738691,2026-04-02T12:07:53.814368
2461133.006979167, A.D. 2026-Apr-02 12:10:03.0000,69.185634,-146779141.1464865,-30299360.15575219,-13138774.89111417,6.43395997201281,-27.79762180844899,-10.43192213928257,2026-04-02T12:08:53.814405
2461133.007673611, A.D. 2026-Apr-02 12:11:03.0000,69.185634,-146778757.0013339,-30301029.91750558,-13139400.70716506,6.370754027641154,-27.86108121934412,-10.42944605553314,2026-04-02T12:09:53.814361
2461133.008368055, A.D. 2026-Apr-02 12:12:03.0000,69.185634,-146778376.6707509,-30302703.47131991,-13140026.52143406,6.306850225031742,-27.92400331117436,-10.43187170400674,2026-04-02T12:10:53.814317
2461133.0090625, A.D. 2026-Apr-02 12:13:03.0000,69.185634,-146778000.1895947,-30304380.7788896,-13140652.62819674,6.24247885315913,-27.98618900382435,-10.439198220631,2026-04-02T12:11:53.814394
2461133.009756945, A.D. 2026-Apr-02 12:14:03.0000,69.185634,-146777627.5798024,-30306061.79027189,-13141279.320927,6.177838686567633,-28.04744460105084,-10.45140565202236,2026-04-02T12:12:53.814431
2461133.010451389, A.D. 2026-Apr-02 12:15:03.0000,69.185634,-146777258.8519383,-30307746.44349524,-13141906.89172049,6.113116506868663,-28.10756383301339,-10.46846692122752,2026-04-02T12:13:53.814387
2461133.011145833, A.D. 2026-Apr-02 12:16:03.0000,69.185634,-146776894.0049055,-30309434.66433001,-13142535.6305261,6.048514282312294,-28.16634868492337,-10.49033476156344,2026-04-02T12:14:53.814343
2461133.011840278, A.D. 2026-Apr-02 12:17:03.0000,69.185634,-146776533.0255152,-30311126.36726312,-13143165.82391811,5.984230909000258,-28.22361884166124,-10.51694806261705,2026-04-02T12:15:53.814380
2461133.012534722, A.D. 2026-Apr-02 12:18:03.0000,69.185634,-146776175.8887458,-30312821.45615331,-13143797.75464602,5.920462495407666,-28.27919982676844,-10.54824055431774,2026-04-02T12:16:53.814376
2461133.013229167, A.D. 2026-Apr-02 12:19:03.0000,69.185634,-146775822.5575823,-30314519.8243478,-13144431.70126008,5.857415249380403,-28.33291425081423,-10.58413375104434,2026-04-02T12:17:53.814413
2461133.013923611, A.D. 2026-Apr-02 12:20:03.0000,69.185634,-146775472.9825663,-30316221.35466266,-13145067.93677084,5.795292354051281,-28.38458913079025,-10.62452477496162,2026-04-02T12:18:53.814369
2461133.014618055, A.D. 2026-Apr-02 12:21:03.0000,69.185634,-146775127.1024728,-30317925.91929413,-13145706.72773721,5.734288029770219,-28.43404136111424,-10.66930070655584,2026-04-02T12:19:53.814325
2461133.0153125, A.D. 2026-Apr-02 12:22:03.0000,69.185634,-146774784.8437843,-30319633.37960931,-13146348.33304806,5.674616452451767,-28.48110187498245,-10.71831438762115,2026-04-02T12:20:53.814362
2461133.016006944, A.D. 2026-Apr-02 12:23:03.0000,69.185634,-146774446.1204778,-30321343.58801781,-13146993.00206709,5.616473753799017,-28.52563669842908,-10.77140341435984,2026-04-02T12:21:53.814318
2461133.016701389, A.D. 2026-Apr-02 12:24:03.0000,69.185634,-146774110.8356983,-30323056.38887709,-13147640.9747123,5.560029877950727,-28.5675055665875,-10.82841494421367,2026-04-02T12:22:53.814395
2461133.017395834, A.D. 2026-Apr-02 12:25:03.0000,69.185634,-146773778.8822282,-30324771.6178563,-13148292.48135171,5.505461370420484,-28.6065648426539,-10.88917815321498,2026-04-02T12:23:53.814432
2461133.018090278, A.D. 2026-Apr-02 12:26:03.0000,69.185634,-146773450.1422993,-30326489.10246624,-13148947.74146844,5.452942616988762,-28.64268584761757,-10.95350337924763,2026-04-02T12:24:53.814388
2461133.018784722, A.D. 2026-Apr-02 12:27:03.0000,69.185634,-146773124.4877839,-30328208.66288265,-13149606.96276694,5.402644113808384,-28.67575218170611,-11.02118774070716,2026-04-02T12:25:53.814344
2461133.019479167, A.D. 2026-Apr-02 12:28:03.0000,69.185634,-146772801.7804737,-30329930.11258974,-13150270.34031245,5.354731277279358,-28.70565756102662,-11.09201210403634,2026-04-02T12:26:53.814421
2461133.020173611, A.D. 2026-Apr-02 12:29:03.0000,69.185634,-146772481.8724621,-30331653.25921245,-13150938.05556016,5.309360445247524,-28.73231442617271,-11.16574411747621,2026-04-02T12:27:53.814377
2461133.020868056, A.D. 2026-Apr-02 12:30:03.0000,69.185634,-146772164.6068623,-30333377.90548998,-13151610.27603421,5.266676027343172,-28.75564323187599,-11.24215130734678,2026-04-02T12:28:53.814414
2461133.0215625, A.D. 2026-Apr-02 12:31:03.0000,69.185634,-146771849.818411,-30335103.84941789,-13152287.15481634,5.226810722259967,-28.77556881470275,-11.32098299171461,2026-04-02T12:29:53.814370
2461133.022256944, A.D. 2026-Apr-02 12:32:03.0000,69.185634,-146771537.3343253,-30336830.8851313,-13152968.82974272,5.189885092112865,-28.79203796368467,-11.40198623868795,2026-04-02T12:30:53.814326
2461133.022951389, A.D. 2026-Apr-02 12:33:03.0000,69.185634,-146771226.974538,-30338558.8037688,-13153655.42364879,5.156022344520976,-28.80499917549912,-11.48490868844553,2026-04-02T12:31:53.814403
2461133.023645833, A.D. 2026-Apr-02 12:34:03.0000,69.185634,-146770918.5519458,-30340287.39342858,-13154347.04333985,5.125327200375654,-28.81440885663873,-11.56946886299778,2026-04-02T12:32:53.814359
2461133.024340278, A.D. 2026-Apr-02 12:35:03.0000,69.185634,-146770611.8741483,-30342016.44051576,-13155043.77874966,5.09787551790191,-28.82025329221453,-11.65539361619264,2026-04-02T12:33:53.814396
2461133.025034722, A.D. 2026-Apr-02 12:36:03.0000,69.185634,-146770306.7442222,-30343745.73092196,-13155745.70406114,5.073746515373101,-28.8225243502696,-11.742424582768,2026-04-02T12:34:53.814352
2461133.025729167, A.D. 2026-Apr-02 12:37:03.0000,69.185634,-146770002.9603952,-30345475.05019499,-13156452.87732759,5.053017170472523,-28.82122392571137,-11.83028155891051,2026-04-02T12:35:53.814389
2461133.026423611, A.D. 2026-Apr-02 12:38:03.0000,69.185634,-146769700.3169259,-30347204.18464668,-13157165.33974015,5.035743219514552,-28.8163721623407,-11.91868761771524,2026-04-02T12:36:53.814385
2461133.027118056, A.D. 2026-Apr-02 12:39:03.0000,69.185634,-146769398.6050634,-30348932.92182963,-13157883.11614139,5.021972011685746,-28.80798964386953,-12.00737051842255,2026-04-02T12:37:53.814422
2461133.0278125, A.D. 2026-Apr-02 12:40:03.0000,69.185634,-146769097.6134813,-30350661.05093805,-13158606.21462244,5.01173773797047,-28.79611439830192,-12.09604702970977,2026-04-02T12:38:53.814378
2461133.028506944, A.D. 2026-Apr-02 12:41:03.0000,69.185634,-146768797.1294472,-30352388.36383144,-13159334.62664844,5.00505579988526,-28.78079289067912,-12.18444574832897,2026-04-02T12:39:53.814334
2461133.029201389, A.D. 2026-Apr-02 12:42:03.0000,69.185634,-146768496.9395028,-30354114.65529204,-13160068.32740092,5.001936661339667,-28.76207881999534,-12.2722929220056,2026-04-02T12:40:53.814371
2461133.029895833, A.D. 2026-Apr-02 12:43:03.0000,69.185634,-146768196.8298635,-30355839.72406989,-13160807.27543153,5.00237620296454,-28.74005190763494,-12.35931328741052,2026-04-02T12:41:53.814367
2461133.030590278, A.D. 2026-Apr-02 12:44:03.0000,69.185634,-146767896.5875519,-30357563.37386242,-13161551.41343778,5.006355697693004,-28.71479260641453,-12.4452502073384,2026-04-02T12:42:53.814404
2461133.031284722, A.D. 2026-Apr-02 12:45:03.0000,69.185634,-146767596.0008858,-30359285.41327085,-13162300.66867998,5.013849873391934,-28.68638670501479,-12.52984548685561,2026-04-02T12:43:53.814360
2461133.031979166, A.D. 2026-Apr-02 12:46:03.0000,69.185634,-146767294.8600277,-30361005.6565012,-13163054.95284301,5.024820573404748,-28.65493767083262,-12.61283882279612,2026-04-02T12:44:53.814316
2461133.032673611, A.D. 2026-Apr-02 12:47:03.0000,69.185634,-146766992.9578538,-30362723.9247028,-13163814.16244788,5.039218019414486,-28.62057175074112,-12.69398934557046,2026-04-02T12:45:53.814353
2461133.033368056, A.D. 2026-Apr-02 12:48:03.0000,69.185634,-146766690.0904986,-30364440.04656541,-13164578.18049383,5.056982918401751,-28.58340573696589,-12.77308539792227,2026-04-02T12:46:53.814430
2461133.0340625, A.D. 2026-Apr-02 12:49:03.0000,69.185634,-146766386.0577782,-30366153.85700535,-13165346.87714198,5.078051748492709,-28.54353873681981,-12.84990247991055,2026-04-02T12:47:53.814386
2461133.034756945, A.D. 2026-Apr-02 12:50:03.0000,69.185634,-146766080.6636478,-30367865.1977796,-13166120.10858843,5.102348633845617,-28.50110318331279,-12.92420812990834,2026-04-02T12:48:53.814423
2461133.035451389, A.D. 2026-Apr-02 12:51:03.0000,69.185634,-146765773.7169654,-30369573.9190981,-13166897.71790569,5.129788129438763,-28.45624068137346,-12.99579540612839,2026-04-02T12:49:53.814379
2461133.036145833, A.D. 2026-Apr-02 12:52:03.0000,69.185634,-146765465.03208,-30371279.87968484,-13167679.53583775,5.16027013739902,-28.40909778200362,-13.06446256922224,2026-04-02T12:50:53.814335
2461133.036840278, A.D. 2026-Apr-02 12:53:03.0000,69.185634,-146765154.4295395,-30372982.94714162,-13168465.38186836,5.193693133648181,-28.35981902676727,-13.13003375633649,2026-04-02T12:51:53.814412
2461133.037534722, A.D. 2026-Apr-02 12:54:03.0000,69.185634,-146764841.7358875,-30374682.99779346,-13169255.06476037,5.229953334445721,-28.30855888084843,-13.19232423521516,2026-04-02T12:52:53.814368
2461133.038229167, A.D. 2026-Apr-02 12:55:03.0000,69.185634,-146764526.7846891,-30376379.91813978,-13170048.38252609,5.268921707559969,-28.25549584679107,-13.25117006953122,2026-04-02T12:53:53.814405
2461133.038923611, A.D. 2026-Apr-02 12:56:03.0000,69.185634,-146764209.4172048,-30378073.60483531,-13170845.12448451,5.310475887587341,-28.20078470959898,-13.30643730647851,2026-04-02T12:54:53.814361
2461133.039618055, A.D. 2026-Apr-02 12:57:03.0000,69.185634,-146763889.4819058,-30379763.96338128,-13171645.07147783,5.354491547742253,-28.1445754358562,-13.3579762271204,2026-04-02T12:55:53.814317
2461133.0403125, A.D. 2026-Apr-02 12:58:03.0000,69.185634,-146763566.8352541,-30381450.90897339,-13172447.99570216,5.400829854822,-28.08703804263838,-13.40565430298456,2026-04-02T12:56:53.814394
2461133.041006945, A.D. 2026-Apr-02 12:59:03.0000,69.185634,-146763241.342101,-30383134.36708673,-13173253.66201829,5.449349550995247,-28.02834382224892,-13.44935697387901,2026-04-02T12:57:53.814431
2461133.041701389, A.D. 2026-Apr-02 13:00:03.0000,69.185634,-146762912.8758987,-30384814.27341111,-13174061.82876532,5.499905636651901,-27.96866232486346,-13.48898092729259,2026-04-02T12:58:53.814387
2461133.042395833, A.D. 2026-Apr-02 13:01:03.0000,69.185634,-146762581.3188578,-30386490.5738753,-13174872.24837663,5.552350841281252,-27.90816585757782,-13.52443272482678,2026-04-02T12:59:53.814343
2461133.043090278, A.D. 2026-Apr-02 13:02:03.0000,69.185634,-146762246.5622415,-30388163.2248033,-13175684.66798744,5.606529929142401,-27.84702830909779,-13.55563014730523,2026-04-02T13:00:53.814380
2461133.043784722, A.D. 2026-Apr-02 13:03:03.0000,69.185634,-146761908.5067298,-30389832.19294569,-13176498.83030816,5.662286390148423,-27.78542245997648,-13.58250753153341,2026-04-02T13:01:53.814376
2461133.044479167, A.D. 2026-Apr-02 13:04:03.0000,69.185634,-146761567.0623492,-30391497.45533146,-13177314.47437894,5.719463469016445,-27.72351928294103,-13.60500700589236,2026-04-02T13:02:53.814413
2461133.045173611, A.D. 2026-Apr-02 13:05:03.0000,69.185634,-146761222.1487928,-30393158.99933273,-13178131.33603707,5.777895540714888,-27.66149224480802,-13.62308163321013,2026-04-02T13:03:53.814369
2461133.045868055, A.D. 2026-Apr-02 13:06:03.0000,69.185634,-146760873.6957194,-30394816.8226488,-13178949.14877293,5.837417978063741,-27.59951174413998,-13.63669762988598,2026-04-02T13:04:53.814325
2461133.0465625, A.D. 2026-Apr-02 13:07:03.0000,69.185634,-146760521.6427608,-30396470.93329864,-13179767.64417253,5.897859312129095,-27.53775303695155,-13.64583245115619,2026-04-02T13:05:53.814362
2461133.047256944, A.D. 2026-Apr-02 13:08:03.0000,69.185634,-146760165.9400446,-30398121.34997167,-13180586.55337485,5.959049263003807,-27.47639715952772,-13.650466448842,2026-04-02T13:06:53.814318
2461133.047951389, A.D. 2026-Apr-02 13:09:03.0000,69.185634,-146759806.5473703,-30399768.10167468,-13181405.60682643,6.020818369865726,-27.41558179347006,-13.65074722090084,2026-04-02T13:07:53.814395
2461133.048645834, A.D. 2026-Apr-02 13:10:03.0000,69.185634,-146759443.434846,-30401411.22536742,-13182224.54342657,6.08301341408195,-27.35547736823987,-13.64655371767989,2026-04-02T13:08:53.814432
2461133.049340278, A.D. 2026-Apr-02 13:11:03.0000,69.185634,-146759076.5823174,-30403050.76848202,-13183043.09505891,6.145462406354097,-27.29625875718391,-13.63781394805435,2026-04-02T13:09:53.814388
2461133.050034722, A.D. 2026-Apr-02 13:12:03.0000,69.185634,-146758705.9797793,-30404686.78911721,-13183860.99015536,6.207982246173621,-27.23807083244647,-13.6246918027714,2026-04-02T13:10:53.814344
2461133.050729167, A.D. 2026-Apr-02 13:13:03.0000,69.185634,-146758331.6276353,-30406319.35376001,-13184677.96732528,6.270421417659113,-27.18107145051174,-13.60721385834041,2026-04-02T13:11:53.814421
2461133.051423611, A.D. 2026-Apr-02 13:14:03.0000,69.185634,-146757953.5355148,-30407948.53838457,-13185493.76675736,6.332616198848864,-27.12541616656756,-13.58543828811319,2026-04-02T13:12:53.814377
2461133.052118056, A.D. 2026-Apr-02 13:15:03.0000,69.185634,-146757571.7233525,-30409574.42815087,-13186308.1328099,6.394391305759161,-27.07125182083384,-13.55944206736709,2026-04-02T13:13:53.814414
2461133.0528125, A.D. 2026-Apr-02 13:16:03.0000,69.185634,-146757186.2213402,-30411197.11641313,-13187120.81474321,6.455581428512042,-27.01870755791303,-13.52930731978543,2026-04-02T13:14:53.814370
2461133.053506944, A.D. 2026-Apr-02 13:17:03.0000,69.185634,-146756797.0694212,-30412816.7043908,-13187931.56663387,6.516024797581683,-26.96791960289135,-13.49511556975822,2026-04-02T13:15:53.814326
2461133.054201389, A.D. 2026-Apr-02 13:18:03.0000,69.185634,-146756404.3172458,-30414433.30170964,-13188740.14799854,6.575560640496252,-26.91902836769838,-13.45696896637473,2026-04-02T13:16:53.814403
2461133.054895833, A.D. 2026-Apr-02 13:19:03.0000,69.185634,-146756008.0239373,-30416047.02595622,-13189546.32503567,6.634034317344161,-26.87215676543606,-13.4149844452356,2026-04-02T13:17:53.814359
2461133.055590278, A.D. 2026-Apr-02 13:20:03.0000,69.185634,-146755608.2577028,-30417658.00170423,-13190349.87095556,6.691297673396973,-26.82741859999141,-13.36927828039852,2026-04-02T13:18:53.814396
2461133.056284722, A.D. 2026-Apr-02 13:21:03.0000,69.185634,-146755205.0954785,-30419266.36046426,-13191150.56604474,6.747207160525448,-26.78493134705571,-13.31997178158646,2026-04-02T13:19:53.814352
2461133.056979167, A.D. 2026-Apr-02 13:22:03.0000,69.185634,-146754798.6228243,-30420872.24077359,-13191948.19817092,6.801617831704693,-26.7448107339658,-13.26719659780324,2026-04-02T13:20:53.814389
2461133.057673611, A.D. 2026-Apr-02 13:23:03.0000,69.185634,-146754388.9340667,-30422475.78801435,-13192742.56355608,6.854383703728543,-26.70716891123762,-13.21110138150959,2026-04-02T13:21:53.814385
2461133.058368056, A.D. 2026-Apr-02 13:24:03.0000,69.185634,-146753976.1321144,-30424077.15391254,-13193533.46794245,6.905365871880387,-26.67210174448977,-13.15185267614801,2026-04-02T13:22:53.814422
2461133.0590625, A.D. 2026-Apr-02 13:25:03.0000,69.185634,-146753560.3278648,-30425676.4951877,-13194320.72705028,6.954437098734412,-26.6396822374011,-13.08961256295888,2026-04-02T13:23:53.814378
2461133.059756944, A.D. 2026-Apr-02 13:26:03.0000,69.185634,-146753141.6395763,-30427273.97283947,-13195104.16594791,7.001478251636692,-26.60998384753478,-13.02453275713387,2026-04-02T13:24:53.814334
2461133.060451389, A.D. 2026-Apr-02 13:27:03.0000,69.185634,-146752720.1925479,-30428869.75252694,-13195883.61893086,7.046372806575489,-26.58308659824977,-12.95677119599572,2026-04-02T13:25:53.814371
2461133.061145833, A.D. 2026-Apr-02 13:28:03.0000,69.185634,-146752296.1191633,-30430464.00456961,-13196658.930069,7.089000222801919,-26.55906470914237,-12.88649570310531,2026-04-02T13:26:53.814367
2461133.061840278, A.D. 2026-Apr-02 13:29:03.0000,69.185634,-146751869.5591494,-30432056.90355951,-13197429.95390057,7.129238234978653,-26.53798686929924,-12.81388882446112,2026-04-02T13:27:53.814404
2461133.062534722, A.D. 2026-Apr-02 13:30:03.0000,69.185634,-146751440.6592429,-30433648.62800859,-13198196.55642506,7.166977500373971,-26.51991419295138,-12.73914842867653,2026-04-02T13:28:53.814360
2461133.063229166, A.D. 2026-Apr-02 13:31:03.0000,69.185634,-146751009.5722771,-30435239.35977065,-13198958.61562097,7.202122595251273,-26.50489702512634,-12.66247389530272,2026-04-02T13:29:53.814316
2461133.063923611, A.D. 2026-Apr-02 13:32:03.0000,69.185634,-146750576.4566508,-30436829.28348065,-13199716.02136819,7.234582192991866,-26.49297827854627,-12.58406350439243,2026-04-02T13:30:53.814353
2461133.064618056, A.D. 2026-Apr-02 13:33:03.0000,69.185634,-146750141.4762045,-30438418.58611615,-13200468.675564,7.264266841556175,-26.48419278916098,-12.50412026523975,2026-04-02T13:31:53.814430
2461133.0653125, A.D. 2026-Apr-02 13:34:03.0000,69.185634,-146749704.7999223,-30440007.45650223,-13201216.49245209,7.291095641690807,-26.47856763963056,-12.42285196952783,2026-04-02T13:32:53.814386
2461133.066006945, A.D. 2026-Apr-02 13:35:03.0000,69.185634,-146749266.6013598,-30441596.08492344,-13201959.39876215,7.314995948786239,-26.47612501059964,-12.34046683852454,2026-04-02T13:33:53.814423
2461133.066701389, A.D. 2026-Apr-02 13:36:03.0000,69.185634,-146748827.0583699,-30443184.66283349,-13202697.33378348,7.335896633912564,-26.47688061632676,-12.2571759147933,2026-04-02T13:34:53.814379
2461133.067395833, A.D. 2026-Apr-02 13:37:03.0000,69.185634,-146748386.3529909,-30444773.38238909,-13203430.24964011,7.353730270636202,-26.48084329326889,-12.17319679508152,2026-04-02T13:35:53.814335
2461133.068090278, A.D. 2026-Apr-02 13:38:03.0000,69.185634,-146747944.6710632,-30446362.4361321,-13204158.11182491,7.368438501353081,-26.48801564791363,-12.08875769275373,2026-04-02T13:36:53.814412
2461133.068784722, A.D. 2026-Apr-02 13:39:03.0000,69.185634,-146747502.2015049,-30447952.01631959,-13204880.89969265,7.379977104273729,-26.49838455298132,-12.00408900833671,2026-04-02T13:37:53.814368
2461133.069479167, A.D. 2026-Apr-02 13:40:03.0000,69.185634,-146747059.135749,-30449542.3140513,-13205598.60601266,7.388303243082449,-26.51192783213125,-11.91940864216619,2026-04-02T13:38:53.814405
2461133.070173611, A.D. 2026-Apr-02 13:41:03.0000,69.185634,-146746615.6678715,-30451133.51910742,-13206311.23690474,7.39337512104207,-26.52862143730819,-11.8349477995117,2026-04-02T13:39:53.814361
2461133.070868055, A.D. 2026-Apr-02 13:42:03.0000,69.185634,-146746171.9938726,-30452725.819316,-13207018.81263116,7.395171688436069,-26.54842395395372,-11.75094012735153,2026-04-02T13:40:53.814317
2461133.0715625, A.D. 2026-Apr-02 13:43:03.0000,69.185634,-146745728.3105991,-30454319.39997164,-13207721.3669388,7.393682207880948,-26.57129715121814,-11.66760438216989,2026-04-02T13:41:53.814394
2461133.072256945, A.D. 2026-Apr-02 13:44:03.0000,69.185634,-146745284.8155359,-30455914.44426595,-13208418.94701292,7.388896832485869,-26.59720419949162,-11.58517282179403,2026-04-02T13:42:53.814431
2461133.072951389, A.D. 2026-Apr-02 13:45:03.0000,69.185634,-146744841.7065885,-30457511.13254048,-13209111.61430229,7.380812652014717,-26.62608529908476,-11.50388514441123,2026-04-02T13:43:53.814387
2461133.073645833, A.D. 2026-Apr-02 13:46:03.0000,69.185634,-146744399.1814646,-30459109.64100021,-13209799.4443051,7.369438322712766,-26.65786647607086,-11.42396765513839,2026-04-02T13:44:53.814343
2461133.074340278, A.D. 2026-Apr-02 13:47:03.0000,69.185634,-146743957.4371966,-30460710.14150295,-13210482.52591211,7.35478799864128,-26.69247658571631,-11.34564521721201,2026-04-02T13:45:53.814380
2461133.075034722, A.D. 2026-Apr-02 13:48:03.0000,69.185634,-146743516.669616,-30462312.80140698,-13211160.96184763,7.336888898570819,-26.72983411505998,-11.26915282360844,2026-04-02T13:46:53.814376
2461133.075729167, A.D. 2026-Apr-02 13:49:03.0000,69.185634,-146743077.0724705,-30463917.78265379,-13211834.86881728,7.315782210693568,-26.769841257553,-11.19471811734685,2026-04-02T13:47:53.814413
2461133.076423611, A.D. 2026-Apr-02 13:50:03.0000,69.185634,-146742638.8368076,-30465525.24121865,-13212504.37679863,7.291516177681036,-26.81239914337749,-11.12255852814452,2026-04-02T13:48:53.814369
2461133.077118055, A.D. 2026-Apr-02 13:51:03.0000,69.185634,-146742202.1505059,-30467135.32704775,-13213169.62881497,7.264148539341661,-26.85740307657206,-11.05289058933786,2026-04-02T13:49:53.814325
2461133.0778125, A.D. 2026-Apr-02 13:52:03.0000,69.185634,-146741767.1977796,-30468748.18340416,-13213830.78070969,7.233743297725811,-26.90473481680615,-10.98592510069022,2026-04-02T13:50:53.814362
2461133.078506944, A.D. 2026-Apr-02 13:53:03.0000,69.185634,-146741334.1587521,-30470363.94613842,-13214488.0007812,7.200373566956189,-26.95426679133912,-10.92186605246362,2026-04-02T13:51:53.814318
2461133.079201389, A.D. 2026-Apr-02 13:54:03.0000,69.185634,-146740903.2088268,-30471982.74329999,-13215141.46931769,7.164123176824996,-27.00586687007789,-10.86090874441365,2026-04-02T13:52:53.814395
2461133.079895834, A.D. 2026-Apr-02 13:55:03.0000,69.185634,-146740474.5181892,-30473604.69488226,-13215791.37807027,7.125081395769017,-27.05939826029075,-10.80324105907142,2026-04-02T13:53:53.814432
2461133.080590278, A.D. 2026-Apr-02 13:56:03.0000,69.185634,-146740048.2514579,-30475229.91244268,-13216437.93000019,7.083346065488795,-27.11471582347129,-10.74904841324058,2026-04-02T13:54:53.814388
2461133.081284722, A.D. 2026-Apr-02 13:57:03.0000,69.185634,-146739624.5670306,-30476858.4985532,-13217081.33889754,7.039025449273772,-27.17166608919642,-10.69850498401681,2026-04-02T13:55:53.814344
2461133.081979167, A.D. 2026-Apr-02 13:58:03.0000,69.185634,-146739203.6166667,-30478490.54645834,-13217721.82870117,6.992232898222952,-27.23009147310531,-10.65177665403905,2026-04-02T13:56:53.814421
2461133.082673611, A.D. 2026-Apr-02 13:59:03.0000,69.185634,-146738785.5449462,-30480126.13973496,-13218359.63321593,6.94309624078352,-27.28982688956138,-10.60902529871466,2026-04-02T13:57:53.814377
2461133.083368056, A.D. 2026-Apr-02 14:00:03.0000,69.185634,-146738370.4883234,-30481765.3518864,-13218994.99554433,6.891756199191224,-27.3507026443698,-10.57039778954366,2026-04-02T13:58:53.814414
2461133.0840625, A.D. 2026-Apr-02 14:01:03.0000,69.185634,-146737958.5747337,-30483408.24617286,-13219628.16717171,6.838355055922704,-27.41254637535949,-10.53602842066171,2026-04-02T13:59:53.814370
2461133.084756944, A.D. 2026-Apr-02 14:02:03.0000,69.185634,-146737549.9233639,-30485054.87517437,-13220259.40746922,6.783045267115033,-27.47517326409516,-10.50604323747097,2026-04-02T14:00:53.814326
2461133.085451389, A.D. 2026-Apr-02 14:03:03.0000,69.185634,-146737144.6440407,-30486705.28039182,-13220888.9826938,6.725982331973126,-27.5384027144062,-10.48054868608367,2026-04-02T14:01:53.814403
2461133.086145833, A.D. 2026-Apr-02 14:04:03.0000,69.185634,-146736742.8370978,-30488359.4925914,-13221517.16553328,6.667331328663045,-27.60205357834746,-10.45965269440539,2026-04-02T14:02:53.814359
2461133.086840278, A.D. 2026-Apr-02 14:05:03.0000,69.185634,-146736344.5924325,-30490017.53105008,-13222144.23479074,6.607273699041395,-27.66592170843039,-10.44344546821298,2026-04-02T14:03:53.814396
2461133.087534722, A.D. 2026-Apr-02 14:06:03.0000,69.185634,-146735949.989143,-30491679.40245133,-13222770.47345932,6.54598194956332,-27.72979799951174,-10.43197845048628,2026-04-02T14:04:53.814352
2461133.088229167, A.D. 2026-Apr-02 14:07:03.0000,69.185634,-146735559.0964647,-30493345.10146892,-13223396.16730628,6.48361758076811,-27.79349222633007,-10.42529912307262,2026-04-02T14:05:53.814389
2461133.088923611, A.D. 2026-Apr-02 14:08:03.0000,69.185634,-146735171.9734385,-30495014.61165621,-13224021.60538896,6.420363783228693,-27.85681848116108,-10.4234679538443,2026-04-02T14:06:53.814385
2461133.089618056, A.D. 2026-Apr-02 14:09:03.0000,69.185634,-146734788.6669828,-30496687.90501602,-13224647.07996872,6.356440029963134,-27.91957981253662,-10.42652347034564,2026-04-02T14:07:53.814422
2461133.0903125, A.D. 2026-Apr-02 14:10:03.0000,69.185634,-146734409.2105607,-30498364.94198627,-13225272.88439665,6.292066744127263,-27.98158883042253,-10.43446688219431,2026-04-02T14:08:53.814378
2461133.091006944, A.D. 2026-Apr-02 14:11:03.0000,69.185634,-146734033.6251664,-30500045.67161895,-13225899.31166512,6.227440892191186,-28.04264770842513,-10.44728738348665,2026-04-02T14:09:53.814334
2461133.091701389, A.D. 2026-Apr-02 14:12:03.0000,69.185634,-146733661.9201076,-30501730.03047932,-13226526.65359666,6.16275904171524,-28.10254313399433,-10.46495375521317,2026-04-02T14:10:53.814371
2461133.092395833, A.D. 2026-Apr-02 14:13:03.0000,69.185634,-146733294.0925808,-30503417.94279471,-13227155.19938868,6.098226324364983,-28.1610807704892,-10.48741104521533,2026-04-02T14:11:53.814367
2461133.093090278, A.D. 2026-Apr-02 14:14:03.0000,69.185634,-146732930.1276694,-30505109.32175746,-13227785.2346429,6.034040734242261,-28.2180833034108,-10.51459731334743,2026-04-02T14:12:53.814404
2461133.093784722, A.D. 2026-Apr-02 14:15:03.0000,69.185634,-146732569.998754,-30506804.06998422,-13228417.04109256,5.970394734994065,-28.27337477237198,-10.54644490600472,2026-04-02T14:13:53.814360
2461133.094479166, A.D. 2026-Apr-02 14:16:03.0000,69.185634,-146732213.66746,-30508502.07950195,-13229050.89607708,5.907490137341625,-28.3267796658123,-10.58287132248548,2026-04-02T14:14:53.814316
2461133.095173611, A.D. 2026-Apr-02 14:17:03.0000,69.185634,-146731861.0832263,-30510203.23204953,-13229687.07143951,5.845528989504451,-28.37812637205864,-10.62377891020402,2026-04-02T14:15:53.814353
2461133.095868056, A.D. 2026-Apr-02 14:18:03.0000,69.185634,-146731512.1833248,-30511907.39854363,-13230325.83257315,5.784717234842106,-28.4272287652947,-10.66904629239808,2026-04-02T14:16:53.814430
2461133.0965625, A.D. 2026-Apr-02 14:19:03.0000,69.185634,-146731166.8923903,-30513614.43935512,-13230967.436557,5.725265609642782,-28.47392901934906,-10.71851934010291,2026-04-02T14:17:53.814386
2461133.097256945, A.D. 2026-Apr-02 14:20:03.0000,69.185634,-146730825.1231208,-30515324.20647513,-13231612.13111022,5.667359748553335,-28.51809667482381,-10.77204623859497,2026-04-02T14:18:53.814423
2461133.097951389, A.D. 2026-Apr-02 14:21:03.0000,69.185634,-146730486.7775903,-30517036.54358841,-13232260.15494596,5.611172377891638,-28.55958356417275,-10.82947352935917,2026-04-02T14:19:53.814379
2461133.098645833, A.D. 2026-Apr-02 14:22:03.0000,69.185634,-146730151.7474301,-30518751.28545628,-13232911.73689157,5.556878096813465,-28.59824596527166,-10.89062426956872,2026-04-02T14:20:53.814335
2461133.099340278, A.D. 2026-Apr-02 14:23:03.0000,69.185634,-146729819.9138996,-30520468.25875057,-13233567.09464986,5.504648423889365,-28.63395741929928,-10.95530632664245,2026-04-02T14:21:53.814412
2461133.100034722, A.D. 2026-Apr-02 14:24:03.0000,69.185634,-146729491.1480314,-30522187.28292897,-13234226.43404017,5.454652437644377,-28.66660270699813,-11.02331511179314,2026-04-02T14:22:53.814368
2461133.100729167, A.D. 2026-Apr-02 14:25:03.0000,69.185634,-146729165.3108422,-30523908.17085215,-13234889.94812826,5.407054221417849,-28.69607838992437,-11.09442993381727,2026-04-02T14:23:53.814405
2461133.101423611, A.D. 2026-Apr-02 14:26:03.0000,69.185634,-146728842.2538076,-30525630.72976983,-13235557.81638629,5.362006529551143,-28.72230102149701,-11.16842131815307,2026-04-02T14:24:53.814361
2461133.102118055, A.D. 2026-Apr-02 14:27:03.0000,69.185634,-146728521.8195461,-30527354.76211679,-13236230.20455243,5.31965373391816,-28.74518948877588,-11.24505793839504,2026-04-02T14:25:53.814317
2461133.1028125, A.D. 2026-Apr-02 14:28:03.0000,69.185634,-146728203.8422623,-30529080.06553289,-13236907.26379803,5.28012915292145,-28.76466997465398,-11.3240851627974,2026-04-02T14:26:53.814394
2461133.103506945, A.D. 2026-Apr-02 14:29:03.0000,69.185634,-146727888.148668,-30530806.43403925,-13237589.12991822,5.243551993628542,-28.78069501351053,-11.40525174802618,2026-04-02T14:27:53.814431
2461133.104201389, A.D. 2026-Apr-02 14:30:03.0000,69.185634,-146727574.5581878,-30532533.65886824,-13238275.92394444,5.210047025472612,-28.79321341327372,-11.48830802764059,2026-04-02T14:28:53.814387
2461133.104895833, A.D. 2026-Apr-02 14:31:03.0000,69.185634,-146727262.8831804,-30534261.52820254,-13238967.75082307,5.179717653621963,-28.80218226253554,-11.5729693868022,2026-04-02T14:29:53.814343
2461133.105590278, A.D. 2026-Apr-02 14:32:03.0000,69.185634,-146726952.9308816,-30535989.82862828,-13239664.69849538,5.152635930291551,-28.80758965557361,-11.65896247995082,2026-04-02T14:30:53.814380
2461133.106284722, A.D. 2026-Apr-02 14:33:03.0000,69.185634,-146726644.5041601,-30537718.3462673,-13240366.83920748,5.128879991230236,-28.80942784208968,-11.7460295765364,2026-04-02T14:31:53.814376
2461133.106979167, A.D. 2026-Apr-02 14:34:03.0000,69.185634,-146726337.4010953,-30539446.86700682,-13241074.22910753,5.108525406995622,-28.80770165636958,-11.83389209485595,2026-04-02T14:32:53.814413
2461133.107673611, A.D. 2026-Apr-02 14:35:03.0000,69.185634,-146726031.4158752,-30541175.17760528,-13241786.9076497,5.091627102327012,-28.80243142891818,-11.92227599226473,2026-04-02T14:33:53.814369
2461133.108368055, A.D. 2026-Apr-02 14:36:03.0000,69.185634,-146725726.3396972,-30542903.06603856,-13242504.89800067,5.078232099741713,-28.79363784486189,-12.01090804413308,2026-04-02T14:34:53.814325
2461133.1090625, A.D. 2026-Apr-02 14:37:03.0000,69.185634,-146725421.9612689,-30544630.32201089,-13243228.20655275,5.068372493878446,-28.78136044816964,-12.09950632466071,2026-04-02T14:35:53.814362
2461133.109756944, A.D. 2026-Apr-02 14:38:03.0000,69.185634,-146725118.0679787,-30546356.73789886,-13243956.82313013,5.062062822697427,-28.7656455931518,-12.18779925436739,2026-04-02T14:36:53.814318
2461133.110451389, A.D. 2026-Apr-02 14:39:03.0000,69.185634,-146724814.446528,-30548082.10906743,-13244690.72124568,5.059312722810955,-28.74654905649383,-12.27551263198551,2026-04-02T14:37:53.814395
2461133.111145834, A.D. 2026-Apr-02 14:40:03.0000,69.185634,-146724510.8833857,-30549806.23497918,-13245429.85785231,5.06011643528111,-28.72415183502189,-12.36237431908745,2026-04-02T14:38:53.814432
2461133.111840278, A.D. 2026-Apr-02 14:41:03.0000,69.185634,-146724207.1658652,-30551528.92003952,-13246174.17417942,5.064455176977127,-28.69853416311168,-12.44812808148143,2026-04-02T14:39:53.814388
2461133.112534722, A.D. 2026-Apr-02 14:42:03.0000,69.185634,-146723903.0826012,-30553249.97360075,-13246923.59602915,5.072302878740671,-28.66978293895248,-12.53251605180662,2026-04-02T14:40:53.814344
2461133.113229167, A.D. 2026-Apr-02 14:43:03.0000,69.185634,-146723598.4241397,-30554969.21070058,-13247678.03366944,5.0836201691929,-28.63800303052629,-12.61527931291042,2026-04-02T14:41:53.814421
2461133.113923611, A.D. 2026-Apr-02 14:44:03.0000,69.185634,-146723292.983774,-30556686.45336529,-13248437.38229852,5.098357021762638,-28.60332111858865,-12.69617837212698,2026-04-02T14:42:53.814377
2461133.114618056, A.D. 2026-Apr-02 14:45:03.0000,69.185634,-146722986.5580972,-30558401.53115332,-13249201.52368753,5.116453495430931,-28.56585301412268,-12.77500313697262,2026-04-02T14:43:53.814414
2461133.1153125, A.D. 2026-Apr-02 14:46:03.0000,69.185634,-146722678.9474077,-30560114.27982142,-13249970.32680384,5.137845584977427,-28.52569837602305,-12.85152895513314,2026-04-02T14:44:53.814370
2461133.116006944, A.D. 2026-Apr-02 14:47:03.0000,69.185634,-146722369.9561892,-30561824.54204311,-13250743.64666982,5.162456417393301,-28.48299095282955,-12.92552457602281,2026-04-02T14:45:53.814326
2461133.116701389, A.D. 2026-Apr-02 14:48:03.0000,69.185634,-146722059.3938723,-30563532.16896862,-13251521.32525956,5.190199738432569,-28.4378723894438,-12.99678374181657,2026-04-02T14:46:53.814403
2461133.117395833, A.D. 2026-Apr-02 14:49:03.0000,69.185634,-146721747.0754672,-30565237.02026451,-13252303.19229995,5.220974321190258,-28.39048875166052,-13.0651072772187,2026-04-02T14:47:53.814359
2461133.118090278, A.D. 2026-Apr-02 14:50:03.0000,69.185634,-146721432.8221241,-30566938.96446893,-13253089.06637564,5.254681192867919,-28.34098592903277,-13.13031957284137,2026-04-02T14:48:53.814396
2461133.118784722, A.D. 2026-Apr-02 14:51:03.0000,69.185634,-146721116.4609163,-30568637.87902818,-13253878.75526057,5.29121508748012,-28.28952189813018,-13.1922337876154,2026-04-02T14:49:53.814352
2461133.119479167, A.D. 2026-Apr-02 14:52:03.0000,69.185634,-146720797.8261426,-30570333.65162596,-13254672.05598537,5.330443601259137,-28.23627341368297,-13.25068863809206,2026-04-02T14:50:53.814389
2461133.120173611, A.D. 2026-Apr-02 14:53:03.0000,69.185634,-146720476.7598663,-30572026.17991569,-13255468.75706614,5.372245136828281,-28.18139262070138,-13.30555274928259,2026-04-02T14:51:53.814385
2461133.120868056, A.D. 2026-Apr-02 14:54:03.0000,69.185634,-146720153.1112783,-30573715.37036526,-13256268.63868866,5.416496848141689,-28.12502994204312,-13.35667846462533,2026-04-02T14:52:53.814422
2461133.1215625, A.D. 2026-Apr-02 14:55:03.0000,69.185634,-146719826.7375014,-30575401.13917479,-13257071.4724543,5.46305998573089,-28.06735655195118,-13.40393328959055,2026-04-02T14:53:53.814378
2461133.122256944, A.D. 2026-Apr-02 14:56:03.0000,69.185634,-146719497.5041117,-30577083.4128789,-13257877.02262345,5.511791759809194,-28.00854399683344,-13.44720315357895,2026-04-02T14:54:53.814334
2461133.122951389, A.D. 2026-Apr-02 14:57:03.0000,69.185634,-146719165.2853231,-30578762.12821357,-13258685.04698969,5.56254743751251,-27.94876147286077,-13.48638536086822,2026-04-02T14:55:53.814371
2461133.123645833, A.D. 2026-Apr-02 14:58:03.0000,69.185634,-146718829.9641122,-30580437.23216925,-13259495.29745214,5.615178889317822,-27.88818219984217,-13.52138690212544,2026-04-02T14:56:53.814367
2461133.124340278, A.D. 2026-Apr-02 14:59:03.0000,69.185634,-146718491.4325605,-30582108.68216294,-13260307.52069612,5.669530667833178,-27.8269796909028,-13.55212740322719,2026-04-02T14:57:53.814404
2461133.125034722, A.D. 2026-Apr-02 15:00:03.0000,69.185634,-146718149.5921554,-30583776.44601528,-13261121.45902865,5.725446198582449,-27.76532739570015,-13.578541052143,2026-04-02T14:58:53.814360
2461133.125729166, A.D. 2026-Apr-02 15:01:03.0000,69.185634,-146717804.3537658,-30585440.50192668,-13261936.85111446,5.782767908645665,-27.70339773746045,-13.6005712981874,2026-04-02T14:59:53.814316
2461133.126423611, A.D. 2026-Apr-02 15:02:03.0000,69.185634,-146717455.6379559,-30587100.83844557,-13262753.43252583,5.84133012467749,-27.64136326294788,-13.6181732553893,2026-04-02T15:00:53.814353
2461133.127118056, A.D. 2026-Apr-02 15:03:03.0000,69.185634,-146717103.3752608,-30588757.45436864,-13263570.93655067,5.90096792758131,-27.57939323601028,-13.63131344461148,2026-04-02T15:01:53.814430
2461133.1278125, A.D. 2026-Apr-02 15:04:03.0000,69.185634,-146716747.5061893,-30590410.35882618,-13264389.09460422,5.961510707976993,-27.51766489323885,-13.63996592659381,2026-04-02T15:02:53.814386
2461133.128506945, A.D. 2026-Apr-02 15:05:03.0000,69.185634,-146716387.9817309,-30592059.57172707,-13265207.63745543,6.022783820844036,-27.45635600775658,-13.64413682971711,2026-04-02T15:03:53.814423
2461133.129201389, A.D. 2026-Apr-02 15:06:03.0000,69.185634,-146716024.7629372,-30593705.12307362,-13266026.2967446,6.084626541163862,-27.39562452643883,-13.64384248585431,2026-04-02T15:04:53.814379
2461133.129895833, A.D. 2026-Apr-02 15:07:03.0000,69.185634,-146715657.8204303,-30595347.05197734,-13266844.8047828,6.146876629283908,-27.33561943051453,-13.63908940840443,2026-04-02T15:05:53.814335
2461133.130590278, A.D. 2026-Apr-02 15:08:03.0000,69.185634,-146715287.1350121,-30596985.40667858,-13267662.89439712,6.209357663482655,-27.27649805407352,-13.62989291138016,2026-04-02T15:06:53.814412
2461133.131284722, A.D. 2026-Apr-02 15:09:03.0000,69.185634,-146714912.6980758,-30598620.24513003,-13268480.30006914,6.271897466880481,-27.21842469011736,-13.61629289314929,2026-04-02T15:07:53.814368
2461133.131979167, A.D. 2026-Apr-02 15:10:03.0000,69.185634,-146714534.5108082,-30600251.63509241,-13269296.75913696,6.334339967038177,-27.16156182106898,-13.59834171474546,2026-04-02T15:08:53.814405
2461133.132673611, A.D. 2026-Apr-02 15:11:03.0000,69.185634,-146714152.5839289,-30601879.65399164,-13270112.0122884,6.39651890578356,-27.1060676168945,-13.57610097883587,2026-04-02T15:09:53.814361
2461133.133368055, A.D. 2026-Apr-02 15:12:03.0000,69.185634,-146713766.9385168,-30603504.38823059,-13270925.80451749,6.458260208736433,-27.05208076362195,-13.54965168987906,2026-04-02T15:10:53.814317
2461133.1340625, A.D. 2026-Apr-02 15:13:03.0000,69.185634,-146713377.6057193,-30605125.9319777,-13271737.88572673,6.519402211056612,-26.99972583571071,-13.51907248703272,2026-04-02T15:11:53.814394
2461133.134756945, A.D. 2026-Apr-02 15:14:03.0000,69.185634,-146712984.6263542,-30606744.3871798,-13272548.01039308,6.579781726448357,-26.94914072455686,-13.48444199234673,2026-04-02T15:12:53.814431
2461133.135451389, A.D. 2026-Apr-02 15:15:03.0000,69.185634,-146712588.0511192,-30608359.8643763,-13273355.93846734,6.639235084089587,-26.90046810300647,-13.4458661279974,2026-04-02T15:13:53.814387
2461133.136145833, A.D. 2026-Apr-02 15:16:03.0000,69.185634,-146712187.940204,-30609972.4820038,-13274161.43682017,6.697610115796448,-26.85382752360351,-13.40346417050042,2026-04-02T15:14:53.814343
2461133.136840278, A.D. 2026-Apr-02 15:17:03.0000,69.185634,-146711784.3627095,-30611582.36534354,-13274964.2792848,6.754760355631997,-26.80933253848738,-13.35734946359899,2026-04-02T15:15:53.814380
2461133.137534722, A.D. 2026-Apr-02 15:18:03.0000,69.185634,-146711377.3964877,-30613189.64674206,-13275764.24671069,6.810540564994557,-26.76710381828213,-13.30764524908175,2026-04-02T15:16:53.814376
2461133.138229167, A.D. 2026-Apr-02 15:19:03.0000,69.185634,-146710967.1280982,-30614794.46565739,-13276561.12771453,6.864804996826195,-26.72725706133059,-13.25448626888661,2026-04-02T15:17:53.814413
2461133.138923611, A.D. 2026-Apr-02 15:20:03.0000,69.185634,-146710553.6529247,-30616396.96837767,-13277354.71943585,6.917406129952647,-26.68990324334064,-13.19802413855338,2026-04-02T15:18:53.814369
2461133.139618055, A.D. 2026-Apr-02 15:21:03.0000,69.185634,-146710137.074992,-30617997.30731461,-13278144.82872563,6.968205715038081,-26.65513228168471,-13.13842780374786,2026-04-02T15:19:53.814325
2461133.1403125, A.D. 2026-Apr-02 15:22:03.0000,69.185634,-146709717.5061537,-30619595.63953945,-13278931.27236077,7.017080254977067,-26.62301391767078,-13.07585528045382,2026-04-02T15:20:53.814362
2461133.141006944, A.D. 2026-Apr-02 15:23:03.0000,69.185634,-146709295.0654754,-30621192.12647032,-13279713.87623578,7.063911230550959,-26.59362627884897,-13.01045668565557,2026-04-02T15:21:53.814318
2461133.141701389, A.D. 2026-Apr-02 15:24:03.0000,69.185634,-146708869.8790943,-30622786.93444636,-13280492.47559317,7.108581594681852,-26.56705193017959,-12.9423947009723,2026-04-02T15:22:53.814395
2461133.142395834, A.D. 2026-Apr-02 15:25:03.0000,69.185634,-146708442.0801775,-30624380.23447067,-13281266.9156912,7.150972831863189,-26.54336324783758,-12.87183894721294,2026-04-02T15:23:53.814432
2461133.143090278, A.D. 2026-Apr-02 15:26:03.0000,69.185634,-146708011.8091365,-30625972.20171556,-13282037.05223623,7.190963384319041,-26.52262791966661,-12.79897067678006,2026-04-02T15:24:53.814388
2461133.143784722, A.D. 2026-Apr-02 15:27:03.0000,69.185634,-146707579.2134073,-30627563.01523187,-13282802.7523685,7.22844318316612,-26.50490645117287,-12.72398853705307,2026-04-02T15:25:53.814344
2461133.144479167, A.D. 2026-Apr-02 15:28:03.0000,69.185634,-146707144.4465511,-30629152.85736487,-13283563.89530223,7.263316690076612,-26.49024799597742,-12.64709370692424,2026-04-02T15:26:53.814421
2461133.145173611, A.D. 2026-Apr-02 15:29:03.0000,69.185634,-146706707.6676859,-30630741.913157,-13284320.37224718,7.295492976604546,-26.47869405325314,-12.5684858486482,2026-04-02T15:27:53.814377
2461133.145868056, A.D. 2026-Apr-02 15:30:03.0000,69.185634,-146706269.0413236,-30632330.36990867,-13285072.08648466,7.32488363086233,-26.47027811225067,-12.48836815007796,2026-04-02T15:28:53.814414
2461133.1465625, A.D. 2026-Apr-02 15:31:03.0000,69.185634,-146705828.7370717,-30633918.41671347,-13285818.95363556,7.351408250216455,-26.46502688309549,-12.40694857153121,2026-04-02T15:29:53.814370
2461133.147256944, A.D. 2026-Apr-02 15:32:03.0000,69.185634,-146705386.9290876,-30635506.24410403,-13286560.9018561,7.374994564156388,-26.46296170533279,-12.32443647850878,2026-04-02T15:30:53.814326
2461133.147951389, A.D. 2026-Apr-02 15:33:03.0000,69.185634,-146704943.7957871,-30637094.04369681,-13287297.87191145,7.39557246542061,-26.46409715861834,-12.24104343928787,2026-04-02T15:31:53.814403
2461133.148645833, A.D. 2026-Apr-02 15:34:03.0000,69.185634,-146704499.519711,-30638682.00779229,-13288029.81743237,7.413075071271448,-26.46844159469697,-12.15698754718033,2026-04-02T15:32:53.814359
2461133.149340278, A.D. 2026-Apr-02 15:35:03.0000,69.185634,-146704054.2871852,-30640270.32900244,-13288756.70547495,7.427444672923219,-26.47599634314414,-12.07249879935064,2026-04-02T15:33:53.814396
2461133.150034722, A.D. 2026-Apr-02 15:36:03.0000,69.185634,-146703608.2875328,-30641859.1995545,-13289478.51703423,7.438638631824416,-26.48674585089505,-11.98780720041669,2026-04-02T15:34:53.814352
2461133.150729167, A.D. 2026-Apr-02 15:37:03.0000,69.185634,-146703161.7125337,-30643448.81043143,-13290195.24643181,7.446614372615683,-26.50066800232447,-11.90312944783004,2026-04-02T15:35:53.814389
2461133.151423611, A.D. 2026-Apr-02 15:38:03.0000,69.185634,-146702714.7565897,-30645039.35129739,-13290906.90136021,7.451331055056841,-26.51773788992033,-11.81869805794311,2026-04-02T15:36:53.814385
2461133.152118056, A.D. 2026-Apr-02 15:39:03.0000,69.185634,-146702267.6159368,-30646631.00977053,-13291613.50367721,7.452769260543294,-26.5379128757885,-11.73474594316972,2026-04-02T15:37:53.814422
2461133.1528125, A.D. 2026-Apr-02 15:40:03.0000,69.185634,-146701820.4875974,-30648223.97094215,-13292315.08870295,7.450918602294559,-26.56115520909871,-11.6514926642655,2026-04-02T15:38:53.814378
2461133.153506944, A.D. 2026-Apr-02 15:41:03.0000,69.185634,-146701373.5692041,-30649818.4177441,-13293011.70529755,7.445770123598953,-26.58742588952729,-11.56917222576634,2026-04-02T15:39:53.814334
2461133.154201389, A.D. 2026-Apr-02 15:42:03.0000,69.185634,-146700927.0587362,-30651414.53011914,-13293703.41662749,7.437322273965013,-26.61666275233222,-11.48802378592182,2026-04-02T15:40:53.814371
2461133.154895833, A.D. 2026-Apr-02 15:43:03.0000,69.185634,-146700481.1539143,-30653012.48377026,-13294390.29983608,7.425584300546445,-26.64879124141438,-11.40827271405626,2026-04-02T15:41:53.814367
2461133.155590278, A.D. 2026-Apr-02 15:44:03.0000,69.185634,-146700036.0517417,-30654612.45002325,-13295072.4454694,7.410571492919551,-26.68373916264728,-11.33014470222335,2026-04-02T15:42:53.814404
2461133.156284722, A.D. 2026-Apr-02 15:45:03.0000,69.185634,-146699591.9479274,-30656214.59561546,-13295749.95793889,7.392312821842789,-26.721423285804,-11.25387472104359,2026-04-02T15:43:53.814360
2461133.156979166, A.D. 2026-Apr-02 15:46:03.0000,69.185634,-146699149.0359981,-30657819.08177529,-13296422.95559436,7.370850957262718,-26.76174473386333,-11.17968918937047,2026-04-02T15:44:53.814316
2461133.157673611, A.D. 2026-Apr-02 15:47:03.0000,69.185634,-146698707.5066973,-30659426.06373217,-13297091.56999472,7.346235482368571,-26.80460408398683,-11.10780468112215,2026-04-02T15:45:53.814353
2461133.158368056, A.D. 2026-Apr-02 15:48:03.0000,69.185634,-146698267.5475407,-30661035.69062667,-13297755.94567658,7.318524507341031,-26.84989558155119,-11.03843648969883,2026-04-02T15:46:53.814430
2461133.1590625, A.D. 2026-Apr-02 15:49:03.0000,69.185634,-146697829.3423659,-30662648.10484931,-13298416.23996051,7.287782740945853,-26.89749969373727,-10.9717954196834,2026-04-02T15:47:53.814386
2461133.159756945, A.D. 2026-Apr-02 15:50:03.0000,69.185634,-146697393.070826,-30664263.4413116,-13299072.62261548,7.254085290071465,-26.94728785422835,-10.90808491299562,2026-04-02T15:48:53.814423
2461133.160451389, A.D. 2026-Apr-02 15:51:03.0000,69.185634,-146696958.9077621,-30665881.82705963,-13299725.27533927,7.217516938724826,-26.99912699749455,-10.84749906173717,2026-04-02T15:49:53.814379
2461133.161145833, A.D. 2026-Apr-02 15:52:03.0000,69.185634,-146696527.0227574,-30667503.38103684,-13300374.39124072,7.17816769144416,-27.05287954724905,-10.79022531718796,2026-04-02T15:50:53.814335
2461133.161840278, A.D. 2026-Apr-02 15:53:03.0000,69.185634,-146696097.5797532,-30669128.21369623,-13301020.17460836,7.136136883253632,-27.10839940899585,-10.73644810117071,2026-04-02T15:51:53.814412
2461133.162534722, A.D. 2026-Apr-02 15:54:03.0000,69.185634,-146695670.7364168,-30670756.4264573,-13301662.84048354,7.091533028347627,-27.16553214376961,-10.68634051829856,2026-04-02T15:52:53.814368
2461133.163229167, A.D. 2026-Apr-02 15:55:03.0000,69.185634,-146695246.6437397,-30672388.11131145,-13302302.61401434,7.044471049031595,-27.2241181101542,-10.64006780872704,2026-04-02T15:53:53.814405
2461133.163923611, A.D. 2026-Apr-02 15:56:03.0000,69.185634,-146694825.445382,-30674023.35049958,-13302939.73012007,6.995081613063586,-27.28399192450364,-10.59778906851059,2026-04-02T15:54:53.814361
2461133.164618055, A.D. 2026-Apr-02 15:57:03.0000,69.185634,-146694407.2767875,-30675662.21623198,-13303574.43283714,6.94350533991965,-27.34498518974775,-10.55964868933361,2026-04-02T15:55:53.814317
2461133.1653125, A.D. 2026-Apr-02 15:58:03.0000,69.185634,-146693992.2649318,-30677304.77049854,-13304206.9745171,6.889884000832119,-27.40692411633369,-10.52578097906159,2026-04-02T15:56:53.814394
2461133.166006945, A.D. 2026-Apr-02 15:59:03.0000,69.185634,-146693580.5279398,-30678951.06451564,-13304837.61535376,6.834373204331138,-27.46962426595866,-10.49631000461499,2026-04-02T15:57:53.814431
2461133.166701389, A.D. 2026-Apr-02 16:00:03.0000,69.185634,-146693172.1744719,-30680601.13848673,-13305466.62231446,6.77712878175662,-27.53290460147678,-10.4713406207428,2026-04-02T15:58:53.814387
2461133.167395833, A.D. 2026-Apr-02 16:01:03.0000,69.185634,-146692767.303753,-30682255.02180465,-13306094.26863393,6.718313039528644,-27.59658326315147,-10.45097765484709,2026-04-02T15:59:53.814343
2461133.168090278, A.D. 2026-Apr-02 16:02:03.0000,69.185634,-146692366.0046862,-30683912.73235425,-13306720.83360234,6.658108062922456,-27.66045662610173,-10.43531220094565,2026-04-02T16:00:53.814380
2461133.168784722, A.D. 2026-Apr-02 16:03:03.0000,69.185634,-146691968.3551885,-30685574.27542008,-13307346.60085298,6.596692181453198,-27.72431233006793,-10.42439892489722,2026-04-02T16:01:53.814376
2461133.169479167, A.D. 2026-Apr-02 16:04:03.0000,69.185634,-146691574.4229017,-30687239.64398531,-13307971.85673289,6.534232205221835,-27.78795615193604,-10.41827966028874,2026-04-02T16:02:53.814413
2461133.170173611, A.D. 2026-Apr-02 16:05:03.0000,69.185634,-146691184.2651433,-30688908.81976739,-13308596.89045126,6.470911400122784,-27.8512014242445,-10.41700711510185,2026-04-02T16:03:53.814369
2461133.170868055, A.D. 2026-Apr-02 16:06:03.0000,69.185634,-146690797.9272054,-30690581.77309126,-13309221.99389973,6.406944140900714,-27.91385828043603,-10.42061101302096,2026-04-02T16:04:53.814325
2461133.1715625, A.D. 2026-Apr-02 16:07:03.0000,69.185634,-146690415.4415605,-30692258.46326186,-13309847.45988238,6.342537806799823,-27.97574613313011,-10.42909706982272,2026-04-02T16:05:53.814362
2461133.172256944, A.D. 2026-Apr-02 16:08:03.0000,69.185634,-146690036.8286347,-30693938.83820919,-13310473.58130802,6.277890485417099,-28.03666144320947,-10.44246207337554,2026-04-02T16:06:53.814318
2461133.172951389, A.D. 2026-Apr-02 16:09:03.0000,69.185634,-146689662.096662,-30695622.83295656,-13311100.6499783,6.213210922002725,-28.09638735096159,-10.4606683845901,2026-04-02T16:07:53.814395
2461133.173645834, A.D. 2026-Apr-02 16:10:03.0000,69.185634,-146689291.2412952,-30697310.37038761,-13311728.95462574,6.148706685539165,-28.15473621627297,-10.48365619810382,2026-04-02T16:08:53.814432
2461133.174340278, A.D. 2026-Apr-02 16:11:03.0000,69.185634,-146688924.2460918,-30699001.36263946,-13312358.78031142,6.084573894028495,-28.21153294797945,-10.51136479914674,2026-04-02T16:09:53.814388
2461133.175034722, A.D. 2026-Apr-02 16:12:03.0000,69.185634,-146688561.0830193,-30700695.71115676,-13312990.40826061,6.021004120776034,-28.26659617460674,-10.54372452642779,2026-04-02T16:10:53.814344
2461133.175729167, A.D. 2026-Apr-02 16:13:03.0000,69.185634,-146688201.7123674,-30702393.30660148,-13313624.11499994,5.958195092344932,-28.31975108369733,-10.58064742680863,2026-04-02T16:11:53.814421
2461133.176423611, A.D. 2026-Apr-02 16:14:03.0000,69.185634,-146687846.0825584,-30704094.02940998,-13314260.17152247,5.896347259714259,-28.37082515850573,-10.62203847652621,2026-04-02T16:12:53.814377
2461133.177118056, A.D. 2026-Apr-02 16:15:03.0000,69.185634,-146687494.1294546,-30705797.74923404,-13314898.84227617,5.835677570399836,-28.41963785506605,-10.66776959309817,2026-04-02T16:13:53.814414
2461133.1778125, A.D. 2026-Apr-02 16:16:03.0000,69.185634,-146687145.7759731,-30707504.3257805,-13315540.38303003,5.776393443995396,-28.46604205763987,-10.71768503327976,2026-04-02T16:14:53.814370
2461133.178506944, A.D. 2026-Apr-02 16:17:03.0000,69.185634,-146686800.9335833,-30709213.61059292,-13316185.04047254,5.718672436193788,-28.50990257880621,-10.77164102966538,2026-04-02T16:15:53.814326
2461133.179201389, A.D. 2026-Apr-02 16:18:03.0000,69.185634,-146686459.503249,-30710925.44644395,-13316833.05249436,5.662689871740744,-28.5510645096887,-10.82948106041808,2026-04-02T16:16:53.814403
2461133.179895833, A.D. 2026-Apr-02 16:19:03.0000,69.185634,-146686121.3754359,-30712639.66700391,-13317484.6467357,5.60861873437748,-28.58938354980865,-10.89102176266991,2026-04-02T16:17:53.814359
2461133.180590278, A.D. 2026-Apr-02 16:20:03.0000,69.185634,-146685786.4303887,-30714356.09788843,-13318140.03940683,5.556627735308259,-28.6247353413946,-10.95606757709828,2026-04-02T16:18:53.814396
2461133.181284722, A.D. 2026-Apr-02 16:21:03.0000,69.185634,-146685454.5382287,-30716074.5576454,-13318799.4347074,5.506885623585805,-28.65700706321583,-11.02441220918553,2026-04-02T16:19:53.814352
2461133.181979167, A.D. 2026-Apr-02 16:22:03.0000,69.185634,-146685125.5590715,-30717794.85838984,-13319463.02397488,5.459555562952347,-28.68609825095776,-11.09583324900671,2026-04-02T16:20:53.814389
2461133.182673611, A.D. 2026-Apr-02 16:23:03.0000,69.185634,-146684799.3436549,-30719516.80680528,-13320130.98494286,5.414786503562955,-28.7119276317198,-11.17010339649225,2026-04-02T16:21:53.814385
2461133.183368056, A.D. 2026-Apr-02 16:24:03.0000,69.185634,-146684475.7339594,-30721240.20475363,-13320803.48172867,5.372723846557631,-28.73441303251514,-11.24699095391703,2026-04-02T16:22:53.814422
2461133.1840625, A.D. 2026-Apr-02 16:25:03.0000,69.185634,-146684154.5634501,-30722964.84936799,-13321480.66371273,5.333502040154569,-28.75348415577477,-11.32623742209034,2026-04-02T16:23:53.814378
2461133.184756944, A.D. 2026-Apr-02 16:26:03.0000,69.185634,-146683835.658155,-30724690.53447388,-13322162.66484221,5.297237776189572,-28.76909857834875,-11.40759501799586,2026-04-02T16:24:53.814334
2461133.185451389, A.D. 2026-Apr-02 16:27:03.0000,69.185634,-146683518.836877,-30726417.05119803,-13322849.60457951,5.264056741114701,-28.78120388046602,-11.49081655622822,2026-04-02T16:25:53.814371
2461133.186145833, A.D. 2026-Apr-02 16:28:03.0000,69.185634,-146683203.9113107,-30728144.18758309,-13323541.58620423,5.234061686973456,-28.78975804956983,-11.57561310757359,2026-04-02T16:26:53.814367
2461133.186840278, A.D. 2026-Apr-02 16:29:03.0000,69.185634,-146682890.6881601,-30729871.73019137,-13324238.69579727,5.207321710580432,-28.79475126190703,-11.6617102531023,2026-04-02T16:27:53.814404
2461133.187534722, A.D. 2026-Apr-02 16:30:03.0000,69.185634,-146682578.9698867,-30731599.46519563,-13324941.0037437,5.183913837489243,-28.79617667617089,-11.74885027605517,2026-04-02T16:28:53.814360
2461133.188229166, A.D. 2026-Apr-02 16:31:03.0000,69.185634,-146682268.5542429,-30733327.17865218,-13325648.5643557,5.163911856045866,-28.79404175247123,-11.83675633285251,2026-04-02T16:29:53.814316
2461133.188923611, A.D. 2026-Apr-02 16:32:03.0000,69.185634,-146681959.2351717,-30735054.65756192,-13326361.41539988,5.147369988385908,-28.78836656643956,-11.92515634934677,2026-04-02T16:30:53.814353
2461133.189618056, A.D. 2026-Apr-02 16:33:03.0000,69.185634,-146681650.8036485,-30736781.69013166,-13327079.57836226,5.134334677355865,-28.77917249243961,-12.01377565644203,2026-04-02T16:31:53.814430
2461133.1903125, A.D. 2026-Apr-02 16:34:03.0000,69.185634,-146681343.0482517,-30738508.06639512,-13327803.05792031,5.124835990685763,-28.76650048085524,-12.10233325010165,2026-04-02T16:32:53.814386
2461133.191006945, A.D. 2026-Apr-02 16:35:03.0000,69.185634,-146681035.7563229,-30740233.57908157,-13328531.84220883,5.118887587726388,-28.75039727768603,-12.19055690002097,2026-04-02T16:33:53.814423
2461133.191701389, A.D. 2026-Apr-02 16:36:03.0000,69.185634,-146680728.7145696,-30741958.02398523,-13329265.90300479,5.116498034962229,-28.73092105498849,-12.27817205090891,2026-04-02T16:34:53.814379
2461133.192395833, A.D. 2026-Apr-02 16:37:03.0000,69.185634,-146680421.7095623,-30743681.20115839,-13330005.19560844,5.117659903369497,-28.70815390025472,-12.36490936954381,2026-04-02T16:35:53.814335
2461133.193090278, A.D. 2026-Apr-02 16:38:03.0000,69.185634,-146680114.5287617,-30745402.91557993,-13330749.65968772,5.122354121327953,-28.68217625442848,-12.45051264831349,2026-04-02T16:36:53.814412
2461133.193784722, A.D. 2026-Apr-02 16:39:03.0000,69.185634,-146679806.9609918,-30747122.97723271,-13331499.21948213,5.130553645119415,-28.65307631988458,-12.53472419452531,2026-04-02T16:37:53.814368
2461133.194479167, A.D. 2026-Apr-02 16:40:03.0000,69.185634,-146679498.7970644,-30748841.20187996,-13332253.78373209,5.142217780199049,-28.62096046421049,-12.61728634500446,2026-04-02T16:38:53.814405
2461133.195173611, A.D. 2026-Apr-02 16:41:03.0000,69.185634,-146679189.8305785,-30750557.41234515,-13333013.24619101,5.157295879410508,-28.58595611152378,-12.69796071605418,2026-04-02T16:39:53.814361
2461133.195868055, A.D. 2026-Apr-02 16:42:03.0000,69.185634,-146678879.8584937,-30752271.43897357,-13333777.487271,5.175727305399999,-28.54817834008068,-12.77653880491034,2026-04-02T16:40:53.814317
2461133.1965625, A.D. 2026-Apr-02 16:43:03.0000,69.185634,-146678568.6815054,-30753983.11830257,-13334546.37461641,5.197447354994904,-28.5077275718547,-12.85279580026096,2026-04-02T16:41:53.814394
2461133.197256945, A.D. 2026-Apr-02 16:44:03.0000,69.185634,-146678256.1045541,-30755692.29386952,-13335319.76194159,5.222377918769502,-28.46473897849539,-12.92650156284202,2026-04-02T16:42:53.814431
2461133.197951389, A.D. 2026-Apr-02 16:45:03.0000,69.185634,-146677941.9375873,-30757398.81772227,-13336097.48998624,5.250431562021399,-28.41935439513067,-12.99745070825219,2026-04-02T16:43:53.814387
2461133.198645833, A.D. 2026-Apr-02 16:46:03.0000,69.185634,-146677625.9962163,-30759102.55043197,-13336879.38735628,5.281506720954194,-28.37171955064387,-13.06544691841386,2026-04-02T16:44:53.814343
2461133.199340278, A.D. 2026-Apr-02 16:47:03.0000,69.185634,-146677308.1021143,-30760803.36146599,-13337665.27159106,5.315506145349385,-28.32198224918577,-13.13031361097834,2026-04-02T16:45:53.814380
2461133.200034722, A.D. 2026-Apr-02 16:48:03.0000,69.185634,-146676988.0829124,-30762501.1293679,-13338454.94928723,5.352320978807745,-28.27030322661662,-13.19186225096269,2026-04-02T16:46:53.814376
2461133.200729167, A.D. 2026-Apr-02 16:49:03.0000,69.185634,-146676665.7737134,-30764195.74293765,-13339248.21638932,5.391816430932998,-28.21685683384013,-13.24993546190094,2026-04-02T16:47:53.814413
2461133.201423611, A.D. 2026-Apr-02 16:50:03.0000,69.185634,-146676341.0173589,-30765887.10080453,-13340044.86053384,5.433873131098028,-28.16179408936376,-13.30440417037132,2026-04-02T16:48:53.814369
2461133.202118055, A.D. 2026-Apr-02 16:51:03.0000,69.185634,-146676013.6637005,-30767575.11044117,-13340844.66111553,5.47836941211199,-28.1052673182861,-13.35512194098893,2026-04-02T16:49:53.814325
2461133.2028125, A.D. 2026-Apr-02 16:52:03.0000,69.185634,-146675683.5705213,-30769259.68915229,-13341647.38899951,5.525165331945918,-28.04744849734088,-13.40195671975654,2026-04-02T16:50:53.814362
2461133.203506944, A.D. 2026-Apr-02 16:53:03.0000,69.185634,-146675350.6041486,-30770940.76458363,-13342452.80775428,5.574116970491128,-27.98850855482849,-13.4447956921687,2026-04-02T16:51:53.814318
2461133.204201389, A.D. 2026-Apr-02 16:54:03.0000,69.185634,-146675014.6395557,-30772618.27453084,-13343260.67454337,5.625080108286358,-27.92861655169213,-13.4835367038558,2026-04-02T16:52:53.814395
2461133.204895834, A.D. 2026-Apr-02 16:55:03.0000,69.185634,-146674675.5604926,-30774292.16709667,-13344070.74066002,5.677905433070102,-27.86794667780965,-13.51808744535077,2026-04-02T16:53:53.814432
2461133.205590278, A.D. 2026-Apr-02 16:56:03.0000,69.185634,-146674333.259872,-30775962.40082942,-13344882.75227191,5.732437284653363,-27.80667233582683,-13.54836929720487,2026-04-02T16:54:53.814388
2461133.206284722, A.D. 2026-Apr-02 16:57:03.0000,69.185634,-146673987.6400157,-30777628.94468606,-13345696.45121783,5.788518491693071,-27.7449674067829,-13.57431632067237,2026-04-02T16:55:53.814344
2461133.206979167, A.D. 2026-Apr-02 16:58:03.0000,69.185634,-146673638.6126964,-30779291.77805719,-13346511.57570599,5.845990326111368,-27.68300591317148,-13.59587334272507,2026-04-02T16:56:53.814421
2461133.207673611, A.D. 2026-Apr-02 16:59:03.0000,69.185634,-146673286.0994251,-30780950.89074142,-13347327.86100177,5.90468678552239,-27.62095954634235,-13.61299815158258,2026-04-02T16:57:53.814377
2461133.208368056, A.D. 2026-Apr-02 17:00:03.0000,69.185634,-146672930.0316736,-30782606.28265763,-13348145.04015792,5.964443458534529,-27.55899594788087,-13.62565680088171,2026-04-02T16:58:53.814414
2461133.2090625, A.D. 2026-Apr-02 17:01:03.0000,69.185634,-146672570.350888,-30784257.96411679,-13348962.84433662,6.025088996494462,-27.49729503909931,-13.63382431868438,2026-04-02T16:59:53.814370
2461133.209756944, A.D. 2026-Apr-02 17:02:03.0000,69.185634,-146672207.0090903,-30785905.95627446,-13349781.00416479,6.086446278488864,-27.43603337422227,-13.63750883170231,2026-04-02T17:00:53.814326
2461133.210451389, A.D. 2026-Apr-02 17:03:03.0000,69.185634,-146671839.9685152,-30787550.29022517,-13350599.25123671,6.148353041354174,-27.37536591767017,-13.63672791888401,2026-04-02T17:01:53.814403
2461133.211145833, A.D. 2026-Apr-02 17:04:03.0000,69.185634,-146671469.2009081,-30789191.00610469,-13351417.31793137,6.210650624805462,-27.31544270066235,-13.63149122902561,2026-04-02T17:02:53.814359
2461133.211840278, A.D. 2026-Apr-02 17:05:03.0000,69.185634,-146671094.6879171,-30790828.15318372,-13352234.93730574,6.273166867143675,-27.25641879775033,-13.62181453269348,2026-04-02T17:03:53.814396
2461133.212534722, A.D. 2026-Apr-02 17:06:03.0000,69.185634,-146670716.4216696,-30792461.79030849,-13353051.84389961,6.335728717154778,-27.19845897730771,-13.60773275241698,2026-04-02T17:04:53.814352
2461133.213229167, A.D. 2026-Apr-02 17:07:03.0000,69.185634,-146670334.4043119,-30794091.98646262,-13353867.7749464,6.398173855025288,-27.14173431474861,-13.58929993835145,2026-04-02T17:05:53.814389
2461133.213923611, A.D. 2026-Apr-02 17:08:03.0000,69.185634,-146669948.6478837,-30795718.82060029,-13354682.47144091,6.460332222278266,-27.08640203812613,-13.56658765486323,2026-04-02T17:06:53.814385
2461133.214618056, A.D. 2026-Apr-02 17:09:03.0000,69.185634,-146669559.174749,-30797342.3802761,-13355495.67910108,6.522034303043692,-27.0325922339911,-13.53967903558714,2026-04-02T17:07:53.814422
2461133.2153125, A.D. 2026-Apr-02 17:10:03.0000,69.185634,-146669166.017006,-30798962.76046786,-13356307.14845059,6.58312322351872,-26.98042727822401,-13.50864882061794,2026-04-02T17:08:53.814378
2461133.216006944, A.D. 2026-Apr-02 17:11:03.0000,69.185634,-146668769.2163268,-30800580.06393569,-13357116.63437761,6.643433836059484,-26.93004649475725,-13.4735733688101,2026-04-02T17:09:53.814334
2461133.216701389, A.D. 2026-Apr-02 17:12:03.0000,69.185634,-146668368.8244958,-30802194.40210993,-13357923.89727218,6.702798828212228,-26.88159327429427,-13.4345621110431,2026-04-02T17:10:53.814371
2461133.217395833, A.D. 2026-Apr-02 17:13:03.0000,69.185634,-146667964.9027824,-30803805.89427128,-13358728.7046774,6.761069826123397,-26.83518464621078,-13.39173609059008,2026-04-02T17:11:53.814367
2461133.218090278, A.D. 2026-Apr-02 17:14:03.0000,69.185634,-146667557.5211377,-30805414.66645934,-13359530.83101037,6.818102088016239,-26.7909357572842,-13.34520613263028,2026-04-02T17:12:53.814404
2461133.218784722, A.D. 2026-Apr-02 17:15:03.0000,69.185634,-146667146.7583458,-30807020.85196226,-13360330.05772543,6.873747099134872,-26.74896936845184,-13.29509854207364,2026-04-02T17:13:53.814360
2461133.219479166, A.D. 2026-Apr-02 17:16:03.0000,69.185634,-146666732.702048,-30808624.5911833,-13361126.17425739,6.927857868059361,-26.70940014776711,-13.24155122356438,2026-04-02T17:14:53.814316
2461133.220173611, A.D. 2026-Apr-02 17:17:03.0000,69.185634,-146666315.4487618,-30810226.03127379,-13361918.97872728,6.980286129709524,-26.67233699964735,-13.18471884763719,2026-04-02T17:15:53.814353
2461133.220868056, A.D. 2026-Apr-02 17:18:03.0000,69.185634,-146665895.1036062,-30811825.32526056,-13362708.27913545,7.030896376499504,-26.63786380465167,-13.12477116088683,2026-04-02T17:16:53.814430
2461133.2215625, A.D. 2026-Apr-02 17:19:03.0000,69.185634,-146665471.7792991,-30813422.63057623,-13363493.89325186,7.079568628496659,-26.60604970719056,-13.06186145159229,2026-04-02T17:17:53.814386
2461133.222256945, A.D. 2026-Apr-02 17:20:03.0000,69.185634,-146665045.5956981,-30815018.1091768,-13364275.64778539,7.126183195807068,-26.57697777495267,-12.99614008418541,2026-04-02T17:18:53.814423
2461133.222951389, A.D. 2026-Apr-02 17:21:03.0000,69.185634,-146664616.67984,-30816611.9281368,-13365053.37900524,7.170621930797037,-26.55073130795019,-12.92777515912164,2026-04-02T17:19:53.814379
2461133.223645833, A.D. 2026-Apr-02 17:22:03.0000,69.185634,-146664185.1657478,-30818204.25913089,-13365826.93343949,7.212768435512503,-26.52738064156124,-12.85693801047808,2026-04-02T17:20:53.814335
2461133.224340278, A.D. 2026-Apr-02 17:23:03.0000,69.185634,-146663751.1945679,-30819795.27790404,-13366596.16805042,7.252502608272695,-26.506992858378,-12.78380890458005,2026-04-02T17:21:53.814412
2461133.225034722, A.D. 2026-Apr-02 17:24:03.0000,69.185634,-146663314.9144388,-30821385.16408027,-13367360.95123111,7.289714035683248,-26.48962777204769,-12.70858718110262,2026-04-02T17:22:53.814368
2461133.225729167, A.D. 2026-Apr-02 17:25:03.0000,69.185634,-146662876.4796494,-30822974.10048015,-13368121.16351326,7.324307038864723,-26.47533302068976,-12.63147555392673,2026-04-02T17:23:53.814405
2461133.226423611, A.D. 2026-Apr-02 17:26:03.0000,69.185634,-146662436.0500335,-30824562.27253437,-13368876.69751196,7.356191235090275,-26.46414836249872,-12.55267481582089,2026-04-02T17:24:53.814361
2461133.227118055, A.D. 2026-Apr-02 17:27:03.0000,69.185634,-146661993.7907655,-30826149.86783808,-13369627.45794551,7.385279284155407,-26.4561060761072,-12.47238804321169,2026-04-02T17:25:53.814317
2461133.2278125, A.D. 2026-Apr-02 17:28:03.0000,69.185634,-146661549.872065,-30827737.07573562,-13370373.36186417,7.411491347579562,-26.45123255456887,-12.39082349694685,2026-04-02T17:26:53.814394
2461133.228506945, A.D. 2026-Apr-02 17:29:03.0000,69.185634,-146661104.4686745,-30829324.08697704,-13371114.33890653,7.434755638872754,-26.44954815157567,-12.30819173782126,2026-04-02T17:27:53.814431
2461133.229201389, A.D. 2026-Apr-02 17:30:03.0000,69.185634,-146660657.759544,-30830911.0933273,-13371850.33137604,7.455003156511341,-26.45106627419978,-12.22470478798224,2026-04-02T17:28:53.814387
2461133.229895833, A.D. 2026-Apr-02 17:31:03.0000,69.185634,-146660209.9276969,-30832498.28718119,-13372581.29445693,7.472167575426029,-26.45579472998276,-12.1405812938487,2026-04-02T17:29:53.814343
2461133.230590278, A.D. 2026-Apr-02 17:32:03.0000,69.185634,-146659761.1599086,-30834085.86120007,-13373307.19683752,7.486191969208178,-26.46373325651782,-12.05605292492066,2026-04-02T17:30:53.814380
2461133.231284722, A.D. 2026-Apr-02 17:33:03.0000,69.185634,-146659311.6458742,-30835674.0075084,-13374028.02118105,7.497035348666837,-26.47486395679133,-11.97134881023892,2026-04-02T17:31:53.814376
2461133.231979167, A.D. 2026-Apr-02 17:34:03.0000,69.185634,-146658861.5776821,-30837262.91694158,-13374743.76338882,7.504655438141402,-26.48916508594138,-11.886684710233,2026-04-02T17:32:53.814413
2461133.232673611, A.D. 2026-Apr-02 17:35:03.0000,69.185634,-146658411.1500103,-30838852.77901458,-13375454.43276908,7.509012604955244,-26.50661062625129,-11.80229446161961,2026-04-02T17:33:53.814369
2461133.233368055, A.D. 2026-Apr-02 17:36:03.0000,69.185634,-146657960.5592734,-30840443.78109509,-13376160.05280484,7.510089012723829,-26.52715683159305,-11.71840998786045,2026-04-02T17:34:53.814325
2461133.2340625, A.D. 2026-Apr-02 17:37:03.0000,69.185634,-146657510.0026194,-30842036.10802521,-13376860.66041751,7.507874634967245,-26.55076625242114,-11.63525181907788,2026-04-02T17:35:53.814362
2461133.234756944, A.D. 2026-Apr-02 17:38:03.0000,69.185634,-146657059.6777682,-30843629.94243001,-13377556.30617115,7.502361497733329,-26.57739750982321,-11.5530553498412,2026-04-02T17:36:53.814318
2461133.235451389, A.D. 2026-Apr-02 17:39:03.0000,69.185634,-146656609.7827166,-30845225.46378545,-13378247.0549467,7.493549415247525,-26.6069862693904,-11.47205891505991,2026-04-02T17:37:53.814395
2461133.236145834, A.D. 2026-Apr-02 17:40:03.0000,69.185634,-146656160.5151392,-30846822.84725382,-13378932.98553322,7.481448207648218,-26.63945744152311,-11.39248706628705,2026-04-02T17:38:53.814432
2461133.236840278, A.D. 2026-Apr-02 17:41:03.0000,69.185634,-146655712.0719459,-30848422.26358365,-13379614.1901325,7.466074443567327,-26.67473772481538,-11.31456618779004,2026-04-02T17:39:53.814388
2461133.237534722, A.D. 2026-Apr-02 17:42:03.0000,69.185634,-146655264.6486567,-30850023.87883657,-13380290.77482717,7.44745886724024,-26.7127422136648,-11.23853096563992,2026-04-02T17:40:53.814344
2461133.238229167, A.D. 2026-Apr-02 17:43:03.0000,69.185634,-146654818.438508,-30851627.85349092,-13380962.85958557,7.42564559063856,-26.75337107663973,-11.16460637650636,2026-04-02T17:41:53.814421
2461133.238923611, A.D. 2026-Apr-02 17:44:03.0000,69.185634,-146654373.6318789,-30853234.3419842,-13381630.57750691,7.400685392386145,-26.79652431543901,-11.09300802220147,2026-04-02T17:42:53.814377
2461133.239618056, A.D. 2026-Apr-02 17:45:03.0000,69.185634,-146653930.4158704,-30854843.49261683,-13382294.07460316,7.372636577466857,-26.842095082573,-11.02395008557471,2026-04-02T17:43:53.814414
2461133.2403125, A.D. 2026-Apr-02 17:46:03.0000,69.185634,-146653488.9738873,-30856455.44686154,-13382953.50963838,7.341564882652817,-26.88996256560766,-10.95764324118853,2026-04-02T17:44:53.814370
2461133.241006944, A.D. 2026-Apr-02 17:47:03.0000,69.185634,-146653049.4850522,-30858070.33864408,-13383609.05379218,7.307547268480686,-26.93999748964447,-10.89429001608491,2026-04-02T17:45:53.814326
2461133.241701389, A.D. 2026-Apr-02 17:48:03.0000,69.185634,-146652612.1235863,-30859688.2940048,-13384260.89011464,7.270669375710124,-26.99206604563606,-10.83408335388978,2026-04-02T17:46:53.814403
2461133.242395833, A.D. 2026-Apr-02 17:49:03.0000,69.185634,-146652177.0584173,-30861309.43081888,-13384909.21300688,7.231022039829721,-27.04602995963884,-10.77721011071696,2026-04-02T17:47:53.814359
2461133.243090278, A.D. 2026-Apr-02 17:50:03.0000,69.185634,-146651744.4527595,-30862933.85843358,-13385554.22800684,7.188705738532434,-27.10174238550643,-10.72385356829368,2026-04-02T17:48:53.814396
2461133.243784722, A.D. 2026-Apr-02 17:51:03.0000,69.185634,-146651314.4635192,-30864561.67710845,-13386196.15134085,7.143829210750509,-27.15904747286805,-10.67418617004008,2026-04-02T17:49:53.814352
2461133.244479167, A.D. 2026-Apr-02 17:52:03.0000,69.185634,-146650887.2408684,-30866192.97755209,-13386835.20930759,7.096509501836049,-27.21778348828439,-10.62837216533193,2026-04-02T17:50:53.814389
2461133.245173611, A.D. 2026-Apr-02 17:53:03.0000,69.185634,-146650462.927487,-30867827.84066823,-13387471.6378389,7.046879537713787,-27.27778567889611,-10.58656718630013,2026-04-02T17:51:53.814385
2461133.245868056, A.D. 2026-Apr-02 17:54:03.0000,69.185634,-146650041.6578088,-30869466.33741408,-13388105.68180562,6.995078895870549,-27.33888662285494,-10.54891379300442,2026-04-02T17:52:53.814422
2461133.2465625, A.D. 2026-Apr-02 17:55:03.0000,69.185634,-146649623.5578445,-30871108.52849354,-13388737.59435584,6.94125007841817,-27.40091105797621,-10.51554625225654,2026-04-02T17:53:53.814378
2461133.247256944, A.D. 2026-Apr-02 17:56:03.0000,69.185634,-146649208.7446456,-30872754.46382181,-13389367.63637734,6.885549710602916,-27.46367614017966,-10.48658543673497,2026-04-02T17:54:53.814334
2461133.247951389, A.D. 2026-Apr-02 17:57:03.0000,69.185634,-146648797.3258062,-30874404.18237064,-13389996.07543901,6.828133848890208,-27.52699984669315,-10.46213596849301,2026-04-02T17:55:53.814371
2461133.248645833, A.D. 2026-Apr-02 17:58:03.0000,69.185634,-146648389.3994938,-30876057.71215177,-13390623.18528034,6.769163670523239,-27.59069794059073,-10.44230044498366,2026-04-02T17:56:53.814367
2461133.249340278, A.D. 2026-Apr-02 17:59:03.0000,69.185634,-146647985.0535648,-30877715.06962918,-13391249.24561136,6.708822233550406,-27.65456804537154,-10.42716925566678,2026-04-02T17:57:53.814404
2461133.250034722, A.D. 2026-Apr-02 18:00:03.0000,69.185634,-146647584.3647148,-30879376.2587488,-13391874.54060243,6.647294081629695,-27.71839688539588,-10.41680066833565,2026-04-02T17:58:53.814360
2461133.250729166, A.D. 2026-Apr-02 18:01:03.0000,69.185634,-146647187.3989614,-30881041.27096056,-13392499.35709411,6.584750346891076,-27.78198716837574,-10.41123156408191,2026-04-02T17:59:53.814316
2461133.251423611, A.D. 2026-Apr-02 18:02:03.0000,69.185634,-146646794.2119021,-30882710.08634705,-13393123.9844082,6.521374431510973,-27.84515176084583,-10.41050644891564,2026-04-02T18:00:53.814353
2461133.252118056, A.D. 2026-Apr-02 18:03:03.0000,69.185634,-146646404.8472601,-30884382.67382016,-13393748.71401777,6.457373067759029,-27.9077084061717,-10.41464859392154,2026-04-02T18:01:53.814430
2461133.2528125, A.D. 2026-Apr-02 18:04:03.0000,69.185634,-146646019.3366581,-30886058.99151269,-13394373.83828206,6.392941751303602,-27.96947468339317,-10.42366814227656,2026-04-02T18:02:53.814386
2461133.253506945, A.D. 2026-Apr-02 18:05:03.0000,69.185634,-146645637.6999539,-30887738.98586249,-13394999.64997764,6.328282658207354,-28.03024021465869,-10.43756544405874,2026-04-02T18:03:53.814423
2461133.254201389, A.D. 2026-Apr-02 18:06:03.0000,69.185634,-146645259.9441992,-30889422.59026907,-13395626.44063194,6.263615424982188,-28.08979281264738,-10.45629551600298,2026-04-02T18:04:53.814379
2461133.254895833, A.D. 2026-Apr-02 18:07:03.0000,69.185634,-146644886.0636018,-30891109.72648554,-13396254.49838343,6.199146735466391,-28.14795349431392,-10.47979735090574,2026-04-02T18:05:53.814335
2461133.255590278, A.D. 2026-Apr-02 18:08:03.0000,69.185634,-146644516.0404108,-30892800.30580755,-13396884.10781697,6.135070280897462,-28.20454688811037,-10.50801381574555,2026-04-02T18:06:53.814412
2461133.256284722, A.D. 2026-Apr-02 18:09:03.0000,69.185634,-146644149.8452922,-30894494.22857748,-13397515.54974566,6.07157979121531,-28.2593855808293,-10.54087198705893,2026-04-02T18:07:53.814368
2461133.256979167, A.D. 2026-Apr-02 18:10:03.0000,69.185634,-146643787.4372075,-30896191.38414403,-13398149.09993741,6.008870248948068,-28.31229354850336,-10.57827872671807,2026-04-02T18:08:53.814405
2461133.257673611, A.D. 2026-Apr-02 18:11:03.0000,69.185634,-146643428.7634006,-30897891.65150699,-13398785.02843745,5.947142773619182,-28.36309661365053,-10.6201359634532,2026-04-02T18:09:53.814361
2461133.258368055, A.D. 2026-Apr-02 18:12:03.0000,69.185634,-146643073.75833,-30899594.89920305,-13399423.59850922,5.886618168876717,-28.41162699814747,-10.66631213604963,2026-04-02T18:10:53.814317
2461133.2590625, A.D. 2026-Apr-02 18:13:03.0000,69.185634,-146642722.3435674,-30901300.9866344,-13400065.06478912,5.827498378343268,-28.45774667854004,-10.71665781217099,2026-04-02T18:11:53.814394
2461133.259756945, A.D. 2026-Apr-02 18:14:03.0000,69.185634,-146642374.4295403,-30903009.76495488,-13400709.67327904,5.769958607267053,-28.50131041154576,-10.77103400080009,2026-04-02T18:12:53.814431
2461133.260451389, A.D. 2026-Apr-02 18:15:03.0000,69.185634,-146642029.9161265,-30904721.0759531,-13401357.66112552,5.71417621716327,-28.54215669749903,-10.82927840249103,2026-04-02T18:13:53.814387
2461133.261145833, A.D. 2026-Apr-02 18:16:03.0000,69.185634,-146641688.6926781,-30906434.75212342,-13402009.2547945,5.660323189094369,-28.58014055449483,-10.89120048306468,2026-04-02T18:14:53.814343
2461133.261840278, A.D. 2026-Apr-02 18:17:03.0000,69.185634,-146641350.6384411,-30908150.61798548,-13402664.66898257,5.608565524893872,-28.61514018703639,-10.95660094102685,2026-04-02T18:15:53.814380
2461133.262534722, A.D. 2026-Apr-02 18:18:03.0000,69.185634,-146641015.6226597,-30909868.49118441,-13403324.10625356,5.559071148844052,-28.64704670734319,-11.02527266062568,2026-04-02T18:16:53.814376
2461133.263229167, A.D. 2026-Apr-02 18:19:03.0000,69.185634,-146640683.5045868,-30911588.18314765,-13403987.75626978,5.512002789743805,-28.67576281882932,-11.09699242970718,2026-04-02T18:17:53.814413
2461133.263923611, A.D. 2026-Apr-02 18:20:03.0000,69.185634,-146640354.134219,-30913309.50000423,-13404655.7950918,5.467506386837004,-28.7012078288335,-11.17153432899354,2026-04-02T18:18:53.814369
2461133.264618055, A.D. 2026-Apr-02 18:21:03.0000,69.185634,-146640027.3528664,-30915032.24305837,-13405328.38521843,5.425728287895694,-28.72329978039787,-11.24866568960084,2026-04-02T18:19:53.814325
2461133.2653125, A.D. 2026-Apr-02 18:22:03.0000,69.185634,-146639702.9932438,-30916756.20901483,-13406005.67426595,5.386803504703759,-28.74197348048017,-11.32812596956025,2026-04-02T18:20:53.814362
2461133.266006944, A.D. 2026-Apr-02 18:23:03.0000,69.185634,-146639380.8807175,-30918481.19159145,-13406687.79449493,5.350845742368492,-28.7571891839697,-11.40967195363886,2026-04-02T18:21:53.814318
2461133.266701389, A.D. 2026-Apr-02 18:24:03.0000,69.185634,-146639060.8335307,-30920206.98175162,-13407374.86392906,5.317981043907352,-28.76889188361287,-11.49305769775192,2026-04-02T18:22:53.814395
2461133.267395834, A.D. 2026-Apr-02 18:25:03.0000,69.185634,-146638742.6627766,-30921933.36733314,-13408066.98426292,5.288312056373507,-28.77704125275136,-11.5779898745544,2026-04-02T18:23:53.814432
2461133.268090278, A.D. 2026-Apr-02 18:26:03.0000,69.185634,-146638426.1746346,-30923660.13486153,-13408764.23981535,5.261905876830464,-28.78162990101494,-11.66419306790835,2026-04-02T18:24:53.814388
2461133.268784722, A.D. 2026-Apr-02 18:27:03.0000,69.185634,-146638111.171135,-30925387.07054019,-13409466.69919197,5.238838429045839,-28.78265211494705,-11.75140938621339,2026-04-02T18:25:53.814344
2461133.269479167, A.D. 2026-Apr-02 18:28:03.0000,69.185634,-146637797.4496916,-30927113.96057911,-13410174.41496654,5.219181583756098,-28.7801172679073,-11.83936403445581,2026-04-02T18:26:53.814421
2461133.270173611, A.D. 2026-Apr-02 18:29:03.0000,69.185634,-146637484.8039881,-30928840.59216017,-13410887.42330017,5.202989037931455,-28.77404481144984,-11.9277862424109,2026-04-02T18:27:53.814377
2461133.270868056, A.D. 2026-Apr-02 18:30:03.0000,69.185634,-146637173.0247567,-30930566.75366536,-13411605.74404945,5.190306559595807,-28.76445717933207,-12.01639976265871,2026-04-02T18:28:53.814414
2461133.2715625, A.D. 2026-Apr-02 18:31:03.0000,69.185634,-146636861.9004267,-30932292.23539776,-13412329.38023224,5.181162442609324,-28.75139637575063,-12.10492441283752,2026-04-02T18:29:53.814370
2461133.272256944, A.D. 2026-Apr-02 18:32:03.0000,69.185634,-146636551.2182571,-30934016.8303863,-13413058.31833185,5.175569601165727,-28.73490987190636,-12.19308710348894,2026-04-02T18:30:53.814326
2461133.272951389, A.D. 2026-Apr-02 18:33:03.0000,69.185634,-146636240.7649229,-30935740.33482171,-13413792.52843247,5.17353541334525,-28.71505826926393,-12.28061315998267,2026-04-02T18:31:53.814403
2461133.273645833, A.D. 2026-Apr-02 18:34:03.0000,69.185634,-146635930.3270599,-30937462.54926427,-13414531.96422022,5.175051095041383,-28.69192431510993,-12.36723574283762,2026-04-02T18:32:53.814359
2461133.274340278, A.D. 2026-Apr-02 18:35:03.0000,69.185634,-146635619.6922277,-30939183.27921506,-13415276.56382706,5.180097199525947,-28.66558888260031,-12.45269848516949,2026-04-02T18:33:53.814396
2461133.275034722, A.D. 2026-Apr-02 18:36:03.0000,69.185634,-146635308.6493935,-30940902.33523725,-13416026.24994941,5.188645660156423,-28.63614146668086,-12.53674382289061,2026-04-02T18:34:53.814352
2461133.275729167, A.D. 2026-Apr-02 18:37:03.0000,69.185634,-146634996.9895889,-30942619.53374825,-13416780.92980828,5.20065464065484,-28.60368983220381,-12.61911514690015,2026-04-02T18:35:53.814389
2461133.276423611, A.D. 2026-Apr-02 18:38:03.0000,69.185634,-146634684.5066707,-30944334.69830967,-13417540.49570944,5.216072716646742,-28.56836217569847,-12.69957502613187,2026-04-02T18:36:53.814385
2461133.277118056, A.D. 2026-Apr-02 18:39:03.0000,69.185634,-146634370.9979171,-30946047.65999486,-13418304.82669697,5.234838636576066,-28.53027299281408,-12.7779164017295,2026-04-02T18:37:53.814422
2461133.2778125, A.D. 2026-Apr-02 18:40:03.0000,69.185634,-146634056.2643698,-30947758.25607159,-13419073.78907577,5.256886982055478,-28.48952354950639,-12.85391418280941,2026-04-02T18:38:53.814378
2461133.278506944, A.D. 2026-Apr-02 18:41:03.0000,69.185634,-146633740.1113814,-30949466.33088551,-13419847.23522886,5.282138454801275,-28.44625029788806,-12.92733921998164,2026-04-02T18:39:53.814334
2461133.279201389, A.D. 2026-Apr-02 18:42:03.0000,69.185634,-146633422.3493753,-30951171.73733873,-13420625.00463564,5.310504252661637,-28.40059538361535,-12.99798729615769,2026-04-02T18:40:53.814371
2461133.279895833, A.D. 2026-Apr-02 18:43:03.0000,69.185634,-146633102.7944933,-30952874.33685675,-13421406.92476768,5.341883334550129,-28.35270446440546,-13.06566454892485,2026-04-02T18:41:53.814367
2461133.280590278, A.D. 2026-Apr-02 18:44:03.0000,69.185634,-146632781.2688633,-30954573.99980845,-13422192.81204676,5.376179020840591,-28.30272740716552,-13.13019233360482,2026-04-02T18:42:53.814404
2461133.281284722, A.D. 2026-Apr-02 18:45:03.0000,69.185634,-146632457.600706,-30956270.6057887,-13422982.47182186,5.413277587299805,-28.25082655805674,-13.19138165047388,2026-04-02T18:43:53.814360
2461133.281979166, A.D. 2026-Apr-02 18:46:03.0000,69.185634,-146632131.6259377,-30957964.04459917,-13423775.69895067,5.453043561961709,-28.19717359909051,-13.24907947359435,2026-04-02T18:44:53.814316
2461133.282673611, A.D. 2026-Apr-02 18:47:03.0000,69.185634,-146631803.1880995,-30959654.21577745,-13424572.28014788,5.49536051205166,-28.14192016996385,-13.30315769144143,2026-04-02T18:45:53.814353
2461133.283368056, A.D. 2026-Apr-02 18:48:03.0000,69.185634,-146631472.1376446,-30961341.02783749,-13425371.9939096,5.54010670956067,-28.08522153019432,-13.35347044420944,2026-04-02T18:46:53.814430
2461133.2840625, A.D. 2026-Apr-02 18:49:03.0000,69.185634,-146631138.3330292,-30963024.39923333,-13426174.61026744,5.587140371956417,-28.02724958849539,-13.39988677740713,2026-04-02T18:47:53.814386
2461133.284756945, A.D. 2026-Apr-02 18:50:03.0000,69.185634,-146630801.6413318,-30964704.25870129,-13426979.89202349,5.636317383352692,-27.96817459464592,-13.44229535269756,2026-04-02T18:48:53.814423
2461133.285451389, A.D. 2026-Apr-02 18:51:03.0000,69.185634,-146630461.9382428,-30966380.54513827,-13427787.59564704,5.687493994032261,-27.90816603388948,-13.48059442392128,2026-04-02T18:49:53.814379
2461133.286145833, A.D. 2026-Apr-02 18:52:03.0000,69.185634,-146630119.1082649,-30968053.20778177,-13428597.47175197,5.74051951632325,-27.8473991139798,-13.51469258559701,2026-04-02T18:50:53.814335
2461133.286840278, A.D. 2026-Apr-02 18:53:03.0000,69.185634,-146629773.0451331,-30969722.20635427,-13429409.26592642,5.795237656508786,-27.7860470173495,-13.54451283078426,2026-04-02T18:51:53.814412
2461133.287534722, A.D. 2026-Apr-02 18:54:03.0000,69.185634,-146629423.652023,-30971387.51096121,-13430222.71946578,5.8514903834332,-27.72428369084479,-13.56998911301306,2026-04-02T18:52:53.814368
2461133.288229167, A.D. 2026-Apr-02 18:55:03.0000,69.185634,-146629070.8416442,-30973049.10221337,-13431037.57005092,5.909117161838706,-27.66228515456799,-13.59106748726915,2026-04-02T18:53:53.814405
2461133.288923611, A.D. 2026-Apr-02 18:56:03.0000,69.185634,-146628714.5365402,-30974706.97116597,-13431853.55257476,5.967951401061644,-27.60022151463582,-13.6077089909972,2026-04-02T18:54:53.814361
2461133.289618055, A.D. 2026-Apr-02 18:57:03.0000,69.185634,-146628354.6691518,-30976361.11886282,-13432670.39980178,6.027830322061672,-27.53825930272317,-13.61987864501533,2026-04-02T18:55:53.814317
2461133.2903125, A.D. 2026-Apr-02 18:58:03.0000,69.185634,-146627991.1819188,-30978011.55683737,-13433487.84255716,6.088580010910246,-27.47658168945974,-13.62755274779351,2026-04-02T18:56:53.814394
2461133.291006945, A.D. 2026-Apr-02 18:59:03.0000,69.185634,-146627624.0280148,-30979658.30750082,-13434305.61133088,6.15002180629832,-27.41536190436754,-13.63074305404525,2026-04-02T18:57:53.814431
2461133.291701389, A.D. 2026-Apr-02 19:00:03.0000,69.185634,-146627253.170812,-30981301.40293971,-13435123.43766486,6.211995039290919,-27.35475252336173,-13.62946682462234,2026-04-02T18:58:53.814387
2461133.292395833, A.D. 2026-Apr-02 19:01:03.0000,69.185634,-146626878.5831018,-30982940.88438665,-13435941.05391093,6.274342211853249,-27.29490768465907,-13.62373602473546,2026-04-02T18:59:53.814343
2461133.293090278, A.D. 2026-Apr-02 19:02:03.0000,69.185634,-146626500.2474552,-30984576.80230948,-13436758.1933081,6.336894463164119,-27.23598058920046,-13.61356867180094,2026-04-02T19:00:53.814380
2461133.293784722, A.D. 2026-Apr-02 19:03:03.0000,69.185634,-146626118.1567842,-30986209.2166224,-13437574.59045512,6.399478236207253,-27.17813624326725,-13.5989942772329,2026-04-02T19:01:53.814376
2461133.294479167, A.D. 2026-Apr-02 19:04:03.0000,69.185634,-146625732.3143267,-30987838.19763565,-13438389.982466,6.461922446544465,-27.12155249083984,-13.58006962596804,2026-04-02T19:02:53.814413
2461133.295173611, A.D. 2026-Apr-02 19:05:03.0000,69.185634,-146625342.7336389,-30989463.82576364,-13439204.11071746,6.524054435438437,-27.06638201046085,-13.55687662217949,2026-04-02T19:03:53.814369
2461133.295868055, A.D. 2026-Apr-02 19:06:03.0000,69.185634,-146624949.4384193,-30991086.18957207,-13440016.7216428,6.585711529755707,-27.0127482902444,-13.52949835119356,2026-04-02T19:04:53.814325
2461133.2965625, A.D. 2026-Apr-02 19:07:03.0000,69.185634,-146624552.4617291,-30992705.38491547,-13440827.5663377,6.646741007525022,-26.96077476362785,-13.49800689694617,2026-04-02T19:05:53.814362
2461133.297256944, A.D. 2026-Apr-02 19:08:03.0000,69.185634,-146624151.8461362,-30994321.51548493,-13441636.40015578,6.706975834106793,-26.91060078836617,-13.46247757188405,2026-04-02T19:06:53.814318
2461133.297951389, A.D. 2026-Apr-02 19:09:03.0000,69.185634,-146623747.6445149,-30995934.69360633,-13442442.98397558,6.766245858857605,-26.86236878471364,-13.42302190125984,2026-04-02T19:07:53.814395
2461133.298645834, A.D. 2026-Apr-02 19:10:03.0000,69.185634,-146623339.9191907,-30997545.03940904,-13443247.08597027,6.824406665808982,-26.81619574456625,-13.37976219090232,2026-04-02T19:08:53.814432
2461133.299340278, A.D. 2026-Apr-02 19:11:03.0000,69.185634,-146622928.7409658,-30999152.67987726,-13444048.48117552,6.881314130697262,-26.77219950027348,-13.33280903907935,2026-04-02T19:09:53.814388
2461133.300034722, A.D. 2026-Apr-02 19:12:03.0000,69.185634,-146622514.1896187,-31000757.74931971,-13444846.95176149,6.936816009293945,-26.73050217723214,-13.28229190358173,2026-04-02T19:10:53.814344
2461133.300729167, A.D. 2026-Apr-02 19:13:03.0000,69.185634,-146622096.3539291,-31002360.38907133,-13445642.28805834,6.990764321805032,-26.69121676446991,-13.2283508779847,2026-04-02T19:11:53.814421
2461133.301423611, A.D. 2026-Apr-02 19:14:03.0000,69.185634,-146621675.3315846,-31003960.74711931,-13446434.28923202,7.043010867729695,-26.65444979221868,-13.17114411152052,2026-04-02T19:12:53.814377
2461133.302118056, A.D. 2026-Apr-02 19:15:03.0000,69.185634,-146621251.2287549,-31005558.97706019,-13447222.76446278,7.093424205987844,-26.62027996432779,-13.11084076401549,2026-04-02T19:13:53.814414
2461133.3028125, A.D. 2026-Apr-02 19:16:03.0000,69.185634,-146620824.15896,-31007155.23676666,-13448007.53250329,7.141887036676277,-26.58877792722454,-13.04758971848328,2026-04-02T19:14:53.814370
2461133.303506944, A.D. 2026-Apr-02 19:17:03.0000,69.185634,-146620394.2428674,-31008749.68885224,-13448788.42094008,7.188277328291965,-26.56003078734172,-12.98154328883854,2026-04-02T19:15:53.814326
2461133.304201389, A.D. 2026-Apr-02 19:18:03.0000,69.185634,-146619961.6084564,-31010342.50115052,-13449565.26718195,7.232475824195892,-26.53412073093568,-12.91287458382717,2026-04-02T19:16:53.814403
2461133.304895833, A.D. 2026-Apr-02 19:19:03.0000,69.185634,-146619526.3906576,-31011933.84595699,-13450337.91908557,7.274368117931908,-26.51111626845332,-12.84175619562818,2026-04-02T19:17:53.814359
2461133.305590278, A.D. 2026-Apr-02 19:20:03.0000,69.185634,-146619088.7313943,-31013523.89961079,-13451106.23496631,7.313835802773519,-26.49108442957085,-12.76836839048542,2026-04-02T19:18:53.814396
2461133.306284722, A.D. 2026-Apr-02 19:21:03.0000,69.185634,-146618648.7795297,-31015112.84228809,-13451870.08458833,7.350768787615632,-26.47408388542564,-12.69291133195711,2026-04-02T19:19:53.814352
2461133.306979167, A.D. 2026-Apr-02 19:22:03.0000,69.185634,-146618206.6900703,-31016700.85727003,-13452629.34991334,7.385071424356711,-26.46016043060511,-12.61558866315218,2026-04-02T19:20:53.814389
2461133.307673611, A.D. 2026-Apr-02 19:23:03.0000,69.185634,-146617762.6235515,-31018288.1303397,-13453383.92504144,7.416653910593958,-26.44935196643168,-12.53660187577385,2026-04-02T19:21:53.814385
2461133.308368056, A.D. 2026-Apr-02 19:24:03.0000,69.185634,-146617316.7457943,-31019874.8493488,-13454133.71618451,7.445430069320491,-26.44168990674935,-12.45615388114727,2026-04-02T19:22:53.814422
2461133.3090625, A.D. 2026-Apr-02 19:25:03.0000,69.185634,-146616869.2276026,-31021461.20387744,-13454878.64189648,7.471320808356738,-26.43720020563892,-12.37445352692603,2026-04-02T19:23:53.814378
2461133.309756944, A.D. 2026-Apr-02 19:26:03.0000,69.185634,-146616420.2442713,-31023047.38485291,-13455618.63336908,7.494254909755197,-26.43590193576139,-12.29171234438044,2026-04-02T19:24:53.814334
2461133.310451389, A.D. 2026-Apr-02 19:27:03.0000,69.185634,-146615969.9752488,-31024633.5841489,-13456353.63450517,7.514164447722765,-26.43780743980964,-12.20814269180267,2026-04-02T19:25:53.814371
2461133.311145833, A.D. 2026-Apr-02 19:28:03.0000,69.185634,-146615518.6040071,-31026219.99420624,-13457083.60210409,7.530983713198733,-26.4429238195821,-12.12396393567514,2026-04-02T19:26:53.814367
2461133.311840278, A.D. 2026-Apr-02 19:29:03.0000,69.185634,-146615066.3177288,-31027806.80767369,-13457808.50654805,7.544656768331762,-26.45124886878762,-12.03940917521367,2026-04-02T19:27:53.814404
2461133.312534722, A.D. 2026-Apr-02 19:30:03.0000,69.185634,-146614613.306424,-31029394.21651928,-13458528.3322063,7.555144298815204,-26.46276262369839,-11.9547060804588,2026-04-02T19:28:53.814360
2461133.313229166, A.D. 2026-Apr-02 19:31:03.0000,69.185634,-146614159.7624411,-31030982.41138246,-13459243.07658606,7.56240436566582,-26.47744392384826,-11.87006987648388,2026-04-02T19:29:53.814316
2461133.313923611, A.D. 2026-Apr-02 19:32:03.0000,69.185634,-146613705.8806723,-31032571.58157474,-13459952.75065435,7.566398815995758,-26.49526529807998,-11.7857356029082,2026-04-02T19:30:53.814353
2461133.314618056, A.D. 2026-Apr-02 19:33:03.0000,69.185634,-146613251.8576401,-31034161.91416324,-13460657.37954589,7.567111309755578,-26.5161820765523,-11.70193394167703,2026-04-02T19:31:53.814430
2461133.3153125, A.D. 2026-Apr-02 19:34:03.0000,69.185634,-146612797.8905546,-31035753.59368514,-13461357.0018083,7.564532210273434,-26.54015690236996,-11.61888653756855,2026-04-02T19:32:53.814386
2461133.316006945, A.D. 2026-Apr-02 19:35:03.0000,69.185634,-146612344.1771538,-31037346.80238878,-13462051.66972543,7.558654593588158,-26.56714587198891,-11.53682972209795,2026-04-02T19:33:53.814423
2461133.316701389, A.D. 2026-Apr-02 19:36:03.0000,69.185634,-146611890.9153807,-31038941.71921506,-13462741.44988388,7.549479617587784,-26.59708269639079,-11.45600072212779,2026-04-02T19:34:53.814379
2461133.317395833, A.D. 2026-Apr-02 19:37:03.0000,69.185634,-146611438.3027948,-31040538.51873744,-13463426.42270934,7.53701768337267,-26.62989179365649,-11.37662340426039,2026-04-02T19:35:53.814335
2461133.318090278, A.D. 2026-Apr-02 19:38:03.0000,69.185634,-146610986.5361397,-31042137.37106274,-13464106.68204368,7.521286770538513,-26.66549871240445,-11.29892463301042,2026-04-02T19:36:53.814412
2461133.318784722, A.D. 2026-Apr-02 19:39:03.0000,69.185634,-146610535.8106659,-31043738.44153037,-13464782.33561616,7.50231936186141,-26.70381693978435,-11.22313850888518,2026-04-02T19:37:53.814368
2461133.319479167, A.D. 2026-Apr-02 19:40:03.0000,69.185634,-146610086.3192493,-31045341.88980589,-13465453.50496359,7.480160931954392,-26.74474582031806,-11.14948837189946,2026-04-02T19:38:53.814405
2461133.320173611, A.D. 2026-Apr-02 19:41:03.0000,69.185634,-146609638.2518343,-31046947.86950108,-13466120.3246773,7.454863283405256,-26.78818477021833,-11.07818872924844,2026-04-02T19:39:53.814361
2461133.320868055, A.D. 2026-Apr-02 19:42:03.0000,69.185634,-146609191.7950556,-31048556.52801697,-13466782.94218628,7.426484833806036,-26.83402582864664,-11.00945284808938,2026-04-02T19:40:53.814317
2461133.3215625, A.D. 2026-Apr-02 19:43:03.0000,69.185634,-146608747.1318178,-31050168.0058646,-13467441.517649,7.395092626082747,-26.88214701021522,-10.94349097685487,2026-04-02T19:41:53.814394
2461133.322256945, A.D. 2026-Apr-02 19:44:03.0000,69.185634,-146608304.4406443,-31051782.43596303,-13468096.22358581,7.360765196960093,-26.93241857586825,-10.88050440532917,2026-04-02T19:42:53.814431
2461133.322951389, A.D. 2026-Apr-02 19:45:03.0000,69.185634,-146607863.8950892,-31053399.94331011,-13468747.24430882,7.323588930963338,-26.98470618678,-10.82068491061359,2026-04-02T19:43:53.814387
2461133.323645833, A.D. 2026-Apr-02 19:46:03.0000,69.185634,-146607425.6633734,-31055020.64470826,-13469394.77542873,7.283655460307081,-27.03887098353955,-10.76421861246347,2026-04-02T19:44:53.814343
2461133.324340278, A.D. 2026-Apr-02 19:47:03.0000,69.185634,-146606989.9079467,-31056644.64840277,-13470039.02363685,7.241066023530825,-27.09476545122727,-10.71128761044085,2026-04-02T19:45:53.814380
2461133.325034722, A.D. 2026-Apr-02 19:48:03.0000,69.185634,-146606556.7849299,-31058272.0534711,-13470680.20626015,7.195929888797268,-27.15223208789756,-10.66206414763623,2026-04-02T19:46:53.814376
2461133.325729167, A.D. 2026-Apr-02 19:49:03.0000,69.185634,-146606126.4436116,-31059902.94933082,-13471318.55067441,7.14836670398982,-27.21110723083221,-10.6167108776264,2026-04-02T19:47:53.814413
2461133.326423611, A.D. 2026-Apr-02 19:50:03.0000,69.185634,-146605699.0256504,-31061537.41556425,-13471954.29369844,7.098510494541364,-27.27122745699495,-10.57537954051983,2026-04-02T19:48:53.814369
2461133.327118055, A.D. 2026-Apr-02 19:51:03.0000,69.185634,-146605274.664486,-31063175.52189981,-13472587.68093492,7.046499554428786,-27.33242589694063,-10.53821178689563,2026-04-02T19:49:53.814325
2461133.3278125, A.D. 2026-Apr-02 19:52:03.0000,69.185634,-146604853.4851585,-31064817.32776606,-13473218.96623856,6.992477269252018,-27.39452612184641,-10.50534092267041,2026-04-02T19:50:53.814362
2461133.328506944, A.D. 2026-Apr-02 19:53:03.0000,69.185634,-146604435.6037038,-31066462.88180082,-13473848.41105928,6.936599837325753,-27.45734632499453,-10.47688486778884,2026-04-02T19:51:53.814318
2461133.329201389, A.D. 2026-Apr-02 19:54:03.0000,69.185634,-146604021.1267372,-31068112.22173009,-13474476.2834628,6.879023742430763,-27.52070366750241,-10.4529486020888,2026-04-02T19:52:53.814395
2461133.329895834, A.D. 2026-Apr-02 19:55:03.0000,69.185634,-146603610.1513812,-31069765.37418763,-13475102.85764922,6.819911328765979,-27.58441119330224,-10.43363283269884,2026-04-02T19:53:53.814432
2461133.330590278, A.D. 2026-Apr-02 19:56:03.0000,69.185634,-146603202.7643784,-31071422.3542361,-13475728.41364923,6.759446576476821,-27.64826907211681,-10.41902634631145,2026-04-02T19:54:53.814388
2461133.331284722, A.D. 2026-Apr-02 19:57:03.0000,69.185634,-146602799.0411797,-31073083.16460617,-13476353.23602295,6.6978189774306,-27.71206591465373,-10.40919037485135,2026-04-02T19:55:53.814344
2461133.331979167, A.D. 2026-Apr-02 19:58:03.0000,69.185634,-146602399.046215,-31074747.79547178,-13476977.61203445,6.635203502865962,-27.77560078764834,-10.40415900103966,2026-04-02T19:56:53.814421
2461133.332673611, A.D. 2026-Apr-02 19:59:03.0000,69.185634,-146602002.8334373,-31076416.22541844,-13477601.83105939,6.571781833332867,-27.83868585016696,-10.40396721966877,2026-04-02T19:57:53.814377
2461133.333368056, A.D. 2026-Apr-02 20:00:03.0000,69.185634,-146601610.4453341,-31078088.42213634,-13478226.18414541,6.50774947175036,-27.90114385081573,-10.408635551836,2026-04-02T19:58:53.814414
2461133.3340625, A.D. 2026-Apr-02 20:01:03.0000,69.185634,-146601221.9128068,-31079764.3424185,-13478850.96332368,6.443298117079459,-27.96278571415408,-10.41817764095008,2026-04-02T19:59:53.814370
2461133.334756944, A.D. 2026-Apr-02 20:02:03.0000,69.185634,-146600837.2548614,-31081443.93095556,-13479476.46116636,6.378638149910059,-28.02339654868073,-10.43259199985673,2026-04-02T20:00:53.814326
2461133.335451389, A.D. 2026-Apr-02 20:03:03.0000,69.185634,-146600456.4772152,-31083127.11963006,-13480102.96866178,6.313993153899331,-28.08277489566732,-10.45182783135929,2026-04-02T20:01:53.814403
2461133.336145833, A.D. 2026-Apr-02 20:04:03.0000,69.185634,-146600079.5728008,-31084813.82928774,-13480730.77328693,6.249565507369352,-28.14074961899349,-10.47582601428554,2026-04-02T20:02:53.814359
2461133.336840278, A.D. 2026-Apr-02 20:05:03.0000,69.185634,-146599706.5228345,-31086503.97048968,-13481360.15923616,6.185547152249035,-28.19714227059061,-10.50453433678577,2026-04-02T20:03:53.814396
2461133.337534722, A.D. 2026-Apr-02 20:06:03.0000,69.185634,-146599337.2968416,-31088197.44249858,-13481991.40696541,6.122135537922617,-28.25176018795857,-10.53787560027496,2026-04-02T20:04:53.814352
2461133.338229167, A.D. 2026-Apr-02 20:07:03.0000,69.185634,-146598971.8525171,-31089894.13342024,-13482624.79155404,6.059526515105811,-28.30442533528476,-10.57575176892916,2026-04-02T20:05:53.814389
2461133.338923611, A.D. 2026-Apr-02 20:08:03.0000,69.185634,-146598610.1356963,-31091593.92091879,-13483260.58204387,5.997924342338898,-28.35496544775556,-10.61805838388507,2026-04-02T20:06:53.814385
2461133.339618056, A.D. 2026-Apr-02 20:09:03.0000,69.185634,-146598252.0794416,-31093296.67269098,-13483899.04041752,5.93754515180972,-28.40322594572947,-10.66466314879064,2026-04-02T20:07:53.814422
2461133.3403125, A.D. 2026-Apr-02 20:10:03.0000,69.185634,-146597897.6043953,-31095002.24795986,-13484540.4203686,5.878582972327901,-28.44907287447692,-10.71542777661243,2026-04-02T20:08:53.814378
2461133.341006944, A.D. 2026-Apr-02 20:11:03.0000,69.185634,-146597546.6202042,-31096710.49738495,-13485184.96747882,5.821215875476338,-28.49235000446917,-10.77021583412508,2026-04-02T20:09:53.814334
2461133.341701389, A.D. 2026-Apr-02 20:12:03.0000,69.185634,-146597199.0257141,-31098421.26170671,-13485832.91825097,5.765624853351532,-28.53288949608167,-10.82885683948307,2026-04-02T20:10:53.814371
2461133.342395833, A.D. 2026-Apr-02 20:13:03.0000,69.185634,-146596854.7091359,-31100134.37218427,-13486484.49797056,5.711981939502311,-28.57054667310213,-10.89115220524285,2026-04-02T20:11:53.814367
2461133.343090278, A.D. 2026-Apr-02 20:14:03.0000,69.185634,-146596513.5486757,-31101849.65222431,-13487139.91980378,5.660450069724757,-28.6052026697252,-10.9568988599486,2026-04-02T20:12:53.814404
2461133.343784722, A.D. 2026-Apr-02 20:15:03.0000,69.185634,-146596175.4127123,-31103566.91859603,-13487799.38467645,5.611195143851301,-28.63675321500428,-11.02588972473429,2026-04-02T20:13:53.814360
2461133.344479166, A.D. 2026-Apr-02 20:16:03.0000,69.185634,-146595840.1596791,-31105285.98209892,-13488463.08064742,5.564379775546816,-28.66510452990243,-11.09790226876539,2026-04-02T20:14:53.814316
2461133.345173611, A.D. 2026-Apr-02 20:17:03.0000,69.185634,-146595507.6388176,-31107006.64833796,-13489131.18221803,5.520147958559282,-28.6901754459905,-11.17271113226826,2026-04-02T20:15:53.814353
2461133.345868056, A.D. 2026-Apr-02 20:18:03.0000,69.185634,-146595177.6907386,-31108728.71806264,-13489803.85030405,5.478646646799215,-28.71188521296476,-11.2500822714601,2026-04-02T20:16:53.814430
2461133.3465625, A.D. 2026-Apr-02 20:19:03.0000,69.185634,-146594850.1474158,-31110451.98766171,-13490481.23086873,5.44001047365424,-28.73017416425642,-11.3297551828173,2026-04-02T20:17:53.814386
2461133.347256945, A.D. 2026-Apr-02 20:20:03.0000,69.185634,-146594524.8336002,-31112176.2507452,-13491163.45467934,5.404350177338688,-28.74500262208636,-11.41149125561202,2026-04-02T20:18:53.814423
2461133.347951389, A.D. 2026-Apr-02 20:21:03.0000,69.185634,-146594201.5670052,-31113901.29801806,-13491850.63842587,5.371792169645364,-28.75631252601312,-11.49504379480382,2026-04-02T20:19:53.814379
2461133.348645833, A.D. 2026-Apr-02 20:22:03.0000,69.185634,-146593880.1581528,-31115626.91703766,-13492542.88227012,5.342439282893755,-28.76406633490584,-11.58011541067322,2026-04-02T20:20:53.814335
2461133.349340278, A.D. 2026-Apr-02 20:23:03.0000,69.185634,-146593560.4126939,-31117352.89425679,-13493240.26886616,5.316357475826344,-28.76825908381453,-11.66643024362257,2026-04-02T20:21:53.814412
2461133.350034722, A.D. 2026-Apr-02 20:24:03.0000,69.185634,-146593242.132191,-31119079.01588917,-13493942.86514326,5.293621554454749,-28.76888616436842,-11.75373011856882,2026-04-02T20:22:53.814368
2461133.350729167, A.D. 2026-Apr-02 20:25:03.0000,69.185634,-146592925.1136934,-31120805.06824043,-13494650.72203395,5.274301391235577,-28.76595831896487,-11.84174218725387,2026-04-02T20:23:53.814405
2461133.351423611, A.D. 2026-Apr-02 20:26:03.0000,69.185634,-146592609.1505908,-31122530.83860273,-13495363.8741759,5.258450330432645,-28.75949419949685,-11.93019638904449,2026-04-02T20:24:53.814361
2461133.352118055, A.D. 2026-Apr-02 20:27:03.0000,69.185634,-146592294.0333377,-31124256.1154516,-13496082.33984707,5.246113507338984,-28.74951740466925,-12.01881485330691,2026-04-02T20:25:53.814317
2461133.3528125, A.D. 2026-Apr-02 20:28:03.0000,69.185634,-146591979.5501696,-31125980.68928863,-13496806.12045503,5.237317578618421,-28.73607094477538,-12.10731795346822,2026-04-02T20:26:53.814394
2461133.353506945, A.D. 2026-Apr-02 20:29:03.0000,69.185634,-146591665.4882088,-31127704.35337244,-13497535.20086314,5.232074811042987,-28.71920328935144,-12.19543161677927,2026-04-02T20:27:53.814431
2461133.354201389, A.D. 2026-Apr-02 20:30:03.0000,69.185634,-146591351.634043,-31129426.90421977,-13498269.54949518,5.230391489895402,-28.69897734586498,-12.28288107479549,2026-04-02T20:28:53.814387
2461133.354895833, A.D. 2026-Apr-02 20:31:03.0000,69.185634,-146591037.774311,-31131148.14284102,-13499009.11846251,5.232257553611884,-28.67547622199112,-12.36940175593259,2026-04-02T20:29:53.814343
2461133.355590278, A.D. 2026-Apr-02 20:32:03.0000,69.185634,-146590723.6966079,-31132867.87517351,-13499753.84436466,5.2376531589295,-28.64878143215192,-12.45473688646568,2026-04-02T20:30:53.814380
2461133.356284722, A.D. 2026-Apr-02 20:33:03.0000,69.185634,-146590409.1899818,-31134585.91227864,-13500503.64835015,5.246549239550546,-28.61898383545663,-12.53862882882619,2026-04-02T20:31:53.814376
2461133.356979167, A.D. 2026-Apr-02 20:34:03.0000,69.185634,-146590094.0456157,-31136302.07117757,-13501258.43612195,5.258902898218343,-28.58619247012421,-12.62082187103479,2026-04-02T20:32:53.814413
2461133.357673611, A.D. 2026-Apr-02 20:35:03.0000,69.185634,-146589778.0575642,-31138016.17607863,-13502018.098503,5.274661765454566,-28.5505364419358,-12.7010793659757,2026-04-02T20:33:53.814369
2461133.358368055, A.D. 2026-Apr-02 20:36:03.0000,69.185634,-146589461.0233577,-31139728.05873575,-13502782.51314651,5.293764060223597,-28.51212978521853,-12.77919552753371,2026-04-02T20:34:53.814325
2461133.3590625, A.D. 2026-Apr-02 20:37:03.0000,69.185634,-146589142.7443207,-31141437.55708269,-13503551.54497505,5.316143647731078,-28.47107468329973,-12.85494475979204,2026-04-02T20:35:53.814362
2461133.359756944, A.D. 2026-Apr-02 20:38:03.0000,69.185634,-146588823.0261598,-31143144.51622171,-13504325.04499132,5.341719903344034,-28.42750886132988,-12.92809885883402,2026-04-02T20:36:53.814318
2461133.360451389, A.D. 2026-Apr-02 20:39:03.0000,69.185634,-146588501.6797225,-31144848.78985142,-13505102.85136102,5.370402754301632,-28.38157489919211,-12.99845509248796,2026-04-02T20:37:53.814395
2461133.361145834, A.D. 2026-Apr-02 20:40:03.0000,69.185634,-146588178.5215913,-31146550.24021411,-13505884.79037005,5.402092245917197,-28.33341886125356,-13.06582120339732,2026-04-02T20:38:53.814432
2461133.361840278, A.D. 2026-Apr-02 20:41:03.0000,69.185634,-146587853.3742902,-31148248.73857529,-13506670.67722172,5.436690804327434,-28.28319256030261,-13.13001600877018,2026-04-02T20:39:53.814388
2461133.362534722, A.D. 2026-Apr-02 20:42:03.0000,69.185634,-146587526.0666569,-31149944.16551223,-13507460.31594555,5.474079498722752,-28.23105877506101,-13.19085173641673,2026-04-02T20:40:53.814344
2461133.363229167, A.D. 2026-Apr-02 20:43:03.0000,69.185634,-146587196.435374,-31151636.41172589,-13508253.5002982,5.514123922659933,-28.17718688518232,-13.24817925497325,2026-04-02T20:41:53.814421
2461133.363923611, A.D. 2026-Apr-02 20:44:03.0000,69.185634,-146586864.3245839,-31153325.37763783,-13509050.01598724,5.556710320425815,-28.12173076825341,-13.30186977610398,2026-04-02T20:42:53.814377
2461133.364618056, A.D. 2026-Apr-02 20:45:03.0000,69.185634,-146586529.5853172,-31155010.97285442,-13509849.64046765,5.601715252131306,-28.06484889949628,-13.35177807837114,2026-04-02T20:43:53.814414
2461133.3653125, A.D. 2026-Apr-02 20:46:03.0000,69.185634,-146586192.0767327,-31156693.11697873,-13510652.1428228,5.648995277653665,-28.0067123212609,-13.39777498385539,2026-04-02T20:44:53.814370
2461133.366006944, A.D. 2026-Apr-02 20:47:03.0000,69.185634,-146585851.6666476,-31158371.73984779,-13511457.2849946,5.698406698837994,-27.94749118568778,-13.43975030743621,2026-04-02T20:45:53.814326
2461133.366701389, A.D. 2026-Apr-02 20:48:03.0000,69.185634,-146585508.2314543,-31160046.78150436,-13512264.82263293,5.749805948976292,-27.88735629657237,-13.47760262889143,2026-04-02T20:46:53.814403
2461133.367395833, A.D. 2026-Apr-02 20:49:03.0000,69.185634,-146585161.6564105,-31161718.19241217,-13513074.50557611,5.803040505950087,-27.82648380773949,-13.51124197343723,2026-04-02T20:47:53.814359
2461133.368090278, A.D. 2026-Apr-02 20:50:03.0000,69.185634,-146584811.8360974,-31163385.93352038,-13513886.07874583,5.857953340568788,-27.76504613225014,-13.54059297615427,2026-04-02T20:48:53.814396
2461133.368784722, A.D. 2026-Apr-02 20:51:03.0000,69.185634,-146584458.6745696,-31165049.97611541,-13514699.28281321,5.914385659240425,-27.70321707253814,-13.56558958275762,2026-04-02T20:49:53.814352
2461133.369479167, A.D. 2026-Apr-02 20:52:03.0000,69.185634,-146584102.0855232,-31166710.30206638,-13515513.85485361,5.972173845666005,-27.64117447625037,-13.58617914949928,2026-04-02T20:50:53.814389
2461133.370173611, A.D. 2026-Apr-02 20:53:03.0000,69.185634,-146583741.9926136,-31168366.9036639,-13516329.52933375,6.031151905835054,-27.5790859234334,-13.60232616725584,2026-04-02T20:51:53.814385
2461133.370868056, A.D. 2026-Apr-02 20:54:03.0000,69.185634,-146583378.329257,-31170019.7830909,-13517146.03863716,6.091158668327976,-27.51711878280426,-13.6139939867149,2026-04-02T20:52:53.814422
2461133.3715625, A.D. 2026-Apr-02 20:55:03.0000,69.185634,-146583011.0389698,-31171668.95317874,-13517963.11318511,6.152016178676558,-27.45545875002049,-13.62116156028986,2026-04-02T20:53:53.814378
2461133.372256944, A.D. 2026-Apr-02 20:56:03.0000,69.185634,-146582640.0761371,-31173314.43758143,-13518780.48333366,6.213546509026854,-27.39427467243963,-13.62384449255929,2026-04-02T20:54:53.814334
2461133.372951389, A.D. 2026-Apr-02 20:57:03.0000,69.185634,-146582265.4052003,-31174956.26941469,-13519597.88052769,6.275591192395836,-27.33371894345087,-13.62205813837828,2026-04-02T20:55:53.814371
2461133.373645833, A.D. 2026-Apr-02 20:58:03.0000,69.185634,-146581887.0000363,-31176594.49114875,-13520415.03699578,6.337990764539924,-27.27395040295873,-13.61581722127182,2026-04-02T20:56:53.814367
2461133.374340278, A.D. 2026-Apr-02 20:59:03.0000,69.185634,-146581504.8443034,-31178229.15456983,-13521231.68610922,6.400579100978031,-27.21512004752921,-13.6051427282688,2026-04-02T20:57:53.814404
2461133.375034722, A.D. 2026-Apr-02 21:00:03.0000,69.185634,-146581118.9318412,-31179860.32078648,-13522047.5624989,6.463182510337647,-27.15739360075042,-13.590059115532,2026-04-02T20:58:53.814360
2461133.375729166, A.D. 2026-Apr-02 21:01:03.0000,69.185634,-146580729.2671392,-31181488.06154074,-13522862.40321617,6.525620844444523,-27.10095284529292,-13.57062770158467,2026-04-02T20:59:53.814316
2461133.376423611, A.D. 2026-Apr-02 21:02:03.0000,69.185634,-146580335.8653497,-31183112.45857888,-13523675.95009229,6.587721809192391,-27.04594352774109,-13.54693921559477,2026-04-02T21:00:53.814353
2461133.377118056, A.D. 2026-Apr-02 21:03:03.0000,69.185634,-146579938.7514547,-31184733.6014057,-13524487.95021064,6.649329683970943,-26.99248602713272,-13.51907474143604,2026-04-02T21:01:53.814430
2461133.3778125, A.D. 2026-Apr-02 21:04:03.0000,69.185634,-146579537.9595397,-31186351.58687466,-13525298.15518462,6.710293402815091,-26.94070671496234,-13.48710596716857,2026-04-02T21:02:53.814386
2461133.378506945, A.D. 2026-Apr-02 21:05:03.0000,69.185634,-146579133.533176,-31187966.51972694,-13526106.32091452,6.770445154602572,-26.890743360709,-13.4511083266688,2026-04-02T21:03:53.814423
2461133.379201389, A.D. 2026-Apr-02 21:06:03.0000,69.185634,-146578725.5263216,-31189578.51321754,-13526912.20882511,6.829613737890659,-26.84273688574986,-13.41119374686677,2026-04-02T21:04:53.814379
2461133.379895833, A.D. 2026-Apr-02 21:07:03.0000,69.185634,-146578314.0023426,-31191187.68842648,-13527715.58768624,6.88765706687677,-26.79680712266175,-13.36748585527337,2026-04-02T21:05:53.814335
2461133.380590278, A.D. 2026-Apr-02 21:08:03.0000,69.185634,-146577899.0329951,-31192794.17348824,-13528516.23325455,6.944430401069487,-26.75307355222163,-13.32009793729035,2026-04-02T21:06:53.814412
2461133.381284722, A.D. 2026-Apr-02 21:09:03.0000,69.185634,-146577480.6991385,-31194398.10378428,-13529313.92857826,6.999779074541925,-26.71165501506564,-13.26916154723745,2026-04-02T21:07:53.814368
2461133.381979167, A.D. 2026-Apr-02 21:10:03.0000,69.185634,-146577059.0907207,-31195999.62156653,-13530108.46494708,7.053554376932419,-26.67266341909919,-13.21481814885313,2026-04-02T21:08:53.814405
2461133.382673611, A.D. 2026-Apr-02 21:11:03.0000,69.185634,-146576634.3066187,-31197598.87566218,-13530899.64265915,7.105608752665302,-26.6362023238543,-13.15722978642826,2026-04-02T21:09:53.814361
2461133.383368055, A.D. 2026-Apr-02 21:12:03.0000,69.185634,-146576206.4540186,-31199196.02024597,-13531687.27212664,7.155815419274569,-26.60234642413048,-13.09656381703098,2026-04-02T21:10:53.814317
2461133.3840625, A.D. 2026-Apr-02 21:13:03.0000,69.185634,-146575775.6472334,-31200791.21373466,-13532471.17311532,7.204058643765488,-26.57116935015802,-13.03296579663673,2026-04-02T21:11:53.814394
2461133.384756945, A.D. 2026-Apr-02 21:14:03.0000,69.185634,-146575342.0077829,-31202384.61951122,-13533251.17422112,7.250213656602726,-26.54276065171064,-12.96659121394449,2026-04-02T21:12:53.814431
2461133.385451389, A.D. 2026-Apr-02 21:15:03.0000,69.185634,-146574905.6646259,-31203976.40614714,-13534027.11411594,7.2941605543208,-26.51719997717667,-12.89761718531365,2026-04-02T21:13:53.814387
2461133.386145833, A.D. 2026-Apr-02 21:16:03.0000,69.185634,-146574466.7536232,-31205566.74653987,-13534798.8420584,7.335786672165086,-26.49455447498979,-12.82621708671238,2026-04-02T21:14:53.814343
2461133.386840278, A.D. 2026-Apr-02 21:17:03.0000,69.185634,-146574025.4175228,-31207155.81761001,-13535566.21780524,7.374975182253796,-26.47489135287312,-12.75257221015551,2026-04-02T21:15:53.814380
2461133.387534722, A.D. 2026-Apr-02 21:18:03.0000,69.185634,-146573581.8059374,-31208743.80008225,-13536329.11263688,7.411616864162582,-26.45826767773095,-12.67688377469729,2026-04-02T21:16:53.814376
2461133.388229167, A.D. 2026-Apr-02 21:19:03.0000,69.185634,-146573136.0745894,-31210330.87765876,-13537087.41006805,7.445616461426281,-26.44472712721322,-12.59935583549098,2026-04-02T21:17:53.814413
2461133.388923611, A.D. 2026-Apr-02 21:20:03.0000,69.185634,-146572688.3846999,-31211917.23643089,-13537841.00577562,7.4768849128341,-26.43430578512414,-12.5201900882012,2026-04-02T21:18:53.814369
2461133.389618055, A.D. 2026-Apr-02 21:21:03.0000,69.185634,-146572238.9027115,-31213503.06448041,-13538589.80754467,7.505337305551959,-26.42703452629647,-12.4395893501937,2026-04-02T21:19:53.814325
2461133.3903125, A.D. 2026-Apr-02 21:22:03.0000,69.185634,-146571787.7999855,-31215088.55158894,-13539333.73552186,7.530895362580594,-26.4229386766525,-12.35776329723932,2026-04-02T21:20:53.814362
2461133.391006944, A.D. 2026-Apr-02 21:23:03.0000,69.185634,-146571335.2523305,-31216673.88882916,-13540072.72255126,7.553488583383858,-26.42203569920821,-12.2749242373895,2026-04-02T21:21:53.814318
2461133.391701389, A.D. 2026-Apr-02 21:24:03.0000,69.185634,-146570881.4396579,-31218259.26811467,-13540806.7142042,7.573050135971083,-26.42433692474115,-12.19128472524583,2026-04-02T21:22:53.814395
2461133.392395834, A.D. 2026-Apr-02 21:25:03.0000,69.185634,-146570426.5458396,-31219844.88190086,-13541535.66898505,7.58951498174941,-26.42984857483174,-12.10706485419794,2026-04-02T21:23:53.814432
2461133.393090278, A.D. 2026-Apr-02 21:26:03.0000,69.185634,-146569970.7584183,-31221430.92274455,-13542259.55903844,7.602828384056764,-26.43856618443873,-12.02249883539084,2026-04-02T21:24:53.814388
2461133.393784722, A.D. 2026-Apr-02 21:27:03.0000,69.185634,-146569514.2676591,-31223017.58238626,-13542978.37048089,7.612952700184341,-26.45046811635187,-11.93781243220575,2026-04-02T21:25:53.814344
2461133.394479167, A.D. 2026-Apr-02 21:28:03.0000,69.185634,-146569057.2661116,-31224605.05122035,-13543692.1024726,7.619846466282052,-26.46553380649568,-11.85322078937849,2026-04-02T21:26:53.814421
2461133.395173611, A.D. 2026-Apr-02 21:29:03.0000,69.185634,-146568599.9488106,-31226193.51829017,-13544400.76769395,7.623473224590975,-26.48373401535254,-11.76895988222014,2026-04-02T21:27:53.814377
2461133.395868056, A.D. 2026-Apr-02 21:30:03.0000,69.185634,-146568142.5123109,-31227783.17029201,-13545104.39296198,7.623818035335507,-26.50502338197363,-11.68525893627525,2026-04-02T21:28:53.814414
2461133.3965625, A.D. 2026-Apr-02 21:31:03.0000,69.185634,-146567685.1538102,-31229374.19139958,-13545803.01848877,7.620871705876728,-26.52936438004239,-11.60234076437569,2026-04-02T21:29:53.814370
2461133.397256944, A.D. 2026-Apr-02 21:32:03.0000,69.185634,-146567228.0709881,-31230966.76339384,-13546496.69829441,7.614628431065805,-26.55671047314855,-11.52044217727469,2026-04-02T21:30:53.814326
2461133.397951389, A.D. 2026-Apr-02 21:33:03.0000,69.185634,-146566771.4616501,-31232561.06462165,-13547185.50067491,7.605090689177455,-26.58699363254139,-11.43979903465983,2026-04-02T21:31:53.814403
2461133.398645833, A.D. 2026-Apr-02 21:34:03.0000,69.185634,-146566315.5231677,-31234157.26898586,-13547869.50767853,7.592269487252104,-26.62013781732718,-11.36063456631802,2026-04-02T21:32:53.814359
2461133.399340278, A.D. 2026-Apr-02 21:35:03.0000,69.185634,-146565860.4520309,-31235755.54589344,-13548548.81477978,7.576184324917885,-26.65606742133646,-11.28317591379255,2026-04-02T21:33:53.814396
2461133.400034722, A.D. 2026-Apr-02 21:36:03.0000,69.185634,-146565406.4431365,-31237356.05988925,-13549223.53132407,7.556869396351139,-26.69469435233261,-11.20765626664888,2026-04-02T21:34:53.814352
2461133.400729167, A.D. 2026-Apr-02 21:37:03.0000,69.185634,-146564953.6889161,-31238958.96977545,-13549893.78037473,7.534371419710416,-26.73591727646316,-11.13429710788372,2026-04-02T21:35:53.814389
2461133.401423611, A.D. 2026-Apr-02 21:38:03.0000,69.185634,-146564502.3788105,-31240564.42826582,-13550559.69795493,7.508743054947176,-26.77963503015658,-11.06331178219343,2026-04-02T21:36:53.814385
2461133.402118056, A.D. 2026-Apr-02 21:39:03.0000,69.185634,-146564052.6989193,-31242172.58181968,-13551221.43286549,7.480042880395784,-26.82573854643788,-10.99491278756217,2026-04-02T21:37:53.814422
2461133.4028125, A.D. 2026-Apr-02 21:40:03.0000,69.185634,-146563604.8315678,-31243783.56993771,-13551879.1466036,7.448339361802472,-26.87410485009204,-10.92930953852387,2026-04-02T21:38:53.814378
2461133.403506944, A.D. 2026-Apr-02 21:41:03.0000,69.185634,-146563158.9546141,-31245397.52448251,-13552533.01294633,7.413712323385925,-26.92460387668774,-10.86670183551569,2026-04-02T21:39:53.814334
2461133.404201389, A.D. 2026-Apr-02 21:42:03.0000,69.185634,-146562715.2408897,-31247014.56938304,-13553183.21738148,7.376248759905371,-26.97710095998966,-10.80728025204842,2026-04-02T21:40:53.814371
2461133.404895833, A.D. 2026-Apr-02 21:43:03.0000,69.185634,-146562273.8578585,-31248634.82034795,-13553829.95663628,7.336040981779166,-27.03145673507826,-10.75122996566525,2026-04-02T21:41:53.814367
2461133.405590278, A.D. 2026-Apr-02 21:44:03.0000,69.185634,-146561834.9671769,-31250258.38449707,-13554473.43845032,7.293190597562496,-27.08752308038489,-10.69873196756567,2026-04-02T21:42:53.814404
2461133.406284722, A.D. 2026-Apr-02 21:45:03.0000,69.185634,-146561398.7241381,-31251885.35972432,-13555113.88117432,7.247808009437517,-27.14514081397481,-10.64995860861264,2026-04-02T21:43:53.814360
2461133.406979166, A.D. 2026-Apr-02 21:46:03.0000,69.185634,-146560965.2770803,-31253515.83413292,-13555751.51316108,7.200015614142044,-27.20414479669211,-10.60507027486624,2026-04-02T21:44:53.814316
2461133.407673611, A.D. 2026-Apr-02 21:47:03.0000,69.185634,-146560534.766611,-31255149.88601706,-13556386.57199154,7.149947290258248,-27.26437323121818,-10.56421474607593,2026-04-02T21:45:53.814353
2461133.408368056, A.D. 2026-Apr-02 21:48:03.0000,69.185634,-146560107.3251866,-31256787.58389335,-13557019.30389926,7.097740182951115,-27.32565955113463,-10.5275334227181,2026-04-02T21:46:53.814430
2461133.4090625, A.D. 2026-Apr-02 21:49:03.0000,69.185634,-146559683.0768839,-31258428.98590971,-13557649.96335111,7.04353807673384,-27.38782559608416,-10.49515816339037,2026-04-02T21:47:53.814386
2461133.409756945, A.D. 2026-Apr-02 21:50:03.0000,69.185634,-146559262.1367638,-31260074.13940172,-13558278.81225342,6.987496571286371,-27.45069034714876,-10.46720418209084,2026-04-02T21:48:53.814423
2461133.410451389, A.D. 2026-Apr-02 21:51:03.0000,69.185634,-146558844.6104964,-31261723.0808096,-13558906.11907614,6.929772931628324,-27.5140702857194,-10.44377704183315,2026-04-02T21:49:53.814379
2461133.411145833, A.D. 2026-Apr-02 21:52:03.0000,69.185634,-146558430.5941363,-31263375.83540081,-13559532.15839804,6.870531848298951,-27.5777770958411,-10.42497536141733,2026-04-02T21:50:53.814335
2461133.411840278, A.D. 2026-Apr-02 21:53:03.0000,69.185634,-146558020.1732784,-31265032.4169237,-13560157.21044426,6.809957422020471,-27.64161462039452,-10.41088537375028,2026-04-02T21:51:53.814412
2461133.412534722, A.D. 2026-Apr-02 21:54:03.0000,69.185634,-146557613.4221832,-31266692.82706359,-13560781.55999228,6.748241860299125,-27.70537522600467,-10.40157101398758,2026-04-02T21:52:53.814368
2461133.413229167, A.D. 2026-Apr-02 21:55:03.0000,69.185634,-146557210.4038421,-31268357.05497621,-13561405.4946463,6.685564038703649,-27.76885429012915,-10.39706637808908,2026-04-02T21:53:53.814405
2461133.413923611, A.D. 2026-Apr-02 21:56:03.0000,69.185634,-146556811.1706894,-31270025.07789199,-13562029.30384202,6.622102565393889,-27.83185939648777,-10.39739690556449,2026-04-02T21:54:53.814361
2461133.414618055, A.D. 2026-Apr-02 21:57:03.0000,69.185634,-146556415.764213,-31271696.86205922,-13562653.27822663,6.558043148588971,-27.89421304611869,-10.40258096504032,2026-04-02T21:55:53.814317
2461133.4153125, A.D. 2026-Apr-02 21:58:03.0000,69.185634,-146556024.2145275,-31273372.36273093,-13563277.70951639,6.493579553558574,-27.95572304737443,-10.41263483423297,2026-04-02T21:56:53.814394
2461133.416006945, A.D. 2026-Apr-02 21:59:03.0000,69.185634,-146555636.5394793,-31275051.52290414,-13563902.88994839,6.428930476291111,-28.01617573327873,-10.42755179499725,2026-04-02T21:57:53.814431
2461133.416701389, A.D. 2026-Apr-02 22:00:03.0000,69.185634,-146555252.7434217,-31276734.2732203,-13564529.10980653,6.364317514497952,-28.07538058607748,-10.44727760864423,2026-04-02T21:58:53.814387
2461133.417395833, A.D. 2026-Apr-02 22:01:03.0000,69.185634,-146554872.8182105,-31278420.53380648,-13565156.6559087,6.299936187433759,-28.13317148847553,-10.47175759895866,2026-04-02T21:59:53.814343
2461133.418090278, A.D. 2026-Apr-02 22:02:03.0000,69.185634,-146554496.7442867,-31280110.21445318,-13565785.81213163,6.235977769059867,-28.18936401914126,-10.50094379312669,2026-04-02T22:00:53.814380
2461133.418784722, A.D. 2026-Apr-02 22:03:03.0000,69.185634,-146554124.4901938,-31281803.21329963,-13566416.85856478,6.172644924613933,-28.24376167332375,-10.53475370726393,2026-04-02T22:01:53.814376
2461133.419479167, A.D. 2026-Apr-02 22:04:03.0000,69.185634,-146553756.0123945,-31283499.41726063,-13567050.06958289,6.110137198111351,-28.29618732919402,-10.57308469043033,2026-04-02T22:02:53.814413
2461133.420173611, A.D. 2026-Apr-02 22:05:03.0000,69.185634,-146553391.2552749,-31285198.70296732,-13567685.71323581,6.048660627090947,-28.34647425168925,-10.61582699327558,2026-04-02T22:03:53.814369
2461133.420868055, A.D. 2026-Apr-02 22:06:03.0000,69.185634,-146553030.150641,-31286900.93758808,-13568324.05032923,5.988423144856648,-28.39447707626592,-10.66284918682173,2026-04-02T22:04:53.814325
2461133.4215625, A.D. 2026-Apr-02 22:07:03.0000,69.185634,-146552672.6184645,-31288605.98010784,-13568965.33379534,5.929611012356716,-28.44005997958255,-10.71402446724269,2026-04-02T22:05:53.814362
2461133.422256944, A.D. 2026-Apr-02 22:08:03.0000,69.185634,-146552318.5677849,-31290313.68048931,-13569609.80891182,5.872406951208382,-28.48305642235714,-10.76921706665028,2026-04-02T22:06:53.814318
2461133.422951389, A.D. 2026-Apr-02 22:09:03.0000,69.185634,-146551967.8964737,-31292023.87830289,-13570257.71154845,5.816998115674378,-28.52329471641146,-10.82824724332546,2026-04-02T22:07:53.814395
2461133.423645834, A.D. 2026-Apr-02 22:10:03.0000,69.185634,-146551620.4915312,-31293736.40362989,-13570909.26582635,5.763557445171946,-28.56063182642831,-10.89090900229125,2026-04-02T22:08:53.814432
2461133.424340278, A.D. 2026-Apr-02 22:11:03.0000,69.185634,-146551276.230056,-31295451.07880198,-13571564.68340587,5.712244279944236,-28.59495138575429,-10.956995117864,2026-04-02T22:09:53.814388
2461133.425034722, A.D. 2026-Apr-02 22:12:03.0000,69.185634,-146550934.9795538,-31297167.71975194,-13572224.16358813,5.663221288883872,-28.62615407809506,-11.02629896765261,2026-04-02T22:10:53.814344
2461133.425729167, A.D. 2026-Apr-02 22:13:03.0000,69.185634,-146550596.5976803,-31298886.13672952,-13572887.89291923,5.616650668564798,-28.65414967624554,-11.09860058561619,2026-04-02T22:11:53.814421
2461133.426423611, A.D. 2026-Apr-02 22:14:03.0000,69.185634,-146550260.9329221,-31300606.13482552,-13573556.04447252,5.572675804435544,-28.67885565562698,-11.17367408720042,2026-04-02T22:12:53.814377
2461133.427118056, A.D. 2026-Apr-02 22:15:03.0000,69.185634,-146549927.8251638,-31302327.51427918,-13574228.77764758,5.531443598734405,-28.70019356201561,-11.25128390029696,2026-04-02T22:13:53.814414
2461133.4278125, A.D. 2026-Apr-02 22:16:03.0000,69.185634,-146549597.1056768,-31304050.07122727,-13574906.23688668,5.493087408937046,-28.71810857757428,-11.33117175456895,2026-04-02T22:14:53.814370
2461133.428506944, A.D. 2026-Apr-02 22:17:03.0000,69.185634,-146549268.5986336,-31305773.5991106,-13575588.55165119,5.457715819942202,-28.73255854158607,-11.41310235920964,2026-04-02T22:15:53.814326
2461133.429201389, A.D. 2026-Apr-02 22:18:03.0000,69.185634,-146548942.1212181,-31307497.88826097,-13576275.8373562,5.425455694342475,-28.74348299108966,-11.49682635993942,2026-04-02T22:16:53.814403
2461133.429895833, A.D. 2026-Apr-02 22:19:03.0000,69.185634,-146548617.4833873,-31309222.72591876,-13576968.19267212,5.396410114388938,-28.75084821047365,-11.58204341582996,2026-04-02T22:17:53.814359
2461133.430590278, A.D. 2026-Apr-02 22:20:03.0000,69.185634,-146548294.4902443,-31310947.89843201,-13577665.69868577,5.37064451951072,-28.75465146361208,-11.66847765256063,2026-04-02T22:18:53.814396
2461133.431284722, A.D. 2026-Apr-02 22:21:03.0000,69.185634,-146547972.9428403,-31312673.19198342,-13578368.4207486,5.348232553669902,-28.7548890442839,-11.75587036079298,2026-04-02T22:19:53.814352
2461133.431979167, A.D. 2026-Apr-02 22:22:03.0000,69.185634,-146547652.637827,-31314398.39291132,-13579076.40824469,5.329242150918439,-28.7515724134797,-11.84395059843496,2026-04-02T22:20:53.814389
2461133.432673611, A.D. 2026-Apr-02 22:23:03.0000,69.185634,-146547333.3682567,-31316123.28852433,-13579789.69435102,5.313726438698313,-28.74471939844513,-11.93244833591504,2026-04-02T22:21:53.814385
2461133.433368056, A.D. 2026-Apr-02 22:24:03.0000,69.185634,-146547014.9242595,-31317847.66731901,-13580508.29580941,5.301729810173209,-28.73435511396109,-12.02108400015068,2026-04-02T22:22:53.814422
2461133.4340625, A.D. 2026-Apr-02 22:25:03.0000,69.185634,-146546697.0938234,-31319571.31992234,-13581232.21246269,5.293277697358995,-28.72052327285542,-12.10957818573493,2026-04-02T22:23:53.814378
2461133.434756944, A.D. 2026-Apr-02 22:26:03.0000,69.185634,-146546379.6638725,-31321294.03974049,-13581961.42757233,5.288381779509847,-28.70327352429764,-12.1976558311071,2026-04-02T22:24:53.814334
2461133.435451389, A.D. 2026-Apr-02 22:27:03.0000,69.185634,-146546062.420842,-31323015.6235579,-13582695.90792502,5.287047085036443,-28.68267114667046,-12.285042248133,2026-04-02T22:25:53.814371
2461133.436145833, A.D. 2026-Apr-02 22:28:03.0000,69.185634,-146545745.1513058,-31324735.87274165,-13583435.60407182,5.289262499781666,-28.65879941905988,-12.37147457491475,2026-04-02T22:26:53.814367
2461133.436840278, A.D. 2026-Apr-02 22:29:03.0000,69.185634,-146545427.6428225,-31326454.59359122,-13584180.45107636,5.295007783838881,-28.63174059740983,-12.45669544975912,2026-04-02T22:27:53.814404
2461133.437534722, A.D. 2026-Apr-02 22:30:03.0000,69.185634,-146545109.6844485,-31328171.59760764,-13584930.36853047,5.304252836474239,-28.60158691114989,-12.54044705842113,2026-04-02T22:28:53.814360
2461133.438229166, A.D. 2026-Apr-02 22:31:03.0000,69.185634,-146544791.0674486,-31329886.70232628,-13585685.26058587,5.316953733252751,-28.56844871084825,-12.62247430063782,2026-04-02T22:29:53.814316
2461133.438923611, A.D. 2026-Apr-02 22:32:03.0000,69.185634,-146544471.5860042,-31331599.73254941,-13586445.01654872,5.333057034605386,-28.53245611901162,-12.70254116831192,2026-04-02T22:30:53.814353
2461133.439618056, A.D. 2026-Apr-02 22:33:03.0000,69.185634,-146544151.0378332,-31333310.52062875,-13587209.51262643,5.352500525531197,-28.49372281093976,-12.78044302015405,2026-04-02T22:31:53.814430
2461133.4403125, A.D. 2026-Apr-02 22:34:03.0000,69.185634,-146543829.2244728,-31335018.90511854,-13587978.61230661,5.375217257563521,-28.45235193220807,-12.85595355619382,2026-04-02T22:32:53.814386
2461133.441006945, A.D. 2026-Apr-02 22:35:03.0000,69.185634,-146543505.9519236,-31336724.73182378,-13588752.16514287,5.401125119600784,-28.40848259796341,-12.92884541290729,2026-04-02T22:33:53.814423
2461133.441701389, A.D. 2026-Apr-02 22:36:03.0000,69.185634,-146543181.0313934,-31338427.85519664,-13589530.0079246,5.430133154418506,-28.36225802344665,-12.99891744294361,2026-04-02T22:34:53.814379
2461133.442395833, A.D. 2026-Apr-02 22:37:03.0000,69.185634,-146542854.2798161,-31340128.13827638,-13590311.96566857,5.462142591532867,-28.31382519937872,-13.06597811242368,2026-04-02T22:35:53.814335
2461133.443090278, A.D. 2026-Apr-02 22:38:03.0000,69.185634,-146542525.520079,-31341825.45320488,-13591097.8522281,5.497053337145078,-28.26333760671669,-13.12984394883247,2026-04-02T22:36:53.814412
2461133.443784722, A.D. 2026-Apr-02 22:39:03.0000,69.185634,-146542194.5816374,-31343519.68149192,-13591887.47026484,5.53474195331941,-28.21095741872969,-13.19032975349269,2026-04-02T22:37:53.814368
2461133.444479167, A.D. 2026-Apr-02 22:40:03.0000,69.185634,-146541861.3018577,-31345210.71466735,-13592680.61240338,5.575076670856003,-28.15685249069497,-13.24728939690362,2026-04-02T22:38:53.814405
2461133.445173611, A.D. 2026-Apr-02 22:41:03.0000,69.185634,-146541525.5253924,-31346898.45404229,-13593477.06321588,5.617945047353062,-28.10118023759598,-13.30059199339307,2026-04-02T22:39:53.814361
2461133.445868055, A.D. 2026-Apr-02 22:42:03.0000,69.185634,-146541187.1038581,-31348582.81035667,-13594276.59896259,5.663220585738355,-28.0441020248958,-13.35009345173466,2026-04-02T22:40:53.814317
2461133.4465625, A.D. 2026-Apr-02 22:43:03.0000,69.185634,-146540845.8971396,-31350263.70435178,-13595078.98766501,5.710758935832551,-27.98578767519072,-13.39566685062138,2026-04-02T22:41:53.814394
2461133.447256945, A.D. 2026-Apr-02 22:44:03.0000,69.185634,-146540501.7737774,-31351941.06700163,-13595883.99029462,5.760416779346589,-27.92640791715547,-13.43720249794047,2026-04-02T22:42:53.814431
2461133.447951389, A.D. 2026-Apr-02 22:45:03.0000,69.185634,-146540154.6108854,-31353614.8395469,-13596691.36152467,5.812050079645746,-27.86613573423324,-13.47459917222672,2026-04-02T22:43:53.814387
2461133.448645833, A.D. 2026-Apr-02 22:46:03.0000,69.185634,-146539804.2945266,-31355284.97377957,-13597500.8502973,5.865504155527399,-27.80514796472827,-13.50776912805681,2026-04-02T22:44:53.814343
2461133.449340278, A.D. 2026-Apr-02 22:47:03.0000,69.185634,-146539450.7201741,-31356951.43192231,-13598312.20076772,5.920621629327007,-27.74361590427897,-13.53663871777537,2026-04-02T22:45:53.814380
2461133.450034722, A.D. 2026-Apr-02 22:48:03.0000,69.185634,-146539093.7927852,-31358614.18651775,-13599125.15290455,5.977242873462119,-27.68171345985904,-13.56114214050263,2026-04-02T22:46:53.814376
2461133.450729167, A.D. 2026-Apr-02 22:49:03.0000,69.185634,-146538733.4271119,-31360273.2207095,-13599939.44310871,6.035200583095484,-27.61961878974103,-13.58122885539587,2026-04-02T22:47:53.814413
2461133.451423611, A.D. 2026-Apr-02 22:50:03.0000,69.185634,-146538369.5479362,-31361928.52800166,-13600754.80537137,6.09433114158043,-27.5574972949491,-13.59686579688027,2026-04-02T22:48:53.814369
2461133.452118055, A.D. 2026-Apr-02 22:51:03.0000,69.185634,-146538002.0896531,-31363580.11178697,-13601570.97158022,6.154473207567706,-27.49551923726288,-13.608014541543,2026-04-02T22:49:53.814325
2461133.4528125, A.D. 2026-Apr-02 22:52:03.0000,69.185634,-146537630.9969636,-31365227.98629121,-13602387.67171276,6.215444281902291,-27.43387134211457,-13.6146581773728,2026-04-02T22:50:53.814362
2461133.453506944, A.D. 2026-Apr-02 22:53:03.0000,69.185634,-146537256.2255035,-31366872.17641579,-13603204.63596414,6.277069360604608,-27.37271843030867,-13.61681558956699,2026-04-02T22:51:53.814318
2461133.454201389, A.D. 2026-Apr-02 22:54:03.0000,69.185634,-146536877.7407674,-31368512.71643087,-13604021.59561689,6.339190956762401,-27.31221417898661,-13.61449955674305,2026-04-02T22:52:53.814395
2461133.454895834, A.D. 2026-Apr-02 22:55:03.0000,69.185634,-146536495.5178401,-31370149.65014563,-13604838.2827077,6.401645477271665,-27.25252075695418,-13.60772821909312,2026-04-02T22:53:53.814432
2461133.455590278, A.D. 2026-Apr-02 22:56:03.0000,69.185634,-146536109.5416403,-31371783.03070003,-13605654.43068855,6.464269860034795,-27.19378670087303,-13.59652514080449,2026-04-02T22:54:53.814388
2461133.456284722, A.D. 2026-Apr-02 22:57:03.0000,69.185634,-146535719.8070856,-31373412.92050319,-13606469.77417304,6.526890157593837,-27.13618003905457,-13.58091091005161,2026-04-02T22:55:53.814344
2461133.456979167, A.D. 2026-Apr-02 22:58:03.0000,69.185634,-146535326.3200626,-31375039.39279881,-13607284.05022879,6.589318482133714,-27.079883703783,-13.56095337790739,2026-04-02T22:56:53.814421
2461133.457673611, A.D. 2026-Apr-02 22:59:03.0000,69.185634,-146534929.0973021,-31376662.53059178,-13608097.0012012,6.651385859057993,-27.02503619802606,-13.53674962490809,2026-04-02T22:57:53.814377
2461133.458368056, A.D. 2026-Apr-02 23:00:03.0000,69.185634,-146534528.1650054,-31378282.42437915,-13608908.3747475,6.712941672321045,-26.97175788546368,-13.50837783725261,2026-04-02T22:58:53.814414
2461133.4590625, A.D. 2026-Apr-02 23:01:03.0000,69.185634,-146534123.5583841,-31379899.17216074,-13609717.92298398,6.773834267179959,-26.92017753550898,-13.47591127022701,2026-04-02T22:59:53.814370
2461133.459756944, A.D. 2026-Apr-02 23:02:03.0000,69.185634,-146533715.3221348,-31381512.87979535,-13610525.4024177,6.833896502118381,-26.87043055511649,-13.43942606874251,2026-04-02T23:00:53.814326
2461133.460451389, A.D. 2026-Apr-02 23:03:03.0000,69.185634,-146533303.5113078,-31383123.66154281,-13611330.57506545,6.892957510877421,-26.82265712596923,-13.39903338280915,2026-04-02T23:01:53.814403
2461133.461145833, A.D. 2026-Apr-02 23:04:03.0000,69.185634,-146532888.1903513,-31384731.63960205,-13612133.21029887,6.95087506753423,-26.77698164964301,-13.35485906421663,2026-04-02T23:02:53.814359
2461133.461840278, A.D. 2026-Apr-02 23:05:03.0000,69.185634,-146532469.4321434,-31386336.94341688,-13612933.08474086,7.007503413479165,-26.73352294598837,-13.30702138149587,2026-04-02T23:03:53.814396
2461133.462534722, A.D. 2026-Apr-02 23:06:03.0000,69.185634,-146532047.3187136,-31387939.70945046,-13613729.98246964,7.062687461888087,-26.69239542171188,-13.25565239037249,2026-04-02T23:04:53.814352
2461133.463229167, A.D. 2026-Apr-02 23:07:03.0000,69.185634,-146531621.9412104,-31389540.08090619,-13614523.69581844,7.116277578926261,-26.65371072251764,-13.20089493117091,2026-04-02T23:05:53.814389
2461133.463923611, A.D. 2026-Apr-02 23:08:03.0000,69.185634,-146531193.3997304,-31391138.20747374,-13615314.02633494,7.168127630577774,-26.61756833081753,-13.14291483042349,2026-04-02T23:06:53.814385
2461133.464618056, A.D. 2026-Apr-02 23:09:03.0000,69.185634,-146530761.8024606,-31392734.2439295,-13616100.78570678,7.218115536862772,-26.58404062232371,-13.08187651894155,2026-04-02T23:07:53.814422
2461133.4653125, A.D. 2026-Apr-02 23:10:03.0000,69.185634,-146530327.2645411,-31394328.3493563,-13616883.79478175,7.266125926401767,-26.553204970624,-13.01792398612781,2026-04-02T23:08:53.814378
2461133.466006944, A.D. 2026-Apr-02 23:11:03.0000,69.185634,-146529889.9084117,-31395920.68797527,-13617662.88333109,7.312031665128398,-26.52515133435653,-12.95121665178916,2026-04-02T23:09:53.814334
2461133.466701389, A.D. 2026-Apr-02 23:12:03.0000,69.185634,-146529449.8640284,-31397511.42908273,-13618437.89142963,7.355712886511274,-26.4999560382243,-12.88193410824205,2026-04-02T23:10:53.814371
2461133.467395833, A.D. 2026-Apr-02 23:13:03.0000,69.185634,-146529007.2682019,-31399100.74615102,-13619208.66980041,7.397058184125585,-26.47768563494272,-12.81025032787332,2026-04-02T23:11:53.814367
2461133.468090278, A.D. 2026-Apr-02 23:14:03.0000,69.185634,-146528562.2645453,-31400688.81670109,-13619975.07975513,7.435952130526616,-26.4584072419619,-12.73634874752689,2026-04-02T23:12:53.814404
2461133.468784722, A.D. 2026-Apr-02 23:15:03.0000,69.185634,-146528115.0034539,-31402275.8219659,-13620736.99422841,7.472286893694593,-26.44217574579609,-12.66043161976495,2026-04-02T23:13:53.814360
2461133.469479166, A.D. 2026-Apr-02 23:16:03.0000,69.185634,-146527665.6413662,-31403861.9460341,-13621494.29841675,7.50596794590246,-26.42903266522094,-12.58270291808199,2026-04-02T23:14:53.814316
2461133.470173611, A.D. 2026-Apr-02 23:17:03.0000,69.185634,-146527214.3401752,-31405447.37526103,-13622246.88966958,7.53690719125088,-26.41901247577085,-12.50336415942257,2026-04-02T23:15:53.814353
2461133.470868056, A.D. 2026-Apr-02 23:18:03.0000,69.185634,-146526761.2669263,-31407032.29793528,-13622994.67743771,7.565020985194897,-26.41214576967831,-12.42261848461844,2026-04-02T23:16:53.814430
2461133.4715625, A.D. 2026-Apr-02 23:19:03.0000,69.185634,-146526306.593511,-31408616.90401885,-13623737.5835837,7.590232039949569,-26.4084567630197,-12.34067646244851,2026-04-02T23:17:53.814386
2461133.472256945, A.D. 2026-Apr-02 23:20:03.0000,69.185634,-146525850.4962211,-31410201.38466268,-13624475.54269936,7.612470653678308,-26.40796122824302,-12.25775074064791,2026-04-02T23:18:53.814423
2461133.472951389, A.D. 2026-Apr-02 23:21:03.0000,69.185634,-146525393.155389,-31411785.93179305,-13625208.5021253,7.631671100052494,-26.41066946020704,-12.17405415962406,2026-04-02T23:19:53.814379
2461133.473645833, A.D. 2026-Apr-02 23:22:03.0000,69.185634,-146524934.7552535,-31413370.73779887,-13625936.42215409,7.647769132907084,-26.41658655150674,-12.08980751385479,2026-04-02T23:20:53.814335
2461133.474340278, A.D. 2026-Apr-02 23:23:03.0000,69.185634,-146524475.4836611,-31414955.99508198,-13626659.27678151,7.660711505696456,-26.42570555192795,-12.00524565806579,2026-04-02T23:21:53.814412
2461133.475034722, A.D. 2026-Apr-02 23:24:03.0000,69.185634,-146524015.531074,-31416541.8950801,-13627377.05391976,7.670462212876769,-26.43800355287287,-11.92059217076051,2026-04-02T23:22:53.814368
2461133.475729167, A.D. 2026-Apr-02 23:25:03.0000,69.185634,-146523555.0901841,-31418128.62789368,-13628089.7544437,7.676980314719927,-26.45346055815687,-11.83606257752715,2026-04-02T23:23:53.814405
2461133.476423611, A.D. 2026-Apr-02 23:26:03.0000,69.185634,-146523094.3560946,-31419716.38222773,-13628797.39281729,7.680231312214402,-26.47204522446691,-11.75189340589751,2026-04-02T23:24:53.814361
2461133.477118055, A.D. 2026-Apr-02 23:27:03.0000,69.185634,-146522633.5253176,-31421305.34433259,-13629499.99758318,7.68020159326356,-26.49371169093323,-11.66831223888008,2026-04-02T23:25:53.814317
2461133.4778125, A.D. 2026-Apr-02 23:28:03.0000,69.185634,-146522172.7949648,-31422895.69794379,-13630197.61066299,7.676882496545804,-26.51842198303277,-11.58554309264447,2026-04-02T23:26:53.814394
2461133.478506945, A.D. 2026-Apr-02 23:29:03.0000,69.185634,-146521712.3625752,-31424487.62429741,-13630890.28784601,7.670269383721733,-26.54612691262413,-11.50382280304309,2026-04-02T23:27:53.814431
2461133.479201389, A.D. 2026-Apr-02 23:30:03.0000,69.185634,-146521252.425739,-31426081.30105104,-13631578.0991383,7.660366012114412,-26.57675689566368,-11.42338561848391,2026-04-02T23:28:53.814387
2461133.479895833, A.D. 2026-Apr-02 23:31:03.0000,69.185634,-146520793.1815549,-31427676.90138382,-13632261.12822286,7.647184083298943,-26.61023543167422,-11.34445416811117,2026-04-02T23:29:53.814343
2461133.480590278, A.D. 2026-Apr-02 23:32:03.0000,69.185634,-146520334.8261763,-31429274.59390999,-13632939.47219635,7.630744723877254,-26.64648577326287,-11.26725560987017,2026-04-02T23:30:53.814380
2461133.481284722, A.D. 2026-Apr-02 23:33:03.0000,69.185634,-146519877.5540532,-31430874.54232429,-13633613.24200687,7.611083768691628,-26.68541827493615,-11.19202195726315,2026-04-02T23:31:53.814376
2461133.481979167, A.D. 2026-Apr-02 23:34:03.0000,69.185634,-146519421.5570911,-31432476.90448862,-13634282.56220297,7.588249073415165,-26.72693105748234,-11.11897258604415,2026-04-02T23:32:53.814413
2461133.482673611, A.D. 2026-Apr-02 23:35:03.0000,69.185634,-146518967.0241494,-31434081.83216204,-13634947.570199,7.562294029689635,-26.77092240903255,-11.04831963476875,2026-04-02T23:33:53.814369
2461133.483368055, A.D. 2026-Apr-02 23:36:03.0000,69.185634,-146518514.1407189,-31435689.4708028,-13635608.41612727,7.533277496287723,-26.81728218245039,-10.98027494406056,2026-04-02T23:34:53.814325
2461133.4840625, A.D. 2026-Apr-02 23:37:03.0000,69.185634,-146518063.0884661,-31437299.95883293,-13636265.26276514,7.501269359619832,-26.86588657393564,-10.91504658027222,2026-04-02T23:35:53.814362
2461133.484756944, A.D. 2026-Apr-02 23:38:03.0000,69.185634,-146517614.0445096,-31438913.42702446,-13636918.28507762,7.466350455831021,-26.91660532290593,-10.85283272420242,2026-04-02T23:36:53.814318
2461133.485451389, A.D. 2026-Apr-02 23:39:03.0000,69.185634,-146517167.1808991,-31440529.99819902,-13637567.6696489,7.428608267584126,-26.96930356066517,-10.79382268238423,2026-04-02T23:37:53.814395
2461133.486145834, A.D. 2026-Apr-02 23:40:03.0000,69.185634,-146516722.6642924,-31442149.78693704,-13638213.61423564,7.388135536272049,-27.02384146638564,-10.73820051791453,2026-04-02T23:38:53.814432
2461133.486840278, A.D. 2026-Apr-02 23:41:03.0000,69.185634,-146516280.6555175,-31443772.89920057,-13638856.32753975,7.345034165817363,-27.08007021982941,-10.68614628677813,2026-04-02T23:39:53.814388
2461133.487534722, A.D. 2026-Apr-02 23:42:03.0000,69.185634,-146515841.3089899,-31445399.4316588,-13639496.02884847,7.299416321160308,-27.13782937078011,-10.63783233421734,2026-04-02T23:40:53.814344
2461133.488229167, A.D. 2026-Apr-02 23:43:03.0000,69.185634,-146515404.7720208,-31447029.47112316,-13640132.94739517,7.251406701292387,-27.19695285228357,-10.59341627114281,2026-04-02T23:41:53.814421
2461133.488923611, A.D. 2026-Apr-02 23:44:03.0000,69.185634,-146514971.1841575,-31448663.09460881,-13640767.32140175,7.201138065883191,-27.25728025157407,-10.55304206992662,2026-04-02T23:42:53.814377
2461133.489618056, A.D. 2026-Apr-02 23:45:03.0000,69.185634,-146514540.6768839,-31450300.36942618,-13641399.39763478,7.148746539534153,-27.31864536957628,-10.51685131093593,2026-04-02T23:43:53.814414
2461133.4903125, A.D. 2026-Apr-02 23:46:03.0000,69.185634,-146514113.3733007,-31451941.35243448,-13642029.4311075,7.094376711196634,-27.38086733577803,-10.48497461061238,2026-04-02T23:44:53.814370
2461133.491006944, A.D. 2026-Apr-02 23:47:03.0000,69.185634,-146513689.3874868,-31453586.08959978,-13642657.68409673,7.038183283622483,-27.44376581400457,-10.45752441271914,2026-04-02T23:45:53.814326
2461133.491701389, A.D. 2026-Apr-02 23:48:03.0000,69.185634,-146513268.8241342,-31455234.61603979,-13643284.42539573,6.980324961679855,-27.50715743721694,-10.43460635547597,2026-04-02T23:46:53.814403
2461133.492395833, A.D. 2026-Apr-02 23:49:03.0000,69.185634,-146512851.7782079,-31456886.9556894,-13643909.92985478,6.920968031692141,-27.57085367826694,-10.41631666748688,2026-04-02T23:47:53.814359
2461133.493090278, A.D. 2026-Apr-02 23:50:03.0000,69.185634,-146512438.3342025,-31458543.12107094,-13644534.47775188,6.860295412323362,-27.63466252539667,-10.40273858735182,2026-04-02T23:48:53.814396
2461133.493784722, A.D. 2026-Apr-02 23:51:03.0000,69.185634,-146512028.5653104,-31460203.11292943,-13645158.35390117,6.798500015536628,-27.69838118344341,-10.39393813107359,2026-04-02T23:49:53.814352
2461133.494479167, A.D. 2026-Apr-02 23:52:03.0000,69.185634,-146511622.5333287,-31461866.91958111,-13645781.8461519,6.735764339058416,-27.76180121815025,-10.38995231625284,2026-04-02T23:50:53.814389
2461133.495173611, A.D. 2026-Apr-02 23:53:03.0000,69.185634,-146511220.289313,-31463534.51696194,-13646405.24404624,6.672267353503801,-27.82472173142667,-10.39079932990158,2026-04-02T23:51:53.814385
2461133.495868056, A.D. 2026-Apr-02 23:54:03.0000,69.185634,-146510821.8735662,-31465205.86967844,-13647028.83790417,6.608189837962414,-27.88696331737796,-10.39649284488672,2026-04-02T23:52:53.814422
2461133.4965625, A.D. 2026-Apr-02 23:55:03.0000,69.185634,-146510427.3151758,-31466880.93136903,-13647652.91907013,6.543726567336599,-27.94833418363834,-10.40705033754624,2026-04-02T23:53:53.814378
2461133.497256944, A.D. 2026-Apr-02 23:56:03.0000,69.185634,-146510036.6307217,-31468559.64351129,-13648277.77927044,6.479100324070821,-28.00862619254644,-10.42245900381377,2026-04-02T23:54:53.814334
2461133.497951389, A.D. 2026-Apr-02 23:57:03.0000,69.185634,-146509649.8233173,-31470241.9357819,-13648903.70799417,6.414528004224587,-28.0676592619643,-10.44266375801699,2026-04-02T23:55:53.814371
2461133.498645833, A.D. 2026-Apr-02 23:58:03.0000,69.185634,-146509266.8839932,-31471927.72771586,-13649530.99148095,6.350197559509573,-28.12526715617458,-10.46761660369488,2026-04-02T23:56:53.814367
2461133.499340278, A.D. 2026-Apr-02 23:59:03.0000,69.185634,-146508887.7925732,-31473616.92817271,-13650159.91333321,6.286302195474112,-28.18125708013394,-10.49727058054697,2026-04-02T23:57:53.814404
2461133.500034722, A.D. 2026-Apr-03 00:00:03.0000,69.185634,-146508512.5166674,-31475309.4340639,-13650790.75316038,6.223050889187127,-28.23543240211274,-10.53153733516631,2026-04-02T23:58:53.814360
2461133.500729166, A.D. 2026-Apr-03 00:01:03.0000,69.185634,-146508141.0115381,-31477005.13124064,-13651423.78456623,6.160645950483163,-28.28762040543266,-10.57031093022938,2026-04-02T23:59:53.814316
2461133.501423611, A.D. 2026-Apr-03 00:02:03.0000,69.185634,-146507773.2202846,-31478703.89558796,-13652059.27465785,6.0992926866333,-28.3376602172205,-10.61347842145548,2026-04-03T00:00:53.814353
2461133.502118056, A.D. 2026-Apr-03 00:03:03.0000,69.185634,-146507409.0736845,-31480405.59392769,-13652697.48321571,6.039191193176954,-28.38541296717361,-10.66091126423387,2026-04-03T00:01:53.814430
2461133.5028125, A.D. 2026-Apr-03 00:04:03.0000,69.185634,-146507048.4911736,-31482110.08492225,-13653338.66261718,5.98052235455846,-28.43073578869486,-10.71249243970735,2026-04-03T00:02:53.814386
2461133.503506945, A.D. 2026-Apr-03 00:05:03.0000,69.185634,-146506691.38122,-31483817.21760984,-13653983.05784563,5.923474327190442,-28.47345254420424,-10.76808362758484,2026-04-03T00:03:53.814423
2461133.504201389, A.D. 2026-Apr-03 00:06:03.0000,69.185634,-146506337.6407037,-31485526.83036374,-13654630.90406663,5.868241285479044,-28.51339222549603,-10.82749645951188,2026-04-03T00:04:53.814379
2461133.504895833, A.D. 2026-Apr-03 00:07:03.0000,69.185634,-146505987.1553665,-31487238.75220023,-13655282.42427617,5.814997616387933,-28.55041361881626,-10.89051958339275,2026-04-03T00:05:53.814335
2461133.505590278, A.D. 2026-Apr-03 00:08:03.0000,69.185634,-146505639.8011219,-31488952.80445982,-13655937.82869508,5.763898929166053,-28.58440191288467,-10.95694066170017,2026-04-03T00:06:53.814412
2461133.506284722, A.D. 2026-Apr-03 00:09:03.0000,69.185634,-146505295.4445893,-31490668.80227587,-13656597.3150182,5.715103079033208,-28.61526292453675,-11.02655354885963,2026-04-03T00:07:53.814368
2461133.506979167, A.D. 2026-Apr-03 00:10:03.0000,69.185634,-146504953.9427072,-31492386.5554029,-13657261.06837088,5.668771437509079,-28.64290927956709,-11.09914256645226,2026-04-03T00:08:53.814405
2461133.507673611, A.D. 2026-Apr-03 00:11:03.0000,69.185634,-146504615.1432185,-31494105.86842115,-13657929.26051536,5.625048361252142,-28.66725695440594,-11.17448038228977,2026-04-03T00:09:53.814361
2461133.508368055, A.D. 2026-Apr-03 00:12:03.0000,69.185634,-146504278.8852637,-31495826.54110442,-13658602.04939939,5.584079756811139,-28.68823089006274,-11.25232997533824,2026-04-03T00:10:53.814317
2461133.5090625, A.D. 2026-Apr-03 00:13:03.0000,69.185634,-146503944.999455,-31497548.36937098,-13659279.57808596,5.545997113375377,-28.70577951582927,-11.33243688422769,2026-04-03T00:11:53.814394
2461133.509756945, A.D. 2026-Apr-03 00:14:03.0000,69.185634,-146503613.3094031,-31499271.14642034,-13659961.97488337,5.510908193491812,-28.71985640049832,-11.41456738731712,2026-04-03T00:12:53.814431
2461133.510451389, A.D. 2026-Apr-03 00:15:03.0000,69.185634,-146503283.6317398,-31500994.66210612,-13660649.35394194,5.478940198215059,-28.73039998623245,-11.49846822328358,2026-04-03T00:13:53.814387
2461133.511145833, A.D. 2026-Apr-03 00:16:03.0000,69.185634,-146502955.7758508,-31502718.70332876,-13661341.8124694,5.450196138830517,-28.7373810667374,-11.58383725319199,2026-04-03T00:14:53.814343
2461133.511840278, A.D. 2026-Apr-03 00:17:03.0000,69.185634,-146502629.5462715,-31504443.05632151,-13662039.43008752,5.424741596771747,-28.74079875998577,-11.67039910579507,2026-04-03T00:15:53.814380
2461133.512534722, A.D. 2026-Apr-03 00:18:03.0000,69.185634,-146502304.7435011,-31506167.50718369,-13662742.27065566,5.402649191619615,-28.74064995741026,-11.7578942233277,2026-04-03T00:16:53.814376
2461133.513229167, A.D. 2026-Apr-03 00:19:03.0000,69.185634,-146501981.1637487,-31507891.8422304,-13663450.38208474,5.383984828081421,-28.73694631031973,-11.84605315009468,2026-04-03T00:17:53.814413
2461133.513923611, A.D. 2026-Apr-03 00:20:03.0000,69.185634,-146501658.5996872,-31509615.84870005,-13664163.79613314,5.368801483921809,-28.72970484391592,-11.93460545399848,2026-04-03T00:18:53.814369
2461133.514618055, A.D. 2026-Apr-03 00:21:03.0000,69.185634,-146501336.8410788,-31511339.31504023,-13664882.52803273,5.357142861521901,-28.71895241815602,-12.02326982122082,2026-04-03T00:19:53.814325
2461133.5153125, A.D. 2026-Apr-03 00:22:03.0000,69.185634,-146501015.6756101,-31513062.03193004,-13665606.57608443,5.349033409807017,-28.70473334029255,-12.11176683784434,2026-04-03T00:20:53.814362
2461133.516006944, A.D. 2026-Apr-03 00:23:03.0000,69.185634,-146500694.889943,-31514783.792867,-13666335.92196118,5.344484209889764,-28.68709862349006,-12.19982043478016,2026-04-03T00:21:53.814318
2461133.516701389, A.D. 2026-Apr-03 00:24:03.0000,69.185634,-146500374.2703004,-31516504.39483513,-13667070.53082037,5.34349899806203,-28.66611594400952,-12.2871559888655,2026-04-03T00:22:53.814395
2461133.517395834, A.D. 2026-Apr-03 00:25:03.0000,69.185634,-146500053.6031252,-31518223.63949105,-13667810.35166279,5.346065816844405,-28.64186844550203,-12.37351196056596,2026-04-03T00:23:53.814432
2461133.518090278, A.D. 2026-Apr-03 00:26:03.0000,69.185634,-146499732.675871,-31519941.33342883,-13668555.31799829,5.352163922643991,-28.61443932428738,-12.4586302543713,2026-04-03T00:24:53.814388
2461133.518784722, A.D. 2026-Apr-03 00:27:03.0000,69.185634,-146499411.277538,-31521657.28851449,-13669305.34783146,5.361762152077891,-28.58392227232377,-12.54225270421171,2026-04-03T00:25:53.814344
2461133.519479167, A.D. 2026-Apr-03 00:28:03.0000,69.185634,-146499089.1994042,-31523371.32274698,-13670060.34373438,5.374815636504088,-28.55042886316101,-12.62412454800583,2026-04-03T00:26:53.814421
2461133.520173611, A.D. 2026-Apr-03 00:29:03.0000,69.185634,-146498766.2357201,-31525083.26144632,-13670820.19343818,5.391269701643957,-28.51409041092594,-12.70401038740662,2026-04-03T00:27:53.814377
2461133.520868056, A.D. 2026-Apr-03 00:30:03.0000,69.185634,-146498442.184324,-31526792.93752852,-13671584.77166095,5.411061803853503,-28.47502031225318,-12.7817065556081,2026-04-03T00:28:53.814414
2461133.5215625, A.D. 2026-Apr-03 00:31:03.0000,69.185634,-146498116.8469072,-31528500.19010825,-13672353.9403828,5.43412395075795,-28.43332278094262,-12.85698589122538,2026-04-03T00:29:53.814370
2461133.522256944, A.D. 2026-Apr-03 00:32:03.0000,69.185634,-146497790.0297091,-31530204.86564939,-13673127.54764091,5.460372628972238,-28.38913834395519,-12.92962167985851,2026-04-03T00:30:53.814326
2461133.522951389, A.D. 2026-Apr-03 00:33:03.0000,69.185634,-146497461.544238,-31531906.81932433,-13673905.42877638,5.489716416264219,-28.34261116457877,-12.9994144358714,2026-04-03T00:31:53.814403
2461133.523645833, A.D. 2026-Apr-03 00:34:03.0000,69.185634,-146497131.2077034,-31533605.91496048,-13674687.40742607,5.522057100856003,-28.29388967249765,-13.06617245350993,2026-04-03T00:32:53.814359
2461133.524340278, A.D. 2026-Apr-03 00:35:03.0000,69.185634,-146496798.8433416,-31535302.02557748,-13675473.29598331,5.557291151561849,-28.24312846371597,-13.12971061957315,2026-04-03T00:33:53.814396
2461133.525034722, A.D. 2026-Apr-03 00:36:03.0000,69.185634,-146496464.2812163,-31536995.03356863,-13676262.8957009,5.595291979027993,-28.1904885793851,-13.18984763033825,2026-04-03T00:34:53.814352
2461133.525729167, A.D. 2026-Apr-03 00:37:03.0000,69.185634,-146496127.3592687,-31538684.83126561,-13677055.99801711,5.635931147956924,-28.13613747382897,-13.24643884436925,2026-04-03T00:35:53.814389
2461133.526423611, A.D. 2026-Apr-03 00:38:03.0000,69.185634,-146495787.9225981,-31540371.32089432,-13677852.38622336,5.679095608386614,-28.08023667163633,-13.2993501267268,2026-04-03T00:36:53.814385
2461133.527118056, A.D. 2026-Apr-03 00:39:03.0000,69.185634,-146495445.8234491,-31542054.41435206,-13678651.8352434,5.724655100435581,-28.02294983168615,-13.34843954122735,2026-04-03T00:37:53.814422
2461133.5278125, A.D. 2026-Apr-03 00:40:03.0000,69.185634,-146495100.9224423,-31543734.03354465,-13679454.11194456,5.77246525027047,-27.96444568146612,-13.39358250982237,2026-04-03T00:38:53.814378
2461133.528506944, A.D. 2026-Apr-03 00:41:03.0000,69.185634,-146494753.0888461,-31545410.11058315,-13680258.97619365,5.822382679000977,-27.90489579614152,-13.43466916548207,2026-04-03T00:39:53.814334
2461133.529201389, A.D. 2026-Apr-03 00:42:03.0000,69.185634,-146494402.2005429,-31547082.58797548,-13681066.18153915,5.87426174515668,-27.84447614170171,-13.47159830320289,2026-04-03T00:40:53.814371
2461133.529895833, A.D. 2026-Apr-03 00:43:03.0000,69.185634,-146494048.1444982,-31548751.41890236,-13681875.47590127,5.927945798206689,-27.78336377076414,-13.5042854437396,2026-04-03T00:41:53.814367
2461133.530590278, A.D. 2026-Apr-03 00:44:03.0000,69.185634,-146493690.8171192,-31550416.56692598,-13682686.60258007,5.983277926117239,-27.72172912992479,-13.53265865493018,2026-04-03T00:42:53.814404
2461133.531284722, A.D. 2026-Apr-03 00:45:03.0000,69.185634,-146493330.1243069,-31552078.00591354,-13683499.30075332,6.040097149031411,-27.65974639415056,-13.55665285897897,2026-04-03T00:43:53.814360
2461133.531979166, A.D. 2026-Apr-03 00:46:03.0000,69.185634,-146492965.981919,-31553735.72032293,-13684313.30612408,6.098233337955682,-27.59759220595595,-13.57622036400089,2026-04-03T00:44:53.814316
2461133.532673611, A.D. 2026-Apr-03 00:47:03.0000,69.185634,-146492598.3158231,-31555389.7048649,-13685128.35213157,6.15752591588932,-27.5354318355667,-13.59132877764125,2026-04-03T00:45:53.814353
2461133.533368056, A.D. 2026-Apr-03 00:48:03.0000,69.185634,-146492227.0614397,-31557039.96427913,-13685944.17007232,6.217810819339032,-27.47343880430314,-13.60193915442717,2026-04-03T00:46:53.814430
2461133.5340625, A.D. 2026-Apr-03 00:49:03.0000,69.185634,-146491852.1647754,-31558686.51421344,-13686760.48945351,6.278901745740191,-27.41179891301435,-13.60803941011059,2026-04-03T00:47:53.814386
2461133.534756945, A.D. 2026-Apr-03 00:50:03.0000,69.185634,-146491473.5827394,-31560329.38088198,-13687577.0402746,6.340627617568264,-27.35067474747821,-13.60965051436125,2026-04-03T00:48:53.814423
2461133.535451389, A.D. 2026-Apr-03 00:51:03.0000,69.185634,-146491091.2819379,-31561968.59981751,-13688393.55357074,6.402830477293551,-27.29022171631815,-13.60678338477477,2026-04-03T00:49:53.814379
2461133.536145833, A.D. 2026-Apr-03 00:52:03.0000,69.185634,-146490705.2387851,-31563604.21622598,-13689209.7611847,6.465342273695716,-27.23060231546242,-13.59945993206381,2026-04-03T00:50:53.814335
2461133.536840278, A.D. 2026-Apr-03 00:53:03.0000,69.185634,-146490315.4395552,-31565236.28454978,-13690025.39657396,6.528003617521223,-27.17196379636951,-13.5877045824847,2026-04-03T00:51:53.814412
2461133.537534722, A.D. 2026-Apr-03 00:54:03.0000,69.185634,-146489921.880367,-31566864.86861888,-13690840.1942661,6.590639001568094,-27.11447884079917,-13.57153645621736,2026-04-03T00:52:53.814368
2461133.538229167, A.D. 2026-Apr-03 00:55:03.0000,69.185634,-146489524.5686338,-31568490.0432552,-13691653.89144335,6.653054759080405,-27.05832885389148,-13.55103157125473,2026-04-03T00:53:53.814405
2461133.538923611, A.D. 2026-Apr-03 00:56:03.0000,69.185634,-146489123.5226267,-31570111.89274028,-13692466.23101404,6.715087074031214,-27.00364608915173,-13.52629056141611,2026-04-03T00:54:53.814361
2461133.539618055, A.D. 2026-Apr-03 00:57:03.0000,69.185634,-146488718.7697718,-31571730.50868078,-13693276.96114683,6.776587997276237,-26.9505525626648,-13.49738912411597,2026-04-03T00:55:53.814317
2461133.5403125, A.D. 2026-Apr-03 00:58:03.0000,69.185634,-146488310.3465191,-31573345.99033807,-13694085.83448267,6.837404681109018,-26.89917777868151,-13.46440305335037,2026-04-03T00:56:53.814394
2461133.541006945, A.D. 2026-Apr-03 00:59:03.0000,69.185634,-146487898.2987764,-31574958.44474766,-13694892.60817613,6.897371837216897,-26.84965490458969,-13.42740922159947,2026-04-03T00:57:53.814431
2461133.541701389, A.D. 2026-Apr-03 01:00:03.0000,69.185634,-146487482.6827079,-31576567.98726667,-13695697.04485584,6.956319358573513,-26.80212472634487,-13.38651753643404,2026-04-03T00:58:53.814387
2461133.542395833, A.D. 2026-Apr-03 01:01:03.0000,69.185634,-146487063.5639363,-31578174.74140241,-13696498.91454709,7.014102267132728,-26.75671645313792,-13.34185777400649,2026-04-03T00:59:53.814343
2461133.543090278, A.D. 2026-Apr-03 01:02:03.0000,69.185634,-146486641.0166479,-31579778.83797446,-13697297.9948949,7.070574364299525,-26.71354560443142,-13.29355410428624,2026-04-03T01:00:53.814380
2461133.543784722, A.D. 2026-Apr-03 01:03:03.0000,69.185634,-146486215.1241262,-31581380.41453633,-13698094.07113664,7.125581697207075,-26.67272245339015,-13.24173773557659,2026-04-03T01:01:53.814376
2461133.544479167, A.D. 2026-Apr-03 01:04:03.0000,69.185634,-146485785.978779,-31582979.61529027,-13698886.93674603,7.178973335541763,-26.63435862213105,-13.18655351125414,2026-04-03T01:02:53.814413
2461133.545173611, A.D. 2026-Apr-03 01:05:03.0000,69.185634,-146485353.6819633,-31584576.59077614,-13699676.39462587,7.230605846961231,-26.59854872140564,-13.12817003399314,2026-04-03T01:03:53.814369
2461133.545868055, A.D. 2026-Apr-03 01:06:03.0000,69.185634,-146484918.3428641,-31586171.49641914,-13700462.25777363,7.280361404871494,-26.56536485621495,-13.06674844746036,2026-04-03T01:04:53.814325
2461133.5465625, A.D. 2026-Apr-03 01:07:03.0000,69.185634,-146484480.077508,-31587764.49210131,-13701244.34822383,7.328123936859183,-26.53488793795372,-13.00243312355851,2026-04-03T01:05:53.814362
2461133.547256944, A.D. 2026-Apr-03 01:08:03.0000,69.185634,-146484039.0093257,-31589355.7429225,-13702022.49710103,7.373764661515474,-26.50720645236004,-12.93538755751967,2026-04-03T01:06:53.814318
2461133.547951389, A.D. 2026-Apr-03 01:09:03.0000,69.185634,-146483595.2692893,-31590945.41886436,-13702796.54600248,7.417164440132652,-26.48239322562134,-12.86579240855922,2026-04-03T01:07:53.814395
2461133.548645834, A.D. 2026-Apr-03 01:10:03.0000,69.185634,-146483148.9951661,-31592533.69398565,-13703566.34719454,7.458212724774515,-26.46051484987821,-12.79382226146805,2026-04-03T01:08:53.814432
2461133.549340278, A.D. 2026-Apr-03 01:11:03.0000,69.185634,-146482700.3314738,-31594120.74639945,-13704331.76364818,7.496795299818197,-26.44163787422053,-12.71966341813426,2026-04-03T01:09:53.814388
2461133.550034722, A.D. 2026-Apr-03 01:12:03.0000,69.185634,-146482249.4294153,-31595706.75782382,-13705092.67008826,7.532806060998948,-26.42581449883163,-12.64351914822249,2026-04-03T01:10:53.814344
2461133.550729167, A.D. 2026-Apr-03 01:13:03.0000,69.185634,-146481796.4461493,-31597291.91268792,-13705848.95350628,7.566151581010639,-26.41308411549389,-12.56559293713166,2026-04-03T01:11:53.814421
2461133.551423611, A.D. 2026-Apr-03 01:14:03.0000,69.185634,-146481341.5442296,-31598876.39757185,-13706600.51301324,7.596744913882322,-26.4034800008002,-12.48608589101939,2026-04-03T01:12:53.814377
2461133.552118056, A.D. 2026-Apr-03 01:15:03.0000,69.185634,-146480884.8912898,-31600460.40095751,-13707347.25983078,7.624503613666205,-26.3970324104169,-12.40520204585392,2026-04-03T01:13:53.814414
2461133.5528125, A.D. 2026-Apr-03 01:16:03.0000,69.185634,-146480426.6597348,-31602044.1129525,-13708089.11766178,7.649351539753944,-26.3937639487778,-12.32315273893575,2026-04-03T01:14:53.814370
2461133.553506944, A.D. 2026-Apr-03 01:17:03.0000,69.185634,-146479967.0263103,-31603627.7247401,-13708826.02295037,7.671219937705719,-26.39368876145928,-12.24015057531433,2026-04-03T01:15:53.814326
2461133.554201389, A.D. 2026-Apr-03 01:18:03.0000,69.185634,-146479506.1717411,-31605211.42819815,-13709557.92489359,7.690044211771175,-26.39681603871465,-12.15640870366921,2026-04-03T01:16:53.814403
2461133.554895833, A.D. 2026-Apr-03 01:19:03.0000,69.185634,-146479044.2805959,-31606795.41560039,-13710284.78567079,7.705761012087742,-26.40314949572449,-12.07214862028332,2026-04-03T01:17:53.814359
2461133.555590278, A.D. 2026-Apr-03 01:20:03.0000,69.185634,-146478581.5409783,-31608379.87911686,-13711006.58120932,7.718318885817085,-26.41267954704565,-11.98760535561925,2026-04-03T01:18:53.814396
2461133.556284722, A.D. 2026-Apr-03 01:21:03.0000,69.185634,-146478118.1434923,-31609965.00981698,-13711723.30126756,7.727683354509816,-26.42538250424378,-11.90300011623104,2026-04-03T01:19:53.814352
2461133.556979167, A.D. 2026-Apr-03 01:22:03.0000,69.185634,-146477654.2809168,-31611550.99746702,-13712434.94851138,7.733814135609445,-26.44123868581499,-11.81854927877674,2026-04-03T01:20:53.814389
2461133.557673611, A.D. 2026-Apr-03 01:23:03.0000,69.185634,-146477190.1483601,-31613138.03034611,-13713141.53925574,7.736678922993251,-26.46021434898398,-11.73448946063205,2026-04-03T01:21:53.814385
2461133.558368056, A.D. 2026-Apr-03 01:24:03.0000,69.185634,-146476725.9422195,-31614726.29419913,-13713843.10382088,7.736265337690263,-26.48226339743005,-11.65104654606387,2026-04-03T01:22:53.814422
2461133.5590625, A.D. 2026-Apr-03 01:25:03.0000,69.185634,-146476261.8594536,-31616315.97224484,-13714539.68588873,7.732565359979439,-26.50734707378822,-11.56844570479549,2026-04-03T01:23:53.814378
2461133.559756944, A.D. 2026-Apr-03 01:26:03.0000,69.185634,-146475798.097385,-31617907.24509206,-13715231.34305233,7.72557555768481,-26.53541356527563,-11.48692333331749,2026-04-03T01:24:53.814334
2461133.560451389, A.D. 2026-Apr-03 01:27:03.0000,69.185634,-146475334.8533111,-31619500.28963958,-13715918.14704463,7.71530093361126,-26.56639191904345,-11.40671191254929,2026-04-03T01:25:53.814371
2461133.561145833, A.D. 2026-Apr-03 01:28:03.0000,69.185634,-146474872.3239861,-31621095.27825627,-13716600.18318963,7.70175400447203,-26.60020514715858,-11.32803348408646,2026-04-03T01:26:53.814367
2461133.561840278, A.D. 2026-Apr-03 01:29:03.0000,69.185634,-146474410.7051371,-31622692.37871071,-13717277.55021964,7.684957617064432,-26.63677537138125,-11.25111498511614,2026-04-03T01:27:53.814404
2461133.562534722, A.D. 2026-Apr-03 01:30:03.0000,69.185634,-146473950.190687,-31624291.75376049,-13717950.36066613,7.664949180561603,-26.6760114391638,-11.17618690072281,2026-04-03T01:28:53.814360
2461133.563229166, A.D. 2026-Apr-03 01:31:03.0000,69.185634,-146473490.9719351,-31625893.56026807,-13718618.74053774,7.641777541308101,-26.71781102678503,-11.10346642201662,2026-04-03T01:29:53.814316
2461133.563923611, A.D. 2026-Apr-03 01:32:03.0000,69.185634,-146473033.2370838,-31627497.94897864,-13719282.82861059,7.615496816038315,-26.76207193282003,-11.03316442830302,2026-04-03T01:30:53.814353
2461133.564618056, A.D. 2026-Apr-03 01:33:03.0000,69.185634,-146472577.1709424,-31629105.06428627,-13719942.7763158,7.586166262579848,-26.80868299008128,-10.96549203540355,2026-04-03T01:31:53.814430
2461133.5653125, A.D. 2026-Apr-03 01:34:03.0000,69.185634,-146472122.9544379,-31630715.04349069,-13720598.74766829,7.553857043526311,-26.85751962487934,-10.9006556348588,2026-04-03T01:32:53.814386
2461133.566006945, A.D. 2026-Apr-03 01:35:03.0000,69.185634,-146471670.7638853,-31632328.01621103,-13721250.9187552,7.518650883081095,-26.90845149558819,-10.83885161758253,2026-04-03T01:33:53.814423
2461133.566701389, A.D. 2026-Apr-03 01:36:03.0000,69.185634,-146471220.7704909,-31633944.1041287,-13721899.47719376,7.480635578822643,-26.96134372071924,-10.78026799055769,2026-04-03T01:34:53.814379
2461133.567395833, A.D. 2026-Apr-03 01:37:03.0000,69.185634,-146470773.1400588,-31635563.42066211,-13722544.62170161,7.439904068018877,-27.01605590291163,-10.72508766379325,2026-04-03T01:35:53.814335
2461133.568090278, A.D. 2026-Apr-03 01:38:03.0000,69.185634,-146470328.0325491,-31637186.07055948,-13723186.56187394,7.39655872907173,-27.07243839957588,-10.67348983381022,2026-04-03T01:36:53.814412
2461133.568784722, A.D. 2026-Apr-03 01:39:03.0000,69.185634,-146469885.6014299,-31638812.14924726,-13723825.51786331,7.350713921584631,-27.13033024225306,-10.62564639378944,2026-04-03T01:37:53.814368
2461133.569479167, A.D. 2026-Apr-03 01:40:03.0000,69.185634,-146469445.9929332,-31640441.74225451,-13724461.71967791,7.302495682257498,-27.18956473852441,-10.58171195181207,2026-04-03T01:38:53.814405
2461133.570173611, A.D. 2026-Apr-03 01:41:03.0000,69.185634,-146469009.3455492,-31642074.92530616,-13725095.40608416,7.252035166385491,-27.24998228908966,-10.54182697550118,2026-04-03T01:39:53.814361
2461133.570868055, A.D. 2026-Apr-03 01:42:03.0000,69.185634,-146468575.7897938,-31643711.76449665,-13725726.82430442,7.199467753657733,-27.31141723892603,-10.50613354975658,2026-04-03T01:40:53.814317
2461133.5715625, A.D. 2026-Apr-03 01:43:03.0000,69.185634,-146468145.447758,-31645352.31538535,-13726356.22983937,7.144939684002169,-27.37368590781538,-10.47476126730776,2026-04-03T01:41:53.814394
2461133.572256945, A.D. 2026-Apr-03 01:44:03.0000,69.185634,-146467718.4324721,-31646996.62253364,-13726983.88528733,7.088605226456096,-27.43660812051119,-10.44781981888714,2026-04-03T01:42:53.814431
2461133.572951389, A.D. 2026-Apr-03 01:45:03.0000,69.185634,-146467294.8475705,-31648644.71972773,-13727610.0596829,7.030623797829594,-27.50000203736165,-10.4254142560827,2026-04-03T01:43:53.814387
2461133.573645833, A.D. 2026-Apr-03 01:46:03.0000,69.185634,-146466874.7869386,-31650296.62960101,-13728235.02805609,6.971161843377795,-27.5636782087042,-10.40763823037357,2026-04-03T01:44:53.814343
2461133.574340278, A.D. 2026-Apr-03 01:47:03.0000,69.185634,-146466458.334044,-31651952.36342391,-13728859.07060926,6.910400229067306,-27.62744852841973,-10.39457118334055,2026-04-03T01:45:53.814380
2461133.575034722, A.D. 2026-Apr-03 01:48:03.0000,69.185634,-146466045.5611555,-31653611.92100476,-13729482.47202389,6.848530612139498,-27.69111593754659,-10.38628114893607,2026-04-03T01:46:53.814376
2461133.575729167, A.D. 2026-Apr-03 01:49:03.0000,69.185634,-146465636.5290974,-31655275.2898514,-13730105.52029555,6.785739927340108,-27.7544680898562,-10.38280992015357,2026-04-03T01:47:53.814413
2461133.576423611, A.D. 2026-Apr-03 01:50:03.0000,69.185634,-146465231.2875696,-31656942.44465882,-13730728.5050928,6.722212862541108,-27.81729661075124,-10.38417039285944,2026-04-03T01:48:53.814369
2461133.577118055, A.D. 2026-Apr-03 01:51:03.0000,69.185634,-146464829.8754282,-31658613.34852798,-13731351.71647213,6.658127177618676,-27.8794212779772,-10.39037107306046,2026-04-03T01:49:53.814325
2461133.5778125, A.D. 2026-Apr-03 01:52:03.0000,69.185634,-146464432.320512,-31660287.95357444,-13731975.44538755,6.593677097105879,-27.94064943803163,-10.40142811742898,2026-04-03T01:50:53.814362
2461133.578506944, A.D. 2026-Apr-03 01:53:03.0000,69.185634,-146464038.6380797,-31661966.1998835,-13732599.98290675,6.529085268225769,-28.00077972495111,-10.41732201256857,2026-04-03T01:51:53.814318
2461133.579201389, A.D. 2026-Apr-03 01:54:03.0000,69.185634,-146463648.8302055,-31663648.01633229,-13733225.6176601,6.464559926887719,-28.0596422307104,-10.43800011449299,2026-04-03T01:52:53.814395
2461133.579895834, A.D. 2026-Apr-03 01:55:03.0000,69.185634,-146463262.8873717,-31665333.3218304,-13733852.63542905,6.400284087966612,-28.11706476229467,-10.46342185220762,2026-04-03T01:53:53.814432
2461133.580590278, A.D. 2026-Apr-03 01:56:03.0000,69.185634,-146462880.7887975,-31667022.02405421,-13734481.31950282,6.336456918809254,-28.17284682153148,-10.49353694382883,2026-04-03T01:54:53.814388
2461133.581284722, A.D. 2026-Apr-03 01:57:03.0000,69.185634,-146462502.5011033,-31668714.01867446,-13735111.94884284,6.273292273416285,-28.22679640003101,-10.52825185344352,2026-04-03T01:55:53.814344
2461133.581979167, A.D. 2026-Apr-03 01:58:03.0000,69.185634,-146462127.9784207,-31670409.19063639,-13735744.79621995,6.210992752731829,-28.27874617473097,-10.56745917780392,2026-04-03T01:56:53.814421
2461133.582673611, A.D. 2026-Apr-03 01:59:03.0000,69.185634,-146461757.1627596,-31672107.41522021,-13736380.12781775,6.149761793511243,-28.32854057288332,-10.61104376910517,2026-04-03T01:57:53.814377
2461133.583368056, A.D. 2026-Apr-03 02:00:03.0000,69.185634,-146461389.9841018,-31673808.55901822,-13737018.20253449,6.089791672597787,-28.37604550399818,-10.6588833725403,2026-04-03T01:58:53.814414
2461133.5840625, A.D. 2026-Apr-03 02:01:03.0000,69.185634,-146461026.3614524,-31675512.48026744,-13737659.27240283,6.031261548413423,-28.42110687926586,-10.71086787117787,2026-04-03T01:59:53.814370
2461133.584756944, A.D. 2026-Apr-03 02:02:03.0000,69.185634,-146460666.2026545,-31677219.02688196,-13738303.58204907,5.974366332048736,-28.46354106184213,-10.76685244792064,2026-04-03T02:00:53.814326
2461133.585451389, A.D. 2026-Apr-03 02:03:03.0000,69.185634,-146460309.4035556,-31678928.03611117,-13738951.3658228,5.919305672983715,-28.50318248016425,-10.82664281053304,2026-04-03T02:01:53.814403
2461133.586145833, A.D. 2026-Apr-03 02:04:03.0000,69.185634,-146459955.8486394,-31680639.33609254,-13739602.84569701,5.866256283282644,-28.53989066796165,-10.89002437681595,2026-04-03T02:02:53.814359
2461133.586840278, A.D. 2026-Apr-03 02:05:03.0000,69.185634,-146459605.4125639,-31682352.7472515,-13740258.23053958,5.815370671191517,-28.57355110579499,-10.95677823692832,2026-04-03T02:03:53.814396
2461133.587534722, A.D. 2026-Apr-03 02:06:03.0000,69.185634,-146459257.9610148,-31684068.08397196,-13740917.7164557,5.766800461014071,-28.6040744804602,-11.02669809756504,2026-04-03T02:04:53.814352
2461133.588229167, A.D. 2026-Apr-03 02:07:03.0000,69.185634,-146458913.3502571,-31685785.15552912,-13741581.48720049,5.720705597446056,-28.63137550650883,-11.09957380900134,2026-04-03T02:05:53.814389
2461133.588923611, A.D. 2026-Apr-03 02:08:03.0000,69.185634,-146458571.4272981,-31687503.76599564,-13742249.71329236,5.677232210253417,-28.65536938514531,-11.17517626400147,2026-04-03T02:06:53.814385
2461133.589618056, A.D. 2026-Apr-03 02:09:03.0000,69.185634,-146458232.0305325,-31689223.71472958,-13742922.55130023,5.636524764168889,-28.67598475274337,-11.25326758375329,2026-04-03T02:07:53.814422
2461133.5903125, A.D. 2026-Apr-03 02:10:03.0000,69.185634,-146457894.9899598,-31690944.79745251,-13743600.14304983,5.598712665690546,-28.69317139405399,-11.33359795121364,2026-04-03T02:08:53.814378
2461133.591006944, A.D. 2026-Apr-03 02:11:03.0000,69.185634,-146457560.1286275,-31692666.80701511,-13744282.61577771,5.563903947854419,-28.7068781071615,-11.41593311350508,2026-04-03T02:09:53.814334
2461133.591701389, A.D. 2026-Apr-03 02:12:03.0000,69.185634,-146457227.2625729,-31694389.53274436,-13744970.08236223,5.532225955664392,-28.71704348840009,-11.50001518924085,2026-04-03T02:10:53.814371
2461133.592395833, A.D. 2026-Apr-03 02:13:03.0000,69.185634,-146456896.2006105,-31696112.76119853,-13745662.63857004,5.503781279316821,-28.72364304191618,-11.58554174493783,2026-04-03T02:11:53.814367
2461133.593090278, A.D. 2026-Apr-03 02:14:03.0000,69.185634,-146456566.7466979,-31697836.27847885,-13746360.36264041,5.478636176416021,-28.72667730740972,-11.67223831344857,2026-04-03T02:12:53.814404
2461133.593784722, A.D. 2026-Apr-03 02:15:03.0000,69.185634,-146456238.7007414,-31699559.870574,-13747063.3170203,5.456862344094787,-28.72614362733492,-11.75984398338045,2026-04-03T02:13:53.814360
2461133.594479166, A.D. 2026-Apr-03 02:16:03.0000,69.185634,-146455911.858469,-31701283.3237213,-13747771.54820369,5.438523747457533,-28.72205324170488,-11.84809039671167,2026-04-03T02:14:53.814316
2461133.595173611, A.D. 2026-Apr-03 02:17:03.0000,69.185634,-146455586.0121354,-31703006.42500941,-13748485.08654296,5.423673107483073,-28.71442256459111,-11.93670618442632,2026-04-03T02:15:53.814353
2461133.595868056, A.D. 2026-Apr-03 02:18:03.0000,69.185634,-146455260.9510969,-31704728.9627956,-13749203.94577067,5.412353437723941,-28.70328049770097,-12.02540842506586,2026-04-03T02:16:53.814430
2461133.5965625, A.D. 2026-Apr-03 02:19:03.0000,69.185634,-146454936.4626912,-31706450.72775326,-13749928.1226563,5.404588467511215,-28.68867188977469,-12.11391742286288,2026-04-03T02:17:53.814386
2461133.597256945, A.D. 2026-Apr-03 02:20:03.0000,69.185634,-146454612.3332678,-31708171.51342059,-13750657.59728667,5.400388702771988,-28.67064909104956,-12.2019560959045,2026-04-03T02:18:53.814423
2461133.597951389, A.D. 2026-Apr-03 02:21:03.0000,69.185634,-146454288.3487866,-31709891.11694481,-13751392.33319639,5.399756524357831,-28.6492820659469,-12.28925010748871,2026-04-03T02:19:53.814379
2461133.598645833, A.D. 2026-Apr-03 02:22:03.0000,69.185634,-146453964.2955054,-31711609.34020871,-13752132.27782932,5.402679214733372,-28.62465386319326,-12.37553874796643,2026-04-03T02:20:53.814335
2461133.599340278, A.D. 2026-Apr-03 02:23:03.0000,69.185634,-146453639.9607186,-31713325.99004488,-13752877.36311881,5.409135510833186,-28.59684866311057,-12.4605630541578,2026-04-03T02:21:53.814412
2461133.600034722, A.D. 2026-Apr-03 02:24:03.0000,69.185634,-146453315.1333159,-31715040.87864641,-13753627.50545741,5.419093137436827,-28.56596166757063,-12.54406442318494,2026-04-03T02:22:53.814368
2461133.600729167, A.D. 2026-Apr-03 02:25:03.0000,69.185634,-146452989.6045382,-31716753.82441288,-13754382.60579455,5.432506299881724,-28.53210564999327,-12.62578817055894,2026-04-03T02:23:53.814405
2461133.601423611, A.D. 2026-Apr-03 02:26:03.0000,69.185634,-146452663.1686568,-31718464.65314701,-13755142.55024257,5.449319000015284,-28.49541322065202,-12.7054995100666,2026-04-03T02:24:53.814361
2461133.602118055, A.D. 2026-Apr-03 02:27:03.0000,69.185634,-146452335.6235816,-31720173.19828487,-13755907.21197802,5.469468415525335,-28.45599760658334,-12.78299559398616,2026-04-03T02:25:53.814317
2461133.6028125, A.D. 2026-Apr-03 02:28:03.0000,69.185634,-146452006.7711105,-31721879.29947059,-13756676.45141414,5.492885354011195,-28.41396414540595,-12.8580482856816,2026-04-03T02:26:53.814394
2461133.603506945, A.D. 2026-Apr-03 02:29:03.0000,69.185634,-146451676.4176815,-31723582.80378335,-13757450.1150049,5.519484940901064,-28.3694548108916,-12.93043148825256,2026-04-03T02:27:53.814431
2461133.604201389, A.D. 2026-Apr-03 02:30:03.0000,69.185634,-146451344.3750489,-31725283.56710111,-13758228.03657787,5.54917572344849,-28.32261510763496,-12.99994704294783,2026-04-03T02:28:53.814387
2461133.604895833, A.D. 2026-Apr-03 02:31:03.0000,69.185634,-146451010.4606466,-31726981.45405462,-13759010.03828432,5.581859192489899,-28.27359521931578,-13.0664025039293,2026-04-03T02:29:53.814343
2461133.605590278, A.D. 2026-Apr-03 02:32:03.0000,69.185634,-146450674.4980733,-31728676.33852648,-13759795.9309559,5.617427709091373,-28.22255032641158,-13.12961220338181,2026-04-03T02:30:53.814380
2461133.606284722, A.D. 2026-Apr-03 02:33:03.0000,69.185634,-146450336.3179697,-31730368.10376567,-13760585.51441743,5.655753434459726,-28.16964027118674,-13.18939926150237,2026-04-03T02:31:53.814376
2461133.606979167, A.D. 2026-Apr-03 02:34:03.0000,69.185634,-146449995.7587445,-31732056.64291692,-13761378.57885111,5.696711123816923,-28.11503323706754,-13.24561877484019,2026-04-03T02:32:53.814413
2461133.607673611, A.D. 2026-Apr-03 02:35:03.0000,69.185634,-146449652.6659296,-31733741.8591687,-13762174.90612737,5.740184980434726,-28.05889469152478,-13.29813340567913,2026-04-03T02:33:53.814369
2461133.608368055, A.D. 2026-Apr-03 02:36:03.0000,69.185634,-146449306.8924503,-31735423.66558422,-13762974.26973492,5.786041193033938,-28.00138983467062,-13.34680406614975,2026-04-03T02:34:53.814325
2461133.6090625, A.D. 2026-Apr-03 02:37:03.0000,69.185634,-146448958.2996773,-31737101.98522973,-13763776.43529276,5.834135804768063,-27.94268679421561,-13.39150814114979,2026-04-03T02:35:53.814362
2461133.609756944, A.D. 2026-Apr-03 02:38:03.0000,69.185634,-146448606.7576243,-31738776.75137825,-13764581.16145623,5.884324922007719,-27.88295801586175,-13.4321353674752,2026-04-03T02:36:53.814318
2461133.610451389, A.D. 2026-Apr-03 02:39:03.0000,69.185634,-146448252.1450117,-31740447.90783412,-13765388.20052185,5.936459982675806,-27.82238272968145,-13.4685845434615,2026-04-03T02:37:53.814395
2461133.611145834, A.D. 2026-Apr-03 02:40:03.0000,69.185634,-146447894.3498148,-31742115.40918609,-13766197.29929281,5.990383070330631,-27.76113782377221,-13.50077499784102,2026-04-03T02:38:53.814432
2461133.611840278, A.D. 2026-Apr-03 02:41:03.0000,69.185634,-146447533.2694194,-31743779.22038695,-13767008.20011647,6.045938196726699,-27.69939421571446,-13.52863636622063,2026-04-03T02:39:53.814388
2461133.612534722, A.D. 2026-Apr-03 02:42:03.0000,69.185634,-146447168.8107279,-31745439.31672815,-13767820.64131225,6.10296248482469,-27.6373260746663,-13.55210535911786,2026-04-03T02:40:53.814344
2461133.613229167, A.D. 2026-Apr-03 02:43:03.0000,69.185634,-146446800.8907264,-31747095.6839981,-13768634.35788076,6.161285303879189,-27.57510717090588,-13.57113737932968,2026-04-03T02:41:53.814421
2461133.613923611, A.D. 2026-Apr-03 02:44:03.0000,69.185634,-146446429.4363105,-31748748.31818623,-13769449.08262643,6.220747813306152,-27.51290501675292,-13.58569909730956,2026-04-03T02:42:53.814377
2461133.614618056, A.D. 2026-Apr-03 02:45:03.0000,69.185634,-146446054.3840184,-31750397.22549121,-13770264.5461874,6.281181374412125,-27.4508952921026,-13.59575295250051,2026-04-03T02:43:53.814414
2461133.6153125, A.D. 2026-Apr-03 02:46:03.0000,69.185634,-146445675.6812328,-31752042.42300819,-13771080.47762828,6.342397720766605,-27.38926120633335,-13.60129142266056,2026-04-03T02:44:53.814370
2461133.616006944, A.D. 2026-Apr-03 02:47:03.0000,69.185634,-146445293.2861629,-31753683.93826726,-13771896.6066691,6.40422901986235,-27.32816524525226,-13.6023362042266,2026-04-03T02:45:53.814326
2461133.616701389, A.D. 2026-Apr-03 02:48:03.0000,69.185634,-146444907.1666179,-31755321.80821362,-13772712.66405976,6.466515857070408,-27.26776446444966,-13.59889826466994,2026-04-03T02:46:53.814403
2461133.617395833, A.D. 2026-Apr-03 02:49:03.0000,69.185634,-146444517.300404,-31756956.07941527,-13773528.38147515,6.529087907870702,-27.20821841804979,-13.59100285168029,2026-04-03T02:47:53.814359
2461133.618090278, A.D. 2026-Apr-03 02:50:03.0000,69.185634,-146444123.6751218,-31758586.80758239,-13774343.49228672,6.591788801827282,-27.14967593950659,-13.57867299830873,2026-04-03T02:48:53.814396
2461133.618784722, A.D. 2026-Apr-03 02:51:03.0000,69.185634,-146443726.2882203,-31760214.0581091,-13775157.73087438,6.654438607142379,-27.09231579576895,-13.5619297790495,2026-04-03T02:49:53.814352
2461133.619479167, A.D. 2026-Apr-03 02:52:03.0000,69.185634,-146443325.1487754,-31761837.90746624,-13775970.83465531,6.716840405641003,-27.03631508879297,-13.54085798655003,2026-04-03T02:50:53.814389
2461133.620173611, A.D. 2026-Apr-03 02:53:03.0000,69.185634,-146442920.2765938,-31763458.4412287,-13776782.54710492,6.778836284527372,-26.98180167464785,-13.51555922988581,2026-04-03T02:51:53.814385
2461133.620868056, A.D. 2026-Apr-03 02:54:03.0000,69.185634,-146442511.7003895,-31765075.75226149,-13777592.61688145,6.840279030498349,-26.9288995446215,-13.48610802736936,2026-04-03T02:52:53.814422
2461133.6215625, A.D. 2026-Apr-03 02:55:03.0000,69.185634,-146442099.4579537,-31766689.94114355,-13778400.79718149,6.901015283106275,-26.8777375201053,-13.45258272652583,2026-04-03T02:53:53.814378
2461133.622256944, A.D. 2026-Apr-03 02:56:03.0000,69.185634,-146441683.5964507,-31768301.11615157,-13779206.84582206,6.960882545149903,-26.82844760086581,-13.41506077937836,2026-04-03T02:54:53.814334
2461133.622951389, A.D. 2026-Apr-03 02:57:03.0000,69.185634,-146441264.1731747,-31769909.3938857,-13780010.52606681,7.019710924827767,-26.78117252286798,-13.37365126820253,2026-04-03T02:55:53.814371
2461133.623645833, A.D. 2026-Apr-03 02:58:03.0000,69.185634,-146440841.255053,-31771514.89930077,-13780811.60868944,7.077350413750366,-26.7360443334896,-13.32848978409332,2026-04-03T02:56:53.814367
2461133.624340278, A.D. 2026-Apr-03 02:59:03.0000,69.185634,-146440414.9177423,-31773117.76458109,-13781609.87250161,7.133655568834862,-26.69317335631361,-13.27970564548397,2026-04-03T02:57:53.814404
2461133.625034722, A.D. 2026-Apr-03 03:00:03.0000,69.185634,-146439985.2458534,-31774718.12834631,-13782405.10397258,7.188474538432801,-26.65266695827097,-13.22742835897213,2026-04-03T02:58:53.814360
2461133.625729166, A.D. 2026-Apr-03 03:01:03.0000,69.185634,-146439552.3331291,-31776316.13581141,-13783197.09779962,7.241654960830146,-26.61463618547104,-13.17180572261735,2026-04-03T02:59:53.814316
2461133.626423611, A.D. 2026-Apr-03 03:02:03.0000,69.185634,-146439116.2822025,-31777911.93836127,-13783985.65832258,7.29305734270247,-26.5791712222452,-13.1130076515022,2026-04-03T03:00:53.814353
2461133.627118056, A.D. 2026-Apr-03 03:03:03.0000,69.185634,-146438677.2032726,-31779505.69214764,-13784770.59987674,7.342567037943182,-26.54634575402879,-13.05119264236603,2026-04-03T03:01:53.814430
2461133.6278125, A.D. 2026-Apr-03 03:04:03.0000,69.185634,-146438235.2133394,-31781097.5579544,-13785551.74580533,7.390066636243192,-26.51624309232674,-12.98650722869858,2026-04-03T03:02:53.814386
2461133.628506945, A.D. 2026-Apr-03 03:05:03.0000,69.185634,-146437790.4368898,-31782687.70175635,-13786328.92875059,7.435426827864436,-26.48894863977469,-12.91911845155505,2026-04-03T03:03:53.814423
2461133.629201389, A.D. 2026-Apr-03 03:06:03.0000,69.185634,-146437343.0059133,-31784276.29419699,-13787101.99192966,7.478529681891414,-26.46453222901062,-12.84920668536657,2026-04-03T03:04:53.814379
2461133.629895833, A.D. 2026-Apr-03 03:07:03.0000,69.185634,-146436893.0591466,-31785863.50993355,-13787870.78921729,7.519265031202956,-26.44306101053017,-12.77694767012294,2026-04-03T03:05:53.814335
2461133.630590278, A.D. 2026-Apr-03 03:08:03.0000,69.185634,-146436440.7420404,-31787449.52767172,-13788635.18535357,7.557519902433329,-26.4246001306383,-12.70253106326155,2026-04-03T03:06:53.814412
2461133.631284722, A.D. 2026-Apr-03 03:09:03.0000,69.185634,-146435986.2066189,-31789034.52957951,-13789395.05696437,7.593190212125222,-26.4091987944031,-12.6261606665409,2026-04-03T03:07:53.814368
2461133.631979167, A.D. 2026-Apr-03 03:10:03.0000,69.185634,-146435529.610768,-31790618.70037204,-13790150.2929149,7.626183846517838,-26.39689449149441,-12.54803932704927,2026-04-03T03:08:53.814405
2461133.632673611, A.D. 2026-Apr-03 03:11:03.0000,69.185634,-146435071.1176876,-31792202.2268436,-13790900.79416272,7.656415109060225,-26.38771969002038,-12.46836780396742,2026-04-03T03:09:53.814361
2461133.633368055, A.D. 2026-Apr-03 03:12:03.0000,69.185634,-146434610.8955921,-31793785.29766277,-13791646.47380448,7.683802585727467,-26.38170404255856,-12.38735149505568,2026-04-03T03:10:53.814317
2461133.6340625, A.D. 2026-Apr-03 03:13:03.0000,69.185634,-146434149.1173944,-31795368.10302989,-13792387.25748794,7.708271515257551,-26.37886804076704,-12.30520225575695,2026-04-03T03:11:53.814394
2461133.634756945, A.D. 2026-Apr-03 03:14:03.0000,69.185634,-146433685.9602715,-31796950.83411454,-13793123.08359664,7.729754266298192,-26.37922439054047,-12.22213231503178,2026-04-03T03:12:53.814431
2461133.635451389, A.D. 2026-Apr-03 03:15:03.0000,69.185634,-146433221.6053158,-31798533.68270062,-13793853.90326383,7.748187342098489,-26.38278115732623,-12.13835519352488,2026-04-03T03:13:53.814387
2461133.636145833, A.D. 2026-Apr-03 03:16:03.0000,69.185634,-146432756.2373968,-31800116.84090323,-13794579.68064338,7.76350843455597,-26.389540398001,-12.0540930692684,2026-04-03T03:14:53.814343
2461133.636840278, A.D. 2026-Apr-03 03:17:03.0000,69.185634,-146432290.0448371,-31801700.50057891,-13795300.39365534,7.775668147410578,-26.39948985960806,-11.96958063598624,2026-04-03T03:15:53.814380
2461133.637534722, A.D. 2026-Apr-03 03:18:03.0000,69.185634,-146431823.2183318,-31803284.85239977,-13796016.03395838,7.78463335519769,-26.41260556395666,-11.88503680285896,2026-04-03T03:16:53.814376
2461133.638229167, A.D. 2026-Apr-03 03:19:03.0000,69.185634,-146431355.9507101,-31804870.08573517,-13796726.60607317,7.790364639588082,-26.42886769933908,-11.80067920432562,2026-04-03T03:17:53.814413
2461133.638923611, A.D. 2026-Apr-03 03:20:03.0000,69.185634,-146430888.4370236,-31806456.38838468,-13797432.12823726,7.792832068900733,-26.44823995790733,-11.71674400074519,2026-04-03T03:18:53.814369
2461133.639618055, A.D. 2026-Apr-03 03:21:03.0000,69.185634,-146430420.8735005,-31808043.94552195,-13798132.63258844,7.792024338079894,-26.47067629693233,-11.63345543216959,2026-04-03T03:19:53.814325
2461133.6403125, A.D. 2026-Apr-03 03:22:03.0000,69.185634,-146429953.4568889,-31809632.93978342,-13798828.16462111,7.787934222118687,-26.49613680186106,-11.55103970918602,2026-04-03T03:20:53.814362
2461133.641006944, A.D. 2026-Apr-03 03:23:03.0000,69.185634,-146429486.3842321,-31811223.55107588,-13799518.78376235,7.780559552244349,-26.52456712063189,-11.46973240549263,2026-04-03T03:21:53.814318
2461133.641701389, A.D. 2026-Apr-03 03:24:03.0000,69.185634,-146429019.8524721,-31812815.95547133,-13800204.56348557,7.769906517400987,-26.55589510987198,-11.38976414550976,2026-04-03T03:22:53.814395
2461133.642395834, A.D. 2026-Apr-03 03:25:03.0000,69.185634,-146428554.0579521,-31814410.32447335,-13800885.59077567,7.755988600887883,-26.59004324005106,-11.31135638249218,2026-04-03T03:23:53.814432
2461133.643090278, A.D. 2026-Apr-03 03:26:03.0000,69.185634,-146428089.1959006,-31816006.8249395,-13801561.9660074,7.738830430060473,-26.62693253292358,-11.23473560102643,2026-04-03T03:24:53.814388
2461133.643784722, A.D. 2026-Apr-03 03:27:03.0000,69.185634,-146427625.4596425,-31817605.61862529,-13802233.8032872,7.71847094114457,-26.66647032162934,-11.16013050000011,2026-04-03T03:25:53.814344
2461133.644479167, A.D. 2026-Apr-03 03:28:03.0000,69.185634,-146427163.0398019,-31819206.8613424,-13802901.23006654,7.694959851750276,-26.70855397089444,-11.08775595734847,2026-04-03T03:26:53.814421
2461133.645173611, A.D. 2026-Apr-03 03:29:03.0000,69.185634,-146426702.1238614,-31820810.70276415,-13803564.38645912,7.668351972310757,-26.75308091867681,-11.01782161453258,2026-04-03T03:27:53.814377
2461133.645868056, A.D. 2026-Apr-03 03:30:03.0000,69.185634,-146426242.8958821,-31822417.28618056,-13804223.42517662,7.638707074916541,-26.79993893910603,-10.95053778978238,2026-04-03T03:28:53.814414
2461133.6465625, A.D. 2026-Apr-03 03:31:03.0000,69.185634,-146425785.5359886,-31824026.74771131,-13804878.51143148,7.606097483244065,-26.84900269990119,-10.88610890101249,2026-04-03T03:29:53.814370
2461133.647256944, A.D. 2026-Apr-03 03:32:03.0000,69.185634,-146425330.219628,-31825639.21579557,-13805529.82239345,7.570605723466607,-26.90014195129615,-10.82472947605314,2026-04-03T03:30:53.814326
2461133.647951389, A.D. 2026-Apr-03 03:33:03.0000,69.185634,-146424877.1171168,-31827254.81092563,-13806177.54665615,7.532319700472931,-26.95322191512979,-10.76658614379713,2026-04-03T03:31:53.814403
2461133.648645833, A.D. 2026-Apr-03 03:34:03.0000,69.185634,-146424426.393364,-31828873.64532803,-13806821.88385266,7.491332445581222,-27.00810139396983,-10.71186082284384,2026-04-03T03:32:53.814359
2461133.649340278, A.D. 2026-Apr-03 03:35:03.0000,69.185634,-146423978.207412,-31830495.82249358,-13807463.04442976,7.447747258369595,-27.06462991838571,-10.66073175542446,2026-04-03T03:33:53.814396
2461133.650034722, A.D. 2026-Apr-03 03:36:03.0000,69.185634,-146423532.7117127,-31832121.43658267,-13808101.24933391,7.401680524261028,-27.12264692021122,-10.61336962992185,2026-04-03T03:34:53.814352
2461133.650729167, A.D. 2026-Apr-03 03:37:03.0000,69.185634,-146423090.0513969,-31833750.57185274,-13808736.72926371,7.353258765421577,-27.18198465874551,-10.56992655678302,2026-04-03T03:35:53.814389
2461133.651423611, A.D. 2026-Apr-03 03:38:03.0000,69.185634,-146422650.3638877,-31835383.30270222,-13809369.72347413,7.30261168680622,-27.24248390632651,-10.53053964460288,2026-04-03T03:36:53.814385
2461133.652118056, A.D. 2026-Apr-03 03:39:03.0000,69.185634,-146422213.7787207,-31837019.69397481,-13810000.4795866,7.249873935424704,-27.30397995945951,-10.4953513635082,2026-04-03T03:37:53.814422
2461133.6528125, A.D. 2026-Apr-03 03:40:03.0000,69.185634,-146421780.4169506,-31838659.79993356,-13810629.25352835,7.195194043921008,-27.36628685880973,-10.46449051956318,2026-04-03T03:38:53.814378
2461133.653506944, A.D. 2026-Apr-03 03:41:03.0000,69.185634,-146421350.3904685,-31840303.66376654,-13811256.30817732,7.138726766217784,-27.42922496808249,-10.43806381760196,2026-04-03T03:39:53.814334
2461133.654201389, A.D. 2026-Apr-03 03:42:03.0000,69.185634,-146420923.8017961,-31841951.31797796,-13811881.91273996,7.080630385611084,-27.49261398686208,-10.41617586165818,2026-04-03T03:40:53.814371
2461133.654895833, A.D. 2026-Apr-03 03:43:03.0000,69.185634,-146420500.7437449,-31843602.78386997,-13812506.3423836,7.021071781504327,-27.55626148060485,-10.39891777226954,2026-04-03T03:41:53.814367
2461133.655590278, A.D. 2026-Apr-03 03:44:03.0000,69.185634,-146420081.2987388,-31845258.07134605,-13813129.87715041,6.960229360470617,-27.61998305877093,-10.38636410777589,2026-04-03T03:42:53.814404
2461133.656284722, A.D. 2026-Apr-03 03:45:03.0000,69.185634,-146419665.5382048,-31846917.17921836,-13813752.80147641,6.898291344547192,-27.68358737686536,-10.37858492857994,2026-04-03T03:43:53.814360
2461133.656979166, A.D. 2026-Apr-03 03:46:03.0000,69.185634,-146419253.5221156,-31848580.09409529,-13814375.4033814,6.835450537008847,-27.74685996014926,-10.37562691015373,2026-04-03T03:44:53.814316
2461133.657673611, A.D. 2026-Apr-03 03:47:03.0000,69.185634,-146418845.2988103,-31850246.78959032,-13814997.97259261,6.771898829888523,-27.80958983181589,-10.37749937533476,2026-04-03T03:45:53.814353
2461133.658368056, A.D. 2026-Apr-03 03:48:03.0000,69.185634,-146418440.9056803,-31851917.22760683,-13815620.79896843,6.707810935152406,-27.87159427424163,-10.38420725289547,2026-04-03T03:46:53.814430
2461133.6590625, A.D. 2026-Apr-03 03:49:03.0000,69.185634,-146418040.3692084,-31853591.35886594,-13816244.17308539,6.643382518131793,-27.93267854333162,-10.39576271522501,2026-04-03T03:47:53.814386
2461133.659756945, A.D. 2026-Apr-03 03:50:03.0000,69.185634,-146417643.7032381,-31855269.12220231,-13816868.38526619,6.578833388369029,-27.99264855508573,-10.41213970760048,2026-04-03T03:48:53.814423
2461133.660451389, A.D. 2026-Apr-03 03:51:03.0000,69.185634,-146417250.9089688,-31856950.44575758,-13817493.72330975,6.514359017256521,-28.0513398953569,-10.43329067765615,2026-04-03T03:49:53.814379
2461133.661145833, A.D. 2026-Apr-03 03:52:03.0000,69.185634,-146416861.9764789,-31858635.24754219,-13818120.4726037,6.450142304696899,-28.10857116096893,-10.45918054485275,2026-04-03T03:50:53.814335
2461133.661840278, A.D. 2026-Apr-03 03:53:03.0000,69.185634,-146416476.8842258,-31860323.43385877,-13818748.91598978,6.386390977579152,-28.16413900698799,-10.48975241682404,2026-04-03T03:51:53.814412
2461133.662534722, A.D. 2026-Apr-03 03:54:03.0000,69.185634,-146416095.5977583,-31862014.8992182,-13819379.33161351,6.32332021017476,-28.21785894159938,-10.52490962606453,2026-04-03T03:52:53.814368
2461133.663229167, A.D. 2026-Apr-03 03:55:03.0000,69.185634,-146415718.0701745,-31863709.52780512,-13820011.99138389,6.261130830370804,-28.26956795038686,-10.56454472152333,2026-04-03T03:53:53.814405
2461133.663923611, A.D. 2026-Apr-03 03:56:03.0000,69.185634,-146415344.2425622,-31865407.1943628,-13820647.16054705,6.200023578756761,-28.3191166794416,-10.60854104990427,2026-04-03T03:54:53.814361
2461133.664618055, A.D. 2026-Apr-03 03:57:03.0000,69.185634,-146414974.0443408,-31867107.7653303,-13821285.0972849,6.140182877042925,-28.36637180439413,-10.65678588023048,2026-04-03T03:55:53.814317
2461133.6653125, A.D. 2026-Apr-03 03:58:03.0000,69.185634,-146414607.3941531,-31868811.09829433,-13821926.05339873,6.081790540129179,-28.41116592153663,-10.70917183005665,2026-04-03T03:56:53.814394
2461133.666006945, A.D. 2026-Apr-03 03:59:03.0000,69.185634,-146414244.1990909,-31870517.03994259,-13822570.27302697,6.025049132530708,-28.45331242499132,-10.76554461504604,2026-04-03T03:57:53.814431
2461133.666701389, A.D. 2026-Apr-03 04:00:03.0000,69.185634,-146413884.3539703,-31872225.42654403,-13823217.98960709,5.970160270246454,-28.49265350740368,-10.82570799068665,2026-04-03T03:58:53.814387
2461133.667395833, A.D. 2026-Apr-03 04:01:03.0000,69.185634,-146413527.7420949,-31873936.08550427,-13823869.42419943,5.91730422672836,-28.52904845042687,-10.88944574975389,2026-04-03T03:59:53.814343
2461133.668090278, A.D. 2026-Apr-03 04:02:03.0000,69.185634,-146413174.2368199,-31875648.83643554,-13824524.78442845,5.866632393835935,-28.56238233272714,-10.9565312339657,2026-04-03T04:00:53.814380
2461133.668784722, A.D. 2026-Apr-03 04:03:03.0000,69.185634,-146412823.7028102,-31877363.49305067,-13825184.26483682,5.818289218662448,-28.59257025264145,-11.02675715116209,2026-04-03T04:01:53.814376
2461133.669479167, A.D. 2026-Apr-03 04:04:03.0000,69.185634,-146412475.995654,-31879079.86414531,-13825848.04782688,5.772432414755166,-28.61952799237643,-11.0999190430562,2026-04-03T04:02:53.814413
2461133.670173611, A.D. 2026-Apr-03 04:05:03.0000,69.185634,-146412130.9616236,-31880797.75331121,-13826516.3027116,5.729210061897754,-28.64317078141108,-11.17578633912825,2026-04-03T04:03:53.814369
2461133.670868055, A.D. 2026-Apr-03 04:06:03.0000,69.185634,-146411788.4383864,-31882516.95953812,-13827189.18474275,5.688764342330477,-28.66343093618797,-11.25412118094653,2026-04-03T04:04:53.814325
2461133.6715625, A.D. 2026-Apr-03 04:07:03.0000,69.185634,-146411448.2553767,-31884237.27832698,-13827866.83461436,5.651222811906674,-28.68025770686436,-11.33467837381759,2026-04-03T04:05:53.814362
2461133.672256944, A.D. 2026-Apr-03 04:08:03.0000,69.185634,-146411110.235063,-31885958.50209914,-13828549.3785379,5.616695243582747,-28.69359532330396,-11.41722145465768,2026-04-03T04:06:53.814318
2461133.672951389, A.D. 2026-Apr-03 04:09:03.0000,69.185634,-146410774.1928445,-31887680.41963205,-13829236.92808394,5.585308641582962,-28.70338369280945,-11.50148746502125,2026-04-03T04:07:53.814395
2461133.673645834, A.D. 2026-Apr-03 04:10:03.0000,69.185634,-146410439.9369621,-31889402.81716876,-13829929.57758213,5.557164436063271,-28.709603111439,-11.58717488750094,2026-04-03T04:08:53.814432
2461133.674340278, A.D. 2026-Apr-03 04:11:03.0000,69.185634,-146410107.2708014,-31891125.48065772,-13830627.40395202,5.53233003330796,-28.71225508138085,-11.67401076683444,2026-04-03T04:09:53.814388
2461133.675034722, A.D. 2026-Apr-03 04:12:03.0000,69.185634,-146409775.9936503,-31892848.19596459,-13831330.46829666,5.510876607875982,-28.71133717706314,-11.76173248711472,2026-04-03T04:10:53.814344
2461133.675729167, A.D. 2026-Apr-03 04:13:03.0000,69.185634,-146409445.9007218,-31894570.74919667,-13832038.81572301,5.492866188849625,-28.70685987505113,-11.8500720219888,2026-04-03T04:11:53.814421
2461133.676423611, A.D. 2026-Apr-03 04:14:03.0000,69.185634,-146409116.7838198,-31896292.92726409,-13832752.47518063,5.47835111184604,-28.69883916225156,-11.93875666269076,2026-04-03T04:12:53.814377
2461133.677118056, A.D. 2026-Apr-03 04:15:03.0000,69.185634,-146408788.4318712,-31898014.51839401,-13833471.45888745,5.467373737049908,-28.6873062085321,-12.02750224210393,2026-04-03T04:13:53.814414
2461133.6778125, A.D. 2026-Apr-03 04:16:03.0000,69.185634,-146408460.6318315,-31899735.31322309,-13834195.76208327,5.459957194834727,-28.67230628428266,-12.11602863737323,2026-04-03T04:14:53.814370
2461133.678506944, A.D. 2026-Apr-03 04:17:03.0000,69.185634,-146408133.1696997,-31901455.1053142,-13834925.36326781,5.456111357127132,-28.65389325624455,-12.20405773033854,2026-04-03T04:15:53.814326
2461133.679201389, A.D. 2026-Apr-03 04:18:03.0000,69.185634,-146407805.8311426,-31903173.69194202,-13835660.22434839,5.455837233613453,-28.63213924589157,-12.29131558142561,2026-04-03T04:16:53.814403
2461133.679895833, A.D. 2026-Apr-03 04:19:03.0000,69.185634,-146407478.4021963,-31904890.87518062,-13836400.29120686,5.459121483631316,-28.60712705385035,-12.37754194154351,2026-04-03T04:17:53.814359
2461133.680590278, A.D. 2026-Apr-03 04:20:03.0000,69.185634,-146407150.6699598,-31906606.46207045,-13837145.49417699,5.465942227289014,-28.57894199511279,-12.46247691987423,2026-04-03T04:18:53.814396
2461133.681284722, A.D. 2026-Apr-03 04:21:03.0000,69.185634,-146406822.4231792,-31908320.26509991,-13837895.7480115,5.476266040677968,-28.54768082612532,-12.54586141130694,2026-04-03T04:19:53.814352
2461133.681979167, A.D. 2026-Apr-03 04:22:03.0000,69.185634,-146406493.4530248,-31910032.10304556,-13838650.95200893,5.490046171457604,-28.51345745174662,-12.62744061383136,2026-04-03T04:20:53.814389
2461133.682673611, A.D. 2026-Apr-03 04:23:03.0000,69.185634,-146406163.5537625,-31911741.80216482,-13839410.99062495,5.507225260089891,-28.47640584554047,-12.70698042662894,2026-04-03T04:21:53.814385
2461133.683368056, A.D. 2026-Apr-03 04:24:03.0000,69.185634,-146405832.5233447,-31913449.19637923,-13840175.73545029,5.527740279570612,-28.4366391825195,-12.78427864790058,2026-04-03T04:22:53.814422
2461133.6840625, A.D. 2026-Apr-03 04:25:03.0000,69.185634,-146405500.1636463,-31915154.12585123,-13840945.04528745,5.551520695305544,-28.39426396037453,-12.8591061785737,2026-04-03T04:23:53.814378
2461133.684756944, A.D. 2026-Apr-03 04:26:03.0000,69.185634,-146405166.2812769,-31916856.43826362,-13841718.76496646,5.578480362981676,-28.34942361629723,-12.93123750498425,2026-04-03T04:24:53.814334
2461133.685451389, A.D. 2026-Apr-03 04:27:03.0000,69.185634,-146404830.6881978,-31918555.99018647,-13842496.72674102,5.608528066187025,-28.3022654328464,-13.00047522048448,2026-04-03T04:25:53.814371
2461133.686145833, A.D. 2026-Apr-03 04:28:03.0000,69.185634,-146404493.2020526,-31920252.64706396,-13843278.75117731,5.641563947267182,-28.25294140086115,-13.06662596951087,2026-04-03T04:26:53.814367
2461133.686840278, A.D. 2026-Apr-03 04:29:03.0000,69.185634,-146404153.6468291,-31921946.28364896,-13844064.64749422,5.677476320279364,-28.20160673864163,-13.12950477391648,2026-04-03T04:27:53.814404
2461133.687534722, A.D. 2026-Apr-03 04:30:03.0000,69.185634,-146403811.8537031,-31923636.78403078,-13844854.21407879,5.716137943487953,-28.14842065374213,-13.18893892859379,2026-04-03T04:28:53.814360
2461133.688229166, A.D. 2026-Apr-03 04:31:03.0000,69.185634,-146403467.6614726,-31925324.04220787,-13845647.2397716,5.757425616294577,-28.09355290188586,-13.24478186824783,2026-04-03T04:29:53.814316
2461133.688923611, A.D. 2026-Apr-03 04:32:03.0000,69.185634,-146403120.9161284,-31927007.96238454,-13846443.5049254,5.801219201258013,-28.03717197149549,-13.29689372324389,2026-04-03T04:30:53.814353
2461133.689618056, A.D. 2026-Apr-03 04:33:03.0000,69.185634,-146402771.4713301,-31928688.45876185,-13847242.78153938,5.847382050839363,-27.97944401451009,-13.34513864539747,2026-04-03T04:31:53.814430
2461133.6903125, A.D. 2026-Apr-03 04:34:03.0000,69.185634,-146402419.1892158,-31930365.45556559,-13848044.83391869,5.895770722192053,-27.92053725239002,-13.38939564645894,2026-04-03T04:32:53.814386
2461133.691006945, A.D. 2026-Apr-03 04:35:03.0000,69.185634,-146402063.9405684,-31932038.88724448,-13848849.41943285,5.946240499824342,-27.86062495352399,-13.42955397672325,2026-04-03T04:33:53.814423
2461133.691701389, A.D. 2026-Apr-03 04:36:03.0000,69.185634,-146401705.6050219,-31933708.69889827,-13849656.2890546,5.998638772342479,-27.79988890640347,-13.46551285170232,2026-04-03T04:34:53.814379
2461133.692395833, A.D. 2026-Apr-03 04:37:03.0000,69.185634,-146401344.0716361,-31935374.84648244,-13850465.18841784,6.052807466657869,-27.73850597291434,-13.49719488141383,2026-04-03T04:35:53.814335
2461133.693090278, A.D. 2026-Apr-03 04:38:03.0000,69.185634,-146400979.2388319,-31937037.29637247,-13851275.85881886,6.108590779014225,-27.67664923826491,-13.52453126256106,2026-04-03T04:36:53.814412
2461133.693784722, A.D. 2026-Apr-03 04:39:03.0000,69.185634,-146400611.0145999,-31938696.02536067,-13852088.03767377,6.165824306696326,-27.61449225819279,-13.54746197614213,2026-04-03T04:37:53.814368
2461133.694479167, A.D. 2026-Apr-03 04:40:03.0000,69.185634,-146400239.3170288,-31940351.02059563,-13852901.45928124,6.224339390608645,-27.55220622410873,-13.56594462848456,2026-04-03T04:38:53.814405
2461133.695173611, A.D. 2026-Apr-03 04:41:03.0000,69.185634,-146399864.074022,-31942002.27946759,-13853715.85573106,6.283976228250994,-27.48996232955469,-13.57994471614038,2026-04-03T04:39:53.814361
2461133.695868055, A.D. 2026-Apr-03 04:42:03.0000,69.185634,-146399485.2233404,-31943649.80973713,-13854530.95700431,6.344561424174766,-27.42793638072236,-13.58942801494903,2026-04-03T04:40:53.814317
2461133.6965625, A.D. 2026-Apr-03 04:43:03.0000,69.185634,-146399102.7137603,-31945293.6299124,-13855346.49174955,6.405906657272265,-27.36630819006594,-13.59439028637265,2026-04-03T04:41:53.814394
2461133.697256945, A.D. 2026-Apr-03 04:44:03.0000,69.185634,-146398716.5047922,-31946933.76887158,-13856162.18935051,6.467845854431595,-27.30524157007228,-13.59485293049354,2026-04-03T04:42:53.814431
2461133.697951389, A.D. 2026-Apr-03 04:45:03.0000,69.185634,-146398326.5655476,-31948570.26503729,-13856977.78024043,6.530217756339689,-27.24489498532153,-13.59082927549293,2026-04-03T04:43:53.814387
2461133.698645833, A.D. 2026-Apr-03 04:46:03.0000,69.185634,-146397932.8751916,-31950203.16633773,-13857792.9959817,6.592853402784225,-27.18542363397332,-13.58234668009079,2026-04-03T04:44:53.814343
2461133.699340278, A.D. 2026-Apr-03 04:47:03.0000,69.185634,-146397535.4225597,-31951832.52978904,-13858607.56976336,6.655596811439949,-27.12698080055451,-13.56942539433861,2026-04-03T04:45:53.814380
2461133.700034722, A.D. 2026-Apr-03 04:48:03.0000,69.185634,-146397134.2065792,-31953458.42247983,-13859421.23581609,6.718260519616452,-27.06975004188784,-13.55209188450834,2026-04-03T04:46:53.814376
2461133.700729167, A.D. 2026-Apr-03 04:49:03.0000,69.185634,-146396729.2381129,-31955080.92249967,-13860233.73189801,6.780647460148108,-27.01390214156285,-13.53043867686378,2026-04-03T04:47:53.814413
2461133.701423611, A.D. 2026-Apr-03 04:50:03.0000,69.185634,-146396320.5385116,-31956700.11673155,-13861044.80201895,6.842605240959919,-26.95956319652769,-13.50456670464318,2026-04-03T04:48:53.814369
2461133.702118055, A.D. 2026-Apr-03 04:51:03.0000,69.185634,-146395908.1378672,-31958316.09939666,-13861854.19532182,6.903986470295946,-26.906858459622,-13.47455092571181,2026-04-03T04:49:53.814325
2461133.7028125, A.D. 2026-Apr-03 04:52:03.0000,69.185634,-146395492.0753761,-31959928.97240372,-13862661.66557819,6.964638482499474,-26.85591559651129,-13.44047139961626,2026-04-03T04:50:53.814362
2461133.703506944, A.D. 2026-Apr-03 04:53:03.0000,69.185634,-146395072.3994772,-31961538.84536577,-13863466.97125874,7.024401714409551,-26.80686763071602,-13.40240650454395,2026-04-03T04:51:53.814318
2461133.704201389, A.D. 2026-Apr-03 04:54:03.0000,69.185634,-146394649.1686441,-31963145.83630993,-13864269.87631572,7.083105181545317,-26.75985958434059,-13.36046620406667,2026-04-03T04:52:53.814395
2461133.704895834, A.D. 2026-Apr-03 04:55:03.0000,69.185634,-146394222.4512428,-31964750.07169152,-13865070.15241604,7.140593288529217,-26.71502222020368,-13.3147923607371,2026-04-03T04:53:53.814432
2461133.705590278, A.D. 2026-Apr-03 04:56:03.0000,69.185634,-146393792.3244888,-31966351.68496195,-13865867.57961716,7.196722653437606,-26.67246047680172,-13.26551746742423,2026-04-03T04:54:53.814388
2461133.706284722, A.D. 2026-Apr-03 04:57:03.0000,69.185634,-146393358.8743613,-31967950.81578235,-13866661.94563705,7.251343670012075,-26.63228052886772,-13.21276962780684,2026-04-03T04:55:53.814344
2461133.706979167, A.D. 2026-Apr-03 04:58:03.0000,69.185634,-146392922.1959804,-31969547.61037895,-13867453.04646739,7.304302917894161,-26.59459168421607,-13.15670004741003,2026-04-03T04:56:53.814421
2461133.707673611, A.D. 2026-Apr-03 04:59:03.0000,69.185634,-146392482.3932614,-31971142.2209459,-13868240.68789904,7.355465055863824,-26.55948120407425,-13.09747874476375,2026-04-03T04:57:53.814377
2461133.708368056, A.D. 2026-Apr-03 05:00:03.0000,69.185634,-146392039.5774644,-31972734.80445328,-13869024.68563672,7.404717356809115,-26.52702541231427,-13.0352630390379,2026-04-03T04:58:53.814414
2461133.7090625, A.D. 2026-Apr-03 05:01:03.0000,69.185634,-146391593.8666551,-31974325.52265397,-13869804.86445914,7.451941148737892,-26.49730847238115,-12.97020276244615,2026-04-03T04:59:53.814370
2461133.709756944, A.D. 2026-Apr-03 05:02:03.0000,69.185634,-146391145.386419,-31975914.54237829,-13870581.05865853,7.497007749979742,-26.47041173141745,-12.90246748823262,2026-04-03T05:00:53.814326
2461133.710451389, A.D. 2026-Apr-03 05:03:03.0000,69.185634,-146390694.2697637,-31977502.03489096,-13871353.11311945,7.539800711376918,-26.44640293076176,-12.83223645538802,2026-04-03T05:01:53.814403
2461133.711145833, A.D. 2026-Apr-03 05:04:03.0000,69.185634,-146390240.6564012,-31979088.17547713,-13872120.88338504,7.580209865970108,-26.42534994581829,-12.75968730186485,2026-04-03T05:02:53.814359
2461133.711840278, A.D. 2026-Apr-03 05:05:03.0000,69.185634,-146389784.6927315,-31980673.14342622,-13872884.23605546,7.618123584279493,-26.40731570205293,-12.68501308211994,2026-04-03T05:03:53.814396
2461133.712534722, A.D. 2026-Apr-03 05:06:03.0000,69.185634,-146389326.5316087,-31982257.12130993,-13873643.04972652,7.653439957978,-26.39234631641551,-12.60841771509587,2026-04-03T05:04:53.814352
2461133.713229167, A.D. 2026-Apr-03 05:07:03.0000,69.185634,-146388866.3316387,-31983840.29411267,-13874397.21519847,7.686068333455943,-26.38047768986184,-12.53010331080296,2026-04-03T05:05:53.814389
2461133.713923611, A.D. 2026-Apr-03 05:08:03.0000,69.185634,-146388404.2566621,-31985422.84883146,-13875146.63533449,7.715924189622722,-26.37174177952547,-12.45027061233055,2026-04-03T05:06:53.814385
2461133.714618056, A.D. 2026-Apr-03 05:09:03.0000,69.185634,-146387940.4754757,-31987004.97429773,-13875891.22518938,7.74292715332135,-26.36616696560994,-12.36912657105898,2026-04-03T05:07:53.814422
2461133.7153125, A.D. 2026-Apr-03 05:10:03.0000,69.185634,-146387475.1614942,-31988586.86076236,-13876630.91242789,7.767003958085747,-26.36377160609537,-12.28688307477375,2026-04-03T05:08:53.814378
2461133.716006944, A.D. 2026-Apr-03 05:11:03.0000,69.185634,-146387008.4923135,-31990168.69934364,-13877365.63742926,7.78808818214566,-26.3645671947737,-12.20375206115891,2026-04-03T05:09:53.814334
2461133.716701389, A.D. 2026-Apr-03 05:12:03.0000,69.185634,-146386540.6493748,-31991750.68170671,-13878095.35332966,7.806117477038232,-26.36856048293022,-12.11994744263026,2026-04-03T05:10:53.814371
2461133.717395833, A.D. 2026-Apr-03 05:13:03.0000,69.185634,-146386071.8178317,-31993332.99974779,-13878820.02630817,7.821030683661934,-26.37575174050424,-12.03569194553202,2026-04-03T05:11:53.814367
2461133.718090278, A.D. 2026-Apr-03 05:14:03.0000,69.185634,-146385602.1861884,-31994915.8449827,-13879539.6363324,7.832780628373349,-26.38612611475352,-11.95121955188659,2026-04-03T05:12:53.814404
2461133.718784722, A.D. 2026-Apr-03 05:15:03.0000,69.185634,-146385131.9452059,-31996499.40763205,-13880254.17698578,7.841335471029808,-26.39965964310105,-11.86674704947814,2026-04-03T05:13:53.814360
2461133.719479166, A.D. 2026-Apr-03 05:16:03.0000,69.185634,-146384661.2877284,-31998083.87665044,-13880963.6547067,7.846656752036806,-26.41633199248517,-11.78249357453932,2026-04-03T05:14:53.814316
2461133.720173611, A.D. 2026-Apr-03 05:17:03.0000,69.185634,-146384190.4087154,-31999669.43929063,-13881668.08969435,7.848716946906852,-26.43610430639156,-11.69869440900777,2026-04-03T05:15:53.814353
2461133.720868056, A.D. 2026-Apr-03 05:18:03.0000,69.185634,-146383719.5041865,-32001256.28011548,-13882367.51594179,7.847505847093275,-26.4589306605372,-11.61557233180204,2026-04-03T05:16:53.814430
2461133.7215625, A.D. 2026-Apr-03 05:19:03.0000,69.185634,-146383248.7706352,-32002844.58113926,-13883061.98080026,7.843017105090853,-26.48476970386412,-11.53335438949732,2026-04-03T05:17:53.814386
2461133.722256945, A.D. 2026-Apr-03 05:20:03.0000,69.185634,-146382778.4047841,-32004434.52149673,-13883751.54554549,7.835249844359213,-26.51356470605327,-11.45227502796792,2026-04-03T05:18:53.814423
2461133.722951389, A.D. 2026-Apr-03 05:21:03.0000,69.185634,-146382308.6031756,-32006026.27638719,-13884436.28540213,7.824211372335113,-26.545242486591,-11.37256301882977,2026-04-03T05:19:53.814379
2461133.723645833, A.D. 2026-Apr-03 05:22:03.0000,69.185634,-146381839.561693,-32007620.01641063,-13885116.28903463,7.809916325165418,-26.57972489105565,-11.29443924084902,2026-04-03T05:20:53.814335
2461133.724340278, A.D. 2026-Apr-03 05:23:03.0000,69.185634,-146381371.4750144,-32009215.90745858,-13885791.65846306,7.792391140068633,-26.61693187453535,-11.21812950706274,2026-04-03T05:21:53.814412
2461133.725034722, A.D. 2026-Apr-03 05:24:03.0000,69.185634,-146380904.5358107,-32010814.11025526,-13886462.50936905,7.771676140809778,-26.65676927434777,-11.14386056415032,2026-04-03T05:22:53.814368
2461133.725729167, A.D. 2026-Apr-03 05:25:03.0000,69.185634,-146380438.9339874,-32012414.77950279,-13887128.97062859,7.747821979818406,-26.69913419060862,-11.07184488165498,2026-04-03T05:23:53.814405
2461133.726423611, A.D. 2026-Apr-03 05:26:03.0000,69.185634,-146379974.8562569,-32014018.06377726,-13887791.18368206,7.720884102974533,-26.74392391309292,-11.00229080801392,2026-04-03T05:24:53.814361
2461133.727118055, A.D. 2026-Apr-03 05:27:03.0000,69.185634,-146379512.4858893,-32015624.10522864,-13888449.30250398,7.690922756958096,-26.79102506447407,-10.93540793332205,2026-04-03T05:25:53.814317
2461133.7278125, A.D. 2026-Apr-03 05:28:03.0000,69.185634,-146379052.0021578,-32017233.03876474,-13889103.49348553,7.658011471123418,-26.84031147847572,-10.87139850428958,2026-04-03T05:26:53.814394
2461133.728506945, A.D. 2026-Apr-03 05:29:03.0000,69.185634,-146378593.5795989,-32018844.99160763,-13889753.93484549,7.622233481549847,-26.89165325945152,-10.81045503562147,2026-04-03T05:27:53.814431
2461133.729201389, A.D. 2026-Apr-03 05:30:03.0000,69.185634,-146378137.3876039,-32020460.08304683,-13890400.81612275,7.583676544960895,-26.94491571554191,-10.7527628734056,2026-04-03T05:28:53.814387
2461133.729895833, A.D. 2026-Apr-03 05:31:03.0000,69.185634,-146377683.5901595,-32022078.42408172,-13891044.33784015,7.542433918550719,-26.99995663061363,-10.6985030934587,2026-04-03T05:29:53.814343
2461133.730590278, A.D. 2026-Apr-03 05:32:03.0000,69.185634,-146377232.3453396,-32023700.11691031,-13891684.71127367,7.498610377359931,-27.05662487924834,-10.64785276029806,2026-04-03T05:30:53.814380
2461133.731284722, A.D. 2026-Apr-03 05:33:03.0000,69.185634,-146376783.8045311,-32025325.254423,-13892322.15810276,7.452323484796858,-27.11476087334858,-10.60098069226611,2026-04-03T05:31:53.814376
2461133.731979167, A.D. 2026-Apr-03 05:34:03.0000,69.185634,-146376338.1117566,-32026953.91959399,-13892956.90966487,7.4037003713557,-27.17419536983481,-10.55803733686307,2026-04-03T05:32:53.814413
2461133.732673611, A.D. 2026-Apr-03 05:35:03.0000,69.185634,-146375895.4033293,-32028586.18547859,-13893589.20569266,7.35286953182305,-27.23476936894375,-10.51915657940502,2026-04-03T05:33:53.814369
2461133.733368055, A.D. 2026-Apr-03 05:36:03.0000,69.185634,-146375455.8077855,-32030222.11563689,-13894219.29418009,7.299964291946177,-27.29631887323171,-10.48448081305761,2026-04-03T05:34:53.814325
2461133.7340625, A.D. 2026-Apr-03 05:37:03.0000,69.185634,-146375019.4451329,-32031861.76301287,-13894847.43142248,7.245135972982311,-27.35865661079749,-10.45413777037485,2026-04-03T05:35:53.814362
2461133.734756944, A.D. 2026-Apr-03 05:38:03.0000,69.185634,-146374586.4260789,-32033505.16946763,-13895473.88051207,7.188539826626033,-27.4216046578252,-10.42823111735322,2026-04-03T05:36:53.814318
2461133.735451389, A.D. 2026-Apr-03 05:39:03.0000,69.185634,-146374156.8520348,-32035152.36629099,-13896098.91079877,7.130332345952243,-27.48498262159496,-10.40686619648359,2026-04-03T05:37:53.814395
2461133.736145834, A.D. 2026-Apr-03 05:40:03.0000,69.185634,-146373730.8146786,-32036803.37339176,-13896722.79758146,7.070682891802468,-27.5485945085259,-10.39013108167061,2026-04-03T05:38:53.814432
2461133.736840278, A.D. 2026-Apr-03 05:41:03.0000,69.185634,-146373308.3952819,-32038458.19928233,-13897345.82072526,7.009766527974242,-27.61225931747084,-10.37809524880462,2026-04-03T05:39:53.814388
2461133.737534722, A.D. 2026-Apr-03 05:42:03.0000,69.185634,-146372889.66443,-32040116.84163128,-13897968.26436255,6.947766668875166,-27.67578954183044,-10.37083016767741,2026-04-03T05:40:53.814344
2461133.738229167, A.D. 2026-Apr-03 05:43:03.0000,69.185634,-146372474.6812451,-32041779.28604881,-13898590.41640464,6.884881764206836,-27.73897217669464,-10.36838560699924,2026-04-03T05:41:53.814421
2461133.738923611, A.D. 2026-Apr-03 05:44:03.0000,69.185634,-146372063.4928198,-32043445.50525526,-13899212.56652157,6.821308319574809,-27.80159713841174,-10.37077002728173,2026-04-03T05:42:53.814377
2461133.739618056, A.D. 2026-Apr-03 05:45:03.0000,69.185634,-146371656.1352199,-32045115.46008492,-13899835.00442464,6.757220872668563,-27.863475719066,-10.37798593493589,2026-04-03T05:43:53.814414
2461133.7403125, A.D. 2026-Apr-03 05:46:03.0000,69.185634,-146371252.6335014,-32046789.09997291,-13900458.02028653,6.692818181409189,-27.92441409805656,-10.39003951970153,2026-04-03T05:44:53.814370
2461133.741006944, A.D. 2026-Apr-03 05:47:03.0000,69.185634,-146370853.0000891,-32048466.36277733,-13901081.90367868,6.628314246876289,-27.98422555935491,-10.40690080406923,2026-04-03T05:45:53.814326
2461133.741701389, A.D. 2026-Apr-03 05:48:03.0000,69.185634,-146370457.2354094,-32050147.17586812,-13901706.94171365,6.563892871908949,-28.04274271716278,-10.42852788222349,2026-04-03T05:46:53.814403
2461133.742395833, A.D. 2026-Apr-03 05:49:03.0000,69.185634,-146370065.3290166,-32051831.45603982,-13902333.41937898,6.499741541740499,-28.09977577095019,-10.45488677767636,2026-04-03T05:47:53.814359
2461133.743090278, A.D. 2026-Apr-03 05:50:03.0000,69.185634,-146369677.2583513,-32053519.10819133,-13902961.61887562,6.436075240363594,-28.15512501975192,-10.48591346440522,2026-04-03T05:48:53.814396
2461133.743784722, A.D. 2026-Apr-03 05:51:03.0000,69.185634,-146369292.9878356,-32055210.02585068,-13903591.81744607,6.373106718926008,-28.20861285663793,-10.52151053065084,2026-04-03T05:49:53.814352
2461133.744479167, A.D. 2026-Apr-03 05:52:03.0000,69.185634,-146368912.4696287,-32056904.09245078,-13904224.2861067,6.311034138529143,-28.26007847472734,-10.56157021952699,2026-04-03T05:50:53.814389
2461133.745173611, A.D. 2026-Apr-03 05:53:03.0000,69.185634,-146368535.6440489,-32058601.18227333,-13904859.28915257,6.250053173548719,-28.30938007472205,-10.60597622174955,2026-04-03T05:51:53.814385
2461133.745868056, A.D. 2026-Apr-03 05:54:03.0000,69.185634,-146368162.4401768,-32060301.16151214,-13905497.08418935,6.190342717747341,-28.35638025054202,-10.65462645835052,2026-04-03T05:52:53.814422
2461133.7465625, A.D. 2026-Apr-03 05:55:03.0000,69.185634,-146367792.776245,-32062003.88688579,-13906137.92279429,6.132091617456316,-28.40089927094538,-10.70741187136032,2026-04-03T05:53:53.814378
2461133.747256944, A.D. 2026-Apr-03 05:56:03.0000,69.185634,-146367426.5584456,-32063709.20385085,-13906782.04843838,6.075508764001052,-28.44275273576633,-10.76416838185453,2026-04-03T05:54:53.814334
2461133.747951389, A.D. 2026-Apr-03 05:57:03.0000,69.185634,-146367063.6805997,-32065416.94784268,-13907429.69359101,6.020794503901187,-28.48178964261773,-10.82470057891506,2026-04-03T05:55:53.814371
2461133.748645833, A.D. 2026-Apr-03 05:58:03.0000,69.185634,-146366704.0249381,-32067126.94560799,-13908081.07845076,5.968133434487577,-28.51786903527676,-10.88879172419336,2026-04-03T05:56:53.814367
2461133.749340278, A.D. 2026-Apr-03 05:59:03.0000,69.185634,-146366347.463513,-32068839.0160628,-13908736.40949738,5.917678189307517,-28.55087607333672,-10.95620756687676,2026-04-03T05:57:53.814404
2461133.750034722, A.D. 2026-Apr-03 06:00:03.0000,69.185634,-146365993.8598899,-32070552.97234113,-13909395.87977499,5.869565843875586,-28.5807291863081,-11.02673897577183,2026-04-03T05:58:53.814360
2461133.750729166, A.D. 2026-Apr-03 06:01:03.0000,69.185634,-146365643.068942,-32072268.62278424,-13910059.67035202,5.823951136041185,-28.60734437251508,-11.10018639816334,2026-04-03T05:59:53.814316
2461133.751423611, A.D. 2026-Apr-03 06:02:03.0000,69.185634,-146365294.9362107,-32073985.77051566,-13910727.94933545,5.780983537980183,-28.63063743034844,-11.17631815380309,2026-04-03T06:00:53.814353
2461133.752118056, A.D. 2026-Apr-03 06:03:03.0000,69.185634,-146364949.2986676,-32075704.21419369,-13911400.87070923,5.740802523437512,-28.65054367665606,-11.25489726805705,2026-04-03T06:01:53.814430
2461133.7528125, A.D. 2026-Apr-03 06:04:03.0000,69.185634,-146364605.9852217,-32077423.74904922,-13912078.57409067,5.703534353970538,-28.6670105836982,-11.33568265162921,2026-04-03T06:02:53.814386
2461133.753506945, A.D. 2026-Apr-03 06:05:03.0000,69.185634,-146364264.817742,-32079144.16701398,-13912761.18466149,5.669291401800348,-28.67997871588783,-11.41843429066679,2026-04-03T06:03:53.814423
2461133.754201389, A.D. 2026-Apr-03 06:06:03.0000,69.185634,-146363925.6109526,-32080865.25632892,-13913448.81263802,5.638199935595751,-28.6893904741646,-11.50288413005487,2026-04-03T06:04:53.814379
2461133.754895833, A.D. 2026-Apr-03 06:07:03.0000,69.185634,-146363588.1725277,-32082586.80295694,-13914141.55090403,5.610359687649373,-28.69523039252239,-11.58873285175627,2026-04-03T06:05:53.814335
2461133.755590278, A.D. 2026-Apr-03 06:08:03.0000,69.185634,-146363252.3052921,-32084308.5926981,-13914839.47510066,5.585839403351829,-28.69750042998013,-11.67570924519459,2026-04-03T06:06:53.814412
2461133.756284722, A.D. 2026-Apr-03 06:09:03.0000,69.185634,-146362917.8079098,-32086030.41128276,-13915542.64502859,5.564709986283532,-28.69619846978256,-11.76354885379262,2026-04-03T06:07:53.814368
2461133.756979167, A.D. 2026-Apr-03 06:10:03.0000,69.185634,-146362584.47506,-32087752.04465999,-13916251.1044259,5.547031733643928,-28.69133392837039,-11.85198323122309,2026-04-03T06:08:53.814405
2461133.757673611, A.D. 2026-Apr-03 06:11:03.0000,69.185634,-146362252.0980773,-32089473.27953036,-13916964.88080963,5.532856478232775,-28.68292275253646,-11.94073782032766,2026-04-03T06:09:53.814361
2461133.758368055, A.D. 2026-Apr-03 06:12:03.0000,69.185634,-146361920.4654441,-32091193.90401606,-13917683.98487191,5.522225871449047,-28.6709984632726,-12.02952782759392,2026-04-03T06:10:53.814317
2461133.7590625, A.D. 2026-Apr-03 06:13:03.0000,69.185634,-146361589.3637199,-32092913.70869424,-13918408.41031124,5.515162473206691,-28.65560668870287,-12.1180725304465,2026-04-03T06:11:53.814394
2461133.759756945, A.D. 2026-Apr-03 06:14:03.0000,69.185634,-146361258.5785393,-32094632.48714923,-13919138.13403231,5.511675492817511,-28.63680288592532,-12.20609282138771,2026-04-03T06:12:53.814431
2461133.760451389, A.D. 2026-Apr-03 06:15:03.0000,69.185634,-146360927.8952642,-32096350.0367876,-13919873.11631732,5.511764562785274,-28.61466113776128,-12.29331533601962,2026-04-03T06:13:53.814387
2461133.761145833, A.D. 2026-Apr-03 06:16:03.0000,69.185634,-146360597.0996951,-32098066.15985243,-13920613.30147464,5.51541577570146,-28.58926401714605,-12.37947995471041,2026-04-03T06:14:53.814343
2461133.761840278, A.D. 2026-Apr-03 06:17:03.0000,69.185634,-146360265.9787197,-32099780.66359462,-13921358.61822526,5.522606568893417,-28.56069804300979,-12.46432584971551,2026-04-03T06:15:53.814380
2461133.762534722, A.D. 2026-Apr-03 06:18:03.0000,69.185634,-146359934.3209321,-32101493.36078173,-13922108.97965964,5.533302316962265,-28.52906155304217,-12.54759343338393,2026-04-03T06:16:53.814376
2461133.763229167, A.D. 2026-Apr-03 06:19:03.0000,69.185634,-146359601.9174222,-32103204.07055721,-13922864.28340606,5.547455273805961,-28.49446948269234,-12.62902762795872,2026-04-03T06:17:53.814413
2461133.763923611, A.D. 2026-Apr-03 06:20:03.0000,69.185634,-146359268.5624463,-32104912.61963052,-13923624.41224577,5.565006730878316,-28.45705718189509,-12.70839517625559,2026-04-03T06:18:53.814369
2461133.764618055, A.D. 2026-Apr-03 06:21:03.0000,69.185634,-146358934.0539888,-32106618.84240182,-13924389.23616013,5.585893492238401,-28.41693794009253,-12.78549434676697,2026-04-03T06:19:53.814325
2461133.7653125, A.D. 2026-Apr-03 06:22:03.0000,69.185634,-146358598.1939965,-32108322.57954171,-13925158.61231087,5.610043639108047,-28.37421942034262,-12.86009516180033,2026-04-03T06:20:53.814362
2461133.766006944, A.D. 2026-Apr-03 06:23:03.0000,69.185634,-146358260.7892382,-32110023.67934844,-13925932.38389073,5.637369868268639,-28.3290464822382,-12.93197272340766,2026-04-03T06:21:53.814318
2461133.766701389, A.D. 2026-Apr-03 06:24:03.0000,69.185634,-146357921.6518637,-32111721.99907729,-13926710.38153346,5.667781215811353,-28.28156859478504,-13.00092958629239,2026-04-03T06:22:53.814395
2461133.767395834, A.D. 2026-Apr-03 06:25:03.0000,69.185634,-146357580.5997424,-32113417.40502283,-13927492.42415856,5.701175474400174,-28.23193941992534,-13.06677178912624,2026-04-03T06:23:53.814432
2461133.768090278, A.D. 2026-Apr-03 06:26:03.0000,69.185634,-146357237.4572928,-32115109.77279356,-13928278.31935554,5.737437558060517,-28.18031373882997,-13.12931622299706,2026-04-03T06:24:53.814388
2461133.768784722, A.D. 2026-Apr-03 06:27:03.0000,69.185634,-146356892.0561773,-32116798.98732543,-13929067.86407557,5.776442149617788,-28.12685104941787,-13.18839326503253,2026-04-03T06:25:53.814344
2461133.769479167, A.D. 2026-Apr-03 06:28:03.0000,69.185634,-146356544.23555,-32118484.94354572,-13929860.84574733,5.818066484311245,-28.0717230370042,-13.24385402230998,2026-04-03T06:26:53.814421
2461133.770173611, A.D. 2026-Apr-03 06:29:03.0000,69.185634,-146356193.8419227,-32120167.54668342,-13930657.04315004,5.862185431639548,-28.01509999741281,-13.29555745954378,2026-04-03T06:27:53.814377
2461133.770868056, A.D. 2026-Apr-03 06:30:03.0000,69.185634,-146355840.7297183,-32121846.71206093,-13931456.22680423,5.908660409295864,-27.95714871049646,-13.34337082719878,2026-04-03T06:28:53.814414
2461133.7715625, A.D. 2026-Apr-03 06:31:03.0000,69.185634,-146355484.7618561,-32123522.36504341,-13932258.15966905,5.957348316118155,-27.89803801696689,-13.38717432742975,2026-04-03T06:29:53.814370
2461133.772256944, A.D. 2026-Apr-03 06:32:03.0000,69.185634,-146355125.8099102,-32125194.44127163,-13933062.5977986,6.008103257415955,-27.83794208305792,-13.42685681843156,2026-04-03T06:30:53.814326
2461133.772951389, A.D. 2026-Apr-03 06:33:03.0000,69.185634,-146354763.7544937,-32126862.88710207,-13933869.29083568,6.060768324762483,-27.77704383248726,-13.4623188802611,2026-04-03T06:31:53.814403
2461133.773645833, A.D. 2026-Apr-03 06:34:03.0000,69.185634,-146354398.4857655,-32128527.65978038,-13934677.98323468,6.115186062743331,-27.71552075196003,-13.4934850064593,2026-04-03T06:32:53.814359
2461133.774340278, A.D. 2026-Apr-03 06:35:03.0000,69.185634,-146354029.9032339,-32130188.72710207,-13935488.41518009,6.17119949124241,-27.65354888852503,-13.52028809665489,2026-04-03T06:33:53.814396
2461133.775034722, A.D. 2026-Apr-03 06:36:03.0000,69.185634,-146353657.9160519,-32131846.06735909,-13936300.32315999,6.228643936976181,-27.59130137540555,-13.54267231720594,2026-04-03T06:34:53.814352
2461133.775729167, A.D. 2026-Apr-03 06:37:03.0000,69.185634,-146353282.4433615,-32133499.66913779,-13937113.44075761,6.287353788385396,-27.5289486390308,-13.56059635169725,2026-04-03T06:35:53.814389
2461133.776423611, A.D. 2026-Apr-03 06:38:03.0000,69.185634,-146352903.41412,-32135149.53135576,-13937927.49929337,6.347165358250817,-27.46666515551092,-13.57402542129951,2026-04-03T06:36:53.814385
2461133.777118056, A.D. 2026-Apr-03 06:39:03.0000,69.185634,-146352520.7674209,-32136795.66337812,-13938742.22813454,6.407901823834906,-27.40462495457686,-13.58292996734244,2026-04-03T06:37:53.814422
2461133.7778125, A.D. 2026-Apr-03 06:40:03.0000,69.185634,-146352134.4534093,-32138438.08511249,-13939557.35555825,6.469376581955571,-27.34300427364184,-13.58730776383683,2026-04-03T06:38:53.814378
2461133.778506944, A.D. 2026-Apr-03 06:41:03.0000,69.185634,-146351744.4328704,-32140076.82677859,-13940372.61056129,6.531423801886902,-27.28196919503619,-13.58717909105815,2026-04-03T06:39:53.814334
2461133.779201389, A.D. 2026-Apr-03 06:42:03.0000,69.185634,-146351350.676275,-32141711.92831593,-13941187.72326485,6.593880501589301,-27.22167915492983,-13.58256139863185,2026-04-03T06:40:53.814371
2461133.779895833, A.D. 2026-Apr-03 06:43:03.0000,69.185634,-146350953.1640714,-32143343.43902927,-13942002.42513412,6.656581840196446,-27.16228630349242,-13.57348262234308,2026-04-03T06:41:53.814367
2461133.780590278, A.D. 2026-Apr-03 06:44:03.0000,69.185634,-146350551.8862661,-32144971.41740334,-13942816.44913476,6.719368775101372,-27.10394954764196,-13.55996087805673,2026-04-03T06:42:53.814404
2461133.781284722, A.D. 2026-Apr-03 06:45:03.0000,69.185634,-146350146.8434023,-32146595.93225282,-13943629.52942481,6.782045225558402,-27.04685299447185,-13.54203020322623,2026-04-03T06:43:53.814360
2461133.781979166, A.D. 2026-Apr-03 06:46:03.0000,69.185634,-146349738.0481674,-32148217.06315166,-13944441.40416677,6.844416598671517,-26.99116097648738,-13.5197881066077,2026-04-03T06:44:53.814316
2461133.782673611, A.D. 2026-Apr-03 06:47:03.0000,69.185634,-146349325.5234662,-32149834.89827817,-13945251.81783093,6.90633445469927,-26.93700060085024,-13.49333457173044,2026-04-03T06:45:53.814353
2461133.783368056, A.D. 2026-Apr-03 06:48:03.0000,69.185634,-146348909.3008463,-32151449.53325016,-13946060.52004922,6.967651535919638,-26.88449720512473,-13.46274634996153,2026-04-03T06:46:53.814430
2461133.7840625, A.D. 2026-Apr-03 06:49:03.0000,69.185634,-146348489.4209134,-32153061.07130047,-13946867.26515531,7.028216861448624,-26.83377815794844,-13.4281038908855,2026-04-03T06:47:53.814386
2461133.784756945, A.D. 2026-Apr-03 06:50:03.0000,69.185634,-146348065.9334059,-32154669.62349736,-13947671.81224753,7.08787243059972,-26.784979784934,-13.38948774365655,2026-04-03T06:48:53.814423
2461133.785451389, A.D. 2026-Apr-03 06:51:03.0000,69.185634,-146347638.8980916,-32156275.30945852,-13948473.9260656,7.146445096985342,-26.73824798703674,-13.34701121912614,2026-04-03T06:49:53.814379
2461133.786145833, A.D. 2026-Apr-03 06:52:03.0000,69.185634,-146347208.3848549,-32157878.25710459,-13949273.37933097,7.203775694354745,-26.69370808361494,-13.30082089239034,2026-04-03T06:50:53.814335
2461133.786840278, A.D. 2026-Apr-03 06:53:03.0000,69.185634,-146346774.4724608,-32159478.6010096,-13950069.9533338,7.259723391342027,-26.65146119001167,-13.25105032769055,2026-04-03T06:51:53.814412
2461133.787534722, A.D. 2026-Apr-03 06:54:03.0000,69.185634,-146346337.2482638,-32161076.48187928,-13950863.43702643,7.314140152582867,-26.61161366327294,-13.19782759217752,2026-04-03T06:52:53.814368
2461133.788229167, A.D. 2026-Apr-03 06:55:03.0000,69.185634,-146345896.8087611,-32162672.04692631,-13951653.6277419,7.366872457617818,-26.57427164008352,-13.14130694449551,2026-04-03T06:53:53.814405
2461133.788923611, A.D. 2026-Apr-03 06:56:03.0000,69.185634,-146345453.2591302,-32164265.44913931,-13952440.33269338,7.417788238734099,-26.53952117381924,-13.0816575963855,2026-04-03T06:54:53.814361
2461133.789618055, A.D. 2026-Apr-03 06:57:03.0000,69.185634,-146345006.7117628,-32165856.84636602,-13953223.3689614,7.466775355030042,-26.50744164031246,-13.01903748222829,2026-04-03T06:55:53.814317
2461133.7903125, A.D. 2026-Apr-03 06:58:03.0000,69.185634,-146344557.2858797,-32167446.40134416,-13954002.56285912,7.513714533453241,-26.4781165525728,-12.95360046661852,2026-04-03T06:56:53.814394
2461133.791006945, A.D. 2026-Apr-03 06:59:03.0000,69.185634,-146344105.1081883,-32169034.28170926,-13954777.75040217,7.558478905894449,-26.45162291039294,-12.88551736824597,2026-04-03T06:57:53.814431
2461133.791701389, A.D. 2026-Apr-03 07:00:03.0000,69.185634,-146343650.3126959,-32170620.65935614,-13955548.77816092,7.600953392640812,-26.42802762247305,-12.81496597544266,2026-04-03T06:58:53.814387
2461133.792395833, A.D. 2026-Apr-03 07:01:03.0000,69.185634,-146343193.0401015,-32172205.71021449,-13956315.50338594,7.641027555744051,-26.40739894951852,-12.74212672119281,2026-04-03T06:59:53.814343
2461133.793090278, A.D. 2026-Apr-03 07:02:03.0000,69.185634,-146342733.4377608,-32173789.61414333,-13957077.79460232,7.678591348913748,-26.38979674686354,-12.66719574619513,2026-04-03T07:00:53.814380
2461133.793784722, A.D. 2026-Apr-03 07:03:03.0000,69.185634,-146342271.6593513,-32175372.55408577,-13957835.53240564,7.713545085508687,-26.37526431942414,-12.59037654097855,2026-04-03T07:01:53.814376
2461133.794479167, A.D. 2026-Apr-03 07:04:03.0000,69.185634,-146341807.8641976,-32176954.71527523,-13958588.60954887,7.745799580490208,-26.36383631968166,-12.51187059344695,2026-04-03T07:02:53.814413
2461133.795173611, A.D. 2026-Apr-03 07:05:03.0000,69.185634,-146341342.2167809,-32178536.28491413,-13959336.93083673,7.775271322604118,-26.35554422249746,-12.4318790872763,2026-04-03T07:03:53.814369
2461133.795868055, A.D. 2026-Apr-03 07:06:03.0000,69.185634,-146340874.8864838,-32180117.4519841,-13960080.41333511,7.801880990842936,-26.35041463935172,-12.35061040209041,2026-04-03T07:04:53.814325
2461133.7965625, A.D. 2026-Apr-03 07:07:03.0000,69.185634,-146340406.0472227,-32181698.4067499,-13960818.98675567,7.825556973311928,-26.34846386540024,-12.26827613291158,2026-04-03T07:05:53.814362
2461133.797256944, A.D. 2026-Apr-03 07:08:03.0000,69.185634,-146339935.8770071,-32183279.34025958,-13961552.59350042,7.846234090691358,-26.34970233326439,-12.18508804156073,2026-04-03T07:06:53.814318
2461133.797951389, A.D. 2026-Apr-03 07:09:03.0000,69.185634,-146339464.5576214,-32184860.44403604,-13962281.18873878,7.863851110052186,-26.35413540272097,-12.10126043435844,2026-04-03T07:07:53.814395
2461133.798645834, A.D. 2026-Apr-03 07:10:03.0000,69.185634,-146338992.2744927,-32186441.90973956,-13963004.74070996,7.878348152193779,-26.3617614346201,-12.01701655793593,2026-04-03T07:08:53.814432
2461133.799340278, A.D. 2026-Apr-03 07:11:03.0000,69.185634,-146338519.2162924,-32188023.92849956,-13963723.23144017,7.889680394399533,-26.37256311558133,-11.93258927815942,2026-04-03T07:09:53.814388
2461133.800034722, A.D. 2026-Apr-03 07:12:03.0000,69.185634,-146338045.5738293,-32189606.69009681,-13964436.65645853,7.897817040810529,-26.38651683916551,-11.84819367890524,2026-04-03T07:10:53.814344
2461133.800729167, A.D. 2026-Apr-03 07:13:03.0000,69.185634,-146337571.5399566,-32191190.38303791,-13965145.02415674,7.902720820343871,-26.4036011640926,-11.76405060985576,2026-04-03T07:11:53.814421
2461133.801423611, A.D. 2026-Apr-03 07:14:03.0000,69.185634,-146337097.3095157,-32192775.19400563,-13965848.35672402,7.904366613054977,-26.4237748312781,-11.68039398930279,2026-04-03T07:12:53.814377
2461133.802118056, A.D. 2026-Apr-03 07:15:03.0000,69.185634,-146336623.0783041,-32194361.30692485,-13966546.69002455,7.90274518927731,-26.44699217125792,-11.59744536715035,2026-04-03T07:13:53.814414
2461133.8028125, A.D. 2026-Apr-03 07:16:03.0000,69.185634,-146336149.0425456,-32195948.90314707,-13967240.07329108,7.897851207504123,-26.47321009908305,-11.51543246440095,2026-04-03T07:14:53.814370
2461133.803506944, A.D. 2026-Apr-03 07:17:03.0000,69.185634,-146335675.3986168,-32197538.16101517,-13967928.56966346,7.889685125469904,-26.50236968779351,-11.4345884152328,2026-04-03T07:15:53.814326
2461133.804201389, A.D. 2026-Apr-03 07:18:03.0000,69.185634,-146335202.3426397,-32199129.25483285,-13968612.25612465,7.878255307282942,-26.53439680602137,-11.355140222684,2026-04-03T07:16:53.814403
2461133.804895833, A.D. 2026-Apr-03 07:19:03.0000,69.185634,-146334730.0700155,-32200722.35426782,-13969291.2230301,7.863577706260121,-26.56921264160685,-11.27730820944743,2026-04-03T07:17:53.814359
2461133.805590278, A.D. 2026-Apr-03 07:20:03.0000,69.185634,-146334258.7748384,-32202317.62423437,-13969965.57405741,7.845680534950448,-26.60673608880161,-11.20131731368286,2026-04-03T07:18:53.814396
2461133.806284722, A.D. 2026-Apr-03 07:21:03.0000,69.185634,-146333788.6491063,-32203915.22437776,-13970635.4264533,7.824605492765175,-26.64687143568099,-11.12739221424428,2026-04-03T07:19:53.814352
2461133.806979167, A.D. 2026-Apr-03 07:22:03.0000,69.185634,-146333319.8819765,-32205515.30829204,-13971300.91052341,7.800404124269623,-26.68951563464767,-11.05574309916758,2026-04-03T07:20:53.814389
2461133.807673611, A.D. 2026-Apr-03 07:23:03.0000,69.185634,-146332852.6593719,-32207118.02342549,-13971962.16902263,7.77313240552956,-26.73456598502936,-10.98657692661369,2026-04-03T07:21:53.814385
2461133.808368056, A.D. 2026-Apr-03 07:24:03.0000,69.185634,-146332387.1637495,-32208723.5107781,-13972619.35719037,7.742851211796834,-26.78190772846449,-10.920102571839,2026-04-03T07:22:53.814422
2461133.8090625, A.D. 2026-Apr-03 07:25:03.0000,69.185634,-146331923.5735029,-32210331.90402932,-13973272.64259483,7.709635294028045,-26.83141390610523,-10.85652007456674,2026-04-03T07:23:53.814378
2461133.809756944, A.D. 2026-Apr-03 07:26:03.0000,69.185634,-146331462.0622364,-32211943.32915658,-13973922.20448692,7.673568411009812,-26.88295520159543,-10.79601977418901,2026-04-03T07:24:53.814334
2461133.810451389, A.D. 2026-Apr-03 07:27:03.0000,69.185634,-146331002.7984047,-32213557.90424564,-13974568.23334389,7.634738019421791,-26.93639683328387,-10.73878594946334,2026-04-03T07:25:53.814371
2461133.811145833, A.D. 2026-Apr-03 07:28:03.0000,69.185634,-146330545.9450573,-32215175.73903342,-13975210.93057883,7.593238018659815,-26.99159535331733,-10.68499899782849,2026-04-03T07:26:53.814367
2461133.811840278, A.D. 2026-Apr-03 07:29:03.0000,69.185634,-146330091.6592509,-32216796.93442126,-13975850.50829628,7.549174805989768,-27.04839949646074,-10.63483421353453,2026-04-03T07:27:53.814404
2461133.812534722, A.D. 2026-Apr-03 07:30:03.0000,69.185634,-146329640.0912979,-32218421.58201019,-13976487.18886656,7.502666356086751,-27.10665049197306,-10.58845855060212,2026-04-03T07:28:53.814360
2461133.813229166, A.D. 2026-Apr-03 07:31:03.0000,69.185634,-146329191.3840909,-32220049.76350599,-13977121.20425865,7.453841267688707,-27.16617795693805,-10.54602119910259,2026-04-03T07:29:53.814316
2461133.813923611, A.D. 2026-Apr-03 07:32:03.0000,69.185634,-146328745.6727936,-32221681.55062832,-13977752.79468749,7.402826486995571,-27.22682293150613,-10.50765324814771,2026-04-03T07:30:53.814353
2461133.814618056, A.D. 2026-Apr-03 07:33:03.0000,69.185634,-146328303.0849263,-32223317.0056101,-13978382.20854072,7.349753903753001,-27.28842061076546,-10.47349679061959,2026-04-03T07:31:53.814430
2461133.8153125, A.D. 2026-Apr-03 07:34:03.0000,69.185634,-146327863.7394176,-32224956.18000088,-13979009.70244915,7.294777809449913,-27.35078373499226,-10.44367721071595,2026-04-03T07:32:53.814386
2461133.816006945, A.D. 2026-Apr-03 07:35:03.0000,69.185634,-146327427.7457894,-32226599.11437766,-13979635.53966789,7.238052937822816,-27.4137370922093,-10.4182958178231,2026-04-03T07:33:53.814423
2461133.816701389, A.D. 2026-Apr-03 07:36:03.0000,69.185634,-146326995.2043613,-32228245.83882422,-13980259.98969423,7.179735209883685,-27.47709884416815,-10.3974595040091,2026-04-03T07:34:53.814379
2461133.817395833, A.D. 2026-Apr-03 07:37:03.0000,69.185634,-146326566.2055612,-32229896.37186008,-13980883.32795898,7.119998064159837,-27.54067111745242,-10.381252843573,2026-04-03T07:35:53.814335
2461133.818090278, A.D. 2026-Apr-03 07:38:03.0000,69.185634,-146326140.8294048,-32231550.72065654,-13981505.83417331,7.059012097136128,-27.6042749066471,-10.36974121128686,2026-04-03T07:36:53.814412
2461133.818784722, A.D. 2026-Apr-03 07:39:03.0000,69.185634,-146325719.1455617,-32233208.88163437,-13982127.79219244,6.996956248659636,-27.66772384692104,-10.36299581673607,2026-04-03T07:37:53.814368
2461133.819479167, A.D. 2026-Apr-03 07:40:03.0000,69.185634,-146325301.2122582,-32234870.83930014,-13982749.48968782,6.934032261508878,-27.73080940500481,-10.36106740327039,2026-04-03T07:38:53.814405
2461133.820173611, A.D. 2026-Apr-03 07:41:03.0000,69.185634,-146324887.0754985,-32236536.56552459,-13983371.21616353,6.870438843720043,-27.79332295661093,-10.36396632633261,2026-04-03T07:39:53.814361
2461133.820868055, A.D. 2026-Apr-03 07:42:03.0000,69.185634,-146324476.7700754,-32238206.02007882,-13983993.2612121,6.806355182034538,-27.85506946711704,-10.37169259217915,2026-04-03T07:40:53.814317
2461133.8215625, A.D. 2026-Apr-03 07:43:03.0000,69.185634,-146324070.3195586,-32239879.15124475,-13984615.91453627,6.741980596067155,-27.9158597213566,-10.38424564899683,2026-04-03T07:41:53.814394
2461133.822256945, A.D. 2026-Apr-03 07:44:03.0000,69.185634,-146323667.735135,-32241555.89611215,-13985239.46500476,6.677520401788545,-27.97551178800524,-10.40159552215871,2026-04-03T07:42:53.814431
2461133.822951389, A.D. 2026-Apr-03 07:45:03.0000,69.185634,-146323269.0165134,-32243236.18114291,-13985864.19922975,6.613153433938613,-28.03384907119613,-10.42370445012924,2026-04-03T07:43:53.814387
2461133.823645833, A.D. 2026-Apr-03 07:46:03.0000,69.185634,-146322874.152431,-32244919.92171382,-13986490.40172148,6.549074194246019,-28.09067788672997,-10.45053491932429,2026-04-03T07:44:53.814343
2461133.824340278, A.D. 2026-Apr-03 07:47:03.0000,69.185634,-146322483.1191201,-32246607.02146877,-13987118.35388012,6.48550046863499,-28.14580634639329,-10.48201776680946,2026-04-03T07:45:53.814380
2461133.825034722, A.D. 2026-Apr-03 07:48:03.0000,69.185634,-146322095.8798865,-32248297.37310291,-13987748.33204263,6.422641326253298,-28.19906053367033,-10.51805639671443,2026-04-03T07:46:53.814376
2461133.825729167, A.D. 2026-Apr-03 07:49:03.0000,69.185634,-146321712.3859424,-32249990.85928134,-13988380.60631453,6.36069281213137,-28.25028076617289,-10.55854120505561,2026-04-03T07:47:53.814413
2461133.826423611, A.D. 2026-Apr-03 07:50:03.0000,69.185634,-146321332.5769395,-32251687.35379547,-13989015.44000812,6.299842173391568,-28.29933197756858,-10.60335849376261,2026-04-03T07:48:53.814369
2461133.827118055, A.D. 2026-Apr-03 07:51:03.0000,69.185634,-146320956.3817417,-32253386.72240186,-13989653.09023046,6.240266048222942,-28.34606950742085,-10.6524158845892,2026-04-03T07:49:53.814325
2461133.8278125, A.D. 2026-Apr-03 07:52:03.0000,69.185634,-146320583.7180597,-32255088.82077312,-13990293.80823802,6.182163064933599,-28.39030512542544,-10.70559954280913,2026-04-03T07:50:53.814362
2461133.828506944, A.D. 2026-Apr-03 07:53:03.0000,69.185634,-146320214.4910917,-32256793.49322876,-13990937.83667854,6.125745593736274,-28.43185995516205,-10.76273724740371,2026-04-03T07:51:53.814318
2461133.829201389, A.D. 2026-Apr-03 07:54:03.0000,69.185634,-146319848.5937088,-32258500.5744649,-13991585.40702223,6.0712116788425,-28.47058743122669,-10.82363523567577,2026-04-03T07:52:53.814395
2461133.829895834, A.D. 2026-Apr-03 07:55:03.0000,69.185634,-146319485.9071427,-32260209.8905987,-13992236.73858045,6.018750135112683,-28.50634709766699,-10.88807682354151,2026-04-03T07:53:53.814432
2461133.830590278, A.D. 2026-Apr-03 07:56:03.0000,69.185634,-146319126.3021803,-32261921.2599598,-13992892.03674382,5.96851615292746,-28.53902529070029,-10.95582168174576,2026-04-03T07:54:53.814388
2461133.831284722, A.D. 2026-Apr-03 07:57:03.0000,69.185634,-146318769.6412521,-32263634.49518623,-13993551.49314678,5.92064016447859,-28.56854226913074,-11.02665824877398,2026-04-03T07:55:53.814344
2461133.831979167, A.D. 2026-Apr-03 07:58:03.0000,69.185634,-146318415.7784725,-32265349.40418573,-13994215.287543,5.87527344437066,-28.59481356863118,-11.10039048260682,2026-04-03T07:56:53.814421
2461133.832673611, A.D. 2026-Apr-03 07:59:03.0000,69.185634,-146318064.5586532,-32267065.78962696,-13994883.58680241,5.832566324870803,-28.61775606430098,-11.17678574212787,2026-04-03T07:57:53.814377
2461133.833368056, A.D. 2026-Apr-03 08:00:03.0000,69.185634,-146317715.8180944,-32268783.44984515,-13995556.54364391,5.792655102621699,-28.63730711886154,-11.25560841304815,2026-04-03T07:58:53.814414
2461133.8340625, A.D. 2026-Apr-03 08:01:03.0000,69.185634,-146317369.3852044,-32270502.1797385,-13996234.2966073,5.75566516383515,-28.65341178971259,-11.33662073873959,2026-04-03T07:59:53.814370
2461133.834756944, A.D. 2026-Apr-03 08:02:03.0000,69.185634,-146317025.0812467,-32272221.77072126,-13996916.96979811,5.721712135228366,-28.66600812955073,-11.41957879645087,2026-04-03T08:00:53.814326
2461133.835451389, A.D. 2026-Apr-03 08:03:03.0000,69.185634,-146316682.7202452,-32273942.01053768,-13997604.67201914,5.690921298536832,-28.67504192704984,-11.50420963134449,2026-04-03T08:01:53.814403
2461133.836145833, A.D. 2026-Apr-03 08:04:03.0000,69.185634,-146316342.1093166,-32275662.6849082,-13998297.49468524,5.66339011765055,-28.68050148845522,-11.59021668477338,2026-04-03T08:02:53.814359
2461133.836840278, A.D. 2026-Apr-03 08:05:03.0000,69.185634,-146316003.0507502,-32277383.57950793,-13998995.51217697,5.639188672743112,-28.68238871856257,-11.67733091438829,2026-04-03T08:03:53.814396
2461133.837534722, A.D. 2026-Apr-03 08:06:03.0000,69.185634,-146315665.3426048,-32279104.47991348,-13999698.78300482,5.618387891652283,-28.68070172340522,-11.76528608545615,2026-04-03T08:04:53.814352
2461133.838229167, A.D. 2026-Apr-03 08:07:03.0000,69.185634,-146315328.7790204,-32280825.17191928,-14000407.34954115,5.601046522016898,-28.67544891555651,-11.85381251329338,2026-04-03T08:05:53.814389
2461133.838923611, A.D. 2026-Apr-03 08:08:03.0000,69.185634,-146314993.1508573,-32282545.44203266,-14001121.23783362,5.587215852092219,-28.66664670708635,-11.94263353138888,2026-04-03T08:06:53.814385
2461133.839618056, A.D. 2026-Apr-03 08:09:03.0000,69.185634,-146314658.2461607,-32284265.07827767,-14001840.4570154,5.576936679619498,-28.65433078958439,-12.03146435205723,2026-04-03T08:07:53.814422
2461133.8403125, A.D. 2026-Apr-03 08:10:03.0000,69.185634,-146314323.8510945,-32285983.87120795,-14002564.99924182,5.570230944539863,-28.63854712901173,-12.12002351428763,2026-04-03T08:08:53.814378
2461133.841006944, A.D. 2026-Apr-03 08:11:03.0000,69.185634,-146313989.7509398,-32287701.61443549,-14003294.83980689,5.567107207383134,-28.6193528746358,-12.20803104165127,2026-04-03T08:09:53.814334
2461133.841701389, A.D. 2026-Apr-03 08:12:03.0000,69.185634,-146313655.7307643,-32289418.10552005,-14004029.93736923,5.567563713539074,-28.59682386277237,-12.29521431270173,2026-04-03T08:10:53.814371
2461133.842395833, A.D. 2026-Apr-03 08:13:03.0000,69.185634,-146313321.5761392,-32291133.14688472,-14004770.23465839,5.571585988700847,-28.57104251757189,-12.38131309367003,2026-04-03T08:11:53.814367
2461133.843090278, A.D. 2026-Apr-03 08:14:03.0000,69.185634,-146312987.0737515,-32292846.54599512,-14005515.65876821,5.579150751278733,-28.54209657360224,-12.46606564307502,2026-04-03T08:12:53.814404
2461133.843784722, A.D. 2026-Apr-03 08:15:03.0000,69.185634,-146312652.0120536,-32294558.11592331,-14006266.1211243,5.59022215324943,-28.51008593749561,-12.54921199379654,2026-04-03T08:13:53.814360
2461133.844479166, A.D. 2026-Apr-03 08:16:03.0000,69.185634,-146312316.1820681,-32296267.67618951,-14007021.51767989,5.604751382867459,-28.47512646519499,-12.63049674776973,2026-04-03T08:14:53.814316
2461133.845173611, A.D. 2026-Apr-03 08:17:03.0000,69.185634,-146311979.37806,-32297975.0539555,-14007781.72953705,5.62267843206399,-28.43735487576109,-12.7096876117103,2026-04-03T08:15:53.814353
2461133.845868056, A.D. 2026-Apr-03 08:18:03.0000,69.185634,-146311641.3980556,-32299680.08410644,-14008546.62506198,5.643940013412495,-28.39688472484797,-12.78658313348232,2026-04-03T08:16:53.814430
2461133.8465625, A.D. 2026-Apr-03 08:19:03.0000,69.185634,-146311302.0440815,-32301382.60785998,-14009316.05978096,5.668462826539101,-28.35382484309885,-12.86095275896607,2026-04-03T08:17:53.814386
2461133.847256945, A.D. 2026-Apr-03 08:20:03.0000,69.185634,-146310961.1230763,-32303082.47411537,-14010089.87524233,5.696158536038909,-28.30832143761504,-12.93257211595475,2026-04-03T08:18:53.814423
2461133.847951389, A.D. 2026-Apr-03 08:21:03.0000,69.185634,-146310618.4473722,-32304779.54085519,-14010867.90044999,5.726936121040028,-28.26052646738833,-13.00124287490879,2026-04-03T08:19:53.814379
2461133.848645833, A.D. 2026-Apr-03 08:22:03.0000,69.185634,-146310273.8351191,-32306473.67523534,-14011649.95263818,5.760690279639139,-28.21059491561592,-13.06677127750032,2026-04-03T08:20:53.814335
2461133.849340278, A.D. 2026-Apr-03 08:23:03.0000,69.185634,-146309927.1112006,-32308164.7537182,-14012435.83780033,5.797303786971264,-28.15868087205695,-13.12897687173157,2026-04-03T08:21:53.814412
2461133.850034722, A.D. 2026-Apr-03 08:24:03.0000,69.185634,-146309578.1077244,-32309852.6621115,-14013225.35146007,5.83665362080932,-28.10494512399356,-13.18769161921774,2026-04-03T08:22:53.814368
2461133.850729167, A.D. 2026-Apr-03 08:25:03.0000,69.185634,-146309226.6642209,-32311537.29631702,-14014018.27957365,5.878615838999081,-28.04956117607463,-13.24276441385714,2026-04-03T08:23:53.814405
2461133.851423611, A.D. 2026-Apr-03 08:26:03.0000,69.185634,-146308872.6277827,-32313218.56262475,-14014814.39936824,5.923060735887075,-27.99270012958978,-13.29405450073067,2026-04-03T08:24:53.814361
2461133.852118055, A.D. 2026-Apr-03 08:27:03.0000,69.185634,-146308515.8536058,-32314896.37744049,-14015613.4799255,5.969848531217478,-27.93452919505096,-13.34143181205812,2026-04-03T08:25:53.814317
2461133.8528125, A.D. 2026-Apr-03 08:28:03.0000,69.185634,-146308156.2053922,-32316570.66725818,-14016415.28287012,6.018836167867584,-27.87521816443195,-13.38477726976805,2026-04-03T08:26:53.814394
2461133.853506945, A.D. 2026-Apr-03 08:29:03.0000,69.185634,-146307793.5555329,-32318241.36890667,-14017219.56294007,6.069876049778561,-27.81494223049569,-13.4239798093904,2026-04-03T08:27:53.814431
2461133.854201389, A.D. 2026-Apr-03 08:30:03.0000,69.185634,-146307427.7856415,-32319908.42996338,-14018026.06851886,6.122808080139214,-27.75388381803345,-13.45894213363986,2026-04-03T08:28:53.814387
2461133.854895833, A.D. 2026-Apr-03 08:31:03.0000,69.185634,-146307058.786938,-32321571.80887428,-14018834.54289733,6.17747539396701,-27.69222194108289,-13.48958919835334,2026-04-03T08:29:53.814343
2461133.855590278, A.D. 2026-Apr-03 08:32:03.0000,69.185634,-146306686.4600317,-32323231.47482756,-14019644.72514666,6.233719022716701,-27.63013538920783,-13.51585594271858,2026-04-03T08:30:53.814380
2461133.856284722, A.D. 2026-Apr-03 08:33:03.0000,69.185634,-146306310.7152476,-32324887.40758331,-14020456.35082217,6.291374704795662,-27.56779809815405,-13.53769031663683,2026-04-03T08:31:53.814376
2461133.856979167, A.D. 2026-Apr-03 08:34:03.0000,69.185634,-146305931.472777,-32326539.59724725,-14021269.15273996,6.350278736607852,-27.5053818884041,-13.55505149882677,2026-04-03T08:32:53.814413
2461133.857673611, A.D. 2026-Apr-03 08:35:03.0000,69.185634,-146305548.6627414,-32328188.04436484,-14022082.86145901,6.410262287765132,-27.44306209629373,-13.56790614755739,2026-04-03T08:33:53.814369
2461133.858368055, A.D. 2026-Apr-03 08:36:03.0000,69.185634,-146305162.2256429,-32329832.75986085,-14022897.20579713,6.471147275912575,-27.38100992291635,-13.57622953082058,2026-04-03T08:34:53.814325
2461133.8590625, A.D. 2026-Apr-03 08:37:03.0000,69.185634,-146304772.1129394,-32331473.76499993,-14023711.91368437,6.532750249759367,-27.31939890861109,-13.58002032583019,2026-04-03T08:35:53.814362
2461133.859756944, A.D. 2026-Apr-03 08:38:03.0000,69.185634,-146304378.2866462,-32333111.09136434,-14024526.7137101,6.594903927253856,-27.25839782144804,-13.5792975665201,2026-04-03T08:36:53.814318
2461133.860451389, A.D. 2026-Apr-03 08:39:03.0000,69.185634,-146303980.7186094,-32334744.78039412,-14025341.33569267,6.657444441529354,-27.19816660295894,-13.57408332252122,2026-04-03T08:37:53.814395
2461133.861145834, A.D. 2026-Apr-03 08:40:03.0000,69.185634,-146303579.3904809,-32336374.88285788,-14026155.5109801,6.720211464302587,-27.13885755872744,-13.56440503796255,2026-04-03T08:38:53.814432
2461133.861840278, A.D. 2026-Apr-03 08:41:03.0000,69.185634,-146303174.29348,-32338001.45888521,-14026968.97232447,6.783040011350061,-27.08063410243438,-13.5502813596588,2026-04-03T08:39:53.814388
2461133.862534722, A.D. 2026-Apr-03 08:42:03.0000,69.185634,-146302765.4298359,-32339624.57897956,-14027781.45397177,6.845727544669265,-27.02367557049056,-13.53175408956277,2026-04-03T08:40:53.814344
2461133.863229167, A.D. 2026-Apr-03 08:43:03.0000,69.185634,-146302352.8139845,-32341244.32398938,-14028592.69448456,6.90808304543723,-26.96814135945762,-13.50892205019314,2026-04-03T08:41:53.814421
2461133.863923611, A.D. 2026-Apr-03 08:44:03.0000,69.185634,-146301936.470378,-32342860.78336845,-14029402.43870695,6.969959657430815,-26.91416155477864,-13.48188508573765,2026-04-03T08:42:53.814377
2461133.864618056, A.D. 2026-Apr-03 08:45:03.0000,69.185634,-146301516.432061,-32344474.05410362,-14030210.4367415,7.031211519199402,-26.86186093313669,-13.45072231249022,2026-04-03T08:43:53.814414
2461133.8653125, A.D. 2026-Apr-03 08:46:03.0000,69.185634,-146301092.7410062,-32346084.24076701,-14031016.4434349,7.091689486345423,-26.81136845836278,-13.41551370539542,2026-04-03T08:44:53.814370
2461133.866006944, A.D. 2026-Apr-03 08:47:03.0000,69.185634,-146300665.4483011,-32347691.45599997,-14031820.21849193,7.151234694163596,-26.76282466870542,-13.3763438192094,2026-04-03T08:45:53.814326
2461133.866701389, A.D. 2026-Apr-03 08:48:03.0000,69.185634,-146300234.6151523,-32349295.82109971,-14032621.52756225,7.209671864318183,-26.7163738766993,-13.33333146046061,2026-04-03T08:46:53.814403
2461133.867395833, A.D. 2026-Apr-03 08:49:03.0000,69.185634,-146299800.3129777,-32350897.46533614,-14033420.14453233,7.266841635297975,-26.67213386872234,-13.28662532838727,2026-04-03T08:47:53.814359
2461133.868090278, A.D. 2026-Apr-03 08:50:03.0000,69.185634,-146299362.6220073,-32352496.52433388,-14034215.85187666,7.322605069574111,-26.63020403625298,-13.23635853229102,2026-04-03T08:48:53.814396
2461133.868784722, A.D. 2026-Apr-03 08:51:03.0000,69.185634,-146298921.6309682,-32354093.13985865,-14035008.43975803,7.376814829422743,-26.59069126070935,-13.18266087965816,2026-04-03T08:49:53.814352
2461133.869479167, A.D. 2026-Apr-03 08:52:03.0000,69.185634,-146298477.437701,-32355687.46007009,-14035797.70686944,7.429318666473136,-26.55369747950883,-13.1256885359579,2026-04-03T08:50:53.814389
2461133.870173611, A.D. 2026-Apr-03 08:53:03.0000,69.185634,-146298030.1486081,-32357279.63873512,-14036583.46176919,7.479986217144347,-26.51930902158135,-13.0656093865329,2026-04-03T08:51:53.814385
2461133.870868056, A.D. 2026-Apr-03 08:54:03.0000,69.185634,-146297579.8772771,-32358869.8346209,-14037365.52290161,7.528704790735184,-26.48760802755224,-13.00258374297737,2026-04-03T08:52:53.814422
2461133.8715625, A.D. 2026-Apr-03 08:55:03.0000,69.185634,-146297126.7441534,-32360458.21143659,-14038143.71817306,7.575355318637313,-26.45867620248048,-12.93676968315541,2026-04-03T08:53:53.814378
2461133.872256944, A.D. 2026-Apr-03 08:56:03.0000,69.185634,-146296670.8770749,-32362044.93756938,-14038917.88533368,7.619813692111038,-26.43258674045491,-12.86833811928806,2026-04-03T08:54:53.814334
2461133.872951389, A.D. 2026-Apr-03 08:57:03.0000,69.185634,-146296212.411041,-32363630.1855579,-14039687.87262012,7.661965902707856,-26.40940676190345,-12.79746581549991,2026-04-03T08:55:53.814371
2461133.873645833, A.D. 2026-Apr-03 08:58:03.0000,69.185634,-146295751.4877441,-32365214.13201471,-14040453.53902541,7.701701103940415,-26.38920425175835,-12.72433664051902,2026-04-03T08:56:53.814367
2461133.874340278, A.D. 2026-Apr-03 08:59:03.0000,69.185634,-146295288.2554964,-32366796.9573479,-14041214.75502821,7.73891109234332,-26.37203548022395,-12.64914918138206,2026-04-03T08:57:53.814404
2461133.875034722, A.D. 2026-Apr-03 09:00:03.0000,69.185634,-146294822.8687972,-32368378.84484398,-14041971.40321175,7.773498354251461,-26.35794125510783,-12.57210620598919,2026-04-03T08:58:53.814360
2461133.875729166, A.D. 2026-Apr-03 09:01:03.0000,69.185634,-146294355.4876875,-32369959.97999775,-14042723.3782767,7.805375060091588,-26.34695531689193,-12.493408774106,2026-04-03T08:59:53.814316
2461133.876423611, A.D. 2026-Apr-03 09:02:03.0000,69.185634,-146293886.2772992,-32371540.55022417,-14043470.58697907,7.834458558667912,-26.33910849565991,-12.41325885965143,2026-04-03T09:00:53.814353
2461133.877118056, A.D. 2026-Apr-03 09:03:03.0000,69.185634,-146293415.4076119,-32373120.74463937,-14044212.94841002,7.860670720475214,-26.33442525511097,-12.33186591214055,2026-04-03T09:01:53.814430
2461133.8778125, A.D. 2026-Apr-03 09:04:03.0000,69.185634,-146292943.0530485,-32374700.75351771,-14044950.3943233,7.883941516350809,-26.33292020500087,-12.24944119068435,2026-04-03T09:02:53.814386
2461133.878506945, A.D. 2026-Apr-03 09:05:03.0000,69.185634,-146292469.3920403,-32376280.76783548,-14045682.86914574,7.90420702878923,-26.33460270435829,-12.16619652139756,2026-04-03T09:03:53.814423
2461133.879201389, A.D. 2026-Apr-03 09:06:03.0000,69.185634,-146291994.6067209,-32377860.97897327,-14046410.33009023,7.921407187295618,-26.33947660096527,-12.08234649008668,2026-04-03T09:04:53.814379
2461133.879895833, A.D. 2026-Apr-03 09:07:03.0000,69.185634,-146291518.8828004,-32379441.57834138,-14047132.74745815,7.935483428464122,-26.34753831676957,-11.99811492442291,2026-04-03T09:05:53.814335
2461133.880590278, A.D. 2026-Apr-03 09:08:03.0000,69.185634,-146291042.4091129,-32381022.7566897,-14047850.10533694,7.946393317587413,-26.35876831582351,-11.9137332355442,2026-04-03T09:06:53.814412
2461133.881284722, A.D. 2026-Apr-03 09:09:03.0000,69.185634,-146290565.3765291,-32382604.70336149,-14048562.40119479,7.954106887950582,-26.37314354034142,-11.82941540070749,2026-04-03T09:07:53.814368
2461133.881979167, A.D. 2026-Apr-03 09:10:03.0000,69.185634,-146290087.9779127,-32384187.60643413,-14049269.64541323,7.95858822188428,-26.39064093680801,-11.74538399599601,2026-04-03T09:08:53.814405
2461133.882673611, A.D. 2026-Apr-03 09:11:03.0000,69.185634,-146289610.407993,-32385771.65199227,-14049971.86217507,7.959814595599361,-26.41121703148431,-11.66187118254278,2026-04-03T09:09:53.814361
2461133.883368055, A.D. 2026-Apr-03 09:12:03.0000,69.185634,-146289132.8623536,-32387357.02333481,-14050669.08923198,7.957777692472707,-26.43482641417108,-11.57909769493763,2026-04-03T09:10:53.814317
2461133.8840625, A.D. 2026-Apr-03 09:13:03.0000,69.185634,-146288655.5369516,-32388943.90114688,-14051361.37772162,7.952473274452671,-26.46142405153111,-11.49729172381548,2026-04-03T09:11:53.814394
2461133.884756945, A.D. 2026-Apr-03 09:14:03.0000,69.185634,-146288178.6278245,-32390532.4629592,-14052048.79265066,7.943903116719722,-26.49094902888838,-11.41668500322814,2026-04-03T09:12:53.814431
2461133.885451389, A.D. 2026-Apr-03 09:15:03.0000,69.185634,-146287702.3306754,-32392122.88219434,-14052731.41277778,7.932076614776761,-26.52332632623384,-11.33750295530772,2026-04-03T09:13:53.814387
2461133.886145833, A.D. 2026-Apr-03 09:16:03.0000,69.185634,-146287226.8404257,-32393715.32757601,-14053409.33016565,7.91701119315652,-26.55847638208284,-11.25996533124846,2026-04-03T09:14:53.814343
2461133.886840278, A.D. 2026-Apr-03 09:17:03.0000,69.185634,-146286752.3505827,-32395309.96303551,-14054082.65016304,7.898736793493909,-26.5963170052916,-11.1842961033892,2026-04-03T09:15:53.814380
2461133.887534722, A.D. 2026-Apr-03 09:18:03.0000,69.185634,-146286279.0524661,-32396906.94714893,-14054751.49160011,7.877296470855202,-26.63675092095201,-11.11071785701193,2026-04-03T09:16:53.814376
2461133.888229167, A.D. 2026-Apr-03 09:19:03.0000,69.185634,-146285807.1344895,-32398506.43238238,-14055415.98621872,7.852742698290447,-26.67967498438753,-11.03943855314733,2026-04-03T09:17:53.814413
2461133.888923611, A.D. 2026-Apr-03 09:20:03.0000,69.185634,-146285336.7817858,-32400108.56506874,-14056076.27810309,7.825131780354332,-26.72498659060857,-10.97066380187868,2026-04-03T09:18:53.814369
2461133.889618055, A.D. 2026-Apr-03 09:21:03.0000,69.185634,-146284868.1760024,-32401713.48505175,-14056732.5237784,7.794525467074276,-26.77256935934281,-10.90460185828009,2026-04-03T09:19:53.814325
2461133.8903125, A.D. 2026-Apr-03 09:22:03.0000,69.185634,-146284401.4946458,-32403321.32475885,-14057384.89200682,7.76099988622038,-26.82229560851615,-10.84145048265629,2026-04-03T09:20:53.814362
2461133.891006944, A.D. 2026-Apr-03 09:23:03.0000,69.185634,-146283936.9103781,-32404932.20893915,-14058033.56309239,7.724638932306714,-26.87403669510699,-10.78139773654273,2026-04-03T09:21:53.814318
2461133.891701389, A.D. 2026-Apr-03 09:24:03.0000,69.185634,-146283474.5907332,-32406546.25444856,-14058678.72846564,7.685529830381923,-26.92765746339022,-10.72462716662736,2026-04-03T09:22:53.814395
2461133.892395834, A.D. 2026-Apr-03 09:25:03.0000,69.185634,-146283014.6978075,-32408163.56975235,-14059320.59047004,7.643767725952774,-26.98301321265813,-10.67131851047435,2026-04-03T09:23:53.814432
2461133.893090278, A.D. 2026-Apr-03 09:26:03.0000,69.185634,-146282557.3876151,-32409784.25442911,-14059959.36204772,7.599460284000843,-27.0399527932257,-10.62164470077425,2026-04-03T09:24:53.814388
2461133.893784722, A.D. 2026-Apr-03 09:27:03.0000,69.185634,-146282102.8093935,-32411408.39879335,-14060595.26627278,7.552725714302206,-27.09831789838233,-10.57577103819046,2026-04-03T09:25:53.814344
2461133.894479167, A.D. 2026-Apr-03 09:28:03.0000,69.185634,-146281651.1048957,-32413036.08327228,-14061228.53573781,7.50369435496469,-27.15793824599038,-10.53384528015155,2026-04-03T09:26:53.814421
2461133.895173611, A.D. 2026-Apr-03 09:29:03.0000,69.185634,-146281202.4081277,-32414667.37830171,-14061859.41117251,7.45249139996346,-27.21865416619781,-10.49599677768676,2026-04-03T09:27:53.814377
2461133.895868056, A.D. 2026-Apr-03 09:30:03.0000,69.185634,-146280756.8455573,-32416302.34471523,-14062488.14143169,7.399248653254348,-27.28029823905562,-10.46236734501453,2026-04-03T09:28:53.814414
2461133.8965625, A.D. 2026-Apr-03 09:31:03.0000,69.185634,-146280314.5349372,-32417941.03260312,-14063114.98349909,7.344122941176238,-27.34268451045079,-10.43307845351483,2026-04-03T09:29:53.814370
2461133.897256944, A.D. 2026-Apr-03 09:32:03.0000,69.185634,-146279875.5846107,-32419583.48125257,-14063740.20077603,7.287266858327696,-27.40564060636603,-10.40822980186061,2026-04-03T09:30:53.814326
2461133.897951389, A.D. 2026-Apr-03 09:33:03.0000,69.185634,-146279440.0937906,-32421229.71948727,-14064364.06292919,7.228837932951174,-27.46898323728508,-10.3879295724994,2026-04-03T09:31:53.814403
2461133.898645833, A.D. 2026-Apr-03 09:34:03.0000,69.185634,-146279008.1515653,-32422879.76453223,-14064986.84549758,7.169012755476031,-27.53251583835965,-10.37225878771773,2026-04-03T09:32:53.814359
2461133.899340278, A.D. 2026-Apr-03 09:35:03.0000,69.185634,-146278579.836686,-32424533.62233033,-14065608.82810479,7.107957224648185,-27.59605831563209,-10.36128064034463,2026-04-03T09:33:53.814396
2461133.900034722, A.D. 2026-Apr-03 09:36:03.0000,69.185634,-146278155.217808,-32426191.28791523,-14066230.29439872,7.045848055987473,-27.65942268002301,-10.35506404701751,2026-04-03T09:34:53.814352
2461133.900729167, A.D. 2026-Apr-03 09:37:03.0000,69.185634,-146277734.3521729,-32427852.74457405,-14066851.53172179,6.982887315718184,-27.72240673819531,-10.35365887107074,2026-04-03T09:35:53.814389
2461133.901423611, A.D. 2026-Apr-03 09:38:03.0000,69.185634,-146277317.2847689,-32429517.96326321,-14067472.82934001,6.919275364541627,-27.78480347653628,-10.35707908989641,2026-04-03T09:36:53.814385
2461133.902118056, A.D. 2026-Apr-03 09:39:03.0000,69.185634,-146276904.049083,-32431186.90270201,-14068094.47670707,6.855198051429022,-27.84641436935257,-10.36532177920845,2026-04-03T09:37:53.814422
2461133.9028125, A.D. 2026-Apr-03 09:40:03.0000,69.185634,-146276494.6672314,-32432859.51016623,-14068716.76302071,6.790851627564169,-27.90705512493355,-10.3783804703377,2026-04-03T09:38:53.814378
2461133.903506944, A.D. 2026-Apr-03 09:41:03.0000,69.185634,-146276089.1493574,-32434535.72198431,-14069339.97654429,6.726432895446862,-27.96654370545523,-10.39622795350723,2026-04-03T09:39:53.814334
2461133.904201389, A.D. 2026-Apr-03 09:42:03.0000,69.185634,-146275687.4943687,-32436215.46347496,-14069964.40349889,6.662122889511457,-28.0246935759005,-10.41882753327164,2026-04-03T09:40:53.814371
2461133.904895833, A.D. 2026-Apr-03 09:43:03.0000,69.185634,-146275289.6898748,-32437898.64854753,-14070590.32779302,6.598122088517638,-28.08131272967851,-10.44613550490777,2026-04-03T09:41:53.814367
2461133.905590278, A.D. 2026-Apr-03 09:44:03.0000,69.185634,-146274895.7108325,-32439585.17978049,-14071218.0299342,6.534646447724843,-28.13621744977311,-10.47808038477308,2026-04-03T09:42:53.814404
2461133.906284722, A.D. 2026-Apr-03 09:45:03.0000,69.185634,-146274505.5194694,-32441274.94908832,-14071847.78537541,6.471902532367877,-28.18923522880077,-10.51456683347077,2026-04-03T09:43:53.814360
2461133.906979166, A.D. 2026-Apr-03 09:46:03.0000,69.185634,-146274119.065995,-32442967.83840257,-14072479.86331397,6.410084412736551,-28.24020791361722,-10.55548288566409,2026-04-03T09:44:53.814316
2461133.907673611, A.D. 2026-Apr-03 09:47:03.0000,69.185634,-146273736.2894461,-32444663.72096517,-14073114.52610829,6.349369053990019,-28.28900336510118,-10.60071861666758,2026-04-03T09:45:53.814353
2461133.908368056, A.D. 2026-Apr-03 09:48:03.0000,69.185634,-146273357.1184579,-32446362.46182252,-14073752.030356,6.289934069465425,-28.33546847113201,-10.65018827445805,2026-04-03T09:46:53.814430
2461133.9090625, A.D. 2026-Apr-03 09:49:03.0000,69.185634,-146272981.470078,-32448063.91547325,-14074392.62681096,6.231988097537474,-28.3794112853818,-10.70377199233062,2026-04-03T09:47:53.814386
2461133.909756945, A.D. 2026-Apr-03 09:50:03.0000,69.185634,-146272609.2484775,-32449767.92519914,-14075036.55716447,6.175744235623124,-28.42065952799042,-10.76129181513485,2026-04-03T09:48:53.814423
2461133.910451389, A.D. 2026-Apr-03 09:51:03.0000,69.185634,-146272240.3456062,-32451474.32498248,-14075684.05184133,6.1213986509772,-28.45906963278794,-10.8225553442937,2026-04-03T09:49:53.814379
2461133.911145833, A.D. 2026-Apr-03 09:52:03.0000,69.185634,-146271874.6417368,-32453182.940333,-14076335.32919297,6.069143559821812,-28.49450274213304,-10.88734636508532,2026-04-03T09:50:53.814335
2461133.911840278, A.D. 2026-Apr-03 09:53:03.0000,69.185634,-146271512.0064487,-32454893.58909982,-14076990.59354315,6.019137121268625,-28.52684713758295,-10.95542074796741,2026-04-03T09:51:53.814412
2461133.912534722, A.D. 2026-Apr-03 09:54:03.0000,69.185634,-146271152.3010266,-32456606.08349344,-14077650.03521266,5.971504512143625,-28.55602312420192,-11.02656382968166,2026-04-03T09:52:53.814368
2461133.913229167, A.D. 2026-Apr-03 09:55:03.0000,69.185634,-146270795.3787943,-32458320.23095424,-14078313.8326283,5.926393174279087,-28.58194528975243,-11.1005812419224,2026-04-03T09:53:53.814405
2461133.913923611, A.D. 2026-Apr-03 09:56:03.0000,69.185634,-146270441.0838206,-32460035.83372597,-14078982.15136087,5.883953945475431,-28.60453270620671,-11.17723976262012,2026-04-03T09:54:53.814361
2461133.914618055, A.D. 2026-Apr-03 09:57:03.0000,69.185634,-146270089.2517334,-32461752.68981369,-14079655.14283629,5.844319938393556,-28.6237233440141,-11.25630516810262,2026-04-03T09:55:53.814317
2461133.9153125, A.D. 2026-Apr-03 09:58:03.0000,69.185634,-146269739.7104397,-32463470.59372395,-14080332.94445639,5.807615741785686,-28.63945948211259,-11.33754209224865,2026-04-03T09:56:53.814394
2461133.916006945, A.D. 2026-Apr-03 09:59:03.0000,69.185634,-146269392.2805845,-32465189.33633543,-14081015.67914766,5.773960454868767,-28.65167836159503,-11.42070262543824,2026-04-03T09:57:53.814431
2461133.916701389, A.D. 2026-Apr-03 10:00:03.0000,69.185634,-146269046.7754829,-32466908.70496241,-14081703.45423375,5.743477976198911,-28.66032979679727,-11.50550977379524,2026-04-03T09:58:53.814387
2461133.917395833, A.D. 2026-Apr-03 10:01:03.0000,69.185634,-146268703.0017091,-32468628.48514545,-14082396.35963709,5.716263198716031,-28.6654050877093,-11.59167025397318,2026-04-03T09:59:53.814343
2461133.918090278, A.D. 2026-Apr-03 10:02:03.0000,69.185634,-146268360.7610473,-32470348.46243375,-14083094.46845333,5.692387389384868,-28.66690567347019,-11.67891711631056,2026-04-03T10:00:53.814380
2461133.918784722, A.D. 2026-Apr-03 10:03:03.0000,69.185634,-146268019.8509788,-32472068.4222682,-14083797.83789863,5.671921635417743,-28.6648298263901,-11.76698250275232,2026-04-03T10:01:53.814376
2461133.919479167, A.D. 2026-Apr-03 10:04:03.0000,69.185634,-146267680.0651187,-32473788.15028622,-14084506.50895083,5.654923495472968,-28.6591851507578,-11.8555948923405,2026-04-03T10:02:53.814413
2461133.920173611, A.D. 2026-Apr-03 10:05:03.0000,69.185634,-146267341.1938573,-32475507.43282963,-14085220.50613063,5.64144357588562,-28.64998922293591,-11.94447542856091,2026-04-03T10:03:53.814369
2461133.920868055, A.D. 2026-Apr-03 10:06:03.0000,69.185634,-146267003.0248152,-32477226.05788669,-14085939.83699271,5.631521751390615,-28.63727947986509,-12.03333988522569,2026-04-03T10:04:53.814325
2461133.9215625, A.D. 2026-Apr-03 10:07:03.0000,69.185634,-146266665.3437841,-32478943.81600219,-14086664.49211833,5.625179201949081,-28.62110237033703,-12.12190595618923,2026-04-03T10:05:53.814362
2461133.922256944, A.D. 2026-Apr-03 10:08:03.0000,69.185634,-146266327.9357148,-32480660.50086123,-14087394.44517705,5.622423742465357,-28.60151678159453,-12.20989291361698,2026-04-03T10:06:53.814318
2461133.922951389, A.D. 2026-Apr-03 10:09:03.0000,69.185634,-146265990.5854088,-32482375.91020912,-14088129.6531995,5.623252300871174,-28.57859998091276,-12.29702907295313,2026-04-03T10:07:53.814395
2461133.923645834, A.D. 2026-Apr-03 10:10:03.0000,69.185634,-146265653.0782314,-32484089.84667138,-14088870.05732372,5.627649884717073,-28.55243441714332,-12.38305392493835,2026-04-03T10:08:53.814432
2461133.924340278, A.D. 2026-Apr-03 10:11:03.0000,69.185634,-146265315.200693,-32485802.11797037,-14089615.58300995,5.635592416828477,-28.52310904482984,-12.46770490881587,2026-04-03T10:09:53.814388
2461133.925034722, A.D. 2026-Apr-03 10:12:03.0000,69.185634,-146264976.7411349,-32487512.53750573,-14090366.14000989,5.647042768990377,-28.49072530948602,-12.55072182859386,2026-04-03T10:10:53.814344
2461133.925729167, A.D. 2026-Apr-03 10:13:03.0000,69.185634,-146264637.4905415,-32489220.92520347,-14091121.62260354,5.661950999626496,-28.45539990018636,-12.63184894345067,2026-04-03T10:11:53.814421
2461133.926423611, A.D. 2026-Apr-03 10:14:03.0000,69.185634,-146264297.2432195,-32490927.10869726,-14091881.91022127,5.680255961847219,-28.4172708156401,-12.71085511230442,2026-04-03T10:12:53.814377
2461133.927118056, A.D. 2026-Apr-03 10:15:03.0000,69.185634,-146263955.797257,-32492630.92339566,-14092646.86962364,5.701894257118521,-28.37645205802536,-12.78753897153799,2026-04-03T10:13:53.814414
2461133.9278125, A.D. 2026-Apr-03 10:16:03.0000,69.185634,-146263612.9547909,-32494332.21107573,-14093416.35469788,5.726791248463378,-28.33305366908132,-12.86166959824601,2026-04-03T10:14:53.814370
2461133.928506944, A.D. 2026-Apr-03 10:17:03.0000,69.185634,-146263268.5229432,-32496030.82128234,-14094190.20537227,5.754857815412036,-28.28722304256107,-12.93302318239132,2026-04-03T10:15:53.814326
2461133.929201389, A.D. 2026-Apr-03 10:18:03.0000,69.185634,-146262922.3142508,-32497726.61274483,-14094968.24900373,5.786002115471887,-28.23911481128467,-13.00139975479046,2026-04-03T10:16:53.814403
2461133.929895833, A.D. 2026-Apr-03 10:19:03.0000,69.185634,-146262574.1472194,-32499419.45349801,-14095750.30113702,5.820115487128511,-28.18888477296935,-13.06660684466203,2026-04-03T10:17:53.814359
2461133.930590278, A.D. 2026-Apr-03 10:20:03.0000,69.185634,-146262223.8472188,-32501109.22087596,-14096536.16623208,5.857080167891667,-28.13668640345626,-13.12846693791863,2026-04-03T10:18:53.814396
2461133.931284722, A.D. 2026-Apr-03 10:21:03.0000,69.185634,-146261871.2467805,-32502795.80157946,-14097325.63838061,5.896774843909986,-28.08268254305841,-13.18681206268681,2026-04-03T10:19:53.814352
2461133.931979167, A.D. 2026-Apr-03 10:22:03.0000,69.185634,-146261516.1858649,-32504479.09254068,-14098118.50204059,5.939073147316288,-28.02704821868008,-13.24148961230383,2026-04-03T10:20:53.814389
2461133.932673611, A.D. 2026-Apr-03 10:23:03.0000,69.185634,-146261158.5122045,-32506159.00111705,-14098914.53292907,5.983841898457858,-27.96995472608067,-13.29236032043793,2026-04-03T10:21:53.814385
2461133.933368056, A.D. 2026-Apr-03 10:24:03.0000,69.185634,-146260798.0817603,-32507835.44480445,-14099713.49875771,6.030940610829934,-27.91156949263967,-13.33929630436296,2026-04-03T10:22:53.814422
2461133.9340625, A.D. 2026-Apr-03 10:25:03.0000,69.185634,-146260434.7590163,-32509508.3512067,-14100515.15984209,6.080225923282343,-27.85206350752725,-13.3821787394999,2026-04-03T10:23:53.814378
2461133.934756944, A.D. 2026-Apr-03 10:26:03.0000,69.185634,-146260068.4172075,-32511177.65835682,-14101319.26963744,6.131548147493145,-27.79161295459048,-13.42089746758593,2026-04-03T10:24:53.814334
2461133.935451389, A.D. 2026-Apr-03 10:27:03.0000,69.185634,-146259698.9389299,-32512843.31500345,-14102125.57536,6.184745964324707,-27.73039869869465,-13.4553576915581,2026-04-03T10:25:53.814371
2461133.936145833, A.D. 2026-Apr-03 10:28:03.0000,69.185634,-146259326.2163806,-32514505.28077977,-14102933.81918192,6.239662136461735,-27.66860230157554,-13.48548350991296,2026-04-03T10:26:53.814367
2461133.936840278, A.D. 2026-Apr-03 10:29:03.0000,69.185634,-146258950.1512612,-32516163.52622261,-14103743.73908086,6.296135594936332,-27.60640478370803,-13.51121215038928,2026-04-03T10:27:53.814404
2461133.937534722, A.D. 2026-Apr-03 10:30:03.0000,69.185634,-146258570.6550456,-32517818.03255674,-14104555.06969382,6.354002369903134,-27.54398162863813,-13.53249442577383,2026-04-03T10:28:53.814360
2461133.938229166, A.D. 2026-Apr-03 10:31:03.0000,69.185634,-146258187.649043,-32519468.79147177,-14105367.54301698,6.41309793086173,-27.48150713393746,-13.549290213698,2026-04-03T10:29:53.814316
2461133.938923611, A.D. 2026-Apr-03 10:32:03.0000,69.185634,-146257801.0646755,-32521115.80513146,-14106180.88889816,6.473249629852324,-27.419154747069,-13.56156946028399,2026-04-03T10:30:53.814353
2461133.939618056, A.D. 2026-Apr-03 10:33:03.0000,69.185634,-146257410.8438455,-32522759.08591956,-14106994.83567096,6.534280415263088,-27.35709316077234,-13.56931120554986,2026-04-03T10:31:53.814430
2461133.9403125, A.D. 2026-Apr-03 10:34:03.0000,69.185634,-146257016.9392412,-32524398.65644927,-14107809.11092629,6.596009941338364,-27.29549488080087,-13.57251431326521,2026-04-03T10:32:53.814386
2461133.941006945, A.D. 2026-Apr-03 10:35:03.0000,69.185634,-146256619.3140843,-32526034.54967657,-14108623.44284715,6.658268424390328,-27.23453050913605,-13.57119717675945,2026-04-03T10:33:53.814423
2461133.941701389, A.D. 2026-Apr-03 10:36:03.0000,69.185634,-146256217.9415634,-32527666.80851755,-14109437.56095692,6.720892213434182,-27.17436103259839,-13.56538546536095,2026-04-03T10:34:53.814379
2461133.942395833, A.D. 2026-Apr-03 10:37:03.0000,69.185634,-146255812.8045199,-32529295.48532806,-14110251.19642765,6.783722994895136,-27.11514225079017,-13.55510635149732,2026-04-03T10:35:53.814335
2461133.943090278, A.D. 2026-Apr-03 10:38:03.0000,69.185634,-146255403.8955342,-32530920.6420386,-14111064.0818839,6.84658883793968,-27.05703892703771,-13.54038240482062,2026-04-03T10:36:53.814412
2461133.943784722, A.D. 2026-Apr-03 10:39:03.0000,69.185634,-146254991.2185308,-32532542.35070635,-14111875.95182235,6.909285533312912,-27.00022178601247,-13.52126174043641,2026-04-03T10:37:53.814368
2461133.944479167, A.D. 2026-Apr-03 10:40:03.0000,69.185634,-146254574.7895213,-32534160.69330565,-14112686.54518371,6.971625185040478,-26.9448471547175,-13.497841155559,2026-04-03T10:38:53.814405
2461133.945173611, A.D. 2026-Apr-03 10:41:03.0000,69.185634,-146254154.6344786,-32535775.76048984,-14113495.60708649,7.033460203104413,-26.89104878367759,-13.47022115290628,2026-04-03T10:39:53.814361
2461133.945868055, A.D. 2026-Apr-03 10:42:03.0000,69.185634,-146253730.7879325,-32537387.65057781,-14114302.88805708,7.094647456887092,-26.83895172920339,-13.43848318232652,2026-04-03T10:40:53.814317
2461133.9465625, A.D. 2026-Apr-03 10:43:03.0000,69.185634,-146253303.2931727,-32538996.46955938,-14115108.14339505,7.155038658436434,-26.78868874426538,-13.40270720400903,2026-04-03T10:41:53.814394
2461133.947256945, A.D. 2026-Apr-03 10:44:03.0000,69.185634,-146252872.2027141,-32540602.33175002,-14115911.13342695,7.214471726440297,-26.74040348873091,-13.36298354733003,2026-04-03T10:42:53.814431
2461133.947951389, A.D. 2026-Apr-03 10:45:03.0000,69.185634,-146252437.5793458,-32542205.36009895,-14116711.62482133,7.272770194420764,-26.69423601697353,-13.3194374274668,2026-04-03T10:43:53.814387
2461133.948645833, A.D. 2026-Apr-03 10:46:03.0000,69.185634,-146251999.4959957,-32543805.68513461,-14117509.39269977,7.329777481797712,-26.65029691065956,-13.272217233817,2026-04-03T10:44:53.814343
2461133.949340278, A.D. 2026-Apr-03 10:47:03.0000,69.185634,-146251558.0342829,-32545403.44349429,-14118304.22065851,7.385355635826425,-26.60868538712539,-13.22145496465985,2026-04-03T10:45:53.814380
2461133.950034722, A.D. 2026-Apr-03 10:48:03.0000,69.185634,-146251113.2843038,-32546998.77801961,-14119095.90005584,7.439357384378352,-26.56950834250309,-13.1672835671692,2026-04-03T10:46:53.814376
2461133.950729167, A.D. 2026-Apr-03 10:49:03.0000,69.185634,-146250665.3451939,-32548591.83777795,-14119884.23093826,7.49163312306482,-26.53286342407826,-13.10985968957769,2026-04-03T10:47:53.814413
2461133.951423611, A.D. 2026-Apr-03 10:50:03.0000,69.185634,-146250214.3245299,-32550182.77733321,-14120669.02313397,7.542052745304086,-26.49883808671283,-13.04934978582931,2026-04-03T10:48:53.814369
2461133.952118055, A.D. 2026-Apr-03 10:51:03.0000,69.185634,-146249760.3371422,-32551771.75638219,-14121450.0964216,7.590501881185331,-26.46751640542439,-12.98591776890037,2026-04-03T10:49:53.814325
2461133.9528125, A.D. 2026-Apr-03 10:52:03.0000,69.185634,-146249303.5047581,-32553358.93955029,-14122227.28030811,7.636862429363894,-26.43897759140054,-12.91972574002664,2026-04-03T10:50:53.814362
2461133.953506944, A.D. 2026-Apr-03 10:53:03.0000,69.185634,-146248843.9563478,-32554944.49594818,-14123000.4142496,7.681013604200968,-26.41329224718144,-12.85094408268978,2026-04-03T10:51:53.814318
2461133.954201389, A.D. 2026-Apr-03 10:54:03.0000,69.185634,-146248381.8279069,-32556528.59879823,-14123769.34812883,7.722842028666546,-26.39052829481038,-12.77974941949029,2026-04-03T10:52:53.814395
2461133.954895834, A.D. 2026-Apr-03 10:55:03.0000,69.185634,-146247917.2621426,-32558111.42541285,-14124533.94270844,7.762236548855912,-26.37075250873568,-12.70632934460865,2026-04-03T10:53:53.814432
2461133.955590278, A.D. 2026-Apr-03 10:56:03.0000,69.185634,-146247450.4083249,-32559693.15673193,-14125294.07042801,7.799091050420476,-26.35401741157754,-12.63088413725529,2026-04-03T10:54:53.814388
2461133.956284722, A.D. 2026-Apr-03 10:57:03.0000,69.185634,-146246981.4217743,-32561273.97638654,-14126049.6158343,7.833310058968904,-26.34036177126965,-12.55361567209764,2026-04-03T10:55:53.814344
2461133.956979167, A.D. 2026-Apr-03 10:58:03.0000,69.185634,-146246510.4632599,-32562854.07013861,-14126800.47555104,7.864806955147395,-26.32981862052322,-12.47472482516478,2026-04-03T10:56:53.814421
2461133.957673611, A.D. 2026-Apr-03 10:59:03.0000,69.185634,-146246037.6985846,-32564433.62563439,-14127546.55828629,7.893499836073013,-26.3224178530735,-12.39441466047339,2026-04-03T10:57:53.814377
2461133.958368056, A.D. 2026-Apr-03 11:00:03.0000,69.185634,-146245563.2983406,-32566012.83212082,-14128287.78514979,7.919311915943516,-26.31818169073264,-12.3128953284475,2026-04-03T10:58:53.814414
2461133.9590625, A.D. 2026-Apr-03 11:01:03.0000,69.185634,-146245087.4374689,-32567591.87988807,-14129024.08991747,7.942174692488392,-26.3171233439729,-12.23037775562054,2026-04-03T10:59:53.814370
2461133.959756944, A.D. 2026-Apr-03 11:02:03.0000,69.185634,-146244610.2948428,-32569170.95985635,-14129755.41903423,7.962025438309239,-26.31925106063453,-12.14707406306976,2026-04-03T11:00:53.814326
2461133.960451389, A.D. 2026-Apr-03 11:03:03.0000,69.185634,-146244132.0529652,-32570750.26327195,-14130481.73175196,7.978805231257075,-26.32456717277165,-12.06319912487551,2026-04-03T11:01:53.814403
2461133.961145833, A.D. 2026-Apr-03 11:04:03.0000,69.185634,-146243652.897845,-32572329.98131373,-14131203.00043832,7.992456895643111,-26.33306608413592,-11.97897734539288,2026-04-03T11:02:53.814359
2461133.961840278, A.D. 2026-Apr-03 11:05:03.0000,69.185634,-146243173.0184981,-32573910.30435721,-14131919.21122857,8.002940329564158,-26.34472634097447,-11.89463858872641,2026-04-03T11:03:53.814396
2461133.962534722, A.D. 2026-Apr-03 11:06:03.0000,69.185634,-146242692.6058781,-32575491.42134401,-14132630.36353778,8.01022631422191,-26.3595254230225,-11.81039620864466,2026-04-03T11:04:53.814352
2461133.963229167, A.D. 2026-Apr-03 11:07:03.0000,69.185634,-146242211.8528845,-32577073.51991997,-14133336.46975688,8.014280437144697,-26.37743820579311,-11.72647436559738,2026-04-03T11:05:53.814389
2461133.963923611, A.D. 2026-Apr-03 11:08:03.0000,69.185634,-146241730.9541514,-32578656.78559607,-14134037.55607409,8.015082195235172,-26.39841936009893,-11.6431034222467,2026-04-03T11:06:53.814385
2461133.964618056, A.D. 2026-Apr-03 11:09:03.0000,69.185634,-146241250.1050738,-32580241.40105944,-14134733.66214618,8.012624188043239,-26.42242364201165,-11.5605036272441,2026-04-03T11:07:53.814422
2461133.9653125, A.D. 2026-Apr-03 11:10:03.0000,69.185634,-146240769.5013661,-32581827.54632675,-14135424.84103854,8.006903366739666,-26.44940389149916,-11.47890342036042,2026-04-03T11:08:53.814378
2461133.966006944, A.D. 2026-Apr-03 11:11:03.0000,69.185634,-146240289.3387455,-32583415.39812837,-14136111.15964242,7.997922845774482,-26.47929736997488,-11.3985331489584,2026-04-03T11:09:53.814334
2461133.966701389, A.D. 2026-Apr-03 11:12:03.0000,69.185634,-146239809.8125195,-32585005.12901329,-14136792.69851265,7.98569302973613,-26.51202815612686,-11.31961688938319,2026-04-03T11:10:53.814371
2461133.967395833, A.D. 2026-Apr-03 11:13:03.0000,69.185634,-146239331.1171402,-32586596.90678728,-14137469.55145809,7.970232971347486,-26.54751589541259,-11.24237379938986,2026-04-03T11:11:53.814367
2461133.968090278, A.D. 2026-Apr-03 11:14:03.0000,69.185634,-146238853.4455451,-32588190.89439401,-14138141.82552157,7.951574274814675,-26.58567724161146,-11.16702687486172,2026-04-03T11:12:53.814404
2461133.968784722, A.D. 2026-Apr-03 11:15:03.0000,69.185634,-146238376.9883898,-32589787.24934562,-14138809.64114672,7.929761365680942,-26.62641330852231,-11.09379660436873,2026-04-03T11:13:53.814360
2461133.969479166, A.D. 2026-Apr-03 11:16:03.0000,69.185634,-146237901.9333567,-32591386.12298198,-14139473.13154182,7.904847692471964,-26.66962094671227,-11.02288869652028,2026-04-03T11:14:53.814316
2461133.970173611, A.D. 2026-Apr-03 11:17:03.0000,69.185634,-146237428.4648078,-32592987.66053492,-14140132.44215281,7.876889614473028,-26.71519760224428,-10.95450757138068,2026-04-03T11:15:53.814353
2461133.970868056, A.D. 2026-Apr-03 11:18:03.0000,69.185634,-146236956.763598,-32594592.00068005,-14140787.73083321,7.845950182962202,-26.76302504462457,-10.88886103018979,2026-04-03T11:16:53.814430
2461133.9715625, A.D. 2026-Apr-03 11:19:03.0000,69.185634,-146236487.0063389,-32596199.27459882,-14141439.16758696,7.812107034389822,-26.81297501806882,-10.82614445525232,2026-04-03T11:17:53.814386
2461133.972256945, A.D. 2026-Apr-03 11:20:03.0000,69.185634,-146236019.3647645,-32597809.60579521,-14142086.93380297,7.775443754422636,-26.86491938544557,-10.76654365811205,2026-04-03T11:18:53.814423
2461133.972951389, A.D. 2026-Apr-03 11:21:03.0000,69.185634,-146235554.0054996,-32599423.10989092,-14142731.22192438,7.736047627555608,-26.91872234819206,-10.71024167853017,2026-04-03T11:19:53.814379
2461133.973645833, A.D. 2026-Apr-03 11:22:03.0000,69.185634,-146235091.0896737,-32601039.89405313,-14143372.23527802,7.694015544604587,-26.97423821709606,-10.65741743475284,2026-04-03T11:20:53.814335
2461133.974340278, A.D. 2026-Apr-03 11:23:03.0000,69.185634,-146234630.7722453,-32602660.05652734,-14144010.18768236,7.649455965317474,-27.03131577005363,-10.60824148225172,2026-04-03T11:21:53.814412
2461133.975034722, A.D. 2026-Apr-03 11:24:03.0000,69.185634,-146234173.2013736,-32604283.68629934,-14144645.30295793,7.602487577214275,-27.08979683332073,-10.56287716704601,2026-04-03T11:22:53.814368
2461133.975729167, A.D. 2026-Apr-03 11:25:03.0000,69.185634,-146233718.5176763,-32605910.86251648,-14145277.81432837,7.553241645736709,-27.14951237747095,-10.5214703639498,2026-04-03T11:23:53.814405
2461133.976423611, A.D. 2026-Apr-03 11:26:03.0000,69.185634,-146233266.8540325,-32607541.65433988,-14145907.96308635,7.501842435394868,-27.21030114412178,-10.48415029115712,2026-04-03T11:24:53.814361
2461133.977118055, A.D. 2026-Apr-03 11:27:03.0000,69.185634,-146232818.3357693,-32609176.12116267,-14146535.99865847,7.448424014135277,-27.27199259995238,-10.4510580649184,2026-04-03T11:25:53.814317
2461133.9778125, A.D. 2026-Apr-03 11:28:03.0000,69.185634,-146232373.0793406,-32610814.31159348,-14147162.17840711,7.393143989335465,-27.33440321362345,-10.422310353542,2026-04-03T11:26:53.814394
2461133.978506945, A.D. 2026-Apr-03 11:29:03.0000,69.185634,-146231931.1919047,-32612456.2635913,-14147786.7659206,7.336152144708176,-27.39736195248555,-10.39800595535661,2026-04-03T11:27:53.814431
2461133.979201389, A.D. 2026-Apr-03 11:30:03.0000,69.185634,-146231492.7715044,-32614102.00466912,-14148410.03106369,7.277608837564344,-27.46068545995191,-10.37825271008299,2026-04-03T11:28:53.814387
2461133.979895833, A.D. 2026-Apr-03 11:31:03.0000,69.185634,-146231057.9059053,-32615751.5508459,-14149032.24944355,7.21769048659398,-27.52418003673629,-10.36312896148275,2026-04-03T11:29:53.814343
2461133.980590278, A.D. 2026-Apr-03 11:32:03.0000,69.185634,-146230626.6726691,-32617404.90682651,-14149653.70068352,7.156561004895712,-27.58766134967369,-10.35269756472757,2026-04-03T11:30:53.814380
2461133.981284722, A.D. 2026-Apr-03 11:33:03.0000,69.185634,-146230199.139264,-32619062.06614821,-14150274.66831402,7.094398099900175,-27.65093936326292,-10.3470233798591,2026-04-03T11:31:53.814376
2461133.981979167, A.D. 2026-Apr-03 11:34:03.0000,69.185634,-146229775.3617974,-32620723.01077354,-14150895.43930996,7.031400756101516,-27.71381838316728,-10.34615399554603,2026-04-03T11:32:53.814413
2461133.982673611, A.D. 2026-Apr-03 11:35:03.0000,69.185634,-146229355.3842341,-32622387.71064633,-14151516.30264594,6.967770822075045,-27.77609400032148,-10.35010721587401,2026-04-03T11:33:53.814369
2461133.983368055, A.D. 2026-Apr-03 11:36:03.0000,69.185634,-146228939.2387405,-32624056.12348616,-14152137.54758703,6.903699879483952,-27.83756680114921,-10.35887754763784,2026-04-03T11:34:53.814325
2461133.9840625, A.D. 2026-Apr-03 11:37:03.0000,69.185634,-146228526.9460817,-32625728.19563008,-14152759.46284339,6.839378983413326,-27.89805527655761,-10.37245424039698,2026-04-03T11:35:53.814362
2461133.984756944, A.D. 2026-Apr-03 11:38:03.0000,69.185634,-146228118.5154459,-32627403.86250184,-14153382.33618595,6.775000204647039,-27.95737360407917,-10.39081354965045,2026-04-03T11:36:53.814318
2461133.985451389, A.D. 2026-Apr-03 11:39:03.0000,69.185634,-146227713.9447098,-32629083.04808472,-14154006.45345603,6.7107510671734,-28.01532834097537,-10.41391665017714,2026-04-03T11:37:53.814395
2461133.986145834, A.D. 2026-Apr-03 11:40:03.0000,69.185634,-146227313.2201046,-32630765.66490938,-14154632.09784889,6.646834421248373,-28.07173268773112,-10.44171323138416,2026-04-03T11:38:53.814432
2461133.986840278, A.D. 2026-Apr-03 11:41:03.0000,69.185634,-146226916.3153184,-32632451.61458515,-14155259.54893965,6.583461721069353,-28.126408946305,-10.47413148943493,2026-04-03T11:39:53.814388
2461133.987534722, A.D. 2026-Apr-03 11:42:03.0000,69.185634,-146226523.1915184,-32634140.78825509,-14155889.08130824,6.52083802349283,-28.1791860420755,-10.51107716002501,2026-04-03T11:40:53.814344
2461133.988229167, A.D. 2026-Apr-03 11:43:03.0000,69.185634,-146226133.797925,-32635833.06715307,-14156520.96327482,6.45915452662984,-28.22990696046208,-10.55243702577216,2026-04-03T11:41:53.814421
2461133.988923611, A.D. 2026-Apr-03 11:44:03.0000,69.185634,-146225748.0729863,-32637528.3238438,-14157155.45631965,6.398579434080613,-28.27843766980795,-10.59810423981467,2026-04-03T11:42:53.814377
2461133.989618056, A.D. 2026-Apr-03 11:45:03.0000,69.185634,-146225365.9449548,-32639226.42236438,-14157792.81642505,6.33929421595702,-28.32461809596957,-10.64799563046736,2026-04-03T11:43:53.814414
2461133.9903125, A.D. 2026-Apr-03 11:46:03.0000,69.185634,-146224987.3300385,-32640927.21598129,-14158433.29361938,6.281515603379974,-28.36825671272959,-10.70198560543143,2026-04-03T11:44:53.814370
2461133.991006944, A.D. 2026-Apr-03 11:47:03.0000,69.185634,-146224612.1313562,-32642630.54700307,-14159077.12851371,6.225455409252964,-28.40918732344644,-10.75989263900762,2026-04-03T11:45:53.814326
2461133.991701389, A.D. 2026-Apr-03 11:48:03.0000,69.185634,-146224240.2399379,-32644336.24868186,-14159724.55041114,6.171308354804521,-28.44726881717356,-10.82152526852403,2026-04-03T11:46:53.814403
2461133.992395833, A.D. 2026-Apr-03 11:49:03.0000,69.185634,-146223871.5351163,-32646044.14595097,-14160375.77661013,6.119268848277626,-28.48236506900453,-10.88666795627659,2026-04-03T11:47:53.814359
2461133.993090278, A.D. 2026-Apr-03 11:50:03.0000,69.185634,-146223505.8853538,-32647754.05625307,-14161031.01036787,6.069497757552015,-28.51436679307838,-10.95507550774012,2026-04-03T11:48:53.814396
2461133.993784722, A.D. 2026-Apr-03 11:51:03.0000,69.185634,-146223143.1508052,-32649465.79140016,-14161690.44077832,6.022117117799681,-28.54319233306816,-11.02652946913429,2026-04-03T11:49:53.814352
2461133.994479167, A.D. 2026-Apr-03 11:52:03.0000,69.185634,-146222783.1839368,-32651179.15831885,-14162354.24488606,5.977270662563029,-28.56875541085984,-11.10083409625134,2026-04-03T11:50:53.814389
2461133.995173611, A.D. 2026-Apr-03 11:53:03.0000,69.185634,-146222425.8280526,-32652893.95884758,-14163022.58686063,5.935109072093228,-28.59097869328314,-11.1777573287685,2026-04-03T11:51:53.814385
2461133.995868056, A.D. 2026-Apr-03 11:54:03.0000,69.185634,-146222070.9180753,-32654609.99067816,-14163695.61680736,5.895762798263136,-28.60979924401639,-11.25706602094891,2026-04-03T11:52:53.814422
2461133.9965625, A.D. 2026-Apr-03 11:55:03.0000,69.185634,-146221718.2813638,-32656327.04787827,-14164373.47088258,5.859355488560018,-28.62515669372698,-11.33852558960838,2026-04-03T11:53:53.814378
2461133.997256944, A.D. 2026-Apr-03 11:56:03.0000,69.185634,-146221367.7379211,-32658044.92081059,-14165056.27070483,5.826009267650654,-28.63698887202488,-11.42188506679288,2026-04-03T11:54:53.814334
2461133.997951389, A.D. 2026-Apr-03 11:57:03.0000,69.185634,-146221019.1003554,-32659763.39641754,-14165744.12204263,5.795846284822458,-28.64524988485649,-11.50686418459762,2026-04-03T11:55:53.814371
2461133.998645833, A.D. 2026-Apr-03 11:58:03.0000,69.185634,-146220672.1747116,-32661482.26012126,-14166437.11329041,5.768958732507265,-28.64993339631704,-11.59317307039655,2026-04-03T11:56:53.814367
2461133.999340278, A.D. 2026-Apr-03 11:59:03.0000,69.185634,-146220326.7622915,-32663201.29735773,-14167135.31621342,5.745418957251952,-28.65103996008232,-11.68054671759278,2026-04-03T11:57:53.814404
2461134.000034722, A.D. 2026-Apr-03 12:00:03.0000,69.185634,-146219982.6600313,-32664920.29344197,-14167838.78668976,5.725298146134962,-28.64856795624128,-11.76871584242779,2026-04-03T11:58:53.814360
2461134.000729166, A.D. 2026-Apr-03 12:01:03.0000,69.185634,-146219639.6610369,-32666639.03386572,-14168547.56424876,5.708653001940475,-28.64252465893215,-11.85740661949017,2026-04-03T11:59:53.814316
2461134.001423611, A.D. 2026-Apr-03 12:02:03.0000,69.185634,-146219297.5552353,-32668357.30486425,-14169261.67182346,5.695533427721463,-28.63292944419183,-11.94633821581556,2026-04-03T12:00:53.814353
2461134.002118056, A.D. 2026-Apr-03 12:03:03.0000,69.185634,-146218956.1298428,-32670074.8944421,-14169981.11535372,5.685978129902715,-28.61982089063098,-12.03522731350973,2026-04-03T12:01:53.814430
2461134.0028125, A.D. 2026-Apr-03 12:04:03.0000,69.185634,-146218615.1703061,-32671791.59317231,-14170705.88380533,5.680007400425555,-28.60324606903444,-12.12379061577665,2026-04-03T12:02:53.814386
2461134.003506945, A.D. 2026-Apr-03 12:05:03.0000,69.185634,-146218274.4612786,-32673507.19486223,-14171435.94919121,5.677628315384549,-28.58326571808989,-12.21174692370131,2026-04-03T12:03:53.814423
2461134.004201389, A.D. 2026-Apr-03 12:06:03.0000,69.185634,-146217933.7873302,-32675221.49748822,-14172171.26689648,5.678836481262803,-28.55995831966095,-12.2988256591418,2026-04-03T12:04:53.814379
2461134.004895833, A.D. 2026-Apr-03 12:07:03.0000,69.185634,-146217592.9336502,-32676934.30391934,-14172911.77644612,5.683616388557291,-28.533406478396,-12.38476583641835,2026-04-03T12:05:53.814335
2461134.005590278, A.D. 2026-Apr-03 12:08:03.0000,69.185634,-146217251.6866091,-32678645.4221695,-14173657.40164159,5.69194311149357,-28.50370036183692,-12.46930419389586,2026-04-03T12:06:53.814412
2461134.006284722, A.D. 2026-Apr-03 12:09:03.0000,69.185634,-146216909.8344733,-32680354.66602199,-14174408.0505519,5.703778178021901,-28.47094292403952,-12.55218051217405,2026-04-03T12:07:53.814368
2461134.006979167, A.D. 2026-Apr-03 12:10:03.0000,69.185634,-146216567.1682294,-32682061.85584326,-14175163.61577586,5.719070435303516,-28.43525160680973,-12.63313874125967,2026-04-03T12:08:53.814405
2461134.007673611, A.D. 2026-Apr-03 12:11:03.0000,69.185634,-146216223.482266,-32683766.81977462,-14175923.97507809,5.737757828188701,-28.3967655912242,-12.71194910042336,2026-04-03T12:09:53.814361
2461134.008368055, A.D. 2026-Apr-03 12:12:03.0000,69.185634,-146215878.5747656,-32685469.3937856,-14176688.99361125,5.759776709241517,-28.35559950263452,-12.78841009828072,2026-04-03T12:10:53.814317
2461134.0090625, A.D. 2026-Apr-03 12:13:03.0000,69.185634,-146215532.2480118,-32687169.42025629,-14177458.52362363,5.785051181519886,-28.31186462401785,-12.86229061556896,2026-04-03T12:11:53.814394
2461134.009756945, A.D. 2026-Apr-03 12:14:03.0000,69.185634,-146215184.309336,-32688866.74941725,-14178232.40343482,5.813491668909121,-28.26570943831009,-12.93336737708635,2026-04-03T12:12:53.814431
2461134.010451389, A.D. 2026-Apr-03 12:15:03.0000,69.185634,-146214834.5715235,-32690561.24078586,-14179010.45873917,5.845004307327739,-28.21729113961944,-13.00143853601347,2026-04-03T12:13:53.814387
2461134.011145833, A.D. 2026-Apr-03 12:16:03.0000,69.185634,-146214482.8535204,-32692252.76329397,-14179792.50341341,5.879477531317294,-28.16676583060595,-13.06631384378033,2026-04-03T12:14:53.814343
2461134.011840278, A.D. 2026-Apr-03 12:17:03.0000,69.185634,-146214128.9811961,-32693941.19514468,-14180578.34042514,5.916794447500557,-28.11428696970498,-13.12781835587873,2026-04-03T12:15:53.814380
2461134.012534722, A.D. 2026-Apr-03 12:18:03.0000,69.185634,-146213772.7875051,-32695626.4240018,-14181367.76243269,5.956834188749174,-28.06001971517847,-13.18578338659686,2026-04-03T12:16:53.814376
2461134.013229167, A.D. 2026-Apr-03 12:19:03.0000,69.185634,-146213414.1129193,-32697308.34785232,-14182160.55238147,5.999467408746606,-28.00414013031003,-13.24005559055818,2026-04-03T12:17:53.814413
2461134.013923611, A.D. 2026-Apr-03 12:20:03.0000,69.185634,-146213052.8058607,-32698986.8751551,-14182956.48453356,6.044558587364691,-27.94681965655995,-13.29049781660077,2026-04-03T12:18:53.814369
2461134.014618055, A.D. 2026-Apr-03 12:21:03.0000,69.185634,-146212688.7230574,-32700661.92449932,-14183755.32528108,6.09196691113373,-27.88822576549041,-13.33698419251973,2026-04-03T12:19:53.814325
2461134.0153125, A.D. 2026-Apr-03 12:22:03.0000,69.185634,-146212321.729775,-32702333.42461728,-14184556.83367102,6.141548256331248,-27.82853062154611,-13.37939576672945,2026-04-03T12:20:53.814362
2461134.016006944, A.D. 2026-Apr-03 12:23:03.0000,69.185634,-146211951.7001266,-32704001.31475047,-14185360.76191675,6.193150929210433,-27.76791136069867,-13.41762412253873,2026-04-03T12:21:53.814318
2461134.016701389, A.D. 2026-Apr-03 12:24:03.0000,69.185634,-146211578.5176407,-32705665.54484043,-14186166.85615453,6.246614170374507,-27.70654753282065,-13.45157660241616,2026-04-03T12:22:53.814395
2461134.017395834, A.D. 2026-Apr-03 12:25:03.0000,69.185634,-146211202.0754387,-32707326.07572281,-14186974.85746384,6.301778991863196,-27.64462337570579,-13.48117611361369,2026-04-03T12:23:53.814432
2461134.018090278, A.D. 2026-Apr-03 12:26:03.0000,69.185634,-146210822.2763093,-32708982.87930381,-14187784.50277277,6.35848220900074,-27.58232164674882,-13.50636214173166,2026-04-03T12:24:53.814388
2461134.018784722, A.D. 2026-Apr-03 12:27:03.0000,69.185634,-146210439.0328733,-32710635.93827648,-14188595.52580732,6.416559356402107,-27.51981953461705,-13.52708744801469,2026-04-03T12:25:53.814344
2461134.019479167, A.D. 2026-Apr-03 12:28:03.0000,69.185634,-146210052.2676691,-32712285.24590177,-14189407.65773109,6.475843222847486,-27.45729313029981,-13.54331357132924,2026-04-03T12:26:53.814421
2461134.020173611, A.D. 2026-Apr-03 12:29:03.0000,69.185634,-146209661.913498,-32713930.80589525,-14190220.62776477,6.53616015939645,-27.39491284922963,-13.55501454902565,2026-04-03T12:27:53.814377
2461134.020868056, A.D. 2026-Apr-03 12:30:03.0000,69.185634,-146209267.9135915,-32715572.63203363,-14191034.16380201,6.597335271507369,-27.33284627395013,-13.56217190141866,2026-04-03T12:28:53.814414
2461134.0215625, A.D. 2026-Apr-03 12:31:03.0000,69.185634,-146208870.2218122,-32717210.74829902,-14191847.99308719,6.65919037539846,-27.27126589164545,-13.5647847152891,2026-04-03T12:29:53.814370
2461134.022256944, A.D. 2026-Apr-03 12:32:03.0000,69.185634,-146208468.8025578,-32718845.18903472,-14192661.84342975,6.721553523788189,-27.2103428795842,-13.562871224781,2026-04-03T12:30:53.814326
2461134.022951389, A.D. 2026-Apr-03 12:33:03.0000,69.185634,-146208063.6303011,-32720475.99862848,-14193475.44404757,6.784260742850336,-27.15024090448003,-13.55645889688155,2026-04-03T12:31:53.814403
2461134.023645833, A.D. 2026-Apr-03 12:34:03.0000,69.185634,-146207654.689182,-32722103.23115254,-14194288.52589025,6.847151711908295,-27.09112036193226,-13.54557634326926,2026-04-03T12:32:53.814359
2461134.024340278, A.D. 2026-Apr-03 12:35:03.0000,69.185634,-146207241.9733523,-32723726.9503542,-14195100.82157054,6.910049330519592,-27.03314366621361,-13.53025243331294,2026-04-03T12:33:53.814396
2461134.025034722, A.D. 2026-Apr-03 12:36:03.0000,69.185634,-146206825.4883776,-32725347.22972701,-14195912.06597701,6.972752855809542,-26.97647231215739,-13.51053949805221,2026-04-03T12:34:53.814352
2461134.025729167, A.D. 2026-Apr-03 12:37:03.0000,69.185634,-146206405.2516548,-32726964.1522834,-14196721.99839959,7.03507662997812,-26.9212606804939,-13.48653038967621,2026-04-03T12:35:53.814389
2461134.026423611, A.D. 2026-Apr-03 12:38:03.0000,69.185634,-146205981.2905984,-32728577.80980542,-14197530.3641624,7.096870811520009,-26.86764582922678,-13.45832610245271,2026-04-03T12:36:53.814385
2461134.027118056, A.D. 2026-Apr-03 12:39:03.0000,69.185634,-146205553.6411738,-32730188.30192174,-14198336.91412575,7.157994904225824,-26.81575576919564,-13.4260102802502,2026-04-03T12:37:53.814422
2461134.0278125, A.D. 2026-Apr-03 12:40:03.0000,69.185634,-146205122.3480092,-32731795.73618862,-14199141.4040176,7.218299233609842,-26.76572821207851,-13.38966506372857,2026-04-03T12:38:53.814378
2461134.028506944, A.D. 2026-Apr-03 12:41:03.0000,69.185634,-146204687.4651838,-32733400.22865698,-14199943.59487143,7.27761742874406,-26.71770687313536,-13.34938751946934,2026-04-03T12:39:53.814334
2461134.029201389, A.D. 2026-Apr-03 12:42:03.0000,69.185634,-146204249.0571781,-32735001.90382901,-14200743.25447321,7.335773823680566,-26.67182550755745,-13.30530843305121,2026-04-03T12:40:53.814371
2461134.029895833, A.D. 2026-Apr-03 12:43:03.0000,69.185634,-146203807.1984119,-32736600.89336541,-14201540.15917041,7.392616215168778,-26.62818943315789,-13.25757437333395,2026-04-03T12:41:53.814367
2461134.030590278, A.D. 2026-Apr-03 12:44:03.0000,69.185634,-146203361.9718468,-32738197.33493183,-14202334.09364729,7.448006894151252,-26.58689874642479,-13.20631630967007,2026-04-03T12:42:53.814404
2461134.031284722, A.D. 2026-Apr-03 12:45:03.0000,69.185634,-146202913.4689521,-32739791.37244215,-14203124.85045585,7.501798626937982,-26.54805943018864,-13.15167110868578,2026-04-03T12:43:53.814360
2461134.031979166, A.D. 2026-Apr-03 12:46:03.0000,69.185634,-146202461.790107,-32741383.15585323,-14203912.23098057,7.553845370388212,-26.51176561993877,-13.09379483995054,2026-04-03T12:44:53.814316
2461134.032673611, A.D. 2026-Apr-03 12:47:03.0000,69.185634,-146202007.0440249,-32742972.84055457,-14204696.04627084,7.604016265575686,-26.47810608455892,-13.03285277591697,2026-04-03T12:45:53.814353
2461134.033368056, A.D. 2026-Apr-03 12:48:03.0000,69.185634,-146201549.3468021,-32744560.58716372,-14205476.1174215,7.652194487780994,-26.4471655253644,-12.96901275611795,2026-04-03T12:46:53.814430
2461134.0340625, A.D. 2026-Apr-03 12:49:03.0000,69.185634,-146201088.8214791,-32746146.56115003,-14206252.27551183,7.698263357152328,-26.41902060966559,-12.90244040543599,2026-04-03T12:47:53.814386
2461134.034756945, A.D. 2026-Apr-03 12:50:03.0000,69.185634,-146200625.5981631,-32747730.93234823,-14207024.36166275,7.742105394456139,-26.3937407908278,-12.83330572446655,2026-04-03T12:48:53.814423
2461134.035451389, A.D. 2026-Apr-03 12:51:03.0000,69.185634,-146200159.8138757,-32749313.87470359,-14207792.22740089,7.783607475394167,-26.37139478932526,-12.76178629756841,2026-04-03T12:49:53.814379
2461134.036145833, A.D. 2026-Apr-03 12:52:03.0000,69.185634,-146199691.6123685,-32750895.56622452,-14208555.73529285,7.822658461649544,-26.35204721966797,-12.68807330921107,2026-04-03T12:50:53.814335
2461134.036840278, A.D. 2026-Apr-03 12:53:03.0000,69.185634,-146199221.1438802,-32752476.18835279,-14209314.75973595,7.859154515568053,-26.33574701782345,-12.61236797918074,2026-04-03T12:51:53.814412
2461134.037534722, A.D. 2026-Apr-03 12:54:03.0000,69.185634,-146198748.564562,-32754055.9250634,-14210069.187216,7.893002104326072,-26.32253135171634,-12.53487130168616,2026-04-03T12:52:53.814368
2461134.038229167, A.D. 2026-Apr-03 12:55:03.0000,69.185634,-146198274.0359267,-32755634.9624075,-14210818.91626844,7.924115641185778,-26.31243265092115,-12.45578422601811,2026-04-03T12:53:53.814405
2461134.038923611, A.D. 2026-Apr-03 12:56:03.0000,69.185634,-146197797.7244737,-32757213.48826768,-14211563.85755182,7.952413972241292,-26.30547961479425,-12.37531096523669,2026-04-03T12:54:53.814361
2461134.039618055, A.D. 2026-Apr-03 12:57:03.0000,69.185634,-146197319.8014232,-32758791.69202338,-14212303.93418748,7.977821797953258,-26.30169229688388,-12.2936620942691,2026-04-03T12:55:53.814317
2461134.0403125, A.D. 2026-Apr-03 12:58:03.0000,69.185634,-146196840.4422558,-32760369.76398817,-14213039.0819564,8.000272013232594,-26.30108267294175,-12.21104846529027,2026-04-03T12:56:53.814394
2461134.041006945, A.D. 2026-Apr-03 12:59:03.0000,69.185634,-146196359.826309,-32761947.89503972,-14213769.24931944,8.019703078129838,-26.30365779789662,-12.12768255971008,2026-04-03T12:57:53.814431
2461134.041701389, A.D. 2026-Apr-03 13:00:03.0000,69.185634,-146195878.136475,-32763526.27631045,-14214494.39757165,8.036057182196897,-26.30941855051096,-12.04377949753968,2026-04-03T12:58:53.814387
2461134.042395833, A.D. 2026-Apr-03 13:01:03.0000,69.185634,-146195395.5590898,-32765105.09874607,-14215214.50114627,8.049278599642987,-26.31835720241209,-11.95956434577379,2026-04-03T12:59:53.814343
2461134.043090278, A.D. 2026-Apr-03 13:02:03.0000,69.185634,-146194912.283369,-32766684.552369,-14215929.54822506,8.059329543030644,-26.33045071892787,-11.87526527911761,2026-04-03T13:00:53.814380
2461134.043784722, A.D. 2026-Apr-03 13:03:03.0000,69.185634,-146194428.5003773,-32768264.82575521,-14216639.54018319,8.06618138182789,-26.34567705387272,-11.79109564773083,2026-04-03T13:01:53.814376
2461134.044479167, A.D. 2026-Apr-03 13:04:03.0000,69.185634,-146193944.4030754,-32769846.10612626,-14217344.49144938,8.069801326810374,-26.36400864768392,-11.70728100388348,2026-04-03T13:02:53.814413
2461134.045173611, A.D. 2026-Apr-03 13:05:03.0000,69.185634,-146193460.1860271,-32771428.57841972,-14218044.43022766,8.070171064849408,-26.38539858431785,-11.6240497378145,2026-04-03T13:03:53.814369
2461134.045868055, A.D. 2026-Apr-03 13:06:03.0000,69.185634,-146192976.0444689,-32773012.42473036,-14218739.39810592,8.06728410714335,-26.40980164661745,-11.54162200768241,2026-04-03T13:04:53.814325
2461134.0465625, A.D. 2026-Apr-03 13:07:03.0000,69.185634,-146192492.173896,-32774597.82441432,-14219429.45010748,8.061138639575185,-26.43716847654446,-11.46022634822751,2026-04-03T13:05:53.814362
2461134.047256944, A.D. 2026-Apr-03 13:08:03.0000,69.185634,-146192008.7697262,-32776184.95341721,-14220114.65503483,8.05173912195108,-26.46743464826053,-11.38009173267057,2026-04-03T13:06:53.814318
2461134.047951389, A.D. 2026-Apr-03 13:09:03.0000,69.185634,-146191526.0268978,-32777773.98342213,-14220795.09526865,8.039097000535227,-26.50052331179202,-11.30144113026942,2026-04-03T13:07:53.814395
2461134.048645834, A.D. 2026-Apr-03 13:10:03.0000,69.185634,-146191044.1394125,-32779365.08131611,-14221470.86639867,8.023233078426507,-26.53635327009415,-11.22449304713036,2026-04-03T13:08:53.814432
2461134.049340278, A.D. 2026-Apr-03 13:11:03.0000,69.185634,-146190563.2996497,-32780958.40907801,-14222142.07720442,8.004180538270306,-26.57483991761575,-11.14946951910296,2026-04-03T13:09:53.814388
2461134.050034722, A.D. 2026-Apr-03 13:12:03.0000,69.185634,-146190083.6976197,-32782554.12314709,-14222808.84977768,7.981985276139884,-26.61588273727812,-11.07658897842751,2026-04-03T13:10:53.814344
2461134.050729167, A.D. 2026-Apr-03 13:13:03.0000,69.185634,-146189605.5202843,-32784152.37375047,-14223471.31883553,7.956701655880342,-26.65937866789162,-11.00605481712514,2026-04-03T13:11:53.814421
2461134.051423611, A.D. 2026-Apr-03 13:14:03.0000,69.185634,-146189128.9512638,-32785753.30501276,-14224129.63122353,7.92838594970584,-26.70522494495097,-10.93807055359535,2026-04-03T13:12:53.814377
2461134.052118056, A.D. 2026-Apr-03 13:15:03.0000,69.185634,-146188654.1706294,-32787357.05443225,-14224783.9461804,7.897103024822344,-26.75330148592347,-10.87284352071692,2026-04-03T13:13:53.814414
2461134.0528125, A.D. 2026-Apr-03 13:16:03.0000,69.185634,-146188181.3540924,-32788963.75194075,-14225434.43499724,7.86293186532771,-26.8034797308507,-10.81056653982709,2026-04-03T13:14:53.814370
2461134.053506944, A.D. 2026-Apr-03 13:17:03.0000,69.185634,-146187710.6724721,-32790573.51980069,-14226081.28020231,7.825955485532292,-26.85563163350121,-10.75142361241765,2026-04-03T13:15:53.814326
2461134.054201389, A.D. 2026-Apr-03 13:18:03.0000,69.185634,-146187242.2914908,-32792186.47236728,-14226724.67532103,7.786261782237834,-26.90962046789839,-10.69559733236256,2026-04-03T13:16:53.814403
2461134.054895833, A.D. 2026-Apr-03 13:19:03.0000,69.185634,-146186776.3712909,-32793802.71548439,-14227364.82471843,7.743949495772725,-26.96529993538898,-10.64326529466361,2026-04-03T13:17:53.814359
2461134.055590278, A.D. 2026-Apr-03 13:20:03.0000,69.185634,-146186313.065764,-32795422.34604907,-14228001.94314145,7.699127722754804,-27.02251843638977,-10.59459598844266,2026-04-03T13:18:53.814396
2461134.056284722, A.D. 2026-Apr-03 13:21:03.0000,69.185634,-146185852.5219702,-32797045.45168053,-14228636.25521897,7.651915720182845,-27.08111765264055,-10.54975057442485,2026-04-03T13:19:53.814352
2461134.056979167, A.D. 2026-Apr-03 13:22:03.0000,69.185634,-146185394.8794107,-32798672.1101976,-14229267.99482572,7.602444647759298,-27.14093003046998,-10.50887264396551,2026-04-03T13:20:53.814389
2461134.057673611, A.D. 2026-Apr-03 13:23:03.0000,69.185634,-146184940.2698573,-32800302.38946306,-14229897.40387618,7.550839281701787,-27.20179276525207,-10.4720924382232,2026-04-03T13:21:53.814385
2461134.058368056, A.D. 2026-Apr-03 13:24:03.0000,69.185634,-146184488.8173888,-32801936.34742109,-14230524.73243549,7.497237510581486,-27.26353342990367,-10.43954939959812,2026-04-03T13:22:53.814422
2461134.0590625, A.D. 2026-Apr-03 13:25:03.0000,69.185634,-146184040.6370898,-32803574.03124401,-14231150.23827106,7.441795738253572,-27.32597044861434,-10.41135562434605,2026-04-03T13:23:53.814378
2461134.059756944, A.D. 2026-Apr-03 13:26:03.0000,69.185634,-146183595.8349021,-32805215.47753095,-14231774.18523812,7.384661766956408,-27.38893246493982,-10.38760936392101,2026-04-03T13:24:53.814334
2461134.060451389, A.D. 2026-Apr-03 13:27:03.0000,69.185634,-146183154.5076312,-32806860.71242174,-14232396.84340823,7.325998054604097,-27.45223751656058,-10.36841637830243,2026-04-03T13:25:53.814371
2461134.061145833, A.D. 2026-Apr-03 13:28:03.0000,69.185634,-146182716.7417945,-32808509.75070725,-14233018.48845015,7.265978757711375,-27.51569347352848,-10.35385394269564,2026-04-03T13:26:53.814367
2461134.061840278, A.D. 2026-Apr-03 13:29:03.0000,69.185634,-146182282.6137591,-32810162.59576095,-14233639.40007661,7.20476967538743,-27.57911161299188,-10.34398495031093,2026-04-03T13:27:53.814404
2461134.062534722, A.D. 2026-Apr-03 13:30:03.0000,69.185634,-146181852.1896092,-32811819.2396165,-14234259.86175304,7.14255081223295,-27.64230194629116,-10.33886935952756,2026-04-03T13:28:53.814360
2461134.063229166, A.D. 2026-Apr-03 13:31:03.0000,69.185634,-146181425.5241749,-32813479.66286603,-14234880.16010755,7.079516176249072,-27.70507253421794,-10.33855184269839,2026-04-03T13:29:53.814316
2461134.063923611, A.D. 2026-Apr-03 13:32:03.0000,69.185634,-146181002.6603499,-32815143.83433642,-14235500.58377575,7.015867573843307,-27.7672227523542,-10.34305279163845,2026-04-03T13:30:53.814353
2461134.064618056, A.D. 2026-Apr-03 13:33:03.0000,69.185634,-146180583.6290336,-32816811.71077886,-14236121.42177315,6.951800618240092,-27.828554301741,-10.35236546783299,2026-04-03T13:31:53.814430
2461134.0653125, A.D. 2026-Apr-03 13:34:03.0000,69.185634,-146180168.4497463,-32818483.23755564,-14236742.96237964,6.887501555275459,-27.88888486650233,-10.36647643932847,2026-04-03T13:32:53.814386
2461134.066006945, A.D. 2026-Apr-03 13:35:03.0000,69.185634,-146179757.1306864,-32820158.34898337,-14237365.49294763,6.823161912466994,-27.948024201133,-10.38536413977109,2026-04-03T13:33:53.814423
2461134.066701389, A.D. 2026-Apr-03 13:36:03.0000,69.185634,-146179349.6684498,-32821836.967675,-14237989.29889396,6.75897707225314,-28.00577665680504,-10.40898588391223,2026-04-03T13:34:53.814379
2461134.067395833, A.D. 2026-Apr-03 13:37:03.0000,69.185634,-146178946.0477394,-32823519.00490321,-14238614.66263124,6.695148620867894,-28.06196091340541,-10.43728583377635,2026-04-03T13:35:53.814335
2461134.068090278, A.D. 2026-Apr-03 13:38:03.0000,69.185634,-146178546.2409805,-32825204.36133588,-14239241.86281137,6.631882811165767,-28.11640265137364,-10.47019231926619,2026-04-03T13:36:53.814412
2461134.068784722, A.D. 2026-Apr-03 13:39:03.0000,69.185634,-146178150.2082875,-32826892.92732243,-14239871.17313345,6.569382614371007,-28.16893311618151,-10.50761216420477,2026-04-03T13:37:53.814368
2461134.069479167, A.D. 2026-Apr-03 13:40:03.0000,69.185634,-146177757.8979663,-32828584.58335904,-14240502.86108981,6.507835828697742,-28.21939426943472,-10.54943206580373,2026-04-03T13:38:53.814405
2461134.070173611, A.D. 2026-Apr-03 13:41:03.0000,69.185634,-146177369.2478396,-32830279.20110404,-14241137.18731936,6.447406230100122,-28.26764757953114,-10.59554619715809,2026-04-03T13:39:53.814361
2461134.070868055, A.D. 2026-Apr-03 13:42:03.0000,69.185634,-146176984.1855093,-32831976.64341298,-14241774.40703597,6.388280416397564,-28.31352978787837,-10.64587121869091,2026-04-03T13:40:53.814317
2461134.0715625, A.D. 2026-Apr-03 13:43:03.0000,69.185634,-146176602.6261601,-32833676.76234846,-14242414.76935073,6.330680280386349,-28.35685190190338,-10.70027685286502,2026-04-03T13:41:53.814394
2461134.072256945, A.D. 2026-Apr-03 13:44:03.0000,69.185634,-146176224.4718225,-32835379.39927657,-14243058.51369315,6.274815293612773,-28.39745242187402,-10.7585791905507,2026-04-03T13:42:53.814431
2461134.072951389, A.D. 2026-Apr-03 13:45:03.0000,69.185634,-146175849.6125731,-32837084.3867146,-14243705.86815956,6.220878799484837,-28.4351925761602,-10.8205871966392,2026-04-03T13:43:53.814387
2461134.073645833, A.D. 2026-Apr-03 13:46:03.0000,69.185634,-146175477.9268175,-32838791.54900454,-14244357.04887342,6.169065744934769,-28.46993980037887,-10.88608635546819,2026-04-03T13:44:53.814343
2461134.074340278, A.D. 2026-Apr-03 13:47:03.0000,69.185634,-146175109.2820162,-32840500.7032242,-14245012.25801492,6.119538881600132,-28.50158679223135,-10.95483283136531,2026-04-03T13:45:53.814380
2461134.075034722, A.D. 2026-Apr-03 13:48:03.0000,69.185634,-146174743.5372291,-32842211.66076948,-14245671.68350137,6.072420159415317,-28.53004917113674,-11.02660344894612,2026-04-03T13:46:53.814376
2461134.075729167, A.D. 2026-Apr-03 13:49:03.0000,69.185634,-146174380.5439474,-32843924.22803028,-14246335.50090057,6.027850345334016,-28.55524111252532,-11.10119849030197,2026-04-03T13:47:53.814413
2461134.076423611, A.D. 2026-Apr-03 13:50:03.0000,69.185634,-146174020.1446606,-32845638.20650735,-14247003.8728967,5.98597849506326,-28.57708893190626,-11.17838935601527,2026-04-03T13:48:53.814369
2461134.077118055, A.D. 2026-Apr-03 13:51:03.0000,69.185634,-146173662.1735442,-32847353.39358817,-14247676.94825602,5.9469332645475,-28.59552766433505,-11.25794347048707,2026-04-03T13:49:53.814325
2461134.0778125, A.D. 2026-Apr-03 13:52:03.0000,69.185634,-146173306.4573267,-32849069.5828773,-14248354.86177417,5.910837300464726,-28.61049493569266,-11.33962521347981,2026-04-03T13:50:53.814362
2461134.078506944, A.D. 2026-Apr-03 13:53:03.0000,69.185634,-146172952.8153351,-32850786.56426857,-14249037.73363819,5.877814685483182,-28.62192985881372,-11.4231815065146,2026-04-03T13:51:53.814318
2461134.079201389, A.D. 2026-Apr-03 13:54:03.0000,69.185634,-146172601.0594763,-32852504.12439584,-14249725.66798922,5.847985577182243,-28.62979090897587,-11.50832968314973,2026-04-03T13:52:53.814395
2461134.079895834, A.D. 2026-Apr-03 13:55:03.0000,69.185634,-146172250.995275,-32854222.04859843,-14250418.75164179,5.821439573984162,-28.63407354342732,-11.59478326374161,2026-04-03T13:53:53.814432
2461134.080590278, A.D. 2026-Apr-03 13:56:03.0000,69.185634,-146171902.4235546,-32855940.1222261,-14251117.05497211,5.798249866476119,-28.63477720458262,-11.68227878089349,2026-04-03T13:54:53.814388
2461134.081284722, A.D. 2026-Apr-03 13:57:03.0000,69.185634,-146171555.1407301,-32857658.13047113,-14251820.63245165,5.778487703440983,-28.63190039124284,-11.77054559808207,2026-04-03T13:55:53.814344
2461134.081979167, A.D. 2026-Apr-03 13:58:03.0000,69.185634,-146171208.9394094,-32859375.85871126,-14252529.52209422,5.762209174271788,-28.62545048076426,-11.85930753428393,2026-04-03T13:56:53.814421
2461134.082673611, A.D. 2026-Apr-03 13:59:03.0000,69.185634,-146170863.6090631,-32861093.0931325,-14253243.7451767,5.74946334089579,-28.61544914417144,-11.94828216732118,2026-04-03T13:57:53.814377
2461134.083368056, A.D. 2026-Apr-03 14:00:03.0000,69.185634,-146170518.9365185,-32862809.62180611,-14253963.30598414,5.740287711869843,-28.60193548783317,-12.03718697172267,2026-04-03T13:58:53.814414
2461134.0840625, A.D. 2026-Apr-03 14:01:03.0000,69.185634,-146170174.706903,-32864525.2353817,-14254688.1918096,5.734701424190984,-28.58495754671199,-12.12573777980167,2026-04-03T13:59:53.814370
2461134.084756944, A.D. 2026-Apr-03 14:02:03.0000,69.185634,-146169830.7046054,-32866239.72783346,-14255418.37296004,5.732710697511735,-28.56457801113147,-12.21365307096187,2026-04-03T14:00:53.814326
2461134.085451389, A.D. 2026-Apr-03 14:03:03.0000,69.185634,-146169486.7139972,-32867952.89741705,-14256153.80314793,5.734309980339085,-28.54087622948444,-12.30066341713422,2026-04-03T14:01:53.814403
2461134.086145833, A.D. 2026-Apr-03 14:04:03.0000,69.185634,-146169142.5201218,-32869664.54729845,-14256894.42025132,5.739483202635714,-28.51393515606047,-12.38650741050666,2026-04-03T14:02:53.814359
2461134.086840278, A.D. 2026-Apr-03 14:05:03.0000,69.185634,-146168797.9092457,-32871374.4858296,-14257640.14637775,5.748204458893283,-28.48384620471771,-12.47092112584385,2026-04-03T14:03:53.814396
2461134.087534722, A.D. 2026-Apr-03 14:06:03.0000,69.185634,-146168452.6695998,-32873082.52722913,-14258390.88788917,5.76043389841246,-28.4507137775947,-12.55364450797366,2026-04-03T14:04:53.814352
2461134.088229167, A.D. 2026-Apr-03 14:07:03.0000,69.185634,-146168106.5922177,-32874788.49234865,-14259146.53568613,5.77611903733167,-28.4146560044869,-12.63442137258607,2026-04-03T14:05:53.814389
2461134.088923611, A.D. 2026-Apr-03 14:08:03.0000,69.185634,-146167759.4716077,-32876492.2098855,-14259906.96586692,5.795197156996911,-28.3758132255305,-12.71302329708163,2026-04-03T14:06:53.814385
2461134.089618056, A.D. 2026-Apr-03 14:09:03.0000,69.185634,-146167411.1060883,-32878193.51639833,-14260672.04195524,5.817604233967053,-28.33430070146093,-12.78924850534885,2026-04-03T14:07:53.814422
2461134.0903125, A.D. 2026-Apr-03 14:10:03.0000,69.185634,-146167061.2981319,-32879892.25493262,-14261441.61455344,5.843263108847938,-28.29023103853358,-12.8628659496532,2026-04-03T14:08:53.814378
2461134.091006944, A.D. 2026-Apr-03 14:11:03.0000,69.185634,-146166709.8553088,-32881588.27645272,-14262215.52036968,5.872083963153304,-28.24375387128486,-12.93365270472464,2026-04-03T14:09:53.814334
2461134.091701389, A.D. 2026-Apr-03 14:12:03.0000,69.185634,-146166356.5907192,-32883281.44129567,-14262993.58341409,5.903969736986099,-28.19502845143695,-13.00140520986147,2026-04-03T14:10:53.814371
2461134.092395833, A.D. 2026-Apr-03 14:13:03.0000,69.185634,-146166001.3238282,-32884971.61930614,-14263775.61592993,5.938806907791786,-28.14421090290006,-13.06593631656721,2026-04-03T14:11:53.814367
2461134.093090278, A.D. 2026-Apr-03 14:14:03.0000,69.185634,-146165643.8810085,-32886658.68958697,-14264561.41941992,5.976480355660341,-28.0914555207715,-13.12707282039723,2026-04-03T14:12:53.814404
2461134.093784722, A.D. 2026-Apr-03 14:15:03.0000,69.185634,-146165284.0956674,-32888342.54081713,-14265350.785081,6.016868198662357,-28.03692969023101,-13.18464486460137,2026-04-03T14:13:53.814360
2461134.094479166, A.D. 2026-Apr-03 14:16:03.0000,69.185634,-146164921.8088809,-32890023.07208195,-14266143.49435397,6.059837895478156,-27.98080993896734,-13.23849933717341,2026-04-03T14:14:53.814316
2461134.095173611, A.D. 2026-Apr-03 14:17:03.0000,69.185634,-146164556.8698144,-32891700.19294991,-14266939.32008177,6.105252692934521,-27.92326804766932,-13.2885014184384,2026-04-03T14:15:53.814353
2461134.095868056, A.D. 2026-Apr-03 14:18:03.0000,69.185634,-146164189.1359699,-32893373.82313785,-14267738.02737967,6.152971799912885,-27.86447156610059,-13.33452710164458,2026-04-03T14:16:53.814430
2461134.0965625, A.D. 2026-Apr-03 14:19:03.0000,69.185634,-146163818.4734105,-32895043.89253423,-14268539.37405681,6.20284978995727,-27.80459365761623,-13.37645727542336,2026-04-03T14:17:53.814386
2461134.097256945, A.D. 2026-Apr-03 14:20:03.0000,69.185634,-146163444.7571565,-32896710.34160861,-14269343.1111317,6.254733306295211,-27.74381241406209,-13.41418559371064,2026-04-03T14:18:53.814423
2461134.097951389, A.D. 2026-Apr-03 14:21:03.0000,69.185634,-146163067.8716495,-32898373.12153,-14270148.98369164,6.308462985293466,-27.68230716673125,-13.44762094493832,2026-04-03T14:19:53.814379
2461134.098645833, A.D. 2026-Apr-03 14:22:03.0000,69.185634,-146162687.710941,-32900032.19442961,-14270956.73175262,6.363876842441545,-27.62026404677775,-13.47668552562487,2026-04-03T14:20:53.814335
2461134.099340278, A.D. 2026-Apr-03 14:23:03.0000,69.185634,-146162304.1789318,-32901687.5335927,-14271766.09123151,6.42080989076411,-27.55786703546134,-13.50132065947005,2026-04-03T14:21:53.814412
2461134.100034722, A.D. 2026-Apr-03 14:24:03.0000,69.185634,-146161917.1894238,-32903339.12317654,-14272576.79495885,6.479096634960247,-27.4952947466662,-13.521481040088,2026-04-03T14:22:53.814368
2461134.100729167, A.D. 2026-Apr-03 14:25:03.0000,69.185634,-146161526.6662663,-32904986.95797979,-14273388.57331348,6.538566568261842,-27.43272366908334,-13.53713084349872,2026-04-03T14:23:53.814405
2461134.101423611, A.D. 2026-Apr-03 14:26:03.0000,69.185634,-146161132.5436538,-32906631.04317694,-14274201.15495635,6.59904742460968,-27.37032196375151,-13.54824764329554,2026-04-03T14:24:53.814361
2461134.102118055, A.D. 2026-Apr-03 14:27:03.0000,69.185634,-146160734.7660851,-32908271.39392903,-14275014.26735475,6.660366302518897,-27.3082574038529,-13.55481457083108,2026-04-03T14:25:53.814317
2461134.1028125, A.D. 2026-Apr-03 14:28:03.0000,69.185634,-146160333.2885723,-32909908.03565103,-14275827.63740904,6.722346653665791,-27.24670311380887,-13.55683136154175,2026-04-03T14:26:53.814394
2461134.103506945, A.D. 2026-Apr-03 14:29:03.0000,69.185634,-146159928.0766516,-32911541.00413568,-14276640.99260408,6.784815218215263,-27.18583040141723,-13.55431666680068,2026-04-03T14:27:53.814431
2461134.104201389, A.D. 2026-Apr-03 14:30:03.0000,69.185634,-146159519.1060673,-32913170.34528601,-14277454.06185221,6.847605049202404,-27.12580586872236,-13.54729832422606,2026-04-03T14:28:53.814387
2461134.104895833, A.D. 2026-Apr-03 14:31:03.0000,69.185634,-146159106.362462,-32914796.11491179,-14278266.57588206,6.910551191933362,-27.06679284473882,-13.53580799823884,2026-04-03T14:29:53.814343
2461134.105590278, A.D. 2026-Apr-03 14:32:03.0000,69.185634,-146158689.8417167,-32916418.37848604,-14279078.2674151,6.973475086407877,-27.0089495413826,-13.51988178356212,2026-04-03T14:30:53.814380
2461134.106284722, A.D. 2026-Apr-03 14:33:03.0000,69.185634,-146158269.5509509,-32918037.21082663,-14279888.87178987,7.036182666871859,-26.95243047753415,-13.49957455170169,2026-04-03T14:31:53.814376
2461134.106979167, A.D. 2026-Apr-03 14:34:03.0000,69.185634,-146157845.5087904,-32919652.69599431,-14280698.12864841,7.098490071619109,-26.8973883099302,-13.47497483014291,2026-04-03T14:32:53.814413
2461134.107673611, A.D. 2026-Apr-03 14:35:03.0000,69.185634,-146157417.7439668,-32921264.9268728,-14281505.78349242,7.160244680006524,-26.84396288895244,-13.44618291836738,2026-04-03T14:33:53.814369
2461134.108368055, A.D. 2026-Apr-03 14:36:03.0000,69.185634,-146156986.2938415,-32922874.00445491,-14282311.58743393,7.221305914801086,-26.79228811262675,-13.41328513757935,2026-04-03T14:34:53.814325
2461134.1090625, A.D. 2026-Apr-03 14:37:03.0000,69.185634,-146156551.2045397,-32924480.03798467,-14283115.29667254,7.281520079757152,-26.74250506590447,-13.37636861457785,2026-04-03T14:35:53.814362
2461134.109756944, A.D. 2026-Apr-03 14:38:03.0000,69.185634,-146156112.5318906,-32926083.14519063,-14283916.67306969,7.340717927523429,-26.69475423061715,-13.33553660956588,2026-04-03T14:36:53.814318
2461134.110451389, A.D. 2026-Apr-03 14:39:03.0000,69.185634,-146155670.3421165,-32927683.45194944,-14284715.48556769,7.398727173051743,-26.64916304723118,-13.29092385350883,2026-04-03T14:37:53.814395
2461134.111145834, A.D. 2026-Apr-03 14:40:03.0000,69.185634,-146155224.7110896,-32929281.09098039,-14285511.51170879,7.455400051774763,-26.60583375730966,-13.24267457009408,2026-04-03T14:38:53.814432
2461134.111840278, A.D. 2026-Apr-03 14:41:03.0000,69.185634,-146154775.7231065,-32930876.20098605,-14286304.53724433,7.510598475880197,-26.56486790916225,-13.19091939048196,2026-04-03T14:39:53.814388
2461134.112534722, A.D. 2026-Apr-03 14:42:03.0000,69.185634,-146154323.471013,-32932468.92693179,-14287094.35593423,7.564175809135198,-26.52636981379089,-13.13579926042643,2026-04-03T14:40:53.814344
2461134.113229167, A.D. 2026-Apr-03 14:43:03.0000,69.185634,-146153868.0563956,-32934059.41967443,-14287880.77049538,7.615989584718848,-26.49043131887034,-13.07746922894463,2026-04-03T14:41:53.814421
2461134.113923611, A.D. 2026-Apr-03 14:44:03.0000,69.185634,-146153409.5890942,-32935647.83546793,-14288663.59320213,7.665907824281574,-26.4571420511061,-13.01609395913875,2026-04-03T14:42:53.814377
2461134.114618056, A.D. 2026-Apr-03 14:45:03.0000,69.185634,-146152948.1864685,-32937234.33582019,-14289442.6464729,7.713811303191088,-26.42658589590636,-12.95184465839419,2026-04-03T14:43:53.814414
2461134.1153125, A.D. 2026-Apr-03 14:46:03.0000,69.185634,-146152483.9728671,-32938819.08698356,-14290217.76292055,7.759584628485204,-26.39883746701173,-12.8848897278741,2026-04-03T14:44:53.814370
2461134.116006944, A.D. 2026-Apr-03 14:47:03.0000,69.185634,-146152017.0795557,-32940402.25949919,-14290988.7852813,7.803113045447605,-26.37396625689586,-12.81539953388241,2026-04-03T14:45:53.814326
2461134.116701389, A.D. 2026-Apr-03 14:48:03.0000,69.185634,-146151547.6446257,-32941984.02806661,-14291755.5667549,7.84428351131773,-26.35204127923711,-12.74355371658691,2026-04-03T14:46:53.814403
2461134.117395833, A.D. 2026-Apr-03 14:49:03.0000,69.185634,-146151075.8129057,-32943564.57136301,-14292517.97175598,7.882985406510354,-26.33312414230005,-12.66954660747668,2026-04-03T14:47:53.814359
2461134.118090278, A.D. 2026-Apr-03 14:50:03.0000,69.185634,-146150601.7356131,-32945144.07128623,-14293275.87663581,7.919117341933813,-26.31726060083239,-12.59357955708041,2026-04-03T14:48:53.814396
2461134.118784722, A.D. 2026-Apr-03 14:51:03.0000,69.185634,-146150125.5697426,-32946722.71215047,-14294029.16980034,7.952587512414375,-26.30448679475938,-12.51585284443838,2026-04-03T14:49:53.814352
2461134.119479167, A.D. 2026-Apr-03 14:52:03.0000,69.185634,-146149647.4775747,-32948300.6802957,-14294777.75169401,7.983311257118566,-26.29483446885791,-12.43656790266992,2026-04-03T14:50:53.814389
2461134.120173611, A.D. 2026-Apr-03 14:53:03.0000,69.185634,-146149167.6263264,-32949878.16383567,-14295521.53493925,8.011208374453721,-26.28833077453498,-12.35593007381143,2026-04-03T14:51:53.814385
2461134.120868056, A.D. 2026-Apr-03 14:54:03.0000,69.185634,-146148686.1878556,-32951455.35227147,-14296260.44466372,8.036205175128789,-26.2849938415211,-12.27415002118919,2026-04-03T14:52:53.814422
2461134.1215625, A.D. 2026-Apr-03 14:55:03.0000,69.185634,-146148203.3381957,-32953032.43593964,-14296994.41864533,8.058235722416656,-26.28483463011496,-12.19143858395261,2026-04-03T14:53:53.814378
2461134.122256944, A.D. 2026-Apr-03 14:56:03.0000,69.185634,-146147719.2571671,-32954609.60568752,-14297723.4073707,8.07723963915526,-26.28785888125562,-12.10800882791035,2026-04-03T14:54:53.814334
2461134.122951389, A.D. 2026-Apr-03 14:57:03.0000,69.185634,-146147234.1280751,-32956187.05252175,-14298447.37417981,8.093160282786826,-26.29406593201255,-12.02407625449405,2026-04-03T14:55:53.814371
2461134.123645833, A.D. 2026-Apr-03 14:58:03.0000,69.185634,-146146748.1375962,-32957764.96715996,-14299166.29558414,8.105943467849956,-26.30344588589082,-11.93986639102997,2026-04-03T14:56:53.814367
2461134.124340278, A.D. 2026-Apr-03 14:59:03.0000,69.185634,-146146261.4751583,-32959343.53927742,-14299880.16180861,8.115553593010798,-26.31597462648688,-11.85560563958284,2026-04-03T14:57:53.814404
2461134.125034722, A.D. 2026-Apr-03 15:00:03.0000,69.185634,-146145774.331963,-32960922.95709288,-14300588.97620546,8.121962597470597,-26.33163025819421,-11.77150793825835,2026-04-03T14:58:53.814360
2461134.125729166, A.D. 2026-Apr-03 15:01:03.0000,69.185634,-146145286.9010477,-32962503.4074059,-14301292.75527386,8.12513948379421,-26.35038245410717,-11.68779991782624,2026-04-03T14:59:53.814316
2461134.126423611, A.D. 2026-Apr-03 15:02:03.0000,69.185634,-146144799.3769235,-32964085.07457742,-14301991.52923937,8.125067963241577,-26.37218315214677,-11.60470802198512,2026-04-03T15:00:53.814353
2461134.127118056, A.D. 2026-Apr-03 15:03:03.0000,69.185634,-146144311.9546889,-32965668.14011637,-14302685.34164703,8.12174249598054,-26.39698695979778,-11.52245259329473,2026-04-03T15:01:53.814430
2461134.1278125, A.D. 2026-Apr-03 15:04:03.0000,69.185634,-146143824.8296353,-32967252.78271206,-14303374.24950392,8.115162580210255,-26.42474226780198,-11.44126200948532,2026-04-03T15:02:53.814386
2461134.128506945, A.D. 2026-Apr-03 15:05:03.0000,69.185634,-146143338.1968959,-32968839.1775273,-14304058.32354283,8.105334016608726,-26.45538311580632,-11.36136394368914,2026-04-03T15:03:53.814423
2461134.129201389, A.D. 2026-Apr-03 15:06:03.0000,69.185634,-146142852.2510557,-32970427.49538099,-14304737.64799713,8.092269348863493,-26.48883167821684,-11.28298044632908,2026-04-03T15:04:53.814379
2461134.129895833, A.D. 2026-Apr-03 15:07:03.0000,69.185634,-146142367.1856707,-32972017.90225268,-14305412.32027279,8.075991213607868,-26.52500589455118,-11.20632927404712,2026-04-03T15:05:53.814335
2461134.130590278, A.D. 2026-Apr-03 15:08:03.0000,69.185634,-146141883.1925748,-32973610.5591424,-14306082.4509084,8.056534300700449,-26.56381983105468,-11.1316315246761,2026-04-03T15:06:53.814412
2461134.131284722, A.D. 2026-Apr-03 15:09:03.0000,69.185634,-146141400.4611382,-32975205.6214205,-14306748.1636786,8.033946075036429,-26.60517135833329,-11.05910360095855,2026-04-03T15:07:53.814368
2461134.131979167, A.D. 2026-Apr-03 15:10:03.0000,69.185634,-146140919.1776114,-32976803.23819687,-14307409.59483465,8.008281632514933,-26.64895753506126,-10.98894656541653,2026-04-03T15:08:53.814405
2461134.132673611, A.D. 2026-Apr-03 15:11:03.0000,69.185634,-146140439.524894,-32978403.55248561,-14308066.89265922,7.979597155008444,-26.69507510334851,-10.92136337499215,2026-04-03T15:09:53.814361
2461134.133368055, A.D. 2026-Apr-03 15:12:03.0000,69.185634,-146139961.682269,-32980006.70059414,-14308720.21782354,7.947959883300177,-26.74340231102978,-10.8565606058864,2026-04-03T15:10:53.814317
2461134.1340625, A.D. 2026-Apr-03 15:13:03.0000,69.185634,-146139485.8245415,-32981612.81120371,-14309369.7429328,7.913449754115721,-26.79381050559572,-10.79472851556011,2026-04-03T15:11:53.814394
2461134.134756945, A.D. 2026-Apr-03 15:14:03.0000,69.185634,-146139012.1216249,-32983222.00533637,-14310015.65170511,7.876149194764624,-26.84617122513493,-10.73604973782919,2026-04-03T15:12:53.814431
2461134.135451389, A.D. 2026-Apr-03 15:15:03.0000,69.185634,-146138540.7383328,-32984834.39604133,-14310658.13880285,7.836147223339417,-26.90034686352277,-10.6807062842463,2026-04-03T15:13:53.814387
2461134.136145833, A.D. 2026-Apr-03 15:16:03.0000,69.185634,-146138071.8337975,-32986450.08783287,-14311297.4096736,7.793544239532025,-26.95619064475619,-10.62887424805542,2026-04-03T15:14:53.814343
2461134.136840278, A.D. 2026-Apr-03 15:17:03.0000,69.185634,-146137605.5608259,-32988069.17623642,-14311933.68003837,7.748450318364152,-27.0135503922899,-10.58072029797052,2026-04-03T15:15:53.814380
2461134.137534722, A.D. 2026-Apr-03 15:18:03.0000,69.185634,-146137142.0653476,-32989691.74747941,-14312567.17538594,7.7009851232136,-27.07226736899804,-10.53640325040109,2026-04-03T15:16:53.814376
2461134.138229167, A.D. 2026-Apr-03 15:19:03.0000,69.185634,-146136681.4857484,-32991317.87799028,-14313198.13027906,7.651279024557086,-27.13217503313832,-10.4960642429459,2026-04-03T15:17:53.814413
2461134.138923611, A.D. 2026-Apr-03 15:20:03.0000,69.185634,-146136223.9526803,-32992947.63427916,-14313826.78729681,7.599458588051191,-27.1931099584647,-10.45983453702831,2026-04-03T15:18:53.814369
2461134.139618055, A.D. 2026-Apr-03 15:21:03.0000,69.185634,-146135769.5889055,-32994581.07288152,-14314453.39714701,7.545665119646213,-27.25489949077705,-10.42785096440785,2026-04-03T15:19:53.814325
2461134.1403125, A.D. 2026-Apr-03 15:22:03.0000,69.185634,-146135318.5081447,-32996218.23960298,-14315078.21802662,7.490053201439685,-27.31736250241734,-10.40022262740174,2026-04-03T15:20:53.814362
2461134.141006944, A.D. 2026-Apr-03 15:23:03.0000,69.185634,-146134870.8150787,-32997859.16962854,-14315701.51412378,7.432770191730676,-27.38032651286273,-10.37704689344227,2026-04-03T15:21:53.814318
2461134.141701389, A.D. 2026-Apr-03 15:24:03.0000,69.185634,-146134426.605218,-32999503.88769148,-14316323.55572373,7.373978907146951,-27.4436115080791,-10.35842633202143,2026-04-03T15:22:53.814395
2461134.142395834, A.D. 2026-Apr-03 15:25:03.0000,69.185634,-146133985.9638564,-33001152.40730088,-14316944.61860428,7.313851935575418,-27.50702509384108,-10.34443860235718,2026-04-03T15:23:53.814432
2461134.143090278, A.D. 2026-Apr-03 15:26:03.0000,69.185634,-146133548.9660676,-33002804.73040067,-14317564.98260302,7.252558908354853,-27.57037641876433,-10.33514541914174,2026-04-03T15:24:53.814388
2461134.143784722, A.D. 2026-Apr-03 15:27:03.0000,69.185634,-146133115.6764616,-33004460.84760713,-14318184.93112058,7.190280316264616,-27.63347737687464,-10.33060251525934,2026-04-03T15:25:53.814344
2461134.144479167, A.D. 2026-Apr-03 15:28:03.0000,69.185634,-146132686.148517,-33006120.73816773,-14318804.75050776,7.127206512819768,-27.69613642301392,-10.3308516530494,2026-04-03T15:26:53.814421
2461134.145173611, A.D. 2026-Apr-03 15:29:03.0000,69.185634,-146132260.4239702,-33007784.36968221,-14319424.72903628,7.063537728019306,-27.758156481534,-10.33591366000749,2026-04-03T15:27:53.814377
2461134.145868056, A.D. 2026-Apr-03 15:30:03.0000,69.185634,-146131838.5325397,-33009451.69787161,-14320045.15540045,6.999470848152234,-27.81934156353991,-10.34578216616845,2026-04-03T15:28:53.814414
2461134.1465625, A.D. 2026-Apr-03 15:31:03.0000,69.185634,-146131420.4925621,-33011122.66703525,-14320666.31752552,6.93519046555624,-27.87950573335745,-10.36044217675928,2026-04-03T15:29:53.814370
2461134.147256944, A.D. 2026-Apr-03 15:32:03.0000,69.185634,-146131006.3110977,-33012797.21018403,-14321288.50234829,6.870890527976092,-27.93845615024322,-10.37987183813241,2026-04-03T15:30:53.814326
2461134.147951389, A.D. 2026-Apr-03 15:33:03.0000,69.185634,-146130595.9832846,-33014475.24864865,-14321911.99477575,6.806772103240474,-27.99599981474109,-10.40402493483355,2026-04-03T15:31:53.814403
2461134.148645833, A.D. 2026-Apr-03 15:34:03.0000,69.185634,-146130189.4922661,-33016156.69261381,-14322537.07645305,6.743033964142819,-28.05195858010231,-10.4328418888834,2026-04-03T15:32:53.814359
2461134.149340278, A.D. 2026-Apr-03 15:35:03.0000,69.185634,-146129786.8091881,-33017841.44178496,-14323164.02514121,6.679877648355636,-28.10615958657772,-10.46625024756699,2026-04-03T15:33:53.814396
2461134.150034722, A.D. 2026-Apr-03 15:36:03.0000,69.185634,-146129387.8931324,-33019529.38567415,-14323793.11365964,6.617502241577783,-28.15843626015709,-10.50415843910154,2026-04-03T15:34:53.814352
2461134.150729167, A.D. 2026-Apr-03 15:37:03.0000,69.185634,-146128992.6915452,-33021220.40390754,-14324424.60871451,6.55609377947301,-28.20862692688047,-10.54645276348485,2026-04-03T15:35:53.814389
2461134.151423611, A.D. 2026-Apr-03 15:38:03.0000,69.185634,-146128601.1414749,-33022914.36703743,-14325058.77006475,6.495815680323215,-28.25658977658814,-10.59302649433558,2026-04-03T15:36:53.814385
2461134.152118056, A.D. 2026-Apr-03 15:39:03.0000,69.185634,-146128213.1696151,-33024611.13670336,-14325695.85201288,6.436858658103536,-28.30216188444672,-10.64379555096134,2026-04-03T15:37:53.814422
2461134.1528125, A.D. 2026-Apr-03 15:40:03.0000,69.185634,-146127828.6900035,-33026310.56385534,-14326336.10264541,6.379447330182735,-28.34515678156775,-10.69862584667425,2026-04-03T15:38:53.814378
2461134.153506944, A.D. 2026-Apr-03 15:41:03.0000,69.185634,-146127447.60354,-33028012.48895176,-14326979.76014678,6.323788637039393,-28.38541639089266,-10.75733140186308,2026-04-03T15:39:53.814334
2461134.154201389, A.D. 2026-Apr-03 15:42:03.0000,69.185634,-146127069.7993003,-33029716.74374708,-14327627.05131512,6.270074648272447,-28.42280437239371,-10.81972110051839,2026-04-03T15:40:53.814371
2461134.154895833, A.D. 2026-Apr-03 15:43:03.0000,69.185634,-146126695.154745,-33031423.15201857,-14328278.19100543,6.218499091909165,-28.45719167515817,-10.88558152172011,2026-04-03T15:41:53.814367
2461134.155590278, A.D. 2026-Apr-03 15:44:03.0000,69.185634,-146126323.5364291,-33033131.53043088,-14328933.38025961,6.169225843205068,-28.48847213591388,-10.95467111878584,2026-04-03T15:42:53.814404
2461134.156284722, A.D. 2026-Apr-03 15:45:03.0000,69.185634,-146125954.802344,-33034841.68993447,-14329592.80580527,6.122379785451173,-28.51655960473977,-11.0267621925061,2026-04-03T15:43:53.814360
2461134.156979166, A.D. 2026-Apr-03 15:46:03.0000,69.185634,-146125588.8028804,-33036553.43645179,-14330256.64167544,6.078099237647392,-28.54137051306478,-11.10165057341107,2026-04-03T15:44:53.814316
2461134.157673611, A.D. 2026-Apr-03 15:47:03.0000,69.185634,-146125225.3796587,-33038266.57122211,-14330925.0490429,6.036529965385639,-28.56283360379573,-11.17911214739821,2026-04-03T15:45:53.814353
2461134.158368056, A.D. 2026-Apr-03 15:48:03.0000,69.185634,-146124864.3660701,-33039980.89133118,-14331598.17534128,5.997799737221277,-28.58088091653499,-11.25891401310161,2026-04-03T15:46:53.814430
2461134.1590625, A.D. 2026-Apr-03 15:49:03.0000,69.185634,-146124505.5881319,-33041696.18992623,-14332276.15391756,5.962030343150277,-28.59544899917628,-11.34081849557845,2026-04-03T15:47:53.814386
2461134.159756945, A.D. 2026-Apr-03 15:50:03.0000,69.185634,-146124148.8644563,-33043412.25646825,-14332959.10341438,5.92934672071252,-28.60647849146479,-11.42457059667001,2026-04-03T15:48:53.814423
2461134.160451389, A.D. 2026-Apr-03 15:51:03.0000,69.185634,-146123794.0062486,-33045128.87735156,-14333647.12628269,5.899866751224204,-28.61393223004346,-11.5098860213458,2026-04-03T15:49:53.814379
2461134.161145833, A.D. 2026-Apr-03 15:52:03.0000,69.185634,-146123440.8185131,-33046845.8378658,-14334340.30771505,5.873677734709938,-28.6178071380103,-11.59648170277072,2026-04-03T15:50:53.814335
2461134.161840278, A.D. 2026-Apr-03 15:53:03.0000,69.185634,-146123089.1015872,-33048562.9232917,-14335038.71663808,5.850853533850181,-28.61810128581817,-11.68409528622658,2026-04-03T15:51:53.814412
2461134.162534722, A.D. 2026-Apr-03 15:54:03.0000,69.185634,-146122738.6513729,-33050279.91871708,-14335742.40604475,5.831465288327018,-28.61481322577414,-11.77245483540335,2026-04-03T15:52:53.814368
2461134.163229167, A.D. 2026-Apr-03 15:55:03.0000,69.185634,-146122389.2599872,-33051996.60942588,-14336451.41235816,5.815568598452344,-28.60795108505339,-11.86128173526585,2026-04-03T15:53:53.814405
2461134.163923611, A.D. 2026-Apr-03 15:56:03.0000,69.185634,-146122040.7164485,-33053712.78161986,-14337165.75514424,5.803211572450517,-28.59753907550972,-11.9502926161966,2026-04-03T15:54:53.814361
2461134.164618055, A.D. 2026-Apr-03 15:57:03.0000,69.185634,-146121692.8072079,-33055428.22347195,-14337885.43698914,5.794430433832187,-28.5836163106132,-12.03920539084963,2026-04-03T15:55:53.814317
2461134.1653125, A.D. 2026-Apr-03 15:58:03.0000,69.185634,-146121345.3170902,-33057142.72576614,-14338610.44346049,5.789243020076083,-28.56623205907598,-12.12773506225573,2026-04-03T15:56:53.814394
2461134.166006945, A.D. 2026-Apr-03 15:59:03.0000,69.185634,-146120998.030248,-33058856.08269069,-14339340.74311012,5.787654621800802,-28.54545105213301,-12.21560016205885,2026-04-03T15:57:53.814431
2461134.166701389, A.D. 2026-Apr-03 16:00:03.0000,69.185634,-146120650.7308804,-33060568.09282922,-14340076.28794754,5.789658509244066,-28.521353295658,-12.30253234089421,2026-04-03T15:58:53.814387
2461134.167395833, A.D. 2026-Apr-03 16:01:03.0000,69.185634,-146120303.2039132,-33062278.55967953,-14340817.01416127,5.795238088039496,-28.49402221559034,-12.38826968143812,2026-04-03T15:59:53.814343
2461134.168090278, A.D. 2026-Apr-03 16:02:03.0000,69.185634,-146119955.2355383,-33063987.29199535,-14341562.84213407,5.804366367352207,-28.46355050282973,-12.47254774230487,2026-04-03T16:00:53.814380
2461134.168784722, A.D. 2026-Apr-03 16:03:03.0000,69.185634,-146119606.6139909,-33065694.10447177,-14342313.67648921,5.817001994160888,-28.43004394105713,-12.55510684000163,2026-04-03T16:01:53.814376
2461134.169479167, A.D. 2026-Apr-03 16:04:03.0000,69.185634,-146119257.1303917,-33067398.818491,-14343069.40641239,5.833091108877461,-28.39362125954526,-12.63569077417385,2026-04-03T16:02:53.814413
2461134.170173611, A.D. 2026-Apr-03 16:05:03.0000,69.185634,-146118906.5794065,-33069101.26334469,-14343829.90632603,5.852570545377981,-28.35442396912713,-12.71407245615412,2026-04-03T16:03:53.814369
2461134.170868055, A.D. 2026-Apr-03 16:06:03.0000,69.185634,-146118554.7595284,-33070801.2762338,-14344595.0381062,5.875375604263823,-28.312568023731,-12.79004976584062,2026-04-03T16:04:53.814325
2461134.1715625, A.D. 2026-Apr-03 16:07:03.0000,69.185634,-146118201.4734633,-33072498.70091232,-14345364.65069368,5.901427974169415,-28.26816736315935,-12.86339187248998,2026-04-03T16:05:53.814362
2461134.172256944, A.D. 2026-Apr-03 16:08:03.0000,69.185634,-146117846.5290553,-33074193.38911808,-14346138.57916907,5.93063764071114,-28.22137287043918,-12.93387595724945,2026-04-03T16:06:53.814318
2461134.172951389, A.D. 2026-Apr-03 16:09:03.0000,69.185634,-146117489.7397932,-33075885.20206173,-14346916.64585893,5.962903410972518,-28.17234507023543,-13.00129768236632,2026-04-03T16:07:53.814395
2461134.173645834, A.D. 2026-Apr-03 16:10:03.0000,69.185634,-146117130.925721,-33077574.01047625,-14347698.66140967,5.998111153679192,-28.12124016268479,-13.06547293397425,2026-04-03T16:08:53.814432
2461134.174340278, A.D. 2026-Apr-03 16:11:03.0000,69.185634,-146116769.9137152,-33079259.69441164,-14348484.42586029,6.036147526616754,-28.06821438885963,-13.12622921375548,2026-04-03T16:09:53.814388
2461134.175034722, A.D. 2026-Apr-03 16:12:03.0000,69.185634,-146116406.5376974,-33080942.14363586,-14349273.72891925,6.076888155554644,-28.01343671231811,-13.18339600980403,2026-04-03T16:10:53.814344
2461134.175729167, A.D. 2026-Apr-03 16:13:03.0000,69.185634,-146116040.6394425,-33082621.25833762,-14350066.35054323,6.12019787794539,-27.95708338981278,-13.23682105289192,2026-04-03T16:11:53.814421
2461134.176423611, A.D. 2026-Apr-03 16:14:03.0000,69.185634,-146115672.0689016,-33084296.94919958,-14350862.06218517,6.165939476816297,-27.89932721842408,-13.28637175956269,2026-04-03T16:12:53.814377
2461134.177118056, A.D. 2026-Apr-03 16:15:03.0000,69.185634,-146115300.6843649,-33085969.13711459,-14351660.62771276,6.213972240270264,-27.84033601590364,-13.33192592487128,2026-04-03T16:13:53.814414
2461134.1778125, A.D. 2026-Apr-03 16:16:03.0000,69.185634,-146114926.3527241,-33087637.75315582,-14352461.80372505,6.264149151107846,-27.78028349339215,-13.37336454660497,2026-04-03T16:14:53.814370
2461134.178506944, A.D. 2026-Apr-03 16:17:03.0000,69.185634,-146114548.949932,-33089302.73902239,-14353265.34008353,6.316315675552898,-27.71934872616224,-13.41058320135775,2026-04-03T16:15:53.814326
2461134.179201389, A.D. 2026-Apr-03 16:18:03.0000,69.185634,-146114168.361356,-33090964.0471865,-14354070.98083755,6.370313085103364,-27.65771203018509,-13.44349159637349,2026-04-03T16:16:53.814403
2461134.179895833, A.D. 2026-Apr-03 16:19:03.0000,69.185634,-146113784.4820545,-33092621.64112225,-14354878.46496233,6.425976270637401,-27.59555997553807,-13.47201235573739,2026-04-03T16:17:53.814359
2461134.180590278, A.D. 2026-Apr-03 16:20:03.0000,69.185634,-146113397.2170738,-33094275.49548495,-14355687.5274007,6.483139026210843,-27.53307776982863,-13.496088177189,2026-04-03T16:18:53.814396
2461134.181284722, A.D. 2026-Apr-03 16:21:03.0000,69.185634,-146113006.4814295,-33095925.59590815,-14356497.90012216,6.541634360718724,-27.47044541104525,-13.51567599222603,2026-04-03T16:19:53.814352
2461134.181979167, A.D. 2026-Apr-03 16:22:03.0000,69.185634,-146112612.2003297,-33097571.93867491,-14357309.31280034,6.601289219244742,-27.40783805025002,-13.53074327104222,2026-04-03T16:20:53.814389
2461134.182673611, A.D. 2026-Apr-03 16:23:03.0000,69.185634,-146112214.3093352,-33099214.53034828,-14358121.4935763,6.661933478020485,-27.34542324093383,-13.54126981256671,2026-04-03T16:21:53.814385
2461134.183368056, A.D. 2026-Apr-03 16:24:03.0000,69.185634,-146111812.7541823,-33100853.38751495,-14358934.16949822,6.723395870454882,-27.28336975048339,-13.54724006349149,2026-04-03T16:22:53.814422
2461134.1840625, A.D. 2026-Apr-03 16:25:03.0000,69.185634,-146111407.4910406,-33102488.53709155,-14359747.06710538,6.785500770071864,-27.22185282403218,-13.54865486541501,2026-04-03T16:23:53.814378
2461134.184756944, A.D. 2026-Apr-03 16:26:03.0000,69.185634,-146110998.4866171,-33104120.01646421,-14360559.91361782,6.848073377815904,-27.16104358805829,-13.54553424728443,2026-04-03T16:24:53.814334
2461134.185451389, A.D. 2026-Apr-03 16:27:03.0000,69.185634,-146110585.7180137,-33105747.87308937,-14361372.43770125,6.910942043256605,-27.10110868759154,-13.53790585352993,2026-04-03T16:25:53.814371
2461134.186145833, A.D. 2026-Apr-03 16:28:03.0000,69.185634,-146110169.1725352,-33107372.16438296,-14362184.36990973,6.973937399834282,-27.04221237367295,-13.52580479681847,2026-04-03T16:26:53.814367
2461134.186840278, A.D. 2026-Apr-03 16:29:03.0000,69.185634,-146109748.8478256,-33108992.95736711,-14362995.44313578,7.036882704580505,-26.98450958302195,-13.50927399164424,2026-04-03T16:27:53.814404
2461134.187534722, A.D. 2026-Apr-03 16:30:03.0000,69.185634,-146109324.752462,-33110610.32816263,-14363805.39317901,7.099591031175638,-26.9281511648014,-13.48837028796708,2026-04-03T16:28:53.814360
2461134.188229166, A.D. 2026-Apr-03 16:31:03.0000,69.185634,-146108896.9062085,-33112224.36197302,-14364613.9600769,7.16188050767217,-26.87328771472829,-13.46317866259808,2026-04-03T16:29:53.814316
2461134.188923611, A.D. 2026-Apr-03 16:32:03.0000,69.185634,-146108465.3389995,-33113835.15281106,-14365420.88951324,7.223595421458349,-26.82006189744903,-13.43379724368836,2026-04-03T16:30:53.814353
2461134.189618056, A.D. 2026-Apr-03 16:33:03.0000,69.185634,-146108030.089628,-33115442.8031204,-14366225.93283336,7.28459081052281,-26.76861381544522,-13.40031619543154,2026-04-03T16:31:53.814430
2461134.1903125, A.D. 2026-Apr-03 16:34:03.0000,69.185634,-146107591.2059374,-33117047.4237952,-14367028.84680057,7.344708428008701,-26.71908396891023,-13.36282883071239,2026-04-03T16:32:53.814386
2461134.191006945, A.D. 2026-Apr-03 16:35:03.0000,69.185634,-146107148.7456256,-33118649.13403352,-14367829.39416135,7.403779005416844,-26.67160906062046,-13.32144311031577,2026-04-03T16:33:53.814423
2461134.191701389, A.D. 2026-Apr-03 16:36:03.0000,69.185634,-146106702.7766297,-33120248.06094922,-14368627.34501273,7.461635112796959,-26.62631193525143,-13.27629691755942,2026-04-03T16:34:53.814379
2461134.192395833, A.D. 2026-Apr-03 16:37:03.0000,69.185634,-146106253.3762386,-33121844.33827033,-14369422.47805004,7.518132650251758,-26.58329322551999,-13.22753212318292,2026-04-03T16:35:53.814335
2461134.193090278, A.D. 2026-Apr-03 16:38:03.0000,69.185634,-146105800.6300946,-33123438.10573643,-14370214.58008599,7.573132689537716,-26.54265604601392,-13.17528001853836,2026-04-03T16:36:53.814412
2461134.193784722, A.D. 2026-Apr-03 16:39:03.0000,69.185634,-146105344.632419,-33125029.50935799,-14371003.44612827,7.626489761334005,-26.50450253365883,-13.1196854450096,2026-04-03T16:37:53.814368
2461134.194479167, A.D. 2026-Apr-03 16:40:03.0000,69.185634,-146104885.4860044,-33126618.7008837,-14371788.88022363,7.67806447811636,-26.46892325537512,-13.06090236308124,2026-04-03T16:38:53.814405
2461134.195173611, A.D. 2026-Apr-03 16:41:03.0000,69.185634,-146104423.3018269,-33128205.83746931,-14372570.69591598,7.72772398884725,-26.43600818112517,-12.99909542697184,2026-04-03T16:39:53.814361
2461134.195868055, A.D. 2026-Apr-03 16:42:03.0000,69.185634,-146103958.1984907,-33129791.08146347,-14373348.71697127,7.775347225991721,-26.405839305248,-12.93443831289937,2026-04-03T16:40:53.814317
2461134.1965625, A.D. 2026-Apr-03 16:43:03.0000,69.185634,-146103490.3016189,-33131374.59985319,-14374122.77750463,7.820819732035458,-26.3784896423373,-12.86710142058915,2026-04-03T16:41:53.814394
2461134.197256945, A.D. 2026-Apr-03 16:44:03.0000,69.185634,-146103019.743654,-33132956.56387913,-14374892.7218361,7.864028577198857,-26.35402940215708,-12.7972564453524,2026-04-03T16:42:53.814431
2461134.197951389, A.D. 2026-Apr-03 16:45:03.0000,69.185634,-146102546.663803,-33134537.14897775,-14375658.40487255,7.904860855338289,-26.33252705942825,-12.72508572301549,2026-04-03T16:43:53.814387
2461134.198645833, A.D. 2026-Apr-03 16:46:03.0000,69.185634,-146102071.2079944,-33136116.53442425,-14376419.69290205,7.943206919312463,-26.31404086840161,-12.65078593724243,2026-04-03T16:44:53.814343
2461134.199340278, A.D. 2026-Apr-03 16:47:03.0000,69.185634,-146101593.5284288,-33137694.90253546,-14377176.46421921,7.978967822111638,-26.2986140058574,-12.57455834817586,2026-04-03T16:45:53.814380
2461134.200034722, A.D. 2026-Apr-03 16:48:03.0000,69.185634,-146101113.7829574,-33139272.43793225,-14377928.60913403,8.012053514060387,-26.28628179006787,-12.4966027786989,2026-04-03T16:46:53.814376
2461134.200729167, A.D. 2026-Apr-03 16:49:03.0000,69.185634,-146100632.134639,-33140849.32723202,-14378676.03000592,8.042380198273063,-26.27707519427403,-12.41712118333681,2026-04-03T16:47:53.814413
2461134.201423611, A.D. 2026-Apr-03 16:50:03.0000,69.185634,-146100148.7514178,-33142425.75876248,-14379418.64142519,8.069868684674699,-26.27101985253157,-12.33631994391932,2026-04-03T16:48:53.814369
2461134.202118055, A.D. 2026-Apr-03 16:51:03.0000,69.185634,-146099663.805797,-33144001.92211384,-14380156.37051745,8.094446932642107,-26.26813212046731,-12.25440980290605,2026-04-03T16:49:53.814325
2461134.2028125, A.D. 2026-Apr-03 16:52:03.0000,69.185634,-146099177.4743685,-33145578.00764268,-14380889.1570624,8.116050167362896,-26.26842181304979,-12.17160177540003,2026-04-03T16:50:53.814362
2461134.203506944, A.D. 2026-Apr-03 16:53:03.0000,69.185634,-146098689.9374421,-33147154.20614963,-14381616.95357171,8.134619231571751,-26.27189338748545,-12.08810935264886,2026-04-03T16:51:53.814318
2461134.204201389, A.D. 2026-Apr-03 16:54:03.0000,69.185634,-146098201.3787456,-33148730.70849063,-14382339.72542501,8.150098499385184,-26.27854474063896,-12.00414843531135,2026-04-03T16:52:53.814395
2461134.204895834, A.D. 2026-Apr-03 16:55:03.0000,69.185634,-146097711.9853005,-33150307.70514909,-14383057.45122051,8.162435505502796,-26.28836370232915,-11.91994493634441,2026-04-03T16:53:53.814432
2461134.205590278, A.D. 2026-Apr-03 16:56:03.0000,69.185634,-146097221.946756,-33151885.3854339,-14383770.12321037,8.171596769085902,-26.30132544913875,-11.83572356514531,2026-04-03T16:54:53.814388
2461134.206284722, A.D. 2026-Apr-03 16:57:03.0000,69.185634,-146096731.4544558,-33153463.93722659,-14384477.74674449,8.177554707467289,-26.31740794967646,-11.75169924167228,2026-04-03T16:55:53.814344
2461134.206979167, A.D. 2026-Apr-03 16:58:03.0000,69.185634,-146096240.7015236,-33155043.54686565,-14385180.34039647,8.180280220454852,-26.33657798352103,-11.66809923439709,2026-04-03T16:56:53.814421
2461134.207673611, A.D. 2026-Apr-03 16:59:03.0000,69.185634,-146095749.8824215,-33156624.3981354,-14385877.93641422,8.17975896903292,-26.35878667386728,-11.58514813745784,2026-04-03T16:57:53.814377
2461134.208368056, A.D. 2026-Apr-03 17:00:03.0000,69.185634,-146095259.1921203,-33158206.67195054,-14386570.5803115,8.17598643466397,-26.38398819136516,-11.50306667288038,2026-04-03T16:58:53.814414
2461134.2090625, A.D. 2026-Apr-03 17:01:03.0000,69.185634,-146094768.8257127,-33159790.54631856,-14387258.33108414,8.168963423051622,-26.41212879073838,-11.42208285253026,2026-04-03T16:59:53.814370
2461134.209756944, A.D. 2026-Apr-03 17:02:03.0000,69.185634,-146094278.9780521,-33161376.19561119,-14387941.26139546,8.158697068750781,-26.44314112201537,-11.34242308586959,2026-04-03T17:00:53.814326
2461134.210451389, A.D. 2026-Apr-03 17:03:03.0000,69.185634,-146093789.8433729,-33162963.78978795,-14388619.45734444,8.14520112690994,-26.47694631138462,-11.26430865024026,2026-04-03T17:01:53.814403
2461134.211145833, A.D. 2026-Apr-03 17:04:03.0000,69.185634,-146093301.614785,-33164553.49391176,-14389293.01815876,8.128500028593887,-26.51346149902328,-11.18795646038216,2026-04-03T17:02:53.814359
2461134.211840278, A.D. 2026-Apr-03 17:05:03.0000,69.185634,-146092814.4835764,-33166145.46801038,-14389962.05614978,8.10862999272617,-26.55259922452938,-11.11358673607272,2026-04-03T17:03:53.814396
2461134.212534722, A.D. 2026-Apr-03 17:06:03.0000,69.185634,-146092328.6384801,-33167739.86635982,-14390626.69677232,8.08564006344583,-26.59425598541297,-11.04141375410245,2026-04-03T17:04:53.814352
2461134.213229167, A.D. 2026-Apr-03 17:07:03.0000,69.185634,-146091844.2650373,-33169336.83696343,-14391287.07782112,8.059585831032855,-26.63832893586162,-10.97163619520566,2026-04-03T17:05:53.814389
2461134.213923611, A.D. 2026-Apr-03 17:08:03.0000,69.185634,-146091361.5454415,-33170936.52172139,-14391943.34903935,8.03052359610268,-26.68471397955582,-10.90445690310796,2026-04-03T17:06:53.814385
2461134.214618056, A.D. 2026-Apr-03 17:09:03.0000,69.185634,-146090880.6581787,-33172539.05572493,-14392595.67253905,7.99852318677452,-26.7332881861859,-10.84008132522773,2026-04-03T17:07:53.814422
2461134.2153125, A.D. 2026-Apr-03 17:10:03.0000,69.185634,-146090401.7771383,-33174144.56643892,-14393244.22225241,7.963665150761956,-26.78392279369287,-10.77869725084071,2026-04-03T17:08:53.814378
2461134.216006944, A.D. 2026-Apr-03 17:11:03.0000,69.185634,-146089925.0713432,-33175753.17361571,-14393889.18310587,7.926031563250866,-26.83648856480679,-10.72048639071437,2026-04-03T17:09:53.814334
2461134.216701389, A.D. 2026-Apr-03 17:12:03.0000,69.185634,-146089450.7046759,-33177364.98900481,-14394530.75093957,7.885712825594534,-26.89084706884106,-10.6656299474521,2026-04-03T17:10:53.814371
2461134.217395833, A.D. 2026-Apr-03 17:13:03.0000,69.185634,-146088978.8352419,-33178980.11577238,-14395169.13229745,7.84281100920835,-26.94685105372237,-10.6143024109473,2026-04-03T17:11:53.814367
2461134.218090278, A.D. 2026-Apr-03 17:14:03.0000,69.185634,-146088509.6147328,-33180598.64807944,-14395804.54389822,7.797437347615253,-27.00434816555779,-10.56666861428003,2026-04-03T17:12:53.814404
2461134.218784722, A.D. 2026-Apr-03 17:15:03.0000,69.185634,-146088043.1879289,-33182220.67075936,-14396437.21211554,7.749711653857345,-27.06317880705562,-10.52288536463258,2026-04-03T17:13:53.814360
2461134.219479166, A.D. 2026-Apr-03 17:16:03.0000,69.185634,-146087579.6920766,-33183846.25882041,-14397067.37224629,7.699763598174231,-27.12317668386878,-10.48309141465178,2026-04-03T17:14:53.814316
2461134.220173611, A.D. 2026-Apr-03 17:17:03.0000,69.185634,-146087119.2566725,-33185475.47737609,-14397695.26754849,7.647721831997362,-27.18417877335225,-10.44741810988804,2026-04-03T17:15:53.814353
2461134.220868056, A.D. 2026-Apr-03 17:18:03.0000,69.185634,-146086662.0031607,-33187108.38159883,-14398321.14933258,7.593729561002927,-27.24601308388977,-10.41599926885087,2026-04-03T17:16:53.814430
2461134.2215625, A.D. 2026-Apr-03 17:19:03.0000,69.185634,-146086208.0439419,-33188745.01594301,-14398945.27623372,7.537940538674134,-27.30849808867027,-10.38894240332194,2026-04-03T17:17:53.814386
2461134.222256945, A.D. 2026-Apr-03 17:20:03.0000,69.185634,-146085757.4823834,-33190385.41419785,-14399567.91282351,7.480502675263008,-27.37146017007604,-10.36634372922858,2026-04-03T17:18:53.814423
2461134.222951389, A.D. 2026-Apr-03 17:21:03.0000,69.185634,-146085310.4126741,-33192029.59969217,-14400189.32961107,7.421577575679314,-27.43472070204159,-10.34830239828885,2026-04-03T17:19:53.814379
2461134.223645833, A.D. 2026-Apr-03 17:22:03.0000,69.185634,-146084866.9188718,-33193677.58457282,-14400809.80251457,7.361338224685966,-27.49808671356607,-10.33489668368388,2026-04-03T17:20:53.814335
2461134.224340278, A.D. 2026-Apr-03 17:23:03.0000,69.185634,-146084427.0746523,-33195329.36939134,-14401429.61150153,7.299957490232302,-27.56136726863364,-10.32618623913579,2026-04-03T17:21:53.814412
2461134.225034722, A.D. 2026-Apr-03 17:24:03.0000,69.185634,-146083990.9431714,-33196984.9434099,-14402049.03990095,7.237614456512337,-27.62437550863525,-10.32222351779018,2026-04-03T17:22:53.814368
2461134.225729167, A.D. 2026-Apr-03 17:25:03.0000,69.185634,-146083558.5765456,-33198644.28454089,-14402668.37384118,7.174498239127664,-27.68691938329043,-10.32304764867365,2026-04-03T17:23:53.814405
2461134.226423611, A.D. 2026-Apr-03 17:26:03.0000,69.185634,-146083130.0152622,-33200307.35909666,-14403287.90123308,7.110806877692763,-27.7488043155101,-10.32867835456986,2026-04-03T17:24:53.814361
2461134.227118055, A.D. 2026-Apr-03 17:27:03.0000,69.185634,-146082705.2878821,-33201974.12168269,-14403907.91041864,7.046736645221289,-27.80983597727584,-10.33911031537002,2026-04-03T17:25:53.814317
2461134.2278125, A.D. 2026-Apr-03 17:28:03.0000,69.185634,-146082284.4115264,-33203644.51540167,-14404528.68899745,6.982474167247594,-27.86982508534581,-10.35432762869192,2026-04-03T17:26:53.814394
2461134.228506945, A.D. 2026-Apr-03 17:29:03.0000,69.185634,-146081867.3919096,-33205318.47193763,-14405150.52346824,6.918215980131972,-27.92857892135143,-10.37430601241831,2026-04-03T17:27:53.814431
2461134.229201389, A.D. 2026-Apr-03 17:30:03.0000,69.185634,-146081454.2226764,-33206995.9114637,-14405773.69815045,6.854164782085641,-27.98590893317479,-10.39899689130032,2026-04-03T17:28:53.814387
2461134.229895833, A.D. 2026-Apr-03 17:31:03.0000,69.185634,-146081044.8854817,-33208676.74319892,-14406398.49397377,6.790517442089325,-28.04163813067798,-10.42833876959759,2026-04-03T17:29:53.814343
2461134.230590278, A.D. 2026-Apr-03 17:32:03.0000,69.185634,-146080639.3501729,-33210360.86588825,-14407025.18786962,6.727471253848934,-28.0955938993468,-10.46225749023534,2026-04-03T17:30:53.814380
2461134.231284722, A.D. 2026-Apr-03 17:33:03.0000,69.185634,-146080237.574837,-33212048.16812189,-14407654.05181391,6.665220383459662,-28.14760930266904,-10.50066289153498,2026-04-03T17:31:53.814376
2461134.231979167, A.D. 2026-Apr-03 17:34:03.0000,69.185634,-146079839.5060354,-33213738.52845278,-14408285.35169908,6.603952154392227,-28.19751949823259,-10.54343957792833,2026-04-03T17:32:53.814413
2461134.232673611, A.D. 2026-Apr-03 17:35:03.0000,69.185634,-146079445.0798315,-33215431.81626245,-14408919.34633255,6.54383148973149,-28.2451824947002,-10.59047934567067,2026-04-03T17:33:53.814369
2461134.233368055, A.D. 2026-Apr-03 17:36:03.0000,69.185634,-146079054.2218391,-33217127.89207575,-14409556.28903943,6.485050738269567,-28.29043669246372,-10.64169800471279,2026-04-03T17:34:53.814325
2461134.2340625, A.D. 2026-Apr-03 17:37:03.0000,69.185634,-146078666.8449057,-33218826.60579975,-14410196.42683118,6.427835990694305,-28.33309749911792,-10.69695802130076,2026-04-03T17:35:53.814362
2461134.234756944, A.D. 2026-Apr-03 17:38:03.0000,69.185634,-146078282.8487642,-33220527.79700561,-14410839.99660861,6.372392257938798,-28.37300956022266,-10.75607093823654,2026-04-03T17:36:53.814318
2461134.235451389, A.D. 2026-Apr-03 17:39:03.0000,69.185634,-146077902.121432,-33222231.29672396,-14411487.22382173,6.318910275387578,-28.41003918006518,-10.81884549549792,2026-04-03T17:37:53.814395
2461134.236145834, A.D. 2026-Apr-03 17:40:03.0000,69.185634,-146077524.5394032,-33223936.92815837,-14412138.32198812,6.267581737926866,-28.44405984616852,-10.8850691279696,2026-04-03T17:38:53.814432
2461134.236840278, A.D. 2026-Apr-03 17:41:03.0000,69.185634,-146077149.968347,-33225644.50751543,-14412793.49092174,6.218571080241236,-28.47496628601921,-10.95450235143272,2026-04-03T17:39:53.814388
2461134.237534722, A.D. 2026-Apr-03 17:42:03.0000,69.185634,-146076778.2651866,-33227353.84531663,-14413452.91610954,6.172007368317103,-28.50267277294359,-11.02691427237644,2026-04-03T17:40:53.814344
2461134.238229167, A.D. 2026-Apr-03 17:43:03.0000,69.185634,-146076409.2791489,-33229064.74711806,-14414116.77006932,6.12802655413387,-28.52709846001923,-11.10209696042207,2026-04-03T17:41:53.814421
2461134.238923611, A.D. 2026-Apr-03 17:44:03.0000,69.185634,-146076042.8509581,-33230777.01396574,-14414785.21251493,6.086770636870928,-28.54817252029788,-11.17983087785013,2026-04-03T17:42:53.814377
2461134.239618056, A.D. 2026-Apr-03 17:45:03.0000,69.185634,-146075678.8131983,-33232490.44261162,-14415458.38954909,6.048367118716295,-28.56582384067955,-11.25988167400414,2026-04-03T17:43:53.814414
2461134.2403125, A.D. 2026-Apr-03 17:46:03.0000,69.185634,-146075316.9911044,-33234204.82577523,-14416136.43301738,6.01293700814407,-28.57998885571001,-11.34200881115987,2026-04-03T17:44:53.814370
2461134.241006944, A.D. 2026-Apr-03 17:47:03.0000,69.185634,-146074957.2025341,-33235919.95252291,-14416819.45993483,5.980605456055616,-28.5906099880135,-11.42595538300813,2026-04-03T17:45:53.814326
2461134.241701389, A.D. 2026-Apr-03 17:48:03.0000,69.185634,-146074599.2579896,-33237635.609063,-14417507.5710125,5.951487555108785,-28.59765428860496,-11.51143630192734,2026-04-03T17:46:53.814403
2461134.242395833, A.D. 2026-Apr-03 17:49:03.0000,69.185634,-146074242.9619482,-33239351.58067737,-14418200.84980495,5.9256687678102,-28.60111963372707,-11.59817197835089,2026-04-03T17:47:53.814359
2461134.243090278, A.D. 2026-Apr-03 17:50:03.0000,69.185634,-146073888.1142432,-33241067.6525841,-14418899.36374099,5.903223476131761,-28.60100267319067,-11.68590047394235,2026-04-03T17:48:53.814396
2461134.243784722, A.D. 2026-Apr-03 17:51:03.0000,69.185634,-146073534.5102627,-33242783.60978431,-14419603.16427482,5.884222477357949,-28.5973021149494,-11.77434857720375,2026-04-03T17:49:53.814352
2461134.244479167, A.D. 2026-Apr-03 17:52:03.0000,69.185634,-146073181.941635,-33244499.23750244,-14420312.28618203,5.868720969519289,-28.59002722000099,-11.86323541191463,2026-04-03T17:50:53.814389
2461134.245173611, A.D. 2026-Apr-03 17:53:03.0000,69.185634,-146072830.1969307,-33246214.32200767,-14421026.74728016,5.856765973139823,-28.5792048135295,-11.95227718502442,2026-04-03T17:51:53.814385
2461134.245868056, A.D. 2026-Apr-03 17:54:03.0000,69.185634,-146072479.0622289,-33247928.65161368,-14421746.54843004,5.848392398352829,-28.56487375344268,-12.04119178475585,2026-04-03T17:52:53.814422
2461134.2465625, A.D. 2026-Apr-03 17:55:03.0000,69.185634,-146072128.3220694,-33249642.01726229,-14422471.67342011,5.843616629384009,-28.54708478865126,-12.12969346881729,2026-04-03T17:53:53.814378
2461134.247256944, A.D. 2026-Apr-03 17:56:03.0000,69.185634,-146071777.760386,-33251354.21341909,-14423202.08902133,5.842442971894539,-28.52590466747862,-12.21750116717869,2026-04-03T17:54:53.814334
2461134.247951389, A.D. 2026-Apr-03 17:57:03.0000,69.185634,-146071427.1612269,-33253065.03903024,-14423937.74551837,5.844863613702144,-28.50141384831937,-12.3043475454771,2026-04-03T17:55:53.814371
2461134.248645833, A.D. 2026-Apr-03 17:58:03.0000,69.185634,-146071076.3094195,-33254774.29796566,-14424678.5773792,5.85086128281849,-28.47369643344399,-12.38997013752846,2026-04-03T17:56:53.814367
2461134.249340278, A.D. 2026-Apr-03 17:59:03.0000,69.185634,-146070724.9911069,-33256481.79942505,-14425424.50323572,5.860407824663096,-28.44284639531231,-12.47410403248787,2026-04-03T17:57:53.814404
2461134.250034722, A.D. 2026-Apr-03 18:00:03.0000,69.185634,-146070372.9945607,-33258187.35862353,-14426175.42595555,5.873460341399964,-28.40897076782636,-12.5564901374169,2026-04-03T17:58:53.814360
2461134.250729166, A.D. 2026-Apr-03 18:01:03.0000,69.185634,-146070020.1110246,-33259890.79750917,-14426931.23300196,5.889963549918717,-28.37218880607184,-12.63687248054269,2026-04-03T17:59:53.814316
2461134.251423611, A.D. 2026-Apr-03 18:02:03.0000,69.185634,-146069666.135349,-33261591.94599888,-14427691.79711681,5.909853931086142,-28.33264327574876,-12.71502498209864,2026-04-03T18:00:53.814353
2461134.252118056, A.D. 2026-Apr-03 18:03:03.0000,69.185634,-146069310.8662388,-33263290.64198608,-14428456.97851553,5.93306586718283,-28.29045079388908,-12.79074513382897,2026-04-03T18:01:53.814430
2461134.2528125, A.D. 2026-Apr-03 18:04:03.0000,69.185634,-146068954.1066799,-33264986.72995041,-14429226.62446254,5.959520108373939,-28.24572654715272,-12.86380269438407,2026-04-03T18:02:53.814386
2461134.253506945, A.D. 2026-Apr-03 18:05:03.0000,69.185634,-146068595.6648153,-33266680.0624571,-14430000.56840582,5.989126085637116,-28.19862297616108,-12.93397452117393,2026-04-03T18:03:53.814423
2461134.254201389, A.D. 2026-Apr-03 18:06:03.0000,69.185634,-146068235.3546011,-33268370.50160762,-14430778.63100526,6.021778333377378,-28.14930085277997,-13.00105700566312,2026-04-03T18:04:53.814379
2461134.254895833, A.D. 2026-Apr-03 18:07:03.0000,69.185634,-146067872.9966809,-33270057.9190218,-14431560.62136562,6.05736317407499,-28.09791683516843,-13.06486838650509,2026-04-03T18:05:53.814335
2461134.255590278, A.D. 2026-Apr-03 18:08:03.0000,69.185634,-146067508.4184405,-33271742.19574128,-14432346.33804332,6.095768168467015,-28.04463013019824,-13.12523542828205,2026-04-03T18:06:53.814412
2461134.256284722, A.D. 2026-Apr-03 18:09:03.0000,69.185634,-146067141.4544142,-33273423.22265816,-14433135.56923415,6.136865498075897,-27.98961007350782,-13.18198847667543,2026-04-03T18:07:53.814368
2461134.256979167, A.D. 2026-Apr-03 18:10:03.0000,69.185634,-146066771.947147,-33275100.90104949,-14433928.09345644,6.180518548082812,-27.93303233067556,-13.2349763436893,2026-04-03T18:08:53.814405
2461134.257673611, A.D. 2026-Apr-03 18:11:03.0000,69.185634,-146066399.7473984,-33276775.14271642,-14434723.68079768,6.226589935190078,-27.87507154831673,-13.28406809023129,2026-04-03T18:09:53.814361
2461134.258368055, A.D. 2026-Apr-03 18:12:03.0000,69.185634,-146066024.7142729,-33278445.86977884,-14435522.09389713,6.274938760201168,-27.81589590705197,-13.32914355370808,2026-04-03T18:10:53.814317
2461134.2590625, A.D. 2026-Apr-03 18:13:03.0000,69.185634,-146065646.7155235,-33280113.01450188,-14436323.08817519,6.325416667780476,-27.75567925265214,-13.37008421408844,2026-04-03T18:11:53.814394
2461134.259756945, A.D. 2026-Apr-03 18:14:03.0000,69.185634,-146065265.6280416,-33281776.51984389,-14437126.41238424,6.377868127829646,-27.69460178327127,-13.40678709863853,2026-04-03T18:12:53.814431
2461134.260451389, A.D. 2026-Apr-03 18:15:03.0000,69.185634,-146064881.3381726,-33283436.33959863,-14437931.80952665,6.432133581773685,-27.632845077372,-13.439162621865,2026-04-03T18:13:53.814387
2461134.261145833, A.D. 2026-Apr-03 18:16:03.0000,69.185634,-146064493.7420558,-33285092.43858163,-14438739.01758583,6.488046031331444,-27.5705950020482,-13.46713460741744,2026-04-03T18:14:53.814343
2461134.261840278, A.D. 2026-Apr-03 18:17:03.0000,69.185634,-146064102.7458932,-33286744.79282358,-14439547.77057255,6.545438004435217,-27.50803870517382,-13.49064655106581,2026-04-03T18:15:53.814380
2461134.262534722, A.D. 2026-Apr-03 18:18:03.0000,69.185634,-146063708.2659661,-33288393.38943999,-14440357.79962699,6.604140333741254,-27.44535734809653,-13.50965838583763,2026-04-03T18:16:53.814376
2461134.263229167, A.D. 2026-Apr-03 18:19:03.0000,69.185634,-146063310.2288568,-33290038.22613866,-14441168.83381032,6.663979357300946,-27.38272327737226,-13.52414096018295,2026-04-03T18:17:53.814413
2461134.263923611, A.D. 2026-Apr-03 18:20:03.0000,69.185634,-146062908.5714458,-33291679.31082545,-14441980.60076565,6.724786440306266,-27.32030489956224,-13.53407484041913,2026-04-03T18:18:53.814369
2461134.264618055, A.D. 2026-Apr-03 18:21:03.0000,69.185634,-146062503.2407131,-33293316.66153265,-14442792.82710185,6.786391571360594,-27.25827316193353,-13.53944565713375,2026-04-03T18:19:53.814325
2461134.2653125, A.D. 2026-Apr-03 18:22:03.0000,69.185634,-146062094.1940504,-33294950.30681472,-14443605.23899189,6.848617950214064,-27.19680671864706,-13.54025609592552,2026-04-03T18:20:53.814362
2461134.266006944, A.D. 2026-Apr-03 18:23:03.0000,69.185634,-146061681.399502,-33296580.28574363,-14444417.56345426,6.911288811006806,-27.13607469486799,-13.53652884800189,2026-04-03T18:21:53.814318
2461134.266701389, A.D. 2026-Apr-03 18:24:03.0000,69.185634,-146061264.8356428,-33298206.64725963,-14445229.52901419,6.974229674202627,-27.07624017039765,-13.52829112932904,2026-04-03T18:22:53.814395
2461134.267395834, A.D. 2026-Apr-03 18:25:03.0000,69.185634,-146060844.4914376,-33299829.45018402,-14446040.86610585,7.037268316188002,-27.01746815976256,-13.51558068769019,2026-04-03T18:23:53.814432
2461134.268090278, A.D. 2026-Apr-03 18:26:03.0000,69.185634,-146060420.366215,-33301448.76295325,-14446851.30780702,7.100230765151754,-26.95991282595388,-13.49844648917013,2026-04-03T18:24:53.814388
2461134.268784722, A.D. 2026-Apr-03 18:27:03.0000,69.185634,-146059992.4699502,-33303064.6630502,-14447660.59037504,7.162935626840715,-26.90372374674149,-13.47694777310268,2026-04-03T18:25:53.814344
2461134.269479167, A.D. 2026-Apr-03 18:28:03.0000,69.185634,-146059560.8235396,-33304677.23691652,-14448468.45429365,7.225203704848077,-26.84904928694018,-13.45116690871692,2026-04-03T18:26:53.814421
2461134.270173611, A.D. 2026-Apr-03 18:29:03.0000,69.185634,-146059125.4580768,-33306286.57978645,-14449274.64548233,7.286875376164877,-26.79603468389996,-13.42119934433466,2026-04-03T18:27:53.814377
2461134.270868056, A.D. 2026-Apr-03 18:30:03.0000,69.185634,-146058686.4138827,-33307892.7955672,-14450078.91558199,7.347798617304962,-26.74482320814354,-13.38713979233998,2026-04-03T18:28:53.814414
2461134.2715625, A.D. 2026-Apr-03 18:31:03.0000,69.185634,-146058243.7406341,-33309495.99659036,-14450881.02198736,7.407812965943143,-26.69555205918078,-13.34908667099056,2026-04-03T18:29:53.814370
2461134.272256944, A.D. 2026-Apr-03 18:32:03.0000,69.185634,-146057797.4978669,-33311096.3033191,-14451680.72831086,7.466750437195007,-26.64835625541556,-13.30715185392149,2026-04-03T18:30:53.814326
2461134.272951389, A.D. 2026-Apr-03 18:33:03.0000,69.185634,-146057347.7551859,-33312693.84400333,-14452477.80577487,7.524448183638863,-26.60335545608186,-13.26147631883895,2026-04-03T18:31:53.814403
2461134.273645833, A.D. 2026-Apr-03 18:34:03.0000,69.185634,-146056894.5912743,-33314288.75335876,-14453272.03420097,7.580765243559007,-26.56064960091219,-13.21219978543671,2026-04-03T18:32:53.814359
2461134.274340278, A.D. 2026-Apr-03 18:35:03.0000,69.185634,-146056438.0931349,-33315881.17216061,-14454063.20147521,7.635561410629286,-26.52034304869407,-13.15945530178584,2026-04-03T18:33:53.814396
2461134.275034722, A.D. 2026-Apr-03 18:36:03.0000,69.185634,-146055978.3563677,-33317471.2474301,-14454851.10389099,7.688692766982229,-26.48253533760776,-13.10339089519099,2026-04-03T18:34:53.814352
2461134.275729167, A.D. 2026-Apr-03 18:37:03.0000,69.185634,-146055515.4849899,-33319059.13178454,-14455635.5468183,7.740022406260209,-26.44731668355559,-13.0441596806225,2026-04-03T18:35:53.814389
2461134.276423611, A.D. 2026-Apr-03 18:38:03.0000,69.185634,-146055049.5911386,-33320644.98328439,-14456416.34512309,7.789417142166091,-26.41477685567436,-12.98192718820807,2026-04-03T18:36:53.814385
2461134.277118056, A.D. 2026-Apr-03 18:39:03.0000,69.185634,-146054580.7946297,-33322228.96508049,-14457193.32396819,7.836755033684287,-26.38499524766643,-12.91686837795655,2026-04-03T18:37:53.814422
2461134.2778125, A.D. 2026-Apr-03 18:40:03.0000,69.185634,-146054109.2223155,-33323811.24483254,-14457966.31893034,7.881922028519482,-26.35804389522594,-12.84915478417919,2026-04-03T18:38:53.814378
2461134.278506944, A.D. 2026-Apr-03 18:41:03.0000,69.185634,-146053635.007819,-33325391.99447427,-14458735.17589276,7.924806062734582,-26.33399387150651,-12.77896044713476,2026-04-03T18:39:53.814334
2461134.279201389, A.D. 2026-Apr-03 18:42:03.0000,69.185634,-146053158.2914953,-33326971.39012556,-14459499.75149588,7.96529463923985,-26.31291211941744,-12.70647078765425,2026-04-03T18:40:53.814371
2461134.279895833, A.D. 2026-Apr-03 18:43:03.0000,69.185634,-146052679.2203695,-33328549.61158394,-14460259.91390916,8.003279590759597,-26.29485346078376,-12.63188390365663,2026-04-03T18:41:53.814367
2461134.280590278, A.D. 2026-Apr-03 18:44:03.0000,69.185634,-146052197.947617,-33330126.84151376,-14461015.54332809,8.038664279835938,-26.27985928225367,-12.55540067723667,2026-04-03T18:42:53.814404
2461134.281284722, A.D. 2026-Apr-03 18:45:03.0000,69.185634,-146051714.6319439,-33331703.26482635,-14461766.53194874,8.07136022054997,-26.26796426224636,-12.47722101012349,2026-04-03T18:43:53.814360
2461134.281979166, A.D. 2026-Apr-03 18:46:03.0000,69.185634,-146051229.4371918,-33333279.06838563,-14462512.78404048,8.101284491696502,-26.25919840985268,-12.39754748747944,2026-04-03T18:44:53.814316
2461134.282673611, A.D. 2026-Apr-03 18:47:03.0000,69.185634,-146050742.5320332,-33334854.44068488,-14463254.21615133,8.128359152920398,-26.25358577254649,-12.31658738029701,2026-04-03T18:45:53.814353
2461134.283368056, A.D. 2026-Apr-03 18:48:03.0000,69.185634,-146050254.0896051,-33336429.57138189,-14463990.7573935,8.15251378792765,-26.25114112173443,-12.23455142644554,2026-04-03T18:46:53.814430
2461134.2840625, A.D. 2026-Apr-03 18:49:03.0000,69.185634,-146049764.2870539,-33338004.65082761,-14464722.34953236,8.173684673127543,-26.25187323701386,-12.15165078821696,2026-04-03T18:47:53.814386
2461134.284756945, A.D. 2026-Apr-03 18:50:03.0000,69.185634,-146049273.3051787,-33339579.86973761,-14465448.94708521,8.191813899274099,-26.25578522613163,-12.06809944226413,2026-04-03T18:48:53.814423
2461134.285451389, A.D. 2026-Apr-03 18:51:03.0000,69.185634,-146048781.3281231,-33341155.4188093,-14466170.51746674,8.206846836542093,-26.26287345331686,-11.98411372575175,2026-04-03T18:49:53.814379
2461134.286145833, A.D. 2026-Apr-03 18:52:03.0000,69.185634,-146048288.5432546,-33342731.48824391,-14466887.04133381,8.218732844849148,-26.27312361678377,-11.89991968280737,2026-04-03T18:50:53.814335
2461134.286840278, A.D. 2026-Apr-03 18:53:03.0000,69.185634,-146047795.1404298,-33344308.26699603,-14467598.51294895,8.227440417896359,-26.28651053498357,-11.81574054817439,2026-04-03T18:51:53.814412
2461134.287534722, A.D. 2026-Apr-03 18:54:03.0000,69.185634,-146047301.3111421,-33345885.94257524,-14468304.93964608,8.232942489044783,-26.30301163542737,-11.73179242631976,2026-04-03T18:52:53.814368
2461134.288229167, A.D. 2026-Apr-03 18:55:03.0000,69.185634,-146046807.2485917,-33347464.7008434,-14469006.34206638,8.23521193566102,-26.32259083227047,-11.6483027493167,2026-04-03T18:53:53.814405
2461134.288923611, A.D. 2026-Apr-03 18:56:03.0000,69.185634,-146046313.1471941,-33349044.72498408,-14469702.75444847,8.234236243888265,-26.3451987247233,-11.56549449656871,2026-04-03T18:54:53.814361
2461134.289618055, A.D. 2026-Apr-03 18:57:03.0000,69.185634,-146045819.2017903,-33350626.19531496,-14470394.22426677,8.230011954623981,-26.37078884796937,-11.48358885105589,2026-04-03T18:55:53.814317
2461134.2903125, A.D. 2026-Apr-03 18:58:03.0000,69.185634,-146045325.6072723,-33352209.28913717,-14471080.81248298,8.222541243455858,-26.39930541820588,-11.40281320449101,2026-04-03T18:56:53.814394
2461134.291006945, A.D. 2026-Apr-03 18:59:03.0000,69.185634,-146044832.558209,-33353794.18003215,-14471762.59366857,8.2118324996749,-26.43067987997319,-11.32339276484347,2026-04-03T18:57:53.814431
2461134.291701389, A.D. 2026-Apr-03 19:00:03.0000,69.185634,-146044340.2484831,-33355381.03709595,-14472439.65576933,8.197900772385903,-26.46483233487192,-11.24554817590203,2026-04-03T18:58:53.814387
2461134.292395833, A.D. 2026-Apr-03 19:01:03.0000,69.185634,-146043848.8707519,-33356970.02447553,-14473112.09981691,8.180772265457156,-26.50167906515391,-11.16949538689716,2026-04-03T18:59:53.814343
2461134.293090278, A.D. 2026-Apr-03 19:02:03.0000,69.185634,-146043358.6157615,-33358561.30120538,-14473780.03986703,8.160484684234065,-26.54113106519713,-11.09545374122799,2026-04-03T19:00:53.814380
2461134.293784722, A.D. 2026-Apr-03 19:03:03.0000,69.185634,-146042869.6715961,-33360155.0204937,-14474443.60304332,8.137088672204126,-26.58308367115232,-11.02363532267735,2026-04-03T19:01:53.814376
2461134.294479167, A.D. 2026-Apr-03 19:04:03.0000,69.185634,-146042382.2230999,-33361751.3292324,-14475102.9286558,8.11063991275093,-26.62743406440906,-10.95423669094869,2026-04-03T19:02:53.814413
2461134.295173611, A.D. 2026-Apr-03 19:05:03.0000,69.185634,-146041896.4517741,-33363350.36818737,-14475758.16790233,8.081195338942992,-26.67407706731152,-10.88746077597921,2026-04-03T19:03:53.814369
2461134.295868055, A.D. 2026-Apr-03 19:06:03.0000,69.185634,-146041412.5352837,-33364952.27126557,-14476409.48432965,8.048827374464562,-26.7228890589636,-10.82351126246276,2026-04-03T19:04:53.814325
2461134.2965625, A.D. 2026-Apr-03 19:07:03.0000,69.185634,-146040930.646621,-33366557.16471046,-14477057.05315834,8.013616685874998,-26.77374117559654,-10.76257394538831,2026-04-03T19:05:53.814362
2461134.297256944, A.D. 2026-Apr-03 19:08:03.0000,69.185634,-146040450.9539195,-33368165.167031,-14477701.06053771,7.975645456432286,-26.82650311626886,-10.70482993830577,2026-04-03T19:06:53.814318
2461134.297951389, A.D. 2026-Apr-03 19:09:03.0000,69.185634,-146039973.6201178,-33369776.38867388,-14478341.70348507,7.935005604959354,-26.88103569460683,-10.65045929909378,2026-04-03T19:07:53.814395
2461134.298645834, A.D. 2026-Apr-03 19:10:03.0000,69.185634,-146039498.8022777,-33371390.9314681,-14478979.18963007,7.891800958538769,-26.93719148993621,-10.59963484614775,2026-04-03T19:08:53.814432
2461134.299340278, A.D. 2026-Apr-03 19:11:03.0000,69.185634,-146039026.6509596,-33373008.88824645,-14479613.73667377,7.846143562840087,-26.99481837169127,-10.55251964539777,2026-04-03T19:09:53.814388
2461134.300034722, A.D. 2026-Apr-03 19:12:03.0000,69.185634,-146038557.3097927,-33374630.34249203,-14480245.57188383,7.798153525865973,-27.05375525668483,-10.50926894206387,2026-04-03T19:10:53.814344
2461134.300729167, A.D. 2026-Apr-03 19:13:03.0000,69.185634,-146038090.9148609,-33376255.36776638,-14480874.93130997,7.747960487951338,-27.11383563701246,-10.47001916844952,2026-04-03T19:11:53.814421
2461134.301423611, A.D. 2026-Apr-03 19:14:03.0000,69.185634,-146037627.5944646,-33377884.02780189,-14481502.05888917,7.695694433272276,-27.17489744976417,-10.43490066504799,2026-04-03T19:12:53.814377
2461134.302118056, A.D. 2026-Apr-03 19:15:03.0000,69.185634,-146037167.4687771,-33379516.37641708,-14482127.20648376,7.641499210719084,-27.23676933357114,-10.40404451049845,2026-04-03T19:13:53.814414
2461134.3028125, A.D. 2026-Apr-03 19:16:03.0000,69.185634,-146036710.6489129,-33381152.45674634,-14482750.6331664,7.58552894238187,-27.29926981465649,-10.37755725102869,2026-04-03T19:14:53.814370
2461134.303506944, A.D. 2026-Apr-03 19:17:03.0000,69.185634,-146036257.2369126,-33382792.30122387,-14483372.60390263,7.527932350829425,-27.3622241753107,-10.35553395690047,2026-04-03T19:15:53.814326
2461134.304201389, A.D. 2026-Apr-03 19:18:03.0000,69.185634,-146035807.3256529,-33384435.93177391,-14483993.3894418,7.468869317913262,-27.42545370478639,-10.33807065687671,2026-04-03T19:16:53.814403
2461134.304895833, A.D. 2026-Apr-03 19:19:03.0000,69.185634,-146035360.9979218,-33386083.35917053,-14484613.26585438,7.408514417922425,-27.48876621578149,-10.32524531385011,2026-04-03T19:17:53.814359
2461134.305590278, A.D. 2026-Apr-03 19:20:03.0000,69.185634,-146034918.3259798,-33387734.58263709,-14485232.51320466,7.347042437437048,-27.55197154565812,-10.31711584768018,2026-04-03T19:18:53.814396
2461134.306284722, A.D. 2026-Apr-03 19:21:03.0000,69.185634,-146034479.3715612,-33389389.59013266,-14485851.41477623,7.284631006298209,-27.61488235791587,-10.31373208619172,2026-04-03T19:19:53.814352
2461134.306979167, A.D. 2026-Apr-03 19:22:03.0000,69.185634,-146034044.1854192,-33391048.35822583,-14486470.25649658,7.221469008133711,-27.67730679562665,-10.31513047302076,2026-04-03T19:20:53.814389
2461134.307673611, A.D. 2026-Apr-03 19:23:03.0000,69.185634,-146033612.8067323,-33392710.85195748,-14487089.32594031,7.157752641325946,-27.73905181970987,-10.32132922236665,2026-04-03T19:21:53.814385
2461134.308368056, A.D. 2026-Apr-03 19:24:03.0000,69.185634,-146033185.2628505,-33394377.02473386,-14487708.91108963,7.093677690155046,-27.79992401757102,-10.3323237720922,2026-04-03T19:22:53.814422
2461134.3090625, A.D. 2026-Apr-03 19:25:03.0000,69.185634,-146032761.569597,-33396046.81845997,-14488329.29922498,7.029433696062044,-27.85973282453106,-10.34809772767565,2026-04-03T19:23:53.814378
2461134.309756944, A.D. 2026-Apr-03 19:26:03.0000,69.185634,-146032341.7312313,-33397720.16357922,-14488950.77638641,6.965218756550967,-27.91828668782866,-10.36862347938964,2026-04-03T19:24:53.814334
2461134.310451389, A.D. 2026-Apr-03 19:27:03.0000,69.185634,-146031925.7399311,-33399396.97919993,-14489573.62626833,6.901234654442328,-27.97540108250411,-10.39385062439113,2026-04-03T19:25:53.814371
2461134.311145833, A.D. 2026-Apr-03 19:28:03.0000,69.185634,-146031513.5759626,-33401077.17364781,-14490198.1291381,6.837676900038642,-28.03089949122909,-10.42371746398479,2026-04-03T19:26:53.814367
2461134.311840278, A.D. 2026-Apr-03 19:29:03.0000,69.185634,-146031105.207908,-33402760.6447109,-14490824.56118564,6.774739358099553,-28.08460775174727,-10.45814790767069,2026-04-03T19:27:53.814404
2461134.312534722, A.D. 2026-Apr-03 19:30:03.0000,69.185634,-146030700.5928361,-33404447.27988894,-14491453.19357427,6.712613018137414,-28.13635588296103,-10.49705109613613,2026-04-03T19:28:53.814360
2461134.313229166, A.D. 2026-Apr-03 19:31:03.0000,69.185634,-146030299.6762868,-33406136.95653869,-14492084.29128925,6.651487649074441,-28.18597975008507,-10.54030932069281,2026-04-03T19:29:53.814316
2461134.313923611, A.D. 2026-Apr-03 19:32:03.0000,69.185634,-146029902.393195,-33407829.54297597,-14492718.11215807,6.591528692851978,-28.23333930136069,-10.58781440599249,2026-04-03T19:30:53.814353
2461134.314618056, A.D. 2026-Apr-03 19:33:03.0000,69.185634,-146029508.6680517,-33409524.8986902,-14493354.90853342,6.532928682416914,-28.27827276266293,-10.63948180125057,2026-04-03T19:31:53.814430
2461134.3153125, A.D. 2026-Apr-03 19:34:03.0000,69.185634,-146029118.4125136,-33411222.87260151,-14493994.92632884,6.475914920959417,-28.32059743885189,-10.69517027745322,2026-04-03T19:32:53.814386
2461134.316006945, A.D. 2026-Apr-03 19:35:03.0000,69.185634,-146028731.5251296,-33412923.30342786,-14494638.40114192,6.420691207273158,-28.36016066791454,-10.75468899567263,2026-04-03T19:33:53.814423
2461134.316701389, A.D. 2026-Apr-03 19:36:03.0000,69.185634,-146028347.8928235,-33414626.0215227,-14495285.55705772,6.367446708531785,-28.39683129929779,-10.81784669573673,2026-04-03T19:34:53.814379
2461134.317395833, A.D. 2026-Apr-03 19:37:03.0000,69.185634,-146027967.3910958,-33416330.84954018,-14495936.60623694,6.316371124984288,-28.43048466651799,-10.88443111539573,2026-04-03T19:35:53.814335
2461134.318090278, A.D. 2026-Apr-03 19:38:03.0000,69.185634,-146027589.8846962,-33418037.6032115,-14496591.74719662,6.267629434830353,-28.46101644273439,-10.95420391814584,2026-04-03T19:36:53.814412
2461134.318784722, A.D. 2026-Apr-03 19:39:03.0000,69.185634,-146027215.2294784,-33419746.09268361,-14497251.16413847,6.22135456119099,-28.4883430016501,-11.0269331999655,2026-04-03T19:37:53.814368
2461134.319479167, A.D. 2026-Apr-03 19:40:03.0000,69.185634,-146026843.2734997,-33421456.12326275,-14497915.02814144,6.177679966584058,-28.51238572860045,-11.10240835764799,2026-04-03T19:38:53.814405
2461134.320173611, A.D. 2026-Apr-03 19:41:03.0000,69.185634,-146026473.8565832,-33423167.49580128,-14498583.4975387,6.136743949670729,-28.53307237833554,-11.18041364494841,2026-04-03T19:39:53.814361
2461134.320868055, A.D. 2026-Apr-03 19:42:03.0000,69.185634,-146026106.8104886,-33424880.00669181,-14499256.71711041,6.098674170123478,-28.55032933139467,-11.26071192836547,2026-04-03T19:40:53.814317
2461134.3215625, A.D. 2026-Apr-03 19:43:03.0000,69.185634,-146025741.9596314,-33426593.44823408,-14499934.8171656,6.063591165296884,-28.56409355663876,-11.34305962375491,2026-04-03T19:41:53.814394
2461134.322256945, A.D. 2026-Apr-03 19:44:03.0000,69.185634,-146025379.1210732,-33428307.60917817,-14500617.91306098,6.03161976836448,-28.57430963162435,-11.42719817484985,2026-04-03T19:42:53.814431
2461134.322951389, A.D. 2026-Apr-03 19:45:03.0000,69.185634,-146025018.1046171,-33430022.27557984,-14501306.10374836,6.002871939280953,-28.58094843554955,-11.51284202195928,2026-04-03T19:43:53.814387
2461134.323645833, A.D. 2026-Apr-03 19:46:03.0000,69.185634,-146024658.714207,-33431737.23273955,-14501999.47115082,5.977431744889777,-28.58400834203755,-11.59971512624552,2026-04-03T19:44:53.814343
2461134.324340278, A.D. 2026-Apr-03 19:47:03.0000,69.185634,-146024300.7491476,-33433452.26583384,-14502698.08118058,5.955373963706481,-28.58348464178928,-11.68755534884581,2026-04-03T19:45:53.814380
2461134.325034722, A.D. 2026-Apr-03 19:48:03.0000,69.185634,-146023944.0043109,-33435167.15978178,-14503401.98370877,5.936768794054393,-28.57937627213927,-11.77608811200714,2026-04-03T19:46:53.814376
2461134.325729167, A.D. 2026-Apr-03 19:49:03.0000,69.185634,-146023588.2708381,-33436881.69978271,-14504111.2118284,5.921670974642836,-28.57169404655768,-11.86503059636285,2026-04-03T19:47:53.814413
2461134.326423611, A.D. 2026-Apr-03 19:50:03.0000,69.185634,-146023233.3368573,-33438595.67221458,-14504825.78159939,5.910126427140184,-28.56046719610456,-11.95409902629378,2026-04-03T19:48:53.814369
2461134.327118055, A.D. 2026-Apr-03 19:51:03.0000,69.185634,-146022878.9880775,-33440308.8655562,-14505545.69214785,5.902168764189948,-28.5457342224362,-12.04301067691558,2026-04-03T19:49:53.814325
2461134.3278125, A.D. 2026-Apr-03 19:52:03.0000,69.185634,-146022525.0087644,-33442021.07094969,-14506270.92546164,5.897812845669139,-28.52754758335107,-12.13147940592114,2026-04-03T19:50:53.814362
2461134.328506944, A.D. 2026-Apr-03 19:53:03.0000,69.185634,-146022171.1826479,-33443732.08317398,-14507001.44651891,5.89706180112217,-28.50597603181681,-12.2192247925417,2026-04-03T19:51:53.814318
2461134.329201389, A.D. 2026-Apr-03 19:54:03.0000,69.185634,-146021817.2936384,-33445441.70156394,-14507737.20387781,5.899906844139651,-28.48110027694102,-12.30598022855738,2026-04-03T19:52:53.814395
2461134.329895834, A.D. 2026-Apr-03 19:55:03.0000,69.185634,-146021463.1264782,-33447149.7303987,-14508478.13027686,5.906330009100399,-28.4530052129908,-12.39148275710125,2026-04-03T19:53:53.814432
2461134.330590278, A.D. 2026-Apr-03 19:56:03.0000,69.185634,-146021108.4672839,-33448855.97934466,-14509224.14258208,5.916301831238306,-28.42178614641285,-12.4754670953872,2026-04-03T19:54:53.814388
2461134.331284722, A.D. 2026-Apr-03 19:57:03.0000,69.185634,-146020753.1043845,-33450560.26419054,-14509975.14191599,5.92977782248096,-28.38755120507923,-12.55767493266442,2026-04-03T19:55:53.814344
2461134.331979167, A.D. 2026-Apr-03 19:58:03.0000,69.185634,-146020396.8291754,-33452262.40746045,-14510731.01402672,5.946701374883404,-28.35042005263852,-12.63785070903117,2026-04-03T19:56:53.814421
2461134.332673611, A.D. 2026-Apr-03 19:59:03.0000,69.185634,-146020039.4367087,-33453962.23972711,-14511491.62998457,5.967008489050638,-28.31053683371952,-12.71576892343693,2026-04-03T19:57:53.814377
2461134.333368056, A.D. 2026-Apr-03 20:00:03.0000,69.185634,-146019680.7259405,-33455659.59959237,-14512256.84833409,5.990632430767663,-28.26801876559013,-12.79122689124082,2026-04-03T19:58:53.814414
2461134.3340625, A.D. 2026-Apr-03 20:01:03.0000,69.185634,-146019320.5001627,-33457354.33229603,-14513026.51468142,6.017493402903273,-28.22298227363731,-12.86399508822157,2026-04-03T19:59:53.814370
2461134.334756944, A.D. 2026-Apr-03 20:02:03.0000,69.185634,-146018958.567848,-33459046.29125312,-14513800.46083696,6.047499584003116,-28.1755815289129,-12.93384990432867,2026-04-03T20:00:53.814326
2461134.335451389, A.D. 2026-Apr-03 20:03:03.0000,69.185634,-146018594.7434733,-33460735.33946832,-14514578.50584593,6.080541845066918,-28.1259767585906,-13.00058973057772,2026-04-03T20:01:53.814403
2461134.336145833, A.D. 2026-Apr-03 20:04:03.0000,69.185634,-146018228.8482715,-33462421.34944482,-14515360.45732883,6.116507621614934,-28.07432553403947,-13.06403402437502,2026-04-03T20:02:53.814359
2461134.336840278, A.D. 2026-Apr-03 20:05:03.0000,69.185634,-146017860.7101691,-33464104.20323475,-14516146.11232602,6.155283603055295,-28.02079040275729,-13.12400814050604,2026-04-03T20:03:53.814396
2461134.337534722, A.D. 2026-Apr-03 20:06:03.0000,69.185634,-146017490.1644079,-33465783.79288154,-14516935.25755084,6.19673877177042,-27.96553983146253,-13.18034470129292,2026-04-03T20:04:53.814352
2461134.338229167, A.D. 2026-Apr-03 20:07:03.0000,69.185634,-146017117.0543412,-33467460.02068779,-14517727.67013017,6.240736113930154,-27.90874919046523,-13.23289326004675,2026-04-03T20:05:53.814389
2461134.338923611, A.D. 2026-Apr-03 20:08:03.0000,69.185634,-146016741.2315532,-33469132.79959506,-14518523.11881186,6.287137739653561,-27.85059562126334,-13.28152407560883,2026-04-03T20:06:53.814385
2461134.339618056, A.D. 2026-Apr-03 20:09:03.0000,69.185634,-146016362.5559974,-33470802.05294561,-14519321.36501285,6.335802691495795,-27.79124769200552,-13.32611943643872,2026-04-03T20:07:53.814422
2461134.3403125, A.D. 2026-Apr-03 20:10:03.0000,69.185634,-146015980.8962914,-33472467.71423602,-14520122.16303157,6.386581674428458,-27.73087937373556,-13.36656157905672,2026-04-03T20:08:53.814378
2461134.341006944, A.D. 2026-Apr-03 20:11:03.0000,69.185634,-146015596.1302735,-33474129.72769173,-14520925.26054316,6.439317803239,-27.66967187810328,-13.40274845125205,2026-04-03T20:09:53.814334
2461134.341701389, A.D. 2026-Apr-03 20:12:03.0000,69.185634,-146015208.14532,-33475788.04843821,-14521730.39952867,6.493849840500583,-27.60780753434604,-13.4345915508902,2026-04-03T20:10:53.814371
2461134.342395833, A.D. 2026-Apr-03 20:13:03.0000,69.185634,-146014816.8386827,-33477442.64260244,-14522537.31703541,6.550010153953013,-27.54547151338004,-13.46201599721293,2026-04-03T20:11:53.814367
2461134.343090278, A.D. 2026-Apr-03 20:14:03.0000,69.185634,-146014422.117737,-33479093.48756821,-14523345.74616457,6.607629162399599,-27.48285321361739,-13.48496570675595,2026-04-03T20:12:53.814404
2461134.343784722, A.D. 2026-Apr-03 20:15:03.0000,69.185634,-146014023.9000906,-33480740.57194093,-14524155.41728357,6.666535463051902,-27.42013426751056,-13.50340464120394,2026-04-03T20:13:53.814360
2461134.344479166, A.D. 2026-Apr-03 20:16:03.0000,69.185634,-146013622.1136761,-33482383.89478438,-14524966.05892354,6.726557016316327,-27.35748383030268,-13.5173064992222,2026-04-03T20:14:53.814316
2461134.345173611, A.D. 2026-Apr-03 20:17:03.0000,69.185634,-146013216.6966333,-33484023.46530072,-14525777.39824617,6.787525642797504,-27.29507181426822,-13.52665154774671,2026-04-03T20:15:53.814353
2461134.345868056, A.D. 2026-Apr-03 20:18:03.0000,69.185634,-146012807.5972118,-33485659.30299113,-14526589.16139705,6.84927077423207,-27.23307291292352,-13.5314262072171,2026-04-03T20:16:53.814430
2461134.3465625, A.D. 2026-Apr-03 20:19:03.0000,69.185634,-146012394.7742023,-33487291.43810596,-14527401.07417971,6.911611821887653,-27.17166834915583,-13.53163626822234,2026-04-03T20:17:53.814386
2461134.347256945, A.D. 2026-Apr-03 20:20:03.0000,69.185634,-146011978.1972014,-33488919.91135112,-14528212.86348823,6.974371825895567,-27.11102300225764,-13.5273081038881,2026-04-03T20:18:53.814423
2461134.347951389, A.D. 2026-Apr-03 20:21:03.0000,69.185634,-146011557.8462599,-33490544.77300618,-14529024.25780469,7.03737769813843,-27.0512957602663,-13.51846788662069,2026-04-03T20:19:53.814379
2461134.348645833, A.D. 2026-Apr-03 20:22:03.0000,69.185634,-146011133.7118567,-33492166.08317179,-14529834.98748495,7.100454886131618,-26.9926535365048,-13.50515532416272,2026-04-03T20:20:53.814335
2461134.349340278, A.D. 2026-Apr-03 20:23:03.0000,69.185634,-146010705.7948939,-33493783.91167596,-14530644.78579896,7.163430620394865,-26.93525154882884,-13.48742474851799,2026-04-03T20:21:53.814412
2461134.350034722, A.D. 2026-Apr-03 20:24:03.0000,69.185634,-146010274.1067615,-33495398.33740136,-14531453.38945043,7.226127146832321,-26.87923873235266,-13.46533831415626,2026-04-03T20:22:53.814368
2461134.350729167, A.D. 2026-Apr-03 20:25:03.0000,69.185634,-146009838.6695402,-33497009.448116,-14532260.53941902,7.28836831720073,-26.82476181798677,-13.43897667649549,2026-04-03T20:23:53.814405
2461134.351423611, A.D. 2026-Apr-03 20:26:03.0000,69.185634,-146009399.5155282,-33498617.34034949,-14533065.98194978,7.349990150447597,-26.77196714256007,-13.40843318665593,2026-04-03T20:24:53.814361
2461134.352118055, A.D. 2026-Apr-03 20:27:03.0000,69.185634,-146008956.6866352,-33500222.11935775,-14533869.46907354,7.410834322939261,-26.72099739322488,-13.37380652030129,2026-04-03T20:25:53.814317
2461134.3528125, A.D. 2026-Apr-03 20:28:03.0000,69.185634,-146008510.2343099,-33501823.89868855,-14534670.75883181,7.470740529437588,-26.67198712139837,-13.33519841286296,2026-04-03T20:26:53.814394
2461134.353506945, A.D. 2026-Apr-03 20:29:03.0000,69.185634,-146008060.219818,-33503422.79995763,-14535469.61566709,7.529541266734318,-26.6250712113413,-13.29272493741223,2026-04-03T20:27:53.814431
2461134.354201389, A.D. 2026-Apr-03 20:30:03.0000,69.185634,-146007606.7143832,-33505018.95246537,-14536265.81189659,7.587077503283137,-26.58036646440128,-13.24652972028575,2026-04-03T20:28:53.814387
2461134.354895833, A.D. 2026-Apr-03 20:31:03.0000,69.185634,-146007149.798074,-33506612.49189168,-14537059.12843313,7.643210817980655,-26.53797324020502,-13.19675102796541,2026-04-03T20:29:53.814343
2461134.355590278, A.D. 2026-Apr-03 20:32:03.0000,69.185634,-146006689.5592621,-33508203.56004459,-14537849.35427012,7.69779972351347,-26.49799612372847,-13.14352443646741,2026-04-03T20:30:53.814380
2461134.356284722, A.D. 2026-Apr-03 20:33:03.0000,69.185634,-146006226.0949222,-33509792.30485345,-14538636.28698197,7.750702224386318,-26.4605319531141,-13.08699993188871,2026-04-03T20:31:53.814376
2461134.356979167, A.D. 2026-Apr-03 20:34:03.0000,69.185634,-146005759.5102992,-33511378.87979844,-14539419.73325096,7.801783118940531,-26.42567154072935,-13.02733051023318,2026-04-03T20:32:53.814413
2461134.357673611, A.D. 2026-Apr-03 20:35:03.0000,69.185634,-146005289.9187233,-33512963.44380714,-14540199.50930344,7.850909260510669,-26.3935037491571,-12.96468337936818,2026-04-03T20:33:53.814369
2461134.358368055, A.D. 2026-Apr-03 20:36:03.0000,69.185634,-146004817.4411931,-33514546.16077446,-14540975.44173427,7.897958998492708,-26.36410518219278,-12.89923374594575,2026-04-03T20:34:53.814325
2461134.3590625, A.D. 2026-Apr-03 20:37:03.0000,69.185634,-146004342.2057315,-33516127.19899335,-14541747.36754875,7.942818368113253,-26.33754758542643,-12.8311535866336,2026-04-03T20:35:53.814362
2461134.359756944, A.D. 2026-Apr-03 20:38:03.0000,69.185634,-146003864.3471285,-33517706.73106678,-14542515.1341712,7.985375317784777,-26.31390253829021,-12.76062004057044,2026-04-03T20:36:53.814318
2461134.360451389, A.D. 2026-Apr-03 20:39:03.0000,69.185634,-146003384.006892,-33519284.93372487,-14543278.59998103,8.025518108380545,-26.29323461737351,-12.6878215513353,2026-04-03T20:37:53.814395
2461134.361145834, A.D. 2026-Apr-03 20:40:03.0000,69.185634,-146002901.3331156,-33520861.98720651,-14544037.63500131,8.063140421557549,-26.27559553752734,-12.61295678024979,2026-04-03T20:38:53.814432
2461134.361840278, A.D. 2026-Apr-03 20:41:03.0000,69.185634,-146002416.4799243,-33522438.0744682,-14544792.12126979,8.098147690976875,-26.2610255524722,-12.53622632425046,2026-04-03T20:39:53.814388
2461134.362534722, A.D. 2026-Apr-03 20:42:03.0000,69.185634,-146001929.6068637,-33524013.38069082,-14545541.95283888,8.130452800562555,-26.24955866844615,-12.45783057528516,2026-04-03T20:40:53.814344
2461134.363229167, A.D. 2026-Apr-03 20:43:03.0000,69.185634,-146001440.8785541,-33525588.09293148,-14546287.0358591,8.15997376607052,-26.241223744704,-12.37797271804541,2026-04-03T20:41:53.814421
2461134.363923611, A.D. 2026-Apr-03 20:44:03.0000,69.185634,-146000950.4643795,-33527162.3998136,-14547027.28880937,8.186634004546208,-26.23604336261983,-12.29686078053306,2026-04-03T20:42:53.814377
2461134.364618056, A.D. 2026-Apr-03 20:45:03.0000,69.185634,-146000458.5380943,-33528736.49103197,-14547762.64275562,8.210364622521999,-26.23403088633555,-12.21470546254088,2026-04-03T20:43:53.814414
2461134.3653125, A.D. 2026-Apr-03 20:46:03.0000,69.185634,-145999965.2773893,-33530310.55689601,-14548493.04141276,8.231102923311186,-26.23519400682451,-12.13171813567262,2026-04-03T20:44:53.814370
2461134.366006944, A.D. 2026-Apr-03 20:47:03.0000,69.185634,-145999470.8635388,-33531884.7880164,-14549218.44127496,8.248792305059972,-26.23953448053271,-12.04811324919464,2026-04-03T20:45:53.814326
2461134.366701389, A.D. 2026-Apr-03 20:48:03.0000,69.185634,-145998975.4810928,-33533459.3748871,-14549938.81175112,8.263379118759964,-26.24704708754498,-11.96410748392308,2026-04-03T20:46:53.814403
2461134.367395833, A.D. 2026-Apr-03 20:49:03.0000,69.185634,-145998479.3177465,-33535034.50741099,-14550654.13551543,8.274814588657115,-26.25771565405978,-11.87992672266376,2026-04-03T20:47:53.814359
2461134.368090278, A.D. 2026-Apr-03 20:50:03.0000,69.185634,-145997982.5635592,-33536610.37416795,-14551364.40878979,8.2830690017534,-26.27151488888608,-11.79579305818027,2026-04-03T20:48:53.814396
2461134.368784722, A.D. 2026-Apr-03 20:51:03.0000,69.185634,-145997485.4101677,-33538187.16228795,-14552069.64087224,8.288115888857567,-26.28842117714222,-11.71192394947384,2026-04-03T20:49:53.814352
2461134.369479167, A.D. 2026-Apr-03 20:52:03.0000,69.185634,-145996988.0508393,-33539765.05712185,-14552769.85442397,8.289930092223493,-26.30839580736529,-11.62854654956963,2026-04-03T20:50:53.814389
2461134.370173611, A.D. 2026-Apr-03 20:53:03.0000,69.185634,-145996490.6799348,-33541344.24125301,-14553465.08562911,8.288500787460142,-26.3313891359001,-11.54588241208615,2026-04-03T20:51:53.814385
2461134.370868056, A.D. 2026-Apr-03 20:54:03.0000,69.185634,-145995993.4921675,-33542924.89437502,-14554155.38388083,8.283825651812414,-26.35735381145088,-11.4641531686647,2026-04-03T20:52:53.814422
2461134.3715625, A.D. 2026-Apr-03 20:55:03.0000,69.185634,-145995496.6822177,-33544507.19309266,-14554840.8120684,8.275908222297174,-26.38623222197402,-11.38358543574574,2026-04-03T20:53:53.814378
2461134.372256944, A.D. 2026-Apr-03 20:56:03.0000,69.185634,-145995000.4443735,-33546091.31017567,-14555521.44661251,8.264758090447396,-26.41795476423525,-11.30440330956202,2026-04-03T20:54:53.814334
2461134.372951389, A.D. 2026-Apr-03 20:57:03.0000,69.185634,-145994504.97216,-33547677.41387091,-14556197.37726817,8.250391678993237,-26.45244048600012,-11.2268268529095,2026-04-03T20:55:53.814371
2461134.373645833, A.D. 2026-Apr-03 20:58:03.0000,69.185634,-145994010.4577793,-33549265.66741431,-14556868.7068242,8.232836792945214,-26.48960484277531,-11.15107093208886,2026-04-03T20:56:53.814367
2461134.374340278, A.D. 2026-Apr-03 20:59:03.0000,69.185634,-145993517.0914371,-33550856.22885527,-14557535.55103962,8.212132732681056,-26.52935726438373,-11.07735410450411,2026-04-03T20:57:53.814404
2461134.375034722, A.D. 2026-Apr-03 21:00:03.0000,69.185634,-145993025.0605735,-33552449.25033439,-14558198.03865265,8.188331588238132,-26.57159218299061,-11.00588617550357,2026-04-03T20:58:53.814360
2461134.375729166, A.D. 2026-Apr-03 21:01:03.0000,69.185634,-145992534.54935,-33554044.87765461,-14558856.31045014,8.161488855211122,-26.61620664700823,-10.9368619330244,2026-04-03T20:59:53.814316
2461134.376423611, A.D. 2026-Apr-03 21:02:03.0000,69.185634,-145992045.7385791,-33555643.25046269,-14559510.51907004,8.131662675298696,-26.66309432004272,-10.870484407201,2026-04-03T21:00:53.814353
2461134.377118056, A.D. 2026-Apr-03 21:03:03.0000,69.185634,-145991558.8051086,-33557244.50147344,-14560160.82943304,8.09892769240901,-26.71213135583974,-10.80695499130963,2026-04-03T21:01:53.814430
2461134.3778125, A.D. 2026-Apr-03 21:04:03.0000,69.185634,-145991073.9210505,-33558848.75576349,-14560807.41801439,8.063364504393931,-26.76318868369189,-10.74645807946361,2026-04-03T21:02:53.814386
2461134.378506945, A.D. 2026-Apr-03 21:05:03.0000,69.185634,-145990591.2536593,-33560456.13061664,-14561450.47217194,8.025055814046212,-26.81613479785695,-10.68917436497779,2026-04-03T21:03:53.814423
2461134.379201389, A.D. 2026-Apr-03 21:06:03.0000,69.185634,-145990110.964928,-33562066.73518601,-14562090.19007511,7.98409514689723,-26.87082981799346,-10.63528246748261,2026-04-03T21:04:53.814379
2461134.379895833, A.D. 2026-Apr-03 21:07:03.0000,69.185634,-145989633.2108648,-33563680.67000897,-14562726.78040519,7.940587991684342,-26.92712671219817,-10.58495325713117,2026-04-03T21:05:53.814335
2461134.380590278, A.D. 2026-Apr-03 21:08:03.0000,69.185634,-145989158.1409195,-33565298.0266505,-14563360.46180066,7.894646532551084,-26.98487360678532,-10.53834832452225,2026-04-03T21:06:53.814412
2461134.381284722, A.D. 2026-Apr-03 21:09:03.0000,69.185634,-145988685.8975982,-33566918.88727599,-14563991.4624077,7.846391819262106,-27.04390750883737,-10.49562183975689,2026-04-03T21:07:53.814368
2461134.381979167, A.D. 2026-Apr-03 21:10:03.0000,69.185634,-145988216.6157913,-33568543.32405835,-14564620.01904286,7.795954138594977,-27.10406183866381,-10.45690799645284,2026-04-03T21:08:53.814405
2461134.382673611, A.D. 2026-Apr-03 21:11:03.0000,69.185634,-145987750.4225928,-33570171.39935616,-14565246.37629872,7.743463763476098,-27.16517506014339,-10.42233544977085,2026-04-03T21:09:53.814361
2461134.383368055, A.D. 2026-Apr-03 21:12:03.0000,69.185634,-145987287.4369502,-33571803.16564523,-14565870.78656449,7.689064721821866,-27.22707616182963,-10.39203279658754,2026-04-03T21:10:53.814317
2461134.3840625, A.D. 2026-Apr-03 21:13:03.0000,69.185634,-145986827.7687306,-33573438.66477033,-14566493.5093249,7.632911739653693,-27.28958481825598,-10.36610561170188,2026-04-03T21:11:53.814394
2461134.384756945, A.D. 2026-Apr-03 21:14:03.0000,69.185634,-145986371.5186783,-33575077.92787386,-14567114.80993351,7.57515456384606,-27.35252504225736,-10.3446483659266,2026-04-03T21:12:53.814431
2461134.385451389, A.D. 2026-Apr-03 21:15:03.0000,69.185634,-145985918.7783587,-33576720.97548353,-14567734.95941564,7.515952391461303,-27.41571647065102,-10.32775426829234,2026-04-03T21:13:53.814387
2461134.386145833, A.D. 2026-Apr-03 21:16:03.0000,69.185634,-145985469.6292543,-33578367.81698985,-14568354.23396699,7.455480641471799,-27.47896945396808,-10.31549954620777,2026-04-03T21:14:53.814343
2461134.386840278, A.D. 2026-Apr-03 21:17:03.0000,69.185634,-145985024.1422575,-33580018.45038991,-14568972.91372263,7.393914889018235,-27.5420949462628,-10.30794140189811,2026-04-03T21:15:53.814380
2461134.387534722, A.D. 2026-Apr-03 21:18:03.0000,69.185634,-145984582.3777266,-33581672.86236887,-14569591.28194768,7.331432583096507,-27.60490381833663,-10.30512741389951,2026-04-03T21:16:53.814376
2461134.388229167, A.D. 2026-Apr-03 21:19:03.0000,69.185634,-145984144.3850387,-33583331.02818702,-14570209.62438288,7.268222449065976,-27.66720507918584,-10.30709104479262,2026-04-03T21:17:53.814413
2461134.388923611, A.D. 2026-Apr-03 21:20:03.0000,69.185634,-145983710.2020381,-33584992.91164454,-14570828.22828382,7.204479676571011,-27.72880695996417,-10.31384925147578,2026-04-03T21:18:53.814369
2461134.389618055, A.D. 2026-Apr-03 21:21:03.0000,69.185634,-145983279.8547895,-33586658.46498322,-14571447.38129083,7.1403997143882,-27.78951700684181,-10.32539788060342,2026-04-03T21:19:53.814325
2461134.3903125, A.D. 2026-Apr-03 21:22:03.0000,69.185634,-145982853.3577761,-33588327.62896165,-14572067.37036292,7.076174356460117,-27.84914416288888,-10.34171979000482,2026-04-03T21:20:53.814362
2461134.391006944, A.D. 2026-Apr-03 21:23:03.0000,69.185634,-145982430.7137899,-33590000.33289357,-14572688.4810746,7.012002702694974,-27.90749864578392,-10.36278425690847,2026-04-03T21:21:53.814318
2461134.391701389, A.D. 2026-Apr-03 21:24:03.0000,69.185634,-145982011.913593,-33591676.49490748,-14573310.99650097,6.948084007452,-27.96439909551434,-10.38853949337313,2026-04-03T21:22:53.814395
2461134.392395834, A.D. 2026-Apr-03 21:25:03.0000,69.185634,-145981596.9361692,-33593356.02246979,-14573935.19630901,6.884612814220912,-28.01966831464664,-10.41892436378436,2026-04-03T21:23:53.814432
2461134.393090278, A.D. 2026-Apr-03 21:26:03.0000,69.185634,-145981185.7488636,-33595038.81236739,-14574561.35602949,6.821781594254481,-28.07312898047333,-10.45386092933025,2026-04-03T21:24:53.814388
2461134.393784722, A.D. 2026-Apr-03 21:27:03.0000,69.185634,-145980778.3075854,-33596724.75087569,-14575189.74601706,6.759781001485232,-28.12460824325106,-10.4932548369235,2026-04-03T21:25:53.814344
2461134.394479167, A.D. 2026-Apr-03 21:28:03.0000,69.185634,-145980374.55669,-33598413.71420404,-14575820.63026775,6.698801044606931,-28.17394635641008,-10.53698711902893,2026-04-03T21:26:53.814421
2461134.395173611, A.D. 2026-Apr-03 21:29:03.0000,69.185634,-145979974.4299758,-33600105.56969525,-14576454.26565494,6.639005685956896,-28.22100402267903,-10.58495100347746,2026-04-03T21:27:53.814377
2461134.395868056, A.D. 2026-Apr-03 21:30:03.0000,69.185634,-145979577.8508439,-33601800.1758234,-14577090.90358593,6.580588010803885,-28.26561812365143,-10.63706009613482,2026-04-03T21:28:53.814414
2461134.3965625, A.D. 2026-Apr-03 21:31:03.0000,69.185634,-145979184.7297839,-33603497.38054032,-14577730.78883225,6.523776428723055,-28.30760897506658,-10.69316967185971,2026-04-03T21:29:53.814370
2461134.397256944, A.D. 2026-Apr-03 21:32:03.0000,69.185634,-145978794.9641602,-33605197.02177628,-14578374.15569234,6.468774191423294,-28.34682677160495,-10.75308704814679,2026-04-03T21:30:53.814326
2461134.397951389, A.D. 2026-Apr-03 21:33:03.0000,69.185634,-145978408.4397941,-33606898.92926972,-14579021.22690664,6.415768635040627,-28.38314240344199,-10.8166210265376,2026-04-03T21:31:53.814403
2461134.398645833, A.D. 2026-Apr-03 21:34:03.0000,69.185634,-145978025.0311891,-33608602.92513368,-14579672.21328259,6.364947863319249,-28.41643258928326,-10.8835592173399,2026-04-03T21:32:53.814359
2461134.399340278, A.D. 2026-Apr-03 21:35:03.0000,69.185634,-145977644.6021388,-33610308.82465282,-14580327.31200161,6.316477491666426,-28.44659483451509,-10.95366369663224,2026-04-03T21:33:53.814396
2461134.400034722, A.D. 2026-Apr-03 21:36:03.0000,69.185634,-145977267.0074244,-33612016.43770128,-14580986.70597846,6.270493386198539,-28.47354848631125,-11.0267036866942,2026-04-03T21:34:53.814352
2461134.400729167, A.D. 2026-Apr-03 21:37:03.0000,69.185634,-145976892.0939534,-33613725.56940416,-14581650.56495727,6.227126736462637,-28.49721607237695,-11.10246672072594,2026-04-03T21:35:53.814389
2461134.401423611, A.D. 2026-Apr-03 21:38:03.0000,69.185634,-145976519.7006537,-33615436.02041789,-14582319.04600721,6.186512406220438,-28.51752174979676,-11.18073940704972,2026-04-03T21:36:53.814385
2461134.402118056, A.D. 2026-Apr-03 21:39:03.0000,69.185634,-145976149.6584618,-33617147.58671365,-14582992.29255986,6.148778263168599,-28.5343909129431,-11.26128078692076,2026-04-03T21:37:53.814422
2461134.4028125, A.D. 2026-Apr-03 21:40:03.0000,69.185634,-145975781.7909452,-33618860.06021671,-14583670.43337867,6.11404478873423,-28.54776172634728,-11.3438444822353,2026-04-03T21:38:53.814378
2461134.403506944, A.D. 2026-Apr-03 21:41:03.0000,69.185634,-145975415.9143607,-33620573.22940041,-14584353.58216441,6.082435844502425,-28.55758076163406,-11.42817075564006,2026-04-03T21:39:53.814334
2461134.404201389, A.D. 2026-Apr-03 21:42:03.0000,69.185634,-145975051.8378222,-33622286.88021228,-14585041.83612394,6.05406022435346,-28.56382275621333,-11.51397356243298,2026-04-03T21:40:53.814371
2461134.404895833, A.D. 2026-Apr-03 21:43:03.0000,69.185634,-145974689.3647355,-33624000.79799189,-14585735.27557842,6.029001100227088,-28.56648597778065,-11.60098045264131,2026-04-03T21:41:53.814367
2461134.405590278, A.D. 2026-Apr-03 21:44:03.0000,69.185634,-145974328.2938608,-33625714.7678693,-14586433.96491745,6.00733346471308,-28.56556447826601,-11.68892859540733,2026-04-03T21:42:53.814404
2461134.406284722, A.D. 2026-Apr-03 21:45:03.0000,69.185634,-145973968.4195462,-33627428.57471474,-14587137.95241996,5.989126749718791,-28.56105751468608,-11.77754185785005,2026-04-03T21:43:53.814360
2461134.406979166, A.D. 2026-Apr-03 21:46:03.0000,69.185634,-145973609.5324545,-33629142.00371502,-14587847.26947618,5.974435110648008,-28.55297788486061,-11.86653579323877,2026-04-03T21:44:53.814316
2461134.407673611, A.D. 2026-Apr-03 21:47:03.0000,69.185634,-145973251.4202781,-33630854.8414026,-14588561.93041039,5.963303415649058,-28.54135682992677,-11.95562712662203,2026-04-03T21:45:53.814353
2461134.408368056, A.D. 2026-Apr-03 21:48:03.0000,69.185634,-145972893.86836,-33632566.876435,-14589281.93261959,5.955763914486009,-28.52623258085747,-12.04453200440972,2026-04-03T21:46:53.814430
2461134.4090625, A.D. 2026-Apr-03 21:49:03.0000,69.185634,-145972536.6607019,-33634277.90017901,-14590007.25629015,5.95182994082978,-28.50765945903215,-12.13296404629478,2026-04-03T21:47:53.814386
2461134.409756945, A.D. 2026-Apr-03 21:50:03.0000,69.185634,-145972179.5808413,-33635987.70776163,-14590737.86462541,5.951503433439304,-28.48570803038486,-12.22064378838738,2026-04-03T21:48:53.814423
2461134.410451389, A.D. 2026-Apr-03 21:51:03.0000,69.185634,-145971822.4125616,-33637696.09892097,-14591473.7044703,5.954774608043162,-28.4604592626051,-12.30730510906719,2026-04-03T21:49:53.814379
2461134.411145833, A.D. 2026-Apr-03 21:52:03.0000,69.185634,-145971464.9405282,-33639402.87837601,-14592214.70684685,5.961624799230382,-28.43199887792992,-12.39268454191976,2026-04-03T21:50:53.814335
2461134.411840278, A.D. 2026-Apr-03 21:53:03.0000,69.185634,-145971106.9508467,-33641107.85628846,-14592960.78686881,5.972023161976178,-28.40042353592363,-12.47651655991621,2026-04-03T21:51:53.814412
2461134.412534722, A.D. 2026-Apr-03 21:54:03.0000,69.185634,-145970748.2319255,-33642810.84902665,-14593711.84392793,5.985923554645113,-28.3658423047452,-12.5585438383398,2026-04-03T21:52:53.814368
2461134.413229167, A.D. 2026-Apr-03 21:55:03.0000,69.185634,-145970388.5753252,-33644511.67971827,-14594467.76209583,6.003268214285983,-28.32837524294187,-12.63851135646933,2026-04-03T21:53:53.814405
2461134.413923611, A.D. 2026-Apr-03 21:56:03.0000,69.185634,-145970027.7763121,-33646210.17960217,-14595228.41078951,6.023992373453281,-28.28816784652193,-12.71619362936795,2026-04-03T21:54:53.814361
2461134.414618055, A.D. 2026-Apr-03 21:57:03.0000,69.185634,-145969665.6341274,-33647906.18799633,-14595993.64689422,6.048028184584345,-28.24533783673937,-12.79138816453716,2026-04-03T21:55:53.814317
2461134.4153125, A.D. 2026-Apr-03 21:58:03.0000,69.185634,-145969301.9523845,-33649599.55091659,-14596763.31438935,6.075295685751128,-28.20000301797334,-12.86386623738869,2026-04-03T21:56:53.814394
2461134.416006945, A.D. 2026-Apr-03 21:59:03.0000,69.185634,-145968936.5399089,-33651290.12265582,-14597537.24346735,6.105700972044038,-28.15231932016347,-12.93340380580052,2026-04-03T21:57:53.814431
2461134.416701389, A.D. 2026-Apr-03 22:00:03.0000,69.185634,-145968569.2117283,-33652977.7671128,-14598315.25162656,6.139132439290269,-28.10244601415408,-12.99980217487474,2026-04-03T21:58:53.814387
2461134.417395833, A.D. 2026-Apr-03 22:01:03.0000,69.185634,-145968199.7896353,-33654662.3576735,-14599097.14505271,6.175478554832484,-28.0505419137601,-13.06288065641689,2026-04-03T21:59:53.814343
2461134.418090278, A.D. 2026-Apr-03 22:02:03.0000,69.185634,-145967828.1021414,-33656343.77743497,-14599882.71927351,6.214623247822263,-27.9967724339497,-13.12246341709389,2026-04-03T22:00:53.814380
2461134.418784722, A.D. 2026-Apr-03 22:03:03.0000,69.185634,-145967453.9852771,-33658021.91951311,-14600671.75956498,6.25643360632978,-27.94130458175604,-13.17838648434451,2026-04-03T22:01:53.814376
2461134.419479167, A.D. 2026-Apr-03 22:04:03.0000,69.185634,-145967077.2831977,-33659696.68721749,-14601464.04173961,6.300772490051556,-27.88431375588224,-13.23049935779252,2026-04-03T22:02:53.814413
2461134.420173611, A.D. 2026-Apr-03 22:05:03.0000,69.185634,-145966697.8483316,-33661367.99459274,-14602259.33322543,6.347501276850334,-27.82597977059793,-13.27867314951932,2026-04-03T22:03:53.814369
2461134.420868055, A.D. 2026-Apr-03 22:06:03.0000,69.185634,-145966315.5414884,-33663035.76621689,-14603057.39424417,6.396479431620037,-27.76647234093043,-13.32279285743273,2026-04-03T22:04:53.814325
2461134.4215625, A.D. 2026-Apr-03 22:07:03.0000,69.185634,-145965930.2321458,-33664699.93685086,-14603857.97800661,6.447556447547472,-27.70596575393775,-13.36274158453475,2026-04-03T22:05:53.814362
2461134.422256944, A.D. 2026-Apr-03 22:08:03.0000,69.185634,-145965541.7991104,-33666360.45199792,-14604660.83114759,6.500573625596437,-27.64464154265016,-13.39841817200596,2026-04-03T22:06:53.814318
2461134.422951389, A.D. 2026-Apr-03 22:09:03.0000,69.185634,-145965150.130826,-33668017.26808353,-14605465.69467319,6.55536819902521,-27.58268213431957,-13.42973560008346,2026-04-03T22:07:53.814395
2461134.423645834, A.D. 2026-Apr-03 22:10:03.0000,69.185634,-145964755.1256582,-33669670.35252886,-14606272.3047523,6.61177237107306,-27.52027250751939,-13.45661991943331,2026-04-03T22:08:53.814432
2461134.424340278, A.D. 2026-Apr-03 22:11:03.0000,69.185634,-145964356.6921803,-33671319.68404633,-14607080.39361411,6.669613525876916,-27.45760383233418,-13.47901550563097,2026-04-03T22:09:53.814388
2461134.425034722, A.D. 2026-Apr-03 22:12:03.0000,69.185634,-145963954.7493804,-33672965.25264976,-14607889.69090684,6.728718774791265,-27.39485752973778,-13.49689078867592,2026-04-03T22:10:53.814344
